INFO 2026-07-27 15:26:22.515 crashdiag - crashdiag: armed (hang watchdog 10.0s, minidump on)
INFO 2026-07-27 15:26:22.516 ENTRY - Prepare patches
INFO 2026-07-27 15:26:22.516 fileserver - Feature enabled
INFO 2026-07-27 15:26:22.516 physic - Feature enabled
INFO 2026-07-27 15:26:22.516 autobrakefix - Feature enabled
INFO 2026-07-27 15:26:22.516 objcontupgrade - Feature enabled
INFO 2026-07-27 15:26:22.518 wareuse - Feature enabled
INFO 2026-07-27 15:26:22.518 fastloading - Feature enabled
INFO 2026-07-27 15:26:22.518 cardan - Feature enabled
INFO 2026-07-27 15:26:22.518 tactics - Feature enabled
INFO 2026-07-27 15:26:22.518 tactics - Lock on player enabled
INFO 2026-07-27 15:26:22.519 schwarz - Feature enabled
INFO 2026-07-27 15:26:22.519 skinfix - Feature enabled
INFO 2026-07-27 15:26:22.519 fixcctl - Feature enabled
INFO 2026-07-27 15:26:22.519 locationdebug - Feature enabled
INFO 2026-07-27 15:26:22.519 mortarvolleylauncherfix - Feature enabled
INFO 2026-07-27 15:26:22.519 gunlights - Feature enabled
INFO 2026-07-27 15:26:22.519 bossmetalarm - Feature enabled
INFO 2026-07-27 15:26:22.519 testharness - Feature enabled
INFO 2026-07-27 15:26:22.519 testharness - Auto-load enabled, will load the most recent save once ProcessAllEvents first runs
INFO 2026-07-27 15:26:22.519 testharness - God mode enabled - will apply setGodMode/setImmortalMode(true) to the player vehicle as soon as it exists (bypasses cheats.lua's testcheat() computer-name gate)
INFO 2026-07-27 15:26:22.519 testharness - Perf monitor enabled - logging wall-clock fps/frame-time every 5.0s
INFO 2026-07-27 15:26:22.519 jolt - Feature enabled - initializing Jolt Physics
INFO 2026-07-27 15:26:22.521 jolt - Jolt: speculative contact distance = 0.0200 m
INFO 2026-07-27 15:26:22.521 jolt - Jolt Physics initialized (threads=15, maxBodies=262144)
INFO 2026-07-27 15:26:22.521 jolt - Jolt: static geometry export hooks installed (landscape heightfield + roads + static obstacles via gGlobalSpace walk)
INFO 2026-07-27 15:26:22.521 joltshadow - docs §39 SelfTest[1] flat: F=(0.0,2400.0,0.0) -> PASS
INFO 2026-07-27 15:26:22.521 joltshadow - docs §39 SelfTest[3] wall-climb: F=(0.0,4296.0,3600.0) fpar=-4295.99 -> PASS
INFO 2026-07-27 15:26:22.522 joltshadow - docs §39 SelfTest[4] classify: ground=0 obstacle=1 -> PASS
INFO 2026-07-27 15:26:22.522 joltshadow - docs §39 wheelmodel_core SelfTest overall: PASS
INFO 2026-07-27 15:26:22.522 joltshadow - docs §23.4: ram-damage diagnostic installed (ai::CalcDamageToVehicles @ 0x0088F700)
INFO 2026-07-27 15:26:22.522 joltshadow - Feature enabled - Jolt WILL DRIVE the player's vehicle this run (player_only=1, max_speed=60m/s gate)
INFO 2026-07-27 15:26:22.522 joltshadow - Suspension/friction tuning: susp_frequency=1.00Hz susp_damping=1.00 friction_long=0.93 friction_lat=1.00 (from kraken.ini, autotune disabled)
INFO 2026-07-27 15:26:26.231 jolt - Jolt: exported landscape heightfield as a static body (257x257 samples, 8.0 world units/cell, height range [173.8, 475.4])
INFO 2026-07-27 15:26:26.577 jolt - Jolt: exported roads as a static body (519/555 nodes, 46463 verts, 37346 tris, 36 skipped)
INFO 2026-07-27 15:26:26.802 testharness - God mode: applying to player vehicle 33463D78
INFO 2026-07-27 15:26:26.803 joltshadow - Shadow: compound chassis shape built - 4 part(s), 4 geom(s) (4 box, 0 sphere, 0 capsule, 0 skipped)
INFO 2026-07-27 15:26:26.803 joltshadow - docs §93: chassis inertia (player) mass=100.0 | JOLT(compound) = (635.3, 232.9, 480.2) | ODE(box 6.00x1.00x3.00) = (83.3, 375.0, 308.3) | ratio = (7.62, 0.62, 1.56)
INFO 2026-07-27 15:26:26.803 joltshadow - docs §54 axis-audit (player) w=0: axis1_local=(0.000,1.000,0.000) vs assumedSusp -> 0.00 deg | axis2_local=(-1.000,0.000,0.000) vs assumedAxle -> 0.00 deg | axis1^axis2 off-perp 0.00 deg || kSusp=7500 N/m cSusp=375 Ns/m range=0.250 R=0.832 mWheel=1.0 driven=1 steer=1
INFO 2026-07-27 15:26:26.803 joltshadow - docs §54 axis-audit (player) w=1: axis1_local=(0.000,1.000,0.000) vs assumedSusp -> 0.00 deg | axis2_local=(-1.000,0.000,0.000) vs assumedAxle -> 0.00 deg | axis1^axis2 off-perp 0.00 deg || kSusp=3000 N/m cSusp=150 Ns/m range=0.250 R=0.832 mWheel=1.0 driven=1 steer=1
INFO 2026-07-27 15:26:26.803 joltshadow - docs §54 axis-audit (player) w=2: axis1_local=(0.000,1.000,0.000) vs assumedSusp -> 0.00 deg | axis2_local=(-1.000,0.000,0.000) vs assumedAxle -> 0.00 deg | axis1^axis2 off-perp 0.00 deg || kSusp=3000 N/m cSusp=150 Ns/m range=0.250 R=0.925 mWheel=1.0 driven=1 steer=0
INFO 2026-07-27 15:26:26.803 joltshadow - docs §54 axis-audit (player) w=3: axis1_local=(0.000,1.000,0.000) vs assumedSusp -> 0.00 deg | axis2_local=(-1.000,0.000,0.000) vs assumedAxle -> 0.00 deg | axis1^axis2 off-perp 0.00 deg || kSusp=3000 N/m cSusp=150 Ns/m range=0.250 R=0.925 mWheel=1.0 driven=1 steer=0
INFO 2026-07-27 15:26:26.804 joltshadow - docs §54 axis-audit SUMMARY (player): worst susp 0.00 deg, worst axle (unsteered only) 0.00 deg, worst off-perp 0.00 deg -> convention CONFIRMED
INFO 2026-07-27 15:26:26.804 joltshadow - Shadow (player): wheelmodel APPLY mode - VehicleConstraint built but NOT simulated; chassis driven by wheelmodel_core (4 wheels)
INFO 2026-07-27 15:26:26.804 joltshadow - docs §75: constraint frame (player) w=0 axle.fwd=-0.0000 (0.00 deg off perpendicular) | anchorOffsetFromWheelCentre=0.1041 m (restLen)
INFO 2026-07-27 15:26:26.804 joltshadow - docs §75: constraint frame (player) w=1 axle.fwd=-0.0000 (0.00 deg off perpendicular) | anchorOffsetFromWheelCentre=0.0837 m (restLen)
INFO 2026-07-27 15:26:26.804 joltshadow - docs §75: constraint frame (player) w=2 axle.fwd=-0.0000 (0.00 deg off perpendicular) | anchorOffsetFromWheelCentre=0.0705 m (restLen)
INFO 2026-07-27 15:26:26.804 joltshadow - docs §75: constraint frame (player) w=3 axle.fwd=-0.0000 (0.00 deg off perpendicular) | anchorOffsetFromWheelCentre=0.1097 m (restLen)
INFO 2026-07-27 15:26:26.804 joltshadow - docs §58 (player): mode 4 - built 4 wheel bodies + SixDOF constraints (chassisMass=100.0, massFloor=2.50) | docs §95.4 wheelMass=10.0 chassisMassFinal=100.0 total=110.0
INFO 2026-07-27 15:26:26.804 joltshadow - Shadow vehicle #1 built (player): 4 wheels (2 driven axle(s)), mass=100.0, chassis=6.00x1.00x3.00, susp_mult=1.00x/damp=1.00, friction=0.93/1.00
INFO 2026-07-27 15:26:26.808 testharness - God mode: applying to player vehicle 3347A338
INFO 2026-07-27 15:26:26.909 joltshadow - Shadow: compound chassis shape built - 4 part(s), 4 geom(s) (4 box, 0 sphere, 0 capsule, 0 skipped)
INFO 2026-07-27 15:26:26.909 joltshadow - docs §93: chassis inertia (player) mass=190.0 | JOLT(compound) = (1392.1, 1021.5, 626.1) | ODE(box 3.50x2.50x9.00) = (1381.5, 1476.5, 292.9) | ratio = (1.01, 0.69, 2.14)
INFO 2026-07-27 15:26:26.910 joltshadow - docs §54 axis-audit (player) w=0: axis1_local=(0.000,1.000,0.000) vs assumedSusp -> 0.00 deg | axis2_local=(-1.000,0.000,0.008) vs assumedAxle -> 0.46 deg | axis1^axis2 off-perp 0.00 deg || kSusp=6000 N/m cSusp=300 Ns/m range=1.000 R=0.727 mWheel=11.0 driven=1 steer=1
INFO 2026-07-27 15:26:26.910 joltshadow - docs §54 axis-audit (player) w=1: axis1_local=(0.000,1.000,0.000) vs assumedSusp -> 0.00 deg | axis2_local=(-1.000,0.000,0.008) vs assumedAxle -> 0.46 deg | axis1^axis2 off-perp 0.00 deg || kSusp=6000 N/m cSusp=300 Ns/m range=1.000 R=0.727 mWheel=11.0 driven=1 steer=1
INFO 2026-07-27 15:26:26.910 joltshadow - docs §54 axis-audit (player) w=2: axis1_local=(0.000,1.000,0.000) vs assumedSusp -> 0.00 deg | axis2_local=(-1.000,0.000,-0.000) vs assumedAxle -> 0.00 deg | axis1^axis2 off-perp 0.00 deg || kSusp=7500 N/m cSusp=375 Ns/m range=1.000 R=0.727 mWheel=11.0 driven=1 steer=0
INFO 2026-07-27 15:26:26.910 joltshadow - docs §54 axis-audit (player) w=3: axis1_local=(0.000,1.000,0.000) vs assumedSusp -> 0.00 deg | axis2_local=(-1.000,0.000,-0.000) vs assumedAxle -> 0.00 deg | axis1^axis2 off-perp 0.00 deg || kSusp=7500 N/m cSusp=375 Ns/m range=1.000 R=0.727 mWheel=11.0 driven=1 steer=0
INFO 2026-07-27 15:26:26.910 joltshadow - docs §54 axis-audit SUMMARY (player): worst susp 0.00 deg, worst axle (unsteered only) 0.00 deg, worst off-perp 0.00 deg -> convention CONFIRMED
INFO 2026-07-27 15:26:26.910 joltshadow - Shadow (player): wheelmodel APPLY mode - VehicleConstraint built but NOT simulated; chassis driven by wheelmodel_core (4 wheels)
INFO 2026-07-27 15:26:26.910 joltshadow - docs §75: constraint frame (player) w=0 axle.fwd=-0.0000 (0.00 deg off perpendicular) | anchorOffsetFromWheelCentre=0.0981 m (restLen)
INFO 2026-07-27 15:26:26.910 joltshadow - docs §75: constraint frame (player) w=1 axle.fwd=-0.0000 (0.00 deg off perpendicular) | anchorOffsetFromWheelCentre=0.0765 m (restLen)
INFO 2026-07-27 15:26:26.910 joltshadow - docs §75: constraint frame (player) w=2 axle.fwd=-0.0000 (0.00 deg off perpendicular) | anchorOffsetFromWheelCentre=0.0779 m (restLen)
INFO 2026-07-27 15:26:26.910 joltshadow - docs §75: constraint frame (player) w=3 axle.fwd=-0.0000 (0.00 deg off perpendicular) | anchorOffsetFromWheelCentre=0.1032 m (restLen)
INFO 2026-07-27 15:26:26.910 joltshadow - docs §58 (player): mode 4 - built 4 wheel bodies + SixDOF constraints (chassisMass=190.0, massFloor=4.75) | docs §95.4 wheelMass=44.0 chassisMassFinal=190.0 total=234.0
INFO 2026-07-27 15:26:26.910 joltshadow - Shadow vehicle #2 built (player): 4 wheels (2 driven axle(s)), mass=190.0, chassis=3.50x2.50x9.00, susp_mult=1.00x/damp=1.00, friction=0.93/1.00
INFO 2026-07-27 15:26:26.966 joltshadow - docs §70.1: slipdense (player) f=4 w=0 grounded=1 kappa=21.755 fnGround=60 omega=15.95 | ftGround=101N target=23.3 limit=581Nm motorNm=581 tyreNm=-74 inertia=2.91 limRot=0/119/0 omegaPre=15.26 posN=7/9/0 susp=0.0034 springN=-44
INFO 2026-07-27 15:26:26.966 joltshadow - docs §70.1: slipdense (player) f=4 w=1 grounded=1 kappa=21.745 fnGround=72 omega=15.91 | ftGround=122N target=23.3 limit=581Nm motorNm=581 tyreNm=-89 inertia=2.91 limRot=0/119/0 omegaPre=15.24 posN=8/-19/0 susp=0.0029 springN=-33
INFO 2026-07-27 15:26:26.966 joltshadow - docs §70.1: slipdense (player) f=4 w=2 grounded=1 kappa=15.410 fnGround=524 omega=11.21 | ftGround=919N target=23.3 limit=581Nm motorNm=581 tyreNm=-665 inertia=2.91 limRot=0/37/1 omegaPre=11.32 posN=43/-817/0 susp=-0.0224 springN=404
INFO 2026-07-27 15:26:26.966 joltshadow - docs §70.1: slipdense (player) f=4 w=3 grounded=1 kappa=15.140 fnGround=516 omega=11.02 | ftGround=907N target=23.3 limit=581Nm motorNm=581 tyreNm=-681 inertia=2.91 limRot=0/43/26 omegaPre=11.15 posN=29/-842/0 susp=-0.0236 springN=424
INFO 2026-07-27 15:26:26.967 joltshadow - docs §78: attdense (player) f=4 joltTilt=4.21 odeTilt=4.18 upDelta=0.04 wBody=(-0.17,0.00,-0.01) |w|=0.17 grounded=4
INFO 2026-07-27 15:26:26.985 joltshadow - docs §70.1: slipdense (player) f=8 w=0 grounded=1 kappa=19.776 fnGround=46 omega=19.30 | ftGround=79N target=23.3 limit=580Nm motorNm=580 tyreNm=-58 inertia=2.91 limRot=0/8/0 omegaPre=18.58 posN=25/51/0 susp=0.0051 springN=-60
INFO 2026-07-27 15:26:26.985 joltshadow - docs §70.1: slipdense (player) f=8 w=1 grounded=1 kappa=20.145 fnGround=69 omega=19.12 | ftGround=117N target=23.3 limit=580Nm motorNm=580 tyreNm=-85 inertia=2.91 limRot=0/23/0 omegaPre=18.44 posN=48/23/0 susp=0.0039 springN=-40
INFO 2026-07-27 15:26:26.985 joltshadow - docs §70.1: slipdense (player) f=8 w=2 grounded=1 kappa=10.360 fnGround=661 omega=9.94 | ftGround=1209N target=23.3 limit=580Nm motorNm=580 tyreNm=-873 inertia=2.91 limRot=0/30/1 omegaPre=10.32 posN=36/-1093/0 susp=-0.0355 springN=541
INFO 2026-07-27 15:26:26.985 joltshadow - docs §70.1: slipdense (player) f=8 w=3 grounded=1 kappa=10.041 fnGround=656 omega=9.61 | ftGround=1202N target=23.3 limit=580Nm motorNm=580 tyreNm=-901 inertia=2.91 limRot=0/36/35 omegaPre=10.03 posN=18/-1118/0 susp=-0.0374 springN=574
INFO 2026-07-27 15:26:26.985 joltshadow - docs §78: attdense (player) f=8 joltTilt=4.29 odeTilt=4.20 upDelta=0.09 wBody=(-0.20,0.00,-0.02) |w|=0.20 grounded=4
INFO 2026-07-27 15:26:27.003 joltshadow - docs §70.1: slipdense (player) f=12 w=0 grounded=1 kappa=17.216 fnGround=29 omega=22.58 | ftGround=48N target=23.3 limit=580Nm motorNm=580 tyreNm=-36 inertia=2.91 limRot=0/-8/0 omegaPre=21.84 posN=15/114/0 susp=0.0072 springN=-83
INFO 2026-07-27 15:26:27.003 joltshadow - docs §70.1: slipdense (player) f=12 w=1 grounded=1 kappa=16.956 fnGround=60 omega=22.22 | ftGround=100N target=23.3 limit=580Nm motorNm=580 tyreNm=-73 inertia=2.91 limRot=0/17/0 omegaPre=21.53 posN=53/74/0 susp=0.0050 springN=-51
INFO 2026-07-27 15:26:27.004 joltshadow - docs §70.1: slipdense (player) f=12 w=2 grounded=1 kappa=5.390 fnGround=807 omega=7.32 | ftGround=1555N target=23.3 limit=580Nm motorNm=580 tyreNm=-1120 inertia=2.91 limRot=0/27/1 omegaPre=8.04 posN=33/-1413/0 susp=-0.0494 springN=673
INFO 2026-07-27 15:26:27.004 joltshadow - docs §70.1: slipdense (player) f=12 w=3 grounded=1 kappa=4.836 fnGround=810 omega=6.73 | ftGround=1571N target=23.3 limit=580Nm motorNm=580 tyreNm=-1175 inertia=2.91 limRot=0/33/45 omegaPre=7.52 posN=11/-1474/0 susp=-0.0524 springN=720
INFO 2026-07-27 15:26:27.004 joltshadow - docs §78: attdense (player) f=12 joltTilt=4.38 odeTilt=4.24 upDelta=0.16 wBody=(-0.22,-0.00,-0.02) |w|=0.22 grounded=4
INFO 2026-07-27 15:26:27.021 joltshadow - docs §70.1: slipdense (player) f=16 w=0 grounded=1 kappa=13.459 fnGround=2 omega=23.03 | ftGround=3N target=23.3 limit=580Nm motorNm=0 tyreNm=-2 inertia=2.91 limRot=0/13/0 omegaPre=23.04 posN=-12/183/0 susp=0.0097 springN=-102
INFO 2026-07-27 15:26:27.021 joltshadow - docs §70.1: slipdense (player) f=16 w=1 grounded=1 kappa=13.322 fnGround=45 omega=23.03 | ftGround=72N target=23.3 limit=580Nm motorNm=51 tyreNm=-52 inertia=2.91 limRot=0/54/0 omegaPre=23.04 posN=49/124/0 susp=0.0063 springN=-60
INFO 2026-07-27 15:26:27.021 joltshadow - docs §70.1: slipdense (player) f=16 w=2 grounded=1 kappa=1.306 fnGround=950 omega=3.11 | ftGround=1890N target=23.3 limit=580Nm motorNm=580 tyreNm=-1360 inertia=2.91 limRot=0/38/1 omegaPre=4.17 posN=49/-1729/0 susp=-0.0644 springN=802
INFO 2026-07-27 15:26:27.021 joltshadow - docs §70.1: slipdense (player) f=16 w=3 grounded=1 kappa=0.695 fnGround=960 omega=2.16 | ftGround=1906N target=23.3 limit=580Nm motorNm=580 tyreNm=-1421 inertia=2.91 limRot=0/45/54 omegaPre=3.30 posN=22/-1805/0 susp=-0.0688 springN=865
INFO 2026-07-27 15:26:27.021 joltshadow - docs §78: attdense (player) f=16 joltTilt=4.50 odeTilt=4.31 upDelta=0.25 wBody=(-0.23,-0.01,-0.03) |w|=0.24 grounded=4
INFO 2026-07-27 15:26:27.035 joltshadow - docs §70.1: slipdense (player) f=20 w=0 grounded=1 kappa=12.012 fnGround=0 omega=23.04 | ftGround=0N target=23.3 limit=580Nm motorNm=2 tyreNm=0 inertia=2.91 limRot=0/58/0 omegaPre=23.04 posN=-12/46/0 susp=0.0117 springN=-106
INFO 2026-07-27 15:26:27.036 joltshadow - docs §70.1: slipdense (player) f=20 w=1 grounded=1 kappa=11.945 fnGround=47 omega=23.04 | ftGround=70N target=23.3 limit=580Nm motorNm=52 tyreNm=-51 inertia=2.91 limRot=0/107/0 omegaPre=23.04 posN=58/-11/0 susp=0.0072 springN=-57
INFO 2026-07-27 15:26:27.036 joltshadow - docs §70.1: slipdense (player) f=20 w=2 grounded=1 kappa=0.222 fnGround=1037 omega=2.37 | ftGround=516N target=23.3 limit=580Nm motorNm=580 tyreNm=-369 inertia=2.91 limRot=0/24/1 omegaPre=2.16 posN=32/-498/0 susp=-0.0774 springN=908
INFO 2026-07-27 15:26:27.036 joltshadow - docs §70.1: slipdense (player) f=20 w=3 grounded=1 kappa=0.218 fnGround=1058 omega=2.40 | ftGround=497N target=23.3 limit=580Nm motorNm=580 tyreNm=-368 inertia=2.91 limRot=0/27/14 omegaPre=2.19 posN=-4/-484/0 susp=-0.0830 springN=980
INFO 2026-07-27 15:26:27.036 joltshadow - docs §78: attdense (player) f=20 joltTilt=4.61 odeTilt=4.39 upDelta=0.37 wBody=(-0.23,-0.01,-0.03) |w|=0.23 grounded=4
INFO 2026-07-27 15:26:27.049 joltshadow - docs §70.1: slipdense (player) f=24 w=0 grounded=0 kappa=0.000 fnGround=0 omega=23.05 | ftGround=0N target=23.3 limit=580Nm motorNm=2 tyreNm=0 inertia=2.91 limRot=0/52/0 omegaPre=23.04 posN=-14/71/0 susp=0.0131 springN=-108
INFO 2026-07-27 15:26:27.049 joltshadow - docs §70.1: slipdense (player) f=24 w=1 grounded=1 kappa=11.225 fnGround=52 omega=23.05 | ftGround=78N target=23.3 limit=580Nm motorNm=59 tyreNm=-57 inertia=2.91 limRot=0/104/0 omegaPre=23.04 posN=66/8/0 susp=0.0077 springN=-53
INFO 2026-07-27 15:26:27.049 joltshadow - docs §70.1: slipdense (player) f=24 w=2 grounded=1 kappa=0.317 fnGround=1111 omega=2.48 | ftGround=777N target=23.3 limit=580Nm motorNm=580 tyreNm=-555 inertia=2.91 limRot=0/35/1 omegaPre=2.45 posN=46/-740/0 susp=-0.0886 springN=988
INFO 2026-07-27 15:26:27.049 joltshadow - docs §70.1: slipdense (player) f=24 w=3 grounded=1 kappa=0.310 fnGround=1148 omega=2.52 | ftGround=748N target=23.3 limit=580Nm motorNm=580 tyreNm=-552 inertia=2.91 limRot=0/38/22 omegaPre=2.49 posN=6/-725/0 susp=-0.0953 springN=1071
INFO 2026-07-27 15:26:27.049 joltshadow - docs §78: attdense (player) f=24 joltTilt=4.71 odeTilt=4.45 upDelta=0.54 wBody=(-0.22,-0.01,-0.03) |w|=0.23 grounded=3
WARNING 2026-07-27 15:26:27.095 jolt - Jolt: static box shape creation failed: Invalid half extent
WARNING 2026-07-27 15:26:27.096 jolt - Jolt: static box shape creation failed: Invalid half extent
INFO 2026-07-27 15:26:27.107 jolt - Jolt: exported 2415 static obstacles (719 box, 38 sphere, 1600 trimesh, 58 capsule) - 2869 geoms walked total (155 nested sub-space(s) recursed into, 2577 at top level per dSpaceGetNumGeoms), 292 dynamic geoms skipped, 7 body-less geoms of unexported class skipped, 0 skipped (capacity exhausted)
INFO 2026-07-27 15:26:27.107 jolt - Jolt: static obstacle export - 4 body-less geom(s) of unexported ODE class 4 (docs §22.9/§22.13 - classes confirmed by disassembly: 0=sphere, 1=box, 2=capsule, 7=trimesh, 11-14=space (recursed into, not "unexported"); others not confirmed against this binary, treat the raw ID as a lead not a fact)
INFO 2026-07-27 15:26:27.107 jolt - Jolt: static obstacle export - 1 body-less geom(s) of unexported ODE class 8 (docs §22.9/§22.13 - classes confirmed by disassembly: 0=sphere, 1=box, 2=capsule, 7=trimesh, 11-14=space (recursed into, not "unexported"); others not confirmed against this binary, treat the raw ID as a lead not a fact)
INFO 2026-07-27 15:26:27.108 joltshadow - docs §70.1: slipdense (player) f=28 w=0 grounded=0 kappa=0.000 fnGround=0 omega=23.05 | ftGround=0N target=23.3 limit=580Nm motorNm=2 tyreNm=0 inertia=2.91 limRot=0/37/0 omegaPre=23.05 posN=-16/71/0 susp=0.0142 springN=-109
INFO 2026-07-27 15:26:27.108 joltshadow - docs §70.1: slipdense (player) f=28 w=1 grounded=1 kappa=10.523 fnGround=59 omega=23.05 | ftGround=88N target=23.3 limit=580Nm motorNm=66 tyreNm=-64 inertia=2.91 limRot=0/95/0 omegaPre=23.05 posN=77/1/0 susp=0.0078 springN=-49
INFO 2026-07-27 15:26:27.108 joltshadow - docs §70.1: slipdense (player) f=28 w=2 grounded=1 kappa=0.300 fnGround=1191 omega=2.59 | ftGround=779N target=23.3 limit=580Nm motorNm=580 tyreNm=-555 inertia=2.91 limRot=0/40/1 omegaPre=2.57 posN=54/-748/0 susp=-0.0997 springN=1062
INFO 2026-07-27 15:26:27.108 joltshadow - docs §70.1: slipdense (player) f=28 w=3 grounded=1 kappa=0.293 fnGround=1235 omega=2.64 | ftGround=751N target=23.3 limit=580Nm motorNm=580 tyreNm=-553 inertia=2.91 limRot=0/43/22 omegaPre=2.61 posN=10/-731/0 susp=-0.1076 springN=1157
INFO 2026-07-27 15:26:27.108 joltshadow - docs §78: attdense (player) f=28 joltTilt=4.81 odeTilt=4.49 upDelta=0.78 wBody=(-0.22,-0.01,-0.03) |w|=0.22 grounded=3
INFO 2026-07-27 15:26:27.122 joltshadow - docs §70.1: slipdense (player) f=32 w=0 grounded=0 kappa=0.000 fnGround=0 omega=23.10 | ftGround=0N target=23.3 limit=586Nm motorNm=4 tyreNm=0 inertia=2.91 limRot=0/277/0 omegaPre=23.10 posN=-17/74/0 susp=0.0173 springN=-117
INFO 2026-07-27 15:26:27.122 joltshadow - docs §70.1: slipdense (player) f=32 w=1 grounded=1 kappa=8.094 fnGround=66 omega=23.11 | ftGround=96N target=23.3 limit=586Nm motorNm=73 tyreNm=-69 inertia=2.91 limRot=0/45/0 omegaPre=23.10 posN=91/-2/0 susp=0.0073 springN=-41
INFO 2026-07-27 15:26:27.122 joltshadow - docs §70.1: slipdense (player) f=32 w=2 grounded=1 kappa=0.243 fnGround=1397 omega=3.12 | ftGround=791N target=23.3 limit=586Nm motorNm=586 tyreNm=-561 inertia=2.91 limRot=0/75/2 omegaPre=3.10 posN=98/-781/0 susp=-0.1440 springN=1320
INFO 2026-07-27 15:26:27.122 joltshadow - docs §70.1: slipdense (player) f=32 w=3 grounded=1 kappa=0.234 fnGround=1350 omega=3.21 | ftGround=765N target=23.3 limit=586Nm motorNm=586 tyreNm=-559 inertia=2.91 limRot=0/71/22 omegaPre=3.19 posN=35/-768/0 susp=-0.1587 springN=1470
INFO 2026-07-27 15:26:27.122 joltshadow - docs §78: attdense (player) f=32 joltTilt=5.25 odeTilt=4.20 upDelta=1.92 wBody=(-0.16,-0.02,-0.04) |w|=0.17 grounded=3
INFO 2026-07-27 15:26:27.139 joltshadow - docs §70.1: slipdense (player) f=36 w=0 grounded=0 kappa=0.000 fnGround=0 omega=23.12 | ftGround=0N target=23.3 limit=590Nm motorNm=6 tyreNm=0 inertia=2.91 limRot=0/1547/0 omegaPre=23.12 posN=-11/76/0 susp=0.0181 springN=-120
INFO 2026-07-27 15:26:27.140 joltshadow - docs §70.1: slipdense (player) f=36 w=1 grounded=1 kappa=7.576 fnGround=68 omega=23.12 | ftGround=99N target=23.3 limit=590Nm motorNm=75 tyreNm=-71 inertia=2.91 limRot=0/241/0 omegaPre=23.12 posN=103/-3/0 susp=0.0072 springN=-41
INFO 2026-07-27 15:26:27.140 joltshadow - docs §70.1: slipdense (player) f=36 w=2 grounded=1 kappa=0.190 fnGround=1392 omega=3.19 | ftGround=792N target=23.3 limit=590Nm motorNm=590 tyreNm=-563 inertia=2.91 limRot=0/49/0 omegaPre=3.15 posN=65/-786/0 susp=-0.1543 springN=1355
INFO 2026-07-27 15:26:27.140 joltshadow - docs §70.1: slipdense (player) f=36 w=3 grounded=1 kappa=0.184 fnGround=1351 omega=3.28 | ftGround=771N target=23.3 limit=590Nm motorNm=590 tyreNm=-563 inertia=2.91 limRot=0/44/21 omegaPre=3.23 posN=-2/-781/0 susp=-0.1712 springN=1530
INFO 2026-07-27 15:26:27.140 joltshadow - docs §78: attdense (player) f=36 joltTilt=5.38 odeTilt=4.23 upDelta=2.20 wBody=(-0.14,-0.02,-0.04) |w|=0.15 grounded=3
INFO 2026-07-27 15:26:27.157 joltshadow - docs §70.1: slipdense (player) f=40 w=0 grounded=0 kappa=0.000 fnGround=0 omega=23.14 | ftGround=0N target=23.3 limit=594Nm motorNm=8 tyreNm=0 inertia=2.91 limRot=0/1583/0 omegaPre=23.14 posN=-29/69/0 susp=0.0187 springN=-121
INFO 2026-07-27 15:26:27.157 joltshadow - docs §70.1: slipdense (player) f=40 w=1 grounded=1 kappa=7.115 fnGround=65 omega=23.14 | ftGround=93N target=23.3 limit=594Nm motorNm=71 tyreNm=-68 inertia=2.91 limRot=0/833/0 omegaPre=23.14 posN=81/10/0 susp=0.0071 springN=-42
INFO 2026-07-27 15:26:27.157 joltshadow - docs §70.1: slipdense (player) f=40 w=2 grounded=1 kappa=0.144 fnGround=1391 omega=3.25 | ftGround=798N target=23.3 limit=594Nm motorNm=594 tyreNm=-568 inertia=2.91 limRot=0/56/1 omegaPre=3.31 posN=83/-803/0 susp=-0.1621 springN=1370
INFO 2026-07-27 15:26:27.157 joltshadow - docs §70.1: slipdense (player) f=40 w=3 grounded=1 kappa=0.139 fnGround=1353 omega=3.35 | ftGround=771N target=23.3 limit=594Nm motorNm=594 tyreNm=-564 inertia=2.91 limRot=0/52/22 omegaPre=3.40 posN=14/-778/0 susp=-0.1814 springN=1568
INFO 2026-07-27 15:26:27.157 joltshadow - docs §78: attdense (player) f=40 joltTilt=5.49 odeTilt=4.27 upDelta=2.41 wBody=(-0.12,-0.03,-0.05) |w|=0.13 grounded=3
INFO 2026-07-27 15:26:27.172 joltshadow - docs §70.1: slipdense (player) f=44 w=0 grounded=0 kappa=0.000 fnGround=0 omega=23.16 | ftGround=0N target=23.3 limit=597Nm motorNm=5 tyreNm=0 inertia=2.91 limRot=0/1256/0 omegaPre=23.16 posN=-39/38/0 susp=0.0190 springN=-119
INFO 2026-07-27 15:26:27.172 joltshadow - docs §70.1: slipdense (player) f=44 w=1 grounded=1 kappa=6.714 fnGround=65 omega=23.16 | ftGround=94N target=23.3 limit=597Nm motorNm=72 tyreNm=-68 inertia=2.91 limRot=0/399/0 omegaPre=23.16 posN=69/-11/0 susp=0.0071 springN=-44
INFO 2026-07-27 15:26:27.172 joltshadow - docs §70.1: slipdense (player) f=44 w=2 grounded=1 kappa=0.140 fnGround=1390 omega=3.57 | ftGround=536N target=23.3 limit=597Nm motorNm=597 tyreNm=-380 inertia=2.91 limRot=0/57/2 omegaPre=3.35 posN=91/-573/0 susp=-0.1674 springN=1373
INFO 2026-07-27 15:26:27.172 joltshadow - docs §70.1: slipdense (player) f=44 w=3 grounded=1 kappa=0.132 fnGround=1353 omega=3.70 | ftGround=516N target=23.3 limit=597Nm motorNm=597 tyreNm=-375 inertia=2.91 limRot=0/54/16 omegaPre=3.47 posN=24/-536/0 susp=-0.1888 springN=1587
INFO 2026-07-27 15:26:27.172 joltshadow - docs §78: attdense (player) f=44 joltTilt=5.57 odeTilt=4.25 upDelta=2.56 wBody=(-0.10,-0.04,-0.05) |w|=0.12 grounded=3
INFO 2026-07-27 15:26:27.185 joltshadow - docs §70.1: slipdense (player) f=48 w=0 grounded=0 kappa=0.000 fnGround=0 omega=23.17 | ftGround=0N target=23.3 limit=601Nm motorNm=4 tyreNm=0 inertia=2.91 limRot=0/801/0 omegaPre=23.17 posN=-37/67/0 susp=0.0191 springN=-117
INFO 2026-07-27 15:26:27.185 joltshadow - docs §70.1: slipdense (player) f=48 w=1 grounded=1 kappa=6.371 fnGround=58 omega=23.18 | ftGround=86N target=23.3 limit=601Nm motorNm=67 tyreNm=-63 inertia=2.91 limRot=0/-124/0 omegaPre=23.18 posN=57/18/0 susp=0.0073 springN=-51
INFO 2026-07-27 15:26:27.185 joltshadow - docs §70.1: slipdense (player) f=48 w=2 grounded=1 kappa=0.206 fnGround=1389 omega=3.68 | ftGround=813N target=23.3 limit=601Nm motorNm=601 tyreNm=-576 inertia=2.91 limRot=0/89/3 omegaPre=3.65 posN=131/-824/0 susp=-0.1709 springN=1369
INFO 2026-07-27 15:26:27.185 joltshadow - docs §70.1: slipdense (player) f=48 w=3 grounded=1 kappa=0.193 fnGround=1354 omega=3.84 | ftGround=783N target=23.3 limit=601Nm motorNm=601 tyreNm=-568 inertia=2.91 limRot=0/85/24 omegaPre=3.81 posN=62/-788/0 susp=-0.1941 springN=1592
INFO 2026-07-27 15:26:27.185 joltshadow - docs §78: attdense (player) f=48 joltTilt=5.64 odeTilt=4.17 upDelta=2.68 wBody=(-0.08,-0.05,-0.04) |w|=0.11 grounded=3
INFO 2026-07-27 15:26:27.198 joltshadow - docs §70.1: slipdense (player) f=52 w=0 grounded=0 kappa=0.000 fnGround=0 omega=23.18 | ftGround=0N target=23.3 limit=604Nm motorNm=11 tyreNm=0 inertia=2.91 limRot=0/-332/0 omegaPre=23.18 posN=-9/53/0 susp=0.0192 springN=-115
INFO 2026-07-27 15:26:27.198 joltshadow - docs §70.1: slipdense (player) f=52 w=1 grounded=1 kappa=6.033 fnGround=50 omega=23.20 | ftGround=77N target=23.3 limit=604Nm motorNm=60 tyreNm=-56 inertia=2.91 limRot=0/-9/0 omegaPre=23.19 posN=67/-16/0 susp=0.0078 springN=-59
INFO 2026-07-27 15:26:27.198 joltshadow - docs §70.1: slipdense (player) f=52 w=2 grounded=1 kappa=0.132 fnGround=1388 omega=3.79 | ftGround=540N target=23.3 limit=604Nm motorNm=604 tyreNm=-383 inertia=2.91 limRot=0/100/3 omegaPre=3.56 posN=135/-565/0 susp=-0.1733 springN=1358
INFO 2026-07-27 15:26:27.198 joltshadow - docs §70.1: slipdense (player) f=52 w=3 grounded=1 kappa=0.123 fnGround=1355 omega=3.99 | ftGround=525N target=23.3 limit=604Nm motorNm=604 tyreNm=-381 inertia=2.91 limRot=0/97/17 omegaPre=3.76 posN=68/-561/0 susp=-0.1981 springN=1589
INFO 2026-07-27 15:26:27.198 joltshadow - docs §78: attdense (player) f=52 joltTilt=5.70 odeTilt=4.05 upDelta=2.78 wBody=(-0.07,-0.05,-0.04) |w|=0.09 grounded=3
INFO 2026-07-27 15:26:27.210 joltshadow - docs §70.1: slipdense (player) f=56 w=0 grounded=0 kappa=0.000 fnGround=0 omega=23.21 | ftGround=0N target=23.3 limit=607Nm motorNm=9 tyreNm=0 inertia=2.91 limRot=0/-320/0 omegaPre=23.20 posN=10/59/0 susp=0.0191 springN=-113
INFO 2026-07-27 15:26:27.210 joltshadow - docs §70.1: slipdense (player) f=56 w=1 grounded=1 kappa=5.840 fnGround=40 omega=23.21 | ftGround=62N target=23.3 limit=607Nm motorNm=49 tyreNm=-45 inertia=2.91 limRot=0/30/0 omegaPre=23.21 posN=71/-9/0 susp=0.0084 springN=-68
INFO 2026-07-27 15:26:27.210 joltshadow - docs §70.1: slipdense (player) f=56 w=2 grounded=1 kappa=0.126 fnGround=1388 omega=3.92 | ftGround=537N target=23.3 limit=607Nm motorNm=607 tyreNm=-380 inertia=2.91 limRot=0/79/1 omegaPre=3.68 posN=104/-556/0 susp=-0.1747 springN=1343
INFO 2026-07-27 15:26:27.210 joltshadow - docs §70.1: slipdense (player) f=56 w=3 grounded=1 kappa=0.121 fnGround=1356 omega=4.09 | ftGround=532N target=23.3 limit=607Nm motorNm=607 tyreNm=-385 inertia=2.91 limRot=0/76/15 omegaPre=3.86 posN=38/-576/0 susp=-0.2008 springN=1578
INFO 2026-07-27 15:26:27.210 joltshadow - docs §78: attdense (player) f=56 joltTilt=5.75 odeTilt=3.94 upDelta=2.85 wBody=(-0.05,-0.04,-0.03) |w|=0.08 grounded=3
INFO 2026-07-27 15:26:27.221 joltshadow - docs §70.1: slipdense (player) f=60 w=0 grounded=0 kappa=0.000 fnGround=0 omega=23.22 | ftGround=0N target=23.3 limit=610Nm motorNm=5 tyreNm=0 inertia=2.91 limRot=0/-79/0 omegaPre=23.22 posN=0/81/0 susp=0.0190 springN=-109
INFO 2026-07-27 15:26:27.222 joltshadow - docs §70.1: slipdense (player) f=60 w=1 grounded=1 kappa=5.678 fnGround=30 omega=23.23 | ftGround=47N target=23.3 limit=610Nm motorNm=37 tyreNm=-34 inertia=2.91 limRot=0/19/0 omegaPre=23.22 posN=47/35/0 susp=0.0092 springN=-77
INFO 2026-07-27 15:26:27.222 joltshadow - docs §70.1: slipdense (player) f=60 w=2 grounded=1 kappa=0.186 fnGround=1387 omega=4.04 | ftGround=819N target=23.3 limit=610Nm motorNm=610 tyreNm=-580 inertia=2.91 limRot=0/75/0 omegaPre=4.01 posN=103/-818/0 susp=-0.1752 springN=1322
INFO 2026-07-27 15:26:27.222 joltshadow - docs §70.1: slipdense (player) f=60 w=3 grounded=1 kappa=0.179 fnGround=1356 omega=4.20 | ftGround=805N target=23.3 limit=610Nm motorNm=610 tyreNm=-583 inertia=2.91 limRot=0/71/21 omegaPre=4.17 posN=36/-827/0 susp=-0.2025 springN=1561
INFO 2026-07-27 15:26:27.222 joltshadow - docs §78: attdense (player) f=60 joltTilt=5.78 odeTilt=3.82 upDelta=2.92 wBody=(-0.04,-0.04,-0.03) |w|=0.06 grounded=3
INFO 2026-07-27 15:26:27.222 joltshadow - Shadow divergence (player): pos=2.831m vel=5.614m/s angle=3.8deg (jolt com=[936.2 242.5 397.7] ode com=[938.7 241.1 397.9])
INFO 2026-07-27 15:26:27.222 joltshadow - docs §23.6: driver input (player) realThrottle=0.86 brake=0.00 handBrake=0 steerRad=-0.167
INFO 2026-07-27 15:26:27.222 joltshadow - docs §32: Jolt SHADOW chassis pitch (player) forward=(0.995, 0.063, 0.079)
INFO 2026-07-27 15:26:27.222 joltshadow - docs §69: tilt (player) jolt=5.8 deg ode=3.8 deg delta=+2.0 deg upDelta=2.92 deg
INFO 2026-07-27 15:26:27.222 joltshadow - docs §32.4: Jolt SHADOW chassis lowest corner (player) = (933.60,241.98,396.01) clearanceToGround=0.000
INFO 2026-07-27 15:26:27.222 joltshadow - docs §23.5: wheel state (player) wheel=0 contact=0 suspLen=1.050 (range 0.050-1.050, 0% compressed) angVel=0.00
INFO 2026-07-27 15:26:27.222 joltshadow - docs §38.11: wheel=0 NO contact, worldAxle=(-0.083,0.079,0.993)
INFO 2026-07-27 15:26:27.222 joltshadow - docs §32: no-contact raycast (player) wheel=0 bodyPos=(937.13,242.44,397.78) localMPos=(-1.367,-0.436,2.663) origin=(939.69,242.28,399.38) dir=(0.056,-0.995,0.083) normalRayLen=1.777 groundFoundAt=0.000 shortfallBeyondTravel=-1.777 hitBody=8388611 hitLayer=4 hitMotion=2 hitIsSelfChassis=0
INFO 2026-07-27 15:26:27.222 joltshadow - docs §23.5: wheel state (player) wheel=1 contact=0 suspLen=1.050 (range 0.050-1.050, 0% compressed) angVel=0.00
INFO 2026-07-27 15:26:27.222 joltshadow - docs §38.11: wheel=1 NO contact, worldAxle=(-0.083,0.079,0.993)
INFO 2026-07-27 15:26:27.223 joltshadow - docs §32: no-contact raycast (player) wheel=1 bodyPos=(937.13,242.44,397.78) localMPos=(1.369,-0.436,2.663) origin=(939.92,242.06,396.66) dir=(0.056,-0.995,0.083) normalRayLen=1.777 groundFoundAt=0.000 shortfallBeyondTravel=-1.777 hitBody=8388612 hitLayer=4 hitMotion=2 hitIsSelfChassis=0
INFO 2026-07-27 15:26:27.223 joltshadow - docs §23.5: wheel state (player) wheel=2 contact=0 suspLen=1.050 (range 0.050-1.050, 0% compressed) angVel=0.00
INFO 2026-07-27 15:26:27.223 joltshadow - docs §38.11: wheel=2 NO contact, worldAxle=(-0.083,0.079,0.993)
INFO 2026-07-27 15:26:27.223 joltshadow - docs §32: no-contact raycast (player) wheel=2 bodyPos=(937.13,242.44,397.78) localMPos=(-1.367,-0.436,-1.944) origin=(935.11,241.99,399.02) dir=(0.056,-0.995,0.083) normalRayLen=1.777 groundFoundAt=0.000 shortfallBeyondTravel=-1.777 hitBody=8388618 hitLayer=4 hitMotion=2 hitIsSelfChassis=0
INFO 2026-07-27 15:26:27.223 joltshadow - docs §23.5: wheel state (player) wheel=3 contact=0 suspLen=1.050 (range 0.050-1.050, 0% compressed) angVel=0.00
INFO 2026-07-27 15:26:27.223 joltshadow - docs §38.11: wheel=3 NO contact, worldAxle=(-0.083,0.079,0.993)
INFO 2026-07-27 15:26:27.223 joltshadow - docs §32: no-contact raycast (player) wheel=3 bodyPos=(937.13,242.44,397.78) localMPos=(1.369,-0.436,-1.944) origin=(935.33,241.77,396.30) dir=(0.056,-0.995,0.083) normalRayLen=1.777 groundFoundAt=0.000 shortfallBeyondTravel=-1.777 hitBody=8388619 hitLayer=4 hitMotion=2 hitIsSelfChassis=0
INFO 2026-07-27 15:26:27.223 joltshadow - docs §59/63: harvest (player) wheelsWithContact=4 contactPoints=14 overflow=0 (of 4) | maxNormalF=1387N bound(k_t*tau)=1398N ratio=0.99
INFO 2026-07-27 15:26:27.223 joltshadow - docs §58: wheel body (player) w=0 springF=-109N stopF=0N travel=0.0190 (limits -0.5000..0.5000 rel spawn) kSusp=6000 sagPredicted=-0.0182 | frameTrav=0.0190..0.0190 frameStopN=0
INFO 2026-07-27 15:26:27.223 joltshadow - docs §66: tyre band (player) w=0 fnGround=0N fnTotal=0N pen=0.00000 penRaw=0.00000 tau=0.01165 pen/tau=0.00 | recs tyre=2 rim=0 survived=0 stale=0 distMax=1.02R
INFO 2026-07-27 15:26:27.223 joltshadow - docs §68: steer (player) w=0 steerable=1 commanded=-0.167 rad measured=-0.195 rad err=-1.61 deg steerSign=-1 steerTq=325Nm cap=1356Nm sat=0.24
INFO 2026-07-27 15:26:27.223 joltshadow - docs §70: slip (player) w=0 grounded=0 kappa=0.000 fnGround=0N omega=23.22
INFO 2026-07-27 15:26:27.223 joltshadow - docs §67: spin (player) w=0 driven=1 omega=23.22 rad/s surfaceSpeed=16.89 m/s spinSign=+1 motorTq=5Nm cmdTq=610Nm
INFO 2026-07-27 15:26:27.223 joltshadow - docs §58: wheel body (player) w=1 springF=-77N stopF=0N travel=0.0092 (limits -0.5000..0.5000 rel spawn) kSusp=6000 sagPredicted=-0.0128 | frameTrav=0.0092..0.0092 frameStopN=0
INFO 2026-07-27 15:26:27.223 joltshadow - docs §66: tyre band (player) w=1 fnGround=30N fnTotal=31N pen=0.00031 penRaw=0.00031 tau=0.01165 pen/tau=0.03 | recs tyre=2 rim=2 survived=2 stale=0 distMax=1.00R
INFO 2026-07-27 15:26:27.223 joltshadow - docs §68: steer (player) w=1 steerable=1 commanded=-0.167 rad measured=-0.172 rad err=-0.32 deg steerSign=-1 steerTq=-5Nm cap=1356Nm sat=0.00
INFO 2026-07-27 15:26:27.223 joltshadow - docs §70: slip (player) w=1 grounded=1 kappa=5.678 fnGround=30N omega=23.23
INFO 2026-07-27 15:26:27.223 joltshadow - docs §67: spin (player) w=1 driven=1 omega=23.23 rad/s surfaceSpeed=16.90 m/s spinSign=+1 motorTq=37Nm cmdTq=610Nm
INFO 2026-07-27 15:26:27.223 joltshadow - docs §58: wheel body (player) w=2 springF=1322N stopF=0N travel=-0.1752 (limits -0.5000..0.5000 rel spawn) kSusp=7500 sagPredicted=0.1762 | frameTrav=-0.1752..-0.1752 frameStopN=0
INFO 2026-07-27 15:26:27.223 joltshadow - docs §66: tyre band (player) w=2 fnGround=1387N fnTotal=1398N pen=0.01165 penRaw=0.01172 tau=0.01165 pen/tau=1.00 | recs tyre=2 rim=2 survived=2 stale=0 distMax=0.98R
INFO 2026-07-27 15:26:27.223 joltshadow - docs §68: steer (player) w=2 steerable=0 commanded=-0.167 rad measured=0.000 rad err=9.57 deg steerSign=-1 steerTq=0Nm cap=340282346638528859811704183484516925440Nm sat=0.00
INFO 2026-07-27 15:26:27.223 joltshadow - docs §70: slip (player) w=2 grounded=1 kappa=0.186 fnGround=1387N omega=4.04
INFO 2026-07-27 15:26:27.223 joltshadow - docs §67: spin (player) w=2 driven=1 omega=4.04 rad/s surfaceSpeed=2.94 m/s spinSign=+1 motorTq=610Nm cmdTq=610Nm
INFO 2026-07-27 15:26:27.224 joltshadow - docs §58: wheel body (player) w=3 springF=1561N stopF=0N travel=-0.2025 (limits -0.5000..0.5000 rel spawn) kSusp=7500 sagPredicted=0.2082 | frameTrav=-0.2025..-0.2025 frameStopN=0
INFO 2026-07-27 15:26:27.224 joltshadow - docs §66: tyre band (player) w=3 fnGround=1356N fnTotal=1398N pen=0.01165 penRaw=0.01169 tau=0.01165 pen/tau=1.00 | recs tyre=2 rim=2 survived=2 stale=0 distMax=0.98R
INFO 2026-07-27 15:26:27.224 joltshadow - docs §68: steer (player) w=3 steerable=0 commanded=-0.167 rad measured=0.000 rad err=9.57 deg steerSign=-1 steerTq=0Nm cap=340282346638528859811704183484516925440Nm sat=0.00
INFO 2026-07-27 15:26:27.224 joltshadow - docs §70: slip (player) w=3 grounded=1 kappa=0.179 fnGround=1356N omega=4.20
INFO 2026-07-27 15:26:27.224 joltshadow - docs §67: spin (player) w=3 driven=1 omega=4.20 rad/s surfaceSpeed=3.06 m/s spinSign=+1 motorTq=610Nm cmdTq=610Nm
INFO 2026-07-27 15:26:27.224 joltshadow - docs §67: drivetrain (player) gear=1 rpm=3521 driveTorque=2850Nm perWheel=712Nm driven=4 throttle=0.86 spin=1 | PRE-STEP brake=0.00 handBrake=0
INFO 2026-07-27 15:26:27.224 joltshadow - docs §66: tyre band SUM (player) fnGroundSum=2774N fnTotalSum=2826N weight=1864N carried=1.52 | penSum=0.02361 recs tyre=8 rim=6 stale=0
INFO 2026-07-27 15:26:27.224 joltshadow - docs §30: REAL ODE chassis COM (player) body=333D4448 = (938.668, 241.089, 397.896) forward=(0.999, 0.011, 0.041)
INFO 2026-07-27 15:26:27.224 joltshadow - docs §33: real ODE chassis geom (player) #1 = class 0 (not a transform) pos=(938.668,241.089,397.896) radius=4.000
INFO 2026-07-27 15:26:27.224 joltshadow - docs §33: real ODE chassis geom (player) #2 = transform, inner class=1 pos=(0.000,1.675,0.000)
INFO 2026-07-27 15:26:27.224 joltshadow - docs §33: real ODE chassis geom (player) #3 = transform, inner class=1 pos=(0.000,2.829,2.168)
INFO 2026-07-27 15:26:27.224 joltshadow - docs §33: real ODE chassis geom (player) #4 = transform, inner class=1 pos=(0.000,4.624,-0.052)
INFO 2026-07-27 15:26:27.224 joltshadow - docs §33: real ODE chassis geom (player) #5 = transform, inner class=1 pos=(0.000,3.010,-1.827)
INFO 2026-07-27 15:26:27.224 joltshadow - docs §33: real ODE chassis geom (player) #6 = class 0 (not a transform) pos=(938.668,241.089,397.896) radius=30.000
INFO 2026-07-27 15:26:27.224 joltshadow - docs §33: real ODE chassis geom (player) #7 = class 0 (not a transform) pos=(938.668,241.089,397.896) radius=6.789
INFO 2026-07-27 15:26:27.224 joltshadow - docs §33: real ODE chassis geom (player) #8 = class 0 (not a transform) pos=(938.668,241.089,397.896) radius=200.000
INFO 2026-07-27 15:26:27.224 joltshadow - docs §33: real ODE chassis (player) has 8 total geom(s) directly attached (4 transform(s)) - compare against BuildChassisCompoundShape's own part/geom count in the build log
INFO 2026-07-27 15:26:27.224 joltshadow - docs §28: REAL ODE wheel state (player) wheel=0 displacement=-0.0051 range=1.000 (-1% compressed, signed) foreAft=2.663 localZ=2.663 cfm=0.002500 erp=0.2500
INFO 2026-07-27 15:26:27.224 joltshadow - docs §28: REAL ODE wheel state (player) wheel=1 displacement=-0.0027 range=1.000 (-0% compressed, signed) foreAft=2.663 localZ=2.663 cfm=0.002500 erp=0.2500
INFO 2026-07-27 15:26:27.224 joltshadow - docs §28: REAL ODE wheel state (player) wheel=2 displacement=-0.0042 range=1.000 (-0% compressed, signed) foreAft=-1.944 localZ=-1.944 cfm=0.002000 erp=0.2500
INFO 2026-07-27 15:26:27.224 joltshadow - docs §28: REAL ODE wheel state (player) wheel=3 displacement=-0.0074 range=1.000 (-1% compressed, signed) foreAft=-1.944 localZ=-1.944 cfm=0.002000 erp=0.2500
INFO 2026-07-27 15:26:27.236 joltshadow - docs §70.1: slipdense (player) f=64 w=0 grounded=0 kappa=0.000 fnGround=0 omega=23.24 | ftGround=0N target=23.3 limit=614Nm motorNm=4 tyreNm=0 inertia=2.91 limRot=0/-2/0 omegaPre=23.24 posN=-5/80/0 susp=0.0188 springN=-107
INFO 2026-07-27 15:26:27.236 joltshadow - docs §70.1: slipdense (player) f=64 w=1 grounded=1 kappa=5.432 fnGround=20 omega=23.24 | ftGround=31N target=23.3 limit=614Nm motorNm=26 tyreNm=-23 inertia=2.91 limRot=0/-0/0 omegaPre=23.24 posN=26/48/0 susp=0.0103 springN=-86
INFO 2026-07-27 15:26:27.236 joltshadow - docs §70.1: slipdense (player) f=64 w=2 grounded=1 kappa=0.119 fnGround=1387 omega=3.98 | ftGround=820N target=23.3 limit=614Nm motorNm=614 tyreNm=-585 inertia=2.91 limRot=0/102/1 omegaPre=3.96 posN=138/-820/0 susp=-0.1749 springN=1290
INFO 2026-07-27 15:26:27.236 joltshadow - docs §70.1: slipdense (player) f=64 w=3 grounded=1 kappa=0.115 fnGround=1357 omega=4.13 | ftGround=806N target=23.3 limit=614Nm motorNm=614 tyreNm=-587 inertia=2.91 limRot=0/97/22 omegaPre=4.11 posN=71/-827/0 susp=-0.2034 springN=1536
INFO 2026-07-27 15:26:27.236 joltshadow - docs §78: attdense (player) f=64 joltTilt=5.81 odeTilt=3.70 upDelta=2.99 wBody=(-0.02,-0.04,-0.03) |w|=0.05 grounded=3
INFO 2026-07-27 15:26:27.248 joltshadow - docs §70.1: slipdense (player) f=68 w=0 grounded=0 kappa=0.000 fnGround=0 omega=23.26 | ftGround=0N target=23.3 limit=617Nm motorNm=4 tyreNm=0 inertia=2.91 limRot=0/8/0 omegaPre=23.25 posN=-5/81/0 susp=0.0184 springN=-103
INFO 2026-07-27 15:26:27.248 joltshadow - docs §70.1: slipdense (player) f=68 w=1 grounded=1 kappa=5.242 fnGround=13 omega=23.26 | ftGround=19N target=23.3 limit=617Nm motorNm=18 tyreNm=-14 inertia=2.91 limRot=0/-3/0 omegaPre=23.25 posN=15/58/0 susp=0.0114 springN=-93
INFO 2026-07-27 15:26:27.248 joltshadow - docs §70.1: slipdense (player) f=68 w=2 grounded=1 kappa=0.115 fnGround=1386 omega=4.11 | ftGround=824N target=23.3 limit=617Nm motorNm=617 tyreNm=-587 inertia=2.91 limRot=0/106/1 omegaPre=4.27 posN=144/-822/0 susp=-0.1736 springN=1255
INFO 2026-07-27 15:26:27.248 joltshadow - docs §70.1: slipdense (player) f=68 w=3 grounded=1 kappa=0.112 fnGround=1357 omega=4.25 | ftGround=810N target=23.3 limit=617Nm motorNm=617 tyreNm=-590 inertia=2.91 limRot=0/101/23 omegaPre=4.42 posN=78/-831/0 susp=-0.2032 springN=1506
INFO 2026-07-27 15:26:27.249 joltshadow - docs §78: attdense (player) f=68 joltTilt=5.83 odeTilt=3.60 upDelta=3.05 wBody=(-0.01,-0.04,-0.02) |w|=0.04 grounded=3
INFO 2026-07-27 15:26:27.260 joltshadow - docs §70.1: slipdense (player) f=72 w=0 grounded=0 kappa=0.000 fnGround=0 omega=23.27 | ftGround=0N target=23.3 limit=620Nm motorNm=3 tyreNm=0 inertia=2.91 limRot=0/-8/0 omegaPre=23.27 posN=-2/80/0 susp=0.0181 springN=-100
INFO 2026-07-27 15:26:27.260 joltshadow - docs §70.1: slipdense (player) f=72 w=1 grounded=1 kappa=5.107 fnGround=6 omega=23.27 | ftGround=9N target=23.3 limit=620Nm motorNm=10 tyreNm=-6 inertia=2.91 limRot=0/-22/0 omegaPre=23.27 posN=7/69/0 susp=0.0123 springN=-99
INFO 2026-07-27 15:26:27.260 joltshadow - docs §70.1: slipdense (player) f=72 w=2 grounded=1 kappa=0.171 fnGround=1378 omega=4.43 | ftGround=835N target=23.3 limit=620Nm motorNm=620 tyreNm=-592 inertia=2.91 limRot=0/76/-0 omegaPre=4.40 posN=108/-834/0 susp=-0.1717 springN=1223
INFO 2026-07-27 15:26:27.261 joltshadow - docs §70.1: slipdense (player) f=72 w=3 grounded=1 kappa=0.165 fnGround=1357 omega=4.57 | ftGround=820N target=23.3 limit=620Nm motorNm=620 tyreNm=-593 inertia=2.91 limRot=0/71/21 omegaPre=4.54 posN=43/-838/0 susp=-0.2021 springN=1474
INFO 2026-07-27 15:26:27.261 joltshadow - docs §78: attdense (player) f=72 joltTilt=5.84 odeTilt=3.52 upDelta=3.09 wBody=(0.01,-0.03,-0.02) |w|=0.04 grounded=3
INFO 2026-07-27 15:26:27.271 joltshadow - docs §70.1: slipdense (player) f=76 w=0 grounded=0 kappa=0.000 fnGround=0 omega=23.29 | ftGround=0N target=23.3 limit=623Nm motorNm=4 tyreNm=0 inertia=2.91 limRot=0/-16/0 omegaPre=23.28 posN=-1/53/0 susp=0.0177 springN=-97
INFO 2026-07-27 15:26:27.271 joltshadow - docs §70.1: slipdense (player) f=76 w=1 grounded=1 kappa=4.947 fnGround=0 omega=23.29 | ftGround=0N target=23.3 limit=623Nm motorNm=4 tyreNm=0 inertia=2.91 limRot=0/-34/0 omegaPre=23.28 posN=-1/49/0 susp=0.0132 springN=-103
INFO 2026-07-27 15:26:27.271 joltshadow - docs §70.1: slipdense (player) f=76 w=2 grounded=1 kappa=0.110 fnGround=1349 omega=4.54 | ftGround=554N target=23.3 limit=623Nm motorNm=623 tyreNm=-393 inertia=2.91 limRot=0/76/1 omegaPre=4.30 posN=108/-576/0 susp=-0.1696 springN=1195
INFO 2026-07-27 15:26:27.271 joltshadow - docs §70.1: slipdense (player) f=76 w=3 grounded=1 kappa=0.107 fnGround=1357 omega=4.67 | ftGround=547N target=23.3 limit=623Nm motorNm=623 tyreNm=-395 inertia=2.91 limRot=0/73/15 omegaPre=4.44 posN=46/-582/0 susp=-0.2005 springN=1442
INFO 2026-07-27 15:26:27.272 joltshadow - docs §78: attdense (player) f=76 joltTilt=5.85 odeTilt=3.44 upDelta=3.13 wBody=(0.02,-0.03,-0.02) |w|=0.04 grounded=3
INFO 2026-07-27 15:26:27.283 joltshadow - docs §70.1: slipdense (player) f=80 w=0 grounded=0 kappa=0.000 fnGround=0 omega=23.30 | ftGround=0N target=23.3 limit=626Nm motorNm=4 tyreNm=0 inertia=2.91 limRot=0/-34/0 omegaPre=23.29 posN=-1/53/0 susp=0.0174 springN=-94
INFO 2026-07-27 15:26:27.283 joltshadow - docs §70.1: slipdense (player) f=80 w=1 grounded=0 kappa=0.000 fnGround=0 omega=23.30 | ftGround=0N target=23.3 limit=626Nm motorNm=4 tyreNm=0 inertia=2.91 limRot=0/-49/0 omegaPre=23.29 posN=-1/49/0 susp=0.0140 springN=-106
INFO 2026-07-27 15:26:27.283 joltshadow - docs §70.1: slipdense (player) f=80 w=2 grounded=1 kappa=0.107 fnGround=1309 omega=4.65 | ftGround=556N target=23.3 limit=626Nm motorNm=626 tyreNm=-394 inertia=2.91 limRot=0/76/1 omegaPre=4.41 posN=108/-575/0 susp=-0.1671 springN=1161
INFO 2026-07-27 15:26:27.283 joltshadow - docs §70.1: slipdense (player) f=80 w=3 grounded=1 kappa=0.105 fnGround=1358 omega=4.77 | ftGround=549N target=23.3 limit=626Nm motorNm=626 tyreNm=-396 inertia=2.91 limRot=0/72/15 omegaPre=4.54 posN=47/-583/0 susp=-0.1984 springN=1408
INFO 2026-07-27 15:26:27.283 joltshadow - docs §78: attdense (player) f=80 joltTilt=5.84 odeTilt=3.36 upDelta=3.16 wBody=(0.03,-0.03,-0.01) |w|=0.05 grounded=2
INFO 2026-07-27 15:26:27.296 joltshadow - docs §70.1: slipdense (player) f=84 w=0 grounded=0 kappa=0.000 fnGround=0 omega=23.31 | ftGround=0N target=23.3 limit=629Nm motorNm=3 tyreNm=0 inertia=2.91 limRot=0/-58/0 omegaPre=23.31 posN=-0/82/0 susp=0.0169 springN=-91
INFO 2026-07-27 15:26:27.296 joltshadow - docs §70.1: slipdense (player) f=84 w=1 grounded=0 kappa=0.000 fnGround=0 omega=23.31 | ftGround=0N target=23.3 limit=629Nm motorNm=3 tyreNm=0 inertia=2.91 limRot=0/-69/0 omegaPre=23.31 posN=-0/77/0 susp=0.0149 springN=-108
INFO 2026-07-27 15:26:27.296 joltshadow - docs §70.1: slipdense (player) f=84 w=2 grounded=1 kappa=0.159 fnGround=1255 omega=4.78 | ftGround=846N target=23.3 limit=629Nm motorNm=629 tyreNm=-601 inertia=2.91 limRot=0/75/-1 omegaPre=4.75 posN=106/-836/0 susp=-0.1635 springN=1116
INFO 2026-07-27 15:26:27.296 joltshadow - docs §70.1: slipdense (player) f=84 w=3 grounded=1 kappa=0.155 fnGround=1358 omega=4.90 | ftGround=834N target=23.3 limit=629Nm motorNm=629 tyreNm=-602 inertia=2.91 limRot=0/69/21 omegaPre=4.87 posN=44/-845/0 susp=-0.1952 springN=1365
INFO 2026-07-27 15:26:27.296 joltshadow - docs §78: attdense (player) f=84 joltTilt=5.84 odeTilt=3.27 upDelta=3.19 wBody=(0.04,-0.03,-0.01) |w|=0.05 grounded=2
INFO 2026-07-27 15:26:27.307 joltshadow - docs §70.1: slipdense (player) f=88 w=0 grounded=0 kappa=0.000 fnGround=0 omega=23.32 | ftGround=0N target=23.3 limit=632Nm motorNm=3 tyreNm=0 inertia=2.91 limRot=0/-54/0 omegaPre=23.32 posN=-0/83/0 susp=0.0165 springN=-89
INFO 2026-07-27 15:26:27.307 joltshadow - docs §70.1: slipdense (player) f=88 w=1 grounded=0 kappa=0.000 fnGround=0 omega=23.32 | ftGround=0N target=23.3 limit=632Nm motorNm=3 tyreNm=0 inertia=2.91 limRot=0/-58/0 omegaPre=23.32 posN=-0/77/0 susp=0.0155 springN=-108
INFO 2026-07-27 15:26:27.307 joltshadow - docs §70.1: slipdense (player) f=88 w=2 grounded=1 kappa=0.155 fnGround=1214 omega=4.89 | ftGround=850N target=23.3 limit=632Nm motorNm=632 tyreNm=-604 inertia=2.91 limRot=0/79/-1 omegaPre=4.86 posN=109/-836/0 susp=-0.1597 springN=1074
INFO 2026-07-27 15:26:27.307 joltshadow - docs §70.1: slipdense (player) f=88 w=3 grounded=1 kappa=0.152 fnGround=1358 omega=5.01 | ftGround=839N target=23.3 limit=632Nm motorNm=632 tyreNm=-605 inertia=2.91 limRot=0/72/21 omegaPre=4.98 posN=49/-848/0 susp=-0.1917 springN=1323
INFO 2026-07-27 15:26:27.308 joltshadow - docs §78: attdense (player) f=88 joltTilt=5.82 odeTilt=3.22 upDelta=3.18 wBody=(0.05,-0.03,-0.01) |w|=0.06 grounded=2
INFO 2026-07-27 15:26:27.320 joltshadow - docs §70.1: slipdense (player) f=92 w=0 grounded=0 kappa=0.000 fnGround=0 omega=23.33 | ftGround=0N target=23.3 limit=636Nm motorNm=2 tyreNm=0 inertia=2.91 limRot=0/-35/0 omegaPre=23.33 posN=0/83/0 susp=0.0162 springN=-87
INFO 2026-07-27 15:26:27.320 joltshadow - docs §70.1: slipdense (player) f=92 w=1 grounded=0 kappa=0.000 fnGround=0 omega=23.33 | ftGround=0N target=23.3 limit=636Nm motorNm=2 tyreNm=0 inertia=2.91 limRot=0/-37/0 omegaPre=23.33 posN=0/76/0 susp=0.0160 springN=-107
INFO 2026-07-27 15:26:27.320 joltshadow - docs §70.1: slipdense (player) f=92 w=2 grounded=1 kappa=0.151 fnGround=1171 omega=5.01 | ftGround=852N target=23.3 limit=636Nm motorNm=636 tyreNm=-606 inertia=2.91 limRot=0/79/-1 omegaPre=4.98 posN=109/-836/0 susp=-0.1555 springN=1031
INFO 2026-07-27 15:26:27.320 joltshadow - docs §70.1: slipdense (player) f=92 w=3 grounded=1 kappa=0.138 fnGround=1355 omega=5.08 | ftGround=781N target=23.3 limit=636Nm motorNm=636 tyreNm=-601 inertia=2.91 limRot=0/72/14 omegaPre=5.05 posN=58/-835/0 susp=-0.1878 springN=1283
INFO 2026-07-27 15:26:27.320 joltshadow - docs §78: attdense (player) f=92 joltTilt=5.80 odeTilt=3.21 upDelta=3.15 wBody=(0.06,-0.02,-0.01) |w|=0.07 grounded=2
INFO 2026-07-27 15:26:27.333 joltshadow - docs §70.1: slipdense (player) f=96 w=0 grounded=0 kappa=0.000 fnGround=0 omega=23.34 | ftGround=0N target=23.3 limit=639Nm motorNm=2 tyreNm=0 inertia=2.91 limRot=0/-17/0 omegaPre=23.34 posN=1/84/0 susp=0.0158 springN=-86
INFO 2026-07-27 15:26:27.333 joltshadow - docs §70.1: slipdense (player) f=96 w=1 grounded=0 kappa=0.000 fnGround=0 omega=23.34 | ftGround=0N target=23.3 limit=639Nm motorNm=2 tyreNm=0 inertia=2.91 limRot=0/-18/0 omegaPre=23.34 posN=1/78/0 susp=0.0164 springN=-104
INFO 2026-07-27 15:26:27.333 joltshadow - docs §70.1: slipdense (player) f=96 w=2 grounded=1 kappa=0.148 fnGround=1122 omega=5.14 | ftGround=857N target=23.3 limit=639Nm motorNm=639 tyreNm=-610 inertia=2.91 limRot=0/72/-1 omegaPre=5.11 posN=100/-837/0 susp=-0.1506 springN=985
INFO 2026-07-27 15:26:27.333 joltshadow - docs §70.1: slipdense (player) f=96 w=3 grounded=1 kappa=0.140 fnGround=1313 omega=5.22 | ftGround=813N target=23.3 limit=639Nm motorNm=639 tyreNm=-608 inertia=2.91 limRot=0/64/17 omegaPre=5.19 posN=47/-842/0 susp=-0.1834 springN=1244
INFO 2026-07-27 15:26:27.333 joltshadow - docs §78: attdense (player) f=96 joltTilt=5.77 odeTilt=3.27 upDelta=3.06 wBody=(0.07,-0.02,-0.01) |w|=0.08 grounded=2
INFO 2026-07-27 15:26:27.348 joltshadow - docs §70.1: slipdense (player) f=100 w=0 grounded=0 kappa=0.000 fnGround=0 omega=23.35 | ftGround=0N target=23.3 limit=642Nm motorNm=2 tyreNm=0 inertia=2.91 limRot=0/14/0 omegaPre=23.35 posN=1/86/0 susp=0.0154 springN=-85
INFO 2026-07-27 15:26:27.348 joltshadow - docs §70.1: slipdense (player) f=100 w=1 grounded=0 kappa=0.000 fnGround=0 omega=23.35 | ftGround=0N target=23.3 limit=642Nm motorNm=2 tyreNm=0 inertia=2.91 limRot=0/15/0 omegaPre=23.35 posN=1/77/0 susp=0.0165 springN=-100
INFO 2026-07-27 15:26:27.348 joltshadow - docs §70.1: slipdense (player) f=100 w=2 grounded=1 kappa=0.095 fnGround=1069 omega=5.08 | ftGround=856N target=23.3 limit=642Nm motorNm=642 tyreNm=-614 inertia=2.91 limRot=0/87/-1 omegaPre=5.04 posN=118/-831/0 susp=-0.1445 springN=929
INFO 2026-07-27 15:26:27.348 joltshadow - docs §70.1: slipdense (player) f=100 w=3 grounded=1 kappa=0.094 fnGround=1287 omega=5.17 | ftGround=849N target=23.3 limit=642Nm motorNm=642 tyreNm=-616 inertia=2.91 limRot=0/78/21 omegaPre=5.13 posN=59/-849/0 susp=-0.1778 springN=1190
INFO 2026-07-27 15:26:27.348 joltshadow - docs §78: attdense (player) f=100 joltTilt=5.74 odeTilt=3.41 upDelta=2.91 wBody=(0.08,-0.02,-0.01) |w|=0.08 grounded=2
INFO 2026-07-27 15:26:27.364 joltshadow - docs §70.1: slipdense (player) f=104 w=0 grounded=0 kappa=0.000 fnGround=0 omega=23.36 | ftGround=0N target=23.3 limit=646Nm motorNm=2 tyreNm=0 inertia=2.91 limRot=0/91/0 omegaPre=23.36 posN=6/86/0 susp=0.0150 springN=-83
INFO 2026-07-27 15:26:27.364 joltshadow - docs §70.1: slipdense (player) f=104 w=1 grounded=0 kappa=0.000 fnGround=0 omega=23.36 | ftGround=0N target=23.3 limit=646Nm motorNm=2 tyreNm=0 inertia=2.91 limRot=0/121/0 omegaPre=23.36 posN=6/73/0 susp=0.0164 springN=-95
INFO 2026-07-27 15:26:27.364 joltshadow - docs §70.1: slipdense (player) f=104 w=2 grounded=1 kappa=0.091 fnGround=1013 omega=5.24 | ftGround=857N target=23.3 limit=646Nm motorNm=646 tyreNm=-615 inertia=2.91 limRot=0/71/-2 omegaPre=5.31 posN=92/-827/0 susp=-0.1378 springN=872
INFO 2026-07-27 15:26:27.364 joltshadow - docs §70.1: slipdense (player) f=104 w=3 grounded=1 kappa=0.090 fnGround=1343 omega=5.30 | ftGround=852N target=23.3 limit=646Nm motorNm=646 tyreNm=-618 inertia=2.91 limRot=0/68/-7 omegaPre=5.37 posN=96/-817/0 susp=-0.1719 springN=1166
INFO 2026-07-27 15:26:27.364 joltshadow - docs §78: attdense (player) f=104 joltTilt=5.69 odeTilt=3.61 upDelta=2.69 wBody=(0.09,-0.01,-0.00) |w|=0.09 grounded=2
INFO 2026-07-27 15:26:27.381 joltshadow - docs §70.1: slipdense (player) f=108 w=0 grounded=0 kappa=0.000 fnGround=0 omega=23.37 | ftGround=0N target=23.3 limit=650Nm motorNm=2 tyreNm=0 inertia=2.91 limRot=0/448/0 omegaPre=23.37 posN=22/92/0 susp=0.0146 springN=-82
INFO 2026-07-27 15:26:27.381 joltshadow - docs §70.1: slipdense (player) f=108 w=1 grounded=0 kappa=0.000 fnGround=0 omega=23.37 | ftGround=0N target=23.3 limit=650Nm motorNm=3 tyreNm=0 inertia=2.91 limRot=0/612/0 omegaPre=23.37 posN=22/69/0 susp=0.0161 springN=-90
INFO 2026-07-27 15:26:27.382 joltshadow - docs §70.1: slipdense (player) f=108 w=2 grounded=1 kappa=0.089 fnGround=951 omega=5.42 | ftGround=862N target=23.3 limit=650Nm motorNm=650 tyreNm=-619 inertia=2.91 limRot=0/32/-5 omegaPre=5.38 posN=38/-822/0 susp=-0.1304 springN=813
INFO 2026-07-27 15:26:27.382 joltshadow - docs §70.1: slipdense (player) f=108 w=3 grounded=1 kappa=0.087 fnGround=1229 omega=5.43 | ftGround=848N target=23.3 limit=650Nm motorNm=650 tyreNm=-630 inertia=2.91 limRot=0/32/-7 omegaPre=5.41 posN=44/-834/0 susp=-0.1669 springN=1145
INFO 2026-07-27 15:26:27.382 joltshadow - docs §78: attdense (player) f=108 joltTilt=5.64 odeTilt=3.82 upDelta=2.46 wBody=(0.10,-0.00,-0.00) |w|=0.10 grounded=2
INFO 2026-07-27 15:26:27.382 joltshadow - docs §82: resync (player) #0 dt=0.50s upMax=3.190 deg posMax=2.357 m odeTiltPath=2.440 deg gain=1.3070
INFO 2026-07-27 15:26:27.382 joltshadow - docs §87: resync landing (player) w=0 pre=0.0327 post=-0.0006 m R=0.727 dY=-0.0144 dRotDeg=5.68 |corr|=2.3572 m
INFO 2026-07-27 15:26:27.382 joltshadow - docs §87: resync landing (player) w=1 pre=0.0028 post=0.0007 m R=0.727 dY=-0.0144 dRotDeg=5.68 |corr|=2.3572 m
INFO 2026-07-27 15:26:27.382 joltshadow - docs §87: resync landing (player) w=2 pre=-0.0064 post=0.0004 m R=0.727 dY=-0.0144 dRotDeg=5.68 |corr|=2.3572 m
INFO 2026-07-27 15:26:27.382 joltshadow - docs §87: resync landing (player) w=3 pre=-0.0082 post=-0.0007 m R=0.727 dY=-0.0144 dRotDeg=5.68 |corr|=2.3572 m
INFO 2026-07-27 15:26:27.382 joltshadow - docs §82: resync RESIDUAL (player) #0 pos=0.0000 m up=0.0000 deg
INFO 2026-07-27 15:26:27.397 joltshadow - docs §70.1: slipdense (player) f=112 w=0 grounded=1 kappa=0.904 fnGround=715 omega=23.01 | ftGround=1025N target=23.3 limit=653Nm motorNm=653 tyreNm=-734 inertia=2.91 limRot=0/2266/0 omegaPre=23.10 posN=814/-805/0 susp=-0.1142 springN=502
INFO 2026-07-27 15:26:27.397 joltshadow - docs §70.1: slipdense (player) f=112 w=1 grounded=1 kappa=0.920 fnGround=1042 omega=21.35 | ftGround=1489N target=23.3 limit=653Nm motorNm=653 tyreNm=-1058 inertia=2.91 limRot=0/3020/0 omegaPre=21.78 posN=1420/-781/0 susp=-0.1031 springN=617
INFO 2026-07-27 15:26:27.397 joltshadow - docs §70.1: slipdense (player) f=112 w=2 grounded=1 kappa=-0.064 fnGround=914 omega=13.51 | ftGround=-1082N target=23.3 limit=653Nm motorNm=653 tyreNm=801 inertia=2.91 limRot=0/-321/2 omegaPre=12.01 posN=-419/1015/0 susp=-0.0985 springN=644
INFO 2026-07-27 15:26:27.397 joltshadow - docs §70.1: slipdense (player) f=112 w=3 grounded=1 kappa=0.034 fnGround=1655 omega=13.06 | ftGround=548N target=23.3 limit=653Nm motorNm=653 tyreNm=-364 inertia=2.91 limRot=0/-497/3 omegaPre=12.76 posN=-664/-349/0 susp=-0.1278 springN=1112
INFO 2026-07-27 15:26:27.398 joltshadow - docs §78: attdense (player) f=112 joltTilt=4.03 odeTilt=3.98 upDelta=0.05 wBody=(-0.10,0.12,-0.22) |w|=0.28 grounded=4
INFO 2026-07-27 15:26:27.410 joltshadow - docs §70.1: slipdense (player) f=116 w=0 grounded=1 kappa=0.969 fnGround=646 omega=22.63 | ftGround=921N target=23.3 limit=655Nm motorNm=655 tyreNm=-655 inertia=2.91 limRot=0/3151/0 omegaPre=22.65 posN=891/-434/0 susp=-0.1047 springN=414
INFO 2026-07-27 15:26:27.411 joltshadow - docs §70.1: slipdense (player) f=116 w=1 grounded=1 kappa=0.920 fnGround=801 omega=20.04 | ftGround=1137N target=23.3 limit=655Nm motorNm=655 tyreNm=-804 inertia=2.91 limRot=0/3859/0 omegaPre=20.22 posN=1226/-182/0 susp=-0.1034 springN=619
INFO 2026-07-27 15:26:27.411 joltshadow - docs §70.1: slipdense (player) f=116 w=2 grounded=1 kappa=0.054 fnGround=900 omega=13.62 | ftGround=914N target=23.3 limit=655Nm motorNm=655 tyreNm=-634 inertia=2.91 limRot=0/-337/-2 omegaPre=13.60 posN=-454/-890/0 susp=-0.0960 springN=670
INFO 2026-07-27 15:26:27.411 joltshadow - docs §70.1: slipdense (player) f=116 w=3 grounded=1 kappa=0.049 fnGround=1367 omega=13.53 | ftGround=822N target=23.3 limit=655Nm motorNm=655 tyreNm=-553 inertia=2.91 limRot=0/-503/-8 omegaPre=13.43 posN=-682/-595/0 susp=-0.1365 springN=1269
INFO 2026-07-27 15:26:27.411 joltshadow - docs §78: attdense (player) f=116 joltTilt=4.23 odeTilt=4.06 upDelta=0.18 wBody=(-0.15,0.03,-0.25) |w|=0.29 grounded=4
INFO 2026-07-27 15:26:27.423 joltshadow - docs §70.1: slipdense (player) f=120 w=0 grounded=1 kappa=1.195 fnGround=446 omega=22.97 | ftGround=633N target=23.3 limit=657Nm motorNm=531 tyreNm=-452 inertia=2.91 limRot=0/2602/-11455 omegaPre=22.91 posN=283/-240/0 susp=-0.0952 springN=317
INFO 2026-07-27 15:26:27.423 joltshadow - docs §70.1: slipdense (player) f=120 w=1 grounded=1 kappa=0.817 fnGround=674 omega=19.75 | ftGround=956N target=23.3 limit=657Nm motorNm=657 tyreNm=-676 inertia=2.91 limRot=0/2689/0 omegaPre=19.76 posN=730/120/0 susp=-0.1023 springN=569
INFO 2026-07-27 15:26:27.423 joltshadow - docs §70.1: slipdense (player) f=120 w=2 grounded=1 kappa=0.058 fnGround=787 omega=13.66 | ftGround=900N target=23.3 limit=657Nm motorNm=657 tyreNm=-629 inertia=2.91 limRot=0/-229/16 omegaPre=13.64 posN=-177/-1006/0 susp=-0.0945 springN=659
INFO 2026-07-27 15:26:27.423 joltshadow - docs §70.1: slipdense (player) f=120 w=3 grounded=1 kappa=0.049 fnGround=1381 omega=13.70 | ftGround=1261N target=23.3 limit=657Nm motorNm=657 tyreNm=-869 inertia=2.91 limRot=0/-378/7 omegaPre=13.85 posN=-377/-927/0 susp=-0.1441 springN=1310
INFO 2026-07-27 15:26:27.423 joltshadow - docs §78: attdense (player) f=120 joltTilt=4.43 odeTilt=4.08 upDelta=0.37 wBody=(-0.18,-0.09,-0.26) |w|=0.33 grounded=4
INFO 2026-07-27 15:26:27.423 joltshadow - Shadow divergence (player): pos=1.771m vel=0.742m/s angle=0.5deg (jolt com=[939.4 242.6 397.7] ode com=[940.4 241.1 397.8])
INFO 2026-07-27 15:26:27.423 joltshadow - docs §23.6: driver input (player) realThrottle=0.92 brake=0.00 handBrake=0 steerRad=-0.090
INFO 2026-07-27 15:26:27.423 joltshadow - docs §32: Jolt SHADOW chassis pitch (player) forward=(1.000, 0.016, -0.007)
INFO 2026-07-27 15:26:27.423 joltshadow - docs §69: tilt (player) jolt=4.4 deg ode=4.1 deg delta=+0.4 deg upDelta=0.37 deg
INFO 2026-07-27 15:26:27.423 joltshadow - docs §32.4: Jolt SHADOW chassis lowest corner (player) = (936.66,242.18,396.28) clearanceToGround=1.001
INFO 2026-07-27 15:26:27.423 joltshadow - docs §23.5: wheel state (player) wheel=0 contact=0 suspLen=1.050 (range 0.050-1.050, 0% compressed) angVel=0.00
INFO 2026-07-27 15:26:27.423 joltshadow - docs §38.11: wheel=0 NO contact, worldAxle=(0.005,0.076,0.997)
INFO 2026-07-27 15:26:27.423 joltshadow - docs §32: no-contact raycast (player) wheel=0 bodyPos=(940.35,242.46,397.75) localMPos=(-1.367,-0.436,2.663) origin=(943.03,242.17,399.13) dir=(0.017,-0.997,0.076) normalRayLen=1.777 groundFoundAt=0.000 shortfallBeyondTravel=-1.777 hitBody=8388616 hitLayer=4 hitMotion=2 hitIsSelfChassis=0
INFO 2026-07-27 15:26:27.423 joltshadow - docs §23.5: wheel state (player) wheel=1 contact=0 suspLen=1.050 (range 0.050-1.050, 0% compressed) angVel=0.00
INFO 2026-07-27 15:26:27.424 joltshadow - docs §38.11: wheel=1 NO contact, worldAxle=(0.005,0.076,0.997)
INFO 2026-07-27 15:26:27.424 joltshadow - docs §32: no-contact raycast (player) wheel=1 bodyPos=(940.35,242.46,397.75) localMPos=(1.369,-0.436,2.663) origin=(943.02,241.96,396.40) dir=(0.017,-0.997,0.076) normalRayLen=1.777 groundFoundAt=0.000 shortfallBeyondTravel=-1.777 hitBody=8388617 hitLayer=4 hitMotion=2 hitIsSelfChassis=0
INFO 2026-07-27 15:26:27.424 joltshadow - docs §23.5: wheel state (player) wheel=2 contact=0 suspLen=1.050 (range 0.050-1.050, 0% compressed) angVel=0.00
INFO 2026-07-27 15:26:27.424 joltshadow - docs §38.11: wheel=2 NO contact, worldAxle=(0.005,0.076,0.997)
INFO 2026-07-27 15:26:27.424 joltshadow - docs §32: no-contact raycast (player) wheel=2 bodyPos=(940.35,242.46,397.75) localMPos=(-1.367,-0.436,-1.944) origin=(938.42,242.10,399.16) dir=(0.017,-0.997,0.076) normalRayLen=1.777 groundFoundAt=0.000 shortfallBeyondTravel=-1.777 hitBody=8388611 hitLayer=4 hitMotion=2 hitIsSelfChassis=0
INFO 2026-07-27 15:26:27.424 joltshadow - docs §23.5: wheel state (player) wheel=3 contact=0 suspLen=1.050 (range 0.050-1.050, 0% compressed) angVel=0.00
INFO 2026-07-27 15:26:27.424 joltshadow - docs §38.11: wheel=3 NO contact, worldAxle=(0.005,0.076,0.997)
INFO 2026-07-27 15:26:27.424 joltshadow - docs §32: no-contact raycast (player) wheel=3 bodyPos=(940.35,242.46,397.75) localMPos=(1.369,-0.436,-1.944) origin=(938.41,241.89,396.43) dir=(0.017,-0.997,0.076) normalRayLen=1.777 groundFoundAt=0.000 shortfallBeyondTravel=-1.777 hitBody=8388612 hitLayer=4 hitMotion=2 hitIsSelfChassis=0
INFO 2026-07-27 15:26:27.424 joltshadow - docs §59/63: harvest (player) wheelsWithContact=4 contactPoints=16 overflow=0 (of 4) | maxNormalF=1381N bound(k_t*tau)=1398N ratio=0.99
INFO 2026-07-27 15:26:27.424 joltshadow - docs §58: wheel body (player) w=0 springF=317N stopF=0N travel=-0.0952 (limits -0.5000..0.5000 rel spawn) kSusp=6000 sagPredicted=0.0528 | frameTrav=-0.0952..-0.0952 frameStopN=0
INFO 2026-07-27 15:26:27.424 joltshadow - docs §66: tyre band (player) w=0 fnGround=446N fnTotal=451N pen=0.00469 penRaw=0.00469 tau=0.01165 pen/tau=0.40 | recs tyre=2 rim=2 survived=2 stale=0 distMax=0.99R
INFO 2026-07-27 15:26:27.424 joltshadow - docs §68: steer (player) w=0 steerable=1 commanded=-0.090 rad measured=-0.620 rad err=-30.37 deg steerSign=-1 steerTq=-1454Nm cap=1454Nm sat=1.00
INFO 2026-07-27 15:26:27.424 joltshadow - docs §70: slip (player) w=0 grounded=1 kappa=1.195 fnGround=446N omega=22.97
INFO 2026-07-27 15:26:27.424 joltshadow - docs §67: spin (player) w=0 driven=1 omega=22.97 rad/s surfaceSpeed=16.71 m/s spinSign=+1 motorTq=531Nm cmdTq=657Nm
INFO 2026-07-27 15:26:27.424 joltshadow - docs §58: wheel body (player) w=1 springF=569N stopF=0N travel=-0.1023 (limits -0.5000..0.5000 rel spawn) kSusp=6000 sagPredicted=0.0949 | frameTrav=-0.1023..-0.1023 frameStopN=0
INFO 2026-07-27 15:26:27.424 joltshadow - docs §66: tyre band (player) w=1 fnGround=674N fnTotal=677N pen=0.00636 penRaw=0.00636 tau=0.01165 pen/tau=0.55 | recs tyre=2 rim=2 survived=2 stale=0 distMax=0.99R
INFO 2026-07-27 15:26:27.424 joltshadow - docs §68: steer (player) w=1 steerable=1 commanded=-0.090 rad measured=-0.616 rad err=-30.11 deg steerSign=-1 steerTq=-2048Nm cap=2048Nm sat=1.00
INFO 2026-07-27 15:26:27.424 joltshadow - docs §70: slip (player) w=1 grounded=1 kappa=0.817 fnGround=674N omega=19.75
INFO 2026-07-27 15:26:27.424 joltshadow - docs §67: spin (player) w=1 driven=1 omega=19.75 rad/s surfaceSpeed=14.36 m/s spinSign=+1 motorTq=657Nm cmdTq=657Nm
INFO 2026-07-27 15:26:27.424 joltshadow - docs §58: wheel body (player) w=2 springF=659N stopF=0N travel=-0.0945 (limits -0.5000..0.5000 rel spawn) kSusp=7500 sagPredicted=0.0879 | frameTrav=-0.0945..-0.0945 frameStopN=0
INFO 2026-07-27 15:26:27.424 joltshadow - docs §66: tyre band (player) w=2 fnGround=787N fnTotal=790N pen=0.00689 penRaw=0.00689 tau=0.01165 pen/tau=0.59 | recs tyre=2 rim=2 survived=2 stale=0 distMax=0.99R
INFO 2026-07-27 15:26:27.424 joltshadow - docs §68: steer (player) w=2 steerable=0 commanded=-0.090 rad measured=0.000 rad err=5.17 deg steerSign=-1 steerTq=0Nm cap=340282346638528859811704183484516925440Nm sat=0.00
INFO 2026-07-27 15:26:27.424 joltshadow - docs §70: slip (player) w=2 grounded=1 kappa=0.058 fnGround=787N omega=13.66
INFO 2026-07-27 15:26:27.424 joltshadow - docs §67: spin (player) w=2 driven=1 omega=13.66 rad/s surfaceSpeed=9.94 m/s spinSign=+1 motorTq=657Nm cmdTq=657Nm
INFO 2026-07-27 15:26:27.424 joltshadow - docs §58: wheel body (player) w=3 springF=1310N stopF=0N travel=-0.1441 (limits -0.5000..0.5000 rel spawn) kSusp=7500 sagPredicted=0.1746 | frameTrav=-0.1441..-0.1441 frameStopN=0
INFO 2026-07-27 15:26:27.424 joltshadow - docs §66: tyre band (player) w=3 fnGround=1381N fnTotal=1391N pen=0.01152 penRaw=0.01152 tau=0.01165 pen/tau=0.99 | recs tyre=2 rim=2 survived=2 stale=0 distMax=0.98R
INFO 2026-07-27 15:26:27.424 joltshadow - docs §68: steer (player) w=3 steerable=0 commanded=-0.090 rad measured=0.000 rad err=5.17 deg steerSign=-1 steerTq=0Nm cap=340282346638528859811704183484516925440Nm sat=0.00
INFO 2026-07-27 15:26:27.425 joltshadow - docs §70: slip (player) w=3 grounded=1 kappa=0.049 fnGround=1381N omega=13.70
INFO 2026-07-27 15:26:27.425 joltshadow - docs §67: spin (player) w=3 driven=1 omega=13.70 rad/s surfaceSpeed=9.97 m/s spinSign=+1 motorTq=657Nm cmdTq=657Nm
INFO 2026-07-27 15:26:27.425 joltshadow - docs §67: drivetrain (player) gear=1 rpm=4522 driveTorque=2850Nm perWheel=712Nm driven=4 throttle=0.92 spin=1 | PRE-STEP brake=0.00 handBrake=0
INFO 2026-07-27 15:26:27.425 joltshadow - docs §66: tyre band SUM (player) fnGroundSum=3289N fnTotalSum=3309N weight=1864N carried=1.78 | penSum=0.02946 recs tyre=8 rim=8 stale=0
INFO 2026-07-27 15:26:27.425 joltshadow - docs §30: REAL ODE chassis COM (player) body=333D4448 = (940.384, 241.064, 397.835) forward=(1.000, 0.013, -0.011)
INFO 2026-07-27 15:26:27.425 joltshadow - docs §33: real ODE chassis geom (player) #1 = class 0 (not a transform) pos=(940.384,241.064,397.835) radius=4.000
INFO 2026-07-27 15:26:27.425 joltshadow - docs §33: real ODE chassis geom (player) #2 = transform, inner class=1 pos=(0.000,1.675,0.000)
INFO 2026-07-27 15:26:27.425 joltshadow - docs §33: real ODE chassis geom (player) #3 = transform, inner class=1 pos=(0.000,2.829,2.168)
INFO 2026-07-27 15:26:27.425 joltshadow - docs §33: real ODE chassis geom (player) #4 = transform, inner class=1 pos=(0.000,4.624,-0.052)
INFO 2026-07-27 15:26:27.425 joltshadow - docs §33: real ODE chassis geom (player) #5 = transform, inner class=1 pos=(0.000,3.010,-1.827)
INFO 2026-07-27 15:26:27.425 joltshadow - docs §33: real ODE chassis geom (player) #6 = class 0 (not a transform) pos=(940.384,241.064,397.835) radius=30.000
INFO 2026-07-27 15:26:27.425 joltshadow - docs §33: real ODE chassis geom (player) #7 = class 0 (not a transform) pos=(940.384,241.064,397.835) radius=6.789
INFO 2026-07-27 15:26:27.425 joltshadow - docs §33: real ODE chassis geom (player) #8 = class 0 (not a transform) pos=(940.384,241.064,397.835) radius=200.000
INFO 2026-07-27 15:26:27.425 joltshadow - docs §33: real ODE chassis (player) has 8 total geom(s) directly attached (4 transform(s)) - compare against BuildChassisCompoundShape's own part/geom count in the build log
INFO 2026-07-27 15:26:27.425 joltshadow - docs §28: REAL ODE wheel state (player) wheel=0 displacement=0.0149 range=1.000 (1% compressed, signed) foreAft=2.663 localZ=2.663 cfm=0.002500 erp=0.2500
INFO 2026-07-27 15:26:27.425 joltshadow - docs §28: REAL ODE wheel state (player) wheel=1 displacement=0.0306 range=1.000 (3% compressed, signed) foreAft=2.663 localZ=2.663 cfm=0.002500 erp=0.2500
INFO 2026-07-27 15:26:27.425 joltshadow - docs §28: REAL ODE wheel state (player) wheel=2 displacement=0.0231 range=1.000 (2% compressed, signed) foreAft=-1.944 localZ=-1.944 cfm=0.002000 erp=0.2500
INFO 2026-07-27 15:26:27.425 joltshadow - docs §28: REAL ODE wheel state (player) wheel=3 displacement=0.0357 range=1.000 (4% compressed, signed) foreAft=-1.944 localZ=-1.944 cfm=0.002000 erp=0.2500
INFO 2026-07-27 15:26:27.436 joltshadow - docs §70.1: slipdense (player) f=124 w=0 grounded=1 kappa=1.073 fnGround=287 omega=22.95 | ftGround=408N target=23.3 limit=659Nm motorNm=290 tyreNm=-294 inertia=2.91 limRot=0/1502/0 omegaPre=22.95 posN=328/-93/0 susp=-0.0819 springN=185
INFO 2026-07-27 15:26:27.436 joltshadow - docs §70.1: slipdense (player) f=124 w=1 grounded=1 kappa=0.714 fnGround=588 omega=19.91 | ftGround=834N target=23.3 limit=659Nm motorNm=659 tyreNm=-595 inertia=2.91 limRot=0/2249/0 omegaPre=19.84 posN=922/-55/0 susp=-0.0985 springN=485
INFO 2026-07-27 15:26:27.437 joltshadow - docs §70.1: slipdense (player) f=124 w=2 grounded=1 kappa=0.065 fnGround=732 omega=13.75 | ftGround=903N target=23.3 limit=659Nm motorNm=659 tyreNm=-642 inertia=2.91 limRot=0/-123/1 omegaPre=13.73 posN=-158/-903/0 susp=-0.0923 springN=630
INFO 2026-07-27 15:26:27.437 joltshadow - docs §70.1: slipdense (player) f=124 w=3 grounded=1 kappa=0.033 fnGround=1383 omega=14.28 | ftGround=582N target=23.3 limit=659Nm motorNm=659 tyreNm=-394 inertia=2.91 limRot=0/-200/0 omegaPre=14.01 posN=-257/-431/0 susp=-0.1524 springN=1362
INFO 2026-07-27 15:26:27.437 joltshadow - docs §78: attdense (player) f=124 joltTilt=4.68 odeTilt=4.06 upDelta=0.64 wBody=(-0.21,-0.17,-0.26) |w|=0.38 grounded=4
INFO 2026-07-27 15:26:27.449 joltshadow - docs §70.1: slipdense (player) f=128 w=0 grounded=1 kappa=0.956 fnGround=165 omega=22.94 | ftGround=235N target=23.3 limit=661Nm motorNm=173 tyreNm=-169 inertia=2.91 limRot=0/933/0 omegaPre=22.94 posN=100/-51/0 susp=-0.0686 springN=66
INFO 2026-07-27 15:26:27.449 joltshadow - docs §70.1: slipdense (player) f=128 w=1 grounded=1 kappa=0.625 fnGround=520 omega=20.35 | ftGround=739N target=23.3 limit=661Nm motorNm=661 tyreNm=-528 inertia=2.91 limRot=0/1636/0 omegaPre=20.26 posN=795/-96/0 susp=-0.0931 springN=405
INFO 2026-07-27 15:26:27.449 joltshadow - docs §70.1: slipdense (player) f=128 w=2 grounded=1 kappa=0.068 fnGround=712 omega=13.82 | ftGround=903N target=23.3 limit=661Nm motorNm=661 tyreNm=-649 inertia=2.91 limRot=0/-40/2 omegaPre=13.81 posN=-42/-892/0 susp=-0.0902 springN=607
INFO 2026-07-27 15:26:27.449 joltshadow - docs §70.1: slipdense (player) f=128 w=3 grounded=1 kappa=0.032 fnGround=1379 omega=14.34 | ftGround=860N target=23.3 limit=661Nm motorNm=661 tyreNm=-596 inertia=2.91 limRot=0/-43/2 omegaPre=14.30 posN=-36/-712/0 susp=-0.1592 springN=1399
INFO 2026-07-27 15:26:27.449 joltshadow - docs §78: attdense (player) f=128 joltTilt=4.88 odeTilt=4.00 upDelta=0.92 wBody=(-0.24,-0.23,-0.25) |w|=0.41 grounded=4
INFO 2026-07-27 15:26:27.460 joltshadow - docs §70.1: slipdense (player) f=132 w=0 grounded=1 kappa=0.840 fnGround=55 omega=22.92 | ftGround=79N target=23.3 limit=663Nm motorNm=79 tyreNm=-57 inertia=2.91 limRot=0/20/0 omegaPre=22.93 posN=-73/9/0 susp=-0.0542 springN=-45
INFO 2026-07-27 15:26:27.460 joltshadow - docs §70.1: slipdense (player) f=132 w=1 grounded=1 kappa=0.548 fnGround=448 omega=21.03 | ftGround=641N target=23.3 limit=663Nm motorNm=663 tyreNm=-455 inertia=2.91 limRot=0/1007/0 omegaPre=20.83 posN=662/-194/0 susp=-0.0860 springN=325
INFO 2026-07-27 15:26:27.460 joltshadow - docs §70.1: slipdense (player) f=132 w=2 grounded=1 kappa=0.069 fnGround=698 omega=13.90 | ftGround=897N target=23.3 limit=663Nm motorNm=663 tyreNm=-641 inertia=2.91 limRot=0/42/3 omegaPre=13.88 posN=63/-873/0 susp=-0.0881 springN=594
INFO 2026-07-27 15:26:27.460 joltshadow - docs §70.1: slipdense (player) f=132 w=3 grounded=1 kappa=0.049 fnGround=1375 omega=14.83 | ftGround=884N target=23.3 limit=663Nm motorNm=663 tyreNm=-601 inertia=2.91 limRot=0/107/6 omegaPre=14.77 posN=166/-757/0 susp=-0.1654 springN=1429
INFO 2026-07-27 15:26:27.461 joltshadow - docs §78: attdense (player) f=132 joltTilt=5.09 odeTilt=3.91 upDelta=1.22 wBody=(-0.26,-0.28,-0.23) |w|=0.44 grounded=4
INFO 2026-07-27 15:26:27.472 joltshadow - docs §70.1: slipdense (player) f=136 w=0 grounded=1 kappa=0.781 fnGround=0 omega=22.96 | ftGround=0N target=23.3 limit=665Nm motorNm=32 tyreNm=0 inertia=2.91 limRot=0/-1072/0 omegaPre=22.94 posN=-46/127/0 susp=-0.0404 springN=-137
INFO 2026-07-27 15:26:27.472 joltshadow - docs §70.1: slipdense (player) f=136 w=1 grounded=1 kappa=0.548 fnGround=357 omega=21.88 | ftGround=568N target=23.3 limit=665Nm motorNm=665 tyreNm=-405 inertia=2.91 limRot=0/-1088/0 omegaPre=21.71 posN=502/-346/0 susp=-0.0782 springN=244
INFO 2026-07-27 15:26:27.472 joltshadow - docs §70.1: slipdense (player) f=136 w=2 grounded=1 kappa=0.067 fnGround=603 omega=14.03 | ftGround=758N target=23.3 limit=665Nm motorNm=665 tyreNm=-588 inertia=2.91 limRot=0/100/1 omegaPre=13.97 posN=106/-725/0 susp=-0.0867 springN=605
INFO 2026-07-27 15:26:27.472 joltshadow - docs §70.1: slipdense (player) f=136 w=3 grounded=1 kappa=0.050 fnGround=1372 omega=14.79 | ftGround=1374N target=23.3 limit=665Nm motorNm=665 tyreNm=-960 inertia=2.91 limRot=0/216/2 omegaPre=14.99 posN=280/-1291/0 susp=-0.1706 springN=1451
INFO 2026-07-27 15:26:27.472 joltshadow - docs §78: attdense (player) f=136 joltTilt=5.26 odeTilt=3.82 upDelta=1.50 wBody=(-0.27,-0.29,-0.20) |w|=0.44 grounded=4
INFO 2026-07-27 15:26:27.484 joltshadow - docs §70.1: slipdense (player) f=140 w=0 grounded=0 kappa=0.000 fnGround=0 omega=22.97 | ftGround=0N target=23.3 limit=667Nm motorNm=3 tyreNm=0 inertia=2.91 limRot=0/-147/0 omegaPre=22.97 posN=21/128/0 susp=-0.0245 springN=-209
INFO 2026-07-27 15:26:27.485 joltshadow - docs §70.1: slipdense (player) f=140 w=1 grounded=1 kappa=0.589 fnGround=268 omega=22.92 | ftGround=523N target=23.3 limit=667Nm motorNm=667 tyreNm=-380 inertia=2.91 limRot=0/-434/0 omegaPre=22.55 posN=-49/-450/0 susp=-0.0677 springN=155
INFO 2026-07-27 15:26:27.485 joltshadow - docs §70.1: slipdense (player) f=140 w=2 grounded=1 kappa=0.062 fnGround=730 omega=14.16 | ftGround=877N target=23.3 limit=667Nm motorNm=667 tyreNm=-636 inertia=2.91 limRot=0/142/-8 omegaPre=14.12 posN=175/-787/0 susp=-0.0853 springN=605
INFO 2026-07-27 15:26:27.485 joltshadow - docs §70.1: slipdense (player) f=140 w=3 grounded=1 kappa=0.033 fnGround=1368 omega=14.95 | ftGround=922N target=23.3 limit=667Nm motorNm=667 tyreNm=-646 inertia=2.91 limRot=0/269/2 omegaPre=15.12 posN=365/-876/0 susp=-0.1762 springN=1475
INFO 2026-07-27 15:26:27.485 joltshadow - docs §78: attdense (player) f=140 joltTilt=5.46 odeTilt=3.72 upDelta=1.82 wBody=(-0.28,-0.28,-0.18) |w|=0.43 grounded=3
INFO 2026-07-27 15:26:27.498 joltshadow - docs §70.1: slipdense (player) f=144 w=0 grounded=0 kappa=0.000 fnGround=0 omega=22.98 | ftGround=0N target=23.3 limit=669Nm motorNm=2 tyreNm=0 inertia=2.91 limRot=0/-2/0 omegaPre=22.98 posN=-1/109/0 susp=-0.0103 springN=-243
INFO 2026-07-27 15:26:27.498 joltshadow - docs §70.1: slipdense (player) f=144 w=1 grounded=1 kappa=0.588 fnGround=181 omega=22.98 | ftGround=342N target=23.3 limit=669Nm motorNm=249 tyreNm=-248 inertia=2.91 limRot=0/-94/0 omegaPre=22.98 posN=-93/-270/0 susp=-0.0565 springN=76
INFO 2026-07-27 15:26:27.498 joltshadow - docs §70.1: slipdense (player) f=144 w=2 grounded=1 kappa=0.060 fnGround=741 omega=14.35 | ftGround=870N target=23.3 limit=669Nm motorNm=669 tyreNm=-623 inertia=2.91 limRot=0/183/-4 omegaPre=14.30 posN=232/-801/0 susp=-0.0845 springN=615
INFO 2026-07-27 15:26:27.498 joltshadow - docs §70.1: slipdense (player) f=144 w=3 grounded=1 kappa=0.050 fnGround=1366 omega=15.34 | ftGround=926N target=23.3 limit=669Nm motorNm=669 tyreNm=-635 inertia=2.91 limRot=0/333/10 omegaPre=15.31 posN=456/-893/0 susp=-0.1811 springN=1496
INFO 2026-07-27 15:26:27.498 joltshadow - docs §78: attdense (player) f=144 joltTilt=5.65 odeTilt=3.63 upDelta=2.12 wBody=(-0.28,-0.27,-0.15) |w|=0.41 grounded=3
INFO 2026-07-27 15:26:27.511 joltshadow - docs §70.1: slipdense (player) f=148 w=0 grounded=0 kappa=0.000 fnGround=0 omega=22.99 | ftGround=0N target=23.3 limit=671Nm motorNm=2 tyreNm=0 inertia=2.91 limRot=0/15/0 omegaPre=22.99 posN=2/88/0 susp=0.0021 springN=-251
INFO 2026-07-27 15:26:27.512 joltshadow - docs §70.1: slipdense (player) f=148 w=1 grounded=1 kappa=0.572 fnGround=95 omega=22.99 | ftGround=182N target=23.3 limit=671Nm motorNm=135 tyreNm=-133 inertia=2.91 limRot=0/-41/0 omegaPre=22.99 posN=-44/-130/0 susp=-0.0440 springN=-6
INFO 2026-07-27 15:26:27.512 joltshadow - docs §70.1: slipdense (player) f=148 w=2 grounded=1 kappa=0.061 fnGround=736 omega=14.55 | ftGround=868N target=23.3 limit=671Nm motorNm=671 tyreNm=-631 inertia=2.91 limRot=0/200/-8 omegaPre=14.50 posN=247/-825/0 susp=-0.0841 springN=620
INFO 2026-07-27 15:26:27.512 joltshadow - docs §70.1: slipdense (player) f=148 w=3 grounded=1 kappa=0.032 fnGround=1362 omega=15.48 | ftGround=609N target=23.3 limit=671Nm motorNm=671 tyreNm=-418 inertia=2.91 limRot=0/362/10 omegaPre=15.22 posN=493/-605/0 susp=-0.1860 springN=1518
INFO 2026-07-27 15:26:27.512 joltshadow - docs §78: attdense (player) f=148 joltTilt=5.84 odeTilt=3.57 upDelta=2.41 wBody=(-0.27,-0.26,-0.14) |w|=0.40 grounded=3
INFO 2026-07-27 15:26:27.524 joltshadow - docs §70.1: slipdense (player) f=152 w=0 grounded=0 kappa=0.000 fnGround=0 omega=23.00 | ftGround=0N target=23.3 limit=673Nm motorNm=3 tyreNm=0 inertia=2.91 limRot=0/10/0 omegaPre=23.00 posN=1/83/0 susp=0.0108 springN=-240
INFO 2026-07-27 15:26:27.524 joltshadow - docs §70.1: slipdense (player) f=152 w=1 grounded=1 kappa=0.561 fnGround=28 omega=23.00 | ftGround=54N target=23.3 limit=673Nm motorNm=77 tyreNm=-75 inertia=2.91 limRot=0/-28/0 omegaPre=23.00 posN=-23/-50/0 susp=-0.0323 springN=-73
INFO 2026-07-27 15:26:27.524 joltshadow - docs §70.1: slipdense (player) f=152 w=2 grounded=1 kappa=0.062 fnGround=735 omega=14.72 | ftGround=876N target=23.3 limit=673Nm motorNm=673 tyreNm=-638 inertia=2.91 limRot=0/205/-8 omegaPre=14.68 posN=252/-841/0 susp=-0.0838 springN=620
INFO 2026-07-27 15:26:27.525 joltshadow - docs §70.1: slipdense (player) f=152 w=3 grounded=1 kappa=0.032 fnGround=1361 omega=15.61 | ftGround=612N target=23.3 limit=673Nm motorNm=673 tyreNm=-421 inertia=2.91 limRot=0/370/11 omegaPre=15.35 posN=505/-620/0 susp=-0.1900 springN=1536
INFO 2026-07-27 15:26:27.525 joltshadow - docs §78: attdense (player) f=152 joltTilt=6.01 odeTilt=3.53 upDelta=2.64 wBody=(-0.26,-0.25,-0.12) |w|=0.38 grounded=3
INFO 2026-07-27 15:26:27.536 joltshadow - docs §70.1: slipdense (player) f=156 w=0 grounded=0 kappa=0.000 fnGround=0 omega=23.01 | ftGround=0N target=23.3 limit=675Nm motorNm=2 tyreNm=0 inertia=2.91 limRot=0/5/0 omegaPre=23.01 posN=-3/91/0 susp=0.0166 springN=-223
INFO 2026-07-27 15:26:27.537 joltshadow - docs §70.1: slipdense (player) f=156 w=1 grounded=1 kappa=0.546 fnGround=119 omega=23.01 | ftGround=229N target=23.3 limit=675Nm motorNm=175 tyreNm=-172 inertia=2.91 limRot=0/-69/0 omegaPre=23.01 posN=-48/-179/0 susp=-0.0230 springN=-77
INFO 2026-07-27 15:26:27.537 joltshadow - docs §70.1: slipdense (player) f=156 w=2 grounded=1 kappa=0.061 fnGround=738 omega=14.88 | ftGround=876N target=23.3 limit=675Nm motorNm=675 tyreNm=-638 inertia=2.91 limRot=0/212/-8 omegaPre=14.84 posN=265/-837/0 susp=-0.0835 springN=620
INFO 2026-07-27 15:26:27.537 joltshadow - docs §70.1: slipdense (player) f=156 w=3 grounded=1 kappa=0.033 fnGround=1359 omega=15.74 | ftGround=637N target=23.3 limit=675Nm motorNm=675 tyreNm=-439 inertia=2.91 limRot=0/380/12 omegaPre=15.50 posN=523/-642/0 susp=-0.1933 springN=1551
INFO 2026-07-27 15:26:27.537 joltshadow - docs §78: attdense (player) f=156 joltTilt=6.16 odeTilt=3.53 upDelta=2.83 wBody=(-0.25,-0.24,-0.11) |w|=0.37 grounded=3
INFO 2026-07-27 15:26:27.548 joltshadow - docs §70.1: slipdense (player) f=160 w=0 grounded=0 kappa=0.000 fnGround=0 omega=23.02 | ftGround=0N target=23.3 limit=677Nm motorNm=3 tyreNm=0 inertia=2.91 limRot=0/-2/0 omegaPre=23.02 posN=-11/90/0 susp=0.0203 springN=-199
INFO 2026-07-27 15:26:27.548 joltshadow - docs §70.1: slipdense (player) f=160 w=1 grounded=1 kappa=0.538 fnGround=0 omega=23.02 | ftGround=0N target=23.3 limit=677Nm motorNm=3 tyreNm=0 inertia=2.91 limRot=0/-26/0 omegaPre=23.02 posN=-14/72/0 susp=-0.0149 springN=-111
INFO 2026-07-27 15:26:27.548 joltshadow - docs §70.1: slipdense (player) f=160 w=2 grounded=1 kappa=0.062 fnGround=738 omega=15.05 | ftGround=886N target=23.3 limit=677Nm motorNm=677 tyreNm=-639 inertia=2.91 limRot=0/215/-4 omegaPre=15.01 posN=267/-849/0 susp=-0.0833 springN=617
INFO 2026-07-27 15:26:27.548 joltshadow - docs §70.1: slipdense (player) f=160 w=3 grounded=1 kappa=0.049 fnGround=1357 omega=15.88 | ftGround=942N target=23.3 limit=677Nm motorNm=677 tyreNm=-650 inertia=2.91 limRot=0/384/14 omegaPre=15.85 posN=527/-957/0 susp=-0.1963 springN=1562
INFO 2026-07-27 15:26:27.548 joltshadow - docs §78: attdense (player) f=160 joltTilt=6.30 odeTilt=3.54 upDelta=3.00 wBody=(-0.25,-0.23,-0.10) |w|=0.36 grounded=3
INFO 2026-07-27 15:26:27.560 joltshadow - docs §70.1: slipdense (player) f=164 w=0 grounded=0 kappa=0.000 fnGround=0 omega=23.03 | ftGround=0N target=23.3 limit=678Nm motorNm=3 tyreNm=0 inertia=2.91 limRot=0/-5/0 omegaPre=23.03 posN=-10/90/0 susp=0.0224 springN=-173
INFO 2026-07-27 15:26:27.561 joltshadow - docs §70.1: slipdense (player) f=164 w=1 grounded=0 kappa=0.000 fnGround=0 omega=23.03 | ftGround=0N target=23.3 limit=678Nm motorNm=3 tyreNm=0 inertia=2.91 limRot=0/-26/0 omegaPre=23.03 posN=-14/73/0 susp=-0.0072 springN=-142
INFO 2026-07-27 15:26:27.561 joltshadow - docs §70.1: slipdense (player) f=164 w=2 grounded=1 kappa=0.063 fnGround=737 omega=15.20 | ftGround=890N target=23.3 limit=678Nm motorNm=678 tyreNm=-642 inertia=2.91 limRot=0/207/-5 omegaPre=15.16 posN=258/-855/0 susp=-0.0830 springN=614
INFO 2026-07-27 15:26:27.561 joltshadow - docs §70.1: slipdense (player) f=164 w=3 grounded=1 kappa=0.049 fnGround=1356 omega=15.98 | ftGround=945N target=23.3 limit=678Nm motorNm=678 tyreNm=-652 inertia=2.91 limRot=0/370/13 omegaPre=15.96 posN=512/-965/0 susp=-0.1990 springN=1572
INFO 2026-07-27 15:26:27.561 joltshadow - docs §78: attdense (player) f=164 joltTilt=6.44 odeTilt=3.56 upDelta=3.14 wBody=(-0.23,-0.23,-0.10) |w|=0.34 grounded=2
INFO 2026-07-27 15:26:27.571 joltshadow - docs §70.1: slipdense (player) f=168 w=0 grounded=0 kappa=0.000 fnGround=0 omega=23.04 | ftGround=0N target=23.3 limit=679Nm motorNm=3 tyreNm=0 inertia=2.91 limRot=0/-1/0 omegaPre=23.04 posN=-0/81/0 susp=0.0231 springN=-149
INFO 2026-07-27 15:26:27.571 joltshadow - docs §70.1: slipdense (player) f=168 w=1 grounded=0 kappa=0.000 fnGround=0 omega=23.04 | ftGround=0N target=23.3 limit=679Nm motorNm=3 tyreNm=0 inertia=2.91 limRot=0/-18/0 omegaPre=23.04 posN=-2/56/0 susp=-0.0008 springN=-160
INFO 2026-07-27 15:26:27.571 joltshadow - docs §70.1: slipdense (player) f=168 w=2 grounded=1 kappa=0.063 fnGround=733 omega=15.33 | ftGround=887N target=23.3 limit=679Nm motorNm=679 tyreNm=-648 inertia=2.91 limRot=0/193/-10 omegaPre=15.30 posN=240/-866/0 susp=-0.0827 springN=609
INFO 2026-07-27 15:26:27.571 joltshadow - docs §70.1: slipdense (player) f=168 w=3 grounded=1 kappa=0.034 fnGround=1354 omega=16.07 | ftGround=669N target=23.3 limit=679Nm motorNm=679 tyreNm=-464 inertia=2.91 limRot=0/348/11 omegaPre=15.85 posN=484/-703/0 susp=-0.2011 springN=1578
INFO 2026-07-27 15:26:27.572 joltshadow - docs §78: attdense (player) f=168 joltTilt=6.56 odeTilt=3.58 upDelta=3.27 wBody=(-0.22,-0.22,-0.09) |w|=0.33 grounded=2
INFO 2026-07-27 15:26:27.583 joltshadow - docs §70.1: slipdense (player) f=172 w=0 grounded=0 kappa=0.000 fnGround=0 omega=24.17 | ftGround=0N target=38.8 limit=408Nm motorNm=408 tyreNm=0 inertia=2.91 limRot=0/3/0 omegaPre=23.75 posN=-0/55/0 susp=0.0231 springN=-129
INFO 2026-07-27 15:26:27.583 joltshadow - docs §70.1: slipdense (player) f=172 w=1 grounded=0 kappa=0.000 fnGround=0 omega=24.17 | ftGround=0N target=38.8 limit=408Nm motorNm=408 tyreNm=0 inertia=2.91 limRot=0/-6/0 omegaPre=23.75 posN=-2/30/0 susp=0.0047 springN=-170
INFO 2026-07-27 15:26:27.583 joltshadow - docs §70.1: slipdense (player) f=172 w=2 grounded=1 kappa=0.039 fnGround=727 omega=15.04 | ftGround=612N target=38.8 limit=408Nm motorNm=408 tyreNm=-443 inertia=2.91 limRot=0/185/-3 omegaPre=15.08 posN=231/-609/0 susp=-0.0824 springN=606
INFO 2026-07-27 15:26:27.583 joltshadow - docs §70.1: slipdense (player) f=172 w=3 grounded=1 kappa=0.020 fnGround=1353 omega=15.87 | ftGround=396N target=38.8 limit=408Nm motorNm=408 tyreNm=-262 inertia=2.91 limRot=0/335/17 omegaPre=15.72 posN=469/-451/0 susp=-0.2030 springN=1583
INFO 2026-07-27 15:26:27.583 joltshadow - docs §78: attdense (player) f=172 joltTilt=6.68 odeTilt=3.60 upDelta=3.38 wBody=(-0.22,-0.21,-0.08) |w|=0.31 grounded=2
INFO 2026-07-27 15:26:27.594 joltshadow - docs §70.1: slipdense (player) f=176 w=0 grounded=0 kappa=0.000 fnGround=0 omega=25.71 | ftGround=0N target=38.8 limit=409Nm motorNm=409 tyreNm=0 inertia=2.91 limRot=0/2/0 omegaPre=25.29 posN=-3/50/0 susp=0.0224 springN=-110
INFO 2026-07-27 15:26:27.594 joltshadow - docs §70.1: slipdense (player) f=176 w=1 grounded=0 kappa=0.000 fnGround=0 omega=25.71 | ftGround=0N target=38.8 limit=409Nm motorNm=409 tyreNm=0 inertia=2.91 limRot=0/1/0 omegaPre=25.29 posN=-5/29/0 susp=0.0093 springN=-172
INFO 2026-07-27 15:26:27.594 joltshadow - docs §70.1: slipdense (player) f=176 w=2 grounded=1 kappa=0.035 fnGround=712 omega=15.12 | ftGround=542N target=38.8 limit=409Nm motorNm=409 tyreNm=-391 inertia=2.91 limRot=0/176/-2 omegaPre=15.10 posN=222/-543/0 susp=-0.0820 springN=602
INFO 2026-07-27 15:26:27.594 joltshadow - docs §70.1: slipdense (player) f=176 w=3 grounded=1 kappa=0.020 fnGround=1352 omega=15.92 | ftGround=397N target=38.8 limit=409Nm motorNm=409 tyreNm=-263 inertia=2.91 limRot=0/326/16 omegaPre=15.77 posN=461/-458/0 susp=-0.2046 springN=1585
INFO 2026-07-27 15:26:27.594 joltshadow - docs §78: attdense (player) f=176 joltTilt=6.79 odeTilt=3.61 upDelta=3.48 wBody=(-0.21,-0.20,-0.08) |w|=0.30 grounded=2
INFO 2026-07-27 15:26:27.606 joltshadow - docs §70.1: slipdense (player) f=180 w=0 grounded=0 kappa=0.000 fnGround=0 omega=27.40 | ftGround=0N target=38.8 limit=410Nm motorNm=410 tyreNm=0 inertia=2.91 limRot=0/-7/0 omegaPre=26.98 posN=-10/57/0 susp=0.0212 springN=-94
INFO 2026-07-27 15:26:27.606 joltshadow - docs §70.1: slipdense (player) f=180 w=1 grounded=0 kappa=0.000 fnGround=0 omega=27.40 | ftGround=0N target=38.8 limit=410Nm motorNm=410 tyreNm=0 inertia=2.91 limRot=0/-2/0 omegaPre=26.98 posN=-13/42/0 susp=0.0133 springN=-170
INFO 2026-07-27 15:26:27.606 joltshadow - docs §70.1: slipdense (player) f=180 w=2 grounded=1 kappa=0.036 fnGround=704 omega=15.22 | ftGround=547N target=38.8 limit=410Nm motorNm=410 tyreNm=-388 inertia=2.91 limRot=0/178/2 omegaPre=15.19 posN=226/-542/0 susp=-0.0815 springN=594
INFO 2026-07-27 15:26:27.606 joltshadow - docs §70.1: slipdense (player) f=180 w=3 grounded=1 kappa=0.030 fnGround=1351 omega=16.00 | ftGround=596N target=38.8 limit=410Nm motorNm=410 tyreNm=-395 inertia=2.91 limRot=0/331/19 omegaPre=15.98 posN=470/-656/0 susp=-0.2060 springN=1585
INFO 2026-07-27 15:26:27.606 joltshadow - docs §78: attdense (player) f=180 joltTilt=6.90 odeTilt=3.62 upDelta=3.60 wBody=(-0.20,-0.20,-0.07) |w|=0.29 grounded=2
INFO 2026-07-27 15:26:27.606 joltshadow - Shadow divergence (player): pos=1.860m vel=1.599m/s angle=5.7deg (jolt com=[941.3 242.6 397.8] ode com=[942.4 241.1 397.7])
INFO 2026-07-27 15:26:27.606 joltshadow - docs §23.6: driver input (player) realThrottle=0.96 brake=0.00 handBrake=0 steerRad=-0.048
INFO 2026-07-27 15:26:27.606 joltshadow - docs §32: Jolt SHADOW chassis pitch (player) forward=(0.997, 0.064, 0.032)
INFO 2026-07-27 15:26:27.606 joltshadow - docs §69: tilt (player) jolt=6.9 deg ode=3.6 deg delta=+3.3 deg upDelta=3.60 deg
INFO 2026-07-27 15:26:27.606 joltshadow - docs §32.4: Jolt SHADOW chassis lowest corner (player) = (938.59,242.06,396.21) clearanceToGround=0.000
INFO 2026-07-27 15:26:27.607 joltshadow - docs §23.5: wheel state (player) wheel=0 contact=0 suspLen=1.050 (range 0.050-1.050, 0% compressed) angVel=0.00
INFO 2026-07-27 15:26:27.607 joltshadow - docs §38.11: wheel=0 NO contact, worldAxle=(-0.038,0.102,0.994)
INFO 2026-07-27 15:26:27.607 joltshadow - docs §32: no-contact raycast (player) wheel=0 bodyPos=(942.20,242.55,397.81) localMPos=(-1.367,-0.436,2.663) origin=(944.83,242.43,399.30) dir=(0.061,-0.993,0.104) normalRayLen=1.777 groundFoundAt=0.000 shortfallBeyondTravel=-1.777 hitBody=8388616 hitLayer=4 hitMotion=2 hitIsSelfChassis=0
INFO 2026-07-27 15:26:27.607 joltshadow - docs §23.5: wheel state (player) wheel=1 contact=0 suspLen=1.050 (range 0.050-1.050, 0% compressed) angVel=0.00
INFO 2026-07-27 15:26:27.607 joltshadow - docs §38.11: wheel=1 NO contact, worldAxle=(-0.038,0.102,0.994)
INFO 2026-07-27 15:26:27.607 joltshadow - docs §32: no-contact raycast (player) wheel=1 bodyPos=(942.20,242.55,397.81) localMPos=(1.369,-0.436,2.663) origin=(944.94,242.15,396.58) dir=(0.061,-0.993,0.104) normalRayLen=1.777 groundFoundAt=0.000 shortfallBeyondTravel=-1.777 hitBody=8388617 hitLayer=4 hitMotion=2 hitIsSelfChassis=0
INFO 2026-07-27 15:26:27.607 joltshadow - docs §23.5: wheel state (player) wheel=2 contact=0 suspLen=1.050 (range 0.050-1.050, 0% compressed) angVel=0.00
INFO 2026-07-27 15:26:27.607 joltshadow - docs §38.11: wheel=2 NO contact, worldAxle=(-0.038,0.102,0.994)
INFO 2026-07-27 15:26:27.607 joltshadow - docs §32: no-contact raycast (player) wheel=2 bodyPos=(942.20,242.55,397.81) localMPos=(-1.367,-0.436,-1.944) origin=(940.24,242.13,399.15) dir=(0.061,-0.993,0.104) normalRayLen=1.777 groundFoundAt=0.000 shortfallBeyondTravel=-1.777 hitBody=8388618 hitLayer=4 hitMotion=2 hitIsSelfChassis=0
INFO 2026-07-27 15:26:27.607 joltshadow - docs §23.5: wheel state (player) wheel=3 contact=0 suspLen=1.050 (range 0.050-1.050, 0% compressed) angVel=0.00
INFO 2026-07-27 15:26:27.607 joltshadow - docs §38.11: wheel=3 NO contact, worldAxle=(-0.038,0.102,0.994)
INFO 2026-07-27 15:26:27.607 joltshadow - docs §32: no-contact raycast (player) wheel=3 bodyPos=(942.20,242.55,397.81) localMPos=(1.369,-0.436,-1.944) origin=(940.34,241.85,396.43) dir=(0.061,-0.993,0.104) normalRayLen=1.777 groundFoundAt=0.000 shortfallBeyondTravel=-1.777 hitBody=8388619 hitLayer=4 hitMotion=2 hitIsSelfChassis=0
INFO 2026-07-27 15:26:27.607 joltshadow - docs §59/63: harvest (player) wheelsWithContact=3 contactPoints=12 overflow=0 (of 4) | maxNormalF=1351N bound(k_t*tau)=1398N ratio=0.97
INFO 2026-07-27 15:26:27.607 joltshadow - docs §58: wheel body (player) w=0 springF=-94N stopF=0N travel=0.0212 (limits -0.5000..0.5000 rel spawn) kSusp=6000 sagPredicted=-0.0156 | frameTrav=0.0212..0.0212 frameStopN=0
INFO 2026-07-27 15:26:27.607 joltshadow - docs §66: tyre band (player) w=0 fnGround=0N fnTotal=0N pen=0.00000 penRaw=0.00000 tau=0.01165 pen/tau=0.00 | recs tyre=0 rim=0 survived=0 stale=0 distMax=0.00R
INFO 2026-07-27 15:26:27.607 joltshadow - docs §68: steer (player) w=0 steerable=1 commanded=-0.048 rad measured=-0.033 rad err=0.88 deg steerSign=-1 steerTq=29Nm cap=1356Nm sat=0.02
INFO 2026-07-27 15:26:27.607 joltshadow - docs §70: slip (player) w=0 grounded=0 kappa=0.000 fnGround=0N omega=27.40
INFO 2026-07-27 15:26:27.607 joltshadow - docs §67: spin (player) w=0 driven=1 omega=27.40 rad/s surfaceSpeed=19.93 m/s spinSign=+1 motorTq=410Nm cmdTq=410Nm
INFO 2026-07-27 15:26:27.607 joltshadow - docs §58: wheel body (player) w=1 springF=-170N stopF=0N travel=0.0133 (limits -0.5000..0.5000 rel spawn) kSusp=6000 sagPredicted=-0.0284 | frameTrav=0.0133..0.0133 frameStopN=0
INFO 2026-07-27 15:26:27.607 joltshadow - docs §66: tyre band (player) w=1 fnGround=0N fnTotal=0N pen=0.00000 penRaw=0.00000 tau=0.01165 pen/tau=0.00 | recs tyre=2 rim=2 survived=0 stale=0 distMax=1.01R
INFO 2026-07-27 15:26:27.607 joltshadow - docs §68: steer (player) w=1 steerable=1 commanded=-0.048 rad measured=-0.037 rad err=0.61 deg steerSign=-1 steerTq=18Nm cap=1356Nm sat=0.01
INFO 2026-07-27 15:26:27.607 joltshadow - docs §70: slip (player) w=1 grounded=0 kappa=0.000 fnGround=0N omega=27.40
INFO 2026-07-27 15:26:27.607 joltshadow - docs §67: spin (player) w=1 driven=1 omega=27.40 rad/s surfaceSpeed=19.93 m/s spinSign=+1 motorTq=410Nm cmdTq=410Nm
INFO 2026-07-27 15:26:27.608 joltshadow - docs §58: wheel body (player) w=2 springF=594N stopF=0N travel=-0.0815 (limits -0.5000..0.5000 rel spawn) kSusp=7500 sagPredicted=0.0792 | frameTrav=-0.0815..-0.0815 frameStopN=0
INFO 2026-07-27 15:26:27.608 joltshadow - docs §66: tyre band (player) w=2 fnGround=704N fnTotal=733N pen=0.00615 penRaw=0.00615 tau=0.01165 pen/tau=0.53 | recs tyre=2 rim=2 survived=2 stale=0 distMax=0.99R
INFO 2026-07-27 15:26:27.608 joltshadow - docs §68: steer (player) w=2 steerable=0 commanded=-0.048 rad measured=0.000 rad err=2.76 deg steerSign=-1 steerTq=0Nm cap=340282346638528859811704183484516925440Nm sat=0.00
INFO 2026-07-27 15:26:27.608 joltshadow - docs §70: slip (player) w=2 grounded=1 kappa=0.036 fnGround=704N omega=15.22
INFO 2026-07-27 15:26:27.608 joltshadow - docs §67: spin (player) w=2 driven=1 omega=15.22 rad/s surfaceSpeed=11.07 m/s spinSign=+1 motorTq=410Nm cmdTq=410Nm
INFO 2026-07-27 15:26:27.608 joltshadow - docs §58: wheel body (player) w=3 springF=1585N stopF=0N travel=-0.2060 (limits -0.5000..0.5000 rel spawn) kSusp=7500 sagPredicted=0.2114 | frameTrav=-0.2060..-0.2060 frameStopN=0
INFO 2026-07-27 15:26:27.608 joltshadow - docs §66: tyre band (player) w=3 fnGround=1351N fnTotal=1399N pen=0.01165 penRaw=0.01170 tau=0.01165 pen/tau=1.00 | recs tyre=2 rim=2 survived=2 stale=0 distMax=0.98R
INFO 2026-07-27 15:26:27.608 joltshadow - docs §68: steer (player) w=3 steerable=0 commanded=-0.048 rad measured=0.000 rad err=2.76 deg steerSign=-1 steerTq=0Nm cap=340282346638528859811704183484516925440Nm sat=0.00
INFO 2026-07-27 15:26:27.608 joltshadow - docs §70: slip (player) w=3 grounded=1 kappa=0.030 fnGround=1351N omega=16.00
INFO 2026-07-27 15:26:27.608 joltshadow - docs §67: spin (player) w=3 driven=1 omega=16.00 rad/s surfaceSpeed=11.64 m/s spinSign=+1 motorTq=410Nm cmdTq=410Nm
INFO 2026-07-27 15:26:27.608 joltshadow - docs §67: drivetrain (player) gear=2 rpm=3293 driveTorque=1710Nm perWheel=428Nm driven=4 throttle=0.96 spin=1 | PRE-STEP brake=0.00 handBrake=0
INFO 2026-07-27 15:26:27.608 joltshadow - docs §66: tyre band SUM (player) fnGroundSum=2055N fnTotalSum=2131N weight=1864N carried=1.14 | penSum=0.01780 recs tyre=6 rim=6 stale=0
INFO 2026-07-27 15:26:27.608 joltshadow - docs §30: REAL ODE chassis COM (player) body=333D4448 = (942.371, 241.094, 397.721) forward=(0.999, 0.012, -0.041)
INFO 2026-07-27 15:26:27.608 joltshadow - docs §33: real ODE chassis geom (player) #1 = class 0 (not a transform) pos=(942.371,241.094,397.721) radius=4.000
INFO 2026-07-27 15:26:27.608 joltshadow - docs §33: real ODE chassis geom (player) #2 = transform, inner class=1 pos=(0.000,1.675,0.000)
INFO 2026-07-27 15:26:27.608 joltshadow - docs §33: real ODE chassis geom (player) #3 = transform, inner class=1 pos=(0.000,2.829,2.168)
INFO 2026-07-27 15:26:27.608 joltshadow - docs §33: real ODE chassis geom (player) #4 = transform, inner class=1 pos=(0.000,4.624,-0.052)
INFO 2026-07-27 15:26:27.608 joltshadow - docs §33: real ODE chassis geom (player) #5 = transform, inner class=1 pos=(0.000,3.010,-1.827)
INFO 2026-07-27 15:26:27.608 joltshadow - docs §33: real ODE chassis geom (player) #6 = class 0 (not a transform) pos=(942.371,241.094,397.721) radius=30.000
INFO 2026-07-27 15:26:27.608 joltshadow - docs §33: real ODE chassis geom (player) #7 = class 0 (not a transform) pos=(942.371,241.094,397.721) radius=6.789
INFO 2026-07-27 15:26:27.608 joltshadow - docs §33: real ODE chassis geom (player) #8 = class 0 (not a transform) pos=(942.371,241.094,397.721) radius=200.000
INFO 2026-07-27 15:26:27.608 joltshadow - docs §33: real ODE chassis (player) has 8 total geom(s) directly attached (4 transform(s)) - compare against BuildChassisCompoundShape's own part/geom count in the build log
INFO 2026-07-27 15:26:27.608 joltshadow - docs §28: REAL ODE wheel state (player) wheel=0 displacement=0.0133 range=1.000 (1% compressed, signed) foreAft=2.663 localZ=2.663 cfm=0.002500 erp=0.2500
INFO 2026-07-27 15:26:27.608 joltshadow - docs §28: REAL ODE wheel state (player) wheel=1 displacement=0.0258 range=1.000 (3% compressed, signed) foreAft=2.663 localZ=2.663 cfm=0.002500 erp=0.2500
INFO 2026-07-27 15:26:27.608 joltshadow - docs §28: REAL ODE wheel state (player) wheel=2 displacement=0.0175 range=1.000 (2% compressed, signed) foreAft=-1.944 localZ=-1.944 cfm=0.002000 erp=0.2500
INFO 2026-07-27 15:26:27.608 joltshadow - docs §28: REAL ODE wheel state (player) wheel=3 displacement=0.0120 range=1.000 (1% compressed, signed) foreAft=-1.944 localZ=-1.944 cfm=0.002000 erp=0.2500
INFO 2026-07-27 15:26:27.621 joltshadow - docs §70.1: slipdense (player) f=184 w=0 grounded=0 kappa=0.000 fnGround=0 omega=29.52 | ftGround=0N target=38.8 limit=411Nm motorNm=411 tyreNm=0 inertia=2.91 limRot=0/9/0 omegaPre=29.09 posN=-22/53/0 susp=0.0193 springN=-79
INFO 2026-07-27 15:26:27.621 joltshadow - docs §70.1: slipdense (player) f=184 w=1 grounded=0 kappa=0.000 fnGround=0 omega=29.52 | ftGround=0N target=38.8 limit=411Nm motorNm=411 tyreNm=0 inertia=2.91 limRot=0/-18/0 omegaPre=29.09 posN=-24/48/0 susp=0.0169 springN=-163
INFO 2026-07-27 15:26:27.621 joltshadow - docs §70.1: slipdense (player) f=184 w=2 grounded=1 kappa=0.036 fnGround=698 omega=15.33 | ftGround=544N target=38.8 limit=411Nm motorNm=411 tyreNm=-386 inertia=2.91 limRot=0/171/2 omegaPre=15.31 posN=223/-545/0 susp=-0.0808 springN=584
INFO 2026-07-27 15:26:27.621 joltshadow - docs §70.1: slipdense (player) f=184 w=3 grounded=1 kappa=0.030 fnGround=1350 omega=16.07 | ftGround=601N target=38.8 limit=411Nm motorNm=411 tyreNm=-399 inertia=2.91 limRot=0/319/19 omegaPre=16.06 posN=461/-661/0 susp=-0.2073 springN=1582
INFO 2026-07-27 15:26:27.621 joltshadow - docs §78: attdense (player) f=184 joltTilt=7.04 odeTilt=3.61 upDelta=3.73 wBody=(-0.19,-0.19,-0.06) |w|=0.27 grounded=2
INFO 2026-07-27 15:26:27.633 joltshadow - docs §70.1: slipdense (player) f=188 w=0 grounded=0 kappa=0.000 fnGround=0 omega=31.21 | ftGround=0N target=38.8 limit=411Nm motorNm=411 tyreNm=0 inertia=2.91 limRot=0/-61/0 omegaPre=30.79 posN=-6/51/0 susp=0.0178 springN=-70
INFO 2026-07-27 15:26:27.633 joltshadow - docs §70.1: slipdense (player) f=188 w=1 grounded=0 kappa=0.000 fnGround=0 omega=31.21 | ftGround=0N target=38.8 limit=411Nm motorNm=411 tyreNm=0 inertia=2.91 limRot=0/-44/0 omegaPre=30.79 posN=-7/32/0 susp=0.0189 springN=-155
INFO 2026-07-27 15:26:27.633 joltshadow - docs §70.1: slipdense (player) f=188 w=2 grounded=1 kappa=0.036 fnGround=696 omega=15.41 | ftGround=544N target=38.8 limit=411Nm motorNm=411 tyreNm=-393 inertia=2.91 limRot=0/166/-2 omegaPre=15.39 posN=213/-551/0 susp=-0.0800 springN=578
INFO 2026-07-27 15:26:27.633 joltshadow - docs §70.1: slipdense (player) f=188 w=3 grounded=1 kappa=0.020 fnGround=1349 omega=16.12 | ftGround=397N target=38.8 limit=411Nm motorNm=411 tyreNm=-264 inertia=2.91 limRot=0/309/17 omegaPre=15.97 posN=445/-469/0 susp=-0.2079 springN=1575
INFO 2026-07-27 15:26:27.633 joltshadow - docs §78: attdense (player) f=188 joltTilt=7.14 odeTilt=3.60 upDelta=3.83 wBody=(-0.18,-0.18,-0.05) |w|=0.26 grounded=2
INFO 2026-07-27 15:26:27.645 joltshadow - docs §70.1: slipdense (player) f=192 w=0 grounded=0 kappa=0.000 fnGround=0 omega=33.05 | ftGround=0N target=38.8 limit=412Nm motorNm=412 tyreNm=0 inertia=2.91 limRot=0/-305/0 omegaPre=32.62 posN=-18/56/0 susp=0.0163 springN=-64
INFO 2026-07-27 15:26:27.646 joltshadow - docs §70.1: slipdense (player) f=192 w=1 grounded=0 kappa=0.000 fnGround=0 omega=33.04 | ftGround=0N target=38.8 limit=412Nm motorNm=412 tyreNm=0 inertia=2.91 limRot=0/-227/0 omegaPre=32.62 posN=-19/47/0 susp=0.0203 springN=-147
INFO 2026-07-27 15:26:27.646 joltshadow - docs §70.1: slipdense (player) f=192 w=2 grounded=1 kappa=0.037 fnGround=688 omega=15.51 | ftGround=547N target=38.8 limit=412Nm motorNm=412 tyreNm=-389 inertia=2.91 limRot=0/175/2 omegaPre=15.49 posN=228/-550/0 susp=-0.0792 springN=571
INFO 2026-07-27 15:26:27.646 joltshadow - docs §70.1: slipdense (player) f=192 w=3 grounded=1 kappa=0.030 fnGround=1348 omega=16.20 | ftGround=596N target=38.8 limit=412Nm motorNm=412 tyreNm=-396 inertia=2.91 limRot=0/327/20 omegaPre=16.19 posN=472/-663/0 susp=-0.2082 springN=1564
INFO 2026-07-27 15:26:27.646 joltshadow - docs §78: attdense (player) f=192 joltTilt=7.24 odeTilt=3.56 upDelta=3.95 wBody=(-0.17,-0.18,-0.04) |w|=0.25 grounded=2
INFO 2026-07-27 15:26:27.658 joltshadow - docs §70.1: slipdense (player) f=196 w=0 grounded=0 kappa=0.000 fnGround=0 omega=34.74 | ftGround=0N target=38.8 limit=412Nm motorNm=412 tyreNm=0 inertia=2.91 limRot=0/-1271/0 omegaPre=34.31 posN=-21/46/0 susp=0.0150 springN=-60
INFO 2026-07-27 15:26:27.658 joltshadow - docs §70.1: slipdense (player) f=196 w=1 grounded=0 kappa=0.000 fnGround=0 omega=34.74 | ftGround=0N target=38.8 limit=412Nm motorNm=412 tyreNm=0 inertia=2.91 limRot=0/-883/0 omegaPre=34.31 posN=-22/39/0 susp=0.0210 springN=-140
INFO 2026-07-27 15:26:27.658 joltshadow - docs §70.1: slipdense (player) f=196 w=2 grounded=1 kappa=0.037 fnGround=685 omega=15.59 | ftGround=547N target=38.8 limit=412Nm motorNm=412 tyreNm=-396 inertia=2.91 limRot=0/176/-1 omegaPre=15.57 posN=233/-562/0 susp=-0.0785 springN=567
INFO 2026-07-27 15:26:27.658 joltshadow - docs §70.1: slipdense (player) f=196 w=3 grounded=1 kappa=0.020 fnGround=1348 omega=16.26 | ftGround=396N target=38.8 limit=412Nm motorNm=412 tyreNm=-263 inertia=2.91 limRot=0/329/20 omegaPre=16.10 posN=478/-467/0 susp=-0.2080 springN=1550
INFO 2026-07-27 15:26:27.658 joltshadow - docs §78: attdense (player) f=196 joltTilt=7.32 odeTilt=3.52 upDelta=4.06 wBody=(-0.16,-0.18,-0.02) |w|=0.24 grounded=2
INFO 2026-07-27 15:26:27.670 joltshadow - docs §70.1: slipdense (player) f=200 w=0 grounded=0 kappa=0.000 fnGround=0 omega=36.42 | ftGround=0N target=38.8 limit=412Nm motorNm=412 tyreNm=0 inertia=2.91 limRot=0/-1753/0 omegaPre=36.14 posN=-11/72/0 susp=0.0139 springN=-55
INFO 2026-07-27 15:26:27.670 joltshadow - docs §70.1: slipdense (player) f=200 w=1 grounded=0 kappa=0.000 fnGround=0 omega=36.41 | ftGround=0N target=38.8 limit=412Nm motorNm=412 tyreNm=0 inertia=2.91 limRot=0/-1952/0 omegaPre=36.13 posN=-13/60/0 susp=0.0214 springN=-135
INFO 2026-07-27 15:26:27.670 joltshadow - docs §70.1: slipdense (player) f=200 w=2 grounded=1 kappa=0.037 fnGround=684 omega=15.67 | ftGround=550N target=38.8 limit=412Nm motorNm=412 tyreNm=-391 inertia=2.91 limRot=0/200/4 omegaPre=15.66 posN=258/-538/0 susp=-0.0779 springN=566
INFO 2026-07-27 15:26:27.670 joltshadow - docs §70.1: slipdense (player) f=200 w=3 grounded=1 kappa=0.030 fnGround=1348 omega=16.19 | ftGround=891N target=38.8 limit=412Nm motorNm=412 tyreNm=-614 inertia=2.91 limRot=0/365/17 omegaPre=16.33 posN=519/-960/0 susp=-0.2074 springN=1529
INFO 2026-07-27 15:26:27.670 joltshadow - docs §78: attdense (player) f=200 joltTilt=7.39 odeTilt=3.48 upDelta=4.17 wBody=(-0.16,-0.17,-0.00) |w|=0.23 grounded=2
INFO 2026-07-27 15:26:27.684 joltshadow - docs §70.1: slipdense (player) f=204 w=0 grounded=0 kappa=0.000 fnGround=0 omega=38.40 | ftGround=0N target=38.8 limit=413Nm motorNm=413 tyreNm=0 inertia=2.91 limRot=0/-1127/0 omegaPre=37.98 posN=28/76/0 susp=0.0127 springN=-53
INFO 2026-07-27 15:26:27.684 joltshadow - docs §70.1: slipdense (player) f=204 w=1 grounded=0 kappa=0.000 fnGround=0 omega=38.37 | ftGround=0N target=38.8 limit=413Nm motorNm=413 tyreNm=0 inertia=2.91 limRot=0/-1541/0 omegaPre=37.95 posN=27/28/0 susp=0.0215 springN=-128
INFO 2026-07-27 15:26:27.684 joltshadow - docs §70.1: slipdense (player) f=204 w=2 grounded=1 kappa=0.036 fnGround=686 omega=15.78 | ftGround=539N target=38.8 limit=413Nm motorNm=413 tyreNm=-382 inertia=2.91 limRot=0/191/2 omegaPre=15.75 posN=231/-525/0 susp=-0.0773 springN=564
INFO 2026-07-27 15:26:27.684 joltshadow - docs §70.1: slipdense (player) f=204 w=3 grounded=1 kappa=0.029 fnGround=1348 omega=16.40 | ftGround=586N target=38.8 limit=413Nm motorNm=413 tyreNm=-388 inertia=2.91 limRot=0/347/22 omegaPre=16.37 posN=480/-680/0 susp=-0.2060 springN=1502
INFO 2026-07-27 15:26:27.684 joltshadow - docs §78: attdense (player) f=204 joltTilt=7.46 odeTilt=3.45 upDelta=4.29 wBody=(-0.15,-0.15,0.02) |w|=0.22 grounded=2
INFO 2026-07-27 15:26:27.702 joltshadow - docs §70.1: slipdense (player) f=208 w=0 grounded=0 kappa=0.000 fnGround=0 omega=38.64 | ftGround=0N target=38.8 limit=414Nm motorNm=10 tyreNm=0 inertia=2.91 limRot=0/509/0 omegaPre=38.64 posN=8/68/0 susp=0.0116 springN=-55
INFO 2026-07-27 15:26:27.702 joltshadow - docs §70.1: slipdense (player) f=208 w=1 grounded=0 kappa=0.000 fnGround=0 omega=38.64 | ftGround=0N target=38.8 limit=414Nm motorNm=4 tyreNm=0 inertia=2.91 limRot=0/-266/0 omegaPre=38.64 posN=7/35/0 susp=0.0208 springN=-105
INFO 2026-07-27 15:26:27.702 joltshadow - docs §70.1: slipdense (player) f=208 w=2 grounded=1 kappa=0.037 fnGround=673 omega=15.96 | ftGround=542N target=38.8 limit=414Nm motorNm=414 tyreNm=-384 inertia=2.91 limRot=0/140/-2 omegaPre=15.93 posN=172/-539/0 susp=-0.0764 springN=551
INFO 2026-07-27 15:26:27.702 joltshadow - docs §70.1: slipdense (player) f=208 w=3 grounded=1 kappa=0.030 fnGround=1349 omega=16.45 | ftGround=608N target=38.8 limit=414Nm motorNm=414 tyreNm=-403 inertia=2.91 limRot=0/258/13 omegaPre=16.44 posN=368/-696/0 susp=-0.2036 springN=1473
INFO 2026-07-27 15:26:27.702 joltshadow - docs §78: attdense (player) f=208 joltTilt=7.53 odeTilt=3.44 upDelta=4.42 wBody=(-0.13,-0.13,0.02) |w|=0.19 grounded=2
INFO 2026-07-27 15:26:27.718 joltshadow - docs §70.1: slipdense (player) f=212 w=0 grounded=0 kappa=0.000 fnGround=0 omega=38.66 | ftGround=0N target=38.8 limit=415Nm motorNm=4 tyreNm=0 inertia=2.91 limRot=0/33/0 omegaPre=38.66 posN=-33/49/0 susp=0.0112 springN=-61
INFO 2026-07-27 15:26:27.718 joltshadow - docs §70.1: slipdense (player) f=212 w=1 grounded=0 kappa=0.000 fnGround=0 omega=38.66 | ftGround=0N target=38.8 limit=415Nm motorNm=14 tyreNm=0 inertia=2.91 limRot=0/328/0 omegaPre=38.65 posN=-33/56/0 susp=0.0194 springN=-86
INFO 2026-07-27 15:26:27.718 joltshadow - docs §70.1: slipdense (player) f=212 w=2 grounded=1 kappa=0.039 fnGround=655 omega=16.08 | ftGround=550N target=38.8 limit=415Nm motorNm=415 tyreNm=-399 inertia=2.91 limRot=0/115/-5 omegaPre=16.06 posN=160/-566/0 susp=-0.0752 springN=532
INFO 2026-07-27 15:26:27.718 joltshadow - docs §70.1: slipdense (player) f=212 w=3 grounded=1 kappa=0.020 fnGround=1349 omega=16.37 | ftGround=609N target=38.8 limit=415Nm motorNm=415 tyreNm=-420 inertia=2.91 limRot=0/216/7 omegaPre=16.49 posN=332/-679/0 susp=-0.2012 springN=1450
INFO 2026-07-27 15:26:27.718 joltshadow - docs §78: attdense (player) f=212 joltTilt=7.60 odeTilt=3.45 upDelta=4.54 wBody=(-0.12,-0.12,0.01) |w|=0.17 grounded=2
INFO 2026-07-27 15:26:27.732 joltshadow - docs §70.1: slipdense (player) f=216 w=0 grounded=0 kappa=0.000 fnGround=0 omega=38.68 | ftGround=0N target=38.8 limit=416Nm motorNm=3 tyreNm=0 inertia=2.91 limRot=0/-76/0 omegaPre=38.67 posN=-19/54/0 susp=0.0110 springN=-62
INFO 2026-07-27 15:26:27.732 joltshadow - docs §70.1: slipdense (player) f=216 w=1 grounded=0 kappa=0.000 fnGround=0 omega=38.67 | ftGround=0N target=38.8 limit=416Nm motorNm=5 tyreNm=0 inertia=2.91 limRot=0/-48/0 omegaPre=38.67 posN=-20/49/0 susp=0.0180 springN=-77
INFO 2026-07-27 15:26:27.732 joltshadow - docs §70.1: slipdense (player) f=216 w=2 grounded=1 kappa=0.040 fnGround=644 omega=16.18 | ftGround=550N target=38.8 limit=416Nm motorNm=416 tyreNm=-391 inertia=2.91 limRot=0/128/-2 omegaPre=16.15 posN=171/-562/0 susp=-0.0739 springN=520
INFO 2026-07-27 15:26:27.732 joltshadow - docs §70.1: slipdense (player) f=216 w=3 grounded=1 kappa=0.029 fnGround=1350 omega=16.62 | ftGround=582N target=38.8 limit=416Nm motorNm=416 tyreNm=-383 inertia=2.91 limRot=0/243/15 omegaPre=16.59 posN=362/-658/0 susp=-0.1988 springN=1423
INFO 2026-07-27 15:26:27.732 joltshadow - docs §78: attdense (player) f=216 joltTilt=7.65 odeTilt=3.47 upDelta=4.64 wBody=(-0.11,-0.12,0.02) |w|=0.17 grounded=2
INFO 2026-07-27 15:26:27.744 joltshadow - docs §70.1: slipdense (player) f=220 w=0 grounded=0 kappa=0.000 fnGround=0 omega=38.69 | ftGround=0N target=38.8 limit=417Nm motorNm=3 tyreNm=0 inertia=2.91 limRot=0/-184/0 omegaPre=38.68 posN=-6/51/0 susp=0.0108 springN=-61
INFO 2026-07-27 15:26:27.744 joltshadow - docs §70.1: slipdense (player) f=220 w=1 grounded=0 kappa=0.000 fnGround=0 omega=38.69 | ftGround=0N target=38.8 limit=417Nm motorNm=3 tyreNm=0 inertia=2.91 limRot=0/-286/0 omegaPre=38.68 posN=-6/37/0 susp=0.0168 springN=-73
INFO 2026-07-27 15:26:27.744 joltshadow - docs §70.1: slipdense (player) f=220 w=2 grounded=1 kappa=0.041 fnGround=637 omega=16.26 | ftGround=552N target=38.8 limit=417Nm motorNm=417 tyreNm=-400 inertia=2.91 limRot=0/123/-5 omegaPre=16.24 posN=162/-567/0 susp=-0.0728 springN=511
INFO 2026-07-27 15:26:27.744 joltshadow - docs §70.1: slipdense (player) f=220 w=3 grounded=1 kappa=0.020 fnGround=1350 omega=16.67 | ftGround=419N target=38.8 limit=417Nm motorNm=417 tyreNm=-278 inertia=2.91 limRot=0/236/14 omegaPre=16.53 posN=349/-502/0 susp=-0.1964 springN=1398
INFO 2026-07-27 15:26:27.744 joltshadow - docs §78: attdense (player) f=220 joltTilt=7.68 odeTilt=3.49 upDelta=4.73 wBody=(-0.10,-0.12,0.03) |w|=0.16 grounded=2
INFO 2026-07-27 15:26:27.756 joltshadow - docs §70.1: slipdense (player) f=224 w=0 grounded=0 kappa=0.000 fnGround=0 omega=38.70 | ftGround=0N target=38.8 limit=418Nm motorNm=2 tyreNm=0 inertia=2.91 limRot=0/-204/0 omegaPre=38.69 posN=-5/62/0 susp=0.0107 springN=-61
INFO 2026-07-27 15:26:27.756 joltshadow - docs §70.1: slipdense (player) f=224 w=1 grounded=0 kappa=0.000 fnGround=0 omega=38.70 | ftGround=0N target=38.8 limit=418Nm motorNm=3 tyreNm=0 inertia=2.91 limRot=0/-449/0 omegaPre=38.69 posN=-5/46/0 susp=0.0157 springN=-70
INFO 2026-07-27 15:26:27.756 joltshadow - docs §70.1: slipdense (player) f=224 w=2 grounded=1 kappa=0.041 fnGround=631 omega=16.36 | ftGround=554N target=38.8 limit=418Nm motorNm=418 tyreNm=-394 inertia=2.91 limRot=0/130/-2 omegaPre=16.33 posN=168/-558/0 susp=-0.0716 springN=503
INFO 2026-07-27 15:26:27.756 joltshadow - docs §70.1: slipdense (player) f=224 w=3 grounded=1 kappa=0.030 fnGround=1351 omega=16.76 | ftGround=609N target=38.8 limit=418Nm motorNm=418 tyreNm=-403 inertia=2.91 limRot=0/251/15 omegaPre=16.74 posN=365/-690/0 susp=-0.1937 springN=1369
INFO 2026-07-27 15:26:27.756 joltshadow - docs §78: attdense (player) f=224 joltTilt=7.71 odeTilt=3.51 upDelta=4.83 wBody=(-0.09,-0.12,0.04) |w|=0.15 grounded=2
INFO 2026-07-27 15:26:27.768 joltshadow - docs §70.1: slipdense (player) f=228 w=0 grounded=0 kappa=0.000 fnGround=0 omega=38.71 | ftGround=0N target=38.8 limit=419Nm motorNm=3 tyreNm=0 inertia=2.91 limRot=0/-34/0 omegaPre=38.70 posN=1/64/0 susp=0.0106 springN=-61
INFO 2026-07-27 15:26:27.768 joltshadow - docs §70.1: slipdense (player) f=228 w=1 grounded=0 kappa=0.000 fnGround=0 omega=38.71 | ftGround=0N target=38.8 limit=419Nm motorNm=4 tyreNm=0 inertia=2.91 limRot=0/-228/0 omegaPre=38.70 posN=0/44/0 susp=0.0149 springN=-69
INFO 2026-07-27 15:26:27.768 joltshadow - docs §70.1: slipdense (player) f=228 w=2 grounded=1 kappa=0.042 fnGround=624 omega=16.45 | ftGround=556N target=38.8 limit=419Nm motorNm=419 tyreNm=-395 inertia=2.91 limRot=0/123/-3 omegaPre=16.43 posN=157/-558/0 susp=-0.0705 springN=496
INFO 2026-07-27 15:26:27.769 joltshadow - docs §70.1: slipdense (player) f=228 w=3 grounded=1 kappa=0.030 fnGround=1352 omega=16.81 | ftGround=612N target=38.8 limit=419Nm motorNm=419 tyreNm=-405 inertia=2.91 limRot=0/239/14 omegaPre=16.80 posN=345/-695/0 susp=-0.1908 springN=1342
INFO 2026-07-27 15:26:27.769 joltshadow - docs §78: attdense (player) f=228 joltTilt=7.72 odeTilt=3.52 upDelta=4.93 wBody=(-0.08,-0.11,0.04) |w|=0.14 grounded=2
INFO 2026-07-27 15:26:27.780 joltshadow - docs §70.1: slipdense (player) f=232 w=0 grounded=0 kappa=0.000 fnGround=0 omega=38.71 | ftGround=0N target=38.8 limit=419Nm motorNm=3 tyreNm=0 inertia=2.91 limRot=0/52/0 omegaPre=38.71 posN=9/58/0 susp=0.0105 springN=-62
INFO 2026-07-27 15:26:27.780 joltshadow - docs §70.1: slipdense (player) f=232 w=1 grounded=0 kappa=0.000 fnGround=0 omega=38.71 | ftGround=0N target=38.8 limit=419Nm motorNm=5 tyreNm=0 inertia=2.91 limRot=0/24/0 omegaPre=38.71 posN=8/33/0 susp=0.0142 springN=-67
INFO 2026-07-27 15:26:27.780 joltshadow - docs §70.1: slipdense (player) f=232 w=2 grounded=1 kappa=0.042 fnGround=618 omega=16.54 | ftGround=554N target=38.8 limit=419Nm motorNm=419 tyreNm=-401 inertia=2.91 limRot=0/106/-6 omegaPre=16.52 posN=135/-563/0 susp=-0.0695 springN=489
INFO 2026-07-27 15:26:27.780 joltshadow - docs §70.1: slipdense (player) f=232 w=3 grounded=1 kappa=0.021 fnGround=1353 omega=16.85 | ftGround=434N target=38.8 limit=419Nm motorNm=419 tyreNm=-288 inertia=2.91 limRot=0/207/11 omegaPre=16.71 posN=301/-521/0 susp=-0.1882 springN=1320
INFO 2026-07-27 15:26:27.780 joltshadow - docs §78: attdense (player) f=232 joltTilt=7.73 odeTilt=3.52 upDelta=5.03 wBody=(-0.07,-0.10,0.05) |w|=0.13 grounded=2
INFO 2026-07-27 15:26:27.793 joltshadow - docs §70.1: slipdense (player) f=236 w=0 grounded=0 kappa=0.000 fnGround=0 omega=38.72 | ftGround=0N target=38.8 limit=420Nm motorNm=5 tyreNm=0 inertia=2.91 limRot=0/420/0 omegaPre=38.72 posN=25/87/0 susp=0.0105 springN=-64
INFO 2026-07-27 15:26:27.793 joltshadow - docs §70.1: slipdense (player) f=236 w=1 grounded=0 kappa=0.000 fnGround=0 omega=38.72 | ftGround=0N target=38.8 limit=420Nm motorNm=17 tyreNm=0 inertia=2.91 limRot=0/770/0 omegaPre=38.72 posN=25/44/0 susp=0.0134 springN=-63
INFO 2026-07-27 15:26:27.793 joltshadow - docs §70.1: slipdense (player) f=236 w=2 grounded=1 kappa=0.043 fnGround=609 omega=16.64 | ftGround=551N target=38.8 limit=420Nm motorNm=420 tyreNm=-391 inertia=2.91 limRot=0/99/-6 omegaPre=16.62 posN=111/-529/0 susp=-0.0684 springN=478
INFO 2026-07-27 15:26:27.793 joltshadow - docs §70.1: slipdense (player) f=236 w=3 grounded=1 kappa=0.029 fnGround=1354 omega=16.79 | ftGround=858N target=38.8 limit=420Nm motorNm=420 tyreNm=-585 inertia=2.91 limRot=0/195/2 omegaPre=16.90 posN=271/-948/0 susp=-0.1850 springN=1296
INFO 2026-07-27 15:26:27.793 joltshadow - docs §78: attdense (player) f=236 joltTilt=7.74 odeTilt=3.51 upDelta=5.14 wBody=(-0.07,-0.09,0.05) |w|=0.12 grounded=2
INFO 2026-07-27 15:26:27.806 joltshadow - docs §70.1: slipdense (player) f=240 w=0 grounded=0 kappa=0.000 fnGround=0 omega=38.73 | ftGround=0N target=38.8 limit=421Nm motorNm=10 tyreNm=0 inertia=2.91 limRot=0/1122/0 omegaPre=38.73 posN=37/77/0 susp=0.0107 springN=-67
INFO 2026-07-27 15:26:27.806 joltshadow - docs §70.1: slipdense (player) f=240 w=1 grounded=0 kappa=0.000 fnGround=0 omega=38.71 | ftGround=0N target=38.8 limit=421Nm motorNm=28 tyreNm=0 inertia=2.91 limRot=0/1513/0 omegaPre=38.72 posN=36/28/0 susp=0.0125 springN=-56
INFO 2026-07-27 15:26:27.807 joltshadow - docs §70.1: slipdense (player) f=240 w=2 grounded=1 kappa=0.044 fnGround=594 omega=16.77 | ftGround=546N target=38.8 limit=421Nm motorNm=421 tyreNm=-388 inertia=2.91 limRot=0/72/-9 omegaPre=16.74 posN=76/-534/0 susp=-0.0670 springN=464
INFO 2026-07-27 15:26:27.807 joltshadow - docs §70.1: slipdense (player) f=240 w=3 grounded=1 kappa=0.029 fnGround=1355 omega=16.98 | ftGround=600N target=38.8 limit=421Nm motorNm=421 tyreNm=-394 inertia=2.91 limRot=0/144/2 omegaPre=16.95 posN=202/-697/0 susp=-0.1817 springN=1275
INFO 2026-07-27 15:26:27.807 joltshadow - docs §78: attdense (player) f=240 joltTilt=7.75 odeTilt=3.49 upDelta=5.25 wBody=(-0.05,-0.07,0.04) |w|=0.10 grounded=2
INFO 2026-07-27 15:26:27.807 joltshadow - Shadow divergence (player): pos=2.101m vel=2.185m/s angle=8.8deg (jolt com=[943.5 242.7 397.9] ode com=[944.9 241.1 397.6])
INFO 2026-07-27 15:26:27.807 joltshadow - docs §23.6: driver input (player) realThrottle=0.98 brake=0.00 handBrake=0 steerRad=-0.019
INFO 2026-07-27 15:26:27.807 joltshadow - docs §32: Jolt SHADOW chassis pitch (player) forward=(0.994, 0.093, 0.057)
INFO 2026-07-27 15:26:27.807 joltshadow - docs §69: tilt (player) jolt=7.8 deg ode=3.5 deg delta=+4.3 deg upDelta=5.25 deg
INFO 2026-07-27 15:26:27.807 joltshadow - docs §32.4: Jolt SHADOW chassis lowest corner (player) = (940.89,242.07,396.27) clearanceToGround=0.833
INFO 2026-07-27 15:26:27.807 joltshadow - docs §23.5: wheel state (player) wheel=0 contact=0 suspLen=1.050 (range 0.050-1.050, 0% compressed) angVel=0.00
INFO 2026-07-27 15:26:27.807 joltshadow - docs §38.11: wheel=0 NO contact, worldAxle=(-0.066,0.098,0.993)
INFO 2026-07-27 15:26:27.807 joltshadow - docs §32: no-contact raycast (player) wheel=0 bodyPos=(944.45,242.66,397.96) localMPos=(-1.367,-0.436,2.663) origin=(947.04,242.61,399.51) dir=(0.086,-0.991,0.104) normalRayLen=1.777 groundFoundAt=0.000 shortfallBeyondTravel=-1.777 hitBody=8388616 hitLayer=4 hitMotion=2 hitIsSelfChassis=0
INFO 2026-07-27 15:26:27.807 joltshadow - docs §23.5: wheel state (player) wheel=1 contact=0 suspLen=1.050 (range 0.050-1.050, 0% compressed) angVel=0.00
INFO 2026-07-27 15:26:27.807 joltshadow - docs §38.11: wheel=1 NO contact, worldAxle=(-0.066,0.098,0.993)
INFO 2026-07-27 15:26:27.807 joltshadow - docs §32: no-contact raycast (player) wheel=1 bodyPos=(944.45,242.66,397.96) localMPos=(1.369,-0.436,2.663) origin=(947.22,242.34,396.79) dir=(0.086,-0.991,0.104) normalRayLen=1.777 groundFoundAt=0.000 shortfallBeyondTravel=-1.777 hitBody=8388617 hitLayer=4 hitMotion=2 hitIsSelfChassis=0
INFO 2026-07-27 15:26:27.807 joltshadow - docs §23.5: wheel state (player) wheel=2 contact=0 suspLen=1.050 (range 0.050-1.050, 0% compressed) angVel=0.00
INFO 2026-07-27 15:26:27.807 joltshadow - docs §38.11: wheel=2 NO contact, worldAxle=(-0.066,0.098,0.993)
INFO 2026-07-27 15:26:27.807 joltshadow - docs §32: no-contact raycast (player) wheel=2 bodyPos=(944.45,242.66,397.96) localMPos=(-1.367,-0.436,-1.944) origin=(942.46,242.18,399.25) dir=(0.086,-0.991,0.104) normalRayLen=1.777 groundFoundAt=0.000 shortfallBeyondTravel=-1.777 hitBody=8388618 hitLayer=4 hitMotion=2 hitIsSelfChassis=0
INFO 2026-07-27 15:26:27.807 joltshadow - docs §23.5: wheel state (player) wheel=3 contact=0 suspLen=1.050 (range 0.050-1.050, 0% compressed) angVel=0.00
INFO 2026-07-27 15:26:27.808 joltshadow - docs §38.11: wheel=3 NO contact, worldAxle=(-0.066,0.098,0.993)
INFO 2026-07-27 15:26:27.808 joltshadow - docs §32: no-contact raycast (player) wheel=3 bodyPos=(944.45,242.66,397.96) localMPos=(1.369,-0.436,-1.944) origin=(942.64,241.91,396.53) dir=(0.086,-0.991,0.104) normalRayLen=1.777 groundFoundAt=0.000 shortfallBeyondTravel=-1.777 hitBody=8388619 hitLayer=4 hitMotion=2 hitIsSelfChassis=0
INFO 2026-07-27 15:26:27.808 joltshadow - docs §59/63: harvest (player) wheelsWithContact=2 contactPoints=8 overflow=0 (of 4) | maxNormalF=1355N bound(k_t*tau)=1398N ratio=0.97
INFO 2026-07-27 15:26:27.808 joltshadow - docs §58: wheel body (player) w=0 springF=-67N stopF=0N travel=0.0107 (limits -0.5000..0.5000 rel spawn) kSusp=6000 sagPredicted=-0.0111 | frameTrav=0.0107..0.0107 frameStopN=0
INFO 2026-07-27 15:26:27.808 joltshadow - docs §66: tyre band (player) w=0 fnGround=0N fnTotal=0N pen=0.00000 penRaw=0.00000 tau=0.01165 pen/tau=0.00 | recs tyre=0 rim=0 survived=0 stale=0 distMax=0.00R
INFO 2026-07-27 15:26:27.808 joltshadow - docs §68: steer (player) w=0 steerable=1 commanded=-0.019 rad measured=-0.239 rad err=-12.61 deg steerSign=-1 steerTq=-979Nm cap=1356Nm sat=0.72
INFO 2026-07-27 15:26:27.808 joltshadow - docs §70: slip (player) w=0 grounded=0 kappa=0.000 fnGround=0N omega=38.73
INFO 2026-07-27 15:26:27.808 joltshadow - docs §67: spin (player) w=0 driven=1 omega=38.73 rad/s surfaceSpeed=28.17 m/s spinSign=+1 motorTq=10Nm cmdTq=421Nm
INFO 2026-07-27 15:26:27.808 joltshadow - docs §58: wheel body (player) w=1 springF=-56N stopF=0N travel=0.0125 (limits -0.5000..0.5000 rel spawn) kSusp=6000 sagPredicted=-0.0094 | frameTrav=0.0125..0.0125 frameStopN=0
INFO 2026-07-27 15:26:27.808 joltshadow - docs §66: tyre band (player) w=1 fnGround=0N fnTotal=0N pen=0.00000 penRaw=0.00000 tau=0.01165 pen/tau=0.00 | recs tyre=0 rim=0 survived=0 stale=0 distMax=0.00R
INFO 2026-07-27 15:26:27.808 joltshadow - docs §68: steer (player) w=1 steerable=1 commanded=-0.019 rad measured=-0.439 rad err=-24.08 deg steerSign=-1 steerTq=-1326Nm cap=1356Nm sat=0.98
INFO 2026-07-27 15:26:27.808 joltshadow - docs §70: slip (player) w=1 grounded=0 kappa=0.000 fnGround=0N omega=38.71
INFO 2026-07-27 15:26:27.808 joltshadow - docs §67: spin (player) w=1 driven=1 omega=38.71 rad/s surfaceSpeed=28.16 m/s spinSign=+1 motorTq=28Nm cmdTq=421Nm
INFO 2026-07-27 15:26:27.808 joltshadow - docs §58: wheel body (player) w=2 springF=464N stopF=0N travel=-0.0670 (limits -0.5000..0.5000 rel spawn) kSusp=7500 sagPredicted=0.0619 | frameTrav=-0.0670..-0.0670 frameStopN=0
INFO 2026-07-27 15:26:27.808 joltshadow - docs §66: tyre band (player) w=2 fnGround=594N fnTotal=617N pen=0.00521 penRaw=0.00521 tau=0.01165 pen/tau=0.45 | recs tyre=2 rim=2 survived=2 stale=0 distMax=0.99R
INFO 2026-07-27 15:26:27.808 joltshadow - docs §68: steer (player) w=2 steerable=0 commanded=-0.019 rad measured=-0.000 rad err=1.09 deg steerSign=-1 steerTq=0Nm cap=340282346638528859811704183484516925440Nm sat=0.00
INFO 2026-07-27 15:26:27.808 joltshadow - docs §70: slip (player) w=2 grounded=1 kappa=0.044 fnGround=594N omega=16.77
INFO 2026-07-27 15:26:27.808 joltshadow - docs §67: spin (player) w=2 driven=1 omega=16.77 rad/s surfaceSpeed=12.20 m/s spinSign=+1 motorTq=421Nm cmdTq=421Nm
INFO 2026-07-27 15:26:27.808 joltshadow - docs §58: wheel body (player) w=3 springF=1275N stopF=0N travel=-0.1817 (limits -0.5000..0.5000 rel spawn) kSusp=7500 sagPredicted=0.1700 | frameTrav=-0.1817..-0.1817 frameStopN=0
INFO 2026-07-27 15:26:27.808 joltshadow - docs §66: tyre band (player) w=3 fnGround=1355N fnTotal=1398N pen=0.01165 penRaw=0.01175 tau=0.01165 pen/tau=1.00 | recs tyre=2 rim=2 survived=2 stale=0 distMax=0.99R
INFO 2026-07-27 15:26:27.808 joltshadow - docs §68: steer (player) w=3 steerable=0 commanded=-0.019 rad measured=-0.000 rad err=1.09 deg steerSign=-1 steerTq=0Nm cap=340282346638528859811704183484516925440Nm sat=0.00
INFO 2026-07-27 15:26:27.808 joltshadow - docs §70: slip (player) w=3 grounded=1 kappa=0.029 fnGround=1355N omega=16.98
INFO 2026-07-27 15:26:27.808 joltshadow - docs §67: spin (player) w=3 driven=1 omega=16.98 rad/s surfaceSpeed=12.35 m/s spinSign=+1 motorTq=421Nm cmdTq=421Nm
INFO 2026-07-27 15:26:27.808 joltshadow - docs §67: drivetrain (player) gear=2 rpm=4298 driveTorque=1710Nm perWheel=428Nm driven=4 throttle=0.98 spin=1 | PRE-STEP brake=0.00 handBrake=0
INFO 2026-07-27 15:26:27.808 joltshadow - docs §66: tyre band SUM (player) fnGroundSum=1949N fnTotalSum=2015N weight=1864N carried=1.08 | penSum=0.01686 recs tyre=4 rim=4 stale=0
INFO 2026-07-27 15:26:27.808 joltshadow - docs §30: REAL ODE chassis COM (player) body=333D4448 = (944.864, 241.096, 397.558) forward=(0.998, 0.002, -0.059)
INFO 2026-07-27 15:26:27.808 joltshadow - docs §33: real ODE chassis geom (player) #1 = class 0 (not a transform) pos=(944.864,241.096,397.558) radius=4.000
INFO 2026-07-27 15:26:27.809 joltshadow - docs §33: real ODE chassis geom (player) #2 = transform, inner class=1 pos=(0.000,1.675,0.000)
INFO 2026-07-27 15:26:27.809 joltshadow - docs §33: real ODE chassis geom (player) #3 = transform, inner class=1 pos=(0.000,2.829,2.168)
INFO 2026-07-27 15:26:27.809 joltshadow - docs §33: real ODE chassis geom (player) #4 = transform, inner class=1 pos=(0.000,4.624,-0.052)
INFO 2026-07-27 15:26:27.809 joltshadow - docs §33: real ODE chassis geom (player) #5 = transform, inner class=1 pos=(0.000,3.010,-1.827)
INFO 2026-07-27 15:26:27.809 joltshadow - docs §33: real ODE chassis geom (player) #6 = class 0 (not a transform) pos=(944.864,241.096,397.558) radius=30.000
INFO 2026-07-27 15:26:27.809 joltshadow - docs §33: real ODE chassis geom (player) #7 = class 0 (not a transform) pos=(944.864,241.096,397.558) radius=6.789
INFO 2026-07-27 15:26:27.809 joltshadow - docs §33: real ODE chassis geom (player) #8 = class 0 (not a transform) pos=(944.864,241.096,397.558) radius=200.000
INFO 2026-07-27 15:26:27.809 joltshadow - docs §33: real ODE chassis (player) has 8 total geom(s) directly attached (4 transform(s)) - compare against BuildChassisCompoundShape's own part/geom count in the build log
INFO 2026-07-27 15:26:27.809 joltshadow - docs §28: REAL ODE wheel state (player) wheel=0 displacement=0.0083 range=1.000 (1% compressed, signed) foreAft=2.663 localZ=2.663 cfm=0.002500 erp=0.2500
INFO 2026-07-27 15:26:27.809 joltshadow - docs §28: REAL ODE wheel state (player) wheel=1 displacement=0.0281 range=1.000 (3% compressed, signed) foreAft=2.663 localZ=2.663 cfm=0.002500 erp=0.2500
INFO 2026-07-27 15:26:27.809 joltshadow - docs §28: REAL ODE wheel state (player) wheel=2 displacement=0.0190 range=1.000 (2% compressed, signed) foreAft=-1.944 localZ=-1.944 cfm=0.002000 erp=0.2500
INFO 2026-07-27 15:26:27.809 joltshadow - docs §28: REAL ODE wheel state (player) wheel=3 displacement=0.0092 range=1.000 (1% compressed, signed) foreAft=-1.944 localZ=-1.944 cfm=0.002000 erp=0.2500
INFO 2026-07-27 15:26:27.821 joltshadow - docs §70.1: slipdense (player) f=244 w=0 grounded=0 kappa=0.000 fnGround=0 omega=38.73 | ftGround=0N target=38.8 limit=421Nm motorNm=58 tyreNm=0 inertia=2.91 limRot=0/2653/0 omegaPre=38.72 posN=-9/68/0 susp=0.0109 springN=-68
INFO 2026-07-27 15:26:27.821 joltshadow - docs §70.1: slipdense (player) f=244 w=1 grounded=0 kappa=0.000 fnGround=0 omega=38.77 | ftGround=0N target=38.8 limit=421Nm motorNm=2 tyreNm=0 inertia=2.91 limRot=0/1032/-698 omegaPre=38.77 posN=-9/60/0 susp=0.0114 springN=-45
INFO 2026-07-27 15:26:27.821 joltshadow - docs §70.1: slipdense (player) f=244 w=2 grounded=1 kappa=0.049 fnGround=578 omega=16.91 | ftGround=585N target=38.8 limit=421Nm motorNm=421 tyreNm=-418 inertia=2.91 limRot=0/68/-8 omegaPre=16.90 posN=89/-581/0 susp=-0.0653 springN=443
INFO 2026-07-27 15:26:27.821 joltshadow - docs §70.1: slipdense (player) f=244 w=3 grounded=1 kappa=0.026 fnGround=1355 omega=16.93 | ftGround=799N target=38.8 limit=421Nm motorNm=421 tyreNm=-540 inertia=2.91 limRot=0/139/-0 omegaPre=17.01 posN=212/-870/0 susp=-0.1787 springN=1259
INFO 2026-07-27 15:26:27.821 joltshadow - docs §78: attdense (player) f=244 joltTilt=7.76 odeTilt=3.47 upDelta=5.36 wBody=(-0.04,-0.08,0.02) |w|=0.09 grounded=2
INFO 2026-07-27 15:26:27.833 joltshadow - docs §70.1: slipdense (player) f=248 w=0 grounded=0 kappa=0.000 fnGround=0 omega=38.75 | ftGround=0N target=38.8 limit=421Nm motorNm=62 tyreNm=0 inertia=2.91 limRot=0/2763/0 omegaPre=38.73 posN=-28/62/0 susp=0.0110 springN=-66
INFO 2026-07-27 15:26:27.833 joltshadow - docs §70.1: slipdense (player) f=248 w=1 grounded=0 kappa=0.000 fnGround=0 omega=38.77 | ftGround=0N target=38.8 limit=421Nm motorNm=1 tyreNm=0 inertia=2.91 limRot=0/1342/-36 omegaPre=38.77 posN=-29/69/0 susp=0.0106 springN=-44
INFO 2026-07-27 15:26:27.833 joltshadow - docs §70.1: slipdense (player) f=248 w=2 grounded=1 kappa=0.048 fnGround=563 omega=16.97 | ftGround=559N target=38.8 limit=421Nm motorNm=421 tyreNm=-398 inertia=2.91 limRot=0/67/-6 omegaPre=16.96 posN=94/-559/0 susp=-0.0638 springN=433
INFO 2026-07-27 15:26:27.833 joltshadow - docs §70.1: slipdense (player) f=248 w=3 grounded=1 kappa=0.029 fnGround=1356 omega=17.00 | ftGround=875N target=38.8 limit=421Nm motorNm=421 tyreNm=-596 inertia=2.91 limRot=0/142/-1 omegaPre=17.12 posN=222/-938/0 susp=-0.1761 springN=1240
INFO 2026-07-27 15:26:27.833 joltshadow - docs §78: attdense (player) f=248 joltTilt=7.77 odeTilt=3.44 upDelta=5.44 wBody=(-0.03,-0.08,0.02) |w|=0.09 grounded=2
INFO 2026-07-27 15:26:27.845 joltshadow - docs §70.1: slipdense (player) f=252 w=0 grounded=0 kappa=0.000 fnGround=0 omega=38.79 | ftGround=0N target=38.8 limit=422Nm motorNm=2 tyreNm=0 inertia=2.91 limRot=0/904/0 omegaPre=38.79 posN=-42/46/0 susp=0.0109 springN=-62
INFO 2026-07-27 15:26:27.845 joltshadow - docs §70.1: slipdense (player) f=252 w=1 grounded=0 kappa=0.000 fnGround=0 omega=38.79 | ftGround=0N target=38.8 limit=422Nm motorNm=3 tyreNm=0 inertia=2.91 limRot=0/1127/0 omegaPre=38.79 posN=-42/67/0 susp=0.0101 springN=-55
INFO 2026-07-27 15:26:27.846 joltshadow - docs §70.1: slipdense (player) f=252 w=2 grounded=1 kappa=0.049 fnGround=564 omega=17.02 | ftGround=571N target=38.8 limit=422Nm motorNm=422 tyreNm=-407 inertia=2.91 limRot=0/105/-1 omegaPre=17.01 posN=152/-588/0 susp=-0.0624 springN=432
INFO 2026-07-27 15:26:27.846 joltshadow - docs §70.1: slipdense (player) f=252 w=3 grounded=1 kappa=0.029 fnGround=1348 omega=17.24 | ftGround=612N target=38.8 limit=422Nm motorNm=422 tyreNm=-402 inertia=2.91 limRot=0/224/16 omegaPre=17.22 posN=340/-669/0 susp=-0.1733 springN=1218
INFO 2026-07-27 15:26:27.846 joltshadow - docs §78: attdense (player) f=252 joltTilt=7.76 odeTilt=3.41 upDelta=5.51 wBody=(-0.02,-0.10,0.04) |w|=0.11 grounded=2
INFO 2026-07-27 15:26:27.857 joltshadow - docs §70.1: slipdense (player) f=256 w=0 grounded=0 kappa=0.000 fnGround=0 omega=38.78 | ftGround=0N target=38.8 limit=422Nm motorNm=22 tyreNm=0 inertia=2.91 limRot=0/-345/0 omegaPre=38.78 posN=-67/48/0 susp=0.0107 springN=-59
INFO 2026-07-27 15:26:27.857 joltshadow - docs §70.1: slipdense (player) f=256 w=1 grounded=0 kappa=0.000 fnGround=0 omega=38.79 | ftGround=0N target=38.8 limit=422Nm motorNm=13 tyreNm=0 inertia=2.91 limRot=0/152/0 omegaPre=38.79 posN=-68/93/0 susp=0.0102 springN=-69
INFO 2026-07-27 15:26:27.857 joltshadow - docs §70.1: slipdense (player) f=256 w=2 grounded=1 kappa=0.049 fnGround=574 omega=17.07 | ftGround=580N target=38.8 limit=422Nm motorNm=422 tyreNm=-413 inertia=2.91 limRot=0/139/3 omegaPre=17.06 posN=207/-596/0 susp=-0.0616 springN=440
INFO 2026-07-27 15:26:27.857 joltshadow - docs §70.1: slipdense (player) f=256 w=3 grounded=1 kappa=0.028 fnGround=1329 omega=17.21 | ftGround=838N target=38.8 limit=422Nm motorNm=422 tyreNm=-568 inertia=2.91 limRot=0/287/20 omegaPre=17.31 posN=432/-873/0 susp=-0.1708 springN=1195
INFO 2026-07-27 15:26:27.857 joltshadow - docs §78: attdense (player) f=256 joltTilt=7.75 odeTilt=3.39 upDelta=5.55 wBody=(-0.02,-0.11,0.06) |w|=0.13 grounded=2
INFO 2026-07-27 15:26:27.869 joltshadow - docs §70.1: slipdense (player) f=260 w=0 grounded=0 kappa=0.000 fnGround=0 omega=38.76 | ftGround=0N target=38.8 limit=422Nm motorNm=61 tyreNm=0 inertia=2.91 limRot=0/-1546/0 omegaPre=38.75 posN=1/75/0 susp=0.0103 springN=-52
INFO 2026-07-27 15:26:27.869 joltshadow - docs §70.1: slipdense (player) f=260 w=1 grounded=0 kappa=0.000 fnGround=0 omega=38.76 | ftGround=0N target=38.8 limit=422Nm motorNm=52 tyreNm=0 inertia=2.91 limRot=0/-1390/0 omegaPre=38.76 posN=-1/66/0 susp=0.0109 springN=-89
INFO 2026-07-27 15:26:27.869 joltshadow - docs §70.1: slipdense (player) f=260 w=2 grounded=1 kappa=0.047 fnGround=593 omega=17.09 | ftGround=581N target=38.8 limit=422Nm motorNm=422 tyreNm=-413 inertia=2.91 limRot=0/184/5 omegaPre=17.09 posN=242/-571/0 susp=-0.0613 springN=459
INFO 2026-07-27 15:26:27.869 joltshadow - docs §70.1: slipdense (player) f=260 w=3 grounded=1 kappa=0.028 fnGround=1295 omega=17.31 | ftGround=817N target=38.8 limit=422Nm motorNm=422 tyreNm=-554 inertia=2.91 limRot=0/357/26 omegaPre=17.40 posN=499/-875/0 susp=-0.1679 springN=1165
INFO 2026-07-27 15:26:27.869 joltshadow - docs §78: attdense (player) f=260 joltTilt=7.72 odeTilt=3.36 upDelta=5.58 wBody=(-0.02,-0.12,0.09) |w|=0.16 grounded=2
INFO 2026-07-27 15:26:27.882 joltshadow - docs §70.1: slipdense (player) f=264 w=0 grounded=0 kappa=0.000 fnGround=0 omega=38.77 | ftGround=0N target=38.8 limit=422Nm motorNm=19 tyreNm=0 inertia=2.91 limRot=0/-112/0 omegaPre=38.77 posN=35/83/0 susp=0.0097 springN=-46
INFO 2026-07-27 15:26:27.883 joltshadow - docs §70.1: slipdense (player) f=264 w=1 grounded=0 kappa=0.000 fnGround=0 omega=38.77 | ftGround=0N target=38.8 limit=422Nm motorNm=26 tyreNm=0 inertia=2.91 limRot=0/-336/0 omegaPre=38.76 posN=35/34/0 susp=0.0123 springN=-102
INFO 2026-07-27 15:26:27.883 joltshadow - docs §70.1: slipdense (player) f=264 w=2 grounded=1 kappa=0.043 fnGround=619 omega=17.17 | ftGround=565N target=38.8 limit=422Nm motorNm=422 tyreNm=-406 inertia=2.91 limRot=0/176/1 omegaPre=17.14 posN=209/-548/0 susp=-0.0618 springN=484
INFO 2026-07-27 15:26:27.883 joltshadow - docs §70.1: slipdense (player) f=264 w=3 grounded=1 kappa=0.023 fnGround=1265 omega=17.33 | ftGround=660N target=38.8 limit=422Nm motorNm=422 tyreNm=-454 inertia=2.91 limRot=0/322/18 omegaPre=17.45 posN=429/-742/0 susp=-0.1641 springN=1127
INFO 2026-07-27 15:26:27.883 joltshadow - docs §78: attdense (player) f=264 joltTilt=7.67 odeTilt=3.33 upDelta=5.61 wBody=(-0.02,-0.10,0.13) |w|=0.16 grounded=2
INFO 2026-07-27 15:26:27.883 joltshadow - docs §82: resync (player) #1 dt=0.50s upMax=5.605 deg posMax=0.834 m odeTiltPath=1.297 deg gain=4.3229
INFO 2026-07-27 15:26:27.883 joltshadow - docs §87: resync landing (player) w=0 pre=0.3134 post=0.0017 m R=0.727 dY=-0.1959 dRotDeg=9.50 |corr|=0.8339 m
INFO 2026-07-27 15:26:27.883 joltshadow - docs §87: resync landing (player) w=1 pre=0.2572 post=-0.0019 m R=0.727 dY=-0.1959 dRotDeg=9.50 |corr|=0.8339 m
INFO 2026-07-27 15:26:27.883 joltshadow - docs §87: resync landing (player) w=2 pre=-0.0037 post=-0.0063 m R=0.727 dY=-0.1959 dRotDeg=9.50 |corr|=0.8339 m
INFO 2026-07-27 15:26:27.883 joltshadow - docs §87: resync landing (player) w=3 pre=-0.0093 post=-0.0024 m R=0.727 dY=-0.1959 dRotDeg=9.50 |corr|=0.8339 m
INFO 2026-07-27 15:26:27.883 joltshadow - docs §82: resync RESIDUAL (player) #1 pos=0.0000 m up=0.0000 deg
INFO 2026-07-27 15:26:27.895 joltshadow - docs §70.1: slipdense (player) f=268 w=0 grounded=1 kappa=1.087 fnGround=571 omega=38.47 | ftGround=926N target=38.8 limit=422Nm motorNm=422 tyreNm=-662 inertia=2.91 limRot=0/101/0 omegaPre=38.72 posN=513/-818/0 susp=-0.0981 springN=439
INFO 2026-07-27 15:26:27.896 joltshadow - docs §70.1: slipdense (player) f=268 w=1 grounded=1 kappa=1.111 fnGround=585 omega=38.45 | ftGround=903N target=38.8 limit=422Nm motorNm=422 tyreNm=-640 inertia=2.91 limRot=0/180/0 omegaPre=38.68 posN=625/-658/0 susp=-0.0953 springN=457
INFO 2026-07-27 15:26:27.896 joltshadow - docs §70.1: slipdense (player) f=268 w=2 grounded=1 kappa=0.025 fnGround=1052 omega=19.17 | ftGround=583N target=38.8 limit=422Nm motorNm=422 tyreNm=-379 inertia=2.91 limRot=0/79/10 omegaPre=19.12 posN=60/-484/0 susp=-0.0994 springN=799
INFO 2026-07-27 15:26:27.896 joltshadow - docs §70.1: slipdense (player) f=268 w=3 grounded=1 kappa=0.021 fnGround=1179 omega=19.05 | ftGround=521N target=38.8 limit=422Nm motorNm=422 tyreNm=-331 inertia=2.91 limRot=0/106/3 omegaPre=18.95 posN=115/-293/0 susp=-0.1099 springN=861
INFO 2026-07-27 15:26:27.896 joltshadow - docs §78: attdense (player) f=268 joltTilt=3.31 odeTilt=3.30 upDelta=0.02 wBody=(0.01,0.00,0.02) |w|=0.02 grounded=4
INFO 2026-07-27 15:26:27.908 joltshadow - docs §70.1: slipdense (player) f=272 w=0 grounded=1 kappa=0.955 fnGround=670 omega=36.49 | ftGround=1334N target=38.8 limit=422Nm motorNm=422 tyreNm=-956 inertia=2.91 limRot=0/12/0 omegaPre=36.86 posN=52/-1205/0 susp=-0.0919 springN=396
INFO 2026-07-27 15:26:27.908 joltshadow - docs §70.1: slipdense (player) f=272 w=1 grounded=1 kappa=0.981 fnGround=638 omega=36.85 | ftGround=1215N target=38.8 limit=422Nm motorNm=422 tyreNm=-866 inertia=2.91 limRot=0/262/0 omegaPre=37.16 posN=368/-1036/0 susp=-0.0903 springN=411
INFO 2026-07-27 15:26:27.908 joltshadow - docs §70.1: slipdense (player) f=272 w=2 grounded=1 kappa=0.028 fnGround=877 omega=19.40 | ftGround=547N target=38.8 limit=422Nm motorNm=422 tyreNm=-360 inertia=2.91 limRot=0/11/4 omegaPre=19.36 posN=-4/-374/0 susp=-0.1012 springN=813
INFO 2026-07-27 15:26:27.908 joltshadow - docs §70.1: slipdense (player) f=272 w=3 grounded=1 kappa=0.022 fnGround=1149 omega=19.41 | ftGround=556N target=38.8 limit=422Nm motorNm=422 tyreNm=-356 inertia=2.91 limRot=0/32/-2 omegaPre=19.36 posN=44/-326/0 susp=-0.1127 springN=956
INFO 2026-07-27 15:26:27.908 joltshadow - docs §78: attdense (player) f=272 joltTilt=3.30 odeTilt=3.26 upDelta=0.08 wBody=(-0.03,-0.02,0.01) |w|=0.04 grounded=4
INFO 2026-07-27 15:26:27.920 joltshadow - docs §70.1: slipdense (player) f=276 w=0 grounded=1 kappa=0.835 fnGround=529 omega=34.84 | ftGround=942N target=38.8 limit=422Nm motorNm=422 tyreNm=-672 inertia=2.91 limRot=0/-69/0 omegaPre=35.01 posN=-437/-768/0 susp=-0.0856 springN=352
INFO 2026-07-27 15:26:27.920 joltshadow - docs §70.1: slipdense (player) f=276 w=1 grounded=1 kappa=0.867 fnGround=500 omega=35.26 | ftGround=957N target=38.8 limit=422Nm motorNm=422 tyreNm=-682 inertia=2.91 limRot=0/265/0 omegaPre=35.44 posN=-212/-847/0 susp=-0.0845 springN=346
INFO 2026-07-27 15:26:27.920 joltshadow - docs §70.1: slipdense (player) f=276 w=2 grounded=1 kappa=0.028 fnGround=871 omega=19.67 | ftGround=541N target=38.8 limit=422Nm motorNm=422 tyreNm=-356 inertia=2.91 limRot=0/44/0 omegaPre=19.62 posN=70/-362/0 susp=-0.1027 springN=814
INFO 2026-07-27 15:26:27.920 joltshadow - docs §70.1: slipdense (player) f=276 w=3 grounded=1 kappa=0.023 fnGround=1097 omega=19.69 | ftGround=568N target=38.8 limit=422Nm motorNm=422 tyreNm=-367 inertia=2.91 limRot=0/73/-6 omegaPre=19.65 posN=128/-419/0 susp=-0.1165 springN=993
INFO 2026-07-27 15:26:27.920 joltshadow - docs §78: attdense (player) f=276 joltTilt=3.28 odeTilt=3.22 upDelta=0.17 wBody=(-0.06,-0.01,0.03) |w|=0.07 grounded=4
INFO 2026-07-27 15:26:27.933 joltshadow - docs §70.1: slipdense (player) f=280 w=0 grounded=1 kappa=0.793 fnGround=400 omega=34.37 | ftGround=616N target=38.8 limit=422Nm motorNm=422 tyreNm=-437 inertia=2.91 limRot=0/-271/0 omegaPre=34.39 posN=-484/-419/0 susp=-0.0780 springN=284
INFO 2026-07-27 15:26:27.933 joltshadow - docs §70.1: slipdense (player) f=280 w=1 grounded=1 kappa=0.836 fnGround=354 omega=34.82 | ftGround=579N target=38.8 limit=422Nm motorNm=422 tyreNm=-410 inertia=2.91 limRot=0/123/0 omegaPre=34.82 posN=-346/-468/0 susp=-0.0763 springN=251
INFO 2026-07-27 15:26:27.933 joltshadow - docs §70.1: slipdense (player) f=280 w=2 grounded=1 kappa=0.028 fnGround=910 omega=19.92 | ftGround=560N target=38.8 limit=422Nm motorNm=422 tyreNm=-368 inertia=2.91 limRot=0/102/3 omegaPre=19.87 posN=150/-417/0 susp=-0.1043 springN=828
INFO 2026-07-27 15:26:27.933 joltshadow - docs §70.1: slipdense (player) f=280 w=3 grounded=1 kappa=0.025 fnGround=1081 omega=19.87 | ftGround=600N target=38.8 limit=422Nm motorNm=422 tyreNm=-390 inertia=2.91 limRot=0/141/-5 omegaPre=19.83 posN=220/-495/0 susp=-0.1203 springN=1003
INFO 2026-07-27 15:26:27.933 joltshadow - docs §78: attdense (player) f=280 joltTilt=3.24 odeTilt=3.18 upDelta=0.29 wBody=(-0.09,0.02,0.06) |w|=0.11 grounded=4
INFO 2026-07-27 15:26:27.945 joltshadow - docs §70.1: slipdense (player) f=284 w=0 grounded=1 kappa=0.837 fnGround=311 omega=34.57 | ftGround=450N target=38.8 limit=422Nm motorNm=422 tyreNm=-319 inertia=2.91 limRot=0/-700/0 omegaPre=34.49 posN=-464/-219/0 susp=-0.0696 springN=215
INFO 2026-07-27 15:26:27.945 joltshadow - docs §70.1: slipdense (player) f=284 w=1 grounded=1 kappa=0.899 fnGround=231 omega=35.31 | ftGround=339N target=38.8 limit=422Nm motorNm=422 tyreNm=-239 inertia=2.91 limRot=0/-413/0 omegaPre=35.15 posN=-295/-205/0 susp=-0.0661 springN=144
INFO 2026-07-27 15:26:27.945 joltshadow - docs §70.1: slipdense (player) f=284 w=2 grounded=1 kappa=0.027 fnGround=946 omega=20.12 | ftGround=578N target=38.8 limit=422Nm motorNm=422 tyreNm=-379 inertia=2.91 limRot=0/160/6 omegaPre=20.08 posN=224/-472/0 susp=-0.1061 springN=855
INFO 2026-07-27 15:26:27.945 joltshadow - docs §70.1: slipdense (player) f=284 w=3 grounded=1 kappa=0.025 fnGround=1082 omega=19.98 | ftGround=613N target=38.8 limit=422Nm motorNm=422 tyreNm=-399 inertia=2.91 limRot=0/204/-3 omegaPre=19.95 posN=302/-528/0 susp=-0.1232 springN=1001
INFO 2026-07-27 15:26:27.945 joltshadow - docs §78: attdense (player) f=284 joltTilt=3.18 odeTilt=3.12 upDelta=0.43 wBody=(-0.11,0.04,0.10) |w|=0.15 grounded=4
INFO 2026-07-27 15:26:27.960 joltshadow - docs §70.1: slipdense (player) f=288 w=0 grounded=1 kappa=1.117 fnGround=264 omega=34.98 | ftGround=374N target=38.8 limit=421Nm motorNm=421 tyreNm=-268 inertia=2.91 limRot=0/-1696/0 omegaPre=34.86 posN=-411/-1/0 susp=-0.0601 springN=160
INFO 2026-07-27 15:26:27.960 joltshadow - docs §70.1: slipdense (player) f=288 w=1 grounded=1 kappa=1.186 fnGround=128 omega=36.30 | ftGround=183N target=38.8 limit=421Nm motorNm=421 tyreNm=-131 inertia=2.91 limRot=0/-1312/0 omegaPre=35.99 posN=-132/-51/0 susp=-0.0532 springN=34
INFO 2026-07-27 15:26:27.960 joltshadow - docs §70.1: slipdense (player) f=288 w=2 grounded=1 kappa=0.028 fnGround=1960 omega=20.03 | ftGround=1053N target=38.8 limit=421Nm motorNm=421 tyreNm=-715 inertia=2.91 limRot=0/491/-10 omegaPre=20.20 posN=596/-813/0 susp=-0.1094 springN=976
INFO 2026-07-27 15:26:27.960 joltshadow - docs §70.1: slipdense (player) f=288 w=3 grounded=1 kappa=0.025 fnGround=1080 omega=20.06 | ftGround=603N target=38.8 limit=421Nm motorNm=421 tyreNm=-406 inertia=2.91 limRot=0/267/-9 omegaPre=20.04 posN=333/-550/0 susp=-0.1254 springN=988
INFO 2026-07-27 15:26:27.960 joltshadow - docs §78: attdense (player) f=288 joltTilt=3.07 odeTilt=3.08 upDelta=0.61 wBody=(-0.11,0.06,0.15) |w|=0.19 grounded=4
INFO 2026-07-27 15:26:27.973 joltshadow - docs §70.1: slipdense (player) f=292 w=0 grounded=1 kappa=1.136 fnGround=226 omega=35.75 | ftGround=321N target=38.8 limit=421Nm motorNm=421 tyreNm=-227 inertia=2.91 limRot=0/-1018/-1079 omegaPre=35.55 posN=-370/1/0 susp=-0.0515 springN=111
INFO 2026-07-27 15:26:27.973 joltshadow - docs §70.1: slipdense (player) f=292 w=1 grounded=1 kappa=1.300 fnGround=82 omega=37.65 | ftGround=117N target=38.8 limit=421Nm motorNm=421 tyreNm=-83 inertia=2.91 limRot=0/-650/-1215 omegaPre=37.30 posN=-80/1/0 susp=-0.0406 springN=-45
INFO 2026-07-27 15:26:27.973 joltshadow - docs §70.1: slipdense (player) f=292 w=2 grounded=1 kappa=0.040 fnGround=732 omega=20.66 | ftGround=622N target=38.8 limit=421Nm motorNm=421 tyreNm=-422 inertia=2.91 limRot=0/99/3 omegaPre=20.66 posN=123/-545/0 susp=-0.1117 springN=848
INFO 2026-07-27 15:26:27.973 joltshadow - docs §70.1: slipdense (player) f=292 w=3 grounded=1 kappa=0.027 fnGround=1067 omega=20.02 | ftGround=638N target=38.8 limit=421Nm motorNm=421 tyreNm=-416 inertia=2.91 limRot=0/171/-4 omegaPre=20.02 posN=234/-581/0 susp=-0.1267 springN=986
INFO 2026-07-27 15:26:27.973 joltshadow - docs §78: attdense (player) f=292 joltTilt=2.95 odeTilt=3.05 upDelta=0.79 wBody=(-0.11,0.13,0.16) |w|=0.23 grounded=4
INFO 2026-07-27 15:26:27.986 testharness - Auto-load: CMiracle3d this=00E14990 vtable=009C66A8, loading 'data\profiles\�����\saves\00000009\maps'
INFO 2026-07-27 15:26:29.848 jolt - Jolt: exported landscape heightfield as a static body (1025x1025 samples, 8.0 world units/cell, height range [0.0, 702.9])
INFO 2026-07-27 15:26:30.915 jolt - Jolt: exported roads as a static body (1931/2019 nodes, 99678 verts, 96713 tris, 88 skipped)
INFO 2026-07-27 15:26:33.398 testharness - Auto-load: LoadSavedGame returned 1
INFO 2026-07-27 15:26:33.399 joltshadow - Shadow: compound chassis shape built - 4 part(s), 4 geom(s) (4 box, 0 sphere, 0 capsule, 0 skipped)
ERROR 2026-07-27 15:26:33.399 jolt - Assert failed: F:\Kraken\extern\joltphysics\Jolt\Core\Reference.h:77: (old_value != 0 && old_value != cEmbedded) Too many calls to Release
INFO 2026-07-27 15:26:33.399 joltshadow - docs §93: chassis inertia (player) mass=167.0 | JOLT(compound) = (1285.8, 968.4, 552.7) | ODE(box 3.50x2.50x9.00) = (1214.2, 1297.7, 257.5) | ratio = (1.06, 0.75, 2.15)
INFO 2026-07-27 15:26:33.399 joltshadow - docs §54 axis-audit (player) w=0: axis1_local=(0.000,1.000,-0.000) vs assumedSusp -> 0.00 deg | axis2_local=(-1.000,-0.001,-0.001) vs assumedAxle -> 0.06 deg | axis1^axis2 off-perp 0.04 deg || kSusp=6000 N/m cSusp=300 Ns/m range=1.000 R=0.727 mWheel=11.0 driven=1 steer=1
INFO 2026-07-27 15:26:33.399 joltshadow - docs §54 axis-audit (player) w=1: axis1_local=(0.000,1.000,-0.000) vs assumedSusp -> 0.00 deg | axis2_local=(-1.000,0.000,0.001) vs assumedAxle -> 0.04 deg | axis1^axis2 off-perp 0.02 deg || kSusp=6000 N/m cSusp=300 Ns/m range=1.000 R=0.727 mWheel=11.0 driven=1 steer=1
INFO 2026-07-27 15:26:33.399 joltshadow - docs §54 axis-audit (player) w=2: axis1_local=(0.000,1.000,-0.000) vs assumedSusp -> 0.00 deg | axis2_local=(-1.000,0.000,-0.000) vs assumedAxle -> 0.03 deg | axis1^axis2 off-perp 0.03 deg || kSusp=7500 N/m cSusp=375 Ns/m range=1.000 R=0.727 mWheel=11.0 driven=1 steer=0
INFO 2026-07-27 15:26:33.399 joltshadow - docs §54 axis-audit (player) w=3: axis1_local=(0.000,1.000,-0.000) vs assumedSusp -> 0.00 deg | axis2_local=(-1.000,-0.000,-0.000) vs assumedAxle -> 0.03 deg | axis1^axis2 off-perp 0.02 deg || kSusp=7500 N/m cSusp=375 Ns/m range=1.000 R=0.727 mWheel=11.0 driven=1 steer=0
INFO 2026-07-27 15:26:33.399 joltshadow - docs §54 axis-audit SUMMARY (player): worst susp 0.00 deg, worst axle (unsteered only) 0.03 deg, worst off-perp 0.04 deg -> convention CONFIRMED
INFO 2026-07-27 15:26:33.400 joltshadow - Shadow (player): wheelmodel APPLY mode - VehicleConstraint built but NOT simulated; chassis driven by wheelmodel_core (4 wheels)
INFO 2026-07-27 15:26:33.400 joltshadow - docs §75: constraint frame (player) w=0 axle.fwd=+0.0000 (0.00 deg off perpendicular) | anchorOffsetFromWheelCentre=0.0500 m (restLen)
INFO 2026-07-27 15:26:33.400 joltshadow - docs §75: constraint frame (player) w=1 axle.fwd=+0.0000 (0.00 deg off perpendicular) | anchorOffsetFromWheelCentre=0.0500 m (restLen)
INFO 2026-07-27 15:26:33.400 joltshadow - docs §75: constraint frame (player) w=2 axle.fwd=+0.0000 (0.00 deg off perpendicular) | anchorOffsetFromWheelCentre=0.0500 m (restLen)
INFO 2026-07-27 15:26:33.400 joltshadow - docs §75: constraint frame (player) w=3 axle.fwd=+0.0000 (0.00 deg off perpendicular) | anchorOffsetFromWheelCentre=0.0500 m (restLen)
INFO 2026-07-27 15:26:33.400 joltshadow - docs §58 (player): mode 4 - built 4 wheel bodies + SixDOF constraints (chassisMass=167.0, massFloor=4.18) | docs §95.4 wheelMass=44.0 chassisMassFinal=167.0 total=211.0
INFO 2026-07-27 15:26:33.400 joltshadow - Shadow vehicle #3 built (player): 4 wheels (2 driven axle(s)), mass=167.0, chassis=3.50x2.50x9.00, susp_mult=1.00x/damp=1.00, friction=0.93/1.00
INFO 2026-07-27 15:26:33.400 joltshadow - Shadow: compound chassis shape built - 4 part(s), 4 geom(s) (4 box, 0 sphere, 0 capsule, 0 skipped)
INFO 2026-07-27 15:26:33.400 joltshadow - Shadow: compound chassis shape built - 4 part(s), 4 geom(s) (4 box, 0 sphere, 0 capsule, 0 skipped)
INFO 2026-07-27 15:26:33.400 joltshadow - Shadow: compound chassis shape built - 3 part(s), 3 geom(s) (3 box, 0 sphere, 0 capsule, 0 skipped)
INFO 2026-07-27 15:26:33.400 joltshadow - Shadow: compound chassis shape built - 4 part(s), 4 geom(s) (4 box, 0 sphere, 0 capsule, 0 skipped)
INFO 2026-07-27 15:26:33.400 joltshadow - Shadow: compound chassis shape built - 4 part(s), 4 geom(s) (4 box, 0 sphere, 0 capsule, 0 skipped)
INFO 2026-07-27 15:26:33.400 joltshadow - Shadow: compound chassis shape built - 4 part(s), 4 geom(s) (4 box, 0 sphere, 0 capsule, 0 skipped)
INFO 2026-07-27 15:26:33.400 joltshadow - Shadow: compound chassis shape built - 4 part(s), 4 geom(s) (4 box, 0 sphere, 0 capsule, 0 skipped)
INFO 2026-07-27 15:26:33.401 joltshadow - Shadow: compound chassis shape built - 5 part(s), 5 geom(s) (5 box, 0 sphere, 0 capsule, 0 skipped)
INFO 2026-07-27 15:26:33.401 joltshadow - [jolt_profile] ode_step_avg_ms=0.27 jolt_total_avg_ms=0.59 | physics_update_avg_ms=0.43 wheelmodel_avg_ms=0.01 mirror_avg_ms=0.01 applyvehicle_avg_ms=0.00 applyvehicle_calls_per_frame=0.00 | contact_pairs_per_frame=45.3 contact_points_per_frame=45.3 active_bodies_per_frame=10.0 substeps_per_frame=1.44 | frames=299
INFO 2026-07-27 15:26:33.403 testharness - God mode: applying to player vehicle 4B689460
INFO 2026-07-27 15:26:33.403 testharness - perf: fps=45.1 avg_frame_ms=22.149 min_ms=2.329 max_ms=5420.014 frames=298 window=6.6s
INFO 2026-07-27 15:26:33.483 joltshadow - docs §70.1: slipdense (player) f=4 w=0 grounded=1 kappa=-0.059 fnGround=161 omega=-0.06 | ftGround=-61N target=0.0 limit=1192Nm motorNm=-44 tyreNm=44 inertia=2.91 limRot=0/-0/0 omegaPre=-0.06 posN=-0/49/0 susp=-0.0620 springN=324
INFO 2026-07-27 15:26:33.483 joltshadow - docs §70.1: slipdense (player) f=4 w=1 grounded=1 kappa=-0.059 fnGround=161 omega=-0.06 | ftGround=-61N target=0.0 limit=1192Nm motorNm=-44 tyreNm=44 inertia=2.91 limRot=0/-0/0 omegaPre=-0.06 posN=-0/49/0 susp=-0.0615 springN=320
INFO 2026-07-27 15:26:33.483 joltshadow - docs §70.1: slipdense (player) f=4 w=2 grounded=1 kappa=-0.057 fnGround=560 omega=-0.06 | ftGround=-59N target=0.0 limit=2170Nm motorNm=-43 tyreNm=42 inertia=2.91 limRot=0/-0/-0 omegaPre=-0.06 posN=-0/45/0 susp=-0.0702 springN=640
INFO 2026-07-27 15:26:33.483 joltshadow - docs §70.1: slipdense (player) f=4 w=3 grounded=1 kappa=-0.057 fnGround=547 omega=-0.06 | ftGround=-59N target=0.0 limit=2164Nm motorNm=-43 tyreNm=42 inertia=2.91 limRot=0/-0/-0 omegaPre=-0.06 posN=-0/45/0 susp=-0.0697 springN=636
INFO 2026-07-27 15:26:33.483 joltshadow - docs §78: attdense (player) f=4 joltTilt=0.15 odeTilt=0.00 upDelta=0.14 wBody=(-0.06,0.00,-0.00) |w|=0.06 grounded=4
INFO 2026-07-27 15:26:33.517 joltshadow - docs §70.1: slipdense (player) f=8 w=0 grounded=1 kappa=-0.023 fnGround=344 omega=-0.06 | ftGround=-18N target=0.0 limit=1192Nm motorNm=-13 tyreNm=13 inertia=2.91 limRot=0/-0/0 omegaPre=-0.06 posN=-0/13/0 susp=-0.0519 springN=217
INFO 2026-07-27 15:26:33.517 joltshadow - docs §70.1: slipdense (player) f=8 w=1 grounded=1 kappa=-0.023 fnGround=343 omega=-0.06 | ftGround=-18N target=0.0 limit=1192Nm motorNm=-13 tyreNm=13 inertia=2.91 limRot=0/-0/0 omegaPre=-0.06 posN=-0/13/0 susp=-0.0515 springN=216
INFO 2026-07-27 15:26:33.517 joltshadow - docs §70.1: slipdense (player) f=8 w=2 grounded=1 kappa=-0.020 fnGround=617 omega=-0.06 | ftGround=-16N target=0.0 limit=1687Nm motorNm=-11 tyreNm=11 inertia=2.91 limRot=0/-0/-0 omegaPre=-0.06 posN=-1/10/0 susp=-0.0713 springN=517
INFO 2026-07-27 15:26:33.517 joltshadow - docs §70.1: slipdense (player) f=8 w=3 grounded=1 kappa=-0.020 fnGround=616 omega=-0.06 | ftGround=-16N target=0.0 limit=1691Nm motorNm=-11 tyreNm=11 inertia=2.91 limRot=0/-0/-0 omegaPre=-0.06 posN=-1/10/0 susp=-0.0709 springN=514
INFO 2026-07-27 15:26:33.517 joltshadow - docs §78: attdense (player) f=8 joltTilt=0.27 odeTilt=0.02 upDelta=0.24 wBody=(-0.06,0.00,-0.00) |w|=0.06 grounded=4
INFO 2026-07-27 15:26:33.567 joltshadow - docs §70.1: slipdense (player) f=12 w=0 grounded=1 kappa=0.003 fnGround=272 omega=-0.05 | ftGround=3N target=0.0 limit=1192Nm motorNm=3 tyreNm=-2 inertia=2.91 limRot=0/-0/0 omegaPre=-0.06 posN=-0/-4/0 susp=-0.0387 springN=167
INFO 2026-07-27 15:26:33.567 joltshadow - docs §70.1: slipdense (player) f=12 w=1 grounded=1 kappa=0.003 fnGround=272 omega=-0.05 | ftGround=3N target=0.0 limit=1192Nm motorNm=3 tyreNm=-2 inertia=2.91 limRot=0/-0/0 omegaPre=-0.06 posN=-0/-4/0 susp=-0.0386 springN=167
INFO 2026-07-27 15:26:33.567 joltshadow - docs §70.1: slipdense (player) f=12 w=2 grounded=1 kappa=0.007 fnGround=649 omega=-0.05 | ftGround=6N target=0.0 limit=1858Nm motorNm=5 tyreNm=-4 inertia=2.91 limRot=0/-0/-0 omegaPre=-0.06 posN=-0/-10/0 susp=-0.0709 springN=539
INFO 2026-07-27 15:26:33.567 joltshadow - docs §70.1: slipdense (player) f=12 w=3 grounded=1 kappa=0.007 fnGround=644 omega=-0.05 | ftGround=6N target=0.0 limit=1853Nm motorNm=5 tyreNm=-4 inertia=2.91 limRot=0/-0/-0 omegaPre=-0.06 posN=-0/-10/0 susp=-0.0708 springN=539
INFO 2026-07-27 15:26:33.567 joltshadow - docs §78: attdense (player) f=12 joltTilt=0.43 odeTilt=0.04 upDelta=0.40 wBody=(-0.05,0.00,-0.00) |w|=0.05 grounded=4
INFO 2026-07-27 15:26:33.603 joltshadow - docs §70.1: slipdense (player) f=16 w=0 grounded=1 kappa=0.014 fnGround=260 omega=-0.04 | ftGround=14N target=0.0 limit=1192Nm motorNm=11 tyreNm=-10 inertia=2.91 limRot=0/0/0 omegaPre=-0.05 posN=0/-14/0 susp=-0.0320 springN=151
INFO 2026-07-27 15:26:33.603 joltshadow - docs §70.1: slipdense (player) f=16 w=1 grounded=1 kappa=0.014 fnGround=260 omega=-0.04 | ftGround=14N target=0.0 limit=1192Nm motorNm=11 tyreNm=-10 inertia=2.91 limRot=0/0/0 omegaPre=-0.05 posN=0/-14/0 susp=-0.0322 springN=153
INFO 2026-07-27 15:26:33.604 joltshadow - docs §70.1: slipdense (player) f=16 w=2 grounded=1 kappa=0.017 fnGround=667 omega=-0.04 | ftGround=18N target=0.0 limit=1941Nm motorNm=14 tyreNm=-13 inertia=2.91 limRot=0/0/0 omegaPre=-0.05 posN=0/-21/0 susp=-0.0722 springN=562
INFO 2026-07-27 15:26:33.604 joltshadow - docs §70.1: slipdense (player) f=16 w=3 grounded=1 kappa=0.017 fnGround=671 omega=-0.04 | ftGround=18N target=0.0 limit=1933Nm motorNm=14 tyreNm=-13 inertia=2.91 limRot=0/0/0 omegaPre=-0.05 posN=0/-21/0 susp=-0.0724 springN=564
INFO 2026-07-27 15:26:33.604 joltshadow - docs §78: attdense (player) f=16 joltTilt=0.54 odeTilt=0.05 upDelta=0.49 wBody=(-0.04,-0.00,-0.00) |w|=0.04 grounded=4
INFO 2026-07-27 15:26:33.633 joltshadow - docs §70.1: slipdense (player) f=20 w=0 grounded=1 kappa=0.019 fnGround=258 omega=-0.03 | ftGround=15N target=0.0 limit=1192Nm motorNm=12 tyreNm=-11 inertia=2.91 limRot=0/0/0 omegaPre=-0.04 posN=0/-15/0 susp=-0.0287 springN=151
INFO 2026-07-27 15:26:33.633 joltshadow - docs §70.1: slipdense (player) f=20 w=1 grounded=1 kappa=0.019 fnGround=260 omega=-0.03 | ftGround=15N target=0.0 limit=1192Nm motorNm=12 tyreNm=-11 inertia=2.91 limRot=0/0/0 omegaPre=-0.04 posN=0/-15/0 susp=-0.0292 springN=154
INFO 2026-07-27 15:26:33.633 joltshadow - docs §70.1: slipdense (player) f=20 w=2 grounded=1 kappa=0.022 fnGround=690 omega=-0.03 | ftGround=17N target=0.0 limit=1993Nm motorNm=14 tyreNm=-13 inertia=2.91 limRot=0/1/0 omegaPre=-0.04 posN=1/-22/0 susp=-0.0741 springN=583
INFO 2026-07-27 15:26:33.633 joltshadow - docs §70.1: slipdense (player) f=20 w=3 grounded=1 kappa=0.022 fnGround=694 omega=-0.03 | ftGround=17N target=0.0 limit=2002Nm motorNm=14 tyreNm=-13 inertia=2.91 limRot=0/1/0 omegaPre=-0.04 posN=1/-22/0 susp=-0.0746 springN=587
INFO 2026-07-27 15:26:33.633 joltshadow - docs §78: attdense (player) f=20 joltTilt=0.61 odeTilt=0.05 upDelta=0.56 wBody=(-0.03,-0.00,-0.00) |w|=0.03 grounded=4
INFO 2026-07-27 15:26:33.660 joltshadow - docs §70.1: slipdense (player) f=24 w=0 grounded=1 kappa=0.022 fnGround=263 omega=-0.02 | ftGround=17N target=0.0 limit=1192Nm motorNm=14 tyreNm=-13 inertia=2.91 limRot=0/0/0 omegaPre=-0.03 posN=0/-17/0 susp=-0.0274 springN=158
INFO 2026-07-27 15:26:33.660 joltshadow - docs §70.1: slipdense (player) f=24 w=1 grounded=1 kappa=0.022 fnGround=266 omega=-0.02 | ftGround=17N target=0.0 limit=1192Nm motorNm=14 tyreNm=-12 inertia=2.91 limRot=0/0/0 omegaPre=-0.03 posN=0/-17/0 susp=-0.0281 springN=161
INFO 2026-07-27 15:26:33.660 joltshadow - docs §70.1: slipdense (player) f=24 w=2 grounded=1 kappa=0.025 fnGround=706 omega=-0.02 | ftGround=19N target=0.0 limit=2052Nm motorNm=15 tyreNm=-14 inertia=2.91 limRot=0/1/0 omegaPre=-0.03 posN=1/-24/0 susp=-0.0760 springN=602
INFO 2026-07-27 15:26:33.660 joltshadow - docs §70.1: slipdense (player) f=24 w=3 grounded=1 kappa=0.024 fnGround=714 omega=-0.02 | ftGround=19N target=0.0 limit=2064Nm motorNm=15 tyreNm=-14 inertia=2.91 limRot=0/1/0 omegaPre=-0.03 posN=1/-24/0 susp=-0.0767 springN=607
INFO 2026-07-27 15:26:33.660 joltshadow - docs §78: attdense (player) f=24 joltTilt=0.65 odeTilt=0.04 upDelta=0.61 wBody=(-0.02,-0.00,0.00) |w|=0.02 grounded=4
INFO 2026-07-27 15:26:33.688 joltshadow - docs §70.1: slipdense (player) f=28 w=0 grounded=1 kappa=0.021 fnGround=275 omega=-0.01 | ftGround=22N target=0.0 limit=1192Nm motorNm=17 tyreNm=-16 inertia=2.91 limRot=0/0/0 omegaPre=-0.02 posN=1/-21/0 susp=-0.0273 springN=169
INFO 2026-07-27 15:26:33.689 joltshadow - docs §70.1: slipdense (player) f=28 w=1 grounded=1 kappa=0.021 fnGround=283 omega=-0.01 | ftGround=22N target=0.0 limit=1192Nm motorNm=17 tyreNm=-16 inertia=2.91 limRot=0/0/0 omegaPre=-0.02 posN=1/-21/0 susp=-0.0283 springN=174
INFO 2026-07-27 15:26:33.689 joltshadow - docs §70.1: slipdense (player) f=28 w=2 grounded=1 kappa=0.023 fnGround=724 omega=-0.01 | ftGround=24N target=0.0 limit=2105Nm motorNm=18 tyreNm=-17 inertia=2.91 limRot=0/1/0 omegaPre=-0.02 posN=1/-28/0 susp=-0.0783 springN=620
INFO 2026-07-27 15:26:33.689 joltshadow - docs §70.1: slipdense (player) f=28 w=3 grounded=1 kappa=0.023 fnGround=732 omega=-0.01 | ftGround=23N target=0.0 limit=2126Nm motorNm=18 tyreNm=-17 inertia=2.91 limRot=0/1/0 omegaPre=-0.02 posN=1/-27/0 susp=-0.0793 springN=626
INFO 2026-07-27 15:26:33.689 joltshadow - docs §78: attdense (player) f=28 joltTilt=0.68 odeTilt=0.03 upDelta=0.65 wBody=(-0.01,-0.00,0.00) |w|=0.01 grounded=4
WARNING 2026-07-27 15:26:33.712 jolt - Jolt: static box shape creation failed: Invalid half extent
WARNING 2026-07-27 15:26:33.792 jolt - Jolt: static box shape creation failed: Invalid half extent
WARNING 2026-07-27 15:26:33.808 jolt - Jolt: static box shape creation failed: Invalid half extent
WARNING 2026-07-27 15:26:33.811 jolt - Jolt: static box shape creation failed: Invalid half extent
WARNING 2026-07-27 15:26:33.813 jolt - Jolt: static box shape creation failed: Invalid half extent
WARNING 2026-07-27 15:26:33.819 jolt - Jolt: static box shape creation failed: Invalid half extent
WARNING 2026-07-27 15:26:33.847 jolt - Jolt: static box shape creation failed: Invalid half extent
WARNING 2026-07-27 15:26:33.847 jolt - Jolt: static box shape creation failed: Invalid half extent
WARNING 2026-07-27 15:26:33.847 jolt - Jolt: static box shape creation failed: Invalid half extent
WARNING 2026-07-27 15:26:33.847 jolt - Jolt: static box shape creation failed: Invalid half extent
WARNING 2026-07-27 15:26:33.847 jolt - Jolt: static box shape creation failed: Invalid half extent
INFO 2026-07-27 15:26:33.923 jolt - Jolt: exported 87082 static obstacles (80845 box, 16 sphere, 5990 trimesh, 231 capsule) - 116442 geoms walked total (9050 nested sub-space(s) recursed into, 96234 at top level per dSpaceGetNumGeoms), 20208 dynamic geoms skipped, 102 body-less geoms of unexported class skipped, 0 skipped (capacity exhausted)
INFO 2026-07-27 15:26:33.923 jolt - Jolt: static obstacle export - 4 body-less geom(s) of unexported ODE class 4 (docs §22.9/§22.13 - classes confirmed by disassembly: 0=sphere, 1=box, 2=capsule, 7=trimesh, 11-14=space (recursed into, not "unexported"); others not confirmed against this binary, treat the raw ID as a lead not a fact)
INFO 2026-07-27 15:26:33.923 jolt - Jolt: static obstacle export - 86 body-less geom(s) of unexported ODE class 6 (docs §22.9/§22.13 - classes confirmed by disassembly: 0=sphere, 1=box, 2=capsule, 7=trimesh, 11-14=space (recursed into, not "unexported"); others not confirmed against this binary, treat the raw ID as a lead not a fact)
INFO 2026-07-27 15:26:33.923 jolt - Jolt: static obstacle export - 1 body-less geom(s) of unexported ODE class 8 (docs §22.9/§22.13 - classes confirmed by disassembly: 0=sphere, 1=box, 2=capsule, 7=trimesh, 11-14=space (recursed into, not "unexported"); others not confirmed against this binary, treat the raw ID as a lead not a fact)
INFO 2026-07-27 15:26:33.959 joltshadow - docs §70.1: slipdense (player) f=32 w=0 grounded=1 kappa=0.028 fnGround=319 omega=0.00 | ftGround=22N target=0.0 limit=1192Nm motorNm=16 tyreNm=-16 inertia=2.91 limRot=0/1/0 omegaPre=0.00 posN=1/-21/0 susp=-0.0310 springN=208
INFO 2026-07-27 15:26:33.959 joltshadow - docs §70.1: slipdense (player) f=32 w=1 grounded=1 kappa=0.027 fnGround=321 omega=0.00 | ftGround=21N target=0.0 limit=1192Nm motorNm=16 tyreNm=-16 inertia=2.91 limRot=0/1/0 omegaPre=0.00 posN=1/-20/0 susp=-0.0321 springN=213
INFO 2026-07-27 15:26:33.959 joltshadow - docs §70.1: slipdense (player) f=32 w=2 grounded=1 kappa=0.027 fnGround=751 omega=0.00 | ftGround=21N target=0.0 limit=2184Nm motorNm=16 tyreNm=-16 inertia=2.91 limRot=0/1/0 omegaPre=0.00 posN=2/-25/0 susp=-0.0832 springN=644
INFO 2026-07-27 15:26:33.959 joltshadow - docs §70.1: slipdense (player) f=32 w=3 grounded=1 kappa=0.027 fnGround=758 omega=0.00 | ftGround=21N target=0.0 limit=2209Nm motorNm=16 tyreNm=-15 inertia=2.91 limRot=0/1/0 omegaPre=0.00 posN=2/-25/0 susp=-0.0843 springN=650
INFO 2026-07-27 15:26:33.959 joltshadow - docs §78: attdense (player) f=32 joltTilt=0.69 odeTilt=0.02 upDelta=0.68 wBody=(0.00,-0.00,0.00) |w|=0.01 grounded=4
INFO 2026-07-27 15:26:33.982 joltshadow - docs §70.1: slipdense (player) f=36 w=0 grounded=1 kappa=0.018 fnGround=327 omega=0.01 | ftGround=14N target=0.0 limit=1192Nm motorNm=10 tyreNm=-10 inertia=2.91 limRot=0/1/0 omegaPre=0.01 posN=1/-14/0 susp=-0.0327 springN=218
INFO 2026-07-27 15:26:33.983 joltshadow - docs §70.1: slipdense (player) f=36 w=1 grounded=1 kappa=0.017 fnGround=329 omega=0.01 | ftGround=13N target=0.0 limit=1192Nm motorNm=10 tyreNm=-10 inertia=2.91 limRot=0/1/0 omegaPre=0.01 posN=1/-14/0 susp=-0.0338 springN=223
INFO 2026-07-27 15:26:33.983 joltshadow - docs §70.1: slipdense (player) f=36 w=2 grounded=1 kappa=0.017 fnGround=753 omega=0.01 | ftGround=13N target=0.0 limit=2190Nm motorNm=10 tyreNm=-10 inertia=2.91 limRot=0/1/0 omegaPre=0.01 posN=2/-19/0 susp=-0.0843 springN=645
INFO 2026-07-27 15:26:33.983 joltshadow - docs §70.1: slipdense (player) f=36 w=3 grounded=1 kappa=0.016 fnGround=759 omega=0.01 | ftGround=13N target=0.0 limit=2208Nm motorNm=10 tyreNm=-9 inertia=2.91 limRot=0/1/0 omegaPre=0.01 posN=2/-18/0 susp=-0.0854 springN=651
INFO 2026-07-27 15:26:33.983 joltshadow - docs §78: attdense (player) f=36 joltTilt=0.68 odeTilt=0.02 upDelta=0.67 wBody=(0.01,-0.00,0.00) |w|=0.01 grounded=4
INFO 2026-07-27 15:26:34.006 joltshadow - docs §70.1: slipdense (player) f=40 w=0 grounded=1 kappa=0.012 fnGround=337 omega=0.01 | ftGround=11N target=0.0 limit=1192Nm motorNm=9 tyreNm=-8 inertia=2.91 limRot=0/1/0 omegaPre=0.01 posN=1/-12/0 susp=-0.0342 springN=226
INFO 2026-07-27 15:26:34.007 joltshadow - docs §70.1: slipdense (player) f=40 w=1 grounded=1 kappa=0.012 fnGround=340 omega=0.01 | ftGround=11N target=0.0 limit=1192Nm motorNm=8 tyreNm=-8 inertia=2.91 limRot=0/1/0 omegaPre=0.01 posN=1/-12/0 susp=-0.0354 springN=231
INFO 2026-07-27 15:26:34.007 joltshadow - docs §70.1: slipdense (player) f=40 w=2 grounded=1 kappa=0.011 fnGround=752 omega=0.01 | ftGround=10N target=0.0 limit=2189Nm motorNm=8 tyreNm=-8 inertia=2.91 limRot=0/1/0 omegaPre=0.01 posN=2/-16/0 susp=-0.0848 springN=643
INFO 2026-07-27 15:26:34.007 joltshadow - docs §70.1: slipdense (player) f=40 w=3 grounded=1 kappa=0.011 fnGround=758 omega=0.01 | ftGround=10N target=0.0 limit=2207Nm motorNm=8 tyreNm=-7 inertia=2.91 limRot=0/1/0 omegaPre=0.01 posN=2/-16/0 susp=-0.0859 springN=649
INFO 2026-07-27 15:26:34.007 joltshadow - docs §78: attdense (player) f=40 joltTilt=0.67 odeTilt=0.02 upDelta=0.65 wBody=(0.01,-0.00,0.00) |w|=0.01 grounded=4
INFO 2026-07-27 15:26:34.013 joltshadow - docs §82: resync (player) #2 dt=0.51s upMax=0.943 deg posMax=0.032 m odeTiltPath=3.397 deg gain=0.2776
INFO 2026-07-27 15:26:34.013 joltshadow - docs §87: resync landing (player) w=0 pre=-0.0027 post=-0.0095 m R=0.727 dY=-0.0140 dRotDeg=0.65 |corr|=0.0195 m
INFO 2026-07-27 15:26:34.014 joltshadow - docs §87: resync landing (player) w=1 pre=-0.0028 post=-0.0090 m R=0.727 dY=-0.0140 dRotDeg=0.65 |corr|=0.0195 m
INFO 2026-07-27 15:26:34.014 joltshadow - docs §87: resync landing (player) w=2 pre=-0.0062 post=-0.0097 m R=0.727 dY=-0.0140 dRotDeg=0.65 |corr|=0.0195 m
INFO 2026-07-27 15:26:34.014 joltshadow - docs §87: resync landing (player) w=3 pre=-0.0063 post=-0.0092 m R=0.727 dY=-0.0140 dRotDeg=0.65 |corr|=0.0195 m
INFO 2026-07-27 15:26:34.014 joltshadow - docs §82: resync RESIDUAL (player) #2 pos=0.0000 m up=0.0000 deg
INFO 2026-07-27 15:26:34.035 joltshadow - docs §70.1: slipdense (player) f=44 w=0 grounded=1 kappa=-0.036 fnGround=338 omega=-0.02 | ftGround=-28N target=0.0 limit=1192Nm motorNm=-23 tyreNm=20 inertia=2.91 limRot=0/-1/0 omegaPre=-0.02 posN=-1/26/0 susp=-0.0731 springN=392
INFO 2026-07-27 15:26:34.035 joltshadow - docs §70.1: slipdense (player) f=44 w=1 grounded=1 kappa=-0.036 fnGround=347 omega=-0.02 | ftGround=-28N target=0.0 limit=1192Nm motorNm=-23 tyreNm=20 inertia=2.91 limRot=0/-1/0 omegaPre=-0.02 posN=-1/25/0 susp=-0.0726 springN=386
INFO 2026-07-27 15:26:34.036 joltshadow - docs §70.1: slipdense (player) f=44 w=2 grounded=1 kappa=-0.036 fnGround=511 omega=-0.02 | ftGround=-28N target=0.0 limit=1569Nm motorNm=-23 tyreNm=20 inertia=2.91 limRot=0/-1/-0 omegaPre=-0.02 posN=-1/25/0 susp=-0.0751 springN=536
INFO 2026-07-27 15:26:34.036 joltshadow - docs §70.1: slipdense (player) f=44 w=3 grounded=1 kappa=-0.036 fnGround=515 omega=-0.02 | ftGround=-28N target=0.0 limit=1575Nm motorNm=-22 tyreNm=20 inertia=2.91 limRot=0/-1/-0 omegaPre=-0.02 posN=-1/25/0 susp=-0.0747 springN=528
INFO 2026-07-27 15:26:34.036 joltshadow - docs §78: attdense (player) f=44 joltTilt=0.04 odeTilt=0.02 upDelta=0.02 wBody=(-0.02,0.00,-0.00) |w|=0.02 grounded=4
INFO 2026-07-27 15:26:34.062 joltshadow - docs §70.1: slipdense (player) f=48 w=0 grounded=1 kappa=-0.039 fnGround=408 omega=-0.04 | ftGround=-31N target=0.0 limit=1192Nm motorNm=-23 tyreNm=22 inertia=2.91 limRot=0/-0/0 omegaPre=-0.03 posN=-0/26/0 susp=-0.0652 springN=294
INFO 2026-07-27 15:26:34.062 joltshadow - docs §70.1: slipdense (player) f=48 w=1 grounded=1 kappa=-0.039 fnGround=406 omega=-0.04 | ftGround=-31N target=0.0 limit=1192Nm motorNm=-23 tyreNm=22 inertia=2.91 limRot=0/-0/0 omegaPre=-0.03 posN=-0/26/0 susp=-0.0647 springN=291
INFO 2026-07-27 15:26:34.062 joltshadow - docs §70.1: slipdense (player) f=48 w=2 grounded=1 kappa=-0.039 fnGround=581 omega=-0.04 | ftGround=-30N target=0.0 limit=1674Nm motorNm=-23 tyreNm=22 inertia=2.91 limRot=0/-1/-0 omegaPre=-0.03 posN=-1/25/0 susp=-0.0711 springN=474
INFO 2026-07-27 15:26:34.062 joltshadow - docs §70.1: slipdense (player) f=48 w=3 grounded=1 kappa=-0.038 fnGround=582 omega=-0.04 | ftGround=-30N target=0.0 limit=1667Nm motorNm=-23 tyreNm=22 inertia=2.91 limRot=0/-1/-0 omegaPre=-0.03 posN=-1/25/0 susp=-0.0706 springN=471
INFO 2026-07-27 15:26:34.062 joltshadow - docs §78: attdense (player) f=48 joltTilt=0.09 odeTilt=0.02 upDelta=0.06 wBody=(-0.04,0.00,-0.00) |w|=0.04 grounded=4
INFO 2026-07-27 15:26:34.089 joltshadow - docs §70.1: slipdense (player) f=52 w=0 grounded=1 kappa=-0.028 fnGround=355 omega=-0.05 | ftGround=-26N target=0.0 limit=1192Nm motorNm=-19 tyreNm=19 inertia=2.91 limRot=0/-0/0 omegaPre=-0.04 posN=-0/21/0 susp=-0.0566 springN=246
INFO 2026-07-27 15:26:34.089 joltshadow - docs §70.1: slipdense (player) f=52 w=1 grounded=1 kappa=-0.028 fnGround=350 omega=-0.05 | ftGround=-26N target=0.0 limit=1192Nm motorNm=-19 tyreNm=18 inertia=2.91 limRot=0/-0/0 omegaPre=-0.04 posN=-0/21/0 susp=-0.0562 springN=244
INFO 2026-07-27 15:26:34.089 joltshadow - docs §70.1: slipdense (player) f=52 w=2 grounded=1 kappa=-0.027 fnGround=574 omega=-0.05 | ftGround=-25N target=0.0 limit=1676Nm motorNm=-19 tyreNm=18 inertia=2.91 limRot=0/-0/-0 omegaPre=-0.04 posN=-1/19/0 susp=-0.0675 springN=464
INFO 2026-07-27 15:26:34.089 joltshadow - docs §70.1: slipdense (player) f=52 w=3 grounded=1 kappa=-0.027 fnGround=572 omega=-0.05 | ftGround=-25N target=0.0 limit=1669Nm motorNm=-18 tyreNm=18 inertia=2.91 limRot=0/-0/-0 omegaPre=-0.04 posN=-1/19/0 susp=-0.0670 springN=462
INFO 2026-07-27 15:26:34.089 joltshadow - docs §78: attdense (player) f=52 joltTilt=0.15 odeTilt=0.02 upDelta=0.13 wBody=(-0.05,0.00,-0.00) |w|=0.05 grounded=4
INFO 2026-07-27 15:26:34.117 joltshadow - docs §70.1: slipdense (player) f=56 w=0 grounded=1 kappa=-0.015 fnGround=312 omega=-0.05 | ftGround=-16N target=0.0 limit=1192Nm motorNm=-11 tyreNm=11 inertia=2.91 limRot=0/-0/0 omegaPre=-0.05 posN=-0/12/0 susp=-0.0483 springN=206
INFO 2026-07-27 15:26:34.117 joltshadow - docs §70.1: slipdense (player) f=56 w=1 grounded=1 kappa=-0.015 fnGround=312 omega=-0.05 | ftGround=-15N target=0.0 limit=1192Nm motorNm=-11 tyreNm=11 inertia=2.91 limRot=0/-0/0 omegaPre=-0.05 posN=-0/12/0 susp=-0.0479 springN=205
INFO 2026-07-27 15:26:34.117 joltshadow - docs §70.1: slipdense (player) f=56 w=2 grounded=1 kappa=-0.013 fnGround=571 omega=-0.05 | ftGround=-14N target=0.0 limit=1662Nm motorNm=-10 tyreNm=10 inertia=2.91 limRot=0/-0/-0 omegaPre=-0.05 posN=-0/9/0 susp=-0.0650 springN=464
INFO 2026-07-27 15:26:34.117 joltshadow - docs §70.1: slipdense (player) f=56 w=3 grounded=1 kappa=-0.013 fnGround=568 omega=-0.05 | ftGround=-14N target=0.0 limit=1652Nm motorNm=-10 tyreNm=10 inertia=2.91 limRot=0/-0/-0 omegaPre=-0.05 posN=-0/9/0 susp=-0.0646 springN=462
INFO 2026-07-27 15:26:34.117 joltshadow - docs §78: attdense (player) f=56 joltTilt=0.23 odeTilt=0.02 upDelta=0.21 wBody=(-0.05,0.00,-0.00) |w|=0.05 grounded=4
INFO 2026-07-27 15:26:34.142 joltshadow - docs §70.1: slipdense (player) f=60 w=0 grounded=1 kappa=-0.007 fnGround=287 omega=-0.05 | ftGround=-5N target=0.0 limit=1192Nm motorNm=-4 tyreNm=4 inertia=2.91 limRot=0/-0/0 omegaPre=-0.05 posN=-0/3/0 susp=-0.0419 springN=181
INFO 2026-07-27 15:26:34.142 joltshadow - docs §70.1: slipdense (player) f=60 w=1 grounded=1 kappa=-0.007 fnGround=286 omega=-0.05 | ftGround=-5N target=0.0 limit=1192Nm motorNm=-4 tyreNm=4 inertia=2.91 limRot=0/-0/0 omegaPre=-0.05 posN=-0/3/0 susp=-0.0417 springN=181
INFO 2026-07-27 15:26:34.142 joltshadow - docs §70.1: slipdense (player) f=60 w=2 grounded=1 kappa=-0.005 fnGround=576 omega=-0.05 | ftGround=-4N target=0.0 limit=1671Nm motorNm=-2 tyreNm=3 inertia=2.91 limRot=0/-0/-0 omegaPre=-0.05 posN=-0/0/0 susp=-0.0640 springN=472
INFO 2026-07-27 15:26:34.142 joltshadow - docs §70.1: slipdense (player) f=60 w=3 grounded=1 kappa=-0.005 fnGround=575 omega=-0.05 | ftGround=-4N target=0.0 limit=1665Nm motorNm=-2 tyreNm=3 inertia=2.91 limRot=0/-0/-0 omegaPre=-0.05 posN=-0/0/0 susp=-0.0637 springN=471
INFO 2026-07-27 15:26:34.142 joltshadow - docs §78: attdense (player) f=60 joltTilt=0.30 odeTilt=0.02 upDelta=0.28 wBody=(-0.05,0.00,-0.00) |w|=0.05 grounded=4
INFO 2026-07-27 15:26:34.142 joltshadow - Shadow divergence (player): pos=1.619m vel=0.122m/s angle=0.3deg (jolt com=[4668.6 259.2 1252.1] ode com=[4668.5 257.7 1251.5])
INFO 2026-07-27 15:26:34.142 joltshadow - docs §23.6: driver input (player) realThrottle=-10.00 brake=0.01 handBrake=1 steerRad=0.000
INFO 2026-07-27 15:26:34.142 joltshadow - docs §32: Jolt SHADOW chassis pitch (player) forward=(-0.222, 0.005, -0.975)
INFO 2026-07-27 15:26:34.142 joltshadow - docs §69: tilt (player) jolt=0.3 deg ode=0.0 deg delta=+0.3 deg upDelta=0.28 deg
INFO 2026-07-27 15:26:34.142 joltshadow - docs §32.4: Jolt SHADOW chassis lowest corner (player) = (4667.87,259.06,1255.70) clearanceToGround=1.065
INFO 2026-07-27 15:26:34.142 joltshadow - docs §23.5: wheel state (player) wheel=0 contact=0 suspLen=1.050 (range 0.050-1.050, 0% compressed) angVel=0.00
INFO 2026-07-27 15:26:34.142 joltshadow - docs §38.11: wheel=0 NO contact, worldAxle=(0.975,0.000,-0.222)
INFO 2026-07-27 15:26:34.142 joltshadow - docs §32: no-contact raycast (player) wheel=0 bodyPos=(4668.45,259.15,1251.50) localMPos=(-1.367,-0.436,2.663) origin=(4669.19,258.73,1248.59) dir=(-0.001,-1.000,-0.005) normalRayLen=1.777 groundFoundAt=0.000 shortfallBeyondTravel=-1.777 hitBody=8391036 hitLayer=4 hitMotion=2 hitIsSelfChassis=0
INFO 2026-07-27 15:26:34.142 joltshadow - docs §23.5: wheel state (player) wheel=1 contact=0 suspLen=1.050 (range 0.050-1.050, 0% compressed) angVel=0.00
INFO 2026-07-27 15:26:34.143 joltshadow - docs §38.11: wheel=1 NO contact, worldAxle=(0.975,0.000,-0.222)
INFO 2026-07-27 15:26:34.143 joltshadow - docs §32: no-contact raycast (player) wheel=1 bodyPos=(4668.45,259.15,1251.50) localMPos=(1.369,-0.436,2.663) origin=(4666.53,258.73,1249.20) dir=(-0.001,-1.000,-0.005) normalRayLen=1.777 groundFoundAt=0.000 shortfallBeyondTravel=-1.777 hitBody=8391037 hitLayer=4 hitMotion=2 hitIsSelfChassis=0
INFO 2026-07-27 15:26:34.143 joltshadow - docs §23.5: wheel state (player) wheel=2 contact=0 suspLen=1.050 (range 0.050-1.050, 0% compressed) angVel=0.00
INFO 2026-07-27 15:26:34.143 joltshadow - docs §38.11: wheel=2 NO contact, worldAxle=(0.975,0.000,-0.222)
INFO 2026-07-27 15:26:34.143 joltshadow - docs §32: no-contact raycast (player) wheel=2 bodyPos=(4668.45,259.15,1251.50) localMPos=(-1.367,-0.436,-1.944) origin=(4670.22,258.71,1253.08) dir=(-0.001,-1.000,-0.005) normalRayLen=1.777 groundFoundAt=0.000 shortfallBeyondTravel=-1.777 hitBody=8391038 hitLayer=4 hitMotion=2 hitIsSelfChassis=0
INFO 2026-07-27 15:26:34.143 joltshadow - docs §23.5: wheel state (player) wheel=3 contact=0 suspLen=1.050 (range 0.050-1.050, 0% compressed) angVel=0.00
INFO 2026-07-27 15:26:34.143 joltshadow - docs §38.11: wheel=3 NO contact, worldAxle=(0.975,0.000,-0.222)
INFO 2026-07-27 15:26:34.143 joltshadow - docs §32: no-contact raycast (player) wheel=3 bodyPos=(4668.45,259.15,1251.50) localMPos=(1.369,-0.436,-1.944) origin=(4667.55,258.71,1253.69) dir=(-0.001,-1.000,-0.005) normalRayLen=1.777 groundFoundAt=0.000 shortfallBeyondTravel=-1.777 hitBody=8391039 hitLayer=4 hitMotion=2 hitIsSelfChassis=0
INFO 2026-07-27 15:26:34.143 joltshadow - docs §59/63: harvest (player) wheelsWithContact=4 contactPoints=8 overflow=0 (of 4) | maxNormalF=576N bound(k_t*tau)=1229N ratio=0.47
INFO 2026-07-27 15:26:34.143 joltshadow - docs §58: wheel body (player) w=0 springF=181N stopF=0N travel=-0.0419 (limits -0.5000..0.5000 rel spawn) kSusp=6000 sagPredicted=0.0302 | frameTrav=-0.0427..-0.0419 frameStopN=0
INFO 2026-07-27 15:26:34.143 joltshadow - docs §66: tyre band (player) w=0 fnGround=287N fnTotal=287N pen=0.00249 penRaw=0.00249 tau=0.01024 pen/tau=0.24 | recs tyre=1 rim=1 survived=1 stale=0 distMax=1.00R
INFO 2026-07-27 15:26:34.143 joltshadow - docs §68: steer (player) w=0 steerable=1 commanded=0.000 rad measured=0.000 rad err=0.00 deg steerSign=-1 steerTq=-0Nm cap=1192Nm sat=0.00
INFO 2026-07-27 15:26:34.143 joltshadow - docs §70: slip (player) w=0 grounded=1 kappa=-0.007 fnGround=287N omega=-0.05
INFO 2026-07-27 15:26:34.143 joltshadow - docs §67: spin (player) w=0 driven=1 omega=-0.05 rad/s surfaceSpeed=-0.04 m/s spinSign=+1 motorTq=-4Nm cmdTq=1192Nm
INFO 2026-07-27 15:26:34.143 joltshadow - docs §58: wheel body (player) w=1 springF=181N stopF=0N travel=-0.0417 (limits -0.5000..0.5000 rel spawn) kSusp=6000 sagPredicted=0.0301 | frameTrav=-0.0425..-0.0417 frameStopN=0
INFO 2026-07-27 15:26:34.143 joltshadow - docs §66: tyre band (player) w=1 fnGround=286N fnTotal=286N pen=0.00249 penRaw=0.00249 tau=0.01024 pen/tau=0.24 | recs tyre=1 rim=1 survived=1 stale=0 distMax=1.00R
INFO 2026-07-27 15:26:34.143 joltshadow - docs §68: steer (player) w=1 steerable=1 commanded=0.000 rad measured=0.000 rad err=0.00 deg steerSign=-1 steerTq=-0Nm cap=1192Nm sat=0.00
INFO 2026-07-27 15:26:34.143 joltshadow - docs §70: slip (player) w=1 grounded=1 kappa=-0.007 fnGround=286N omega=-0.05
INFO 2026-07-27 15:26:34.143 joltshadow - docs §67: spin (player) w=1 driven=1 omega=-0.05 rad/s surfaceSpeed=-0.04 m/s spinSign=+1 motorTq=-4Nm cmdTq=1192Nm
INFO 2026-07-27 15:26:34.143 joltshadow - docs §58: wheel body (player) w=2 springF=472N stopF=0N travel=-0.0640 (limits -0.5000..0.5000 rel spawn) kSusp=7500 sagPredicted=0.0630 | frameTrav=-0.0640..-0.0640 frameStopN=0
INFO 2026-07-27 15:26:34.144 joltshadow - docs §66: tyre band (player) w=2 fnGround=576N fnTotal=576N pen=0.00481 penRaw=0.00481 tau=0.01024 pen/tau=0.47 | recs tyre=1 rim=1 survived=1 stale=0 distMax=0.99R
INFO 2026-07-27 15:26:34.144 joltshadow - docs §68: steer (player) w=2 steerable=0 commanded=0.000 rad measured=0.000 rad err=0.00 deg steerSign=-1 steerTq=0Nm cap=340282346638528859811704183484516925440Nm sat=0.00
INFO 2026-07-27 15:26:34.144 joltshadow - docs §70: slip (player) w=2 grounded=1 kappa=-0.005 fnGround=576N omega=-0.05
INFO 2026-07-27 15:26:34.144 joltshadow - docs §67: spin (player) w=2 driven=1 omega=-0.05 rad/s surfaceSpeed=-0.04 m/s spinSign=+1 motorTq=-2Nm cmdTq=1671Nm
INFO 2026-07-27 15:26:34.144 joltshadow - docs §58: wheel body (player) w=3 springF=471N stopF=0N travel=-0.0637 (limits -0.5000..0.5000 rel spawn) kSusp=7500 sagPredicted=0.0628 | frameTrav=-0.0638..-0.0637 frameStopN=0
INFO 2026-07-27 15:26:34.144 joltshadow - docs §66: tyre band (player) w=3 fnGround=575N fnTotal=575N pen=0.00478 penRaw=0.00478 tau=0.01024 pen/tau=0.47 | recs tyre=1 rim=1 survived=1 stale=0 distMax=0.99R
INFO 2026-07-27 15:26:34.144 joltshadow - docs §68: steer (player) w=3 steerable=0 commanded=0.000 rad measured=0.000 rad err=0.00 deg steerSign=-1 steerTq=0Nm cap=340282346638528859811704183484516925440Nm sat=0.00
INFO 2026-07-27 15:26:34.144 joltshadow - docs §70: slip (player) w=3 grounded=1 kappa=-0.005 fnGround=575N omega=-0.05
INFO 2026-07-27 15:26:34.144 joltshadow - docs §67: spin (player) w=3 driven=1 omega=-0.05 rad/s surfaceSpeed=-0.04 m/s spinSign=+1 motorTq=-2Nm cmdTq=1665Nm
INFO 2026-07-27 15:26:34.144 joltshadow - docs §67: drivetrain (player) gear=0 rpm=20 driveTorque=2880Nm perWheel=720Nm driven=4 throttle=-1.00 spin=1 | PRE-STEP brake=0.01 handBrake=1
INFO 2026-07-27 15:26:34.144 joltshadow - docs §66: tyre band SUM (player) fnGroundSum=1724N fnTotalSum=1725N weight=1638N carried=1.05 | penSum=0.01456 recs tyre=4 rim=4 stale=0
INFO 2026-07-27 15:26:34.144 joltshadow - docs §30: REAL ODE chassis COM (player) body=52C69810 = (4668.453, 257.738, 1251.491) forward=(-0.223, 0.000, -0.975)
INFO 2026-07-27 15:26:34.144 joltshadow - docs §33: real ODE chassis geom (player) #1 = class 0 (not a transform) pos=(4668.453,257.738,1251.491) radius=4.000
INFO 2026-07-27 15:26:34.144 joltshadow - docs §33: real ODE chassis geom (player) #2 = transform, inner class=1 pos=(0.000,3.010,-1.827)
INFO 2026-07-27 15:26:34.144 joltshadow - docs §33: real ODE chassis geom (player) #3 = transform, inner class=1 pos=(0.013,2.455,4.253)
INFO 2026-07-27 15:26:34.144 joltshadow - docs §33: real ODE chassis geom (player) #4 = transform, inner class=1 pos=(0.000,2.778,2.038)
INFO 2026-07-27 15:26:34.144 joltshadow - docs §33: real ODE chassis geom (player) #5 = transform, inner class=1 pos=(0.000,1.675,0.000)
INFO 2026-07-27 15:26:34.144 joltshadow - docs §33: real ODE chassis geom (player) #6 = class 0 (not a transform) pos=(4668.453,257.738,1251.491) radius=30.000
INFO 2026-07-27 15:26:34.144 joltshadow - docs §33: real ODE chassis geom (player) #7 = class 0 (not a transform) pos=(4668.453,257.738,1251.491) radius=8.161
INFO 2026-07-27 15:26:34.144 joltshadow - docs §33: real ODE chassis geom (player) #8 = class 0 (not a transform) pos=(4668.453,257.738,1251.491) radius=200.000
INFO 2026-07-27 15:26:34.144 joltshadow - docs §33: real ODE chassis (player) has 8 total geom(s) directly attached (4 transform(s)) - compare against BuildChassisCompoundShape's own part/geom count in the build log
INFO 2026-07-27 15:26:34.144 joltshadow - docs §28: REAL ODE wheel state (player) wheel=0 displacement=0.0145 range=1.000 (1% compressed, signed) foreAft=2.663 localZ=2.663 cfm=0.002500 erp=0.2500
INFO 2026-07-27 15:26:34.144 joltshadow - docs §28: REAL ODE wheel state (player) wheel=1 displacement=0.0145 range=1.000 (1% compressed, signed) foreAft=2.663 localZ=2.663 cfm=0.002500 erp=0.2500
INFO 2026-07-27 15:26:34.144 joltshadow - docs §28: REAL ODE wheel state (player) wheel=2 displacement=0.0161 range=1.000 (2% compressed, signed) foreAft=-1.944 localZ=-1.944 cfm=0.002000 erp=0.2500
INFO 2026-07-27 15:26:34.144 joltshadow - docs §28: REAL ODE wheel state (player) wheel=3 displacement=0.0161 range=1.000 (2% compressed, signed) foreAft=-1.944 localZ=-1.944 cfm=0.002000 erp=0.2500
INFO 2026-07-27 15:26:34.170 joltshadow - docs §70.1: slipdense (player) f=64 w=0 grounded=1 kappa=0.001 fnGround=276 omega=-0.05 | ftGround=1N target=0.0 limit=1192Nm motorNm=1 tyreNm=-1 inertia=2.91 limRot=0/0/0 omegaPre=-0.05 posN=0/-2/0 susp=-0.0363 springN=166
INFO 2026-07-27 15:26:34.170 joltshadow - docs §70.1: slipdense (player) f=64 w=1 grounded=1 kappa=0.001 fnGround=276 omega=-0.05 | ftGround=1N target=0.0 limit=1192Nm motorNm=1 tyreNm=-1 inertia=2.91 limRot=0/0/0 omegaPre=-0.05 posN=0/-2/0 susp=-0.0362 springN=166
INFO 2026-07-27 15:26:34.170 joltshadow - docs §70.1: slipdense (player) f=64 w=2 grounded=1 kappa=0.004 fnGround=601 omega=-0.05 | ftGround=3N target=0.0 limit=1730Nm motorNm=3 tyreNm=-2 inertia=2.91 limRot=0/-0/0 omegaPre=-0.05 posN=-0/-7/0 susp=-0.0641 springN=491
INFO 2026-07-27 15:26:34.170 joltshadow - docs §70.1: slipdense (player) f=64 w=3 grounded=1 kappa=0.004 fnGround=601 omega=-0.05 | ftGround=3N target=0.0 limit=1730Nm motorNm=3 tyreNm=-2 inertia=2.91 limRot=0/-0/0 omegaPre=-0.05 posN=-0/-7/0 susp=-0.0639 springN=491
INFO 2026-07-27 15:26:34.171 joltshadow - docs §78: attdense (player) f=64 joltTilt=0.38 odeTilt=0.02 upDelta=0.36 wBody=(-0.05,0.00,-0.00) |w|=0.05 grounded=4
INFO 2026-07-27 15:26:34.194 joltshadow - docs §70.1: slipdense (player) f=68 w=0 grounded=1 kappa=0.006 fnGround=271 omega=-0.04 | ftGround=6N target=0.0 limit=1192Nm motorNm=5 tyreNm=-4 inertia=2.91 limRot=0/0/0 omegaPre=-0.04 posN=0/-7/0 susp=-0.0328 springN=163
INFO 2026-07-27 15:26:34.194 joltshadow - docs §70.1: slipdense (player) f=68 w=1 grounded=1 kappa=0.006 fnGround=272 omega=-0.04 | ftGround=6N target=0.0 limit=1192Nm motorNm=5 tyreNm=-4 inertia=2.91 limRot=0/0/0 omegaPre=-0.04 posN=0/-7/0 susp=-0.0329 springN=164
INFO 2026-07-27 15:26:34.194 joltshadow - docs §70.1: slipdense (player) f=68 w=2 grounded=1 kappa=0.009 fnGround=621 omega=-0.04 | ftGround=8N target=0.0 limit=1782Nm motorNm=7 tyreNm=-6 inertia=2.91 limRot=0/0/0 omegaPre=-0.04 posN=0/-12/0 susp=-0.0652 springN=513
INFO 2026-07-27 15:26:34.194 joltshadow - docs §70.1: slipdense (player) f=68 w=3 grounded=1 kappa=0.009 fnGround=621 omega=-0.04 | ftGround=8N target=0.0 limit=1784Nm motorNm=7 tyreNm=-6 inertia=2.91 limRot=0/0/0 omegaPre=-0.04 posN=0/-12/0 susp=-0.0652 springN=514
INFO 2026-07-27 15:26:34.194 joltshadow - docs §78: attdense (player) f=68 joltTilt=0.44 odeTilt=0.02 upDelta=0.42 wBody=(-0.04,-0.00,-0.00) |w|=0.04 grounded=4
INFO 2026-07-27 15:26:34.222 joltshadow - docs §70.1: slipdense (player) f=72 w=0 grounded=1 kappa=0.011 fnGround=272 omega=-0.04 | ftGround=9N target=0.0 limit=1192Nm motorNm=7 tyreNm=-6 inertia=2.91 limRot=0/0/0 omegaPre=-0.04 posN=0/-9/0 susp=-0.0305 springN=165
INFO 2026-07-27 15:26:34.222 joltshadow - docs §70.1: slipdense (player) f=72 w=1 grounded=1 kappa=0.011 fnGround=274 omega=-0.04 | ftGround=9N target=0.0 limit=1192Nm motorNm=7 tyreNm=-6 inertia=2.91 limRot=0/0/0 omegaPre=-0.04 posN=0/-9/0 susp=-0.0308 springN=168
INFO 2026-07-27 15:26:34.222 joltshadow - docs §70.1: slipdense (player) f=72 w=2 grounded=1 kappa=0.014 fnGround=650 omega=-0.04 | ftGround=11N target=0.0 limit=1870Nm motorNm=9 tyreNm=-8 inertia=2.91 limRot=0/0/0 omegaPre=-0.04 posN=0/-15/0 susp=-0.0673 springN=541
INFO 2026-07-27 15:26:34.222 joltshadow - docs §70.1: slipdense (player) f=72 w=3 grounded=1 kappa=0.014 fnGround=651 omega=-0.04 | ftGround=11N target=0.0 limit=1874Nm motorNm=8 tyreNm=-8 inertia=2.91 limRot=0/0/0 omegaPre=-0.04 posN=0/-14/0 susp=-0.0675 springN=543
INFO 2026-07-27 15:26:34.222 joltshadow - docs §78: attdense (player) f=72 joltTilt=0.49 odeTilt=0.02 upDelta=0.48 wBody=(-0.04,-0.00,-0.00) |w|=0.04 grounded=4
INFO 2026-07-27 15:26:34.246 joltshadow - docs §70.1: slipdense (player) f=76 w=0 grounded=1 kappa=0.013 fnGround=278 omega=-0.03 | ftGround=12N target=0.0 limit=1192Nm motorNm=9 tyreNm=-9 inertia=2.91 limRot=0/0/0 omegaPre=-0.03 posN=0/-12/0 susp=-0.0297 springN=173
INFO 2026-07-27 15:26:34.246 joltshadow - docs §70.1: slipdense (player) f=76 w=1 grounded=1 kappa=0.013 fnGround=280 omega=-0.03 | ftGround=12N target=0.0 limit=1192Nm motorNm=9 tyreNm=-9 inertia=2.91 limRot=0/0/0 omegaPre=-0.03 posN=0/-12/0 susp=-0.0301 springN=176
INFO 2026-07-27 15:26:34.246 joltshadow - docs §70.1: slipdense (player) f=76 w=2 grounded=1 kappa=0.016 fnGround=674 omega=-0.03 | ftGround=15N target=0.0 limit=1952Nm motorNm=11 tyreNm=-10 inertia=2.91 limRot=0/0/0 omegaPre=-0.03 posN=1/-18/0 susp=-0.0699 springN=569
INFO 2026-07-27 15:26:34.246 joltshadow - docs §70.1: slipdense (player) f=76 w=3 grounded=1 kappa=0.016 fnGround=680 omega=-0.03 | ftGround=14N target=0.0 limit=1959Nm motorNm=11 tyreNm=-10 inertia=2.91 limRot=0/0/0 omegaPre=-0.03 posN=1/-18/0 susp=-0.0703 springN=571
INFO 2026-07-27 15:26:34.246 joltshadow - docs §78: attdense (player) f=76 joltTilt=0.54 odeTilt=0.02 upDelta=0.52 wBody=(-0.03,-0.00,-0.00) |w|=0.03 grounded=4
INFO 2026-07-27 15:26:34.272 joltshadow - docs §70.1: slipdense (player) f=80 w=0 grounded=1 kappa=0.015 fnGround=292 omega=-0.02 | ftGround=12N target=0.0 limit=1192Nm motorNm=9 tyreNm=-8 inertia=2.91 limRot=0/0/0 omegaPre=-0.03 posN=0/-12/0 susp=-0.0297 springN=184
INFO 2026-07-27 15:26:34.272 joltshadow - docs §70.1: slipdense (player) f=80 w=1 grounded=1 kappa=0.015 fnGround=296 omega=-0.02 | ftGround=11N target=0.0 limit=1192Nm motorNm=9 tyreNm=-8 inertia=2.91 limRot=0/0/0 omegaPre=-0.03 posN=0/-12/0 susp=-0.0302 springN=187
INFO 2026-07-27 15:26:34.272 joltshadow - docs §70.1: slipdense (player) f=80 w=2 grounded=1 kappa=0.017 fnGround=704 omega=-0.02 | ftGround=13N target=0.0 limit=2027Nm motorNm=10 tyreNm=-10 inertia=2.91 limRot=0/1/0 omegaPre=-0.03 posN=1/-18/0 susp=-0.0729 springN=595
INFO 2026-07-27 15:26:34.272 joltshadow - docs §70.1: slipdense (player) f=80 w=3 grounded=1 kappa=0.017 fnGround=707 omega=-0.02 | ftGround=13N target=0.0 limit=2038Nm motorNm=10 tyreNm=-10 inertia=2.91 limRot=0/1/0 omegaPre=-0.03 posN=1/-18/0 susp=-0.0735 springN=599
INFO 2026-07-27 15:26:34.272 joltshadow - docs §78: attdense (player) f=80 joltTilt=0.58 odeTilt=0.02 upDelta=0.56 wBody=(-0.02,-0.00,-0.00) |w|=0.02 grounded=4
INFO 2026-07-27 15:26:34.298 joltshadow - docs §70.1: slipdense (player) f=84 w=0 grounded=1 kappa=0.015 fnGround=304 omega=-0.02 | ftGround=12N target=0.0 limit=1192Nm motorNm=9 tyreNm=-9 inertia=2.91 limRot=0/0/0 omegaPre=-0.02 posN=1/-12/0 susp=-0.0304 springN=195
INFO 2026-07-27 15:26:34.298 joltshadow - docs §70.1: slipdense (player) f=84 w=1 grounded=1 kappa=0.015 fnGround=311 omega=-0.02 | ftGround=11N target=0.0 limit=1192Nm motorNm=9 tyreNm=-8 inertia=2.91 limRot=0/0/0 omegaPre=-0.02 posN=1/-12/0 susp=-0.0312 springN=200
INFO 2026-07-27 15:26:34.298 joltshadow - docs §70.1: slipdense (player) f=84 w=2 grounded=1 kappa=0.017 fnGround=726 omega=-0.02 | ftGround=13N target=0.0 limit=2091Nm motorNm=10 tyreNm=-10 inertia=2.91 limRot=0/1/0 omegaPre=-0.02 posN=1/-18/0 susp=-0.0761 springN=617
INFO 2026-07-27 15:26:34.298 joltshadow - docs §70.1: slipdense (player) f=84 w=3 grounded=1 kappa=0.016 fnGround=730 omega=-0.02 | ftGround=13N target=0.0 limit=2111Nm motorNm=10 tyreNm=-9 inertia=2.91 limRot=0/1/0 omegaPre=-0.02 posN=1/-18/0 susp=-0.0768 springN=622
INFO 2026-07-27 15:26:34.299 joltshadow - docs §78: attdense (player) f=84 joltTilt=0.61 odeTilt=0.02 upDelta=0.59 wBody=(-0.02,-0.00,0.00) |w|=0.02 grounded=4
INFO 2026-07-27 15:26:34.326 joltshadow - docs §70.1: slipdense (player) f=88 w=0 grounded=1 kappa=0.015 fnGround=318 omega=-0.01 | ftGround=12N target=0.0 limit=1192Nm motorNm=9 tyreNm=-9 inertia=2.91 limRot=0/0/0 omegaPre=-0.01 posN=1/-12/0 susp=-0.0318 springN=208
INFO 2026-07-27 15:26:34.326 joltshadow - docs §70.1: slipdense (player) f=88 w=1 grounded=1 kappa=0.015 fnGround=318 omega=-0.01 | ftGround=12N target=0.0 limit=1192Nm motorNm=9 tyreNm=-8 inertia=2.91 limRot=0/0/0 omegaPre=-0.01 posN=1/-12/0 susp=-0.0327 springN=212
INFO 2026-07-27 15:26:34.326 joltshadow - docs §70.1: slipdense (player) f=88 w=2 grounded=1 kappa=0.016 fnGround=747 omega=-0.01 | ftGround=13N target=0.0 limit=2153Nm motorNm=10 tyreNm=-9 inertia=2.91 limRot=0/1/0 omegaPre=-0.01 posN=1/-18/0 susp=-0.0793 springN=637
INFO 2026-07-27 15:26:34.326 joltshadow - docs §70.1: slipdense (player) f=88 w=3 grounded=1 kappa=0.016 fnGround=751 omega=-0.01 | ftGround=13N target=0.0 limit=2172Nm motorNm=10 tyreNm=-9 inertia=2.91 limRot=0/1/0 omegaPre=-0.01 posN=1/-18/0 susp=-0.0801 springN=643
INFO 2026-07-27 15:26:34.326 joltshadow - docs §78: attdense (player) f=88 joltTilt=0.63 odeTilt=0.02 upDelta=0.61 wBody=(-0.01,-0.00,0.00) |w|=0.01 grounded=4
INFO 2026-07-27 15:26:34.354 joltshadow - docs §70.1: slipdense (player) f=92 w=0 grounded=1 kappa=0.013 fnGround=325 omega=-0.01 | ftGround=10N target=0.0 limit=1192Nm motorNm=8 tyreNm=-7 inertia=2.91 limRot=0/1/0 omegaPre=-0.01 posN=1/-11/0 susp=-0.0334 springN=218
INFO 2026-07-27 15:26:34.354 joltshadow - docs §70.1: slipdense (player) f=92 w=1 grounded=1 kappa=0.013 fnGround=329 omega=-0.01 | ftGround=10N target=0.0 limit=1192Nm motorNm=8 tyreNm=-7 inertia=2.91 limRot=0/1/0 omegaPre=-0.01 posN=1/-11/0 susp=-0.0344 springN=222
INFO 2026-07-27 15:26:34.354 joltshadow - docs §70.1: slipdense (player) f=92 w=2 grounded=1 kappa=0.014 fnGround=757 omega=-0.01 | ftGround=11N target=0.0 limit=2207Nm motorNm=8 tyreNm=-8 inertia=2.91 limRot=0/1/0 omegaPre=-0.01 posN=2/-17/0 susp=-0.0820 springN=650
INFO 2026-07-27 15:26:34.354 joltshadow - docs §70.1: slipdense (player) f=92 w=3 grounded=1 kappa=0.014 fnGround=764 omega=-0.01 | ftGround=11N target=0.0 limit=2218Nm motorNm=8 tyreNm=-8 inertia=2.91 limRot=0/1/0 omegaPre=-0.01 posN=2/-17/0 susp=-0.0830 springN=656
INFO 2026-07-27 15:26:34.354 joltshadow - docs §78: attdense (player) f=92 joltTilt=0.65 odeTilt=0.02 upDelta=0.63 wBody=(-0.01,-0.00,0.00) |w|=0.01 grounded=4
INFO 2026-07-27 15:26:34.381 joltshadow - docs §70.1: slipdense (player) f=96 w=0 grounded=1 kappa=0.012 fnGround=334 omega=-0.00 | ftGround=10N target=0.0 limit=1192Nm motorNm=7 tyreNm=-7 inertia=2.91 limRot=0/1/0 omegaPre=-0.00 posN=1/-11/0 susp=-0.0348 springN=225
INFO 2026-07-27 15:26:34.381 joltshadow - docs §70.1: slipdense (player) f=96 w=1 grounded=1 kappa=0.012 fnGround=336 omega=-0.00 | ftGround=9N target=0.0 limit=1192Nm motorNm=7 tyreNm=-7 inertia=2.91 limRot=0/1/0 omegaPre=-0.00 posN=1/-10/0 susp=-0.0359 springN=230
INFO 2026-07-27 15:26:34.381 joltshadow - docs §70.1: slipdense (player) f=96 w=2 grounded=1 kappa=0.012 fnGround=766 omega=-0.00 | ftGround=10N target=0.0 limit=2215Nm motorNm=8 tyreNm=-7 inertia=2.91 limRot=0/1/0 omegaPre=-0.00 posN=2/-16/0 susp=-0.0841 springN=656
INFO 2026-07-27 15:26:34.381 joltshadow - docs §70.1: slipdense (player) f=96 w=3 grounded=1 kappa=0.012 fnGround=772 omega=-0.00 | ftGround=9N target=0.0 limit=2234Nm motorNm=7 tyreNm=-7 inertia=2.91 limRot=0/1/0 omegaPre=-0.00 posN=2/-16/0 susp=-0.0852 springN=662
INFO 2026-07-27 15:26:34.381 joltshadow - docs §78: attdense (player) f=96 joltTilt=0.66 odeTilt=0.02 upDelta=0.63 wBody=(-0.00,-0.00,0.00) |w|=0.00 grounded=4
INFO 2026-07-27 15:26:34.410 joltshadow - docs §70.1: slipdense (player) f=100 w=0 grounded=1 kappa=0.010 fnGround=336 omega=0.00 | ftGround=8N target=0.0 limit=1192Nm motorNm=6 tyreNm=-6 inertia=2.91 limRot=0/1/0 omegaPre=0.00 posN=1/-10/0 susp=-0.0361 springN=229
INFO 2026-07-27 15:26:34.410 joltshadow - docs §70.1: slipdense (player) f=100 w=1 grounded=1 kappa=0.010 fnGround=345 omega=0.00 | ftGround=8N target=0.0 limit=1192Nm motorNm=6 tyreNm=-6 inertia=2.91 limRot=0/1/0 omegaPre=0.00 posN=1/-9/0 susp=-0.0373 springN=234
INFO 2026-07-27 15:26:34.411 joltshadow - docs §70.1: slipdense (player) f=100 w=2 grounded=1 kappa=0.010 fnGround=765 omega=0.00 | ftGround=8N target=0.0 limit=2227Nm motorNm=6 tyreNm=-6 inertia=2.91 limRot=0/1/0 omegaPre=0.00 posN=2/-15/0 susp=-0.0855 springN=657
INFO 2026-07-27 15:26:34.411 joltshadow - docs §70.1: slipdense (player) f=100 w=3 grounded=1 kappa=0.010 fnGround=770 omega=0.00 | ftGround=8N target=0.0 limit=2242Nm motorNm=6 tyreNm=-6 inertia=2.91 limRot=0/1/0 omegaPre=0.00 posN=2/-14/0 susp=-0.0866 springN=662
INFO 2026-07-27 15:26:34.411 joltshadow - docs §78: attdense (player) f=100 joltTilt=0.66 odeTilt=0.02 upDelta=0.64 wBody=(0.00,-0.00,0.00) |w|=0.00 grounded=4
INFO 2026-07-27 15:26:34.440 joltshadow - docs §70.1: slipdense (player) f=104 w=0 grounded=1 kappa=0.009 fnGround=339 omega=0.00 | ftGround=7N target=0.0 limit=1192Nm motorNm=6 tyreNm=-5 inertia=2.91 limRot=0/0/0 omegaPre=0.00 posN=1/-9/0 susp=-0.0371 springN=232
INFO 2026-07-27 15:26:34.440 joltshadow - docs §70.1: slipdense (player) f=104 w=1 grounded=1 kappa=0.009 fnGround=347 omega=0.00 | ftGround=7N target=0.0 limit=1192Nm motorNm=5 tyreNm=-5 inertia=2.91 limRot=0/0/0 omegaPre=0.00 posN=1/-9/0 susp=-0.0382 springN=236
INFO 2026-07-27 15:26:34.440 joltshadow - docs §70.1: slipdense (player) f=104 w=2 grounded=1 kappa=0.009 fnGround=761 omega=0.00 | ftGround=7N target=0.0 limit=2219Nm motorNm=6 tyreNm=-5 inertia=2.91 limRot=0/1/0 omegaPre=0.00 posN=1/-14/0 susp=-0.0862 springN=652
INFO 2026-07-27 15:26:34.440 joltshadow - docs §70.1: slipdense (player) f=104 w=3 grounded=1 kappa=0.009 fnGround=767 omega=0.00 | ftGround=7N target=0.0 limit=2234Nm motorNm=5 tyreNm=-5 inertia=2.91 limRot=0/1/0 omegaPre=0.00 posN=1/-13/0 susp=-0.0873 springN=657
INFO 2026-07-27 15:26:34.440 joltshadow - docs §78: attdense (player) f=104 joltTilt=0.65 odeTilt=0.02 upDelta=0.63 wBody=(0.00,-0.00,0.00) |w|=0.01 grounded=4
INFO 2026-07-27 15:26:34.470 joltshadow - docs §70.1: slipdense (player) f=108 w=0 grounded=1 kappa=0.008 fnGround=340 omega=0.01 | ftGround=6N target=0.0 limit=1192Nm motorNm=5 tyreNm=-5 inertia=2.91 limRot=0/0/0 omegaPre=0.01 posN=1/-8/0 susp=-0.0378 springN=232
INFO 2026-07-27 15:26:34.470 joltshadow - docs §70.1: slipdense (player) f=108 w=1 grounded=1 kappa=0.007 fnGround=345 omega=0.01 | ftGround=6N target=0.0 limit=1192Nm motorNm=5 tyreNm=-4 inertia=2.91 limRot=0/0/0 omegaPre=0.01 posN=1/-8/0 susp=-0.0389 springN=237
INFO 2026-07-27 15:26:34.470 joltshadow - docs §70.1: slipdense (player) f=108 w=2 grounded=1 kappa=0.007 fnGround=746 omega=0.01 | ftGround=6N target=0.0 limit=2189Nm motorNm=4 tyreNm=-4 inertia=2.91 limRot=0/1/0 omegaPre=0.01 posN=1/-12/0 susp=-0.0861 springN=642
INFO 2026-07-27 15:26:34.470 joltshadow - docs §70.1: slipdense (player) f=108 w=3 grounded=1 kappa=0.007 fnGround=751 omega=0.01 | ftGround=5N target=0.0 limit=2204Nm motorNm=4 tyreNm=-4 inertia=2.91 limRot=0/1/0 omegaPre=0.01 posN=1/-12/0 susp=-0.0872 springN=646
INFO 2026-07-27 15:26:34.470 joltshadow - docs §78: attdense (player) f=108 joltTilt=0.64 odeTilt=0.02 upDelta=0.62 wBody=(0.01,-0.00,0.00) |w|=0.01 grounded=4
INFO 2026-07-27 15:26:34.500 joltshadow - docs §70.1: slipdense (player) f=112 w=0 grounded=1 kappa=0.007 fnGround=340 omega=0.01 | ftGround=5N target=0.0 limit=1192Nm motorNm=4 tyreNm=-4 inertia=2.91 limRot=0/0/0 omegaPre=0.01 posN=1/-7/0 susp=-0.0382 springN=232
INFO 2026-07-27 15:26:34.500 joltshadow - docs §70.1: slipdense (player) f=112 w=1 grounded=1 kappa=0.006 fnGround=344 omega=0.01 | ftGround=5N target=0.0 limit=1192Nm motorNm=4 tyreNm=-4 inertia=2.91 limRot=0/0/0 omegaPre=0.01 posN=1/-7/0 susp=-0.0392 springN=236
INFO 2026-07-27 15:26:34.501 joltshadow - docs §70.1: slipdense (player) f=112 w=2 grounded=1 kappa=0.006 fnGround=737 omega=0.01 | ftGround=5N target=0.0 limit=2140Nm motorNm=4 tyreNm=-3 inertia=2.91 limRot=0/1/0 omegaPre=0.01 posN=1/-11/0 susp=-0.0853 springN=627
INFO 2026-07-27 15:26:34.501 joltshadow - docs §70.1: slipdense (player) f=112 w=3 grounded=1 kappa=0.005 fnGround=736 omega=0.01 | ftGround=4N target=0.0 limit=2158Nm motorNm=3 tyreNm=-3 inertia=2.91 limRot=0/1/0 omegaPre=0.01 posN=1/-10/0 susp=-0.0863 springN=631
INFO 2026-07-27 15:26:34.501 joltshadow - docs §78: attdense (player) f=112 joltTilt=0.62 odeTilt=0.02 upDelta=0.60 wBody=(0.01,-0.00,0.00) |w|=0.01 grounded=4
INFO 2026-07-27 15:26:34.516 joltshadow - docs §82: resync (player) #3 dt=0.50s upMax=0.636 deg posMax=0.023 m odeTiltPath=0.000 deg gain=-1.0000
INFO 2026-07-27 15:26:34.516 joltshadow - docs §87: resync landing (player) w=0 pre=-0.0028 post=-0.0095 m R=0.727 dY=-0.0098 dRotDeg=0.59 |corr|=0.0147 m
INFO 2026-07-27 15:26:34.516 joltshadow - docs §87: resync landing (player) w=1 pre=-0.0028 post=-0.0090 m R=0.727 dY=-0.0098 dRotDeg=0.59 |corr|=0.0147 m
INFO 2026-07-27 15:26:34.516 joltshadow - docs §87: resync landing (player) w=2 pre=-0.0061 post=-0.0096 m R=0.727 dY=-0.0098 dRotDeg=0.59 |corr|=0.0147 m
INFO 2026-07-27 15:26:34.516 joltshadow - docs §87: resync landing (player) w=3 pre=-0.0061 post=-0.0092 m R=0.727 dY=-0.0098 dRotDeg=0.59 |corr|=0.0147 m
INFO 2026-07-27 15:26:34.516 joltshadow - docs §82: resync RESIDUAL (player) #3 pos=0.0000 m up=0.0000 deg
INFO 2026-07-27 15:26:34.518 testharness - Vehicle switch: changed player vehicle to prototype 'Bug01' (id=715)
INFO 2026-07-27 15:26:34.530 joltshadow - Shadow: compound chassis shape built - 4 part(s), 4 geom(s) (4 box, 0 sphere, 0 capsule, 0 skipped)
ERROR 2026-07-27 15:26:34.530 jolt - Assert failed: F:\Kraken\extern\joltphysics\Jolt\Core\Reference.h:77: (old_value != 0 && old_value != cEmbedded) Too many calls to Release
INFO 2026-07-27 15:26:34.530 joltshadow - docs §93: chassis inertia (player) mass=132.0 | JOLT(compound) = (686.5, 670.8, 149.1) | ODE(box 3.00x2.00x8.00) = (748.0, 803.0, 143.0) | ratio = (0.92, 0.84, 1.04)
INFO 2026-07-27 15:26:34.530 joltshadow - docs §54 axis-audit (player) w=0: axis1_local=(-0.000,1.000,-0.000) vs assumedSusp -> 0.00 deg | axis2_local=(-1.000,0.000,0.000) vs assumedAxle -> 0.00 deg | axis1^axis2 off-perp 0.00 deg || kSusp=6000 N/m cSusp=300 Ns/m range=1.000 R=0.629 mWheel=9.0 driven=1 steer=1
INFO 2026-07-27 15:26:34.530 joltshadow - docs §54 axis-audit (player) w=1: axis1_local=(-0.000,1.000,-0.000) vs assumedSusp -> 0.00 deg | axis2_local=(-1.000,0.000,0.000) vs assumedAxle -> 0.00 deg | axis1^axis2 off-perp 0.00 deg || kSusp=6000 N/m cSusp=300 Ns/m range=1.000 R=0.629 mWheel=9.0 driven=1 steer=1
INFO 2026-07-27 15:26:34.530 joltshadow - docs §54 axis-audit (player) w=2: axis1_local=(-0.000,1.000,-0.000) vs assumedSusp -> 0.00 deg | axis2_local=(-1.000,0.000,0.000) vs assumedAxle -> 0.00 deg | axis1^axis2 off-perp 0.00 deg || kSusp=6000 N/m cSusp=300 Ns/m range=1.000 R=0.635 mWheel=9.0 driven=1 steer=0
INFO 2026-07-27 15:26:34.530 joltshadow - docs §54 axis-audit (player) w=3: axis1_local=(-0.000,1.000,-0.000) vs assumedSusp -> 0.00 deg | axis2_local=(-1.000,0.000,0.000) vs assumedAxle -> 0.00 deg | axis1^axis2 off-perp 0.00 deg || kSusp=6000 N/m cSusp=300 Ns/m range=1.000 R=0.635 mWheel=9.0 driven=1 steer=0
INFO 2026-07-27 15:26:34.530 joltshadow - docs §54 axis-audit SUMMARY (player): worst susp 0.00 deg, worst axle (unsteered only) 0.00 deg, worst off-perp 0.00 deg -> convention CONFIRMED
INFO 2026-07-27 15:26:34.530 joltshadow - Shadow (player): wheelmodel APPLY mode - VehicleConstraint built but NOT simulated; chassis driven by wheelmodel_core (4 wheels)
INFO 2026-07-27 15:26:34.530 joltshadow - docs §75: constraint frame (player) w=0 axle.fwd=-0.0000 (0.00 deg off perpendicular) | anchorOffsetFromWheelCentre=0.5627 m (restLen)
INFO 2026-07-27 15:26:34.530 joltshadow - docs §75: constraint frame (player) w=1 axle.fwd=-0.0000 (0.00 deg off perpendicular) | anchorOffsetFromWheelCentre=0.5626 m (restLen)
INFO 2026-07-27 15:26:34.531 joltshadow - docs §75: constraint frame (player) w=2 axle.fwd=-0.0000 (0.00 deg off perpendicular) | anchorOffsetFromWheelCentre=0.6402 m (restLen)
INFO 2026-07-27 15:26:34.531 joltshadow - docs §75: constraint frame (player) w=3 axle.fwd=-0.0000 (0.00 deg off perpendicular) | anchorOffsetFromWheelCentre=0.6410 m (restLen)
INFO 2026-07-27 15:26:34.531 joltshadow - docs §58 (player): mode 4 - built 4 wheel bodies + SixDOF constraints (chassisMass=132.0, massFloor=3.30) | docs §95.4 wheelMass=36.0 chassisMassFinal=132.0 total=168.0
INFO 2026-07-27 15:26:34.531 joltshadow - Shadow vehicle #4 built (player): 4 wheels (2 driven axle(s)), mass=132.0, chassis=3.00x2.00x8.00, susp_mult=1.00x/damp=1.00, friction=0.93/1.00
INFO 2026-07-27 15:26:34.533 testharness - God mode: applying to player vehicle 55CEE690
INFO 2026-07-27 15:26:34.556 joltshadow - docs §70.1: slipdense (player) f=4 w=0 grounded=1 kappa=-0.008 fnGround=208 omega=-0.00 | ftGround=-8N target=0.0 limit=815Nm motorNm=-5 tyreNm=5 inertia=1.78 limRot=0/-0/0 omegaPre=-0.00 posN=-0/8/0 susp=-0.0055 springN=117
INFO 2026-07-27 15:26:34.556 joltshadow - docs §70.1: slipdense (player) f=4 w=1 grounded=1 kappa=-0.008 fnGround=208 omega=-0.00 | ftGround=-8N target=0.0 limit=815Nm motorNm=-5 tyreNm=5 inertia=1.78 limRot=0/-0/0 omegaPre=-0.00 posN=-0/8/0 susp=-0.0054 springN=117
INFO 2026-07-27 15:26:34.556 joltshadow - docs §70.1: slipdense (player) f=4 w=2 grounded=1 kappa=-0.008 fnGround=213 omega=-0.00 | ftGround=-8N target=0.0 limit=823Nm motorNm=-5 tyreNm=5 inertia=1.82 limRot=0/-0/-0 omegaPre=-0.00 posN=-0/8/0 susp=-0.0057 springN=123
INFO 2026-07-27 15:26:34.556 joltshadow - docs §70.1: slipdense (player) f=4 w=3 grounded=1 kappa=-0.008 fnGround=212 omega=-0.00 | ftGround=-8N target=0.0 limit=823Nm motorNm=-5 tyreNm=5 inertia=1.82 limRot=0/-0/-0 omegaPre=-0.00 posN=-0/8/0 susp=-0.0056 springN=123
INFO 2026-07-27 15:26:34.556 joltshadow - docs §78: attdense (player) f=4 joltTilt=0.03 odeTilt=0.02 upDelta=0.00 wBody=(-0.00,0.00,-0.00) |w|=0.00 grounded=4
INFO 2026-07-27 15:26:34.607 joltshadow - docs §70.1: slipdense (player) f=8 w=0 grounded=1 kappa=-0.024 fnGround=355 omega=-0.02 | ftGround=-19N target=0.0 limit=815Nm motorNm=-13 tyreNm=12 inertia=1.78 limRot=0/-0/0 omegaPre=-0.01 posN=-0/18/0 susp=-0.0239 springN=267
INFO 2026-07-27 15:26:34.607 joltshadow - docs §70.1: slipdense (player) f=8 w=1 grounded=1 kappa=-0.024 fnGround=354 omega=-0.02 | ftGround=-19N target=0.0 limit=815Nm motorNm=-13 tyreNm=12 inertia=1.78 limRot=0/-0/0 omegaPre=-0.01 posN=-0/18/0 susp=-0.0239 springN=266
INFO 2026-07-27 15:26:34.607 joltshadow - docs §70.1: slipdense (player) f=8 w=2 grounded=1 kappa=-0.024 fnGround=395 omega=-0.02 | ftGround=-19N target=0.0 limit=868Nm motorNm=-13 tyreNm=12 inertia=1.82 limRot=0/-0/-0 omegaPre=-0.01 posN=-0/18/0 susp=-0.0260 springN=304
INFO 2026-07-27 15:26:34.607 joltshadow - docs §70.1: slipdense (player) f=8 w=3 grounded=1 kappa=-0.024 fnGround=395 omega=-0.02 | ftGround=-19N target=0.0 limit=868Nm motorNm=-13 tyreNm=12 inertia=1.82 limRot=0/-0/-0 omegaPre=-0.01 posN=-0/18/0 susp=-0.0260 springN=304
INFO 2026-07-27 15:26:34.607 joltshadow - docs §78: attdense (player) f=8 joltTilt=0.06 odeTilt=0.02 upDelta=0.03 wBody=(-0.02,0.00,-0.00) |w|=0.02 grounded=4
INFO 2026-07-27 15:26:34.646 joltshadow - docs §70.1: slipdense (player) f=12 w=0 grounded=1 kappa=-0.031 fnGround=435 omega=-0.03 | ftGround=-23N target=0.0 limit=1069Nm motorNm=-15 tyreNm=14 inertia=1.78 limRot=0/0/0 omegaPre=-0.03 posN=0/20/0 susp=-0.0397 springN=346
INFO 2026-07-27 15:26:34.646 joltshadow - docs §70.1: slipdense (player) f=12 w=1 grounded=1 kappa=-0.031 fnGround=438 omega=-0.03 | ftGround=-23N target=0.0 limit=1075Nm motorNm=-15 tyreNm=14 inertia=1.78 limRot=0/0/0 omegaPre=-0.03 posN=0/20/0 susp=-0.0402 springN=349
INFO 2026-07-27 15:26:34.646 joltshadow - docs §70.1: slipdense (player) f=12 w=2 grounded=1 kappa=-0.030 fnGround=516 omega=-0.03 | ftGround=-23N target=0.0 limit=1254Nm motorNm=-15 tyreNm=14 inertia=1.82 limRot=0/0/0 omegaPre=-0.03 posN=0/19/0 susp=-0.0463 springN=427
INFO 2026-07-27 15:26:34.646 joltshadow - docs §70.1: slipdense (player) f=12 w=3 grounded=1 kappa=-0.030 fnGround=517 omega=-0.03 | ftGround=-23N target=0.0 limit=1262Nm motorNm=-15 tyreNm=14 inertia=1.82 limRot=0/0/0 omegaPre=-0.03 posN=0/19/0 susp=-0.0469 springN=430
INFO 2026-07-27 15:26:34.646 joltshadow - docs §78: attdense (player) f=12 joltTilt=0.12 odeTilt=0.02 upDelta=0.10 wBody=(-0.03,-0.00,-0.00) |w|=0.03 grounded=4
INFO 2026-07-27 15:26:34.691 joltshadow - docs §70.1: slipdense (player) f=16 w=0 grounded=1 kappa=-0.023 fnGround=461 omega=-0.05 | ftGround=-17N target=0.0 limit=1163Nm motorNm=-11 tyreNm=11 inertia=1.78 limRot=0/0/0 omegaPre=-0.04 posN=1/14/0 susp=-0.0517 springN=372
INFO 2026-07-27 15:26:34.691 joltshadow - docs §70.1: slipdense (player) f=16 w=1 grounded=1 kappa=-0.023 fnGround=467 omega=-0.05 | ftGround=-18N target=0.0 limit=1176Nm motorNm=-11 tyreNm=11 inertia=1.78 limRot=0/0/0 omegaPre=-0.04 posN=1/14/0 susp=-0.0530 springN=379
INFO 2026-07-27 15:26:34.691 joltshadow - docs §70.1: slipdense (player) f=16 w=2 grounded=1 kappa=-0.022 fnGround=601 omega=-0.05 | ftGround=-16N target=0.0 limit=1474Nm motorNm=-11 tyreNm=10 inertia=1.82 limRot=0/1/0 omegaPre=-0.04 posN=1/12/0 susp=-0.0655 springN=510
INFO 2026-07-27 15:26:34.691 joltshadow - docs §70.1: slipdense (player) f=16 w=3 grounded=1 kappa=-0.022 fnGround=607 omega=-0.05 | ftGround=-17N target=0.0 limit=1507Nm motorNm=-11 tyreNm=10 inertia=1.82 limRot=0/1/0 omegaPre=-0.04 posN=1/12/0 susp=-0.0668 springN=518
INFO 2026-07-27 15:26:34.691 joltshadow - docs §78: attdense (player) f=16 joltTilt=0.22 odeTilt=0.02 upDelta=0.20 wBody=(-0.05,-0.00,0.00) |w|=0.05 grounded=4
INFO 2026-07-27 15:26:34.724 joltshadow - docs §70.1: slipdense (player) f=20 w=0 grounded=1 kappa=-0.011 fnGround=447 omega=-0.05 | ftGround=-9N target=0.0 limit=1144Nm motorNm=-6 tyreNm=6 inertia=1.78 limRot=0/1/0 omegaPre=-0.05 posN=1/6/0 susp=-0.0559 springN=357
INFO 2026-07-27 15:26:34.724 joltshadow - docs §70.1: slipdense (player) f=20 w=1 grounded=1 kappa=-0.011 fnGround=459 omega=-0.05 | ftGround=-10N target=0.0 limit=1164Nm motorNm=-6 tyreNm=6 inertia=1.78 limRot=0/1/0 omegaPre=-0.05 posN=1/6/0 susp=-0.0579 springN=367
INFO 2026-07-27 15:26:34.724 joltshadow - docs §70.1: slipdense (player) f=20 w=2 grounded=1 kappa=-0.009 fnGround=629 omega=-0.05 | ftGround=-8N target=0.0 limit=1601Nm motorNm=-5 tyreNm=5 inertia=1.82 limRot=0/1/0 omegaPre=-0.05 posN=2/3/0 susp=-0.0767 springN=541
INFO 2026-07-27 15:26:34.724 joltshadow - docs §70.1: slipdense (player) f=20 w=3 grounded=1 kappa=-0.009 fnGround=642 omega=-0.05 | ftGround=-8N target=0.0 limit=1624Nm motorNm=-5 tyreNm=5 inertia=1.82 limRot=0/1/0 omegaPre=-0.05 posN=2/3/0 susp=-0.0788 springN=552
INFO 2026-07-27 15:26:34.724 joltshadow - docs §78: attdense (player) f=20 joltTilt=0.32 odeTilt=0.02 upDelta=0.30 wBody=(-0.05,-0.00,0.00) |w|=0.05 grounded=4
INFO 2026-07-27 15:26:34.762 joltshadow - docs §70.1: slipdense (player) f=24 w=0 grounded=1 kappa=0.002 fnGround=404 omega=-0.05 | ftGround=1N target=0.0 limit=1053Nm motorNm=1 tyreNm=-1 inertia=1.78 limRot=0/1/0 omegaPre=-0.05 posN=2/-4/0 susp=-0.0557 springN=317
INFO 2026-07-27 15:26:34.763 joltshadow - docs §70.1: slipdense (player) f=24 w=1 grounded=1 kappa=0.001 fnGround=418 omega=-0.05 | ftGround=1N target=0.0 limit=1081Nm motorNm=1 tyreNm=-1 inertia=1.78 limRot=0/1/0 omegaPre=-0.05 posN=2/-4/0 susp=-0.0583 springN=330
INFO 2026-07-27 15:26:34.763 joltshadow - docs §70.1: slipdense (player) f=24 w=2 grounded=1 kappa=0.004 fnGround=630 omega=-0.05 | ftGround=4N target=0.0 limit=1606Nm motorNm=3 tyreNm=-2 inertia=1.82 limRot=0/2/0 omegaPre=-0.05 posN=3/-8/0 susp=-0.0834 springN=541
INFO 2026-07-27 15:26:34.763 joltshadow - docs §70.1: slipdense (player) f=24 w=3 grounded=1 kappa=0.004 fnGround=644 omega=-0.05 | ftGround=3N target=0.0 limit=1641Nm motorNm=2 tyreNm=-2 inertia=1.82 limRot=0/2/0 omegaPre=-0.05 posN=3/-8/0 susp=-0.0862 springN=555
INFO 2026-07-27 15:26:34.763 joltshadow - docs §78: attdense (player) f=24 joltTilt=0.42 odeTilt=0.02 upDelta=0.40 wBody=(-0.05,-0.00,0.00) |w|=0.05 grounded=4
INFO 2026-07-27 15:26:34.804 joltshadow - docs §70.1: slipdense (player) f=28 w=0 grounded=1 kappa=0.018 fnGround=351 omega=-0.03 | ftGround=14N target=0.0 limit=913Nm motorNm=9 tyreNm=-9 inertia=1.78 limRot=0/2/0 omegaPre=-0.04 posN=3/-15/0 susp=-0.0508 springN=262
INFO 2026-07-27 15:26:34.804 joltshadow - docs §70.1: slipdense (player) f=28 w=1 grounded=1 kappa=0.018 fnGround=366 omega=-0.03 | ftGround=13N target=0.0 limit=950Nm motorNm=9 tyreNm=-8 inertia=1.78 limRot=0/2/0 omegaPre=-0.04 posN=3/-15/0 susp=-0.0540 springN=278
INFO 2026-07-27 15:26:34.804 joltshadow - docs §70.1: slipdense (player) f=28 w=2 grounded=1 kappa=0.021 fnGround=601 omega=-0.03 | ftGround=16N target=0.0 limit=1547Nm motorNm=10 tyreNm=-10 inertia=1.82 limRot=0/2/0 omegaPre=-0.04 posN=4/-20/0 susp=-0.0854 springN=513
INFO 2026-07-27 15:26:34.804 joltshadow - docs §70.1: slipdense (player) f=28 w=3 grounded=1 kappa=0.020 fnGround=621 omega=-0.03 | ftGround=15N target=0.0 limit=1583Nm motorNm=10 tyreNm=-10 inertia=1.82 limRot=0/2/0 omegaPre=-0.04 posN=4/-19/0 susp=-0.0889 springN=530
INFO 2026-07-27 15:26:34.804 joltshadow - docs §78: attdense (player) f=28 joltTilt=0.52 odeTilt=0.02 upDelta=0.49 wBody=(-0.03,-0.00,0.00) |w|=0.03 grounded=4
INFO 2026-07-27 15:26:34.845 joltshadow - docs §70.1: slipdense (player) f=32 w=0 grounded=1 kappa=0.028 fnGround=306 omega=-0.02 | ftGround=21N target=0.0 limit=815Nm motorNm=14 tyreNm=-13 inertia=1.78 limRot=0/2/0 omegaPre=-0.02 posN=3/-22/0 susp=-0.0442 springN=216
INFO 2026-07-27 15:26:34.845 joltshadow - docs §70.1: slipdense (player) f=32 w=1 grounded=1 kappa=0.027 fnGround=320 omega=-0.02 | ftGround=20N target=0.0 limit=832Nm motorNm=13 tyreNm=-13 inertia=1.78 limRot=0/2/0 omegaPre=-0.02 posN=3/-21/0 susp=-0.0480 springN=234
INFO 2026-07-27 15:26:34.845 joltshadow - docs §70.1: slipdense (player) f=32 w=2 grounded=1 kappa=0.030 fnGround=561 omega=-0.02 | ftGround=22N target=0.0 limit=1450Nm motorNm=15 tyreNm=-14 inertia=1.82 limRot=0/3/0 omegaPre=-0.02 posN=5/-26/0 susp=-0.0830 springN=474
INFO 2026-07-27 15:26:34.845 joltshadow - docs §70.1: slipdense (player) f=32 w=3 grounded=1 kappa=0.029 fnGround=579 omega=-0.02 | ftGround=22N target=0.0 limit=1496Nm motorNm=14 tyreNm=-14 inertia=1.82 limRot=0/3/0 omegaPre=-0.02 posN=5/-25/0 susp=-0.0871 springN=493
INFO 2026-07-27 15:26:34.845 joltshadow - docs §78: attdense (player) f=32 joltTilt=0.57 odeTilt=0.02 upDelta=0.55 wBody=(-0.02,-0.00,0.01) |w|=0.02 grounded=4
INFO 2026-07-27 15:26:34.880 joltshadow - docs §70.1: slipdense (player) f=36 w=0 grounded=1 kappa=0.032 fnGround=280 omega=-0.01 | ftGround=27N target=0.0 limit=815Nm motorNm=18 tyreNm=-17 inertia=1.78 limRot=0/2/0 omegaPre=-0.01 posN=3/-27/0 susp=-0.0386 springN=190
INFO 2026-07-27 15:26:34.880 joltshadow - docs §70.1: slipdense (player) f=36 w=1 grounded=1 kappa=0.031 fnGround=294 omega=-0.01 | ftGround=26N target=0.0 limit=815Nm motorNm=17 tyreNm=-16 inertia=1.78 limRot=0/2/0 omegaPre=-0.01 posN=3/-26/0 susp=-0.0426 springN=208
INFO 2026-07-27 15:26:34.880 joltshadow - docs §70.1: slipdense (player) f=36 w=2 grounded=1 kappa=0.033 fnGround=526 omega=-0.01 | ftGround=27N target=0.0 limit=1368Nm motorNm=18 tyreNm=-17 inertia=1.82 limRot=0/3/-0 omegaPre=-0.01 posN=5/-29/0 susp=-0.0790 springN=440
INFO 2026-07-27 15:26:34.880 joltshadow - docs §70.1: slipdense (player) f=36 w=3 grounded=1 kappa=0.032 fnGround=545 omega=-0.01 | ftGround=27N target=0.0 limit=1416Nm motorNm=18 tyreNm=-17 inertia=1.82 limRot=0/3/-0 omegaPre=-0.01 posN=5/-29/0 susp=-0.0834 springN=459
INFO 2026-07-27 15:26:34.880 joltshadow - docs §78: attdense (player) f=36 joltTilt=0.60 odeTilt=0.27 upDelta=0.33 wBody=(-0.01,-0.00,0.01) |w|=0.01 grounded=4
INFO 2026-07-27 15:26:34.911 joltshadow - docs §70.1: slipdense (player) f=40 w=0 grounded=1 kappa=0.032 fnGround=266 omega=0.01 | ftGround=24N target=0.0 limit=815Nm motorNm=16 tyreNm=-15 inertia=1.78 limRot=0/2/0 omegaPre=0.00 posN=3/-24/0 susp=-0.0344 springN=178
INFO 2026-07-27 15:26:34.911 joltshadow - docs §70.1: slipdense (player) f=40 w=1 grounded=1 kappa=0.031 fnGround=284 omega=0.01 | ftGround=23N target=0.0 limit=815Nm motorNm=15 tyreNm=-15 inertia=1.78 limRot=0/2/0 omegaPre=0.00 posN=3/-24/0 susp=-0.0386 springN=196
INFO 2026-07-27 15:26:34.911 joltshadow - docs §70.1: slipdense (player) f=40 w=2 grounded=1 kappa=0.032 fnGround=501 omega=0.01 | ftGround=24N target=0.0 limit=1285Nm motorNm=16 tyreNm=-15 inertia=1.82 limRot=0/3/0 omegaPre=0.00 posN=5/-26/0 susp=-0.0748 springN=413
INFO 2026-07-27 15:26:34.911 joltshadow - docs §70.1: slipdense (player) f=40 w=3 grounded=1 kappa=0.031 fnGround=517 omega=0.01 | ftGround=23N target=0.0 limit=1330Nm motorNm=15 tyreNm=-14 inertia=1.82 limRot=0/3/0 omegaPre=0.00 posN=5/-25/0 susp=-0.0794 springN=431
INFO 2026-07-27 15:26:34.911 joltshadow - docs §78: attdense (player) f=40 joltTilt=0.60 odeTilt=0.79 upDelta=0.23 wBody=(0.01,-0.00,0.01) |w|=0.01 grounded=4
INFO 2026-07-27 15:26:34.953 joltshadow - docs §70.1: slipdense (player) f=44 w=0 grounded=1 kappa=0.029 fnGround=266 omega=0.02 | ftGround=24N target=0.0 limit=815Nm motorNm=16 tyreNm=-15 inertia=1.78 limRot=0/2/0 omegaPre=0.02 posN=3/-23/0 susp=-0.0313 springN=180
INFO 2026-07-27 15:26:34.953 joltshadow - docs §70.1: slipdense (player) f=44 w=1 grounded=1 kappa=0.028 fnGround=282 omega=0.02 | ftGround=23N target=0.0 limit=815Nm motorNm=15 tyreNm=-15 inertia=1.78 limRot=0/2/0 omegaPre=0.02 posN=3/-22/0 susp=-0.0353 springN=195
INFO 2026-07-27 15:26:34.953 joltshadow - docs §70.1: slipdense (player) f=44 w=2 grounded=1 kappa=0.028 fnGround=476 omega=0.02 | ftGround=23N target=0.0 limit=1223Nm motorNm=15 tyreNm=-14 inertia=1.82 limRot=0/3/-0 omegaPre=0.02 posN=4/-24/0 susp=-0.0696 springN=386
INFO 2026-07-27 15:26:34.953 joltshadow - docs §70.1: slipdense (player) f=44 w=3 grounded=1 kappa=0.027 fnGround=492 omega=0.02 | ftGround=22N target=0.0 limit=1256Nm motorNm=14 tyreNm=-14 inertia=1.82 limRot=0/2/-0 omegaPre=0.02 posN=4/-23/0 susp=-0.0740 springN=402
INFO 2026-07-27 15:26:34.953 joltshadow - docs §78: attdense (player) f=44 joltTilt=0.56 odeTilt=1.38 upDelta=0.83 wBody=(0.02,-0.00,0.01) |w|=0.02 grounded=4
INFO 2026-07-27 15:26:34.997 joltshadow - docs §70.1: slipdense (player) f=48 w=0 grounded=1 kappa=0.020 fnGround=291 omega=0.03 | ftGround=15N target=0.0 limit=815Nm motorNm=9 tyreNm=-9 inertia=1.78 limRot=0/1/0 omegaPre=0.03 posN=2/-15/0 susp=-0.0314 springN=200
INFO 2026-07-27 15:26:34.997 joltshadow - docs §70.1: slipdense (player) f=48 w=1 grounded=1 kappa=0.018 fnGround=298 omega=0.03 | ftGround=14N target=0.0 limit=815Nm motorNm=9 tyreNm=-9 inertia=1.78 limRot=0/1/0 omegaPre=0.03 posN=2/-14/0 susp=-0.0348 springN=210
INFO 2026-07-27 15:26:34.997 joltshadow - docs §70.1: slipdense (player) f=48 w=2 grounded=1 kappa=0.018 fnGround=455 omega=0.03 | ftGround=13N target=0.0 limit=1165Nm motorNm=9 tyreNm=-8 inertia=1.82 limRot=0/2/0 omegaPre=0.03 posN=3/-15/0 susp=-0.0650 springN=368
INFO 2026-07-27 15:26:34.997 joltshadow - docs §70.1: slipdense (player) f=48 w=3 grounded=1 kappa=0.016 fnGround=467 omega=0.03 | ftGround=12N target=0.0 limit=1190Nm motorNm=8 tyreNm=-8 inertia=1.82 limRot=0/2/0 omegaPre=0.03 posN=3/-14/0 susp=-0.0688 springN=380
INFO 2026-07-27 15:26:34.997 joltshadow - docs §78: attdense (player) f=48 joltTilt=0.50 odeTilt=1.67 upDelta=1.18 wBody=(0.03,-0.00,0.01) |w|=0.03 grounded=4
INFO 2026-07-27 15:26:35.018 joltshadow - docs §82: resync (player) #4 dt=0.50s upMax=1.211 deg posMax=0.654 m odeTiltPath=1.665 deg gain=0.7271
INFO 2026-07-27 15:26:35.018 joltshadow - docs §87: resync landing (player) w=0 pre=-0.0025 post=-0.0083 m R=0.629 dY=-0.6142 dRotDeg=1.21 |corr|=0.6143 m
INFO 2026-07-27 15:26:35.018 joltshadow - docs §87: resync landing (player) w=1 pre=-0.0025 post=-0.0084 m R=0.629 dY=-0.6142 dRotDeg=1.21 |corr|=0.6143 m
INFO 2026-07-27 15:26:35.018 joltshadow - docs §87: resync landing (player) w=2 pre=-0.0038 post=-0.0097 m R=0.635 dY=-0.6142 dRotDeg=1.21 |corr|=0.6143 m
INFO 2026-07-27 15:26:35.018 joltshadow - docs §87: resync landing (player) w=3 pre=-0.0039 post=-0.0093 m R=0.635 dY=-0.6142 dRotDeg=1.21 |corr|=0.6143 m
INFO 2026-07-27 15:26:35.018 joltshadow - docs §82: resync RESIDUAL (player) #4 pos=0.0000 m up=0.0000 deg
INFO 2026-07-27 15:26:35.040 joltshadow - docs §70.1: slipdense (player) f=52 w=0 grounded=1 kappa=-0.164 fnGround=1200 omega=-0.08 | ftGround=-111N target=0.0 limit=3020Nm motorNm=-70 tyreNm=65 inertia=1.78 limRot=0/-2/0 omegaPre=-0.04 posN=-3/61/0 susp=-0.4993 springN=2165
INFO 2026-07-27 15:26:35.040 joltshadow - docs §70.1: slipdense (player) f=52 w=1 grounded=1 kappa=-0.164 fnGround=1200 omega=-0.08 | ftGround=-110N target=0.0 limit=3019Nm motorNm=-70 tyreNm=65 inertia=1.78 limRot=0/-2/0 omegaPre=-0.04 posN=-3/60/0 susp=-0.4997 springN=2170
INFO 2026-07-27 15:26:35.040 joltshadow - docs §70.1: slipdense (player) f=52 w=2 grounded=1 kappa=-0.150 fnGround=1200 omega=-0.08 | ftGround=-101N target=0.0 limit=3049Nm motorNm=-61 tyreNm=55 inertia=1.82 limRot=0/-2/-0 omegaPre=-0.04 posN=-3/38/0 susp=-0.5586 springN=2634
INFO 2026-07-27 15:26:35.040 joltshadow - docs §70.1: slipdense (player) f=52 w=3 grounded=1 kappa=-0.149 fnGround=1199 omega=-0.08 | ftGround=-101N target=0.0 limit=3046Nm motorNm=-61 tyreNm=55 inertia=1.82 limRot=0/-2/-0 omegaPre=-0.04 posN=-3/38/0 susp=-0.5590 springN=2639
INFO 2026-07-27 15:26:35.040 joltshadow - docs §78: attdense (player) f=52 joltTilt=1.36 odeTilt=1.59 upDelta=0.23 wBody=(-0.08,0.00,-0.00) |w|=0.08 grounded=4
INFO 2026-07-27 15:26:35.078 joltshadow - docs §70.1: slipdense (player) f=56 w=0 grounded=1 kappa=-0.096 fnGround=1110 omega=-0.09 | ftGround=-81N target=0.0 limit=3020Nm motorNm=-46 tyreNm=48 inertia=1.78 limRot=0/-1/0 omegaPre=-0.10 posN=-1/41/0 susp=-0.3557 springN=851
INFO 2026-07-27 15:26:35.079 joltshadow - docs §70.1: slipdense (player) f=56 w=1 grounded=1 kappa=-0.095 fnGround=1114 omega=-0.09 | ftGround=-81N target=0.0 limit=3020Nm motorNm=-46 tyreNm=48 inertia=1.78 limRot=0/-1/0 omegaPre=-0.10 posN=-1/41/0 susp=-0.3565 springN=856
INFO 2026-07-27 15:26:35.079 joltshadow - docs §70.1: slipdense (player) f=56 w=2 grounded=1 kappa=-0.080 fnGround=1200 omega=-0.09 | ftGround=-68N target=0.0 limit=3049Nm motorNm=-38 tyreNm=41 inertia=1.82 limRot=0/-1/-0 omegaPre=-0.10 posN=-1/16/0 susp=-0.4591 springN=1544
INFO 2026-07-27 15:26:35.079 joltshadow - docs §70.1: slipdense (player) f=56 w=3 grounded=1 kappa=-0.080 fnGround=1200 omega=-0.09 | ftGround=-67N target=0.0 limit=3049Nm motorNm=-38 tyreNm=41 inertia=1.82 limRot=0/-1/-0 omegaPre=-0.10 posN=-1/16/0 susp=-0.4600 springN=1551
INFO 2026-07-27 15:26:35.079 joltshadow - docs §78: attdense (player) f=56 joltTilt=1.41 odeTilt=1.37 upDelta=0.04 wBody=(-0.09,0.00,-0.00) |w|=0.09 grounded=4
INFO 2026-07-27 15:26:35.118 joltshadow - docs §70.1: slipdense (player) f=60 w=0 grounded=1 kappa=0.066 fnGround=254 omega=-0.03 | ftGround=45N target=0.0 limit=1215Nm motorNm=31 tyreNm=-28 inertia=1.78 limRot=0/1/0 omegaPre=-0.05 posN=1/-52/0 susp=-0.1969 springN=56
INFO 2026-07-27 15:26:35.118 joltshadow - docs §70.1: slipdense (player) f=60 w=1 grounded=1 kappa=0.066 fnGround=288 omega=-0.03 | ftGround=45N target=0.0 limit=1233Nm motorNm=31 tyreNm=-28 inertia=1.78 limRot=0/1/0 omegaPre=-0.05 posN=1/-52/0 susp=-0.1991 springN=68
INFO 2026-07-27 15:26:35.119 joltshadow - docs §70.1: slipdense (player) f=60 w=2 grounded=1 kappa=0.049 fnGround=804 omega=-0.03 | ftGround=33N target=0.0 limit=2557Nm motorNm=23 tyreNm=-20 inertia=1.82 limRot=0/0/-0 omegaPre=-0.05 posN=1/-53/0 susp=-0.2941 springN=540
INFO 2026-07-27 15:26:35.119 joltshadow - docs §70.1: slipdense (player) f=60 w=3 grounded=1 kappa=0.049 fnGround=814 omega=-0.03 | ftGround=33N target=0.0 limit=2576Nm motorNm=23 tyreNm=-20 inertia=1.82 limRot=0/0/-0 omegaPre=-0.05 posN=1/-52/0 susp=-0.2966 springN=551
INFO 2026-07-27 15:26:35.119 joltshadow - docs §78: attdense (player) f=60 joltTilt=1.55 odeTilt=1.12 upDelta=0.42 wBody=(-0.03,-0.00,-0.00) |w|=0.03 grounded=4
INFO 2026-07-27 15:26:35.119 joltshadow - Shadow divergence (player): pos=1.651m vel=4.468m/s angle=0.4deg (jolt com=[4668.5 259.6 1251.9] ode com=[4668.5 258.0 1251.5])
INFO 2026-07-27 15:26:35.119 joltshadow - docs §23.6: driver input (player) realThrottle=-10.00 brake=0.01 handBrake=1 steerRad=0.000
INFO 2026-07-27 15:26:35.119 joltshadow - docs §32: Jolt SHADOW chassis pitch (player) forward=(-0.222, 0.027, -0.975)
INFO 2026-07-27 15:26:35.119 joltshadow - docs §69: tilt (player) jolt=1.5 deg ode=1.1 deg delta=+0.4 deg upDelta=0.42 deg
INFO 2026-07-27 15:26:35.119 joltshadow - docs §32.4: Jolt SHADOW chassis lowest corner (player) = (4667.79,258.19,1255.32) clearanceToGround=0.188
INFO 2026-07-27 15:26:35.119 joltshadow - docs §23.5: wheel state (player) wheel=0 contact=0 suspLen=1.050 (range 0.050-1.050, 0% compressed) angVel=0.00
INFO 2026-07-27 15:26:35.119 joltshadow - docs §38.11: wheel=0 NO contact, worldAxle=(0.975,0.001,-0.223)
INFO 2026-07-27 15:26:35.119 joltshadow - docs §32: no-contact raycast (player) wheel=0 bodyPos=(4668.46,258.87,1251.52) localMPos=(-1.155,0.060,2.270) origin=(4669.08,258.99,1249.05) dir=(-0.005,-1.000,-0.026) normalRayLen=1.679 groundFoundAt=0.000 shortfallBeyondTravel=-1.679 hitBody=8391036 hitLayer=4 hitMotion=2 hitIsSelfChassis=0
INFO 2026-07-27 15:26:35.119 joltshadow - docs §23.5: wheel state (player) wheel=1 contact=0 suspLen=1.050 (range 0.050-1.050, 0% compressed) angVel=0.00
INFO 2026-07-27 15:26:35.119 joltshadow - docs §38.11: wheel=1 NO contact, worldAxle=(0.975,0.001,-0.223)
INFO 2026-07-27 15:26:35.119 joltshadow - docs §32: no-contact raycast (player) wheel=1 bodyPos=(4668.46,258.87,1251.52) localMPos=(1.155,0.059,2.270) origin=(4666.83,258.98,1249.57) dir=(-0.005,-1.000,-0.026) normalRayLen=1.679 groundFoundAt=0.000 shortfallBeyondTravel=-1.679 hitBody=8391037 hitLayer=4 hitMotion=2 hitIsSelfChassis=0
INFO 2026-07-27 15:26:35.119 joltshadow - docs §23.5: wheel state (player) wheel=2 contact=0 suspLen=1.050 (range 0.050-1.050, 0% compressed) angVel=0.00
INFO 2026-07-27 15:26:35.119 joltshadow - docs §38.11: wheel=2 NO contact, worldAxle=(0.975,0.001,-0.223)
INFO 2026-07-27 15:26:35.120 joltshadow - docs §32: no-contact raycast (player) wheel=2 bodyPos=(4668.46,258.87,1251.52) localMPos=(-1.253,0.145,-2.062) origin=(4670.14,258.96,1253.26) dir=(-0.005,-1.000,-0.026) normalRayLen=1.685 groundFoundAt=0.000 shortfallBeyondTravel=-1.685 hitBody=8391038 hitLayer=4 hitMotion=2 hitIsSelfChassis=0
INFO 2026-07-27 15:26:35.120 joltshadow - docs §23.5: wheel state (player) wheel=3 contact=0 suspLen=1.050 (range 0.050-1.050, 0% compressed) angVel=0.00
INFO 2026-07-27 15:26:35.120 joltshadow - docs §38.11: wheel=3 NO contact, worldAxle=(0.975,0.001,-0.223)
INFO 2026-07-27 15:26:35.120 joltshadow - docs §32: no-contact raycast (player) wheel=3 bodyPos=(4668.46,258.87,1251.52) localMPos=(1.253,0.146,-2.062) origin=(4667.70,258.95,1253.81) dir=(-0.005,-1.000,-0.026) normalRayLen=1.685 groundFoundAt=0.000 shortfallBeyondTravel=-1.685 hitBody=8391039 hitLayer=4 hitMotion=2 hitIsSelfChassis=0
INFO 2026-07-27 15:26:35.120 joltshadow - docs §59/63: harvest (player) wheelsWithContact=4 contactPoints=8 overflow=0 (of 4) | maxNormalF=814N bound(k_t*tau)=1200N ratio=0.68
INFO 2026-07-27 15:26:35.120 joltshadow - docs §58: wheel body (player) w=0 springF=56N stopF=0N travel=-0.1969 (limits -0.5000..0.5000 rel spawn) kSusp=6000 sagPredicted=0.0093 | frameTrav=-0.2223..-0.1969 frameStopN=0
INFO 2026-07-27 15:26:35.120 joltshadow - docs §66: tyre band (player) w=0 fnGround=254N fnTotal=254N pen=0.00962 penRaw=0.00962 tau=0.01000 pen/tau=0.96 | recs tyre=1 rim=1 survived=1 stale=0 distMax=0.98R
INFO 2026-07-27 15:26:35.120 joltshadow - docs §68: steer (player) w=0 steerable=1 commanded=0.000 rad measured=0.000 rad err=0.00 deg steerSign=-1 steerTq=0Nm cap=1215Nm sat=0.00
INFO 2026-07-27 15:26:35.120 joltshadow - docs §70: slip (player) w=0 grounded=1 kappa=0.066 fnGround=254N omega=-0.03
INFO 2026-07-27 15:26:35.120 joltshadow - docs §67: spin (player) w=0 driven=1 omega=-0.03 rad/s surfaceSpeed=-0.02 m/s spinSign=+1 motorTq=31Nm cmdTq=1215Nm
INFO 2026-07-27 15:26:35.120 joltshadow - docs §58: wheel body (player) w=1 springF=68N stopF=0N travel=-0.1991 (limits -0.5000..0.5000 rel spawn) kSusp=6000 sagPredicted=0.0114 | frameTrav=-0.2241..-0.1991 frameStopN=0
INFO 2026-07-27 15:26:35.120 joltshadow - docs §66: tyre band (player) w=1 fnGround=288N fnTotal=288N pen=0.00983 penRaw=0.00983 tau=0.01000 pen/tau=0.98 | recs tyre=1 rim=1 survived=1 stale=0 distMax=0.98R
INFO 2026-07-27 15:26:35.120 joltshadow - docs §68: steer (player) w=1 steerable=1 commanded=0.000 rad measured=0.000 rad err=0.00 deg steerSign=-1 steerTq=0Nm cap=1233Nm sat=0.00
INFO 2026-07-27 15:26:35.120 joltshadow - docs §70: slip (player) w=1 grounded=1 kappa=0.066 fnGround=288N omega=-0.03
INFO 2026-07-27 15:26:35.120 joltshadow - docs §67: spin (player) w=1 driven=1 omega=-0.03 rad/s surfaceSpeed=-0.02 m/s spinSign=+1 motorTq=31Nm cmdTq=1233Nm
INFO 2026-07-27 15:26:35.120 joltshadow - docs §58: wheel body (player) w=2 springF=540N stopF=0N travel=-0.2941 (limits -0.5000..0.5000 rel spawn) kSusp=6000 sagPredicted=0.0899 | frameTrav=-0.3217..-0.2941 frameStopN=0
INFO 2026-07-27 15:26:35.120 joltshadow - docs §66: tyre band (player) w=2 fnGround=804N fnTotal=805N pen=0.01000 penRaw=0.02578 tau=0.01000 pen/tau=1.00 | recs tyre=1 rim=1 survived=1 stale=0 distMax=0.96R
INFO 2026-07-27 15:26:35.120 joltshadow - docs §68: steer (player) w=2 steerable=0 commanded=0.000 rad measured=0.000 rad err=0.00 deg steerSign=-1 steerTq=0Nm cap=340282346638528859811704183484516925440Nm sat=0.00
INFO 2026-07-27 15:26:35.120 joltshadow - docs §70: slip (player) w=2 grounded=1 kappa=0.049 fnGround=804N omega=-0.03
INFO 2026-07-27 15:26:35.120 joltshadow - docs §67: spin (player) w=2 driven=1 omega=-0.03 rad/s surfaceSpeed=-0.02 m/s spinSign=+1 motorTq=23Nm cmdTq=2557Nm
INFO 2026-07-27 15:26:35.120 joltshadow - docs §58: wheel body (player) w=3 springF=551N stopF=0N travel=-0.2966 (limits -0.5000..0.5000 rel spawn) kSusp=6000 sagPredicted=0.0918 | frameTrav=-0.3238..-0.2966 frameStopN=0
INFO 2026-07-27 15:26:35.121 joltshadow - docs §66: tyre band (player) w=3 fnGround=814N fnTotal=814N pen=0.01000 penRaw=0.02590 tau=0.01000 pen/tau=1.00 | recs tyre=1 rim=1 survived=1 stale=0 distMax=0.96R
INFO 2026-07-27 15:26:35.121 joltshadow - docs §68: steer (player) w=3 steerable=0 commanded=0.000 rad measured=0.000 rad err=0.00 deg steerSign=-1 steerTq=0Nm cap=340282346638528859811704183484516925440Nm sat=0.00
INFO 2026-07-27 15:26:35.121 joltshadow - docs §70: slip (player) w=3 grounded=1 kappa=0.049 fnGround=814N omega=-0.03
INFO 2026-07-27 15:26:35.121 joltshadow - docs §67: spin (player) w=3 driven=1 omega=-0.03 rad/s surfaceSpeed=-0.02 m/s spinSign=+1 motorTq=23Nm cmdTq=2576Nm
INFO 2026-07-27 15:26:35.121 joltshadow - docs §67: drivetrain (player) gear=0 rpm=10 driveTorque=600Nm perWheel=150Nm driven=4 throttle=-1.00 spin=1 | PRE-STEP brake=0.01 handBrake=1
INFO 2026-07-27 15:26:35.121 joltshadow - docs §66: tyre band SUM (player) fnGroundSum=2160N fnTotalSum=2162N weight=1295N carried=1.67 | penSum=0.03945 recs tyre=4 rim=4 stale=0
INFO 2026-07-27 15:26:35.121 joltshadow - docs §30: REAL ODE chassis COM (player) body=54AA14C8 = (4668.453, 258.012, 1251.494) forward=(-0.222, 0.020, -0.975)
INFO 2026-07-27 15:26:35.121 joltshadow - docs §33: real ODE chassis geom (player) #1 = class 0 (not a transform) pos=(4668.453,258.012,1251.494) radius=4.500
INFO 2026-07-27 15:26:35.121 joltshadow - docs §33: real ODE chassis geom (player) #2 = transform, inner class=1 pos=(0.000,1.095,-0.495)
INFO 2026-07-27 15:26:35.121 joltshadow - docs §33: real ODE chassis geom (player) #3 = transform, inner class=1 pos=(0.353,3.466,0.718)
INFO 2026-07-27 15:26:35.121 joltshadow - docs §33: real ODE chassis geom (player) #4 = transform, inner class=1 pos=(0.000,1.818,1.842)
INFO 2026-07-27 15:26:35.121 joltshadow - docs §33: real ODE chassis geom (player) #5 = transform, inner class=1 pos=(0.006,1.981,-2.113)
INFO 2026-07-27 15:26:35.121 joltshadow - docs §33: real ODE chassis geom (player) #6 = class 0 (not a transform) pos=(4668.453,258.012,1251.494) radius=30.000
INFO 2026-07-27 15:26:35.121 joltshadow - docs §33: real ODE chassis geom (player) #7 = class 0 (not a transform) pos=(4668.453,258.012,1251.494) radius=6.436
INFO 2026-07-27 15:26:35.121 joltshadow - docs §33: real ODE chassis geom (player) #8 = class 0 (not a transform) pos=(4668.453,258.012,1251.494) radius=200.000
INFO 2026-07-27 15:26:35.121 joltshadow - docs §33: real ODE chassis (player) has 8 total geom(s) directly attached (4 transform(s)) - compare against BuildChassisCompoundShape's own part/geom count in the build log
INFO 2026-07-27 15:26:35.121 joltshadow - docs §28: REAL ODE wheel state (player) wheel=0 displacement=0.0044 range=1.000 (0% compressed, signed) foreAft=2.270 localZ=2.270 cfm=0.002500 erp=0.2500
INFO 2026-07-27 15:26:35.121 joltshadow - docs §28: REAL ODE wheel state (player) wheel=1 displacement=0.0046 range=1.000 (0% compressed, signed) foreAft=2.270 localZ=2.270 cfm=0.002500 erp=0.2500
INFO 2026-07-27 15:26:35.121 joltshadow - docs §28: REAL ODE wheel state (player) wheel=2 displacement=0.0089 range=1.000 (1% compressed, signed) foreAft=-2.062 localZ=-2.062 cfm=0.002500 erp=0.2500
INFO 2026-07-27 15:26:35.122 joltshadow - docs §28: REAL ODE wheel state (player) wheel=3 displacement=0.0087 range=1.000 (1% compressed, signed) foreAft=-2.062 localZ=-2.062 cfm=0.002500 erp=0.2500
INFO 2026-07-27 15:26:35.164 joltshadow - docs §70.1: slipdense (player) f=64 w=0 grounded=0 kappa=0.000 fnGround=0 omega=0.07 | ftGround=0N target=0.0 limit=815Nm motorNm=2 tyreNm=0 inertia=1.78 limRot=0/0/0 omegaPre=0.05 posN=1/-13/0 susp=-0.0536 springN=-324
INFO 2026-07-27 15:26:35.164 joltshadow - docs §70.1: slipdense (player) f=64 w=1 grounded=0 kappa=0.000 fnGround=0 omega=0.07 | ftGround=0N target=0.0 limit=815Nm motorNm=2 tyreNm=0 inertia=1.78 limRot=0/0/0 omegaPre=0.05 posN=1/-13/0 susp=-0.0566 springN=-322
INFO 2026-07-27 15:26:35.164 joltshadow - docs §70.1: slipdense (player) f=64 w=2 grounded=0 kappa=0.000 fnGround=0 omega=0.07 | ftGround=0N target=0.0 limit=823Nm motorNm=2 tyreNm=0 inertia=1.82 limRot=0/0/0 omegaPre=0.05 posN=1/-13/0 susp=-0.1249 springN=-227
INFO 2026-07-27 15:26:35.164 joltshadow - docs §70.1: slipdense (player) f=64 w=3 grounded=0 kappa=0.000 fnGround=0 omega=0.07 | ftGround=0N target=0.0 limit=823Nm motorNm=2 tyreNm=0 inertia=1.82 limRot=0/0/0 omegaPre=0.05 posN=1/-13/0 susp=-0.1288 springN=-217
INFO 2026-07-27 15:26:35.164 joltshadow - docs §78: attdense (player) f=64 joltTilt=1.48 odeTilt=0.94 upDelta=0.55 wBody=(0.07,0.00,0.00) |w|=0.07 grounded=0
INFO 2026-07-27 15:26:35.194 joltshadow - docs §70.1: slipdense (player) f=68 w=0 grounded=0 kappa=0.000 fnGround=0 omega=0.08 | ftGround=0N target=0.0 limit=815Nm motorNm=0 tyreNm=0 inertia=1.78 limRot=0/-0/0 omegaPre=0.08 posN=-0/-2/0 susp=-0.0092 springN=-215
INFO 2026-07-27 15:26:35.195 joltshadow - docs §70.1: slipdense (player) f=68 w=1 grounded=0 kappa=0.000 fnGround=0 omega=0.08 | ftGround=0N target=0.0 limit=815Nm motorNm=0 tyreNm=0 inertia=1.78 limRot=0/-0/0 omegaPre=0.08 posN=-0/-2/0 susp=-0.0110 springN=-219
INFO 2026-07-27 15:26:35.195 joltshadow - docs §70.1: slipdense (player) f=68 w=2 grounded=0 kappa=0.000 fnGround=0 omega=0.08 | ftGround=0N target=0.0 limit=823Nm motorNm=0 tyreNm=0 inertia=1.82 limRot=0/-0/-0 omegaPre=0.08 posN=0/-3/0 susp=-0.0450 springN=-318
INFO 2026-07-27 15:26:35.195 joltshadow - docs §70.1: slipdense (player) f=68 w=3 grounded=0 kappa=0.000 fnGround=0 omega=0.08 | ftGround=0N target=0.0 limit=823Nm motorNm=0 tyreNm=0 inertia=1.82 limRot=0/-0/-0 omegaPre=0.08 posN=0/-3/0 susp=-0.0477 springN=-319
INFO 2026-07-27 15:26:35.195 joltshadow - docs §78: attdense (player) f=68 joltTilt=1.34 odeTilt=0.90 upDelta=0.45 wBody=(0.08,0.00,0.01) |w|=0.08 grounded=0
INFO 2026-07-27 15:26:35.221 joltshadow - docs §70.1: slipdense (player) f=72 w=0 grounded=0 kappa=0.000 fnGround=0 omega=0.08 | ftGround=0N target=0.0 limit=815Nm motorNm=-1 tyreNm=0 inertia=1.78 limRot=0/-0/0 omegaPre=0.08 posN=-0/2/0 susp=0.0046 springN=-109
INFO 2026-07-27 15:26:35.221 joltshadow - docs §70.1: slipdense (player) f=72 w=1 grounded=0 kappa=0.000 fnGround=0 omega=0.08 | ftGround=0N target=0.0 limit=815Nm motorNm=-1 tyreNm=0 inertia=1.78 limRot=0/-0/0 omegaPre=0.08 posN=-0/2/0 susp=0.0041 springN=-114
INFO 2026-07-27 15:26:35.222 joltshadow - docs §70.1: slipdense (player) f=72 w=2 grounded=0 kappa=0.000 fnGround=0 omega=0.08 | ftGround=0N target=0.0 limit=823Nm motorNm=-1 tyreNm=0 inertia=1.82 limRot=0/-0/-0 omegaPre=0.08 posN=-0/2/0 susp=-0.0081 springN=-233
INFO 2026-07-27 15:26:35.222 joltshadow - docs §70.1: slipdense (player) f=72 w=3 grounded=0 kappa=0.000 fnGround=0 omega=0.08 | ftGround=0N target=0.0 limit=823Nm motorNm=-1 tyreNm=0 inertia=1.82 limRot=0/-0/-0 omegaPre=0.08 posN=-0/1/0 susp=-0.0091 springN=-240
INFO 2026-07-27 15:26:35.222 joltshadow - docs §78: attdense (player) f=72 joltTilt=1.22 odeTilt=0.93 upDelta=0.29 wBody=(0.08,0.00,0.00) |w|=0.08 grounded=0
INFO 2026-07-27 15:26:35.247 joltshadow - docs §70.1: slipdense (player) f=76 w=0 grounded=0 kappa=0.000 fnGround=0 omega=0.07 | ftGround=0N target=0.0 limit=815Nm motorNm=-1 tyreNm=0 inertia=1.78 limRot=0/-0/0 omegaPre=0.07 posN=-1/3/0 susp=0.0068 springN=-40
INFO 2026-07-27 15:26:35.247 joltshadow - docs §70.1: slipdense (player) f=76 w=1 grounded=0 kappa=0.000 fnGround=0 omega=0.07 | ftGround=0N target=0.0 limit=815Nm motorNm=-1 tyreNm=0 inertia=1.78 limRot=0/-0/0 omegaPre=0.07 posN=-1/3/0 susp=0.0074 springN=-45
INFO 2026-07-27 15:26:35.247 joltshadow - docs §70.1: slipdense (player) f=76 w=2 grounded=0 kappa=0.000 fnGround=0 omega=0.07 | ftGround=0N target=0.0 limit=823Nm motorNm=-1 tyreNm=0 inertia=1.82 limRot=0/-0/-0 omegaPre=0.07 posN=-1/3/0 susp=0.0063 springN=-133
INFO 2026-07-27 15:26:35.247 joltshadow - docs §70.1: slipdense (player) f=76 w=3 grounded=0 kappa=0.000 fnGround=0 omega=0.07 | ftGround=0N target=0.0 limit=823Nm motorNm=-1 tyreNm=0 inertia=1.82 limRot=0/-0/-0 omegaPre=0.07 posN=-1/3/0 susp=0.0067 springN=-139
INFO 2026-07-27 15:26:35.247 joltshadow - docs §78: attdense (player) f=76 joltTilt=1.11 odeTilt=1.00 upDelta=0.13 wBody=(0.07,0.00,0.00) |w|=0.07 grounded=0
INFO 2026-07-27 15:26:35.280 joltshadow - docs §70.1: slipdense (player) f=80 w=0 grounded=0 kappa=0.000 fnGround=0 omega=0.06 | ftGround=0N target=0.0 limit=815Nm motorNm=-0 tyreNm=0 inertia=1.78 limRot=0/-0/0 omegaPre=0.06 posN=-0/2/0 susp=0.0042 springN=-0
INFO 2026-07-27 15:26:35.280 joltshadow - docs §70.1: slipdense (player) f=80 w=1 grounded=0 kappa=0.000 fnGround=0 omega=0.06 | ftGround=0N target=0.0 limit=815Nm motorNm=-0 tyreNm=0 inertia=1.78 limRot=0/-0/0 omegaPre=0.06 posN=-0/2/0 susp=0.0056 springN=-4
INFO 2026-07-27 15:26:35.280 joltshadow - docs §70.1: slipdense (player) f=80 w=2 grounded=0 kappa=0.000 fnGround=0 omega=0.06 | ftGround=0N target=0.0 limit=823Nm motorNm=-0 tyreNm=0 inertia=1.82 limRot=0/-0/-0 omegaPre=0.06 posN=-1/2/0 susp=0.0089 springN=-44
INFO 2026-07-27 15:26:35.281 joltshadow - docs §70.1: slipdense (player) f=80 w=3 grounded=0 kappa=0.000 fnGround=0 omega=0.06 | ftGround=0N target=0.0 limit=823Nm motorNm=-0 tyreNm=0 inertia=1.82 limRot=0/-0/-0 omegaPre=0.06 posN=-1/2/0 susp=0.0104 springN=-49
INFO 2026-07-27 15:26:35.281 joltshadow - docs §78: attdense (player) f=80 joltTilt=0.99 odeTilt=1.08 upDelta=0.10 wBody=(0.06,0.00,0.00) |w|=0.06 grounded=0
INFO 2026-07-27 15:26:35.329 joltshadow - docs §70.1: slipdense (player) f=84 w=0 grounded=0 kappa=0.000 fnGround=0 omega=0.06 | ftGround=0N target=0.0 limit=815Nm motorNm=-0 tyreNm=0 inertia=1.78 limRot=0/-0/0 omegaPre=0.06 posN=-0/0/0 susp=0.0004 springN=9
INFO 2026-07-27 15:26:35.329 joltshadow - docs §70.1: slipdense (player) f=84 w=1 grounded=0 kappa=0.000 fnGround=0 omega=0.06 | ftGround=0N target=0.0 limit=815Nm motorNm=-0 tyreNm=0 inertia=1.78 limRot=0/-0/0 omegaPre=0.06 posN=-0/0/0 susp=0.0021 springN=8
INFO 2026-07-27 15:26:35.329 joltshadow - docs §70.1: slipdense (player) f=84 w=2 grounded=0 kappa=0.000 fnGround=0 omega=0.06 | ftGround=0N target=0.0 limit=823Nm motorNm=-0 tyreNm=0 inertia=1.82 limRot=0/-0/-0 omegaPre=0.06 posN=-0/0/0 susp=0.0035 springN=9
INFO 2026-07-27 15:26:35.329 joltshadow - docs §70.1: slipdense (player) f=84 w=3 grounded=0 kappa=0.000 fnGround=0 omega=0.06 | ftGround=0N target=0.0 limit=823Nm motorNm=-0 tyreNm=0 inertia=1.82 limRot=0/-0/-0 omegaPre=0.06 posN=-0/0/0 susp=0.0055 springN=7
INFO 2026-07-27 15:26:35.329 joltshadow - docs §78: attdense (player) f=84 joltTilt=0.83 odeTilt=1.15 upDelta=0.32 wBody=(0.06,0.00,-0.00) |w|=0.06 grounded=0
INFO 2026-07-27 15:26:35.375 joltshadow - docs §70.1: slipdense (player) f=88 w=0 grounded=0 kappa=0.000 fnGround=0 omega=0.06 | ftGround=0N target=0.0 limit=815Nm motorNm=0 tyreNm=0 inertia=1.78 limRot=0/-0/0 omegaPre=0.06 posN=-0/-0/0 susp=-0.0008 springN=4
INFO 2026-07-27 15:26:35.375 joltshadow - docs §70.1: slipdense (player) f=88 w=1 grounded=0 kappa=0.000 fnGround=0 omega=0.06 | ftGround=0N target=0.0 limit=815Nm motorNm=0 tyreNm=0 inertia=1.78 limRot=0/-0/0 omegaPre=0.06 posN=-0/-0/0 susp=0.0008 springN=4
INFO 2026-07-27 15:26:35.375 joltshadow - docs §70.1: slipdense (player) f=88 w=2 grounded=0 kappa=0.000 fnGround=0 omega=0.06 | ftGround=0N target=0.0 limit=823Nm motorNm=0 tyreNm=0 inertia=1.82 limRot=0/-0/-0 omegaPre=0.06 posN=-0/-0/0 susp=-0.0002 springN=10
INFO 2026-07-27 15:26:35.375 joltshadow - docs §70.1: slipdense (player) f=88 w=3 grounded=0 kappa=0.000 fnGround=0 omega=0.06 | ftGround=0N target=0.0 limit=823Nm motorNm=0 tyreNm=0 inertia=1.82 limRot=0/-0/-0 omegaPre=0.06 posN=-0/-0/0 susp=0.0016 springN=10
INFO 2026-07-27 15:26:35.375 joltshadow - docs §78: attdense (player) f=88 joltTilt=0.68 odeTilt=1.16 upDelta=0.48 wBody=(0.06,0.00,-0.00) |w|=0.06 grounded=0
INFO 2026-07-27 15:26:35.421 joltshadow - docs §70.1: slipdense (player) f=92 w=0 grounded=0 kappa=0.000 fnGround=0 omega=0.06 | ftGround=0N target=0.0 limit=815Nm motorNm=0 tyreNm=0 inertia=1.78 limRot=0/0/0 omegaPre=0.06 posN=0/-0/0 susp=-0.0010 springN=1
INFO 2026-07-27 15:26:35.422 joltshadow - docs §70.1: slipdense (player) f=92 w=1 grounded=0 kappa=0.000 fnGround=0 omega=0.06 | ftGround=0N target=0.0 limit=815Nm motorNm=0 tyreNm=0 inertia=1.78 limRot=0/0/0 omegaPre=0.06 posN=0/-0/0 susp=0.0007 springN=1
INFO 2026-07-27 15:26:35.422 joltshadow - docs §70.1: slipdense (player) f=92 w=2 grounded=0 kappa=0.000 fnGround=0 omega=0.06 | ftGround=0N target=0.0 limit=823Nm motorNm=0 tyreNm=0 inertia=1.82 limRot=0/0/0 omegaPre=0.06 posN=0/-0/0 susp=-0.0013 springN=4
INFO 2026-07-27 15:26:35.422 joltshadow - docs §70.1: slipdense (player) f=92 w=3 grounded=0 kappa=0.000 fnGround=0 omega=0.06 | ftGround=0N target=0.0 limit=823Nm motorNm=0 tyreNm=0 inertia=1.82 limRot=0/0/0 omegaPre=0.06 posN=0/0/0 susp=0.0005 springN=5
INFO 2026-07-27 15:26:35.422 joltshadow - docs §78: attdense (player) f=92 joltTilt=0.54 odeTilt=1.14 upDelta=0.61 wBody=(0.06,0.00,-0.00) |w|=0.06 grounded=0
INFO 2026-07-27 15:26:35.463 joltshadow - docs §70.1: slipdense (player) f=96 w=0 grounded=0 kappa=0.000 fnGround=0 omega=0.06 | ftGround=0N target=0.0 limit=815Nm motorNm=0 tyreNm=0 inertia=1.78 limRot=0/-0/0 omegaPre=0.06 posN=-0/-0/0 susp=-0.0010 springN=0
INFO 2026-07-27 15:26:35.464 joltshadow - docs §70.1: slipdense (player) f=96 w=1 grounded=0 kappa=0.000 fnGround=0 omega=0.06 | ftGround=0N target=0.0 limit=815Nm motorNm=0 tyreNm=0 inertia=1.78 limRot=0/-0/0 omegaPre=0.06 posN=-0/-0/0 susp=0.0006 springN=0
INFO 2026-07-27 15:26:35.464 joltshadow - docs §70.1: slipdense (player) f=96 w=2 grounded=0 kappa=0.000 fnGround=0 omega=0.06 | ftGround=0N target=0.0 limit=823Nm motorNm=0 tyreNm=0 inertia=1.82 limRot=0/-0/-0 omegaPre=0.06 posN=-0/0/0 susp=-0.0013 springN=1
INFO 2026-07-27 15:26:35.464 joltshadow - docs §70.1: slipdense (player) f=96 w=3 grounded=0 kappa=0.000 fnGround=0 omega=0.06 | ftGround=0N target=0.0 limit=823Nm motorNm=0 tyreNm=0 inertia=1.82 limRot=0/-0/-0 omegaPre=0.06 posN=-0/0/0 susp=0.0005 springN=1
INFO 2026-07-27 15:26:35.464 joltshadow - docs §78: attdense (player) f=96 joltTilt=0.40 odeTilt=1.11 upDelta=0.72 wBody=(0.06,0.00,-0.00) |w|=0.06 grounded=0
INFO 2026-07-27 15:26:35.505 joltshadow - docs §70.1: slipdense (player) f=100 w=0 grounded=0 kappa=0.000 fnGround=0 omega=0.06 | ftGround=0N target=0.0 limit=815Nm motorNm=0 tyreNm=0 inertia=1.78 limRot=0/0/0 omegaPre=0.06 posN=0/-0/0 susp=-0.0008 springN=-0
INFO 2026-07-27 15:26:35.505 joltshadow - docs §70.1: slipdense (player) f=100 w=1 grounded=0 kappa=0.000 fnGround=0 omega=0.06 | ftGround=0N target=0.0 limit=815Nm motorNm=0 tyreNm=0 inertia=1.78 limRot=0/0/0 omegaPre=0.06 posN=0/-0/0 susp=0.0008 springN=-0
INFO 2026-07-27 15:26:35.505 joltshadow - docs §70.1: slipdense (player) f=100 w=2 grounded=0 kappa=0.000 fnGround=0 omega=0.06 | ftGround=0N target=0.0 limit=823Nm motorNm=0 tyreNm=0 inertia=1.82 limRot=0/0/-0 omegaPre=0.06 posN=0/0/0 susp=-0.0011 springN=-0
INFO 2026-07-27 15:26:35.506 joltshadow - docs §70.1: slipdense (player) f=100 w=3 grounded=0 kappa=0.000 fnGround=0 omega=0.06 | ftGround=0N target=0.0 limit=823Nm motorNm=0 tyreNm=0 inertia=1.82 limRot=0/0/-0 omegaPre=0.06 posN=0/0/0 susp=0.0006 springN=0
INFO 2026-07-27 15:26:35.506 joltshadow - docs §78: attdense (player) f=100 joltTilt=0.29 odeTilt=1.08 upDelta=0.83 wBody=(0.06,0.00,-0.00) |w|=0.06 grounded=0
INFO 2026-07-27 15:26:35.528 joltshadow - docs §82: resync (player) #5 dt=0.51s upMax=0.891 deg posMax=1.184 m odeTiltPath=1.083 deg gain=0.8228
INFO 2026-07-27 15:26:35.528 joltshadow - docs §87: resync landing (player) w=0 pre=0.5452 post=-0.0095 m R=0.629 dY=-1.1791 dRotDeg=0.89 |corr|=1.1821 m
INFO 2026-07-27 15:26:35.528 joltshadow - docs §87: resync landing (player) w=1 pre=0.5488 post=-0.0091 m R=0.629 dY=-1.1791 dRotDeg=0.89 |corr|=1.1821 m
INFO 2026-07-27 15:26:35.528 joltshadow - docs §87: resync landing (player) w=2 pre=0.5326 post=-0.0097 m R=0.635 dY=-1.1791 dRotDeg=0.89 |corr|=1.1821 m
INFO 2026-07-27 15:26:35.528 joltshadow - docs §87: resync landing (player) w=3 pre=0.5365 post=-0.0092 m R=0.635 dY=-1.1791 dRotDeg=0.89 |corr|=1.1821 m
INFO 2026-07-27 15:26:35.528 joltshadow - docs §82: resync RESIDUAL (player) #5 pos=0.0000 m up=0.0000 deg
INFO 2026-07-27 15:26:35.551 joltshadow - docs §70.1: slipdense (player) f=104 w=0 grounded=1 kappa=-0.207 fnGround=1200 omega=-0.11 | ftGround=-169N target=0.0 limit=3020Nm motorNm=-106 tyreNm=100 inertia=1.78 limRot=0/-3/0 omegaPre=-0.07 posN=-3/122/0 susp=-0.5028 springN=2324
INFO 2026-07-27 15:26:35.552 joltshadow - docs §70.1: slipdense (player) f=104 w=1 grounded=1 kappa=-0.206 fnGround=1200 omega=-0.11 | ftGround=-169N target=0.0 limit=3020Nm motorNm=-105 tyreNm=99 inertia=1.78 limRot=0/-3/0 omegaPre=-0.07 posN=-3/121/0 susp=-0.5031 springN=2329
INFO 2026-07-27 15:26:35.552 joltshadow - docs §70.1: slipdense (player) f=104 w=2 grounded=1 kappa=-0.192 fnGround=1200 omega=-0.11 | ftGround=-157N target=0.0 limit=3049Nm motorNm=-95 tyreNm=89 inertia=1.82 limRot=0/-3/-0 omegaPre=-0.07 posN=-4/102/0 susp=-0.5426 springN=2723
INFO 2026-07-27 15:26:35.552 joltshadow - docs §70.1: slipdense (player) f=104 w=3 grounded=1 kappa=-0.191 fnGround=1199 omega=-0.11 | ftGround=-156N target=0.0 limit=3047Nm motorNm=-95 tyreNm=89 inertia=1.82 limRot=0/-3/0 omegaPre=-0.07 posN=-4/101/0 susp=-0.5430 springN=2728
INFO 2026-07-27 15:26:35.552 joltshadow - docs §78: attdense (player) f=104 joltTilt=0.93 odeTilt=1.07 upDelta=0.14 wBody=(-0.11,0.00,-0.00) |w|=0.11 grounded=4
INFO 2026-07-27 15:26:35.599 joltshadow - docs §70.1: slipdense (player) f=108 w=0 grounded=1 kappa=-0.103 fnGround=1039 omega=-0.13 | ftGround=-71N target=0.0 limit=3020Nm motorNm=-40 tyreNm=43 inertia=1.78 limRot=0/-0/0 omegaPre=-0.15 posN=-0/40/0 susp=-0.3344 springN=762
INFO 2026-07-27 15:26:35.600 joltshadow - docs §70.1: slipdense (player) f=108 w=1 grounded=1 kappa=-0.102 fnGround=1046 omega=-0.13 | ftGround=-71N target=0.0 limit=3020Nm motorNm=-40 tyreNm=42 inertia=1.78 limRot=0/-0/0 omegaPre=-0.15 posN=-0/40/0 susp=-0.3362 springN=772
INFO 2026-07-27 15:26:35.600 joltshadow - docs §70.1: slipdense (player) f=108 w=2 grounded=1 kappa=-0.085 fnGround=1199 omega=-0.13 | ftGround=-59N target=0.0 limit=3049Nm motorNm=-33 tyreNm=35 inertia=1.82 limRot=0/-1/0 omegaPre=-0.15 posN=-0/19/0 susp=-0.4224 springN=1395
INFO 2026-07-27 15:26:35.600 joltshadow - docs §70.1: slipdense (player) f=108 w=3 grounded=1 kappa=-0.084 fnGround=1199 omega=-0.13 | ftGround=-58N target=0.0 limit=3049Nm motorNm=-33 tyreNm=35 inertia=1.82 limRot=0/-1/0 omegaPre=-0.15 posN=-0/18/0 susp=-0.4244 springN=1408
INFO 2026-07-27 15:26:35.600 joltshadow - docs §78: attdense (player) f=108 joltTilt=1.21 odeTilt=1.07 upDelta=0.15 wBody=(-0.13,0.00,-0.00) |w|=0.13 grounded=4
INFO 2026-07-27 15:26:35.645 joltshadow - docs §70.1: slipdense (player) f=112 w=0 grounded=1 kappa=0.089 fnGround=0 omega=-0.05 | ftGround=0N target=0.0 limit=815Nm motorNm=4 tyreNm=0 inertia=1.78 limRot=0/0/0 omegaPre=-0.08 posN=0/-8/0 susp=-0.1558 springN=-135
INFO 2026-07-27 15:26:35.645 joltshadow - docs §70.1: slipdense (player) f=112 w=1 grounded=1 kappa=0.088 fnGround=0 omega=-0.05 | ftGround=0N target=0.0 limit=815Nm motorNm=4 tyreNm=0 inertia=1.78 limRot=0/0/0 omegaPre=-0.08 posN=0/-9/0 susp=-0.1600 springN=-118
INFO 2026-07-27 15:26:35.645 joltshadow - docs §70.1: slipdense (player) f=112 w=2 grounded=1 kappa=0.087 fnGround=618 omega=-0.05 | ftGround=59N target=0.0 limit=2033Nm motorNm=41 tyreNm=-36 inertia=1.82 limRot=0/3/-0 omegaPre=-0.08 posN=5/-80/0 susp=-0.2432 springN=380
INFO 2026-07-27 15:26:35.646 joltshadow - docs §70.1: slipdense (player) f=112 w=3 grounded=1 kappa=0.086 fnGround=636 omega=-0.05 | ftGround=58N target=0.0 limit=2074Nm motorNm=41 tyreNm=-36 inertia=1.82 limRot=0/3/-0 omegaPre=-0.08 posN=5/-81/0 susp=-0.2477 springN=399
INFO 2026-07-27 15:26:35.646 joltshadow - docs §78: attdense (player) f=112 joltTilt=1.46 odeTilt=1.07 upDelta=0.40 wBody=(-0.05,-0.00,0.00) |w|=0.05 grounded=4
INFO 2026-07-27 15:26:35.690 joltshadow - docs §70.1: slipdense (player) f=116 w=0 grounded=0 kappa=0.000 fnGround=0 omega=0.04 | ftGround=0N target=0.0 limit=815Nm motorNm=2 tyreNm=0 inertia=1.78 limRot=0/0/0 omegaPre=0.02 posN=1/-9/0 susp=-0.0373 springN=-298
INFO 2026-07-27 15:26:35.690 joltshadow - docs §70.1: slipdense (player) f=116 w=1 grounded=0 kappa=0.000 fnGround=0 omega=0.04 | ftGround=0N target=0.0 limit=815Nm motorNm=2 tyreNm=0 inertia=1.78 limRot=0/0/0 omegaPre=0.02 posN=1/-9/0 susp=-0.0413 springN=-298
INFO 2026-07-27 15:26:35.690 joltshadow - docs §70.1: slipdense (player) f=116 w=2 grounded=0 kappa=0.000 fnGround=0 omega=0.04 | ftGround=0N target=0.0 limit=823Nm motorNm=2 tyreNm=0 inertia=1.82 limRot=0/0/0 omegaPre=0.02 posN=1/-9/0 susp=-0.0988 springN=-253
INFO 2026-07-27 15:26:35.690 joltshadow - docs §70.1: slipdense (player) f=116 w=3 grounded=0 kappa=0.000 fnGround=0 omega=0.04 | ftGround=0N target=0.0 limit=823Nm motorNm=2 tyreNm=0 inertia=1.82 limRot=0/0/0 omegaPre=0.02 posN=1/-9/0 susp=-0.1045 springN=-241
INFO 2026-07-27 15:26:35.690 joltshadow - docs §78: attdense (player) f=116 joltTilt=1.46 odeTilt=1.08 upDelta=0.40 wBody=(0.04,0.00,0.01) |w|=0.04 grounded=0
INFO 2026-07-27 15:26:35.732 joltshadow - docs §70.1: slipdense (player) f=120 w=0 grounded=0 kappa=0.000 fnGround=0 omega=0.04 | ftGround=0N target=0.0 limit=815Nm motorNm=-0 tyreNm=0 inertia=1.78 limRot=0/-0/0 omegaPre=0.05 posN=-0/2/0 susp=0.0030 springN=-131
INFO 2026-07-27 15:26:35.732 joltshadow - docs §70.1: slipdense (player) f=120 w=1 grounded=0 kappa=0.000 fnGround=0 omega=0.04 | ftGround=0N target=0.0 limit=815Nm motorNm=-0 tyreNm=0 inertia=1.78 limRot=0/-0/0 omegaPre=0.05 posN=-0/2/0 susp=0.0009 springN=-137
INFO 2026-07-27 15:26:35.732 joltshadow - docs §70.1: slipdense (player) f=120 w=2 grounded=0 kappa=0.000 fnGround=0 omega=0.04 | ftGround=0N target=0.0 limit=823Nm motorNm=-0 tyreNm=0 inertia=1.82 limRot=0/-0/-0 omegaPre=0.05 posN=-0/1/0 susp=-0.0158 springN=-251
INFO 2026-07-27 15:26:35.732 joltshadow - docs §70.1: slipdense (player) f=120 w=3 grounded=0 kappa=0.000 fnGround=0 omega=0.04 | ftGround=0N target=0.0 limit=823Nm motorNm=-0 tyreNm=0 inertia=1.82 limRot=0/-0/-0 omegaPre=0.05 posN=-0/1/0 susp=-0.0192 springN=-254
INFO 2026-07-27 15:26:35.732 joltshadow - docs §78: attdense (player) f=120 joltTilt=1.35 odeTilt=1.09 upDelta=0.30 wBody=(0.04,0.00,0.01) |w|=0.05 grounded=0
INFO 2026-07-27 15:26:35.732 joltshadow - Shadow divergence (player): pos=2.034m vel=2.913m/s angle=0.3deg (jolt com=[4668.5 260.0 1251.9] ode com=[4668.5 258.0 1251.5])
INFO 2026-07-27 15:26:35.732 joltshadow - docs §23.6: driver input (player) realThrottle=10.00 brake=0.01 handBrake=1 steerRad=0.000
INFO 2026-07-27 15:26:35.732 joltshadow - docs §32: Jolt SHADOW chassis pitch (player) forward=(-0.222, 0.023, -0.975)
INFO 2026-07-27 15:26:35.732 joltshadow - docs §69: tilt (player) jolt=1.3 deg ode=1.1 deg delta=+0.3 deg upDelta=0.30 deg
INFO 2026-07-27 15:26:35.732 joltshadow - docs §32.4: Jolt SHADOW chassis lowest corner (player) = (4667.79,258.57,1255.33) clearanceToGround=0.567
INFO 2026-07-27 15:26:35.732 joltshadow - docs §23.5: wheel state (player) wheel=0 contact=0 suspLen=1.050 (range 0.050-1.050, 0% compressed) angVel=0.00
INFO 2026-07-27 15:26:35.732 joltshadow - docs §38.11: wheel=0 NO contact, worldAxle=(0.975,0.003,-0.222)
INFO 2026-07-27 15:26:35.733 joltshadow - docs §32: no-contact raycast (player) wheel=0 bodyPos=(4668.46,259.23,1251.53) localMPos=(-1.155,0.060,2.270) origin=(4669.08,259.35,1249.07) dir=(-0.002,-1.000,-0.023) normalRayLen=1.679 groundFoundAt=0.000 shortfallBeyondTravel=-1.679 hitBody=8391035 hitLayer=1 hitMotion=2 hitIsSelfChassis=0
INFO 2026-07-27 15:26:35.733 joltshadow - docs §23.5: wheel state (player) wheel=1 contact=0 suspLen=1.050 (range 0.050-1.050, 0% compressed) angVel=0.00
INFO 2026-07-27 15:26:35.733 joltshadow - docs §38.11: wheel=1 NO contact, worldAxle=(0.975,0.003,-0.222)
INFO 2026-07-27 15:26:35.733 joltshadow - docs §32: no-contact raycast (player) wheel=1 bodyPos=(4668.46,259.23,1251.53) localMPos=(1.155,0.059,2.270) origin=(4666.83,259.34,1249.58) dir=(-0.002,-1.000,-0.023) normalRayLen=1.679 groundFoundAt=0.000 shortfallBeyondTravel=-1.679 hitBody=8391035 hitLayer=1 hitMotion=2 hitIsSelfChassis=0
INFO 2026-07-27 15:26:35.733 joltshadow - docs §23.5: wheel state (player) wheel=2 contact=0 suspLen=1.050 (range 0.050-1.050, 0% compressed) angVel=0.00
INFO 2026-07-27 15:26:35.733 joltshadow - docs §38.11: wheel=2 NO contact, worldAxle=(0.975,0.003,-0.222)
INFO 2026-07-27 15:26:35.733 joltshadow - docs §32: no-contact raycast (player) wheel=2 bodyPos=(4668.46,259.23,1251.53) localMPos=(-1.253,0.145,-2.062) origin=(4670.14,259.34,1253.27) dir=(-0.002,-1.000,-0.023) normalRayLen=1.685 groundFoundAt=0.000 shortfallBeyondTravel=-1.685 hitBody=8391038 hitLayer=4 hitMotion=2 hitIsSelfChassis=0
INFO 2026-07-27 15:26:35.733 joltshadow - docs §23.5: wheel state (player) wheel=3 contact=0 suspLen=1.050 (range 0.050-1.050, 0% compressed) angVel=0.00
INFO 2026-07-27 15:26:35.733 joltshadow - docs §38.11: wheel=3 NO contact, worldAxle=(0.975,0.003,-0.222)
INFO 2026-07-27 15:26:35.733 joltshadow - docs §32: no-contact raycast (player) wheel=3 bodyPos=(4668.46,259.23,1251.53) localMPos=(1.253,0.146,-2.062) origin=(4667.69,259.33,1253.83) dir=(-0.002,-1.000,-0.023) normalRayLen=1.685 groundFoundAt=0.000 shortfallBeyondTravel=-1.685 hitBody=8391039 hitLayer=4 hitMotion=2 hitIsSelfChassis=0
INFO 2026-07-27 15:26:35.733 joltshadow - docs §59/63: harvest (player) wheelsWithContact=0 contactPoints=0 overflow=0 (of 4) | maxNormalF=0N bound(k_t*tau)=0N ratio=0.00
INFO 2026-07-27 15:26:35.733 joltshadow - docs §58: wheel body (player) w=0 springF=-131N stopF=0N travel=0.0030 (limits -0.5000..0.5000 rel spawn) kSusp=6000 sagPredicted=-0.0219 | frameTrav=0.0005..0.0030 frameStopN=0
INFO 2026-07-27 15:26:35.733 joltshadow - docs §66: tyre band (player) w=0 fnGround=0N fnTotal=0N pen=0.00000 penRaw=0.00000 tau=0.01000 pen/tau=0.00 | recs tyre=0 rim=0 survived=0 stale=0 distMax=0.00R
INFO 2026-07-27 15:26:35.734 joltshadow - docs §68: steer (player) w=0 steerable=1 commanded=0.000 rad measured=-0.000 rad err=-0.00 deg steerSign=-1 steerTq=0Nm cap=815Nm sat=0.00
INFO 2026-07-27 15:26:35.734 joltshadow - docs §70: slip (player) w=0 grounded=0 kappa=0.000 fnGround=0N omega=0.04
INFO 2026-07-27 15:26:35.734 joltshadow - docs §67: spin (player) w=0 driven=1 omega=0.04 rad/s surfaceSpeed=0.03 m/s spinSign=+1 motorTq=-0Nm cmdTq=815Nm
INFO 2026-07-27 15:26:35.734 joltshadow - docs §58: wheel body (player) w=1 springF=-137N stopF=0N travel=0.0009 (limits -0.5000..0.5000 rel spawn) kSusp=6000 sagPredicted=-0.0229 | frameTrav=-0.0019..0.0009 frameStopN=0
INFO 2026-07-27 15:26:35.734 joltshadow - docs §66: tyre band (player) w=1 fnGround=0N fnTotal=0N pen=0.00000 penRaw=0.00000 tau=0.01000 pen/tau=0.00 | recs tyre=0 rim=0 survived=0 stale=0 distMax=0.00R
INFO 2026-07-27 15:26:35.734 joltshadow - docs §68: steer (player) w=1 steerable=1 commanded=0.000 rad measured=-0.000 rad err=-0.00 deg steerSign=-1 steerTq=0Nm cap=815Nm sat=0.00
INFO 2026-07-27 15:26:35.734 joltshadow - docs §70: slip (player) w=1 grounded=0 kappa=0.000 fnGround=0N omega=0.04
INFO 2026-07-27 15:26:35.734 joltshadow - docs §67: spin (player) w=1 driven=1 omega=0.04 rad/s surfaceSpeed=0.03 m/s spinSign=+1 motorTq=-0Nm cmdTq=815Nm
INFO 2026-07-27 15:26:35.734 joltshadow - docs §58: wheel body (player) w=2 springF=-251N stopF=0N travel=-0.0158 (limits -0.5000..0.5000 rel spawn) kSusp=6000 sagPredicted=-0.0418 | frameTrav=-0.0230..-0.0158 frameStopN=0
INFO 2026-07-27 15:26:35.734 joltshadow - docs §66: tyre band (player) w=2 fnGround=0N fnTotal=0N pen=0.00000 penRaw=0.00000 tau=0.01000 pen/tau=0.00 | recs tyre=0 rim=0 survived=0 stale=0 distMax=0.00R
INFO 2026-07-27 15:26:35.734 joltshadow - docs §68: steer (player) w=2 steerable=0 commanded=0.000 rad measured=-0.000 rad err=-0.00 deg steerSign=-1 steerTq=0Nm cap=340282346638528859811704183484516925440Nm sat=0.00
INFO 2026-07-27 15:26:35.734 joltshadow - docs §70: slip (player) w=2 grounded=0 kappa=0.000 fnGround=0N omega=0.04
INFO 2026-07-27 15:26:35.734 joltshadow - docs §67: spin (player) w=2 driven=1 omega=0.04 rad/s surfaceSpeed=0.03 m/s spinSign=+1 motorTq=-0Nm cmdTq=823Nm
INFO 2026-07-27 15:26:35.734 joltshadow - docs §58: wheel body (player) w=3 springF=-254N stopF=0N travel=-0.0192 (limits -0.5000..0.5000 rel spawn) kSusp=6000 sagPredicted=-0.0424 | frameTrav=-0.0268..-0.0192 frameStopN=0
INFO 2026-07-27 15:26:35.734 joltshadow - docs §66: tyre band (player) w=3 fnGround=0N fnTotal=0N pen=0.00000 penRaw=0.00000 tau=0.01000 pen/tau=0.00 | recs tyre=0 rim=0 survived=0 stale=0 distMax=0.00R
INFO 2026-07-27 15:26:35.734 joltshadow - docs §68: steer (player) w=3 steerable=0 commanded=0.000 rad measured=-0.000 rad err=-0.00 deg steerSign=-1 steerTq=0Nm cap=340282346638528859811704183484516925440Nm sat=0.00
INFO 2026-07-27 15:26:35.734 joltshadow - docs §70: slip (player) w=3 grounded=0 kappa=0.000 fnGround=0N omega=0.04
INFO 2026-07-27 15:26:35.734 joltshadow - docs §67: spin (player) w=3 driven=1 omega=0.04 rad/s surfaceSpeed=0.03 m/s spinSign=+1 motorTq=-0Nm cmdTq=823Nm
INFO 2026-07-27 15:26:35.734 joltshadow - docs §67: drivetrain (player) gear=0 rpm=10 driveTorque=600Nm perWheel=150Nm driven=4 throttle=1.00 spin=1 | PRE-STEP brake=0.01 handBrake=1
INFO 2026-07-27 15:26:35.734 joltshadow - docs §66: tyre band SUM (player) fnGroundSum=0N fnTotalSum=0N weight=1295N carried=0.00 | penSum=0.00000 recs tyre=0 rim=0 stale=0
INFO 2026-07-27 15:26:35.734 joltshadow - docs §30: REAL ODE chassis COM (player) body=54AA14C8 = (4668.453, 257.991, 1251.494) forward=(-0.222, 0.019, -0.975)
INFO 2026-07-27 15:26:35.734 joltshadow - docs §33: real ODE chassis geom (player) #1 = class 0 (not a transform) pos=(4668.453,257.991,1251.494) radius=4.500
INFO 2026-07-27 15:26:35.734 joltshadow - docs §33: real ODE chassis geom (player) #2 = transform, inner class=1 pos=(0.000,1.095,-0.495)
INFO 2026-07-27 15:26:35.734 joltshadow - docs §33: real ODE chassis geom (player) #3 = transform, inner class=1 pos=(0.353,3.466,0.718)
INFO 2026-07-27 15:26:35.734 joltshadow - docs §33: real ODE chassis geom (player) #4 = transform, inner class=1 pos=(0.000,1.818,1.842)
INFO 2026-07-27 15:26:35.734 joltshadow - docs §33: real ODE chassis geom (player) #5 = transform, inner class=1 pos=(0.006,1.981,-2.113)
INFO 2026-07-27 15:26:35.734 joltshadow - docs §33: real ODE chassis geom (player) #6 = class 0 (not a transform) pos=(4668.453,257.991,1251.494) radius=30.000
INFO 2026-07-27 15:26:35.734 joltshadow - docs §33: real ODE chassis geom (player) #7 = class 0 (not a transform) pos=(4668.453,257.991,1251.494) radius=6.436
INFO 2026-07-27 15:26:35.734 joltshadow - docs §33: real ODE chassis geom (player) #8 = class 0 (not a transform) pos=(4668.453,257.991,1251.494) radius=200.000
INFO 2026-07-27 15:26:35.735 joltshadow - docs §33: real ODE chassis (player) has 8 total geom(s) directly attached (4 transform(s)) - compare against BuildChassisCompoundShape's own part/geom count in the build log
INFO 2026-07-27 15:26:35.735 joltshadow - docs §28: REAL ODE wheel state (player) wheel=0 displacement=0.0252 range=1.000 (3% compressed, signed) foreAft=2.270 localZ=2.270 cfm=0.002500 erp=0.2500
INFO 2026-07-27 15:26:35.735 joltshadow - docs §28: REAL ODE wheel state (player) wheel=1 displacement=0.0257 range=1.000 (3% compressed, signed) foreAft=2.270 localZ=2.270 cfm=0.002500 erp=0.2500
INFO 2026-07-27 15:26:35.735 joltshadow - docs §28: REAL ODE wheel state (player) wheel=2 displacement=0.0281 range=1.000 (3% compressed, signed) foreAft=-2.062 localZ=-2.062 cfm=0.002500 erp=0.2500
INFO 2026-07-27 15:26:35.735 joltshadow - docs §28: REAL ODE wheel state (player) wheel=3 displacement=0.0278 range=1.000 (3% compressed, signed) foreAft=-2.062 localZ=-2.062 cfm=0.002500 erp=0.2500
INFO 2026-07-27 15:26:35.776 joltshadow - docs §70.1: slipdense (player) f=124 w=0 grounded=0 kappa=0.000 fnGround=0 omega=0.03 | ftGround=0N target=0.0 limit=815Nm motorNm=-1 tyreNm=0 inertia=1.78 limRot=0/-0/0 omegaPre=0.04 posN=-1/3/0 susp=0.0067 springN=-22
INFO 2026-07-27 15:26:35.776 joltshadow - docs §70.1: slipdense (player) f=124 w=1 grounded=0 kappa=0.000 fnGround=0 omega=0.03 | ftGround=0N target=0.0 limit=815Nm motorNm=-1 tyreNm=0 inertia=1.78 limRot=0/-0/0 omegaPre=0.04 posN=-1/3/0 susp=0.0063 springN=-27
INFO 2026-07-27 15:26:35.776 joltshadow - docs §70.1: slipdense (player) f=124 w=2 grounded=0 kappa=0.000 fnGround=0 omega=0.03 | ftGround=0N target=0.0 limit=823Nm motorNm=-1 tyreNm=0 inertia=1.82 limRot=0/-0/-0 omegaPre=0.04 posN=-1/3/0 susp=0.0081 springN=-96
INFO 2026-07-27 15:26:35.776 joltshadow - docs §70.1: slipdense (player) f=124 w=3 grounded=0 kappa=0.000 fnGround=0 omega=0.03 | ftGround=0N target=0.0 limit=823Nm motorNm=-1 tyreNm=0 inertia=1.82 limRot=0/-0/-0 omegaPre=0.04 posN=-1/2/0 susp=0.0072 springN=-103
INFO 2026-07-27 15:26:35.777 joltshadow - docs §78: attdense (player) f=124 joltTilt=1.25 odeTilt=1.09 upDelta=0.21 wBody=(0.03,0.00,0.01) |w|=0.03 grounded=0
INFO 2026-07-27 15:26:35.815 joltshadow - docs §70.1: slipdense (player) f=128 w=0 grounded=0 kappa=0.000 fnGround=0 omega=0.02 | ftGround=0N target=0.0 limit=815Nm motorNm=-0 tyreNm=0 inertia=1.78 limRot=0/-0/0 omegaPre=0.03 posN=-0/1/0 susp=0.0032 springN=7
INFO 2026-07-27 15:26:35.815 joltshadow - docs §70.1: slipdense (player) f=128 w=1 grounded=0 kappa=0.000 fnGround=0 omega=0.02 | ftGround=0N target=0.0 limit=815Nm motorNm=-0 tyreNm=0 inertia=1.78 limRot=0/-0/0 omegaPre=0.03 posN=-0/1/0 susp=0.0033 springN=5
INFO 2026-07-27 15:26:35.815 joltshadow - docs §70.1: slipdense (player) f=128 w=2 grounded=0 kappa=0.000 fnGround=0 omega=0.02 | ftGround=0N target=0.0 limit=823Nm motorNm=-0 tyreNm=0 inertia=1.82 limRot=0/-0/-0 omegaPre=0.03 posN=-0/1/0 susp=0.0077 springN=-17
INFO 2026-07-27 15:26:35.815 joltshadow - docs §70.1: slipdense (player) f=128 w=3 grounded=0 kappa=0.000 fnGround=0 omega=0.02 | ftGround=0N target=0.0 limit=823Nm motorNm=-0 tyreNm=0 inertia=1.82 limRot=0/-0/-0 omegaPre=0.03 posN=-0/1/0 susp=0.0077 springN=-21
INFO 2026-07-27 15:26:35.816 joltshadow - docs §78: attdense (player) f=128 joltTilt=1.19 odeTilt=1.09 upDelta=0.16 wBody=(0.02,0.00,0.00) |w|=0.02 grounded=0
INFO 2026-07-27 15:26:35.856 joltshadow - docs §70.1: slipdense (player) f=132 w=0 grounded=0 kappa=0.000 fnGround=0 omega=0.02 | ftGround=0N target=0.0 limit=815Nm motorNm=-0 tyreNm=0 inertia=1.78 limRot=0/-0/0 omegaPre=0.02 posN=-0/0/0 susp=0.0007 springN=8
INFO 2026-07-27 15:26:35.856 joltshadow - docs §70.1: slipdense (player) f=132 w=1 grounded=0 kappa=0.000 fnGround=0 omega=0.02 | ftGround=0N target=0.0 limit=815Nm motorNm=-0 tyreNm=0 inertia=1.78 limRot=0/-0/0 omegaPre=0.02 posN=-0/0/0 susp=0.0009 springN=7
INFO 2026-07-27 15:26:35.856 joltshadow - docs §70.1: slipdense (player) f=132 w=2 grounded=0 kappa=0.000 fnGround=0 omega=0.02 | ftGround=0N target=0.0 limit=823Nm motorNm=-0 tyreNm=0 inertia=1.82 limRot=0/-0/-0 omegaPre=0.02 posN=-0/0/0 susp=0.0032 springN=9
INFO 2026-07-27 15:26:35.856 joltshadow - docs §70.1: slipdense (player) f=132 w=3 grounded=0 kappa=0.000 fnGround=0 omega=0.02 | ftGround=0N target=0.0 limit=823Nm motorNm=-0 tyreNm=0 inertia=1.82 limRot=0/-0/-0 omegaPre=0.02 posN=-0/0/0 susp=0.0034 springN=8
INFO 2026-07-27 15:26:35.856 joltshadow - docs §78: attdense (player) f=132 joltTilt=1.14 odeTilt=1.09 upDelta=0.13 wBody=(0.02,0.00,0.00) |w|=0.02 grounded=0
INFO 2026-07-27 15:26:35.897 joltshadow - docs §70.1: slipdense (player) f=136 w=0 grounded=0 kappa=0.000 fnGround=0 omega=0.02 | ftGround=0N target=0.0 limit=815Nm motorNm=0 tyreNm=0 inertia=1.78 limRot=0/0/0 omegaPre=0.02 posN=0/-0/0 susp=0.0001 springN=3
INFO 2026-07-27 15:26:35.898 joltshadow - docs §70.1: slipdense (player) f=136 w=1 grounded=0 kappa=0.000 fnGround=0 omega=0.02 | ftGround=0N target=0.0 limit=815Nm motorNm=0 tyreNm=0 inertia=1.78 limRot=0/0/0 omegaPre=0.02 posN=0/-0/0 susp=0.0000 springN=4
INFO 2026-07-27 15:26:35.898 joltshadow - docs §70.1: slipdense (player) f=136 w=2 grounded=0 kappa=0.000 fnGround=0 omega=0.02 | ftGround=0N target=0.0 limit=823Nm motorNm=0 tyreNm=0 inertia=1.82 limRot=0/0/0 omegaPre=0.02 posN=0/-0/0 susp=0.0006 springN=9
INFO 2026-07-27 15:26:35.898 joltshadow - docs §70.1: slipdense (player) f=136 w=3 grounded=0 kappa=0.000 fnGround=0 omega=0.02 | ftGround=0N target=0.0 limit=823Nm motorNm=0 tyreNm=0 inertia=1.82 limRot=0/0/0 omegaPre=0.02 posN=0/-0/0 susp=0.0006 springN=9
INFO 2026-07-27 15:26:35.898 joltshadow - docs §78: attdense (player) f=136 joltTilt=1.09 odeTilt=1.08 upDelta=0.12 wBody=(0.02,0.00,0.00) |w|=0.02 grounded=0
INFO 2026-07-27 15:26:35.940 joltshadow - docs §70.1: slipdense (player) f=140 w=0 grounded=0 kappa=0.000 fnGround=0 omega=0.02 | ftGround=0N target=0.0 limit=815Nm motorNm=0 tyreNm=0 inertia=1.78 limRot=0/-0/0 omegaPre=0.02 posN=-0/-0/0 susp=-0.0001 springN=1
INFO 2026-07-27 15:26:35.940 joltshadow - docs §70.1: slipdense (player) f=140 w=1 grounded=0 kappa=0.000 fnGround=0 omega=0.02 | ftGround=0N target=0.0 limit=815Nm motorNm=0 tyreNm=0 inertia=1.78 limRot=0/-0/0 omegaPre=0.02 posN=-0/-0/0 susp=-0.0001 springN=1
INFO 2026-07-27 15:26:35.940 joltshadow - docs §70.1: slipdense (player) f=140 w=2 grounded=0 kappa=0.000 fnGround=0 omega=0.02 | ftGround=0N target=0.0 limit=823Nm motorNm=0 tyreNm=0 inertia=1.82 limRot=0/-0/-0 omegaPre=0.02 posN=-0/-0/0 susp=-0.0004 springN=4
INFO 2026-07-27 15:26:35.940 joltshadow - docs §70.1: slipdense (player) f=140 w=3 grounded=0 kappa=0.000 fnGround=0 omega=0.02 | ftGround=0N target=0.0 limit=823Nm motorNm=0 tyreNm=0 inertia=1.82 limRot=0/-0/-0 omegaPre=0.02 posN=-0/-0/0 susp=-0.0003 springN=4
INFO 2026-07-27 15:26:35.940 joltshadow - docs §78: attdense (player) f=140 joltTilt=1.03 odeTilt=1.08 upDelta=0.12 wBody=(0.02,0.00,0.00) |w|=0.02 grounded=0
INFO 2026-07-27 15:26:35.982 joltshadow - docs §70.1: slipdense (player) f=144 w=0 grounded=0 kappa=0.000 fnGround=0 omega=0.02 | ftGround=0N target=0.0 limit=815Nm motorNm=0 tyreNm=0 inertia=1.78 limRot=0/-0/0 omegaPre=0.02 posN=-0/0/0 susp=-0.0001 springN=0
INFO 2026-07-27 15:26:35.982 joltshadow - docs §70.1: slipdense (player) f=144 w=1 grounded=0 kappa=0.000 fnGround=0 omega=0.02 | ftGround=0N target=0.0 limit=815Nm motorNm=0 tyreNm=0 inertia=1.78 limRot=0/-0/0 omegaPre=0.02 posN=-0/0/0 susp=0.0000 springN=-0
INFO 2026-07-27 15:26:35.982 joltshadow - docs §70.1: slipdense (player) f=144 w=2 grounded=0 kappa=0.000 fnGround=0 omega=0.02 | ftGround=0N target=0.0 limit=823Nm motorNm=0 tyreNm=0 inertia=1.82 limRot=0/-0/-0 omegaPre=0.02 posN=-0/0/0 susp=-0.0003 springN=1
INFO 2026-07-27 15:26:35.982 joltshadow - docs §70.1: slipdense (player) f=144 w=3 grounded=0 kappa=0.000 fnGround=0 omega=0.02 | ftGround=0N target=0.0 limit=823Nm motorNm=0 tyreNm=0 inertia=1.82 limRot=0/-0/-0 omegaPre=0.02 posN=-0/0/0 susp=-0.0002 springN=0
INFO 2026-07-27 15:26:35.982 joltshadow - docs §78: attdense (player) f=144 joltTilt=0.98 odeTilt=1.08 upDelta=0.15 wBody=(0.02,0.00,0.00) |w|=0.02 grounded=0
INFO 2026-07-27 15:26:36.023 joltshadow - docs §70.1: slipdense (player) f=148 w=0 grounded=0 kappa=0.000 fnGround=0 omega=0.02 | ftGround=0N target=0.0 limit=815Nm motorNm=-0 tyreNm=0 inertia=1.78 limRot=0/-0/0 omegaPre=0.02 posN=-0/0/0 susp=-0.0000 springN=-0
INFO 2026-07-27 15:26:36.023 joltshadow - docs §70.1: slipdense (player) f=148 w=1 grounded=0 kappa=0.000 fnGround=0 omega=0.02 | ftGround=0N target=0.0 limit=815Nm motorNm=-0 tyreNm=0 inertia=1.78 limRot=0/-0/0 omegaPre=0.02 posN=-0/0/0 susp=0.0001 springN=-0
INFO 2026-07-27 15:26:36.024 joltshadow - docs §70.1: slipdense (player) f=148 w=2 grounded=0 kappa=0.000 fnGround=0 omega=0.02 | ftGround=0N target=0.0 limit=823Nm motorNm=-0 tyreNm=0 inertia=1.82 limRot=0/-0/-0 omegaPre=0.02 posN=-0/0/0 susp=-0.0002 springN=-0
INFO 2026-07-27 15:26:36.024 joltshadow - docs §70.1: slipdense (player) f=148 w=3 grounded=0 kappa=0.000 fnGround=0 omega=0.02 | ftGround=0N target=0.0 limit=823Nm motorNm=-0 tyreNm=0 inertia=1.82 limRot=0/-0/-0 omegaPre=0.02 posN=-0/0/0 susp=-0.0000 springN=-0
INFO 2026-07-27 15:26:36.024 joltshadow - docs §78: attdense (player) f=148 joltTilt=0.92 odeTilt=1.08 upDelta=0.18 wBody=(0.02,0.00,0.00) |w|=0.02 grounded=0
INFO 2026-07-27 15:26:36.034 joltshadow - docs §82: resync (player) #6 dt=0.51s upMax=0.427 deg posMax=1.125 m odeTiltPath=0.046 deg gain=-1.0000
INFO 2026-07-27 15:26:36.034 joltshadow - docs §87: resync landing (player) w=0 pre=0.5183 post=-0.0095 m R=0.629 dY=-1.1194 dRotDeg=0.19 |corr|=1.1227 m
INFO 2026-07-27 15:26:36.034 joltshadow - docs §87: resync landing (player) w=1 pre=0.5149 post=-0.0091 m R=0.629 dY=-1.1194 dRotDeg=0.19 |corr|=1.1227 m
INFO 2026-07-27 15:26:36.034 joltshadow - docs §87: resync landing (player) w=2 pre=0.4516 post=-0.0096 m R=0.635 dY=-1.1194 dRotDeg=0.19 |corr|=1.1227 m
INFO 2026-07-27 15:26:36.034 joltshadow - docs §87: resync landing (player) w=3 pre=0.4480 post=-0.0092 m R=0.635 dY=-1.1194 dRotDeg=0.19 |corr|=1.1227 m
INFO 2026-07-27 15:26:36.034 joltshadow - docs §82: resync RESIDUAL (player) #6 pos=0.0000 m up=0.0000 deg
INFO 2026-07-27 15:26:36.067 joltshadow - docs §70.1: slipdense (player) f=152 w=0 grounded=1 kappa=-0.227 fnGround=1200 omega=-0.14 | ftGround=-186N target=0.0 limit=3020Nm motorNm=-115 tyreNm=111 inertia=1.78 limRot=0/-2/0 omegaPre=-0.11 posN=-3/136/0 susp=-0.4821 springN=2032
INFO 2026-07-27 15:26:36.067 joltshadow - docs §70.1: slipdense (player) f=152 w=1 grounded=1 kappa=-0.227 fnGround=1200 omega=-0.14 | ftGround=-186N target=0.0 limit=3020Nm motorNm=-114 tyreNm=111 inertia=1.78 limRot=0/-2/0 omegaPre=-0.11 posN=-3/135/0 susp=-0.4827 springN=2039
INFO 2026-07-27 15:26:36.067 joltshadow - docs §70.1: slipdense (player) f=152 w=2 grounded=1 kappa=-0.209 fnGround=1200 omega=-0.14 | ftGround=-171N target=0.0 limit=3049Nm motorNm=-102 tyreNm=98 inertia=1.82 limRot=0/-2/-0 omegaPre=-0.11 posN=-3/111/0 susp=-0.5281 springN=2488
INFO 2026-07-27 15:26:36.067 joltshadow - docs §70.1: slipdense (player) f=152 w=3 grounded=1 kappa=-0.208 fnGround=1199 omega=-0.14 | ftGround=-170N target=0.0 limit=3047Nm motorNm=-102 tyreNm=98 inertia=1.82 limRot=0/-2/0 omegaPre=-0.11 posN=-3/110/0 susp=-0.5285 springN=2494
INFO 2026-07-27 15:26:36.067 joltshadow - docs §78: attdense (player) f=152 joltTilt=0.93 odeTilt=1.09 upDelta=0.15 wBody=(-0.14,0.00,-0.00) |w|=0.14 grounded=4
INFO 2026-07-27 15:26:36.108 joltshadow - docs §70.1: slipdense (player) f=156 w=0 grounded=1 kappa=-0.082 fnGround=996 omega=-0.13 | ftGround=-61N target=0.0 limit=2946Nm motorNm=-34 tyreNm=37 inertia=1.78 limRot=0/-0/0 omegaPre=-0.15 posN=-0/32/0 susp=-0.3266 springN=718
INFO 2026-07-27 15:26:36.108 joltshadow - docs §70.1: slipdense (player) f=156 w=1 grounded=1 kappa=-0.081 fnGround=1004 omega=-0.13 | ftGround=-61N target=0.0 limit=2955Nm motorNm=-34 tyreNm=36 inertia=1.78 limRot=0/-0/0 omegaPre=-0.15 posN=-0/32/0 susp=-0.3287 springN=729
INFO 2026-07-27 15:26:36.108 joltshadow - docs §70.1: slipdense (player) f=156 w=2 grounded=1 kappa=-0.065 fnGround=1199 omega=-0.13 | ftGround=-49N target=0.0 limit=3048Nm motorNm=-27 tyreNm=29 inertia=1.82 limRot=0/-0/0 omegaPre=-0.15 posN=-0/11/0 susp=-0.4162 springN=1350
INFO 2026-07-27 15:26:36.108 joltshadow - docs §70.1: slipdense (player) f=156 w=3 grounded=1 kappa=-0.064 fnGround=1199 omega=-0.13 | ftGround=-48N target=0.0 limit=3048Nm motorNm=-26 tyreNm=29 inertia=1.82 limRot=0/-0/0 omegaPre=-0.15 posN=-0/11/0 susp=-0.4185 springN=1365
INFO 2026-07-27 15:26:36.108 joltshadow - docs §78: attdense (player) f=156 joltTilt=1.24 odeTilt=1.09 upDelta=0.16 wBody=(-0.13,0.00,-0.00) |w|=0.13 grounded=4
INFO 2026-07-27 15:26:36.145 joltshadow - docs §70.1: slipdense (player) f=160 w=0 grounded=1 kappa=0.057 fnGround=0 omega=-0.07 | ftGround=0N target=0.0 limit=1024Nm motorNm=4 tyreNm=0 inertia=1.78 limRot=0/0/0 omegaPre=-0.09 posN=1/-7/0 susp=-0.1815 springN=-11
INFO 2026-07-27 15:26:36.145 joltshadow - docs §70.1: slipdense (player) f=160 w=1 grounded=1 kappa=0.057 fnGround=0 omega=-0.07 | ftGround=0N target=0.0 limit=1059Nm motorNm=4 tyreNm=0 inertia=1.78 limRot=0/0/0 omegaPre=-0.09 posN=1/-7/0 susp=-0.1856 springN=10
INFO 2026-07-27 15:26:36.145 joltshadow - docs §70.1: slipdense (player) f=160 w=2 grounded=1 kappa=0.052 fnGround=752 omega=-0.07 | ftGround=39N target=0.0 limit=2350Nm motorNm=28 tyreNm=-24 inertia=1.82 limRot=0/2/-0 omegaPre=-0.09 posN=4/-62/0 susp=-0.2703 springN=504
INFO 2026-07-27 15:26:36.145 joltshadow - docs §70.1: slipdense (player) f=160 w=3 grounded=1 kappa=0.051 fnGround=770 omega=-0.07 | ftGround=38N target=0.0 limit=2390Nm motorNm=28 tyreNm=-24 inertia=1.82 limRot=0/2/-0 omegaPre=-0.09 posN=4/-62/0 susp=-0.2749 springN=523
INFO 2026-07-27 15:26:36.145 joltshadow - docs §78: attdense (player) f=160 joltTilt=1.46 odeTilt=1.09 upDelta=0.38 wBody=(-0.07,-0.00,0.00) |w|=0.07 grounded=4
INFO 2026-07-27 15:26:36.187 joltshadow - docs §70.1: slipdense (player) f=164 w=0 grounded=0 kappa=0.000 fnGround=0 omega=0.02 | ftGround=0N target=0.0 limit=815Nm motorNm=3 tyreNm=0 inertia=1.78 limRot=0/0/0 omegaPre=0.01 posN=1/-14/0 susp=-0.0544 springN=-319
INFO 2026-07-27 15:26:36.187 joltshadow - docs §70.1: slipdense (player) f=164 w=1 grounded=0 kappa=0.000 fnGround=0 omega=0.02 | ftGround=0N target=0.0 limit=815Nm motorNm=3 tyreNm=0 inertia=1.78 limRot=0/0/0 omegaPre=0.01 posN=1/-13/0 susp=-0.0588 springN=-317
INFO 2026-07-27 15:26:36.187 joltshadow - docs §70.1: slipdense (player) f=164 w=2 grounded=0 kappa=0.000 fnGround=0 omega=0.02 | ftGround=0N target=0.0 limit=823Nm motorNm=3 tyreNm=0 inertia=1.82 limRot=0/0/0 omegaPre=0.01 posN=1/-13/0 susp=-0.1268 springN=-174
INFO 2026-07-27 15:26:36.187 joltshadow - docs §70.1: slipdense (player) f=164 w=3 grounded=0 kappa=0.000 fnGround=0 omega=0.02 | ftGround=0N target=0.0 limit=823Nm motorNm=3 tyreNm=0 inertia=1.82 limRot=0/0/0 omegaPre=0.01 posN=1/-13/0 susp=-0.1328 springN=-157
INFO 2026-07-27 15:26:36.187 joltshadow - docs §78: attdense (player) f=164 joltTilt=1.50 odeTilt=1.08 upDelta=0.44 wBody=(0.02,0.00,0.01) |w|=0.03 grounded=0
INFO 2026-07-27 15:26:36.226 joltshadow - docs §70.1: slipdense (player) f=168 w=0 grounded=0 kappa=0.000 fnGround=0 omega=0.05 | ftGround=0N target=0.0 limit=815Nm motorNm=-0 tyreNm=0 inertia=1.78 limRot=0/-0/0 omegaPre=0.04 posN=-0/-0/0 susp=-0.0036 springN=-182
INFO 2026-07-27 15:26:36.226 joltshadow - docs §70.1: slipdense (player) f=168 w=1 grounded=0 kappa=0.000 fnGround=0 omega=0.05 | ftGround=0N target=0.0 limit=815Nm motorNm=-0 tyreNm=0 inertia=1.78 limRot=0/-0/0 omegaPre=0.04 posN=-0/-0/0 susp=-0.0062 springN=-187
INFO 2026-07-27 15:26:36.226 joltshadow - docs §70.1: slipdense (player) f=168 w=2 grounded=0 kappa=0.000 fnGround=0 omega=0.05 | ftGround=0N target=0.0 limit=823Nm motorNm=-0 tyreNm=0 inertia=1.82 limRot=0/-0/-0 omegaPre=0.04 posN=-0/-1/0 susp=-0.0341 springN=-287
INFO 2026-07-27 15:26:36.226 joltshadow - docs §70.1: slipdense (player) f=168 w=3 grounded=0 kappa=0.000 fnGround=0 omega=0.05 | ftGround=0N target=0.0 limit=823Nm motorNm=-0 tyreNm=0 inertia=1.82 limRot=0/-0/-0 omegaPre=0.04 posN=-0/-1/0 susp=-0.0383 springN=-289
INFO 2026-07-27 15:26:36.226 joltshadow - docs §78: attdense (player) f=168 joltTilt=1.41 odeTilt=1.08 upDelta=0.36 wBody=(0.05,0.00,0.01) |w|=0.05 grounded=0
INFO 2026-07-27 15:26:36.267 joltshadow - docs §70.1: slipdense (player) f=172 w=0 grounded=0 kappa=0.000 fnGround=0 omega=0.03 | ftGround=0N target=0.0 limit=815Nm motorNm=-1 tyreNm=0 inertia=1.78 limRot=0/-0/0 omegaPre=0.04 posN=-1/3/0 susp=0.0073 springN=-48
INFO 2026-07-27 15:26:36.268 joltshadow - docs §70.1: slipdense (player) f=172 w=1 grounded=0 kappa=0.000 fnGround=0 omega=0.03 | ftGround=0N target=0.0 limit=815Nm motorNm=-1 tyreNm=0 inertia=1.78 limRot=0/-0/0 omegaPre=0.04 posN=-1/3/0 susp=0.0064 springN=-54
INFO 2026-07-27 15:26:36.268 joltshadow - docs §70.1: slipdense (player) f=172 w=2 grounded=0 kappa=0.000 fnGround=0 omega=0.03 | ftGround=0N target=0.0 limit=823Nm motorNm=-1 tyreNm=0 inertia=1.82 limRot=0/-0/-0 omegaPre=0.04 posN=-1/3/0 susp=0.0043 springN=-147
INFO 2026-07-27 15:26:36.268 joltshadow - docs §70.1: slipdense (player) f=172 w=3 grounded=0 kappa=0.000 fnGround=0 omega=0.03 | ftGround=0N target=0.0 limit=823Nm motorNm=-1 tyreNm=0 inertia=1.82 limRot=0/-0/-0 omegaPre=0.04 posN=-1/3/0 susp=0.0027 springN=-154
INFO 2026-07-27 15:26:36.268 joltshadow - docs §78: attdense (player) f=172 joltTilt=1.31 odeTilt=1.08 upDelta=0.27 wBody=(0.03,0.00,0.01) |w|=0.04 grounded=0
INFO 2026-07-27 15:26:36.306 joltshadow - docs §70.1: slipdense (player) f=176 w=0 grounded=0 kappa=0.000 fnGround=0 omega=0.02 | ftGround=0N target=0.0 limit=815Nm motorNm=-0 tyreNm=0 inertia=1.78 limRot=0/-0/0 omegaPre=0.03 posN=-0/2/0 susp=0.0048 springN=0
INFO 2026-07-27 15:26:36.306 joltshadow - docs §70.1: slipdense (player) f=176 w=1 grounded=0 kappa=0.000 fnGround=0 omega=0.02 | ftGround=0N target=0.0 limit=815Nm motorNm=-0 tyreNm=0 inertia=1.78 limRot=0/-0/0 omegaPre=0.03 posN=-0/2/0 susp=0.0047 springN=-3
INFO 2026-07-27 15:26:36.306 joltshadow - docs §70.1: slipdense (player) f=176 w=2 grounded=0 kappa=0.000 fnGround=0 omega=0.02 | ftGround=0N target=0.0 limit=823Nm motorNm=-0 tyreNm=0 inertia=1.82 limRot=0/-0/-0 omegaPre=0.03 posN=-0/2/0 susp=0.0089 springN=-42
INFO 2026-07-27 15:26:36.306 joltshadow - docs §70.1: slipdense (player) f=176 w=3 grounded=0 kappa=0.000 fnGround=0 omega=0.02 | ftGround=0N target=0.0 limit=823Nm motorNm=-0 tyreNm=0 inertia=1.82 limRot=0/-0/-0 omegaPre=0.03 posN=-0/2/0 susp=0.0087 springN=-48
INFO 2026-07-27 15:26:36.306 joltshadow - docs §78: attdense (player) f=176 joltTilt=1.24 odeTilt=1.08 upDelta=0.21 wBody=(0.02,0.00,0.01) |w|=0.03 grounded=0
INFO 2026-07-27 15:26:36.345 joltshadow - docs §70.1: slipdense (player) f=180 w=0 grounded=0 kappa=0.000 fnGround=0 omega=0.02 | ftGround=0N target=0.0 limit=815Nm motorNm=-0 tyreNm=0 inertia=1.78 limRot=0/-0/0 omegaPre=0.02 posN=-0/1/0 susp=0.0015 springN=9
INFO 2026-07-27 15:26:36.346 joltshadow - docs §70.1: slipdense (player) f=180 w=1 grounded=0 kappa=0.000 fnGround=0 omega=0.02 | ftGround=0N target=0.0 limit=815Nm motorNm=-0 tyreNm=0 inertia=1.78 limRot=0/-0/0 omegaPre=0.02 posN=-0/1/0 susp=0.0016 springN=8
INFO 2026-07-27 15:26:36.346 joltshadow - docs §70.1: slipdense (player) f=180 w=2 grounded=0 kappa=0.000 fnGround=0 omega=0.02 | ftGround=0N target=0.0 limit=823Nm motorNm=-0 tyreNm=0 inertia=1.82 limRot=0/-0/-0 omegaPre=0.02 posN=-0/1/0 susp=0.0051 springN=3
INFO 2026-07-27 15:26:36.346 joltshadow - docs §70.1: slipdense (player) f=180 w=3 grounded=0 kappa=0.000 fnGround=0 omega=0.02 | ftGround=0N target=0.0 limit=823Nm motorNm=-0 tyreNm=0 inertia=1.82 limRot=0/-0/-0 omegaPre=0.02 posN=-0/1/0 susp=0.0052 springN=1
INFO 2026-07-27 15:26:36.346 joltshadow - docs §78: attdense (player) f=180 joltTilt=1.19 odeTilt=1.08 upDelta=0.17 wBody=(0.02,0.00,0.00) |w|=0.02 grounded=0
INFO 2026-07-27 15:26:36.346 joltshadow - Shadow divergence (player): pos=2.268m vel=1.682m/s angle=0.2deg (jolt com=[4668.5 260.2 1251.9] ode com=[4668.5 258.0 1251.5])
INFO 2026-07-27 15:26:36.346 joltshadow - docs §23.6: driver input (player) realThrottle=10.00 brake=0.01 handBrake=1 steerRad=0.000
INFO 2026-07-27 15:26:36.346 joltshadow - docs §32: Jolt SHADOW chassis pitch (player) forward=(-0.222, 0.021, -0.975)
INFO 2026-07-27 15:26:36.346 joltshadow - docs §69: tilt (player) jolt=1.2 deg ode=1.1 deg delta=+0.1 deg upDelta=0.17 deg
INFO 2026-07-27 15:26:36.346 joltshadow - docs §32.4: Jolt SHADOW chassis lowest corner (player) = (4667.79,258.81,1255.36) clearanceToGround=0.814
INFO 2026-07-27 15:26:36.346 joltshadow - docs §23.5: wheel state (player) wheel=0 contact=0 suspLen=1.050 (range 0.050-1.050, 0% compressed) angVel=0.00
INFO 2026-07-27 15:26:36.346 joltshadow - docs §38.11: wheel=0 NO contact, worldAxle=(0.975,0.002,-0.222)
INFO 2026-07-27 15:26:36.346 joltshadow - docs §32: no-contact raycast (player) wheel=0 bodyPos=(4668.46,259.47,1251.56) localMPos=(-1.155,0.060,2.270) origin=(4669.08,259.58,1249.09) dir=(-0.002,-1.000,-0.021) normalRayLen=1.679 groundFoundAt=0.000 shortfallBeyondTravel=-1.679 hitBody=8391035 hitLayer=1 hitMotion=2 hitIsSelfChassis=0
INFO 2026-07-27 15:26:36.346 joltshadow - docs §23.5: wheel state (player) wheel=1 contact=0 suspLen=1.050 (range 0.050-1.050, 0% compressed) angVel=0.00
INFO 2026-07-27 15:26:36.346 joltshadow - docs §38.11: wheel=1 NO contact, worldAxle=(0.975,0.002,-0.222)
INFO 2026-07-27 15:26:36.346 joltshadow - docs §32: no-contact raycast (player) wheel=1 bodyPos=(4668.46,259.47,1251.56) localMPos=(1.155,0.059,2.270) origin=(4666.83,259.58,1249.60) dir=(-0.002,-1.000,-0.021) normalRayLen=1.679 groundFoundAt=0.000 shortfallBeyondTravel=-1.679 hitBody=8391035 hitLayer=1 hitMotion=2 hitIsSelfChassis=0
INFO 2026-07-27 15:26:36.346 joltshadow - docs §23.5: wheel state (player) wheel=2 contact=0 suspLen=1.050 (range 0.050-1.050, 0% compressed) angVel=0.00
INFO 2026-07-27 15:26:36.346 joltshadow - docs §38.11: wheel=2 NO contact, worldAxle=(0.975,0.002,-0.222)
INFO 2026-07-27 15:26:36.346 joltshadow - docs §32: no-contact raycast (player) wheel=2 bodyPos=(4668.46,259.47,1251.56) localMPos=(-1.253,0.145,-2.062) origin=(4670.14,259.58,1253.29) dir=(-0.002,-1.000,-0.021) normalRayLen=1.685 groundFoundAt=0.000 shortfallBeyondTravel=-1.685 hitBody=8391035 hitLayer=1 hitMotion=2 hitIsSelfChassis=0
INFO 2026-07-27 15:26:36.347 joltshadow - docs §23.5: wheel state (player) wheel=3 contact=0 suspLen=1.050 (range 0.050-1.050, 0% compressed) angVel=0.00
INFO 2026-07-27 15:26:36.347 joltshadow - docs §38.11: wheel=3 NO contact, worldAxle=(0.975,0.002,-0.222)
INFO 2026-07-27 15:26:36.347 joltshadow - docs §32: no-contact raycast (player) wheel=3 bodyPos=(4668.46,259.47,1251.56) localMPos=(1.253,0.146,-2.062) origin=(4667.69,259.57,1253.85) dir=(-0.002,-1.000,-0.021) normalRayLen=1.685 groundFoundAt=0.000 shortfallBeyondTravel=-1.685 hitBody=8391035 hitLayer=1 hitMotion=2 hitIsSelfChassis=0
INFO 2026-07-27 15:26:36.347 joltshadow - docs §59/63: harvest (player) wheelsWithContact=0 contactPoints=0 overflow=0 (of 4) | maxNormalF=0N bound(k_t*tau)=0N ratio=0.00
INFO 2026-07-27 15:26:36.347 joltshadow - docs §58: wheel body (player) w=0 springF=9N stopF=0N travel=0.0015 (limits -0.5000..0.5000 rel spawn) kSusp=6000 sagPredicted=0.0015 | frameTrav=0.0015..0.0019 frameStopN=0
INFO 2026-07-27 15:26:36.347 joltshadow - docs §66: tyre band (player) w=0 fnGround=0N fnTotal=0N pen=0.00000 penRaw=0.00000 tau=0.01000 pen/tau=0.00 | recs tyre=0 rim=0 survived=0 stale=0 distMax=0.00R
INFO 2026-07-27 15:26:36.347 joltshadow - docs §68: steer (player) w=0 steerable=1 commanded=0.000 rad measured=0.000 rad err=0.00 deg steerSign=-1 steerTq=-0Nm cap=815Nm sat=0.00
INFO 2026-07-27 15:26:36.347 joltshadow - docs §70: slip (player) w=0 grounded=0 kappa=0.000 fnGround=0N omega=0.02
INFO 2026-07-27 15:26:36.347 joltshadow - docs §67: spin (player) w=0 driven=1 omega=0.02 rad/s surfaceSpeed=0.01 m/s spinSign=+1 motorTq=-0Nm cmdTq=815Nm
INFO 2026-07-27 15:26:36.347 joltshadow - docs §58: wheel body (player) w=1 springF=8N stopF=0N travel=0.0016 (limits -0.5000..0.5000 rel spawn) kSusp=6000 sagPredicted=0.0014 | frameTrav=0.0016..0.0020 frameStopN=0
INFO 2026-07-27 15:26:36.347 joltshadow - docs §66: tyre band (player) w=1 fnGround=0N fnTotal=0N pen=0.00000 penRaw=0.00000 tau=0.01000 pen/tau=0.00 | recs tyre=0 rim=0 survived=0 stale=0 distMax=0.00R
INFO 2026-07-27 15:26:36.347 joltshadow - docs §68: steer (player) w=1 steerable=1 commanded=0.000 rad measured=0.000 rad err=0.00 deg steerSign=-1 steerTq=-0Nm cap=815Nm sat=0.00
INFO 2026-07-27 15:26:36.347 joltshadow - docs §70: slip (player) w=1 grounded=0 kappa=0.000 fnGround=0N omega=0.02
INFO 2026-07-27 15:26:36.347 joltshadow - docs §67: spin (player) w=1 driven=1 omega=0.02 rad/s surfaceSpeed=0.01 m/s spinSign=+1 motorTq=-0Nm cmdTq=815Nm
INFO 2026-07-27 15:26:36.347 joltshadow - docs §58: wheel body (player) w=2 springF=3N stopF=0N travel=0.0051 (limits -0.5000..0.5000 rel spawn) kSusp=6000 sagPredicted=0.0005 | frameTrav=0.0051..0.0057 frameStopN=0
INFO 2026-07-27 15:26:36.347 joltshadow - docs §66: tyre band (player) w=2 fnGround=0N fnTotal=0N pen=0.00000 penRaw=0.00000 tau=0.01000 pen/tau=0.00 | recs tyre=0 rim=0 survived=0 stale=0 distMax=0.00R
INFO 2026-07-27 15:26:36.347 joltshadow - docs §68: steer (player) w=2 steerable=0 commanded=0.000 rad measured=0.000 rad err=0.00 deg steerSign=-1 steerTq=0Nm cap=340282346638528859811704183484516925440Nm sat=0.00
INFO 2026-07-27 15:26:36.348 joltshadow - docs §70: slip (player) w=2 grounded=0 kappa=0.000 fnGround=0N omega=0.02
INFO 2026-07-27 15:26:36.348 joltshadow - docs §67: spin (player) w=2 driven=1 omega=0.02 rad/s surfaceSpeed=0.01 m/s spinSign=+1 motorTq=-0Nm cmdTq=823Nm
INFO 2026-07-27 15:26:36.348 joltshadow - docs §58: wheel body (player) w=3 springF=1N stopF=0N travel=0.0052 (limits -0.5000..0.5000 rel spawn) kSusp=6000 sagPredicted=0.0002 | frameTrav=0.0052..0.0059 frameStopN=0
INFO 2026-07-27 15:26:36.348 joltshadow - docs §66: tyre band (player) w=3 fnGround=0N fnTotal=0N pen=0.00000 penRaw=0.00000 tau=0.01000 pen/tau=0.00 | recs tyre=0 rim=0 survived=0 stale=0 distMax=0.00R
INFO 2026-07-27 15:26:36.348 joltshadow - docs §68: steer (player) w=3 steerable=0 commanded=0.000 rad measured=0.000 rad err=0.00 deg steerSign=-1 steerTq=0Nm cap=340282346638528859811704183484516925440Nm sat=0.00
INFO 2026-07-27 15:26:36.348 joltshadow - docs §70: slip (player) w=3 grounded=0 kappa=0.000 fnGround=0N omega=0.02
INFO 2026-07-27 15:26:36.348 joltshadow - docs §67: spin (player) w=3 driven=1 omega=0.02 rad/s surfaceSpeed=0.01 m/s spinSign=+1 motorTq=-0Nm cmdTq=823Nm
INFO 2026-07-27 15:26:36.348 joltshadow - docs §67: drivetrain (player) gear=0 rpm=4 driveTorque=600Nm perWheel=150Nm driven=4 throttle=1.00 spin=1 | PRE-STEP brake=0.01 handBrake=1
INFO 2026-07-27 15:26:36.348 joltshadow - docs §66: tyre band SUM (player) fnGroundSum=0N fnTotalSum=0N weight=1295N carried=0.00 | penSum=0.00000 recs tyre=0 rim=0 stale=0
INFO 2026-07-27 15:26:36.348 joltshadow - docs §30: REAL ODE chassis COM (player) body=54AA14C8 = (4668.453, 257.995, 1251.494) forward=(-0.222, 0.019, -0.975)
INFO 2026-07-27 15:26:36.348 joltshadow - docs §33: real ODE chassis geom (player) #1 = class 0 (not a transform) pos=(4668.453,257.995,1251.494) radius=4.500
INFO 2026-07-27 15:26:36.348 joltshadow - docs §33: real ODE chassis geom (player) #2 = transform, inner class=1 pos=(0.000,1.095,-0.495)
INFO 2026-07-27 15:26:36.348 joltshadow - docs §33: real ODE chassis geom (player) #3 = transform, inner class=1 pos=(0.353,3.466,0.718)
INFO 2026-07-27 15:26:36.348 joltshadow - docs §33: real ODE chassis geom (player) #4 = transform, inner class=1 pos=(0.000,1.818,1.842)
INFO 2026-07-27 15:26:36.348 joltshadow - docs §33: real ODE chassis geom (player) #5 = transform, inner class=1 pos=(0.006,1.981,-2.113)
INFO 2026-07-27 15:26:36.348 joltshadow - docs §33: real ODE chassis geom (player) #6 = class 0 (not a transform) pos=(4668.453,257.995,1251.494) radius=30.000
INFO 2026-07-27 15:26:36.348 joltshadow - docs §33: real ODE chassis geom (player) #7 = class 0 (not a transform) pos=(4668.453,257.995,1251.494) radius=6.436
INFO 2026-07-27 15:26:36.348 joltshadow - docs §33: real ODE chassis geom (player) #8 = class 0 (not a transform) pos=(4668.453,257.995,1251.494) radius=200.000
INFO 2026-07-27 15:26:36.348 joltshadow - docs §33: real ODE chassis (player) has 8 total geom(s) directly attached (4 transform(s)) - compare against BuildChassisCompoundShape's own part/geom count in the build log
INFO 2026-07-27 15:26:36.348 joltshadow - docs §28: REAL ODE wheel state (player) wheel=0 displacement=0.0223 range=1.000 (2% compressed, signed) foreAft=2.270 localZ=2.270 cfm=0.002500 erp=0.2500
INFO 2026-07-27 15:26:36.348 joltshadow - docs §28: REAL ODE wheel state (player) wheel=1 displacement=0.0227 range=1.000 (2% compressed, signed) foreAft=2.270 localZ=2.270 cfm=0.002500 erp=0.2500
INFO 2026-07-27 15:26:36.348 joltshadow - docs §28: REAL ODE wheel state (player) wheel=2 displacement=0.0247 range=1.000 (2% compressed, signed) foreAft=-2.062 localZ=-2.062 cfm=0.002500 erp=0.2500
INFO 2026-07-27 15:26:36.348 joltshadow - docs §28: REAL ODE wheel state (player) wheel=3 displacement=0.0243 range=1.000 (2% compressed, signed) foreAft=-2.062 localZ=-2.062 cfm=0.002500 erp=0.2500
INFO 2026-07-27 15:26:36.388 joltshadow - docs §70.1: slipdense (player) f=184 w=0 grounded=0 kappa=0.000 fnGround=0 omega=0.02 | ftGround=0N target=0.0 limit=815Nm motorNm=0 tyreNm=0 inertia=1.78 limRot=0/-0/0 omegaPre=0.02 posN=-0/-0/0 susp=-0.0000 springN=5
INFO 2026-07-27 15:26:36.388 joltshadow - docs §70.1: slipdense (player) f=184 w=1 grounded=0 kappa=0.000 fnGround=0 omega=0.02 | ftGround=0N target=0.0 limit=815Nm motorNm=0 tyreNm=0 inertia=1.78 limRot=0/-0/0 omegaPre=0.02 posN=-0/-0/0 susp=-0.0000 springN=5
INFO 2026-07-27 15:26:36.388 joltshadow - docs §70.1: slipdense (player) f=184 w=2 grounded=0 kappa=0.000 fnGround=0 omega=0.02 | ftGround=0N target=0.0 limit=823Nm motorNm=0 tyreNm=0 inertia=1.82 limRot=0/-0/-0 omegaPre=0.02 posN=-0/0/0 susp=0.0014 springN=11
INFO 2026-07-27 15:26:36.388 joltshadow - docs §70.1: slipdense (player) f=184 w=3 grounded=0 kappa=0.000 fnGround=0 omega=0.02 | ftGround=0N target=0.0 limit=823Nm motorNm=0 tyreNm=0 inertia=1.82 limRot=0/-0/-0 omegaPre=0.02 posN=-0/-0/0 susp=0.0015 springN=10
INFO 2026-07-27 15:26:36.388 joltshadow - docs §78: attdense (player) f=184 joltTilt=1.14 odeTilt=1.08 upDelta=0.14 wBody=(0.02,0.00,0.00) |w|=0.02 grounded=0
INFO 2026-07-27 15:26:36.427 joltshadow - docs §70.1: slipdense (player) f=188 w=0 grounded=0 kappa=0.000 fnGround=0 omega=0.02 | ftGround=0N target=0.0 limit=815Nm motorNm=0 tyreNm=0 inertia=1.78 limRot=0/0/0 omegaPre=0.02 posN=0/-0/0 susp=-0.0002 springN=2
INFO 2026-07-27 15:26:36.427 joltshadow - docs §70.1: slipdense (player) f=188 w=1 grounded=0 kappa=0.000 fnGround=0 omega=0.02 | ftGround=0N target=0.0 limit=815Nm motorNm=0 tyreNm=0 inertia=1.78 limRot=0/0/0 omegaPre=0.02 posN=0/-0/0 susp=-0.0003 springN=2
INFO 2026-07-27 15:26:36.427 joltshadow - docs §70.1: slipdense (player) f=188 w=2 grounded=0 kappa=0.000 fnGround=0 omega=0.02 | ftGround=0N target=0.0 limit=823Nm motorNm=0 tyreNm=0 inertia=1.82 limRot=0/0/0 omegaPre=0.02 posN=0/-0/0 susp=-0.0001 springN=6
INFO 2026-07-27 15:26:36.427 joltshadow - docs §70.1: slipdense (player) f=188 w=3 grounded=0 kappa=0.000 fnGround=0 omega=0.02 | ftGround=0N target=0.0 limit=823Nm motorNm=0 tyreNm=0 inertia=1.82 limRot=0/0/0 omegaPre=0.02 posN=0/-0/0 susp=-0.0001 springN=7
INFO 2026-07-27 15:26:36.427 joltshadow - docs §78: attdense (player) f=188 joltTilt=1.10 odeTilt=1.08 upDelta=0.12 wBody=(0.02,0.00,0.00) |w|=0.02 grounded=0
INFO 2026-07-27 15:26:36.467 joltshadow - docs §70.1: slipdense (player) f=192 w=0 grounded=0 kappa=0.000 fnGround=0 omega=0.02 | ftGround=0N target=0.0 limit=815Nm motorNm=0 tyreNm=0 inertia=1.78 limRot=0/0/0 omegaPre=0.02 posN=0/-0/0 susp=-0.0001 springN=-0
INFO 2026-07-27 15:26:36.467 joltshadow - docs §70.1: slipdense (player) f=192 w=1 grounded=0 kappa=0.000 fnGround=0 omega=0.02 | ftGround=0N target=0.0 limit=815Nm motorNm=0 tyreNm=0 inertia=1.78 limRot=0/0/0 omegaPre=0.02 posN=0/-0/0 susp=-0.0001 springN=-0
INFO 2026-07-27 15:26:36.467 joltshadow - docs §70.1: slipdense (player) f=192 w=2 grounded=0 kappa=0.000 fnGround=0 omega=0.02 | ftGround=0N target=0.0 limit=823Nm motorNm=0 tyreNm=0 inertia=1.82 limRot=0/0/0 omegaPre=0.02 posN=0/-0/0 susp=-0.0003 springN=2
INFO 2026-07-27 15:26:36.467 joltshadow - docs §70.1: slipdense (player) f=192 w=3 grounded=0 kappa=0.000 fnGround=0 omega=0.02 | ftGround=0N target=0.0 limit=823Nm motorNm=0 tyreNm=0 inertia=1.82 limRot=0/0/0 omegaPre=0.02 posN=0/-0/0 susp=-0.0004 springN=2
INFO 2026-07-27 15:26:36.467 joltshadow - docs §78: attdense (player) f=192 joltTilt=1.05 odeTilt=1.08 upDelta=0.12 wBody=(0.02,0.00,0.00) |w|=0.02 grounded=0
INFO 2026-07-27 15:26:36.511 joltshadow - docs §70.1: slipdense (player) f=196 w=0 grounded=0 kappa=0.000 fnGround=0 omega=0.02 | ftGround=0N target=0.0 limit=815Nm motorNm=0 tyreNm=0 inertia=1.78 limRot=0/-0/0 omegaPre=0.02 posN=-0/0/0 susp=-0.0000 springN=0
INFO 2026-07-27 15:26:36.511 joltshadow - docs §70.1: slipdense (player) f=196 w=1 grounded=0 kappa=0.000 fnGround=0 omega=0.02 | ftGround=0N target=0.0 limit=815Nm motorNm=0 tyreNm=0 inertia=1.78 limRot=0/-0/0 omegaPre=0.02 posN=-0/0/0 susp=0.0001 springN=-0
INFO 2026-07-27 15:26:36.512 joltshadow - docs §70.1: slipdense (player) f=196 w=2 grounded=0 kappa=0.000 fnGround=0 omega=0.02 | ftGround=0N target=0.0 limit=823Nm motorNm=0 tyreNm=0 inertia=1.82 limRot=0/-0/-0 omegaPre=0.02 posN=-0/0/0 susp=-0.0003 springN=0
INFO 2026-07-27 15:26:36.512 joltshadow - docs §70.1: slipdense (player) f=196 w=3 grounded=0 kappa=0.000 fnGround=0 omega=0.02 | ftGround=0N target=0.0 limit=823Nm motorNm=0 tyreNm=0 inertia=1.82 limRot=0/-0/-0 omegaPre=0.02 posN=-0/0/0 susp=-0.0002 springN=0
INFO 2026-07-27 15:26:36.512 joltshadow - docs §78: attdense (player) f=196 joltTilt=1.00 odeTilt=1.08 upDelta=0.13 wBody=(0.02,0.00,0.00) |w|=0.02 grounded=0
INFO 2026-07-27 15:26:36.544 joltshadow - docs §82: resync (player) #7 dt=0.51s upMax=0.445 deg posMax=1.124 m odeTiltPath=0.009 deg gain=-1.0000
INFO 2026-07-27 15:26:36.544 joltshadow - docs §87: resync landing (player) w=0 pre=0.5183 post=-0.0095 m R=0.629 dY=-1.1171 dRotDeg=0.15 |corr|=1.1207 m
INFO 2026-07-27 15:26:36.544 joltshadow - docs §87: resync landing (player) w=1 pre=0.5146 post=-0.0091 m R=0.629 dY=-1.1171 dRotDeg=0.15 |corr|=1.1207 m
INFO 2026-07-27 15:26:36.544 joltshadow - docs §87: resync landing (player) w=2 pre=0.4482 post=-0.0096 m R=0.635 dY=-1.1171 dRotDeg=0.15 |corr|=1.1207 m
INFO 2026-07-27 15:26:36.544 joltshadow - docs §87: resync landing (player) w=3 pre=0.4441 post=-0.0092 m R=0.635 dY=-1.1171 dRotDeg=0.15 |corr|=1.1207 m
INFO 2026-07-27 15:26:36.544 joltshadow - docs §82: resync RESIDUAL (player) #7 pos=0.0000 m up=0.0000 deg
INFO 2026-07-27 15:26:36.556 joltshadow - docs §70.1: slipdense (player) f=200 w=0 grounded=1 kappa=-0.125 fnGround=1200 omega=-0.07 | ftGround=-102N target=0.0 limit=815Nm motorNm=-69 tyreNm=60 inertia=1.78 limRot=0/-3/0 omegaPre=0.02 posN=-4/70/0 susp=-0.5214 springN=2804
INFO 2026-07-27 15:26:36.556 joltshadow - docs §70.1: slipdense (player) f=200 w=1 grounded=1 kappa=-0.125 fnGround=1200 omega=-0.07 | ftGround=-102N target=0.0 limit=815Nm motorNm=-69 tyreNm=60 inertia=1.78 limRot=0/-3/0 omegaPre=0.02 posN=-4/69/0 susp=-0.5217 springN=2808
INFO 2026-07-27 15:26:36.556 joltshadow - docs §70.1: slipdense (player) f=200 w=2 grounded=1 kappa=-0.117 fnGround=1200 omega=-0.07 | ftGround=-95N target=0.0 limit=823Nm motorNm=-64 tyreNm=54 inertia=1.82 limRot=0/-3/-0 omegaPre=0.02 posN=-5/54/0 susp=-0.5654 springN=3172
INFO 2026-07-27 15:26:36.556 joltshadow - docs §70.1: slipdense (player) f=200 w=3 grounded=1 kappa=-0.116 fnGround=1199 omega=-0.07 | ftGround=-95N target=0.0 limit=823Nm motorNm=-63 tyreNm=54 inertia=1.82 limRot=0/-3/-0 omegaPre=0.02 posN=-5/54/0 susp=-0.5656 springN=3176
INFO 2026-07-27 15:26:36.556 joltshadow - docs §78: attdense (player) f=200 joltTilt=1.00 odeTilt=1.08 upDelta=0.09 wBody=(-0.07,0.00,-0.00) |w|=0.07 grounded=4
INFO 2026-07-27 15:26:36.596 joltshadow - docs §70.1: slipdense (player) f=204 w=0 grounded=1 kappa=-0.186 fnGround=1200 omega=-0.16 | ftGround=-139N target=0.0 limit=3020Nm motorNm=-83 tyreNm=84 inertia=1.78 limRot=0/-1/0 omegaPre=-0.16 posN=-2/99/0 susp=-0.4135 springN=1331
INFO 2026-07-27 15:26:36.597 joltshadow - docs §70.1: slipdense (player) f=204 w=1 grounded=1 kappa=-0.185 fnGround=1200 omega=-0.16 | ftGround=-139N target=0.0 limit=3020Nm motorNm=-83 tyreNm=83 inertia=1.78 limRot=0/-1/0 omegaPre=-0.16 posN=-2/98/0 susp=-0.4144 springN=1339
INFO 2026-07-27 15:26:36.597 joltshadow - docs §70.1: slipdense (player) f=204 w=2 grounded=1 kappa=-0.162 fnGround=1200 omega=-0.16 | ftGround=-122N target=0.0 limit=3049Nm motorNm=-72 tyreNm=73 inertia=1.82 limRot=0/-1/-0 omegaPre=-0.16 posN=-2/67/0 susp=-0.4894 springN=1983
INFO 2026-07-27 15:26:36.597 joltshadow - docs §70.1: slipdense (player) f=204 w=3 grounded=1 kappa=-0.162 fnGround=1200 omega=-0.16 | ftGround=-121N target=0.0 limit=3048Nm motorNm=-72 tyreNm=73 inertia=1.82 limRot=0/-1/-0 omegaPre=-0.16 posN=-2/66/0 susp=-0.4903 springN=1990
INFO 2026-07-27 15:26:36.597 joltshadow - docs §78: attdense (player) f=204 joltTilt=1.07 odeTilt=1.09 upDelta=0.03 wBody=(-0.16,0.00,-0.00) |w|=0.16 grounded=4
INFO 2026-07-27 15:26:36.635 joltshadow - docs §70.1: slipdense (player) f=208 w=0 grounded=1 kappa=-0.007 fnGround=611 omega=-0.11 | ftGround=-6N target=0.0 limit=2013Nm motorNm=-0 tyreNm=3 inertia=1.78 limRot=0/1/0 omegaPre=-0.12 posN=1/-11/0 susp=-0.2542 springN=346
INFO 2026-07-27 15:26:36.635 joltshadow - docs §70.1: slipdense (player) f=208 w=1 grounded=1 kappa=-0.008 fnGround=622 omega=-0.11 | ftGround=-6N target=0.0 limit=2036Nm motorNm=-0 tyreNm=3 inertia=1.78 limRot=0/1/0 omegaPre=-0.12 posN=1/-11/0 susp=-0.2570 springN=359
INFO 2026-07-27 15:26:36.636 joltshadow - docs §70.1: slipdense (player) f=208 w=2 grounded=1 kappa=-0.007 fnGround=1120 omega=-0.11 | ftGround=-6N target=0.0 limit=3048Nm motorNm=-0 tyreNm=3 inertia=1.82 limRot=0/0/0 omegaPre=-0.12 posN=1/-21/0 susp=-0.3455 springN=882
INFO 2026-07-27 15:26:36.636 joltshadow - docs §70.1: slipdense (player) f=208 w=3 grounded=1 kappa=-0.008 fnGround=1131 omega=-0.11 | ftGround=-6N target=0.0 limit=3048Nm motorNm=-0 tyreNm=3 inertia=1.82 limRot=0/0/0 omegaPre=-0.12 posN=1/-21/0 susp=-0.3487 springN=897
INFO 2026-07-27 15:26:36.636 joltshadow - docs §78: attdense (player) f=208 joltTilt=1.37 odeTilt=1.09 upDelta=0.29 wBody=(-0.11,-0.00,-0.00) |w|=0.11 grounded=4
INFO 2026-07-27 15:26:36.674 joltshadow - docs §70.1: slipdense (player) f=212 w=0 grounded=0 kappa=0.000 fnGround=0 omega=-0.02 | ftGround=0N target=0.0 limit=815Nm motorNm=4 tyreNm=0 inertia=1.78 limRot=0/0/0 omegaPre=-0.05 posN=0/-4/0 susp=-0.1161 springN=-267
INFO 2026-07-27 15:26:36.674 joltshadow - docs §70.1: slipdense (player) f=212 w=1 grounded=0 kappa=0.000 fnGround=0 omega=-0.02 | ftGround=0N target=0.0 limit=815Nm motorNm=4 tyreNm=0 inertia=1.78 limRot=0/0/0 omegaPre=-0.05 posN=0/-4/0 susp=-0.1206 springN=-254
INFO 2026-07-27 15:26:36.674 joltshadow - docs §70.1: slipdense (player) f=212 w=2 grounded=1 kappa=0.151 fnGround=436 omega=-0.02 | ftGround=124N target=0.0 limit=1569Nm motorNm=82 tyreNm=-77 inertia=1.82 limRot=0/4/-0 omegaPre=-0.05 posN=6/-137/0 susp=-0.2041 springN=215
INFO 2026-07-27 15:26:36.674 joltshadow - docs §70.1: slipdense (player) f=212 w=3 grounded=1 kappa=0.151 fnGround=456 omega=-0.02 | ftGround=123N target=0.0 limit=1614Nm motorNm=81 tyreNm=-77 inertia=1.82 limRot=0/4/-0 omegaPre=-0.05 posN=6/-137/0 susp=-0.2091 springN=236
INFO 2026-07-27 15:26:36.675 joltshadow - docs §78: attdense (player) f=212 joltTilt=1.51 odeTilt=1.09 upDelta=0.44 wBody=(-0.02,0.00,0.00) |w|=0.02 grounded=2
INFO 2026-07-27 15:26:36.717 joltshadow - docs §70.1: slipdense (player) f=216 w=0 grounded=0 kappa=0.000 fnGround=0 omega=0.04 | ftGround=0N target=0.0 limit=815Nm motorNm=1 tyreNm=0 inertia=1.78 limRot=0/0/0 omegaPre=0.04 posN=0/-6/0 susp=-0.0216 springN=-261
INFO 2026-07-27 15:26:36.718 joltshadow - docs §70.1: slipdense (player) f=216 w=1 grounded=0 kappa=0.000 fnGround=0 omega=0.04 | ftGround=0N target=0.0 limit=815Nm motorNm=1 tyreNm=0 inertia=1.78 limRot=0/0/0 omegaPre=0.04 posN=0/-6/0 susp=-0.0251 springN=-264
INFO 2026-07-27 15:26:36.718 joltshadow - docs §70.1: slipdense (player) f=216 w=2 grounded=0 kappa=0.000 fnGround=0 omega=0.04 | ftGround=0N target=0.0 limit=823Nm motorNm=1 tyreNm=0 inertia=1.82 limRot=0/0/0 omegaPre=0.04 posN=0/-6/0 susp=-0.0731 springN=-290
INFO 2026-07-27 15:26:36.718 joltshadow - docs §70.1: slipdense (player) f=216 w=3 grounded=0 kappa=0.000 fnGround=0 omega=0.04 | ftGround=0N target=0.0 limit=823Nm motorNm=1 tyreNm=0 inertia=1.82 limRot=0/0/0 omegaPre=0.04 posN=0/-6/0 susp=-0.0782 springN=-284
INFO 2026-07-27 15:26:36.718 joltshadow - docs §78: attdense (player) f=216 joltTilt=1.46 odeTilt=1.08 upDelta=0.41 wBody=(0.04,0.00,0.01) |w|=0.04 grounded=0
INFO 2026-07-27 15:26:36.758 joltshadow - docs §70.1: slipdense (player) f=220 w=0 grounded=0 kappa=0.000 fnGround=0 omega=0.04 | ftGround=0N target=0.0 limit=815Nm motorNm=-1 tyreNm=0 inertia=1.78 limRot=0/-0/0 omegaPre=0.04 posN=-0/2/0 susp=0.0057 springN=-99
INFO 2026-07-27 15:26:36.759 joltshadow - docs §70.1: slipdense (player) f=220 w=1 grounded=0 kappa=0.000 fnGround=0 omega=0.04 | ftGround=0N target=0.0 limit=815Nm motorNm=-1 tyreNm=0 inertia=1.78 limRot=0/-0/0 omegaPre=0.04 posN=-0/2/0 susp=0.0040 springN=-105
INFO 2026-07-27 15:26:36.759 joltshadow - docs §70.1: slipdense (player) f=220 w=2 grounded=0 kappa=0.000 fnGround=0 omega=0.04 | ftGround=0N target=0.0 limit=823Nm motorNm=-1 tyreNm=0 inertia=1.82 limRot=0/-0/-0 omegaPre=0.04 posN=-0/2/0 susp=-0.0075 springN=-218
INFO 2026-07-27 15:26:36.759 joltshadow - docs §70.1: slipdense (player) f=220 w=3 grounded=0 kappa=0.000 fnGround=0 omega=0.04 | ftGround=0N target=0.0 limit=823Nm motorNm=-1 tyreNm=0 inertia=1.82 limRot=0/-0/-0 omegaPre=0.04 posN=-0/2/0 susp=-0.0102 springN=-223
INFO 2026-07-27 15:26:36.759 joltshadow - docs §78: attdense (player) f=220 joltTilt=1.36 odeTilt=1.08 upDelta=0.31 wBody=(0.04,0.00,0.01) |w|=0.04 grounded=0
INFO 2026-07-27 15:26:36.801 joltshadow - docs §70.1: slipdense (player) f=224 w=0 grounded=0 kappa=0.000 fnGround=0 omega=0.03 | ftGround=0N target=0.0 limit=815Nm motorNm=-0 tyreNm=0 inertia=1.78 limRot=0/-0/0 omegaPre=0.03 posN=-1/2/0 susp=0.0063 springN=-12
INFO 2026-07-27 15:26:36.801 joltshadow - docs §70.1: slipdense (player) f=224 w=1 grounded=0 kappa=0.000 fnGround=0 omega=0.03 | ftGround=0N target=0.0 limit=815Nm motorNm=-0 tyreNm=0 inertia=1.78 limRot=0/-0/0 omegaPre=0.03 posN=-1/2/0 susp=0.0061 springN=-17
INFO 2026-07-27 15:26:36.801 joltshadow - docs §70.1: slipdense (player) f=224 w=2 grounded=0 kappa=0.000 fnGround=0 omega=0.03 | ftGround=0N target=0.0 limit=823Nm motorNm=-0 tyreNm=0 inertia=1.82 limRot=0/-0/-0 omegaPre=0.03 posN=-1/2/0 susp=0.0087 springN=-77
INFO 2026-07-27 15:26:36.801 joltshadow - docs §70.1: slipdense (player) f=224 w=3 grounded=0 kappa=0.000 fnGround=0 omega=0.03 | ftGround=0N target=0.0 limit=823Nm motorNm=-0 tyreNm=0 inertia=1.82 limRot=0/-0/-0 omegaPre=0.03 posN=-1/2/0 susp=0.0082 springN=-84
INFO 2026-07-27 15:26:36.801 joltshadow - docs §78: attdense (player) f=224 joltTilt=1.27 odeTilt=1.08 upDelta=0.23 wBody=(0.03,0.00,0.01) |w|=0.03 grounded=0
INFO 2026-07-27 15:26:36.846 joltshadow - docs §70.1: slipdense (player) f=228 w=0 grounded=0 kappa=0.000 fnGround=0 omega=0.02 | ftGround=0N target=0.0 limit=815Nm motorNm=-0 tyreNm=0 inertia=1.78 limRot=0/-0/0 omegaPre=0.02 posN=-0/1/0 susp=0.0023 springN=9
INFO 2026-07-27 15:26:36.846 joltshadow - docs §70.1: slipdense (player) f=228 w=1 grounded=0 kappa=0.000 fnGround=0 omega=0.02 | ftGround=0N target=0.0 limit=815Nm motorNm=-0 tyreNm=0 inertia=1.78 limRot=0/-0/0 omegaPre=0.02 posN=-0/1/0 susp=0.0024 springN=8
INFO 2026-07-27 15:26:36.846 joltshadow - docs §70.1: slipdense (player) f=228 w=2 grounded=0 kappa=0.000 fnGround=0 omega=0.02 | ftGround=0N target=0.0 limit=823Nm motorNm=-0 tyreNm=0 inertia=1.82 limRot=0/-0/-0 omegaPre=0.02 posN=-0/1/0 susp=0.0063 springN=-5
INFO 2026-07-27 15:26:36.846 joltshadow - docs §70.1: slipdense (player) f=228 w=3 grounded=0 kappa=0.000 fnGround=0 omega=0.02 | ftGround=0N target=0.0 limit=823Nm motorNm=-0 tyreNm=0 inertia=1.82 limRot=0/-0/-0 omegaPre=0.02 posN=-0/1/0 susp=0.0064 springN=-7
INFO 2026-07-27 15:26:36.846 joltshadow - docs §78: attdense (player) f=228 joltTilt=1.21 odeTilt=1.08 upDelta=0.18 wBody=(0.02,0.00,0.00) |w|=0.02 grounded=0
INFO 2026-07-27 15:26:36.886 joltshadow - docs §70.1: slipdense (player) f=232 w=0 grounded=0 kappa=0.000 fnGround=0 omega=0.02 | ftGround=0N target=0.0 limit=815Nm motorNm=-0 tyreNm=0 inertia=1.78 limRot=0/-0/0 omegaPre=0.02 posN=-0/0/0 susp=0.0003 springN=7
INFO 2026-07-27 15:26:36.886 joltshadow - docs §70.1: slipdense (player) f=232 w=1 grounded=0 kappa=0.000 fnGround=0 omega=0.02 | ftGround=0N target=0.0 limit=815Nm motorNm=-0 tyreNm=0 inertia=1.78 limRot=0/-0/0 omegaPre=0.02 posN=-0/0/0 susp=0.0003 springN=7
INFO 2026-07-27 15:26:36.886 joltshadow - docs §70.1: slipdense (player) f=232 w=2 grounded=0 kappa=0.000 fnGround=0 omega=0.02 | ftGround=0N target=0.0 limit=823Nm motorNm=-0 tyreNm=0 inertia=1.82 limRot=0/-0/-0 omegaPre=0.02 posN=-0/0/0 susp=0.0022 springN=10
INFO 2026-07-27 15:26:36.886 joltshadow - docs §70.1: slipdense (player) f=232 w=3 grounded=0 kappa=0.000 fnGround=0 omega=0.02 | ftGround=0N target=0.0 limit=823Nm motorNm=-0 tyreNm=0 inertia=1.82 limRot=0/-0/-0 omegaPre=0.02 posN=-0/0/0 susp=0.0024 springN=10
INFO 2026-07-27 15:26:36.886 joltshadow - docs §78: attdense (player) f=232 joltTilt=1.16 odeTilt=1.09 upDelta=0.14 wBody=(0.02,0.00,0.00) |w|=0.02 grounded=0
INFO 2026-07-27 15:26:36.929 joltshadow - docs §70.1: slipdense (player) f=236 w=0 grounded=0 kappa=0.000 fnGround=0 omega=0.02 | ftGround=0N target=0.0 limit=815Nm motorNm=0 tyreNm=0 inertia=1.78 limRot=0/0/0 omegaPre=0.02 posN=0/-0/0 susp=-0.0002 springN=2
INFO 2026-07-27 15:26:36.929 joltshadow - docs §70.1: slipdense (player) f=236 w=1 grounded=0 kappa=0.000 fnGround=0 omega=0.02 | ftGround=0N target=0.0 limit=815Nm motorNm=0 tyreNm=0 inertia=1.78 limRot=0/0/0 omegaPre=0.02 posN=0/-0/0 susp=-0.0002 springN=2
INFO 2026-07-27 15:26:36.929 joltshadow - docs §70.1: slipdense (player) f=236 w=2 grounded=0 kappa=0.000 fnGround=0 omega=0.02 | ftGround=0N target=0.0 limit=823Nm motorNm=0 tyreNm=0 inertia=1.82 limRot=0/0/0 omegaPre=0.02 posN=0/-0/0 susp=0.0001 springN=8
INFO 2026-07-27 15:26:36.929 joltshadow - docs §70.1: slipdense (player) f=236 w=3 grounded=0 kappa=0.000 fnGround=0 omega=0.02 | ftGround=0N target=0.0 limit=823Nm motorNm=0 tyreNm=0 inertia=1.82 limRot=0/0/0 omegaPre=0.02 posN=0/-0/0 susp=0.0001 springN=8
INFO 2026-07-27 15:26:36.929 joltshadow - docs §78: attdense (player) f=236 joltTilt=1.11 odeTilt=1.09 upDelta=0.12 wBody=(0.02,0.00,0.00) |w|=0.02 grounded=0
INFO 2026-07-27 15:26:36.973 joltshadow - docs §70.1: slipdense (player) f=240 w=0 grounded=0 kappa=0.000 fnGround=0 omega=0.02 | ftGround=0N target=0.0 limit=815Nm motorNm=0 tyreNm=0 inertia=1.78 limRot=0/0/0 omegaPre=0.02 posN=0/-0/0 susp=-0.0002 springN=0
INFO 2026-07-27 15:26:36.973 joltshadow - docs §70.1: slipdense (player) f=240 w=1 grounded=0 kappa=0.000 fnGround=0 omega=0.02 | ftGround=0N target=0.0 limit=815Nm motorNm=0 tyreNm=0 inertia=1.78 limRot=0/0/0 omegaPre=0.02 posN=0/-0/0 susp=-0.0001 springN=0
INFO 2026-07-27 15:26:36.973 joltshadow - docs §70.1: slipdense (player) f=240 w=2 grounded=0 kappa=0.000 fnGround=0 omega=0.02 | ftGround=0N target=0.0 limit=823Nm motorNm=0 tyreNm=0 inertia=1.82 limRot=0/0/0 omegaPre=0.02 posN=-0/-0/0 susp=-0.0005 springN=3
INFO 2026-07-27 15:26:36.973 joltshadow - docs §70.1: slipdense (player) f=240 w=3 grounded=0 kappa=0.000 fnGround=0 omega=0.02 | ftGround=0N target=0.0 limit=823Nm motorNm=0 tyreNm=0 inertia=1.82 limRot=0/0/0 omegaPre=0.02 posN=-0/-0/0 susp=-0.0004 springN=3
INFO 2026-07-27 15:26:36.973 joltshadow - docs §78: attdense (player) f=240 joltTilt=1.06 odeTilt=1.09 upDelta=0.11 wBody=(0.02,0.00,0.00) |w|=0.02 grounded=0
INFO 2026-07-27 15:26:36.973 joltshadow - Shadow divergence (player): pos=2.396m vel=0.568m/s angle=0.1deg (jolt com=[4668.5 260.3 1252.0] ode com=[4668.5 258.0 1251.5])
INFO 2026-07-27 15:26:36.973 joltshadow - docs §23.6: driver input (player) realThrottle=-10.00 brake=0.01 handBrake=1 steerRad=0.000
INFO 2026-07-27 15:26:36.973 joltshadow - docs §32: Jolt SHADOW chassis pitch (player) forward=(-0.222, 0.018, -0.975)
INFO 2026-07-27 15:26:36.973 joltshadow - docs §69: tilt (player) jolt=1.1 deg ode=1.1 deg delta=-0.0 deg upDelta=0.11 deg
INFO 2026-07-27 15:26:36.973 joltshadow - docs §32.4: Jolt SHADOW chassis lowest corner (player) = (4667.79,258.95,1255.38) clearanceToGround=0.948
INFO 2026-07-27 15:26:36.973 joltshadow - docs §23.5: wheel state (player) wheel=0 contact=0 suspLen=1.050 (range 0.050-1.050, 0% compressed) angVel=0.00
INFO 2026-07-27 15:26:36.973 joltshadow - docs §38.11: wheel=0 NO contact, worldAxle=(0.975,0.002,-0.222)
INFO 2026-07-27 15:26:36.973 joltshadow - docs §32: no-contact raycast (player) wheel=0 bodyPos=(4668.46,259.60,1251.58) localMPos=(-1.155,0.060,2.270) origin=(4669.08,259.70,1249.11) dir=(-0.002,-1.000,-0.018) normalRayLen=1.679 groundFoundAt=0.000 shortfallBeyondTravel=-1.679 hitBody=8391035 hitLayer=1 hitMotion=2 hitIsSelfChassis=0
INFO 2026-07-27 15:26:36.973 joltshadow - docs §23.5: wheel state (player) wheel=1 contact=0 suspLen=1.050 (range 0.050-1.050, 0% compressed) angVel=0.00
INFO 2026-07-27 15:26:36.973 joltshadow - docs §38.11: wheel=1 NO contact, worldAxle=(0.975,0.002,-0.222)
INFO 2026-07-27 15:26:36.973 joltshadow - docs §32: no-contact raycast (player) wheel=1 bodyPos=(4668.46,259.60,1251.58) localMPos=(1.155,0.059,2.270) origin=(4666.83,259.70,1249.62) dir=(-0.002,-1.000,-0.018) normalRayLen=1.679 groundFoundAt=0.000 shortfallBeyondTravel=-1.679 hitBody=8391035 hitLayer=1 hitMotion=2 hitIsSelfChassis=0
INFO 2026-07-27 15:26:36.974 joltshadow - docs §23.5: wheel state (player) wheel=2 contact=0 suspLen=1.050 (range 0.050-1.050, 0% compressed) angVel=0.00
INFO 2026-07-27 15:26:36.974 joltshadow - docs §38.11: wheel=2 NO contact, worldAxle=(0.975,0.002,-0.222)
INFO 2026-07-27 15:26:36.974 joltshadow - docs §32: no-contact raycast (player) wheel=2 bodyPos=(4668.46,259.60,1251.58) localMPos=(-1.253,0.145,-2.062) origin=(4670.14,259.71,1253.31) dir=(-0.002,-1.000,-0.018) normalRayLen=1.685 groundFoundAt=0.000 shortfallBeyondTravel=-1.685 hitBody=8391035 hitLayer=1 hitMotion=2 hitIsSelfChassis=0
INFO 2026-07-27 15:26:36.974 joltshadow - docs §23.5: wheel state (player) wheel=3 contact=0 suspLen=1.050 (range 0.050-1.050, 0% compressed) angVel=0.00
INFO 2026-07-27 15:26:36.974 joltshadow - docs §38.11: wheel=3 NO contact, worldAxle=(0.975,0.002,-0.222)
INFO 2026-07-27 15:26:36.974 joltshadow - docs §32: no-contact raycast (player) wheel=3 bodyPos=(4668.46,259.60,1251.58) localMPos=(1.253,0.146,-2.062) origin=(4667.69,259.70,1253.87) dir=(-0.002,-1.000,-0.018) normalRayLen=1.685 groundFoundAt=0.000 shortfallBeyondTravel=-1.685 hitBody=8391035 hitLayer=1 hitMotion=2 hitIsSelfChassis=0
INFO 2026-07-27 15:26:36.974 joltshadow - docs §59/63: harvest (player) wheelsWithContact=0 contactPoints=0 overflow=0 (of 4) | maxNormalF=0N bound(k_t*tau)=0N ratio=0.00
INFO 2026-07-27 15:26:36.974 joltshadow - docs §58: wheel body (player) w=0 springF=0N stopF=0N travel=-0.0002 (limits -0.5000..0.5000 rel spawn) kSusp=6000 sagPredicted=0.0000 | frameTrav=-0.0003..-0.0002 frameStopN=0
INFO 2026-07-27 15:26:36.974 joltshadow - docs §66: tyre band (player) w=0 fnGround=0N fnTotal=0N pen=0.00000 penRaw=0.00000 tau=0.01000 pen/tau=0.00 | recs tyre=0 rim=0 survived=0 stale=0 distMax=0.00R
INFO 2026-07-27 15:26:36.974 joltshadow - docs §68: steer (player) w=0 steerable=1 commanded=0.000 rad measured=0.000 rad err=0.00 deg steerSign=-1 steerTq=-0Nm cap=815Nm sat=0.00
INFO 2026-07-27 15:26:36.974 joltshadow - docs §70: slip (player) w=0 grounded=0 kappa=0.000 fnGround=0N omega=0.02
INFO 2026-07-27 15:26:36.974 joltshadow - docs §67: spin (player) w=0 driven=1 omega=0.02 rad/s surfaceSpeed=0.01 m/s spinSign=+1 motorTq=0Nm cmdTq=815Nm
INFO 2026-07-27 15:26:36.974 joltshadow - docs §58: wheel body (player) w=1 springF=0N stopF=0N travel=-0.0001 (limits -0.5000..0.5000 rel spawn) kSusp=6000 sagPredicted=0.0000 | frameTrav=-0.0002..-0.0001 frameStopN=0
INFO 2026-07-27 15:26:36.974 joltshadow - docs §66: tyre band (player) w=1 fnGround=0N fnTotal=0N pen=0.00000 penRaw=0.00000 tau=0.01000 pen/tau=0.00 | recs tyre=0 rim=0 survived=0 stale=0 distMax=0.00R
INFO 2026-07-27 15:26:36.974 joltshadow - docs §68: steer (player) w=1 steerable=1 commanded=0.000 rad measured=0.000 rad err=0.00 deg steerSign=-1 steerTq=-0Nm cap=815Nm sat=0.00
INFO 2026-07-27 15:26:36.974 joltshadow - docs §70: slip (player) w=1 grounded=0 kappa=0.000 fnGround=0N omega=0.02
INFO 2026-07-27 15:26:36.974 joltshadow - docs §67: spin (player) w=1 driven=1 omega=0.02 rad/s surfaceSpeed=0.01 m/s spinSign=+1 motorTq=0Nm cmdTq=815Nm
INFO 2026-07-27 15:26:36.974 joltshadow - docs §58: wheel body (player) w=2 springF=3N stopF=0N travel=-0.0005 (limits -0.5000..0.5000 rel spawn) kSusp=6000 sagPredicted=0.0004 | frameTrav=-0.0005..-0.0004 frameStopN=0
INFO 2026-07-27 15:26:36.974 joltshadow - docs §66: tyre band (player) w=2 fnGround=0N fnTotal=0N pen=0.00000 penRaw=0.00000 tau=0.01000 pen/tau=0.00 | recs tyre=0 rim=0 survived=0 stale=0 distMax=0.00R
INFO 2026-07-27 15:26:36.974 joltshadow - docs §68: steer (player) w=2 steerable=0 commanded=0.000 rad measured=0.000 rad err=0.00 deg steerSign=-1 steerTq=0Nm cap=340282346638528859811704183484516925440Nm sat=0.00
INFO 2026-07-27 15:26:36.974 joltshadow - docs §70: slip (player) w=2 grounded=0 kappa=0.000 fnGround=0N omega=0.02
INFO 2026-07-27 15:26:36.974 joltshadow - docs §67: spin (player) w=2 driven=1 omega=0.02 rad/s surfaceSpeed=0.01 m/s spinSign=+1 motorTq=0Nm cmdTq=823Nm
INFO 2026-07-27 15:26:36.974 joltshadow - docs §58: wheel body (player) w=3 springF=3N stopF=0N travel=-0.0004 (limits -0.5000..0.5000 rel spawn) kSusp=6000 sagPredicted=0.0005 | frameTrav=-0.0004..-0.0004 frameStopN=0
INFO 2026-07-27 15:26:36.974 joltshadow - docs §66: tyre band (player) w=3 fnGround=0N fnTotal=0N pen=0.00000 penRaw=0.00000 tau=0.01000 pen/tau=0.00 | recs tyre=0 rim=0 survived=0 stale=0 distMax=0.00R
INFO 2026-07-27 15:26:36.975 joltshadow - docs §68: steer (player) w=3 steerable=0 commanded=0.000 rad measured=0.000 rad err=0.00 deg steerSign=-1 steerTq=0Nm cap=340282346638528859811704183484516925440Nm sat=0.00
INFO 2026-07-27 15:26:36.975 joltshadow - docs §70: slip (player) w=3 grounded=0 kappa=0.000 fnGround=0N omega=0.02
INFO 2026-07-27 15:26:36.975 joltshadow - docs §67: spin (player) w=3 driven=1 omega=0.02 rad/s surfaceSpeed=0.01 m/s spinSign=+1 motorTq=0Nm cmdTq=823Nm
INFO 2026-07-27 15:26:36.975 joltshadow - docs §67: drivetrain (player) gear=0 rpm=4 driveTorque=600Nm perWheel=150Nm driven=4 throttle=-1.00 spin=1 | PRE-STEP brake=0.01 handBrake=1
INFO 2026-07-27 15:26:36.975 joltshadow - docs §66: tyre band SUM (player) fnGroundSum=0N fnTotalSum=0N weight=1295N carried=0.00 | penSum=0.00000 recs tyre=0 rim=0 stale=0
INFO 2026-07-27 15:26:36.975 joltshadow - docs §30: REAL ODE chassis COM (player) body=54AA14C8 = (4668.453, 257.993, 1251.494) forward=(-0.222, 0.019, -0.975)
INFO 2026-07-27 15:26:36.975 joltshadow - docs §33: real ODE chassis geom (player) #1 = class 0 (not a transform) pos=(4668.453,257.993,1251.494) radius=4.500
INFO 2026-07-27 15:26:36.975 joltshadow - docs §33: real ODE chassis geom (player) #2 = transform, inner class=1 pos=(0.000,1.095,-0.495)
INFO 2026-07-27 15:26:36.975 joltshadow - docs §33: real ODE chassis geom (player) #3 = transform, inner class=1 pos=(0.353,3.466,0.718)
INFO 2026-07-27 15:26:36.975 joltshadow - docs §33: real ODE chassis geom (player) #4 = transform, inner class=1 pos=(0.000,1.818,1.842)
INFO 2026-07-27 15:26:36.975 joltshadow - docs §33: real ODE chassis geom (player) #5 = transform, inner class=1 pos=(0.006,1.981,-2.113)
INFO 2026-07-27 15:26:36.975 joltshadow - docs §33: real ODE chassis geom (player) #6 = class 0 (not a transform) pos=(4668.453,257.993,1251.494) radius=30.000
INFO 2026-07-27 15:26:36.975 joltshadow - docs §33: real ODE chassis geom (player) #7 = class 0 (not a transform) pos=(4668.453,257.993,1251.494) radius=6.436
INFO 2026-07-27 15:26:36.975 joltshadow - docs §33: real ODE chassis geom (player) #8 = class 0 (not a transform) pos=(4668.453,257.993,1251.494) radius=200.000
INFO 2026-07-27 15:26:36.975 joltshadow - docs §33: real ODE chassis (player) has 8 total geom(s) directly attached (4 transform(s)) - compare against BuildChassisCompoundShape's own part/geom count in the build log
INFO 2026-07-27 15:26:36.975 joltshadow - docs §28: REAL ODE wheel state (player) wheel=0 displacement=0.0238 range=1.000 (2% compressed, signed) foreAft=2.270 localZ=2.270 cfm=0.002500 erp=0.2500
INFO 2026-07-27 15:26:36.975 joltshadow - docs §28: REAL ODE wheel state (player) wheel=1 displacement=0.0242 range=1.000 (2% compressed, signed) foreAft=2.270 localZ=2.270 cfm=0.002500 erp=0.2500
INFO 2026-07-27 15:26:36.975 joltshadow - docs §28: REAL ODE wheel state (player) wheel=2 displacement=0.0264 range=1.000 (3% compressed, signed) foreAft=-2.062 localZ=-2.062 cfm=0.002500 erp=0.2500
INFO 2026-07-27 15:26:36.975 joltshadow - docs §28: REAL ODE wheel state (player) wheel=3 displacement=0.0260 range=1.000 (3% compressed, signed) foreAft=-2.062 localZ=-2.062 cfm=0.002500 erp=0.2500
INFO 2026-07-27 15:26:37.021 joltshadow - docs §70.1: slipdense (player) f=244 w=0 grounded=0 kappa=0.000 fnGround=0 omega=0.02 | ftGround=0N target=0.0 limit=815Nm motorNm=0 tyreNm=0 inertia=1.78 limRot=0/-0/0 omegaPre=0.02 posN=-0/0/0 susp=0.0001 springN=-1
INFO 2026-07-27 15:26:37.021 joltshadow - docs §70.1: slipdense (player) f=244 w=1 grounded=0 kappa=0.000 fnGround=0 omega=0.02 | ftGround=0N target=0.0 limit=815Nm motorNm=0 tyreNm=0 inertia=1.78 limRot=0/-0/0 omegaPre=0.02 posN=-0/0/0 susp=0.0001 springN=-1
INFO 2026-07-27 15:26:37.021 joltshadow - docs §70.1: slipdense (player) f=244 w=2 grounded=0 kappa=0.000 fnGround=0 omega=0.02 | ftGround=0N target=0.0 limit=823Nm motorNm=0 tyreNm=0 inertia=1.82 limRot=0/-0/-0 omegaPre=0.02 posN=-0/0/0 susp=-0.0003 springN=0
INFO 2026-07-27 15:26:37.021 joltshadow - docs §70.1: slipdense (player) f=244 w=3 grounded=0 kappa=0.000 fnGround=0 omega=0.02 | ftGround=0N target=0.0 limit=823Nm motorNm=0 tyreNm=0 inertia=1.82 limRot=0/-0/-0 omegaPre=0.02 posN=-0/0/0 susp=-0.0002 springN=0
INFO 2026-07-27 15:26:37.021 joltshadow - docs §78: attdense (player) f=244 joltTilt=1.00 odeTilt=1.09 upDelta=0.13 wBody=(0.02,0.00,0.00) |w|=0.02 grounded=0
INFO 2026-07-27 15:26:37.046 joltshadow - docs §82: resync (player) #8 dt=0.50s upMax=0.451 deg posMax=1.123 m odeTiltPath=0.007 deg gain=-1.0000
INFO 2026-07-27 15:26:37.046 joltshadow - docs §87: resync landing (player) w=0 pre=0.5173 post=-0.0095 m R=0.629 dY=-1.1182 dRotDeg=0.15 |corr|=1.1217 m
INFO 2026-07-27 15:26:37.046 joltshadow - docs §87: resync landing (player) w=1 pre=0.5137 post=-0.0091 m R=0.629 dY=-1.1182 dRotDeg=0.15 |corr|=1.1217 m
INFO 2026-07-27 15:26:37.046 joltshadow - docs §87: resync landing (player) w=2 pre=0.4465 post=-0.0097 m R=0.635 dY=-1.1182 dRotDeg=0.15 |corr|=1.1217 m
INFO 2026-07-27 15:26:37.046 joltshadow - docs §87: resync landing (player) w=3 pre=0.4426 post=-0.0092 m R=0.635 dY=-1.1182 dRotDeg=0.15 |corr|=1.1217 m
INFO 2026-07-27 15:26:37.047 joltshadow - docs §82: resync RESIDUAL (player) #8 pos=0.0000 m up=0.0000 deg
INFO 2026-07-27 15:26:37.069 joltshadow - docs §70.1: slipdense (player) f=248 w=0 grounded=1 kappa=-0.220 fnGround=1200 omega=-0.12 | ftGround=-148N target=0.0 limit=3020Nm motorNm=-93 tyreNm=87 inertia=1.78 limRot=0/-3/0 omegaPre=-0.08 posN=-3/105/0 susp=-0.5052 springN=2376
INFO 2026-07-27 15:26:37.069 joltshadow - docs §70.1: slipdense (player) f=248 w=1 grounded=1 kappa=-0.220 fnGround=1200 omega=-0.12 | ftGround=-148N target=0.0 limit=3020Nm motorNm=-93 tyreNm=87 inertia=1.78 limRot=0/-2/0 omegaPre=-0.08 posN=-3/104/0 susp=-0.5055 springN=2381
INFO 2026-07-27 15:26:37.069 joltshadow - docs §70.1: slipdense (player) f=248 w=2 grounded=1 kappa=-0.204 fnGround=1200 omega=-0.12 | ftGround=-138N target=0.0 limit=3049Nm motorNm=-84 tyreNm=78 inertia=1.82 limRot=0/-2/-0 omegaPre=-0.08 posN=-4/86/0 susp=-0.5472 springN=2793
INFO 2026-07-27 15:26:37.069 joltshadow - docs §70.1: slipdense (player) f=248 w=3 grounded=1 kappa=-0.204 fnGround=1199 omega=-0.12 | ftGround=-137N target=0.0 limit=3047Nm motorNm=-84 tyreNm=77 inertia=1.82 limRot=0/-2/0 omegaPre=-0.08 posN=-4/85/0 susp=-0.5475 springN=2799
INFO 2026-07-27 15:26:37.069 joltshadow - docs §78: attdense (player) f=248 joltTilt=0.97 odeTilt=1.09 upDelta=0.12 wBody=(-0.12,0.00,-0.00) |w|=0.12 grounded=4
INFO 2026-07-27 15:26:37.113 joltshadow - docs §70.1: slipdense (player) f=252 w=0 grounded=1 kappa=-0.121 fnGround=1144 omega=-0.14 | ftGround=-99N target=0.0 limit=3020Nm motorNm=-57 tyreNm=59 inertia=1.78 limRot=0/-1/0 omegaPre=-0.16 posN=-1/62/0 susp=-0.3587 springN=903
INFO 2026-07-27 15:26:37.113 joltshadow - docs §70.1: slipdense (player) f=252 w=1 grounded=1 kappa=-0.121 fnGround=1149 omega=-0.14 | ftGround=-99N target=0.0 limit=3020Nm motorNm=-56 tyreNm=59 inertia=1.78 limRot=0/-1/0 omegaPre=-0.16 posN=-1/62/0 susp=-0.3602 springN=912
INFO 2026-07-27 15:26:37.114 joltshadow - docs §70.1: slipdense (player) f=252 w=2 grounded=1 kappa=-0.097 fnGround=1200 omega=-0.14 | ftGround=-80N target=0.0 limit=3049Nm motorNm=-45 tyreNm=48 inertia=1.82 limRot=0/-1/0 omegaPre=-0.16 posN=-1/32/0 susp=-0.4463 springN=1584
INFO 2026-07-27 15:26:37.114 joltshadow - docs §70.1: slipdense (player) f=252 w=3 grounded=1 kappa=-0.097 fnGround=1200 omega=-0.14 | ftGround=-79N target=0.0 limit=3049Nm motorNm=-45 tyreNm=48 inertia=1.82 limRot=0/-1/0 omegaPre=-0.16 posN=-1/32/0 susp=-0.4479 springN=1596
INFO 2026-07-27 15:26:37.114 joltshadow - docs §78: attdense (player) f=252 joltTilt=1.19 odeTilt=1.09 upDelta=0.11 wBody=(-0.14,0.00,-0.00) |w|=0.14 grounded=4
INFO 2026-07-27 15:26:37.161 joltshadow - docs §70.1: slipdense (player) f=256 w=0 grounded=1 kappa=0.074 fnGround=0 omega=-0.06 | ftGround=0N target=0.0 limit=1001Nm motorNm=4 tyreNm=0 inertia=1.78 limRot=0/0/0 omegaPre=-0.09 posN=1/-7/0 susp=-0.1688 springN=-80
INFO 2026-07-27 15:26:37.161 joltshadow - docs §70.1: slipdense (player) f=256 w=1 grounded=1 kappa=0.073 fnGround=0 omega=-0.06 | ftGround=0N target=0.0 limit=1036Nm motorNm=4 tyreNm=0 inertia=1.78 limRot=0/0/0 omegaPre=-0.09 posN=0/-8/0 susp=-0.1730 springN=-60
INFO 2026-07-27 15:26:37.161 joltshadow - docs §70.1: slipdense (player) f=256 w=2 grounded=1 kappa=0.071 fnGround=691 omega=-0.06 | ftGround=53N target=0.0 limit=2338Nm motorNm=37 tyreNm=-33 inertia=1.82 limRot=0/3/-0 omegaPre=-0.09 posN=5/-76/0 susp=-0.2586 springN=447
INFO 2026-07-27 15:26:37.161 joltshadow - docs §70.1: slipdense (player) f=256 w=3 grounded=1 kappa=0.070 fnGround=710 omega=-0.06 | ftGround=52N target=0.0 limit=2378Nm motorNm=37 tyreNm=-32 inertia=1.82 limRot=0/3/-0 omegaPre=-0.09 posN=5/-76/0 susp=-0.2632 springN=467
INFO 2026-07-27 15:26:37.161 joltshadow - docs §78: attdense (player) f=256 joltTilt=1.48 odeTilt=1.09 upDelta=0.41 wBody=(-0.06,-0.00,0.00) |w|=0.06 grounded=4
INFO 2026-07-27 15:26:37.203 joltshadow - docs §70.1: slipdense (player) f=260 w=0 grounded=0 kappa=0.000 fnGround=0 omega=0.03 | ftGround=0N target=0.0 limit=815Nm motorNm=2 tyreNm=0 inertia=1.78 limRot=0/0/0 omegaPre=0.01 posN=1/-12/0 susp=-0.0474 springN=-313
INFO 2026-07-27 15:26:37.203 joltshadow - docs §70.1: slipdense (player) f=260 w=1 grounded=0 kappa=0.000 fnGround=0 omega=0.03 | ftGround=0N target=0.0 limit=815Nm motorNm=2 tyreNm=0 inertia=1.78 limRot=0/0/0 omegaPre=0.01 posN=1/-12/0 susp=-0.0516 springN=-312
INFO 2026-07-27 15:26:37.204 joltshadow - docs §70.1: slipdense (player) f=260 w=2 grounded=0 kappa=0.000 fnGround=0 omega=0.03 | ftGround=0N target=0.0 limit=823Nm motorNm=2 tyreNm=0 inertia=1.82 limRot=0/0/0 omegaPre=0.01 posN=1/-12/0 susp=-0.1172 springN=-206
INFO 2026-07-27 15:26:37.204 joltshadow - docs §70.1: slipdense (player) f=260 w=3 grounded=0 kappa=0.000 fnGround=0 omega=0.03 | ftGround=0N target=0.0 limit=823Nm motorNm=2 tyreNm=0 inertia=1.82 limRot=0/0/0 omegaPre=0.01 posN=1/-12/0 susp=-0.1231 springN=-190
INFO 2026-07-27 15:26:37.204 joltshadow - docs §78: attdense (player) f=260 joltTilt=1.51 odeTilt=1.09 upDelta=0.44 wBody=(0.03,0.00,0.01) |w|=0.03 grounded=0
INFO 2026-07-27 15:26:37.253 joltshadow - docs §70.1: slipdense (player) f=264 w=0 grounded=0 kappa=0.000 fnGround=0 omega=0.05 | ftGround=0N target=0.0 limit=815Nm motorNm=-0 tyreNm=0 inertia=1.78 limRot=0/-0/0 omegaPre=0.05 posN=-0/2/0 susp=0.0035 springN=-126
INFO 2026-07-27 15:26:37.253 joltshadow - docs §70.1: slipdense (player) f=264 w=1 grounded=0 kappa=0.000 fnGround=0 omega=0.05 | ftGround=0N target=0.0 limit=815Nm motorNm=-0 tyreNm=0 inertia=1.78 limRot=0/-0/0 omegaPre=0.05 posN=-0/2/0 susp=0.0015 springN=-132
INFO 2026-07-27 15:26:37.253 joltshadow - docs §70.1: slipdense (player) f=264 w=2 grounded=0 kappa=0.000 fnGround=0 omega=0.05 | ftGround=0N target=0.0 limit=823Nm motorNm=-0 tyreNm=0 inertia=1.82 limRot=0/-0/-0 omegaPre=0.05 posN=-0/1/0 susp=-0.0152 springN=-248
INFO 2026-07-27 15:26:37.253 joltshadow - docs §70.1: slipdense (player) f=264 w=3 grounded=0 kappa=0.000 fnGround=0 omega=0.05 | ftGround=0N target=0.0 limit=823Nm motorNm=-0 tyreNm=0 inertia=1.82 limRot=0/-0/-0 omegaPre=0.05 posN=-0/1/0 susp=-0.0184 springN=-252
INFO 2026-07-27 15:26:37.253 joltshadow - docs §78: attdense (player) f=264 joltTilt=1.38 odeTilt=1.09 upDelta=0.33 wBody=(0.05,0.00,0.01) |w|=0.05 grounded=0
INFO 2026-07-27 15:26:37.298 joltshadow - docs §70.1: slipdense (player) f=268 w=0 grounded=0 kappa=0.000 fnGround=0 omega=0.03 | ftGround=0N target=0.0 limit=815Nm motorNm=-1 tyreNm=0 inertia=1.78 limRot=0/-0/0 omegaPre=0.03 posN=-1/3/0 susp=0.0067 springN=-19
INFO 2026-07-27 15:26:37.298 joltshadow - docs §70.1: slipdense (player) f=268 w=1 grounded=0 kappa=0.000 fnGround=0 omega=0.03 | ftGround=0N target=0.0 limit=815Nm motorNm=-1 tyreNm=0 inertia=1.78 limRot=0/-0/0 omegaPre=0.03 posN=-1/3/0 susp=0.0062 springN=-23
INFO 2026-07-27 15:26:37.298 joltshadow - docs §70.1: slipdense (player) f=268 w=2 grounded=0 kappa=0.000 fnGround=0 omega=0.03 | ftGround=0N target=0.0 limit=823Nm motorNm=-1 tyreNm=0 inertia=1.82 limRot=0/-0/-0 omegaPre=0.03 posN=-1/3/0 susp=0.0084 springN=-92
INFO 2026-07-27 15:26:37.298 joltshadow - docs §70.1: slipdense (player) f=268 w=3 grounded=0 kappa=0.000 fnGround=0 omega=0.03 | ftGround=0N target=0.0 limit=823Nm motorNm=-1 tyreNm=0 inertia=1.82 limRot=0/-0/-0 omegaPre=0.03 posN=-1/2/0 susp=0.0076 springN=-99
INFO 2026-07-27 15:26:37.298 joltshadow - docs §78: attdense (player) f=268 joltTilt=1.28 odeTilt=1.09 upDelta=0.24 wBody=(0.03,0.00,0.01) |w|=0.03 grounded=0
INFO 2026-07-27 15:26:37.341 joltshadow - docs §70.1: slipdense (player) f=272 w=0 grounded=0 kappa=0.000 fnGround=0 omega=0.02 | ftGround=0N target=0.0 limit=815Nm motorNm=-0 tyreNm=0 inertia=1.78 limRot=0/-0/0 omegaPre=0.02 posN=-0/1/0 susp=0.0026 springN=8
INFO 2026-07-27 15:26:37.341 joltshadow - docs §70.1: slipdense (player) f=272 w=1 grounded=0 kappa=0.000 fnGround=0 omega=0.02 | ftGround=0N target=0.0 limit=815Nm motorNm=-0 tyreNm=0 inertia=1.78 limRot=0/-0/0 omegaPre=0.02 posN=-0/1/0 susp=0.0026 springN=7
INFO 2026-07-27 15:26:37.341 joltshadow - docs §70.1: slipdense (player) f=272 w=2 grounded=0 kappa=0.000 fnGround=0 omega=0.02 | ftGround=0N target=0.0 limit=823Nm motorNm=-0 tyreNm=0 inertia=1.82 limRot=0/-0/-0 omegaPre=0.02 posN=-0/1/0 susp=0.0069 springN=-9
INFO 2026-07-27 15:26:37.342 joltshadow - docs §70.1: slipdense (player) f=272 w=3 grounded=0 kappa=0.000 fnGround=0 omega=0.02 | ftGround=0N target=0.0 limit=823Nm motorNm=-0 tyreNm=0 inertia=1.82 limRot=0/-0/-0 omegaPre=0.02 posN=-0/1/0 susp=0.0070 springN=-13
INFO 2026-07-27 15:26:37.342 joltshadow - docs §78: attdense (player) f=272 joltTilt=1.21 odeTilt=1.09 upDelta=0.18 wBody=(0.02,0.00,0.00) |w|=0.02 grounded=0
INFO 2026-07-27 15:26:37.383 joltshadow - docs §70.1: slipdense (player) f=276 w=0 grounded=0 kappa=0.000 fnGround=0 omega=0.02 | ftGround=0N target=0.0 limit=815Nm motorNm=-0 tyreNm=0 inertia=1.78 limRot=0/-0/0 omegaPre=0.02 posN=-0/0/0 susp=0.0004 springN=7
INFO 2026-07-27 15:26:37.383 joltshadow - docs §70.1: slipdense (player) f=276 w=1 grounded=0 kappa=0.000 fnGround=0 omega=0.02 | ftGround=0N target=0.0 limit=815Nm motorNm=-0 tyreNm=0 inertia=1.78 limRot=0/-0/0 omegaPre=0.02 posN=-0/0/0 susp=0.0005 springN=7
INFO 2026-07-27 15:26:37.383 joltshadow - docs §70.1: slipdense (player) f=276 w=2 grounded=0 kappa=0.000 fnGround=0 omega=0.02 | ftGround=0N target=0.0 limit=823Nm motorNm=-0 tyreNm=0 inertia=1.82 limRot=0/-0/-0 omegaPre=0.02 posN=-0/0/0 susp=0.0026 springN=10
INFO 2026-07-27 15:26:37.383 joltshadow - docs §70.1: slipdense (player) f=276 w=3 grounded=0 kappa=0.000 fnGround=0 omega=0.02 | ftGround=0N target=0.0 limit=823Nm motorNm=-0 tyreNm=0 inertia=1.82 limRot=0/-0/-0 omegaPre=0.02 posN=-0/0/0 susp=0.0028 springN=9
INFO 2026-07-27 15:26:37.383 joltshadow - docs §78: attdense (player) f=276 joltTilt=1.16 odeTilt=1.09 upDelta=0.15 wBody=(0.02,0.00,0.00) |w|=0.02 grounded=0
INFO 2026-07-27 15:26:37.427 joltshadow - docs §70.1: slipdense (player) f=280 w=0 grounded=0 kappa=0.000 fnGround=0 omega=0.02 | ftGround=0N target=0.0 limit=815Nm motorNm=0 tyreNm=0 inertia=1.78 limRot=0/0/0 omegaPre=0.02 posN=0/-0/0 susp=-0.0002 springN=2
INFO 2026-07-27 15:26:37.428 joltshadow - docs §70.1: slipdense (player) f=280 w=1 grounded=0 kappa=0.000 fnGround=0 omega=0.02 | ftGround=0N target=0.0 limit=815Nm motorNm=0 tyreNm=0 inertia=1.78 limRot=0/0/0 omegaPre=0.02 posN=0/-0/0 susp=-0.0001 springN=2
INFO 2026-07-27 15:26:37.428 joltshadow - docs §70.1: slipdense (player) f=280 w=2 grounded=0 kappa=0.000 fnGround=0 omega=0.02 | ftGround=0N target=0.0 limit=823Nm motorNm=0 tyreNm=0 inertia=1.82 limRot=0/0/0 omegaPre=0.02 posN=0/-0/0 susp=0.0001 springN=8
INFO 2026-07-27 15:26:37.428 joltshadow - docs §70.1: slipdense (player) f=280 w=3 grounded=0 kappa=0.000 fnGround=0 omega=0.02 | ftGround=0N target=0.0 limit=823Nm motorNm=0 tyreNm=0 inertia=1.82 limRot=0/0/0 omegaPre=0.02 posN=0/-0/0 susp=0.0001 springN=8
INFO 2026-07-27 15:26:37.428 joltshadow - docs §78: attdense (player) f=280 joltTilt=1.11 odeTilt=1.08 upDelta=0.12 wBody=(0.02,0.00,0.00) |w|=0.02 grounded=0
INFO 2026-07-27 15:26:37.468 joltshadow - docs §70.1: slipdense (player) f=284 w=0 grounded=0 kappa=0.000 fnGround=0 omega=0.02 | ftGround=0N target=0.0 limit=815Nm motorNm=0 tyreNm=0 inertia=1.78 limRot=0/-0/0 omegaPre=0.02 posN=-0/-0/0 susp=-0.0002 springN=1
INFO 2026-07-27 15:26:37.468 joltshadow - docs §70.1: slipdense (player) f=284 w=1 grounded=0 kappa=0.000 fnGround=0 omega=0.02 | ftGround=0N target=0.0 limit=815Nm motorNm=0 tyreNm=0 inertia=1.78 limRot=0/-0/0 omegaPre=0.02 posN=-0/-0/0 susp=-0.0001 springN=0
INFO 2026-07-27 15:26:37.469 joltshadow - docs §70.1: slipdense (player) f=284 w=2 grounded=0 kappa=0.000 fnGround=0 omega=0.02 | ftGround=0N target=0.0 limit=823Nm motorNm=0 tyreNm=0 inertia=1.82 limRot=0/-0/-0 omegaPre=0.02 posN=-0/-0/0 susp=-0.0005 springN=4
INFO 2026-07-27 15:26:37.469 joltshadow - docs §70.1: slipdense (player) f=284 w=3 grounded=0 kappa=0.000 fnGround=0 omega=0.02 | ftGround=0N target=0.0 limit=823Nm motorNm=0 tyreNm=0 inertia=1.82 limRot=0/-0/-0 omegaPre=0.02 posN=-0/-0/0 susp=-0.0004 springN=3
INFO 2026-07-27 15:26:37.469 joltshadow - docs §78: attdense (player) f=284 joltTilt=1.06 odeTilt=1.08 upDelta=0.11 wBody=(0.02,0.00,0.00) |w|=0.02 grounded=0
INFO 2026-07-27 15:26:37.511 joltshadow - docs §70.1: slipdense (player) f=288 w=0 grounded=0 kappa=0.000 fnGround=0 omega=0.02 | ftGround=0N target=0.0 limit=815Nm motorNm=0 tyreNm=0 inertia=1.78 limRot=0/-0/0 omegaPre=0.02 posN=-0/0/0 susp=0.0000 springN=-0
INFO 2026-07-27 15:26:37.511 joltshadow - docs §70.1: slipdense (player) f=288 w=1 grounded=0 kappa=0.000 fnGround=0 omega=0.02 | ftGround=0N target=0.0 limit=815Nm motorNm=0 tyreNm=0 inertia=1.78 limRot=0/-0/0 omegaPre=0.02 posN=-0/0/0 susp=0.0002 springN=-0
INFO 2026-07-27 15:26:37.511 joltshadow - docs §70.1: slipdense (player) f=288 w=2 grounded=0 kappa=0.000 fnGround=0 omega=0.02 | ftGround=0N target=0.0 limit=823Nm motorNm=0 tyreNm=0 inertia=1.82 limRot=0/-0/-0 omegaPre=0.02 posN=-0/0/0 susp=-0.0005 springN=1
INFO 2026-07-27 15:26:37.511 joltshadow - docs §70.1: slipdense (player) f=288 w=3 grounded=0 kappa=0.000 fnGround=0 omega=0.02 | ftGround=0N target=0.0 limit=823Nm motorNm=0 tyreNm=0 inertia=1.82 limRot=0/-0/-0 omegaPre=0.02 posN=-0/0/0 susp=-0.0003 springN=1
INFO 2026-07-27 15:26:37.511 joltshadow - docs §78: attdense (player) f=288 joltTilt=1.01 odeTilt=1.08 upDelta=0.12 wBody=(0.02,0.00,0.00) |w|=0.02 grounded=0
INFO 2026-07-27 15:26:37.546 joltshadow - docs §82: resync (player) #9 dt=0.50s upMax=0.453 deg posMax=1.128 m odeTiltPath=0.008 deg gain=-1.0000
INFO 2026-07-27 15:26:37.546 joltshadow - docs §87: resync landing (player) w=0 pre=0.5245 post=-0.0095 m R=0.629 dY=-1.1235 dRotDeg=0.15 |corr|=1.1271 m
INFO 2026-07-27 15:26:37.546 joltshadow - docs §87: resync landing (player) w=1 pre=0.5210 post=-0.0091 m R=0.629 dY=-1.1235 dRotDeg=0.15 |corr|=1.1271 m
INFO 2026-07-27 15:26:37.546 joltshadow - docs §87: resync landing (player) w=2 pre=0.4540 post=-0.0097 m R=0.635 dY=-1.1235 dRotDeg=0.15 |corr|=1.1271 m
INFO 2026-07-27 15:26:37.546 joltshadow - docs §87: resync landing (player) w=3 pre=0.4502 post=-0.0092 m R=0.635 dY=-1.1235 dRotDeg=0.15 |corr|=1.1271 m
INFO 2026-07-27 15:26:37.546 joltshadow - docs §82: resync RESIDUAL (player) #9 pos=0.0000 m up=0.0000 deg
INFO 2026-07-27 15:26:37.557 joltshadow - docs §70.1: slipdense (player) f=292 w=0 grounded=1 kappa=-0.125 fnGround=1200 omega=-0.07 | ftGround=-102N target=0.0 limit=815Nm motorNm=-69 tyreNm=60 inertia=1.78 limRot=0/-3/0 omegaPre=0.02 posN=-4/69/0 susp=-0.5215 springN=2805
INFO 2026-07-27 15:26:37.557 joltshadow - docs §70.1: slipdense (player) f=292 w=1 grounded=1 kappa=-0.124 fnGround=1200 omega=-0.07 | ftGround=-102N target=0.0 limit=815Nm motorNm=-69 tyreNm=59 inertia=1.78 limRot=0/-3/0 omegaPre=0.02 posN=-4/69/0 susp=-0.5218 springN=2809
INFO 2026-07-27 15:26:37.557 joltshadow - docs §70.1: slipdense (player) f=292 w=2 grounded=1 kappa=-0.117 fnGround=1200 omega=-0.07 | ftGround=-95N target=0.0 limit=823Nm motorNm=-63 tyreNm=54 inertia=1.82 limRot=0/-4/-0 omegaPre=0.02 posN=-5/54/0 susp=-0.5655 springN=3173
INFO 2026-07-27 15:26:37.558 joltshadow - docs §70.1: slipdense (player) f=292 w=3 grounded=1 kappa=-0.116 fnGround=1199 omega=-0.07 | ftGround=-95N target=0.0 limit=823Nm motorNm=-63 tyreNm=54 inertia=1.82 limRot=0/-4/-0 omegaPre=0.02 posN=-5/54/0 susp=-0.5657 springN=3177
INFO 2026-07-27 15:26:37.558 joltshadow - docs §78: attdense (player) f=292 joltTilt=1.00 odeTilt=1.08 upDelta=0.09 wBody=(-0.07,0.00,-0.00) |w|=0.07 grounded=4
INFO 2026-07-27 15:26:37.600 joltshadow - docs §70.1: slipdense (player) f=296 w=0 grounded=1 kappa=-0.187 fnGround=1200 omega=-0.16 | ftGround=-126N target=0.0 limit=3020Nm motorNm=-75 tyreNm=76 inertia=1.78 limRot=0/-1/0 omegaPre=-0.16 posN=-2/88/0 susp=-0.4100 springN=1299
INFO 2026-07-27 15:26:37.600 joltshadow - docs §70.1: slipdense (player) f=296 w=1 grounded=1 kappa=-0.186 fnGround=1200 omega=-0.16 | ftGround=-126N target=0.0 limit=3020Nm motorNm=-75 tyreNm=75 inertia=1.78 limRot=0/-1/0 omegaPre=-0.16 posN=-2/88/0 susp=-0.4110 springN=1307
INFO 2026-07-27 15:26:37.600 joltshadow - docs §70.1: slipdense (player) f=296 w=2 grounded=1 kappa=-0.163 fnGround=1200 omega=-0.16 | ftGround=-110N target=0.0 limit=3049Nm motorNm=-65 tyreNm=66 inertia=1.82 limRot=0/-1/-0 omegaPre=-0.16 posN=-2/59/0 susp=-0.4865 springN=1954
INFO 2026-07-27 15:26:37.600 joltshadow - docs §70.1: slipdense (player) f=296 w=3 grounded=1 kappa=-0.163 fnGround=1200 omega=-0.16 | ftGround=-110N target=0.0 limit=3048Nm motorNm=-65 tyreNm=66 inertia=1.82 limRot=0/-1/-0 omegaPre=-0.16 posN=-2/58/0 susp=-0.4873 springN=1961
INFO 2026-07-27 15:26:37.600 joltshadow - docs §78: attdense (player) f=296 joltTilt=1.07 odeTilt=1.08 upDelta=0.00 wBody=(-0.16,0.00,-0.00) |w|=0.16 grounded=4
INFO 2026-07-27 15:26:37.644 joltshadow - docs §70.1: slipdense (player) f=300 w=0 grounded=1 kappa=0.012 fnGround=493 omega=-0.10 | ftGround=8N target=0.0 limit=1757Nm motorNm=8 tyreNm=-5 inertia=1.78 limRot=0/1/0 omegaPre=-0.11 posN=1/-21/0 susp=-0.2313 springN=239
INFO 2026-07-27 15:26:37.644 joltshadow - docs §70.1: slipdense (player) f=300 w=1 grounded=1 kappa=0.012 fnGround=505 omega=-0.10 | ftGround=8N target=0.0 limit=1783Nm motorNm=8 tyreNm=-5 inertia=1.78 limRot=0/1/0 omegaPre=-0.11 posN=1/-21/0 susp=-0.2343 springN=253
INFO 2026-07-27 15:26:37.644 joltshadow - docs §70.1: slipdense (player) f=300 w=2 grounded=1 kappa=0.009 fnGround=1015 omega=-0.10 | ftGround=6N target=0.0 limit=2994Nm motorNm=7 tyreNm=-4 inertia=1.82 limRot=0/1/0 omegaPre=-0.11 posN=2/-30/0 susp=-0.3221 springN=760
INFO 2026-07-27 15:26:37.644 joltshadow - docs §70.1: slipdense (player) f=300 w=3 grounded=1 kappa=0.009 fnGround=1028 omega=-0.10 | ftGround=6N target=0.0 limit=3008Nm motorNm=7 tyreNm=-4 inertia=1.82 limRot=0/1/0 omegaPre=-0.11 posN=2/-30/0 susp=-0.3257 springN=776
INFO 2026-07-27 15:26:37.644 joltshadow - docs §78: attdense (player) f=300 joltTilt=1.40 odeTilt=1.09 upDelta=0.32 wBody=(-0.10,-0.00,-0.00) |w|=0.10 grounded=4
INFO 2026-07-27 15:26:37.644 joltshadow - Shadow divergence (player): pos=1.633m vel=4.315m/s angle=0.3deg (jolt com=[4668.5 259.6 1251.9] ode com=[4668.5 258.0 1251.5])
INFO 2026-07-27 15:26:37.644 joltshadow - docs §23.6: driver input (player) realThrottle=10.00 brake=0.01 handBrake=1 steerRad=0.000
INFO 2026-07-27 15:26:37.644 joltshadow - docs §32: Jolt SHADOW chassis pitch (player) forward=(-0.222, 0.024, -0.975)
INFO 2026-07-27 15:26:37.644 joltshadow - docs §69: tilt (player) jolt=1.4 deg ode=1.1 deg delta=+0.3 deg upDelta=0.32 deg
INFO 2026-07-27 15:26:37.644 joltshadow - docs §32.4: Jolt SHADOW chassis lowest corner (player) = (4667.79,258.16,1255.31) clearanceToGround=0.159
INFO 2026-07-27 15:26:37.645 joltshadow - docs §23.5: wheel state (player) wheel=0 contact=0 suspLen=1.050 (range 0.050-1.050, 0% compressed) angVel=0.00
INFO 2026-07-27 15:26:37.645 joltshadow - docs §38.11: wheel=0 NO contact, worldAxle=(0.975,0.001,-0.222)
INFO 2026-07-27 15:26:37.645 joltshadow - docs §32: no-contact raycast (player) wheel=0 bodyPos=(4668.46,258.83,1251.52) localMPos=(-1.155,0.060,2.270) origin=(4669.08,258.94,1249.05) dir=(-0.004,-1.000,-0.024) normalRayLen=1.679 groundFoundAt=0.000 shortfallBeyondTravel=-1.679 hitBody=8391036 hitLayer=4 hitMotion=2 hitIsSelfChassis=0
INFO 2026-07-27 15:26:37.645 joltshadow - docs §23.5: wheel state (player) wheel=1 contact=0 suspLen=1.050 (range 0.050-1.050, 0% compressed) angVel=0.00
INFO 2026-07-27 15:26:37.645 joltshadow - docs §38.11: wheel=1 NO contact, worldAxle=(0.975,0.001,-0.222)
INFO 2026-07-27 15:26:37.645 joltshadow - docs §32: no-contact raycast (player) wheel=1 bodyPos=(4668.46,258.83,1251.52) localMPos=(1.155,0.059,2.270) origin=(4666.82,258.94,1249.56) dir=(-0.004,-1.000,-0.024) normalRayLen=1.679 groundFoundAt=0.000 shortfallBeyondTravel=-1.679 hitBody=8391037 hitLayer=4 hitMotion=2 hitIsSelfChassis=0
INFO 2026-07-27 15:26:37.645 joltshadow - docs §23.5: wheel state (player) wheel=2 contact=0 suspLen=1.050 (range 0.050-1.050, 0% compressed) angVel=0.00
INFO 2026-07-27 15:26:37.645 joltshadow - docs §38.11: wheel=2 NO contact, worldAxle=(0.975,0.001,-0.222)
INFO 2026-07-27 15:26:37.645 joltshadow - docs §32: no-contact raycast (player) wheel=2 bodyPos=(4668.46,258.83,1251.52) localMPos=(-1.253,0.145,-2.062) origin=(4670.14,258.92,1253.25) dir=(-0.004,-1.000,-0.024) normalRayLen=1.685 groundFoundAt=0.000 shortfallBeyondTravel=-1.685 hitBody=8391038 hitLayer=4 hitMotion=2 hitIsSelfChassis=0
INFO 2026-07-27 15:26:37.645 joltshadow - docs §23.5: wheel state (player) wheel=3 contact=0 suspLen=1.050 (range 0.050-1.050, 0% compressed) angVel=0.00
INFO 2026-07-27 15:26:37.645 joltshadow - docs §38.11: wheel=3 NO contact, worldAxle=(0.975,0.001,-0.222)
INFO 2026-07-27 15:26:37.645 joltshadow - docs §32: no-contact raycast (player) wheel=3 bodyPos=(4668.46,258.83,1251.52) localMPos=(1.253,0.146,-2.062) origin=(4667.69,258.92,1253.81) dir=(-0.004,-1.000,-0.024) normalRayLen=1.685 groundFoundAt=0.000 shortfallBeyondTravel=-1.685 hitBody=8391039 hitLayer=4 hitMotion=2 hitIsSelfChassis=0
INFO 2026-07-27 15:26:37.645 joltshadow - docs §59/63: harvest (player) wheelsWithContact=4 contactPoints=8 overflow=0 (of 4) | maxNormalF=1028N bound(k_t*tau)=1200N ratio=0.86
INFO 2026-07-27 15:26:37.645 joltshadow - docs §58: wheel body (player) w=0 springF=239N stopF=0N travel=-0.2313 (limits -0.5000..0.5000 rel spawn) kSusp=6000 sagPredicted=0.0399 | frameTrav=-0.2572..-0.2313 frameStopN=0
INFO 2026-07-27 15:26:37.645 joltshadow - docs §66: tyre band (player) w=0 fnGround=493N fnTotal=493N pen=0.01000 penRaw=0.01761 tau=0.01000 pen/tau=1.00 | recs tyre=1 rim=1 survived=1 stale=0 distMax=0.97R
INFO 2026-07-27 15:26:37.646 joltshadow - docs §68: steer (player) w=0 steerable=1 commanded=0.000 rad measured=0.000 rad err=0.00 deg steerSign=-1 steerTq=0Nm cap=1757Nm sat=0.00
INFO 2026-07-27 15:26:37.646 joltshadow - docs §70: slip (player) w=0 grounded=1 kappa=0.012 fnGround=493N omega=-0.10
INFO 2026-07-27 15:26:37.646 joltshadow - docs §67: spin (player) w=0 driven=1 omega=-0.10 rad/s surfaceSpeed=-0.06 m/s spinSign=+1 motorTq=8Nm cmdTq=1757Nm
INFO 2026-07-27 15:26:37.646 joltshadow - docs §58: wheel body (player) w=1 springF=253N stopF=0N travel=-0.2343 (limits -0.5000..0.5000 rel spawn) kSusp=6000 sagPredicted=0.0422 | frameTrav=-0.2599..-0.2343 frameStopN=0
INFO 2026-07-27 15:26:37.646 joltshadow - docs §66: tyre band (player) w=1 fnGround=505N fnTotal=505N pen=0.01000 penRaw=0.01795 tau=0.01000 pen/tau=1.00 | recs tyre=1 rim=1 survived=1 stale=0 distMax=0.97R
INFO 2026-07-27 15:26:37.646 joltshadow - docs §68: steer (player) w=1 steerable=1 commanded=0.000 rad measured=0.000 rad err=0.00 deg steerSign=-1 steerTq=0Nm cap=1783Nm sat=0.00
INFO 2026-07-27 15:26:37.646 joltshadow - docs §70: slip (player) w=1 grounded=1 kappa=0.012 fnGround=505N omega=-0.10
INFO 2026-07-27 15:26:37.646 joltshadow - docs §67: spin (player) w=1 driven=1 omega=-0.10 rad/s surfaceSpeed=-0.06 m/s spinSign=+1 motorTq=8Nm cmdTq=1783Nm
INFO 2026-07-27 15:26:37.646 joltshadow - docs §58: wheel body (player) w=2 springF=760N stopF=0N travel=-0.3221 (limits -0.5000..0.5000 rel spawn) kSusp=6000 sagPredicted=0.1266 | frameTrav=-0.3486..-0.3221 frameStopN=0
INFO 2026-07-27 15:26:37.646 joltshadow - docs §66: tyre band (player) w=2 fnGround=1015N fnTotal=1016N pen=0.01000 penRaw=0.02877 tau=0.01000 pen/tau=1.00 | recs tyre=1 rim=1 survived=1 stale=0 distMax=0.95R
INFO 2026-07-27 15:26:37.646 joltshadow - docs §68: steer (player) w=2 steerable=0 commanded=0.000 rad measured=0.000 rad err=0.00 deg steerSign=-1 steerTq=0Nm cap=340282346638528859811704183484516925440Nm sat=0.00
INFO 2026-07-27 15:26:37.646 joltshadow - docs §70: slip (player) w=2 grounded=1 kappa=0.009 fnGround=1015N omega=-0.10
INFO 2026-07-27 15:26:37.646 joltshadow - docs §67: spin (player) w=2 driven=1 omega=-0.10 rad/s surfaceSpeed=-0.06 m/s spinSign=+1 motorTq=7Nm cmdTq=2994Nm
INFO 2026-07-27 15:26:37.646 joltshadow - docs §58: wheel body (player) w=3 springF=776N stopF=0N travel=-0.3257 (limits -0.5000..0.5000 rel spawn) kSusp=6000 sagPredicted=0.1293 | frameTrav=-0.3517..-0.3257 frameStopN=0
INFO 2026-07-27 15:26:37.646 joltshadow - docs §66: tyre band (player) w=3 fnGround=1028N fnTotal=1029N pen=0.01000 penRaw=0.02886 tau=0.01000 pen/tau=1.00 | recs tyre=1 rim=1 survived=1 stale=0 distMax=0.95R
INFO 2026-07-27 15:26:37.646 joltshadow - docs §68: steer (player) w=3 steerable=0 commanded=0.000 rad measured=0.000 rad err=0.00 deg steerSign=-1 steerTq=0Nm cap=340282346638528859811704183484516925440Nm sat=0.00
INFO 2026-07-27 15:26:37.646 joltshadow - docs §70: slip (player) w=3 grounded=1 kappa=0.009 fnGround=1028N omega=-0.10
INFO 2026-07-27 15:26:37.646 joltshadow - docs §67: spin (player) w=3 driven=1 omega=-0.10 rad/s surfaceSpeed=-0.06 m/s spinSign=+1 motorTq=7Nm cmdTq=3008Nm
INFO 2026-07-27 15:26:37.646 joltshadow - docs §67: drivetrain (player) gear=0 rpm=23 driveTorque=600Nm perWheel=150Nm driven=4 throttle=1.00 spin=1 | PRE-STEP brake=0.01 handBrake=1
INFO 2026-07-27 15:26:37.646 joltshadow - docs §66: tyre band SUM (player) fnGroundSum=3041N fnTotalSum=3044N weight=1295N carried=2.35 | penSum=0.04000 recs tyre=4 rim=4 stale=0
INFO 2026-07-27 15:26:37.646 joltshadow - docs §30: REAL ODE chassis COM (player) body=54AA14C8 = (4668.453, 257.992, 1251.494) forward=(-0.222, 0.019, -0.975)
INFO 2026-07-27 15:26:37.647 joltshadow - docs §33: real ODE chassis geom (player) #1 = class 0 (not a transform) pos=(4668.453,257.992,1251.494) radius=4.500
INFO 2026-07-27 15:26:37.647 joltshadow - docs §33: real ODE chassis geom (player) #2 = transform, inner class=1 pos=(0.000,1.095,-0.495)
INFO 2026-07-27 15:26:37.647 joltshadow - docs §33: real ODE chassis geom (player) #3 = transform, inner class=1 pos=(0.353,3.466,0.718)
INFO 2026-07-27 15:26:37.647 joltshadow - docs §33: real ODE chassis geom (player) #4 = transform, inner class=1 pos=(0.000,1.818,1.842)
INFO 2026-07-27 15:26:37.647 joltshadow - docs §33: real ODE chassis geom (player) #5 = transform, inner class=1 pos=(0.006,1.981,-2.113)
INFO 2026-07-27 15:26:37.647 joltshadow - docs §33: real ODE chassis geom (player) #6 = class 0 (not a transform) pos=(4668.453,257.992,1251.494) radius=30.000
INFO 2026-07-27 15:26:37.647 joltshadow - docs §33: real ODE chassis geom (player) #7 = class 0 (not a transform) pos=(4668.453,257.992,1251.494) radius=6.436
INFO 2026-07-27 15:26:37.647 joltshadow - docs §33: real ODE chassis geom (player) #8 = class 0 (not a transform) pos=(4668.453,257.992,1251.494) radius=200.000
INFO 2026-07-27 15:26:37.647 joltshadow - docs §33: real ODE chassis (player) has 8 total geom(s) directly attached (4 transform(s)) - compare against BuildChassisCompoundShape's own part/geom count in the build log
INFO 2026-07-27 15:26:37.647 joltshadow - docs §28: REAL ODE wheel state (player) wheel=0 displacement=0.0251 range=1.000 (3% compressed, signed) foreAft=2.270 localZ=2.270 cfm=0.002500 erp=0.2500
INFO 2026-07-27 15:26:37.647 joltshadow - docs §28: REAL ODE wheel state (player) wheel=1 displacement=0.0255 range=1.000 (3% compressed, signed) foreAft=2.270 localZ=2.270 cfm=0.002500 erp=0.2500
INFO 2026-07-27 15:26:37.647 joltshadow - docs §28: REAL ODE wheel state (player) wheel=2 displacement=0.0277 range=1.000 (3% compressed, signed) foreAft=-2.062 localZ=-2.062 cfm=0.002500 erp=0.2500
INFO 2026-07-27 15:26:37.647 joltshadow - docs §28: REAL ODE wheel state (player) wheel=3 displacement=0.0274 range=1.000 (3% compressed, signed) foreAft=-2.062 localZ=-2.062 cfm=0.002500 erp=0.2500
INFO 2026-07-27 15:26:37.692 joltshadow - docs §70.1: slipdense (player) f=304 w=0 grounded=0 kappa=0.000 fnGround=0 omega=0.01 | ftGround=0N target=0.0 limit=815Nm motorNm=4 tyreNm=0 inertia=1.78 limRot=0/0/0 omegaPre=-0.02 posN=1/-17/0 susp=-0.0713 springN=-322
INFO 2026-07-27 15:26:37.692 joltshadow - docs §70.1: slipdense (player) f=304 w=1 grounded=0 kappa=0.000 fnGround=0 omega=0.01 | ftGround=0N target=0.0 limit=815Nm motorNm=4 tyreNm=0 inertia=1.78 limRot=0/0/0 omegaPre=-0.02 posN=1/-17/0 susp=-0.0756 springN=-318
INFO 2026-07-27 15:26:37.692 joltshadow - docs §70.1: slipdense (player) f=304 w=2 grounded=1 kappa=0.233 fnGround=0 omega=0.01 | ftGround=0N target=0.0 limit=831Nm motorNm=4 tyreNm=0 inertia=1.82 limRot=0/0/0 omegaPre=-0.02 posN=1/-16/0 susp=-0.1510 springN=-77
INFO 2026-07-27 15:26:37.692 joltshadow - docs §70.1: slipdense (player) f=304 w=3 grounded=1 kappa=0.233 fnGround=0 omega=0.01 | ftGround=0N target=0.0 limit=1012Nm motorNm=4 tyreNm=0 inertia=1.82 limRot=0/0/0 omegaPre=-0.02 posN=1/-15/0 susp=-0.1570 springN=-51
INFO 2026-07-27 15:26:37.692 joltshadow - docs §78: attdense (player) f=304 joltTilt=1.51 odeTilt=1.09 upDelta=0.45 wBody=(0.01,0.00,0.01) |w|=0.01 grounded=2
INFO 2026-07-27 15:26:37.733 joltshadow - docs §70.1: slipdense (player) f=308 w=0 grounded=0 kappa=0.000 fnGround=0 omega=0.05 | ftGround=0N target=0.0 limit=815Nm motorNm=0 tyreNm=0 inertia=1.78 limRot=0/-0/0 omegaPre=0.04 posN=0/-1/0 susp=-0.0073 springN=-204
INFO 2026-07-27 15:26:37.733 joltshadow - docs §70.1: slipdense (player) f=308 w=1 grounded=0 kappa=0.000 fnGround=0 omega=0.05 | ftGround=0N target=0.0 limit=815Nm motorNm=0 tyreNm=0 inertia=1.78 limRot=0/-0/0 omegaPre=0.04 posN=0/-1/0 susp=-0.0101 springN=-209
INFO 2026-07-27 15:26:37.733 joltshadow - docs §70.1: slipdense (player) f=308 w=2 grounded=0 kappa=0.000 fnGround=0 omega=0.05 | ftGround=0N target=0.0 limit=823Nm motorNm=0 tyreNm=0 inertia=1.82 limRot=0/-0/-0 omegaPre=0.04 posN=0/-2/0 susp=-0.0435 springN=-297
INFO 2026-07-27 15:26:37.733 joltshadow - docs §70.1: slipdense (player) f=308 w=3 grounded=0 kappa=0.000 fnGround=0 omega=0.05 | ftGround=0N target=0.0 limit=823Nm motorNm=0 tyreNm=0 inertia=1.82 limRot=0/-0/-0 omegaPre=0.04 posN=0/-2/0 susp=-0.0480 springN=-297
INFO 2026-07-27 15:26:37.733 joltshadow - docs §78: attdense (player) f=308 joltTilt=1.43 odeTilt=1.09 upDelta=0.37 wBody=(0.05,-0.00,0.01) |w|=0.05 grounded=0
INFO 2026-07-27 15:26:37.774 joltshadow - docs §70.1: slipdense (player) f=312 w=0 grounded=0 kappa=0.000 fnGround=0 omega=0.04 | ftGround=0N target=0.0 limit=815Nm motorNm=-1 tyreNm=0 inertia=1.78 limRot=0/-0/0 omegaPre=0.04 posN=-1/3/0 susp=0.0073 springN=-63
INFO 2026-07-27 15:26:37.774 joltshadow - docs §70.1: slipdense (player) f=312 w=1 grounded=0 kappa=0.000 fnGround=0 omega=0.04 | ftGround=0N target=0.0 limit=815Nm motorNm=-1 tyreNm=0 inertia=1.78 limRot=0/-0/0 omegaPre=0.04 posN=-1/3/0 susp=0.0061 springN=-68
INFO 2026-07-27 15:26:37.774 joltshadow - docs §70.1: slipdense (player) f=312 w=2 grounded=0 kappa=0.000 fnGround=0 omega=0.04 | ftGround=0N target=0.0 limit=823Nm motorNm=-1 tyreNm=0 inertia=1.82 limRot=0/-0/-0 omegaPre=0.04 posN=-1/3/0 susp=0.0014 springN=-170
INFO 2026-07-27 15:26:37.774 joltshadow - docs §70.1: slipdense (player) f=312 w=3 grounded=0 kappa=0.000 fnGround=0 omega=0.04 | ftGround=0N target=0.0 limit=823Nm motorNm=-1 tyreNm=0 inertia=1.82 limRot=0/-0/-0 omegaPre=0.04 posN=-1/3/0 susp=-0.0006 springN=-177
INFO 2026-07-27 15:26:37.774 joltshadow - docs §78: attdense (player) f=312 joltTilt=1.33 odeTilt=1.09 upDelta=0.29 wBody=(0.04,0.00,0.01) |w|=0.04 grounded=0
INFO 2026-07-27 15:26:37.813 joltshadow - docs §70.1: slipdense (player) f=316 w=0 grounded=0 kappa=0.000 fnGround=0 omega=0.03 | ftGround=0N target=0.0 limit=815Nm motorNm=-0 tyreNm=0 inertia=1.78 limRot=0/-0/0 omegaPre=0.03 posN=-0/2/0 susp=0.0053 springN=-3
INFO 2026-07-27 15:26:37.813 joltshadow - docs §70.1: slipdense (player) f=316 w=1 grounded=0 kappa=0.000 fnGround=0 omega=0.03 | ftGround=0N target=0.0 limit=815Nm motorNm=-0 tyreNm=0 inertia=1.78 limRot=0/-0/0 omegaPre=0.03 posN=-0/2/0 susp=0.0053 springN=-7
INFO 2026-07-27 15:26:37.813 joltshadow - docs §70.1: slipdense (player) f=316 w=2 grounded=0 kappa=0.000 fnGround=0 omega=0.03 | ftGround=0N target=0.0 limit=823Nm motorNm=-0 tyreNm=0 inertia=1.82 limRot=0/-0/-0 omegaPre=0.03 posN=-1/2/0 susp=0.0091 springN=-54
INFO 2026-07-27 15:26:37.813 joltshadow - docs §70.1: slipdense (player) f=316 w=3 grounded=0 kappa=0.000 fnGround=0 omega=0.03 | ftGround=0N target=0.0 limit=823Nm motorNm=-0 tyreNm=0 inertia=1.82 limRot=0/-0/-0 omegaPre=0.03 posN=-1/2/0 susp=0.0087 springN=-59
INFO 2026-07-27 15:26:37.813 joltshadow - docs §78: attdense (player) f=316 joltTilt=1.26 odeTilt=1.08 upDelta=0.22 wBody=(0.03,0.00,0.01) |w|=0.03 grounded=0
INFO 2026-07-27 15:26:37.855 joltshadow - docs §70.1: slipdense (player) f=320 w=0 grounded=0 kappa=0.000 fnGround=0 omega=0.02 | ftGround=0N target=0.0 limit=815Nm motorNm=-0 tyreNm=0 inertia=1.78 limRot=0/-0/0 omegaPre=0.02 posN=-0/1/0 susp=0.0018 springN=9
INFO 2026-07-27 15:26:37.855 joltshadow - docs §70.1: slipdense (player) f=320 w=1 grounded=0 kappa=0.000 fnGround=0 omega=0.02 | ftGround=0N target=0.0 limit=815Nm motorNm=-0 tyreNm=0 inertia=1.78 limRot=0/-0/0 omegaPre=0.02 posN=-0/1/0 susp=0.0019 springN=8
INFO 2026-07-27 15:26:37.855 joltshadow - docs §70.1: slipdense (player) f=320 w=2 grounded=0 kappa=0.000 fnGround=0 omega=0.02 | ftGround=0N target=0.0 limit=823Nm motorNm=-0 tyreNm=0 inertia=1.82 limRot=0/-0/-0 omegaPre=0.02 posN=-0/1/0 susp=0.0055 springN=1
INFO 2026-07-27 15:26:37.855 joltshadow - docs §70.1: slipdense (player) f=320 w=3 grounded=0 kappa=0.000 fnGround=0 omega=0.02 | ftGround=0N target=0.0 limit=823Nm motorNm=-0 tyreNm=0 inertia=1.82 limRot=0/-0/-0 omegaPre=0.02 posN=-0/1/0 susp=0.0056 springN=-1
INFO 2026-07-27 15:26:37.855 joltshadow - docs §78: attdense (player) f=320 joltTilt=1.21 odeTilt=1.08 upDelta=0.18 wBody=(0.02,0.00,0.00) |w|=0.02 grounded=0
INFO 2026-07-27 15:26:37.895 joltshadow - docs §70.1: slipdense (player) f=324 w=0 grounded=0 kappa=0.000 fnGround=0 omega=0.02 | ftGround=0N target=0.0 limit=815Nm motorNm=0 tyreNm=0 inertia=1.78 limRot=0/-0/0 omegaPre=0.02 posN=-0/-0/0 susp=0.0004 springN=5
INFO 2026-07-27 15:26:37.895 joltshadow - docs §70.1: slipdense (player) f=324 w=1 grounded=0 kappa=0.000 fnGround=0 omega=0.02 | ftGround=0N target=0.0 limit=815Nm motorNm=0 tyreNm=0 inertia=1.78 limRot=0/-0/0 omegaPre=0.02 posN=-0/-0/0 susp=0.0004 springN=5
INFO 2026-07-27 15:26:37.895 joltshadow - docs §70.1: slipdense (player) f=324 w=2 grounded=0 kappa=0.000 fnGround=0 omega=0.02 | ftGround=0N target=0.0 limit=823Nm motorNm=0 tyreNm=0 inertia=1.82 limRot=0/-0/-0 omegaPre=0.02 posN=-0/-0/0 susp=0.0016 springN=11
INFO 2026-07-27 15:26:37.895 joltshadow - docs §70.1: slipdense (player) f=324 w=3 grounded=0 kappa=0.000 fnGround=0 omega=0.02 | ftGround=0N target=0.0 limit=823Nm motorNm=0 tyreNm=0 inertia=1.82 limRot=0/-0/-0 omegaPre=0.02 posN=-0/-0/0 susp=0.0018 springN=11
INFO 2026-07-27 15:26:37.895 joltshadow - docs §78: attdense (player) f=324 joltTilt=1.17 odeTilt=1.08 upDelta=0.15 wBody=(0.02,0.00,0.00) |w|=0.02 grounded=0
INFO 2026-07-27 15:26:37.935 joltshadow - docs §70.1: slipdense (player) f=328 w=0 grounded=0 kappa=0.000 fnGround=0 omega=0.02 | ftGround=0N target=0.0 limit=815Nm motorNm=0 tyreNm=0 inertia=1.78 limRot=0/-0/0 omegaPre=0.02 posN=-0/-0/0 susp=-0.0001 springN=2
INFO 2026-07-27 15:26:37.935 joltshadow - docs §70.1: slipdense (player) f=328 w=1 grounded=0 kappa=0.000 fnGround=0 omega=0.02 | ftGround=0N target=0.0 limit=815Nm motorNm=0 tyreNm=0 inertia=1.78 limRot=0/-0/0 omegaPre=0.02 posN=-0/-0/0 susp=-0.0001 springN=2
INFO 2026-07-27 15:26:37.935 joltshadow - docs §70.1: slipdense (player) f=328 w=2 grounded=0 kappa=0.000 fnGround=0 omega=0.02 | ftGround=0N target=0.0 limit=823Nm motorNm=0 tyreNm=0 inertia=1.82 limRot=0/-0/-0 omegaPre=0.02 posN=-0/-0/0 susp=-0.0001 springN=7
INFO 2026-07-27 15:26:37.935 joltshadow - docs §70.1: slipdense (player) f=328 w=3 grounded=0 kappa=0.000 fnGround=0 omega=0.02 | ftGround=0N target=0.0 limit=823Nm motorNm=0 tyreNm=0 inertia=1.82 limRot=0/-0/-0 omegaPre=0.02 posN=-0/-0/0 susp=0.0000 springN=7
INFO 2026-07-27 15:26:37.935 joltshadow - docs §78: attdense (player) f=328 joltTilt=1.12 odeTilt=1.08 upDelta=0.12 wBody=(0.02,0.00,0.00) |w|=0.02 grounded=0
INFO 2026-07-27 15:26:37.976 joltshadow - docs §70.1: slipdense (player) f=332 w=0 grounded=0 kappa=0.000 fnGround=0 omega=0.02 | ftGround=0N target=0.0 limit=815Nm motorNm=0 tyreNm=0 inertia=1.78 limRot=0/-0/0 omegaPre=0.02 posN=-0/-0/0 susp=-0.0001 springN=0
INFO 2026-07-27 15:26:37.976 joltshadow - docs §70.1: slipdense (player) f=332 w=1 grounded=0 kappa=0.000 fnGround=0 omega=0.02 | ftGround=0N target=0.0 limit=815Nm motorNm=0 tyreNm=0 inertia=1.78 limRot=0/-0/0 omegaPre=0.02 posN=-0/-0/0 susp=0.0000 springN=0
INFO 2026-07-27 15:26:37.976 joltshadow - docs §70.1: slipdense (player) f=332 w=2 grounded=0 kappa=0.000 fnGround=0 omega=0.02 | ftGround=0N target=0.0 limit=823Nm motorNm=0 tyreNm=0 inertia=1.82 limRot=0/-0/-0 omegaPre=0.02 posN=-0/-0/0 susp=-0.0005 springN=2
INFO 2026-07-27 15:26:37.976 joltshadow - docs §70.1: slipdense (player) f=332 w=3 grounded=0 kappa=0.000 fnGround=0 omega=0.02 | ftGround=0N target=0.0 limit=823Nm motorNm=0 tyreNm=0 inertia=1.82 limRot=0/-0/-0 omegaPre=0.02 posN=-0/-0/0 susp=-0.0004 springN=3
INFO 2026-07-27 15:26:37.976 joltshadow - docs §78: attdense (player) f=332 joltTilt=1.07 odeTilt=1.08 upDelta=0.11 wBody=(0.02,0.00,0.00) |w|=0.02 grounded=0
INFO 2026-07-27 15:26:38.015 joltshadow - docs §70.1: slipdense (player) f=336 w=0 grounded=0 kappa=0.000 fnGround=0 omega=0.02 | ftGround=0N target=0.0 limit=815Nm motorNm=0 tyreNm=0 inertia=1.78 limRot=0/-0/0 omegaPre=0.02 posN=-0/0/0 susp=-0.0000 springN=-0
INFO 2026-07-27 15:26:38.015 joltshadow - docs §70.1: slipdense (player) f=336 w=1 grounded=0 kappa=0.000 fnGround=0 omega=0.02 | ftGround=0N target=0.0 limit=815Nm motorNm=0 tyreNm=0 inertia=1.78 limRot=0/-0/0 omegaPre=0.02 posN=-0/0/0 susp=0.0002 springN=-0
INFO 2026-07-27 15:26:38.015 joltshadow - docs §70.1: slipdense (player) f=336 w=2 grounded=0 kappa=0.000 fnGround=0 omega=0.02 | ftGround=0N target=0.0 limit=823Nm motorNm=0 tyreNm=0 inertia=1.82 limRot=0/-0/-0 omegaPre=0.02 posN=-0/0/0 susp=-0.0004 springN=0
INFO 2026-07-27 15:26:38.016 joltshadow - docs §70.1: slipdense (player) f=336 w=3 grounded=0 kappa=0.000 fnGround=0 omega=0.02 | ftGround=0N target=0.0 limit=823Nm motorNm=0 tyreNm=0 inertia=1.82 limRot=0/-0/-0 omegaPre=0.02 posN=-0/0/0 susp=-0.0003 springN=0
INFO 2026-07-27 15:26:38.016 joltshadow - docs §78: attdense (player) f=336 joltTilt=1.03 odeTilt=1.08 upDelta=0.12 wBody=(0.02,0.00,0.00) |w|=0.02 grounded=0
INFO 2026-07-27 15:26:38.046 joltshadow - docs §82: resync (player) #10 dt=0.50s upMax=0.446 deg posMax=1.121 m odeTiltPath=0.012 deg gain=-1.0000
INFO 2026-07-27 15:26:38.046 joltshadow - docs §87: resync landing (player) w=0 pre=0.5196 post=-0.0095 m R=0.629 dY=-1.1160 dRotDeg=0.13 |corr|=1.1195 m
INFO 2026-07-27 15:26:38.046 joltshadow - docs §87: resync landing (player) w=1 pre=0.5157 post=-0.0091 m R=0.629 dY=-1.1160 dRotDeg=0.13 |corr|=1.1195 m
INFO 2026-07-27 15:26:38.046 joltshadow - docs §87: resync landing (player) w=2 pre=0.4472 post=-0.0096 m R=0.635 dY=-1.1160 dRotDeg=0.13 |corr|=1.1195 m
INFO 2026-07-27 15:26:38.046 joltshadow - docs §87: resync landing (player) w=3 pre=0.4430 post=-0.0092 m R=0.635 dY=-1.1160 dRotDeg=0.13 |corr|=1.1195 m
INFO 2026-07-27 15:26:38.046 joltshadow - docs §82: resync RESIDUAL (player) #10 pos=0.0000 m up=0.0000 deg
INFO 2026-07-27 15:26:38.057 joltshadow - docs §70.1: slipdense (player) f=340 w=0 grounded=1 kappa=-0.125 fnGround=1200 omega=-0.07 | ftGround=-103N target=0.0 limit=815Nm motorNm=-69 tyreNm=60 inertia=1.78 limRot=0/-1/0 omegaPre=0.02 posN=-1/70/0 susp=-0.5208 springN=2795
INFO 2026-07-27 15:26:38.057 joltshadow - docs §70.1: slipdense (player) f=340 w=1 grounded=1 kappa=-0.124 fnGround=1200 omega=-0.07 | ftGround=-102N target=0.0 limit=815Nm motorNm=-69 tyreNm=60 inertia=1.78 limRot=0/-1/0 omegaPre=0.02 posN=-1/69/0 susp=-0.5211 springN=2800
INFO 2026-07-27 15:26:38.057 joltshadow - docs §70.1: slipdense (player) f=340 w=2 grounded=1 kappa=-0.117 fnGround=1200 omega=-0.07 | ftGround=-96N target=0.0 limit=823Nm motorNm=-64 tyreNm=54 inertia=1.82 limRot=0/-2/-0 omegaPre=0.02 posN=-3/55/0 susp=-0.5648 springN=3163
INFO 2026-07-27 15:26:38.057 joltshadow - docs §70.1: slipdense (player) f=340 w=3 grounded=1 kappa=-0.116 fnGround=1199 omega=-0.07 | ftGround=-95N target=0.0 limit=823Nm motorNm=-63 tyreNm=54 inertia=1.82 limRot=0/-2/0 omegaPre=0.02 posN=-3/54/0 susp=-0.5650 springN=3167
INFO 2026-07-27 15:26:38.057 joltshadow - docs §78: attdense (player) f=340 joltTilt=1.00 odeTilt=1.08 upDelta=0.09 wBody=(-0.07,0.00,-0.00) |w|=0.07 grounded=4
INFO 2026-07-27 15:26:38.096 joltshadow - docs §70.1: slipdense (player) f=344 w=0 grounded=1 kappa=-0.197 fnGround=1200 omega=-0.16 | ftGround=-148N target=0.0 limit=3020Nm motorNm=-88 tyreNm=89 inertia=1.78 limRot=0/-1/0 omegaPre=-0.16 posN=-2/105/0 susp=-0.4204 springN=1394
INFO 2026-07-27 15:26:38.096 joltshadow - docs §70.1: slipdense (player) f=344 w=1 grounded=1 kappa=-0.197 fnGround=1200 omega=-0.16 | ftGround=-148N target=0.0 limit=3020Nm motorNm=-88 tyreNm=88 inertia=1.78 limRot=0/-1/0 omegaPre=-0.16 posN=-2/105/0 susp=-0.4214 springN=1403
INFO 2026-07-27 15:26:38.096 joltshadow - docs §70.1: slipdense (player) f=344 w=2 grounded=1 kappa=-0.174 fnGround=1200 omega=-0.16 | ftGround=-131N target=0.0 limit=3049Nm motorNm=-78 tyreNm=78 inertia=1.82 limRot=0/-1/-0 omegaPre=-0.16 posN=-2/74/0 susp=-0.4944 springN=2031
INFO 2026-07-27 15:26:38.096 joltshadow - docs §70.1: slipdense (player) f=344 w=3 grounded=1 kappa=-0.174 fnGround=1200 omega=-0.16 | ftGround=-130N target=0.0 limit=3048Nm motorNm=-77 tyreNm=78 inertia=1.82 limRot=0/-1/0 omegaPre=-0.16 posN=-2/74/0 susp=-0.4951 springN=2039
INFO 2026-07-27 15:26:38.097 joltshadow - docs §78: attdense (player) f=344 joltTilt=1.05 odeTilt=1.08 upDelta=0.04 wBody=(-0.16,0.00,-0.01) |w|=0.16 grounded=4
INFO 2026-07-27 15:26:38.137 joltshadow - docs §70.1: slipdense (player) f=348 w=0 grounded=1 kappa=-0.005 fnGround=609 omega=-0.11 | ftGround=-3N target=0.0 limit=2070Nm motorNm=1 tyreNm=2 inertia=1.78 limRot=0/1/0 omegaPre=-0.12 posN=1/-13/0 susp=-0.2535 springN=344
INFO 2026-07-27 15:26:38.137 joltshadow - docs §70.1: slipdense (player) f=348 w=1 grounded=1 kappa=-0.005 fnGround=622 omega=-0.11 | ftGround=-4N target=0.0 limit=2096Nm motorNm=1 tyreNm=2 inertia=1.78 limRot=0/1/0 omegaPre=-0.12 posN=1/-13/0 susp=-0.2564 springN=358
INFO 2026-07-27 15:26:38.137 joltshadow - docs §70.1: slipdense (player) f=348 w=2 grounded=1 kappa=-0.005 fnGround=1119 omega=-0.11 | ftGround=-4N target=0.0 limit=3047Nm motorNm=1 tyreNm=2 inertia=1.82 limRot=0/1/0 omegaPre=-0.12 posN=2/-22/0 susp=-0.3449 springN=879
INFO 2026-07-27 15:26:38.137 joltshadow - docs §70.1: slipdense (player) f=348 w=3 grounded=1 kappa=-0.005 fnGround=1130 omega=-0.11 | ftGround=-4N target=0.0 limit=3047Nm motorNm=1 tyreNm=2 inertia=1.82 limRot=0/1/0 omegaPre=-0.12 posN=2/-23/0 susp=-0.3482 springN=895
INFO 2026-07-27 15:26:38.137 joltshadow - docs §78: attdense (player) f=348 joltTilt=1.37 odeTilt=1.08 upDelta=0.29 wBody=(-0.11,-0.00,-0.00) |w|=0.11 grounded=4
INFO 2026-07-27 15:26:38.177 joltshadow - docs §70.1: slipdense (player) f=352 w=0 grounded=0 kappa=0.000 fnGround=0 omega=-0.02 | ftGround=0N target=0.0 limit=815Nm motorNm=4 tyreNm=0 inertia=1.78 limRot=0/0/0 omegaPre=-0.05 posN=0/-6/0 susp=-0.1126 springN=-273
INFO 2026-07-27 15:26:38.177 joltshadow - docs §70.1: slipdense (player) f=352 w=1 grounded=0 kappa=0.000 fnGround=0 omega=-0.02 | ftGround=0N target=0.0 limit=815Nm motorNm=4 tyreNm=0 inertia=1.78 limRot=0/0/0 omegaPre=-0.05 posN=0/-6/0 susp=-0.1171 springN=-261
INFO 2026-07-27 15:26:38.177 joltshadow - docs §70.1: slipdense (player) f=352 w=2 grounded=1 kappa=0.158 fnGround=421 omega=-0.02 | ftGround=106N target=0.0 limit=1474Nm motorNm=71 tyreNm=-66 inertia=1.82 limRot=0/4/-0 omegaPre=-0.05 posN=7/-121/0 susp=-0.2002 springN=201
INFO 2026-07-27 15:26:38.177 joltshadow - docs §70.1: slipdense (player) f=352 w=3 grounded=1 kappa=0.158 fnGround=442 omega=-0.02 | ftGround=106N target=0.0 limit=1524Nm motorNm=71 tyreNm=-67 inertia=1.82 limRot=0/4/-0 omegaPre=-0.05 posN=7/-122/0 susp=-0.2054 springN=222
INFO 2026-07-27 15:26:38.177 joltshadow - docs §78: attdense (player) f=352 joltTilt=1.51 odeTilt=1.08 upDelta=0.44 wBody=(-0.02,0.00,0.00) |w|=0.02 grounded=2
INFO 2026-07-27 15:26:38.217 joltshadow - docs §70.1: slipdense (player) f=356 w=0 grounded=0 kappa=0.000 fnGround=0 omega=0.04 | ftGround=0N target=0.0 limit=815Nm motorNm=1 tyreNm=0 inertia=1.78 limRot=0/0/0 omegaPre=0.04 posN=0/-6/0 susp=-0.0241 springN=-268
INFO 2026-07-27 15:26:38.217 joltshadow - docs §70.1: slipdense (player) f=356 w=1 grounded=0 kappa=0.000 fnGround=0 omega=0.04 | ftGround=0N target=0.0 limit=815Nm motorNm=1 tyreNm=0 inertia=1.78 limRot=0/0/0 omegaPre=0.04 posN=0/-6/0 susp=-0.0277 springN=-270
INFO 2026-07-27 15:26:38.217 joltshadow - docs §70.1: slipdense (player) f=356 w=2 grounded=0 kappa=0.000 fnGround=0 omega=0.04 | ftGround=0N target=0.0 limit=823Nm motorNm=1 tyreNm=0 inertia=1.82 limRot=0/0/0 omegaPre=0.04 posN=0/-7/0 susp=-0.0776 springN=-285
INFO 2026-07-27 15:26:38.217 joltshadow - docs §70.1: slipdense (player) f=356 w=3 grounded=0 kappa=0.000 fnGround=0 omega=0.04 | ftGround=0N target=0.0 limit=823Nm motorNm=1 tyreNm=0 inertia=1.82 limRot=0/0/0 omegaPre=0.04 posN=0/-7/0 susp=-0.0829 springN=-278
INFO 2026-07-27 15:26:38.217 joltshadow - docs §78: attdense (player) f=356 joltTilt=1.46 odeTilt=1.08 upDelta=0.40 wBody=(0.04,-0.00,0.01) |w|=0.04 grounded=0
INFO 2026-07-27 15:26:38.256 joltshadow - docs §70.1: slipdense (player) f=360 w=0 grounded=0 kappa=0.000 fnGround=0 omega=0.04 | ftGround=0N target=0.0 limit=815Nm motorNm=-0 tyreNm=0 inertia=1.78 limRot=0/-0/0 omegaPre=0.05 posN=-0/2/0 susp=0.0044 springN=-115
INFO 2026-07-27 15:26:38.256 joltshadow - docs §70.1: slipdense (player) f=360 w=1 grounded=0 kappa=0.000 fnGround=0 omega=0.04 | ftGround=0N target=0.0 limit=815Nm motorNm=-0 tyreNm=0 inertia=1.78 limRot=0/-0/0 omegaPre=0.05 posN=-0/2/0 susp=0.0026 springN=-121
INFO 2026-07-27 15:26:38.256 joltshadow - docs §70.1: slipdense (player) f=360 w=2 grounded=0 kappa=0.000 fnGround=0 omega=0.04 | ftGround=0N target=0.0 limit=823Nm motorNm=-0 tyreNm=0 inertia=1.82 limRot=0/-0/-0 omegaPre=0.05 posN=-0/2/0 susp=-0.0119 springN=-235
INFO 2026-07-27 15:26:38.256 joltshadow - docs §70.1: slipdense (player) f=360 w=3 grounded=0 kappa=0.000 fnGround=0 omega=0.04 | ftGround=0N target=0.0 limit=823Nm motorNm=-0 tyreNm=0 inertia=1.82 limRot=0/-0/-0 omegaPre=0.05 posN=-0/1/0 susp=-0.0147 springN=-240
INFO 2026-07-27 15:26:38.256 joltshadow - docs §78: attdense (player) f=360 joltTilt=1.36 odeTilt=1.08 upDelta=0.31 wBody=(0.04,-0.00,0.01) |w|=0.05 grounded=0
INFO 2026-07-27 15:26:38.257 joltshadow - Shadow divergence (player): pos=2.042m vel=2.844m/s angle=0.3deg (jolt com=[4668.5 260.0 1251.9] ode com=[4668.5 258.0 1251.5])
INFO 2026-07-27 15:26:38.257 joltshadow - docs §23.6: driver input (player) realThrottle=-10.00 brake=0.01 handBrake=1 steerRad=0.000
INFO 2026-07-27 15:26:38.257 joltshadow - docs §32: Jolt SHADOW chassis pitch (player) forward=(-0.222, 0.024, -0.975)
INFO 2026-07-27 15:26:38.257 joltshadow - docs §69: tilt (player) jolt=1.4 deg ode=1.1 deg delta=+0.3 deg upDelta=0.31 deg
INFO 2026-07-27 15:26:38.257 joltshadow - docs §32.4: Jolt SHADOW chassis lowest corner (player) = (4667.79,258.58,1255.33) clearanceToGround=0.578
INFO 2026-07-27 15:26:38.257 joltshadow - docs §23.5: wheel state (player) wheel=0 contact=0 suspLen=1.050 (range 0.050-1.050, 0% compressed) angVel=0.00
INFO 2026-07-27 15:26:38.257 joltshadow - docs §38.11: wheel=0 NO contact, worldAxle=(0.975,0.003,-0.222)
INFO 2026-07-27 15:26:38.257 joltshadow - docs §32: no-contact raycast (player) wheel=0 bodyPos=(4668.46,259.25,1251.54) localMPos=(-1.155,0.060,2.270) origin=(4669.08,259.36,1249.07) dir=(-0.003,-1.000,-0.024) normalRayLen=1.679 groundFoundAt=0.000 shortfallBeyondTravel=-1.679 hitBody=8391035 hitLayer=1 hitMotion=2 hitIsSelfChassis=0
INFO 2026-07-27 15:26:38.257 joltshadow - docs §23.5: wheel state (player) wheel=1 contact=0 suspLen=1.050 (range 0.050-1.050, 0% compressed) angVel=0.00
INFO 2026-07-27 15:26:38.257 joltshadow - docs §38.11: wheel=1 NO contact, worldAxle=(0.975,0.003,-0.222)
INFO 2026-07-27 15:26:38.257 joltshadow - docs §32: no-contact raycast (player) wheel=1 bodyPos=(4668.46,259.25,1251.54) localMPos=(1.155,0.059,2.270) origin=(4666.83,259.36,1249.58) dir=(-0.003,-1.000,-0.024) normalRayLen=1.679 groundFoundAt=0.000 shortfallBeyondTravel=-1.679 hitBody=8391035 hitLayer=1 hitMotion=2 hitIsSelfChassis=0
INFO 2026-07-27 15:26:38.257 joltshadow - docs §23.5: wheel state (player) wheel=2 contact=0 suspLen=1.050 (range 0.050-1.050, 0% compressed) angVel=0.00
INFO 2026-07-27 15:26:38.257 joltshadow - docs §38.11: wheel=2 NO contact, worldAxle=(0.975,0.003,-0.222)
INFO 2026-07-27 15:26:38.257 joltshadow - docs §32: no-contact raycast (player) wheel=2 bodyPos=(4668.46,259.25,1251.54) localMPos=(-1.253,0.145,-2.062) origin=(4670.14,259.35,1253.27) dir=(-0.003,-1.000,-0.024) normalRayLen=1.685 groundFoundAt=0.000 shortfallBeyondTravel=-1.685 hitBody=8391038 hitLayer=4 hitMotion=2 hitIsSelfChassis=0
INFO 2026-07-27 15:26:38.257 joltshadow - docs §23.5: wheel state (player) wheel=3 contact=0 suspLen=1.050 (range 0.050-1.050, 0% compressed) angVel=0.00
INFO 2026-07-27 15:26:38.257 joltshadow - docs §38.11: wheel=3 NO contact, worldAxle=(0.975,0.003,-0.222)
INFO 2026-07-27 15:26:38.257 joltshadow - docs §32: no-contact raycast (player) wheel=3 bodyPos=(4668.46,259.25,1251.54) localMPos=(1.253,0.146,-2.062) origin=(4667.69,259.34,1253.83) dir=(-0.003,-1.000,-0.024) normalRayLen=1.685 groundFoundAt=0.000 shortfallBeyondTravel=-1.685 hitBody=8391039 hitLayer=4 hitMotion=2 hitIsSelfChassis=0
INFO 2026-07-27 15:26:38.258 joltshadow - docs §59/63: harvest (player) wheelsWithContact=0 contactPoints=0 overflow=0 (of 4) | maxNormalF=0N bound(k_t*tau)=0N ratio=0.00
INFO 2026-07-27 15:26:38.258 joltshadow - docs §58: wheel body (player) w=0 springF=-115N stopF=0N travel=0.0044 (limits -0.5000..0.5000 rel spawn) kSusp=6000 sagPredicted=-0.0191 | frameTrav=0.0024..0.0044 frameStopN=0
INFO 2026-07-27 15:26:38.258 joltshadow - docs §66: tyre band (player) w=0 fnGround=0N fnTotal=0N pen=0.00000 penRaw=0.00000 tau=0.01000 pen/tau=0.00 | recs tyre=0 rim=0 survived=0 stale=0 distMax=0.00R
INFO 2026-07-27 15:26:38.258 joltshadow - docs §68: steer (player) w=0 steerable=1 commanded=0.000 rad measured=-0.000 rad err=-0.00 deg steerSign=-1 steerTq=-0Nm cap=815Nm sat=0.00
INFO 2026-07-27 15:26:38.258 joltshadow - docs §70: slip (player) w=0 grounded=0 kappa=0.000 fnGround=0N omega=0.04
INFO 2026-07-27 15:26:38.258 joltshadow - docs §67: spin (player) w=0 driven=1 omega=0.04 rad/s surfaceSpeed=0.03 m/s spinSign=+1 motorTq=-0Nm cmdTq=815Nm
INFO 2026-07-27 15:26:38.258 joltshadow - docs §58: wheel body (player) w=1 springF=-121N stopF=0N travel=0.0026 (limits -0.5000..0.5000 rel spawn) kSusp=6000 sagPredicted=-0.0201 | frameTrav=0.0004..0.0026 frameStopN=0
INFO 2026-07-27 15:26:38.258 joltshadow - docs §66: tyre band (player) w=1 fnGround=0N fnTotal=0N pen=0.00000 penRaw=0.00000 tau=0.01000 pen/tau=0.00 | recs tyre=0 rim=0 survived=0 stale=0 distMax=0.00R
INFO 2026-07-27 15:26:38.258 joltshadow - docs §68: steer (player) w=1 steerable=1 commanded=0.000 rad measured=-0.000 rad err=-0.00 deg steerSign=-1 steerTq=-0Nm cap=815Nm sat=0.00
INFO 2026-07-27 15:26:38.258 joltshadow - docs §70: slip (player) w=1 grounded=0 kappa=0.000 fnGround=0N omega=0.04
INFO 2026-07-27 15:26:38.258 joltshadow - docs §67: spin (player) w=1 driven=1 omega=0.04 rad/s surfaceSpeed=0.03 m/s spinSign=+1 motorTq=-0Nm cmdTq=815Nm
INFO 2026-07-27 15:26:38.258 joltshadow - docs §58: wheel body (player) w=2 springF=-235N stopF=0N travel=-0.0119 (limits -0.5000..0.5000 rel spawn) kSusp=6000 sagPredicted=-0.0391 | frameTrav=-0.0183..-0.0119 frameStopN=0
INFO 2026-07-27 15:26:38.258 joltshadow - docs §66: tyre band (player) w=2 fnGround=0N fnTotal=0N pen=0.00000 penRaw=0.00000 tau=0.01000 pen/tau=0.00 | recs tyre=0 rim=0 survived=0 stale=0 distMax=0.00R
INFO 2026-07-27 15:26:38.258 joltshadow - docs §68: steer (player) w=2 steerable=0 commanded=0.000 rad measured=-0.000 rad err=-0.00 deg steerSign=-1 steerTq=0Nm cap=340282346638528859811704183484516925440Nm sat=0.00
INFO 2026-07-27 15:26:38.258 joltshadow - docs §70: slip (player) w=2 grounded=0 kappa=0.000 fnGround=0N omega=0.04
INFO 2026-07-27 15:26:38.258 joltshadow - docs §67: spin (player) w=2 driven=1 omega=0.04 rad/s surfaceSpeed=0.03 m/s spinSign=+1 motorTq=-0Nm cmdTq=823Nm
INFO 2026-07-27 15:26:38.258 joltshadow - docs §58: wheel body (player) w=3 springF=-240N stopF=0N travel=-0.0147 (limits -0.5000..0.5000 rel spawn) kSusp=6000 sagPredicted=-0.0401 | frameTrav=-0.0216..-0.0147 frameStopN=0
INFO 2026-07-27 15:26:38.258 joltshadow - docs §66: tyre band (player) w=3 fnGround=0N fnTotal=0N pen=0.00000 penRaw=0.00000 tau=0.01000 pen/tau=0.00 | recs tyre=0 rim=0 survived=0 stale=0 distMax=0.00R
INFO 2026-07-27 15:26:38.258 joltshadow - docs §68: steer (player) w=3 steerable=0 commanded=0.000 rad measured=-0.000 rad err=-0.00 deg steerSign=-1 steerTq=0Nm cap=340282346638528859811704183484516925440Nm sat=0.00
INFO 2026-07-27 15:26:38.258 joltshadow - docs §70: slip (player) w=3 grounded=0 kappa=0.000 fnGround=0N omega=0.04
INFO 2026-07-27 15:26:38.258 joltshadow - docs §67: spin (player) w=3 driven=1 omega=0.04 rad/s surfaceSpeed=0.03 m/s spinSign=+1 motorTq=-0Nm cmdTq=823Nm
INFO 2026-07-27 15:26:38.259 joltshadow - docs §67: drivetrain (player) gear=0 rpm=10 driveTorque=600Nm perWheel=150Nm driven=4 throttle=-1.00 spin=1 | PRE-STEP brake=0.01 handBrake=1
INFO 2026-07-27 15:26:38.259 joltshadow - docs §66: tyre band SUM (player) fnGroundSum=0N fnTotalSum=0N weight=1295N carried=0.00 | penSum=0.00000 recs tyre=0 rim=0 stale=0
INFO 2026-07-27 15:26:38.259 joltshadow - docs §30: REAL ODE chassis COM (player) body=54AA14C8 = (4668.453, 257.995, 1251.494) forward=(-0.222, 0.019, -0.975)
INFO 2026-07-27 15:26:38.259 joltshadow - docs §33: real ODE chassis geom (player) #1 = class 0 (not a transform) pos=(4668.453,257.995,1251.494) radius=4.500
INFO 2026-07-27 15:26:38.259 joltshadow - docs §33: real ODE chassis geom (player) #2 = transform, inner class=1 pos=(0.000,1.095,-0.495)
INFO 2026-07-27 15:26:38.259 joltshadow - docs §33: real ODE chassis geom (player) #3 = transform, inner class=1 pos=(0.353,3.466,0.718)
INFO 2026-07-27 15:26:38.259 joltshadow - docs §33: real ODE chassis geom (player) #4 = transform, inner class=1 pos=(0.000,1.818,1.842)
INFO 2026-07-27 15:26:38.259 joltshadow - docs §33: real ODE chassis geom (player) #5 = transform, inner class=1 pos=(0.006,1.981,-2.113)
INFO 2026-07-27 15:26:38.259 joltshadow - docs §33: real ODE chassis geom (player) #6 = class 0 (not a transform) pos=(4668.453,257.995,1251.494) radius=30.000
INFO 2026-07-27 15:26:38.259 joltshadow - docs §33: real ODE chassis geom (player) #7 = class 0 (not a transform) pos=(4668.453,257.995,1251.494) radius=6.436
INFO 2026-07-27 15:26:38.259 joltshadow - docs §33: real ODE chassis geom (player) #8 = class 0 (not a transform) pos=(4668.453,257.995,1251.494) radius=200.000
INFO 2026-07-27 15:26:38.259 joltshadow - docs §33: real ODE chassis (player) has 8 total geom(s) directly attached (4 transform(s)) - compare against BuildChassisCompoundShape's own part/geom count in the build log
INFO 2026-07-27 15:26:38.259 joltshadow - docs §28: REAL ODE wheel state (player) wheel=0 displacement=0.0219 range=1.000 (2% compressed, signed) foreAft=2.270 localZ=2.270 cfm=0.002500 erp=0.2500
INFO 2026-07-27 15:26:38.259 joltshadow - docs §28: REAL ODE wheel state (player) wheel=1 displacement=0.0224 range=1.000 (2% compressed, signed) foreAft=2.270 localZ=2.270 cfm=0.002500 erp=0.2500
INFO 2026-07-27 15:26:38.259 joltshadow - docs §28: REAL ODE wheel state (player) wheel=2 displacement=0.0244 range=1.000 (2% compressed, signed) foreAft=-2.062 localZ=-2.062 cfm=0.002500 erp=0.2500
INFO 2026-07-27 15:26:38.259 joltshadow - docs §28: REAL ODE wheel state (player) wheel=3 displacement=0.0240 range=1.000 (2% compressed, signed) foreAft=-2.062 localZ=-2.062 cfm=0.002500 erp=0.2500
INFO 2026-07-27 15:26:38.303 joltshadow - docs §70.1: slipdense (player) f=364 w=0 grounded=0 kappa=0.000 fnGround=0 omega=0.03 | ftGround=0N target=0.0 limit=815Nm motorNm=-0 tyreNm=0 inertia=1.78 limRot=0/-0/0 omegaPre=0.03 posN=-1/2/0 susp=0.0062 springN=-13
INFO 2026-07-27 15:26:38.303 joltshadow - docs §70.1: slipdense (player) f=364 w=1 grounded=0 kappa=0.000 fnGround=0 omega=0.03 | ftGround=0N target=0.0 limit=815Nm motorNm=-0 tyreNm=0 inertia=1.78 limRot=0/-0/0 omegaPre=0.03 posN=-0/2/0 susp=0.0059 springN=-17
INFO 2026-07-27 15:26:38.303 joltshadow - docs §70.1: slipdense (player) f=364 w=2 grounded=0 kappa=0.000 fnGround=0 omega=0.03 | ftGround=0N target=0.0 limit=823Nm motorNm=-0 tyreNm=0 inertia=1.82 limRot=0/-0/-0 omegaPre=0.03 posN=-1/2/0 susp=0.0087 springN=-77
INFO 2026-07-27 15:26:38.303 joltshadow - docs §70.1: slipdense (player) f=364 w=3 grounded=0 kappa=0.000 fnGround=0 omega=0.03 | ftGround=0N target=0.0 limit=823Nm motorNm=-0 tyreNm=0 inertia=1.82 limRot=0/-0/-0 omegaPre=0.03 posN=-1/2/0 susp=0.0082 springN=-83
INFO 2026-07-27 15:26:38.303 joltshadow - docs §78: attdense (player) f=364 joltTilt=1.26 odeTilt=1.08 upDelta=0.22 wBody=(0.03,-0.00,0.01) |w|=0.03 grounded=0
INFO 2026-07-27 15:26:38.343 joltshadow - docs §70.1: slipdense (player) f=368 w=0 grounded=0 kappa=0.000 fnGround=0 omega=0.02 | ftGround=0N target=0.0 limit=815Nm motorNm=-0 tyreNm=0 inertia=1.78 limRot=0/-0/0 omegaPre=0.02 posN=-0/1/0 susp=0.0025 springN=8
INFO 2026-07-27 15:26:38.344 joltshadow - docs §70.1: slipdense (player) f=368 w=1 grounded=0 kappa=0.000 fnGround=0 omega=0.02 | ftGround=0N target=0.0 limit=815Nm motorNm=-0 tyreNm=0 inertia=1.78 limRot=0/-0/0 omegaPre=0.02 posN=-0/1/0 susp=0.0027 springN=7
INFO 2026-07-27 15:26:38.344 joltshadow - docs §70.1: slipdense (player) f=368 w=2 grounded=0 kappa=0.000 fnGround=0 omega=0.02 | ftGround=0N target=0.0 limit=823Nm motorNm=-0 tyreNm=0 inertia=1.82 limRot=0/-0/-0 omegaPre=0.02 posN=-0/1/0 susp=0.0066 springN=-7
INFO 2026-07-27 15:26:38.344 joltshadow - docs §70.1: slipdense (player) f=368 w=3 grounded=0 kappa=0.000 fnGround=0 omega=0.02 | ftGround=0N target=0.0 limit=823Nm motorNm=-0 tyreNm=0 inertia=1.82 limRot=0/-0/-0 omegaPre=0.02 posN=-0/1/0 susp=0.0068 springN=-10
INFO 2026-07-27 15:26:38.344 joltshadow - docs §78: attdense (player) f=368 joltTilt=1.20 odeTilt=1.08 upDelta=0.17 wBody=(0.02,0.00,0.00) |w|=0.02 grounded=0
INFO 2026-07-27 15:26:38.382 joltshadow - docs §70.1: slipdense (player) f=372 w=0 grounded=0 kappa=0.000 fnGround=0 omega=0.02 | ftGround=0N target=0.0 limit=815Nm motorNm=-0 tyreNm=0 inertia=1.78 limRot=0/-0/0 omegaPre=0.02 posN=-0/0/0 susp=0.0005 springN=7
INFO 2026-07-27 15:26:38.383 joltshadow - docs §70.1: slipdense (player) f=372 w=1 grounded=0 kappa=0.000 fnGround=0 omega=0.02 | ftGround=0N target=0.0 limit=815Nm motorNm=-0 tyreNm=0 inertia=1.78 limRot=0/-0/0 omegaPre=0.02 posN=-0/0/0 susp=0.0007 springN=7
INFO 2026-07-27 15:26:38.383 joltshadow - docs §70.1: slipdense (player) f=372 w=2 grounded=0 kappa=0.000 fnGround=0 omega=0.02 | ftGround=0N target=0.0 limit=823Nm motorNm=-0 tyreNm=0 inertia=1.82 limRot=0/-0/-0 omegaPre=0.02 posN=-0/0/0 susp=0.0026 springN=10
INFO 2026-07-27 15:26:38.383 joltshadow - docs §70.1: slipdense (player) f=372 w=3 grounded=0 kappa=0.000 fnGround=0 omega=0.02 | ftGround=0N target=0.0 limit=823Nm motorNm=-0 tyreNm=0 inertia=1.82 limRot=0/-0/-0 omegaPre=0.02 posN=-0/0/0 susp=0.0028 springN=10
INFO 2026-07-27 15:26:38.383 joltshadow - docs §78: attdense (player) f=372 joltTilt=1.15 odeTilt=1.08 upDelta=0.14 wBody=(0.02,0.00,0.00) |w|=0.02 grounded=0
INFO 2026-07-27 15:26:38.401 joltshadow - [jolt_profile] ode_step_avg_ms=0.25 jolt_total_avg_ms=1.47 | physics_update_avg_ms=1.23 wheelmodel_avg_ms=0.01 mirror_avg_ms=0.06 applyvehicle_avg_ms=0.00 applyvehicle_calls_per_frame=0.00 | contact_pairs_per_frame=61.5 contact_points_per_frame=83.8 active_bodies_per_frame=23.6 substeps_per_frame=3.23 | frames=487
INFO 2026-07-27 15:26:38.412 testharness - perf: fps=97.4 avg_frame_ms=10.264 min_ms=5.383 max_ms=249.580 frames=488 window=5.0s
INFO 2026-07-27 15:26:38.423 joltshadow - docs §70.1: slipdense (player) f=376 w=0 grounded=0 kappa=0.000 fnGround=0 omega=0.02 | ftGround=0N target=0.0 limit=815Nm motorNm=0 tyreNm=0 inertia=1.78 limRot=0/-0/0 omegaPre=0.02 posN=0/-0/0 susp=-0.0002 springN=3
INFO 2026-07-27 15:26:38.423 joltshadow - docs §70.1: slipdense (player) f=376 w=1 grounded=0 kappa=0.000 fnGround=0 omega=0.02 | ftGround=0N target=0.0 limit=815Nm motorNm=0 tyreNm=0 inertia=1.78 limRot=0/-0/0 omegaPre=0.02 posN=0/-0/0 susp=-0.0001 springN=3
INFO 2026-07-27 15:26:38.423 joltshadow - docs §70.1: slipdense (player) f=376 w=2 grounded=0 kappa=0.000 fnGround=0 omega=0.02 | ftGround=0N target=0.0 limit=823Nm motorNm=0 tyreNm=0 inertia=1.82 limRot=0/-0/-0 omegaPre=0.02 posN=-0/-0/0 susp=0.0002 springN=9
INFO 2026-07-27 15:26:38.423 joltshadow - docs §70.1: slipdense (player) f=376 w=3 grounded=0 kappa=0.000 fnGround=0 omega=0.02 | ftGround=0N target=0.0 limit=823Nm motorNm=0 tyreNm=0 inertia=1.82 limRot=0/-0/-0 omegaPre=0.02 posN=-0/-0/0 susp=0.0004 springN=9
INFO 2026-07-27 15:26:38.423 joltshadow - docs §78: attdense (player) f=376 joltTilt=1.10 odeTilt=1.08 upDelta=0.11 wBody=(0.02,0.00,0.00) |w|=0.02 grounded=0
INFO 2026-07-27 15:26:38.460 joltshadow - docs §70.1: slipdense (player) f=380 w=0 grounded=0 kappa=0.000 fnGround=0 omega=0.02 | ftGround=0N target=0.0 limit=815Nm motorNm=0 tyreNm=0 inertia=1.78 limRot=0/-0/0 omegaPre=0.02 posN=0/-0/0 susp=-0.0002 springN=1
INFO 2026-07-27 15:26:38.460 joltshadow - docs §70.1: slipdense (player) f=380 w=1 grounded=0 kappa=0.000 fnGround=0 omega=0.02 | ftGround=0N target=0.0 limit=815Nm motorNm=0 tyreNm=0 inertia=1.78 limRot=0/-0/0 omegaPre=0.02 posN=0/-0/0 susp=-0.0001 springN=1
INFO 2026-07-27 15:26:38.460 joltshadow - docs §70.1: slipdense (player) f=380 w=2 grounded=0 kappa=0.000 fnGround=0 omega=0.02 | ftGround=0N target=0.0 limit=823Nm motorNm=0 tyreNm=0 inertia=1.82 limRot=0/-0/-0 omegaPre=0.02 posN=-0/-0/0 susp=-0.0005 springN=4
INFO 2026-07-27 15:26:38.460 joltshadow - docs §70.1: slipdense (player) f=380 w=3 grounded=0 kappa=0.000 fnGround=0 omega=0.02 | ftGround=0N target=0.0 limit=823Nm motorNm=0 tyreNm=0 inertia=1.82 limRot=0/-0/-0 omegaPre=0.02 posN=-0/-0/0 susp=-0.0003 springN=4
INFO 2026-07-27 15:26:38.460 joltshadow - docs §78: attdense (player) f=380 joltTilt=1.05 odeTilt=1.08 upDelta=0.11 wBody=(0.02,0.00,0.00) |w|=0.02 grounded=0
INFO 2026-07-27 15:26:38.500 joltshadow - docs §70.1: slipdense (player) f=384 w=0 grounded=0 kappa=0.000 fnGround=0 omega=0.02 | ftGround=0N target=0.0 limit=815Nm motorNm=0 tyreNm=0 inertia=1.78 limRot=0/-0/0 omegaPre=0.02 posN=-0/-0/0 susp=-0.0001 springN=-0
INFO 2026-07-27 15:26:38.500 joltshadow - docs §70.1: slipdense (player) f=384 w=1 grounded=0 kappa=0.000 fnGround=0 omega=0.02 | ftGround=0N target=0.0 limit=815Nm motorNm=0 tyreNm=0 inertia=1.78 limRot=0/-0/0 omegaPre=0.02 posN=-0/-0/0 susp=0.0002 springN=-0
INFO 2026-07-27 15:26:38.500 joltshadow - docs §70.1: slipdense (player) f=384 w=2 grounded=0 kappa=0.000 fnGround=0 omega=0.02 | ftGround=0N target=0.0 limit=823Nm motorNm=0 tyreNm=0 inertia=1.82 limRot=0/-0/-0 omegaPre=0.02 posN=-0/0/0 susp=-0.0006 springN=1
INFO 2026-07-27 15:26:38.501 joltshadow - docs §70.1: slipdense (player) f=384 w=3 grounded=0 kappa=0.000 fnGround=0 omega=0.02 | ftGround=0N target=0.0 limit=823Nm motorNm=0 tyreNm=0 inertia=1.82 limRot=0/-0/-0 omegaPre=0.02 posN=-0/0/0 susp=-0.0004 springN=1
INFO 2026-07-27 15:26:38.501 joltshadow - docs §78: attdense (player) f=384 joltTilt=1.00 odeTilt=1.08 upDelta=0.13 wBody=(0.02,0.00,0.00) |w|=0.02 grounded=0
INFO 2026-07-27 15:26:38.543 joltshadow - docs §70.1: slipdense (player) f=388 w=0 grounded=0 kappa=0.000 fnGround=0 omega=0.02 | ftGround=0N target=0.0 limit=815Nm motorNm=-0 tyreNm=0 inertia=1.78 limRot=0/-0/0 omegaPre=0.02 posN=-0/0/0 susp=-0.0001 springN=-0
INFO 2026-07-27 15:26:38.543 joltshadow - docs §70.1: slipdense (player) f=388 w=1 grounded=0 kappa=0.000 fnGround=0 omega=0.02 | ftGround=0N target=0.0 limit=815Nm motorNm=-0 tyreNm=0 inertia=1.78 limRot=0/-0/0 omegaPre=0.02 posN=-0/0/0 susp=0.0002 springN=-0
INFO 2026-07-27 15:26:38.543 joltshadow - docs §70.1: slipdense (player) f=388 w=2 grounded=0 kappa=0.000 fnGround=0 omega=0.02 | ftGround=0N target=0.0 limit=823Nm motorNm=-0 tyreNm=0 inertia=1.82 limRot=0/-0/-0 omegaPre=0.02 posN=-0/0/0 susp=-0.0004 springN=-1
INFO 2026-07-27 15:26:38.543 joltshadow - docs §70.1: slipdense (player) f=388 w=3 grounded=0 kappa=0.000 fnGround=0 omega=0.02 | ftGround=0N target=0.0 limit=823Nm motorNm=-0 tyreNm=0 inertia=1.82 limRot=0/-0/-0 omegaPre=0.02 posN=-0/0/0 susp=-0.0001 springN=-1
INFO 2026-07-27 15:26:38.543 joltshadow - docs §78: attdense (player) f=388 joltTilt=0.94 odeTilt=1.08 upDelta=0.17 wBody=(0.02,0.00,0.00) |w|=0.02 grounded=0
INFO 2026-07-27 15:26:38.552 joltshadow - docs §82: resync (player) #11 dt=0.51s upMax=0.445 deg posMax=1.120 m odeTiltPath=0.005 deg gain=-1.0000
INFO 2026-07-27 15:26:38.553 joltshadow - docs §87: resync landing (player) w=0 pre=0.5149 post=-0.0095 m R=0.629 dY=-1.1140 dRotDeg=0.17 |corr|=1.1177 m
INFO 2026-07-27 15:26:38.553 joltshadow - docs §87: resync landing (player) w=1 pre=0.5115 post=-0.0091 m R=0.629 dY=-1.1140 dRotDeg=0.17 |corr|=1.1177 m
INFO 2026-07-27 15:26:38.553 joltshadow - docs §87: resync landing (player) w=2 pre=0.4471 post=-0.0096 m R=0.635 dY=-1.1140 dRotDeg=0.17 |corr|=1.1177 m
INFO 2026-07-27 15:26:38.553 joltshadow - docs §87: resync landing (player) w=3 pre=0.4434 post=-0.0092 m R=0.635 dY=-1.1140 dRotDeg=0.17 |corr|=1.1177 m
INFO 2026-07-27 15:26:38.553 joltshadow - docs §82: resync RESIDUAL (player) #11 pos=0.0000 m up=0.0000 deg
INFO 2026-07-27 15:26:38.582 joltshadow - docs §70.1: slipdense (player) f=392 w=0 grounded=1 kappa=-0.229 fnGround=1200 omega=-0.14 | ftGround=-155N target=0.0 limit=3020Nm motorNm=-97 tyreNm=92 inertia=1.78 limRot=0/-2/0 omegaPre=-0.10 posN=-3/112/0 susp=-0.4887 springN=2131
INFO 2026-07-27 15:26:38.583 joltshadow - docs §70.1: slipdense (player) f=392 w=1 grounded=1 kappa=-0.229 fnGround=1200 omega=-0.14 | ftGround=-154N target=0.0 limit=3020Nm motorNm=-96 tyreNm=92 inertia=1.78 limRot=0/-2/0 omegaPre=-0.10 posN=-3/111/0 susp=-0.4891 springN=2137
INFO 2026-07-27 15:26:38.583 joltshadow - docs §70.1: slipdense (player) f=392 w=2 grounded=1 kappa=-0.212 fnGround=1200 omega=-0.14 | ftGround=-143N target=0.0 limit=3049Nm motorNm=-87 tyreNm=82 inertia=1.82 limRot=0/-2/-0 omegaPre=-0.10 posN=-3/91/0 susp=-0.5323 springN=2569
INFO 2026-07-27 15:26:38.583 joltshadow - docs §70.1: slipdense (player) f=392 w=3 grounded=1 kappa=-0.211 fnGround=1199 omega=-0.14 | ftGround=-142N target=0.0 limit=3048Nm motorNm=-86 tyreNm=81 inertia=1.82 limRot=0/-2/0 omegaPre=-0.10 posN=-3/90/0 susp=-0.5327 springN=2574
INFO 2026-07-27 15:26:38.583 joltshadow - docs §78: attdense (player) f=392 joltTilt=0.93 odeTilt=1.08 upDelta=0.15 wBody=(-0.14,0.00,-0.00) |w|=0.14 grounded=4
INFO 2026-07-27 15:26:38.623 joltshadow - docs §70.1: slipdense (player) f=396 w=0 grounded=1 kappa=-0.106 fnGround=1083 omega=-0.14 | ftGround=-79N target=0.0 limit=3020Nm motorNm=-45 tyreNm=47 inertia=1.78 limRot=0/-1/0 omegaPre=-0.15 posN=-1/46/0 susp=-0.3429 springN=817
INFO 2026-07-27 15:26:38.623 joltshadow - docs §70.1: slipdense (player) f=396 w=1 grounded=1 kappa=-0.105 fnGround=1090 omega=-0.14 | ftGround=-79N target=0.0 limit=3020Nm motorNm=-45 tyreNm=47 inertia=1.78 limRot=0/-1/0 omegaPre=-0.15 posN=-1/46/0 susp=-0.3446 springN=826
INFO 2026-07-27 15:26:38.623 joltshadow - docs §70.1: slipdense (player) f=396 w=2 grounded=1 kappa=-0.085 fnGround=1200 omega=-0.14 | ftGround=-64N target=0.0 limit=3049Nm motorNm=-36 tyreNm=38 inertia=1.82 limRot=0/-1/0 omegaPre=-0.15 posN=-1/21/0 susp=-0.4323 springN=1479
INFO 2026-07-27 15:26:38.623 joltshadow - docs §70.1: slipdense (player) f=396 w=3 grounded=1 kappa=-0.084 fnGround=1200 omega=-0.14 | ftGround=-63N target=0.0 limit=3049Nm motorNm=-35 tyreNm=38 inertia=1.82 limRot=0/-1/0 omegaPre=-0.15 posN=-1/20/0 susp=-0.4341 springN=1492
INFO 2026-07-27 15:26:38.624 joltshadow - docs §78: attdense (player) f=396 joltTilt=1.22 odeTilt=1.08 upDelta=0.14 wBody=(-0.14,0.00,-0.00) |w|=0.14 grounded=4
INFO 2026-07-27 15:26:38.661 joltshadow - docs §70.1: slipdense (player) f=400 w=0 grounded=1 kappa=0.048 fnGround=197 omega=-0.08 | ftGround=36N target=0.0 limit=1174Nm motorNm=26 tyreNm=-22 inertia=1.78 limRot=0/2/0 omegaPre=-0.09 posN=2/-41/0 susp=-0.1929 springN=62
INFO 2026-07-27 15:26:38.661 joltshadow - docs §70.1: slipdense (player) f=400 w=1 grounded=1 kappa=0.047 fnGround=277 omega=-0.08 | ftGround=36N target=0.0 limit=1206Nm motorNm=25 tyreNm=-22 inertia=1.78 limRot=0/2/0 omegaPre=-0.09 posN=3/-42/0 susp=-0.1966 springN=83
INFO 2026-07-27 15:26:38.661 joltshadow - docs §70.1: slipdense (player) f=400 w=2 grounded=1 kappa=0.042 fnGround=816 omega=-0.08 | ftGround=31N target=0.0 limit=2515Nm motorNm=23 tyreNm=-19 inertia=1.82 limRot=0/1/0 omegaPre=-0.09 posN=3/-50/0 susp=-0.2830 springN=565
INFO 2026-07-27 15:26:38.661 joltshadow - docs §70.1: slipdense (player) f=400 w=3 grounded=1 kappa=0.041 fnGround=833 omega=-0.08 | ftGround=30N target=0.0 limit=2551Nm motorNm=22 tyreNm=-19 inertia=1.82 limRot=0/1/0 omegaPre=-0.09 posN=3/-49/0 susp=-0.2871 springN=583
INFO 2026-07-27 15:26:38.661 joltshadow - docs §78: attdense (player) f=400 joltTilt=1.46 odeTilt=1.08 upDelta=0.38 wBody=(-0.08,-0.00,0.00) |w|=0.08 grounded=4
INFO 2026-07-27 15:26:38.699 joltshadow - docs §70.1: slipdense (player) f=404 w=0 grounded=0 kappa=0.000 fnGround=0 omega=0.01 | ftGround=0N target=0.0 limit=815Nm motorNm=4 tyreNm=0 inertia=1.78 limRot=0/0/0 omegaPre=-0.01 posN=2/-17/0 susp=-0.0709 springN=-321
INFO 2026-07-27 15:26:38.699 joltshadow - docs §70.1: slipdense (player) f=404 w=1 grounded=0 kappa=0.000 fnGround=0 omega=0.01 | ftGround=0N target=0.0 limit=815Nm motorNm=4 tyreNm=0 inertia=1.78 limRot=0/0/0 omegaPre=-0.01 posN=2/-17/0 susp=-0.0753 springN=-316
INFO 2026-07-27 15:26:38.699 joltshadow - docs §70.1: slipdense (player) f=404 w=2 grounded=1 kappa=0.243 fnGround=0 omega=0.01 | ftGround=0N target=0.0 limit=823Nm motorNm=4 tyreNm=0 inertia=1.82 limRot=0/0/0 omegaPre=-0.01 posN=2/-16/0 susp=-0.1506 springN=-79
INFO 2026-07-27 15:26:38.699 joltshadow - docs §70.1: slipdense (player) f=404 w=3 grounded=1 kappa=0.242 fnGround=0 omega=0.01 | ftGround=0N target=0.0 limit=823Nm motorNm=4 tyreNm=0 inertia=1.82 limRot=0/0/0 omegaPre=-0.01 posN=2/-15/0 susp=-0.1565 springN=-54
INFO 2026-07-27 15:26:38.699 joltshadow - docs §78: attdense (player) f=404 joltTilt=1.51 odeTilt=1.08 upDelta=0.45 wBody=(0.01,-0.00,0.01) |w|=0.02 grounded=2
INFO 2026-07-27 15:26:38.742 joltshadow - docs §70.1: slipdense (player) f=408 w=0 grounded=0 kappa=0.000 fnGround=0 omega=0.05 | ftGround=0N target=0.0 limit=815Nm motorNm=0 tyreNm=0 inertia=1.78 limRot=0/-0/0 omegaPre=0.05 posN=-0/-1/0 susp=-0.0060 springN=-195
INFO 2026-07-27 15:26:38.742 joltshadow - docs §70.1: slipdense (player) f=408 w=1 grounded=0 kappa=0.000 fnGround=0 omega=0.05 | ftGround=0N target=0.0 limit=815Nm motorNm=0 tyreNm=0 inertia=1.78 limRot=0/-0/0 omegaPre=0.05 posN=-0/-1/0 susp=-0.0086 springN=-200
INFO 2026-07-27 15:26:38.742 joltshadow - docs §70.1: slipdense (player) f=408 w=2 grounded=0 kappa=0.000 fnGround=0 omega=0.05 | ftGround=0N target=0.0 limit=823Nm motorNm=0 tyreNm=0 inertia=1.82 limRot=0/-0/-0 omegaPre=0.05 posN=0/-2/0 susp=-0.0399 springN=-293
INFO 2026-07-27 15:26:38.742 joltshadow - docs §70.1: slipdense (player) f=408 w=3 grounded=0 kappa=0.000 fnGround=0 omega=0.05 | ftGround=0N target=0.0 limit=823Nm motorNm=0 tyreNm=0 inertia=1.82 limRot=0/-0/-0 omegaPre=0.05 posN=0/-2/0 susp=-0.0443 springN=-293
INFO 2026-07-27 15:26:38.742 joltshadow - docs §78: attdense (player) f=408 joltTilt=1.42 odeTilt=1.08 upDelta=0.36 wBody=(0.05,-0.00,0.01) |w|=0.05 grounded=0
INFO 2026-07-27 15:26:38.782 joltshadow - docs §70.1: slipdense (player) f=412 w=0 grounded=0 kappa=0.000 fnGround=0 omega=0.04 | ftGround=0N target=0.0 limit=815Nm motorNm=-1 tyreNm=0 inertia=1.78 limRot=0/-0/0 omegaPre=0.04 posN=-1/3/0 susp=0.0072 springN=-60
INFO 2026-07-27 15:26:38.782 joltshadow - docs §70.1: slipdense (player) f=412 w=1 grounded=0 kappa=0.000 fnGround=0 omega=0.04 | ftGround=0N target=0.0 limit=815Nm motorNm=-1 tyreNm=0 inertia=1.78 limRot=0/-0/0 omegaPre=0.04 posN=-1/3/0 susp=0.0061 springN=-66
INFO 2026-07-27 15:26:38.782 joltshadow - docs §70.1: slipdense (player) f=412 w=2 grounded=0 kappa=0.000 fnGround=0 omega=0.04 | ftGround=0N target=0.0 limit=823Nm motorNm=-1 tyreNm=0 inertia=1.82 limRot=0/-0/-0 omegaPre=0.04 posN=-1/3/0 susp=0.0020 springN=-166
INFO 2026-07-27 15:26:38.782 joltshadow - docs §70.1: slipdense (player) f=412 w=3 grounded=0 kappa=0.000 fnGround=0 omega=0.04 | ftGround=0N target=0.0 limit=823Nm motorNm=-1 tyreNm=0 inertia=1.82 limRot=0/-0/-0 omegaPre=0.04 posN=-1/3/0 susp=-0.0001 springN=-173
INFO 2026-07-27 15:26:38.782 joltshadow - docs §78: attdense (player) f=412 joltTilt=1.31 odeTilt=1.08 upDelta=0.27 wBody=(0.04,-0.00,0.01) |w|=0.04 grounded=0
INFO 2026-07-27 15:26:38.823 joltshadow - docs §70.1: slipdense (player) f=416 w=0 grounded=0 kappa=0.000 fnGround=0 omega=0.03 | ftGround=0N target=0.0 limit=815Nm motorNm=-0 tyreNm=0 inertia=1.78 limRot=0/-0/0 omegaPre=0.03 posN=-0/2/0 susp=0.0050 springN=-1
INFO 2026-07-27 15:26:38.823 joltshadow - docs §70.1: slipdense (player) f=416 w=1 grounded=0 kappa=0.000 fnGround=0 omega=0.03 | ftGround=0N target=0.0 limit=815Nm motorNm=-0 tyreNm=0 inertia=1.78 limRot=0/-0/0 omegaPre=0.03 posN=-0/2/0 susp=0.0049 springN=-5
INFO 2026-07-27 15:26:38.823 joltshadow - docs §70.1: slipdense (player) f=416 w=2 grounded=0 kappa=0.000 fnGround=0 omega=0.03 | ftGround=0N target=0.0 limit=823Nm motorNm=-0 tyreNm=0 inertia=1.82 limRot=0/-0/-0 omegaPre=0.03 posN=-0/2/0 susp=0.0090 springN=-47
INFO 2026-07-27 15:26:38.823 joltshadow - docs §70.1: slipdense (player) f=416 w=3 grounded=0 kappa=0.000 fnGround=0 omega=0.03 | ftGround=0N target=0.0 limit=823Nm motorNm=-0 tyreNm=0 inertia=1.82 limRot=0/-0/-0 omegaPre=0.03 posN=-0/2/0 susp=0.0087 springN=-53
INFO 2026-07-27 15:26:38.823 joltshadow - docs §78: attdense (player) f=416 joltTilt=1.24 odeTilt=1.08 upDelta=0.20 wBody=(0.03,-0.00,0.01) |w|=0.03 grounded=0
INFO 2026-07-27 15:26:38.865 joltshadow - docs §70.1: slipdense (player) f=420 w=0 grounded=0 kappa=0.000 fnGround=0 omega=0.02 | ftGround=0N target=0.0 limit=815Nm motorNm=-0 tyreNm=0 inertia=1.78 limRot=0/-0/0 omegaPre=0.02 posN=-0/1/0 susp=0.0015 springN=9
INFO 2026-07-27 15:26:38.865 joltshadow - docs §70.1: slipdense (player) f=420 w=1 grounded=0 kappa=0.000 fnGround=0 omega=0.02 | ftGround=0N target=0.0 limit=815Nm motorNm=-0 tyreNm=0 inertia=1.78 limRot=0/-0/0 omegaPre=0.02 posN=-0/1/0 susp=0.0017 springN=8
INFO 2026-07-27 15:26:38.865 joltshadow - docs §70.1: slipdense (player) f=420 w=2 grounded=0 kappa=0.000 fnGround=0 omega=0.02 | ftGround=0N target=0.0 limit=823Nm motorNm=-0 tyreNm=0 inertia=1.82 limRot=0/-0/-0 omegaPre=0.02 posN=-0/1/0 susp=0.0051 springN=3
INFO 2026-07-27 15:26:38.865 joltshadow - docs §70.1: slipdense (player) f=420 w=3 grounded=0 kappa=0.000 fnGround=0 omega=0.02 | ftGround=0N target=0.0 limit=823Nm motorNm=-0 tyreNm=0 inertia=1.82 limRot=0/-0/-0 omegaPre=0.02 posN=-0/1/0 susp=0.0053 springN=1
INFO 2026-07-27 15:26:38.866 joltshadow - docs §78: attdense (player) f=420 joltTilt=1.17 odeTilt=1.08 upDelta=0.15 wBody=(0.02,-0.00,0.00) |w|=0.02 grounded=0
INFO 2026-07-27 15:26:38.866 joltshadow - Shadow divergence (player): pos=2.267m vel=1.689m/s angle=0.1deg (jolt com=[4668.5 260.2 1251.9] ode com=[4668.5 258.0 1251.5])
INFO 2026-07-27 15:26:38.866 joltshadow - docs §23.6: driver input (player) realThrottle=10.00 brake=0.01 handBrake=1 steerRad=0.000
INFO 2026-07-27 15:26:38.866 joltshadow - docs §32: Jolt SHADOW chassis pitch (player) forward=(-0.222, 0.020, -0.975)
INFO 2026-07-27 15:26:38.866 joltshadow - docs §69: tilt (player) jolt=1.2 deg ode=1.1 deg delta=+0.1 deg upDelta=0.15 deg
INFO 2026-07-27 15:26:38.866 joltshadow - docs §32.4: Jolt SHADOW chassis lowest corner (player) = (4667.79,258.81,1255.36) clearanceToGround=0.813
INFO 2026-07-27 15:26:38.866 joltshadow - docs §23.5: wheel state (player) wheel=0 contact=0 suspLen=1.050 (range 0.050-1.050, 0% compressed) angVel=0.00
INFO 2026-07-27 15:26:38.866 joltshadow - docs §38.11: wheel=0 NO contact, worldAxle=(0.975,0.002,-0.222)
INFO 2026-07-27 15:26:38.866 joltshadow - docs §32: no-contact raycast (player) wheel=0 bodyPos=(4668.46,259.47,1251.56) localMPos=(-1.155,0.060,2.270) origin=(4669.08,259.58,1249.09) dir=(-0.002,-1.000,-0.020) normalRayLen=1.679 groundFoundAt=0.000 shortfallBeyondTravel=-1.679 hitBody=8391035 hitLayer=1 hitMotion=2 hitIsSelfChassis=0
INFO 2026-07-27 15:26:38.866 joltshadow - docs §23.5: wheel state (player) wheel=1 contact=0 suspLen=1.050 (range 0.050-1.050, 0% compressed) angVel=0.00
INFO 2026-07-27 15:26:38.866 joltshadow - docs §38.11: wheel=1 NO contact, worldAxle=(0.975,0.002,-0.222)
INFO 2026-07-27 15:26:38.866 joltshadow - docs §32: no-contact raycast (player) wheel=1 bodyPos=(4668.46,259.47,1251.56) localMPos=(1.155,0.059,2.270) origin=(4666.83,259.57,1249.60) dir=(-0.002,-1.000,-0.020) normalRayLen=1.679 groundFoundAt=0.000 shortfallBeyondTravel=-1.679 hitBody=8391035 hitLayer=1 hitMotion=2 hitIsSelfChassis=0
INFO 2026-07-27 15:26:38.866 joltshadow - docs §23.5: wheel state (player) wheel=2 contact=0 suspLen=1.050 (range 0.050-1.050, 0% compressed) angVel=0.00
INFO 2026-07-27 15:26:38.866 joltshadow - docs §38.11: wheel=2 NO contact, worldAxle=(0.975,0.002,-0.222)
INFO 2026-07-27 15:26:38.866 joltshadow - docs §32: no-contact raycast (player) wheel=2 bodyPos=(4668.46,259.47,1251.56) localMPos=(-1.253,0.145,-2.062) origin=(4670.14,259.58,1253.29) dir=(-0.002,-1.000,-0.020) normalRayLen=1.685 groundFoundAt=0.000 shortfallBeyondTravel=-1.685 hitBody=8391035 hitLayer=1 hitMotion=2 hitIsSelfChassis=0
INFO 2026-07-27 15:26:38.866 joltshadow - docs §23.5: wheel state (player) wheel=3 contact=0 suspLen=1.050 (range 0.050-1.050, 0% compressed) angVel=0.00
INFO 2026-07-27 15:26:38.866 joltshadow - docs §38.11: wheel=3 NO contact, worldAxle=(0.975,0.002,-0.222)
INFO 2026-07-27 15:26:38.866 joltshadow - docs §32: no-contact raycast (player) wheel=3 bodyPos=(4668.46,259.47,1251.56) localMPos=(1.253,0.146,-2.062) origin=(4667.69,259.57,1253.85) dir=(-0.002,-1.000,-0.020) normalRayLen=1.685 groundFoundAt=0.000 shortfallBeyondTravel=-1.685 hitBody=8391035 hitLayer=1 hitMotion=2 hitIsSelfChassis=0
INFO 2026-07-27 15:26:38.866 joltshadow - docs §59/63: harvest (player) wheelsWithContact=0 contactPoints=0 overflow=0 (of 4) | maxNormalF=0N bound(k_t*tau)=0N ratio=0.00
INFO 2026-07-27 15:26:38.867 joltshadow - docs §58: wheel body (player) w=0 springF=9N stopF=0N travel=0.0015 (limits -0.5000..0.5000 rel spawn) kSusp=6000 sagPredicted=0.0015 | frameTrav=0.0015..0.0019 frameStopN=0
INFO 2026-07-27 15:26:38.867 joltshadow - docs §66: tyre band (player) w=0 fnGround=0N fnTotal=0N pen=0.00000 penRaw=0.00000 tau=0.01000 pen/tau=0.00 | recs tyre=0 rim=0 survived=0 stale=0 distMax=0.00R
INFO 2026-07-27 15:26:38.867 joltshadow - docs §68: steer (player) w=0 steerable=1 commanded=0.000 rad measured=-0.000 rad err=-0.00 deg steerSign=-1 steerTq=0Nm cap=815Nm sat=0.00
INFO 2026-07-27 15:26:38.867 joltshadow - docs §70: slip (player) w=0 grounded=0 kappa=0.000 fnGround=0N omega=0.02
INFO 2026-07-27 15:26:38.867 joltshadow - docs §67: spin (player) w=0 driven=1 omega=0.02 rad/s surfaceSpeed=0.01 m/s spinSign=+1 motorTq=-0Nm cmdTq=815Nm
INFO 2026-07-27 15:26:38.867 joltshadow - docs §58: wheel body (player) w=1 springF=8N stopF=0N travel=0.0017 (limits -0.5000..0.5000 rel spawn) kSusp=6000 sagPredicted=0.0013 | frameTrav=0.0017..0.0020 frameStopN=0
INFO 2026-07-27 15:26:38.867 joltshadow - docs §66: tyre band (player) w=1 fnGround=0N fnTotal=0N pen=0.00000 penRaw=0.00000 tau=0.01000 pen/tau=0.00 | recs tyre=0 rim=0 survived=0 stale=0 distMax=0.00R
INFO 2026-07-27 15:26:38.867 joltshadow - docs §68: steer (player) w=1 steerable=1 commanded=0.000 rad measured=-0.000 rad err=-0.00 deg steerSign=-1 steerTq=0Nm cap=815Nm sat=0.00
INFO 2026-07-27 15:26:38.867 joltshadow - docs §70: slip (player) w=1 grounded=0 kappa=0.000 fnGround=0N omega=0.02
INFO 2026-07-27 15:26:38.867 joltshadow - docs §67: spin (player) w=1 driven=1 omega=0.02 rad/s surfaceSpeed=0.01 m/s spinSign=+1 motorTq=-0Nm cmdTq=815Nm
INFO 2026-07-27 15:26:38.867 joltshadow - docs §58: wheel body (player) w=2 springF=3N stopF=0N travel=0.0051 (limits -0.5000..0.5000 rel spawn) kSusp=6000 sagPredicted=0.0005 | frameTrav=0.0051..0.0058 frameStopN=0
INFO 2026-07-27 15:26:38.867 joltshadow - docs §66: tyre band (player) w=2 fnGround=0N fnTotal=0N pen=0.00000 penRaw=0.00000 tau=0.01000 pen/tau=0.00 | recs tyre=0 rim=0 survived=0 stale=0 distMax=0.00R
INFO 2026-07-27 15:26:38.867 joltshadow - docs §68: steer (player) w=2 steerable=0 commanded=0.000 rad measured=-0.000 rad err=-0.00 deg steerSign=-1 steerTq=0Nm cap=340282346638528859811704183484516925440Nm sat=0.00
INFO 2026-07-27 15:26:38.867 joltshadow - docs §70: slip (player) w=2 grounded=0 kappa=0.000 fnGround=0N omega=0.02
INFO 2026-07-27 15:26:38.867 joltshadow - docs §67: spin (player) w=2 driven=1 omega=0.02 rad/s surfaceSpeed=0.01 m/s spinSign=+1 motorTq=-0Nm cmdTq=823Nm
INFO 2026-07-27 15:26:38.867 joltshadow - docs §58: wheel body (player) w=3 springF=1N stopF=0N travel=0.0053 (limits -0.5000..0.5000 rel spawn) kSusp=6000 sagPredicted=0.0001 | frameTrav=0.0053..0.0059 frameStopN=0
INFO 2026-07-27 15:26:38.867 joltshadow - docs §66: tyre band (player) w=3 fnGround=0N fnTotal=0N pen=0.00000 penRaw=0.00000 tau=0.01000 pen/tau=0.00 | recs tyre=0 rim=0 survived=0 stale=0 distMax=0.00R
INFO 2026-07-27 15:26:38.867 joltshadow - docs §68: steer (player) w=3 steerable=0 commanded=0.000 rad measured=-0.000 rad err=-0.00 deg steerSign=-1 steerTq=0Nm cap=340282346638528859811704183484516925440Nm sat=0.00
INFO 2026-07-27 15:26:38.867 joltshadow - docs §70: slip (player) w=3 grounded=0 kappa=0.000 fnGround=0N omega=0.02
INFO 2026-07-27 15:26:38.867 joltshadow - docs §67: spin (player) w=3 driven=1 omega=0.02 rad/s surfaceSpeed=0.01 m/s spinSign=+1 motorTq=-0Nm cmdTq=823Nm
INFO 2026-07-27 15:26:38.867 joltshadow - docs §67: drivetrain (player) gear=0 rpm=5 driveTorque=600Nm perWheel=150Nm driven=4 throttle=1.00 spin=1 | PRE-STEP brake=0.01 handBrake=1
INFO 2026-07-27 15:26:38.867 joltshadow - docs §66: tyre band SUM (player) fnGroundSum=0N fnTotalSum=0N weight=1295N carried=0.00 | penSum=0.00000 recs tyre=0 rim=0 stale=0
INFO 2026-07-27 15:26:38.867 joltshadow - docs §30: REAL ODE chassis COM (player) body=54AA14C8 = (4668.453, 257.993, 1251.494) forward=(-0.222, 0.019, -0.975)
INFO 2026-07-27 15:26:38.867 joltshadow - docs §33: real ODE chassis geom (player) #1 = class 0 (not a transform) pos=(4668.453,257.993,1251.494) radius=4.500
INFO 2026-07-27 15:26:38.867 joltshadow - docs §33: real ODE chassis geom (player) #2 = transform, inner class=1 pos=(0.000,1.095,-0.495)
INFO 2026-07-27 15:26:38.867 joltshadow - docs §33: real ODE chassis geom (player) #3 = transform, inner class=1 pos=(0.353,3.466,0.718)
INFO 2026-07-27 15:26:38.867 joltshadow - docs §33: real ODE chassis geom (player) #4 = transform, inner class=1 pos=(0.000,1.818,1.842)
INFO 2026-07-27 15:26:38.867 joltshadow - docs §33: real ODE chassis geom (player) #5 = transform, inner class=1 pos=(0.006,1.981,-2.113)
INFO 2026-07-27 15:26:38.868 joltshadow - docs §33: real ODE chassis geom (player) #6 = class 0 (not a transform) pos=(4668.453,257.993,1251.494) radius=30.000
INFO 2026-07-27 15:26:38.868 joltshadow - docs §33: real ODE chassis geom (player) #7 = class 0 (not a transform) pos=(4668.453,257.993,1251.494) radius=6.436
INFO 2026-07-27 15:26:38.868 joltshadow - docs §33: real ODE chassis geom (player) #8 = class 0 (not a transform) pos=(4668.453,257.993,1251.494) radius=200.000
INFO 2026-07-27 15:26:38.868 joltshadow - docs §33: real ODE chassis (player) has 8 total geom(s) directly attached (4 transform(s)) - compare against BuildChassisCompoundShape's own part/geom count in the build log
INFO 2026-07-27 15:26:38.868 joltshadow - docs §28: REAL ODE wheel state (player) wheel=0 displacement=0.0234 range=1.000 (2% compressed, signed) foreAft=2.270 localZ=2.270 cfm=0.002500 erp=0.2500
INFO 2026-07-27 15:26:38.868 joltshadow - docs §28: REAL ODE wheel state (player) wheel=1 displacement=0.0238 range=1.000 (2% compressed, signed) foreAft=2.270 localZ=2.270 cfm=0.002500 erp=0.2500
INFO 2026-07-27 15:26:38.868 joltshadow - docs §28: REAL ODE wheel state (player) wheel=2 displacement=0.0259 range=1.000 (3% compressed, signed) foreAft=-2.062 localZ=-2.062 cfm=0.002500 erp=0.2500
INFO 2026-07-27 15:26:38.868 joltshadow - docs §28: REAL ODE wheel state (player) wheel=3 displacement=0.0255 range=1.000 (3% compressed, signed) foreAft=-2.062 localZ=-2.062 cfm=0.002500 erp=0.2500
INFO 2026-07-27 15:26:38.909 joltshadow - docs §70.1: slipdense (player) f=424 w=0 grounded=0 kappa=0.000 fnGround=0 omega=0.02 | ftGround=0N target=0.0 limit=815Nm motorNm=0 tyreNm=0 inertia=1.78 limRot=0/-0/0 omegaPre=0.02 posN=-0/-0/0 susp=0.0001 springN=5
INFO 2026-07-27 15:26:38.909 joltshadow - docs §70.1: slipdense (player) f=424 w=1 grounded=0 kappa=0.000 fnGround=0 omega=0.02 | ftGround=0N target=0.0 limit=815Nm motorNm=0 tyreNm=0 inertia=1.78 limRot=0/-0/0 omegaPre=0.02 posN=-0/-0/0 susp=0.0001 springN=5
INFO 2026-07-27 15:26:38.909 joltshadow - docs §70.1: slipdense (player) f=424 w=2 grounded=0 kappa=0.000 fnGround=0 omega=0.02 | ftGround=0N target=0.0 limit=823Nm motorNm=0 tyreNm=0 inertia=1.82 limRot=0/-0/-0 omegaPre=0.02 posN=-0/-0/0 susp=0.0013 springN=11
INFO 2026-07-27 15:26:38.909 joltshadow - docs §70.1: slipdense (player) f=424 w=3 grounded=0 kappa=0.000 fnGround=0 omega=0.02 | ftGround=0N target=0.0 limit=823Nm motorNm=0 tyreNm=0 inertia=1.82 limRot=0/-0/-0 omegaPre=0.02 posN=-0/-0/0 susp=0.0014 springN=10
INFO 2026-07-27 15:26:38.910 joltshadow - docs §78: attdense (player) f=424 joltTilt=1.12 odeTilt=1.09 upDelta=0.12 wBody=(0.02,-0.00,0.00) |w|=0.02 grounded=0
INFO 2026-07-27 15:26:38.950 joltshadow - docs §70.1: slipdense (player) f=428 w=0 grounded=0 kappa=0.000 fnGround=0 omega=0.02 | ftGround=0N target=0.0 limit=815Nm motorNm=0 tyreNm=0 inertia=1.78 limRot=0/-0/0 omegaPre=0.02 posN=0/-0/0 susp=-0.0002 springN=2
INFO 2026-07-27 15:26:38.951 joltshadow - docs §70.1: slipdense (player) f=428 w=1 grounded=0 kappa=0.000 fnGround=0 omega=0.02 | ftGround=0N target=0.0 limit=815Nm motorNm=0 tyreNm=0 inertia=1.78 limRot=0/-0/0 omegaPre=0.02 posN=0/-0/0 susp=-0.0001 springN=2
INFO 2026-07-27 15:26:38.951 joltshadow - docs §70.1: slipdense (player) f=428 w=2 grounded=0 kappa=0.000 fnGround=0 omega=0.02 | ftGround=0N target=0.0 limit=823Nm motorNm=0 tyreNm=0 inertia=1.82 limRot=0/-0/-0 omegaPre=0.02 posN=-0/-0/0 susp=-0.0003 springN=6
INFO 2026-07-27 15:26:38.951 joltshadow - docs §70.1: slipdense (player) f=428 w=3 grounded=0 kappa=0.000 fnGround=0 omega=0.02 | ftGround=0N target=0.0 limit=823Nm motorNm=0 tyreNm=0 inertia=1.82 limRot=0/-0/-0 omegaPre=0.02 posN=-0/-0/0 susp=-0.0002 springN=6
INFO 2026-07-27 15:26:38.951 joltshadow - docs §78: attdense (player) f=428 joltTilt=1.06 odeTilt=1.09 upDelta=0.11 wBody=(0.02,-0.00,0.00) |w|=0.02 grounded=0
INFO 2026-07-27 15:26:38.993 joltshadow - docs §70.1: slipdense (player) f=432 w=0 grounded=0 kappa=0.000 fnGround=0 omega=0.02 | ftGround=0N target=0.0 limit=815Nm motorNm=0 tyreNm=0 inertia=1.78 limRot=0/0/0 omegaPre=0.02 posN=0/-0/0 susp=0.0000 springN=-0
INFO 2026-07-27 15:26:38.993 joltshadow - docs §70.1: slipdense (player) f=432 w=1 grounded=0 kappa=0.000 fnGround=0 omega=0.02 | ftGround=0N target=0.0 limit=815Nm motorNm=0 tyreNm=0 inertia=1.78 limRot=0/0/0 omegaPre=0.02 posN=0/-0/0 susp=0.0000 springN=-0
INFO 2026-07-27 15:26:38.994 joltshadow - docs §70.1: slipdense (player) f=432 w=2 grounded=0 kappa=0.000 fnGround=0 omega=0.02 | ftGround=0N target=0.0 limit=823Nm motorNm=0 tyreNm=0 inertia=1.82 limRot=0/0/0 omegaPre=0.02 posN=0/-0/0 susp=-0.0005 springN=2
INFO 2026-07-27 15:26:38.994 joltshadow - docs §70.1: slipdense (player) f=432 w=3 grounded=0 kappa=0.000 fnGround=0 omega=0.02 | ftGround=0N target=0.0 limit=823Nm motorNm=0 tyreNm=0 inertia=1.82 limRot=0/0/0 omegaPre=0.02 posN=0/-0/0 susp=-0.0004 springN=2
INFO 2026-07-27 15:26:38.994 joltshadow - docs §78: attdense (player) f=432 joltTilt=1.01 odeTilt=1.09 upDelta=0.13 wBody=(0.02,-0.00,0.00) |w|=0.02 grounded=0
INFO 2026-07-27 15:26:39.035 joltshadow - docs §70.1: slipdense (player) f=436 w=0 grounded=0 kappa=0.000 fnGround=0 omega=0.02 | ftGround=0N target=0.0 limit=815Nm motorNm=0 tyreNm=0 inertia=1.78 limRot=0/-0/0 omegaPre=0.02 posN=-0/0/0 susp=0.0001 springN=-0
INFO 2026-07-27 15:26:39.036 joltshadow - docs §70.1: slipdense (player) f=436 w=1 grounded=0 kappa=0.000 fnGround=0 omega=0.02 | ftGround=0N target=0.0 limit=815Nm motorNm=0 tyreNm=0 inertia=1.78 limRot=0/-0/0 omegaPre=0.02 posN=-0/0/0 susp=0.0002 springN=-0
INFO 2026-07-27 15:26:39.036 joltshadow - docs §70.1: slipdense (player) f=436 w=2 grounded=0 kappa=0.000 fnGround=0 omega=0.02 | ftGround=0N target=0.0 limit=823Nm motorNm=0 tyreNm=0 inertia=1.82 limRot=0/-0/-0 omegaPre=0.02 posN=-0/0/0 susp=-0.0003 springN=-0
INFO 2026-07-27 15:26:39.036 joltshadow - docs §70.1: slipdense (player) f=436 w=3 grounded=0 kappa=0.000 fnGround=0 omega=0.02 | ftGround=0N target=0.0 limit=823Nm motorNm=0 tyreNm=0 inertia=1.82 limRot=0/-0/-0 omegaPre=0.02 posN=-0/0/0 susp=-0.0001 springN=-0
INFO 2026-07-27 15:26:39.036 joltshadow - docs §78: attdense (player) f=436 joltTilt=0.95 odeTilt=1.09 upDelta=0.16 wBody=(0.02,-0.00,0.00) |w|=0.02 grounded=0
INFO 2026-07-27 15:26:39.056 joltshadow - docs §82: resync (player) #12 dt=0.50s upMax=0.450 deg posMax=1.121 m odeTiltPath=0.005 deg gain=-1.0000
INFO 2026-07-27 15:26:39.056 joltshadow - docs §87: resync landing (player) w=0 pre=0.5148 post=-0.0095 m R=0.629 dY=-1.1156 dRotDeg=0.18 |corr|=1.1192 m
INFO 2026-07-27 15:26:39.056 joltshadow - docs §87: resync landing (player) w=1 pre=0.5116 post=-0.0091 m R=0.629 dY=-1.1156 dRotDeg=0.18 |corr|=1.1192 m
INFO 2026-07-27 15:26:39.056 joltshadow - docs §87: resync landing (player) w=2 pre=0.4474 post=-0.0096 m R=0.635 dY=-1.1156 dRotDeg=0.18 |corr|=1.1192 m
INFO 2026-07-27 15:26:39.056 joltshadow - docs §87: resync landing (player) w=3 pre=0.4439 post=-0.0092 m R=0.635 dY=-1.1156 dRotDeg=0.18 |corr|=1.1192 m
INFO 2026-07-27 15:26:39.056 joltshadow - docs §82: resync RESIDUAL (player) #12 pos=0.0000 m up=0.0000 deg
INFO 2026-07-27 15:26:39.079 joltshadow - docs §70.1: slipdense (player) f=440 w=0 grounded=1 kappa=-0.209 fnGround=1200 omega=-0.12 | ftGround=-157N target=0.0 limit=3020Nm motorNm=-99 tyreNm=92 inertia=1.78 limRot=0/-2/0 omegaPre=-0.07 posN=-3/112/0 susp=-0.5034 springN=2356
INFO 2026-07-27 15:26:39.079 joltshadow - docs §70.1: slipdense (player) f=440 w=1 grounded=1 kappa=-0.209 fnGround=1200 omega=-0.12 | ftGround=-156N target=0.0 limit=3019Nm motorNm=-98 tyreNm=92 inertia=1.78 limRot=0/-2/0 omegaPre=-0.07 posN=-3/112/0 susp=-0.5038 springN=2363
INFO 2026-07-27 15:26:39.079 joltshadow - docs §70.1: slipdense (player) f=440 w=2 grounded=1 kappa=-0.194 fnGround=1200 omega=-0.12 | ftGround=-145N target=0.0 limit=3049Nm motorNm=-89 tyreNm=82 inertia=1.82 limRot=0/-2/-0 omegaPre=-0.07 posN=-3/93/0 susp=-0.5439 springN=2762
INFO 2026-07-27 15:26:39.079 joltshadow - docs §70.1: slipdense (player) f=440 w=3 grounded=1 kappa=-0.193 fnGround=1199 omega=-0.12 | ftGround=-145N target=0.0 limit=3047Nm motorNm=-88 tyreNm=82 inertia=1.82 limRot=0/-2/0 omegaPre=-0.07 posN=-3/92/0 susp=-0.5442 springN=2768
INFO 2026-07-27 15:26:39.079 joltshadow - docs §78: attdense (player) f=440 joltTilt=0.94 odeTilt=1.09 upDelta=0.15 wBody=(-0.12,0.00,-0.01) |w|=0.12 grounded=4
INFO 2026-07-27 15:26:39.119 joltshadow - docs §70.1: slipdense (player) f=444 w=0 grounded=1 kappa=-0.141 fnGround=1190 omega=-0.15 | ftGround=-105N target=0.0 limit=3020Nm motorNm=-61 tyreNm=63 inertia=1.78 limRot=0/-1/0 omegaPre=-0.16 posN=-1/68/0 susp=-0.3718 springN=996
INFO 2026-07-27 15:26:39.119 joltshadow - docs §70.1: slipdense (player) f=444 w=1 grounded=1 kappa=-0.140 fnGround=1193 omega=-0.15 | ftGround=-105N target=0.0 limit=3020Nm motorNm=-61 tyreNm=63 inertia=1.78 limRot=0/-1/0 omegaPre=-0.16 posN=-1/68/0 susp=-0.3732 springN=1006
INFO 2026-07-27 15:26:39.119 joltshadow - docs §70.1: slipdense (player) f=444 w=2 grounded=1 kappa=-0.116 fnGround=1200 omega=-0.15 | ftGround=-87N target=0.0 limit=3049Nm motorNm=-50 tyreNm=52 inertia=1.82 limRot=0/-1/0 omegaPre=-0.16 posN=-1/38/0 susp=-0.4571 springN=1682
INFO 2026-07-27 15:26:39.119 joltshadow - docs §70.1: slipdense (player) f=444 w=3 grounded=1 kappa=-0.115 fnGround=1200 omega=-0.15 | ftGround=-86N target=0.0 limit=3049Nm motorNm=-50 tyreNm=52 inertia=1.82 limRot=0/-1/0 omegaPre=-0.16 posN=-1/37/0 susp=-0.4586 springN=1695
INFO 2026-07-27 15:26:39.119 joltshadow - docs §78: attdense (player) f=444 joltTilt=1.16 odeTilt=1.09 upDelta=0.08 wBody=(-0.15,0.00,-0.01) |w|=0.15 grounded=4
INFO 2026-07-27 15:26:39.158 joltshadow - docs §70.1: slipdense (player) f=448 w=0 grounded=1 kappa=0.033 fnGround=392 omega=-0.09 | ftGround=22N target=0.0 limit=1461Nm motorNm=17 tyreNm=-14 inertia=1.78 limRot=0/1/0 omegaPre=-0.10 posN=2/-33/0 susp=-0.2109 springN=148
INFO 2026-07-27 15:26:39.159 joltshadow - docs §70.1: slipdense (player) f=448 w=1 grounded=1 kappa=0.033 fnGround=406 omega=-0.09 | ftGround=22N target=0.0 limit=1493Nm motorNm=17 tyreNm=-14 inertia=1.78 limRot=0/1/0 omegaPre=-0.10 posN=2/-32/0 susp=-0.2143 springN=163
INFO 2026-07-27 15:26:39.159 joltshadow - docs §70.1: slipdense (player) f=448 w=2 grounded=1 kappa=0.028 fnGround=909 omega=-0.09 | ftGround=19N target=0.0 limit=2784Nm motorNm=15 tyreNm=-12 inertia=1.82 limRot=0/1/0 omegaPre=-0.10 posN=3/-40/0 susp=-0.3012 springN=652
INFO 2026-07-27 15:26:39.159 joltshadow - docs §70.1: slipdense (player) f=448 w=3 grounded=1 kappa=0.028 fnGround=925 omega=-0.09 | ftGround=19N target=0.0 limit=2815Nm motorNm=15 tyreNm=-12 inertia=1.82 limRot=0/1/0 omegaPre=-0.10 posN=3/-40/0 susp=-0.3051 springN=670
INFO 2026-07-27 15:26:39.159 joltshadow - docs §78: attdense (player) f=448 joltTilt=1.43 odeTilt=1.08 upDelta=0.35 wBody=(-0.09,-0.00,-0.00) |w|=0.09 grounded=4
INFO 2026-07-27 15:26:39.200 joltshadow - docs §70.1: slipdense (player) f=452 w=0 grounded=0 kappa=0.000 fnGround=0 omega=0.01 | ftGround=0N target=0.0 limit=815Nm motorNm=4 tyreNm=0 inertia=1.78 limRot=0/0/0 omegaPre=-0.01 posN=1/-18/0 susp=-0.0751 springN=-323
INFO 2026-07-27 15:26:39.200 joltshadow - docs §70.1: slipdense (player) f=452 w=1 grounded=0 kappa=0.000 fnGround=0 omega=0.01 | ftGround=0N target=0.0 limit=815Nm motorNm=4 tyreNm=0 inertia=1.78 limRot=0/0/0 omegaPre=-0.01 posN=1/-18/0 susp=-0.0797 springN=-316
INFO 2026-07-27 15:26:39.200 joltshadow - docs §70.1: slipdense (player) f=452 w=2 grounded=1 kappa=0.226 fnGround=0 omega=0.01 | ftGround=0N target=0.0 limit=982Nm motorNm=4 tyreNm=0 inertia=1.82 limRot=0/0/0 omegaPre=-0.01 posN=1/-16/0 susp=-0.1562 springN=-53
INFO 2026-07-27 15:26:39.200 joltshadow - docs §70.1: slipdense (player) f=452 w=3 grounded=1 kappa=0.227 fnGround=0 omega=0.01 | ftGround=0N target=0.0 limit=1035Nm motorNm=4 tyreNm=0 inertia=1.82 limRot=0/0/0 omegaPre=-0.01 posN=1/-16/0 susp=-0.1619 springN=-30
INFO 2026-07-27 15:26:39.200 joltshadow - docs §78: attdense (player) f=452 joltTilt=1.51 odeTilt=1.08 upDelta=0.45 wBody=(0.01,0.00,0.01) |w|=0.01 grounded=2
INFO 2026-07-27 15:26:39.243 joltshadow - docs §70.1: slipdense (player) f=456 w=0 grounded=0 kappa=0.000 fnGround=0 omega=0.05 | ftGround=0N target=0.0 limit=815Nm motorNm=0 tyreNm=0 inertia=1.78 limRot=0/-0/0 omegaPre=0.05 posN=-0/-1/0 susp=-0.0062 springN=-199
INFO 2026-07-27 15:26:39.243 joltshadow - docs §70.1: slipdense (player) f=456 w=1 grounded=0 kappa=0.000 fnGround=0 omega=0.05 | ftGround=0N target=0.0 limit=815Nm motorNm=0 tyreNm=0 inertia=1.78 limRot=0/-0/0 omegaPre=0.05 posN=-0/-1/0 susp=-0.0090 springN=-203
INFO 2026-07-27 15:26:39.244 joltshadow - docs §70.1: slipdense (player) f=456 w=2 grounded=0 kappa=0.000 fnGround=0 omega=0.05 | ftGround=0N target=0.0 limit=823Nm motorNm=0 tyreNm=0 inertia=1.82 limRot=0/-0/-0 omegaPre=0.05 posN=-0/-2/0 susp=-0.0410 springN=-295
INFO 2026-07-27 15:26:39.244 joltshadow - docs §70.1: slipdense (player) f=456 w=3 grounded=0 kappa=0.000 fnGround=0 omega=0.05 | ftGround=0N target=0.0 limit=823Nm motorNm=0 tyreNm=0 inertia=1.82 limRot=0/-0/-0 omegaPre=0.05 posN=-0/-2/0 susp=-0.0450 springN=-296
INFO 2026-07-27 15:26:39.244 joltshadow - docs §78: attdense (player) f=456 joltTilt=1.42 odeTilt=1.08 upDelta=0.36 wBody=(0.05,0.00,0.01) |w|=0.05 grounded=0
INFO 2026-07-27 15:26:39.284 joltshadow - docs §70.1: slipdense (player) f=460 w=0 grounded=0 kappa=0.000 fnGround=0 omega=0.04 | ftGround=0N target=0.0 limit=815Nm motorNm=-1 tyreNm=0 inertia=1.78 limRot=0/-0/0 omegaPre=0.04 posN=-1/3/0 susp=0.0073 springN=-62
INFO 2026-07-27 15:26:39.284 joltshadow - docs §70.1: slipdense (player) f=460 w=1 grounded=0 kappa=0.000 fnGround=0 omega=0.04 | ftGround=0N target=0.0 limit=815Nm motorNm=-1 tyreNm=0 inertia=1.78 limRot=0/-0/0 omegaPre=0.04 posN=-1/3/0 susp=0.0063 springN=-67
INFO 2026-07-27 15:26:39.284 joltshadow - docs §70.1: slipdense (player) f=460 w=2 grounded=0 kappa=0.000 fnGround=0 omega=0.04 | ftGround=0N target=0.0 limit=823Nm motorNm=-1 tyreNm=0 inertia=1.82 limRot=0/-0/-0 omegaPre=0.04 posN=-1/3/0 susp=0.0016 springN=-168
INFO 2026-07-27 15:26:39.284 joltshadow - docs §70.1: slipdense (player) f=460 w=3 grounded=0 kappa=0.000 fnGround=0 omega=0.04 | ftGround=0N target=0.0 limit=823Nm motorNm=-1 tyreNm=0 inertia=1.82 limRot=0/-0/-0 omegaPre=0.04 posN=-1/3/0 susp=-0.0000 springN=-175
INFO 2026-07-27 15:26:39.284 joltshadow - docs §78: attdense (player) f=460 joltTilt=1.32 odeTilt=1.08 upDelta=0.27 wBody=(0.04,0.00,0.01) |w|=0.04 grounded=0
INFO 2026-07-27 15:26:39.321 joltshadow - docs §70.1: slipdense (player) f=464 w=0 grounded=0 kappa=0.000 fnGround=0 omega=0.03 | ftGround=0N target=0.0 limit=815Nm motorNm=-0 tyreNm=0 inertia=1.78 limRot=0/-0/0 omegaPre=0.03 posN=-0/2/0 susp=0.0054 springN=-4
INFO 2026-07-27 15:26:39.321 joltshadow - docs §70.1: slipdense (player) f=464 w=1 grounded=0 kappa=0.000 fnGround=0 omega=0.03 | ftGround=0N target=0.0 limit=815Nm motorNm=-0 tyreNm=0 inertia=1.78 limRot=0/-0/0 omegaPre=0.03 posN=-0/2/0 susp=0.0052 springN=-8
INFO 2026-07-27 15:26:39.321 joltshadow - docs §70.1: slipdense (player) f=464 w=2 grounded=0 kappa=0.000 fnGround=0 omega=0.03 | ftGround=0N target=0.0 limit=823Nm motorNm=-0 tyreNm=0 inertia=1.82 limRot=0/-0/-0 omegaPre=0.03 posN=-0/2/0 susp=0.0091 springN=-57
INFO 2026-07-27 15:26:39.321 joltshadow - docs §70.1: slipdense (player) f=464 w=3 grounded=0 kappa=0.000 fnGround=0 omega=0.03 | ftGround=0N target=0.0 limit=823Nm motorNm=-0 tyreNm=0 inertia=1.82 limRot=0/-0/-0 omegaPre=0.03 posN=-0/2/0 susp=0.0089 springN=-62
INFO 2026-07-27 15:26:39.321 joltshadow - docs §78: attdense (player) f=464 joltTilt=1.24 odeTilt=1.08 upDelta=0.21 wBody=(0.03,0.00,0.00) |w|=0.03 grounded=0
INFO 2026-07-27 15:26:39.359 joltshadow - docs §70.1: slipdense (player) f=468 w=0 grounded=0 kappa=0.000 fnGround=0 omega=0.02 | ftGround=0N target=0.0 limit=815Nm motorNm=-0 tyreNm=0 inertia=1.78 limRot=0/-0/0 omegaPre=0.02 posN=-0/1/0 susp=0.0020 springN=9
INFO 2026-07-27 15:26:39.359 joltshadow - docs §70.1: slipdense (player) f=468 w=1 grounded=0 kappa=0.000 fnGround=0 omega=0.02 | ftGround=0N target=0.0 limit=815Nm motorNm=-0 tyreNm=0 inertia=1.78 limRot=0/-0/0 omegaPre=0.02 posN=-0/1/0 susp=0.0022 springN=8
INFO 2026-07-27 15:26:39.360 joltshadow - docs §70.1: slipdense (player) f=468 w=2 grounded=0 kappa=0.000 fnGround=0 omega=0.02 | ftGround=0N target=0.0 limit=823Nm motorNm=-0 tyreNm=0 inertia=1.82 limRot=0/-0/-0 omegaPre=0.02 posN=-0/1/0 susp=0.0060 springN=-2
INFO 2026-07-27 15:26:39.360 joltshadow - docs §70.1: slipdense (player) f=468 w=3 grounded=0 kappa=0.000 fnGround=0 omega=0.02 | ftGround=0N target=0.0 limit=823Nm motorNm=-0 tyreNm=0 inertia=1.82 limRot=0/-0/-0 omegaPre=0.02 posN=-0/1/0 susp=0.0063 springN=-4
INFO 2026-07-27 15:26:39.360 joltshadow - docs §78: attdense (player) f=468 joltTilt=1.19 odeTilt=1.08 upDelta=0.17 wBody=(0.02,0.00,0.00) |w|=0.02 grounded=0
INFO 2026-07-27 15:26:39.403 joltshadow - docs §70.1: slipdense (player) f=472 w=0 grounded=0 kappa=0.000 fnGround=0 omega=0.02 | ftGround=0N target=0.0 limit=815Nm motorNm=0 tyreNm=0 inertia=1.78 limRot=0/-0/0 omegaPre=0.02 posN=-0/-0/0 susp=0.0002 springN=6
INFO 2026-07-27 15:26:39.403 joltshadow - docs §70.1: slipdense (player) f=472 w=1 grounded=0 kappa=0.000 fnGround=0 omega=0.02 | ftGround=0N target=0.0 limit=815Nm motorNm=0 tyreNm=0 inertia=1.78 limRot=0/-0/0 omegaPre=0.02 posN=-0/-0/0 susp=0.0005 springN=5
INFO 2026-07-27 15:26:39.403 joltshadow - docs §70.1: slipdense (player) f=472 w=2 grounded=0 kappa=0.000 fnGround=0 omega=0.02 | ftGround=0N target=0.0 limit=823Nm motorNm=0 tyreNm=0 inertia=1.82 limRot=0/-0/-0 omegaPre=0.02 posN=-0/-0/0 susp=0.0017 springN=12
INFO 2026-07-27 15:26:39.403 joltshadow - docs §70.1: slipdense (player) f=472 w=3 grounded=0 kappa=0.000 fnGround=0 omega=0.02 | ftGround=0N target=0.0 limit=823Nm motorNm=0 tyreNm=0 inertia=1.82 limRot=0/-0/-0 omegaPre=0.02 posN=-0/-0/0 susp=0.0020 springN=11
INFO 2026-07-27 15:26:39.403 joltshadow - docs §78: attdense (player) f=472 joltTilt=1.14 odeTilt=1.08 upDelta=0.13 wBody=(0.02,0.00,0.00) |w|=0.02 grounded=0
INFO 2026-07-27 15:26:39.444 joltshadow - docs §70.1: slipdense (player) f=476 w=0 grounded=0 kappa=0.000 fnGround=0 omega=0.02 | ftGround=0N target=0.0 limit=815Nm motorNm=0 tyreNm=0 inertia=1.78 limRot=0/-0/0 omegaPre=0.02 posN=-0/-0/0 susp=-0.0003 springN=2
INFO 2026-07-27 15:26:39.444 joltshadow - docs §70.1: slipdense (player) f=476 w=1 grounded=0 kappa=0.000 fnGround=0 omega=0.02 | ftGround=0N target=0.0 limit=815Nm motorNm=0 tyreNm=0 inertia=1.78 limRot=0/-0/0 omegaPre=0.02 posN=-0/-0/0 susp=0.0000 springN=2
INFO 2026-07-27 15:26:39.445 joltshadow - docs §70.1: slipdense (player) f=476 w=2 grounded=0 kappa=0.000 fnGround=0 omega=0.02 | ftGround=0N target=0.0 limit=823Nm motorNm=0 tyreNm=0 inertia=1.82 limRot=0/-0/-0 omegaPre=0.02 posN=-0/-0/0 susp=-0.0002 springN=7
INFO 2026-07-27 15:26:39.445 joltshadow - docs §70.1: slipdense (player) f=476 w=3 grounded=0 kappa=0.000 fnGround=0 omega=0.02 | ftGround=0N target=0.0 limit=823Nm motorNm=0 tyreNm=0 inertia=1.82 limRot=0/-0/-0 omegaPre=0.02 posN=-0/-0/0 susp=0.0002 springN=7
INFO 2026-07-27 15:26:39.445 joltshadow - docs §78: attdense (player) f=476 joltTilt=1.09 odeTilt=1.08 upDelta=0.11 wBody=(0.02,0.00,0.00) |w|=0.02 grounded=0
INFO 2026-07-27 15:26:39.486 joltshadow - docs §70.1: slipdense (player) f=480 w=0 grounded=0 kappa=0.000 fnGround=0 omega=0.02 | ftGround=0N target=0.0 limit=815Nm motorNm=0 tyreNm=0 inertia=1.78 limRot=0/-0/0 omegaPre=0.02 posN=-0/-0/0 susp=-0.0003 springN=0
INFO 2026-07-27 15:26:39.486 joltshadow - docs §70.1: slipdense (player) f=480 w=1 grounded=0 kappa=0.000 fnGround=0 omega=0.02 | ftGround=0N target=0.0 limit=815Nm motorNm=0 tyreNm=0 inertia=1.78 limRot=0/-0/0 omegaPre=0.02 posN=-0/-0/0 susp=0.0001 springN=0
INFO 2026-07-27 15:26:39.486 joltshadow - docs §70.1: slipdense (player) f=480 w=2 grounded=0 kappa=0.000 fnGround=0 omega=0.02 | ftGround=0N target=0.0 limit=823Nm motorNm=0 tyreNm=0 inertia=1.82 limRot=0/-0/-0 omegaPre=0.02 posN=-0/-0/0 susp=-0.0007 springN=3
INFO 2026-07-27 15:26:39.486 joltshadow - docs §70.1: slipdense (player) f=480 w=3 grounded=0 kappa=0.000 fnGround=0 omega=0.02 | ftGround=0N target=0.0 limit=823Nm motorNm=0 tyreNm=0 inertia=1.82 limRot=0/-0/-0 omegaPre=0.02 posN=-0/-0/0 susp=-0.0002 springN=3
INFO 2026-07-27 15:26:39.486 joltshadow - docs §78: attdense (player) f=480 joltTilt=1.03 odeTilt=1.08 upDelta=0.12 wBody=(0.02,0.00,0.00) |w|=0.02 grounded=0
INFO 2026-07-27 15:26:39.486 joltshadow - Shadow divergence (player): pos=2.399m vel=0.570m/s angle=0.1deg (jolt com=[4668.5 260.3 1252.0] ode com=[4668.5 258.0 1251.5])
INFO 2026-07-27 15:26:39.486 joltshadow - docs §23.6: driver input (player) realThrottle=10.00 brake=0.01 handBrake=1 steerRad=0.000
INFO 2026-07-27 15:26:39.486 joltshadow - docs §32: Jolt SHADOW chassis pitch (player) forward=(-0.222, 0.018, -0.975)
INFO 2026-07-27 15:26:39.486 joltshadow - docs §69: tilt (player) jolt=1.0 deg ode=1.1 deg delta=-0.1 deg upDelta=0.12 deg
INFO 2026-07-27 15:26:39.486 joltshadow - docs §32.4: Jolt SHADOW chassis lowest corner (player) = (4667.79,258.95,1255.38) clearanceToGround=0.952
INFO 2026-07-27 15:26:39.486 joltshadow - docs §23.5: wheel state (player) wheel=0 contact=0 suspLen=1.050 (range 0.050-1.050, 0% compressed) angVel=0.00
INFO 2026-07-27 15:26:39.486 joltshadow - docs §38.11: wheel=0 NO contact, worldAxle=(0.975,0.002,-0.222)
INFO 2026-07-27 15:26:39.486 joltshadow - docs §32: no-contact raycast (player) wheel=0 bodyPos=(4668.46,259.60,1251.58) localMPos=(-1.155,0.060,2.270) origin=(4669.08,259.70,1249.11) dir=(-0.002,-1.000,-0.018) normalRayLen=1.679 groundFoundAt=0.000 shortfallBeyondTravel=-1.679 hitBody=8391035 hitLayer=1 hitMotion=2 hitIsSelfChassis=0
INFO 2026-07-27 15:26:39.486 joltshadow - docs §23.5: wheel state (player) wheel=1 contact=0 suspLen=1.050 (range 0.050-1.050, 0% compressed) angVel=0.00
INFO 2026-07-27 15:26:39.486 joltshadow - docs §38.11: wheel=1 NO contact, worldAxle=(0.975,0.002,-0.222)
INFO 2026-07-27 15:26:39.486 joltshadow - docs §32: no-contact raycast (player) wheel=1 bodyPos=(4668.46,259.60,1251.58) localMPos=(1.155,0.059,2.270) origin=(4666.83,259.70,1249.62) dir=(-0.002,-1.000,-0.018) normalRayLen=1.679 groundFoundAt=0.000 shortfallBeyondTravel=-1.679 hitBody=8391035 hitLayer=1 hitMotion=2 hitIsSelfChassis=0
INFO 2026-07-27 15:26:39.487 joltshadow - docs §23.5: wheel state (player) wheel=2 contact=0 suspLen=1.050 (range 0.050-1.050, 0% compressed) angVel=0.00
INFO 2026-07-27 15:26:39.487 joltshadow - docs §38.11: wheel=2 NO contact, worldAxle=(0.975,0.002,-0.222)
INFO 2026-07-27 15:26:39.487 joltshadow - docs §32: no-contact raycast (player) wheel=2 bodyPos=(4668.46,259.60,1251.58) localMPos=(-1.253,0.145,-2.062) origin=(4670.14,259.71,1253.31) dir=(-0.002,-1.000,-0.018) normalRayLen=1.685 groundFoundAt=0.000 shortfallBeyondTravel=-1.685 hitBody=8391035 hitLayer=1 hitMotion=2 hitIsSelfChassis=0
INFO 2026-07-27 15:26:39.487 joltshadow - docs §23.5: wheel state (player) wheel=3 contact=0 suspLen=1.050 (range 0.050-1.050, 0% compressed) angVel=0.00
INFO 2026-07-27 15:26:39.487 joltshadow - docs §38.11: wheel=3 NO contact, worldAxle=(0.975,0.002,-0.222)
INFO 2026-07-27 15:26:39.487 joltshadow - docs §32: no-contact raycast (player) wheel=3 bodyPos=(4668.46,259.60,1251.58) localMPos=(1.253,0.146,-2.062) origin=(4667.69,259.71,1253.87) dir=(-0.002,-1.000,-0.018) normalRayLen=1.685 groundFoundAt=0.000 shortfallBeyondTravel=-1.685 hitBody=8391035 hitLayer=1 hitMotion=2 hitIsSelfChassis=0
INFO 2026-07-27 15:26:39.487 joltshadow - docs §59/63: harvest (player) wheelsWithContact=0 contactPoints=0 overflow=0 (of 4) | maxNormalF=0N bound(k_t*tau)=0N ratio=0.00
INFO 2026-07-27 15:26:39.487 joltshadow - docs §58: wheel body (player) w=0 springF=0N stopF=0N travel=-0.0003 (limits -0.5000..0.5000 rel spawn) kSusp=6000 sagPredicted=0.0001 | frameTrav=-0.0003..-0.0003 frameStopN=0
INFO 2026-07-27 15:26:39.487 joltshadow - docs §66: tyre band (player) w=0 fnGround=0N fnTotal=0N pen=0.00000 penRaw=0.00000 tau=0.01000 pen/tau=0.00 | recs tyre=0 rim=0 survived=0 stale=0 distMax=0.00R
INFO 2026-07-27 15:26:39.487 joltshadow - docs §68: steer (player) w=0 steerable=1 commanded=0.000 rad measured=0.000 rad err=0.00 deg steerSign=-1 steerTq=0Nm cap=815Nm sat=0.00
INFO 2026-07-27 15:26:39.487 joltshadow - docs §70: slip (player) w=0 grounded=0 kappa=0.000 fnGround=0N omega=0.02
INFO 2026-07-27 15:26:39.487 joltshadow - docs §67: spin (player) w=0 driven=1 omega=0.02 rad/s surfaceSpeed=0.01 m/s spinSign=+1 motorTq=0Nm cmdTq=815Nm
INFO 2026-07-27 15:26:39.487 joltshadow - docs §58: wheel body (player) w=1 springF=0N stopF=0N travel=0.0001 (limits -0.5000..0.5000 rel spawn) kSusp=6000 sagPredicted=0.0001 | frameTrav=0.0001..0.0001 frameStopN=0
INFO 2026-07-27 15:26:39.487 joltshadow - docs §66: tyre band (player) w=1 fnGround=0N fnTotal=0N pen=0.00000 penRaw=0.00000 tau=0.01000 pen/tau=0.00 | recs tyre=0 rim=0 survived=0 stale=0 distMax=0.00R
INFO 2026-07-27 15:26:39.487 joltshadow - docs §68: steer (player) w=1 steerable=1 commanded=0.000 rad measured=0.000 rad err=0.00 deg steerSign=-1 steerTq=0Nm cap=815Nm sat=0.00
INFO 2026-07-27 15:26:39.487 joltshadow - docs §70: slip (player) w=1 grounded=0 kappa=0.000 fnGround=0N omega=0.02
INFO 2026-07-27 15:26:39.487 joltshadow - docs §67: spin (player) w=1 driven=1 omega=0.02 rad/s surfaceSpeed=0.01 m/s spinSign=+1 motorTq=0Nm cmdTq=815Nm
INFO 2026-07-27 15:26:39.487 joltshadow - docs §58: wheel body (player) w=2 springF=3N stopF=0N travel=-0.0007 (limits -0.5000..0.5000 rel spawn) kSusp=6000 sagPredicted=0.0005 | frameTrav=-0.0007..-0.0007 frameStopN=0
INFO 2026-07-27 15:26:39.487 joltshadow - docs §66: tyre band (player) w=2 fnGround=0N fnTotal=0N pen=0.00000 penRaw=0.00000 tau=0.01000 pen/tau=0.00 | recs tyre=0 rim=0 survived=0 stale=0 distMax=0.00R
INFO 2026-07-27 15:26:39.487 joltshadow - docs §68: steer (player) w=2 steerable=0 commanded=0.000 rad measured=0.000 rad err=0.00 deg steerSign=-1 steerTq=0Nm cap=340282346638528859811704183484516925440Nm sat=0.00
INFO 2026-07-27 15:26:39.487 joltshadow - docs §70: slip (player) w=2 grounded=0 kappa=0.000 fnGround=0N omega=0.02
INFO 2026-07-27 15:26:39.487 joltshadow - docs §67: spin (player) w=2 driven=1 omega=0.02 rad/s surfaceSpeed=0.01 m/s spinSign=+1 motorTq=0Nm cmdTq=823Nm
INFO 2026-07-27 15:26:39.487 joltshadow - docs §58: wheel body (player) w=3 springF=3N stopF=0N travel=-0.0002 (limits -0.5000..0.5000 rel spawn) kSusp=6000 sagPredicted=0.0004 | frameTrav=-0.0002..-0.0002 frameStopN=0
INFO 2026-07-27 15:26:39.487 joltshadow - docs §66: tyre band (player) w=3 fnGround=0N fnTotal=0N pen=0.00000 penRaw=0.00000 tau=0.01000 pen/tau=0.00 | recs tyre=0 rim=0 survived=0 stale=0 distMax=0.00R
INFO 2026-07-27 15:26:39.487 joltshadow - docs §68: steer (player) w=3 steerable=0 commanded=0.000 rad measured=0.000 rad err=0.00 deg steerSign=-1 steerTq=0Nm cap=340282346638528859811704183484516925440Nm sat=0.00
INFO 2026-07-27 15:26:39.487 joltshadow - docs §70: slip (player) w=3 grounded=0 kappa=0.000 fnGround=0N omega=0.02
INFO 2026-07-27 15:26:39.487 joltshadow - docs §67: spin (player) w=3 driven=1 omega=0.02 rad/s surfaceSpeed=0.01 m/s spinSign=+1 motorTq=0Nm cmdTq=823Nm
INFO 2026-07-27 15:26:39.488 joltshadow - docs §67: drivetrain (player) gear=0 rpm=5 driveTorque=600Nm perWheel=150Nm driven=4 throttle=1.00 spin=1 | PRE-STEP brake=0.01 handBrake=1
INFO 2026-07-27 15:26:39.488 joltshadow - docs §66: tyre band SUM (player) fnGroundSum=0N fnTotalSum=0N weight=1295N carried=0.00 | penSum=0.00000 recs tyre=0 rim=0 stale=0
INFO 2026-07-27 15:26:39.488 joltshadow - docs §30: REAL ODE chassis COM (player) body=54AA14C8 = (4668.453, 257.993, 1251.494) forward=(-0.222, 0.019, -0.975)
INFO 2026-07-27 15:26:39.488 joltshadow - docs §33: real ODE chassis geom (player) #1 = class 0 (not a transform) pos=(4668.453,257.993,1251.494) radius=4.500
INFO 2026-07-27 15:26:39.488 joltshadow - docs §33: real ODE chassis geom (player) #2 = transform, inner class=1 pos=(0.000,1.095,-0.495)
INFO 2026-07-27 15:26:39.488 joltshadow - docs §33: real ODE chassis geom (player) #3 = transform, inner class=1 pos=(0.353,3.466,0.718)
INFO 2026-07-27 15:26:39.488 joltshadow - docs §33: real ODE chassis geom (player) #4 = transform, inner class=1 pos=(0.000,1.818,1.842)
INFO 2026-07-27 15:26:39.488 joltshadow - docs §33: real ODE chassis geom (player) #5 = transform, inner class=1 pos=(0.006,1.981,-2.113)
INFO 2026-07-27 15:26:39.488 joltshadow - docs §33: real ODE chassis geom (player) #6 = class 0 (not a transform) pos=(4668.453,257.993,1251.494) radius=30.000
INFO 2026-07-27 15:26:39.488 joltshadow - docs §33: real ODE chassis geom (player) #7 = class 0 (not a transform) pos=(4668.453,257.993,1251.494) radius=6.436
INFO 2026-07-27 15:26:39.488 joltshadow - docs §33: real ODE chassis geom (player) #8 = class 0 (not a transform) pos=(4668.453,257.993,1251.494) radius=200.000
INFO 2026-07-27 15:26:39.488 joltshadow - docs §33: real ODE chassis (player) has 8 total geom(s) directly attached (4 transform(s)) - compare against BuildChassisCompoundShape's own part/geom count in the build log
INFO 2026-07-27 15:26:39.488 joltshadow - docs §28: REAL ODE wheel state (player) wheel=0 displacement=0.0235 range=1.000 (2% compressed, signed) foreAft=2.270 localZ=2.270 cfm=0.002500 erp=0.2500
INFO 2026-07-27 15:26:39.488 joltshadow - docs §28: REAL ODE wheel state (player) wheel=1 displacement=0.0240 range=1.000 (2% compressed, signed) foreAft=2.270 localZ=2.270 cfm=0.002500 erp=0.2500
INFO 2026-07-27 15:26:39.488 joltshadow - docs §28: REAL ODE wheel state (player) wheel=2 displacement=0.0260 range=1.000 (3% compressed, signed) foreAft=-2.062 localZ=-2.062 cfm=0.002500 erp=0.2500
INFO 2026-07-27 15:26:39.488 joltshadow - docs §28: REAL ODE wheel state (player) wheel=3 displacement=0.0256 range=1.000 (3% compressed, signed) foreAft=-2.062 localZ=-2.062 cfm=0.002500 erp=0.2500
INFO 2026-07-27 15:26:39.527 joltshadow - docs §70.1: slipdense (player) f=484 w=0 grounded=0 kappa=0.000 fnGround=0 omega=0.02 | ftGround=0N target=0.0 limit=815Nm motorNm=0 tyreNm=0 inertia=1.78 limRot=0/0/0 omegaPre=0.02 posN=0/0/0 susp=-0.0002 springN=-0
INFO 2026-07-27 15:26:39.527 joltshadow - docs §70.1: slipdense (player) f=484 w=1 grounded=0 kappa=0.000 fnGround=0 omega=0.02 | ftGround=0N target=0.0 limit=815Nm motorNm=0 tyreNm=0 inertia=1.78 limRot=0/0/0 omegaPre=0.02 posN=0/0/0 susp=0.0002 springN=-0
INFO 2026-07-27 15:26:39.527 joltshadow - docs §70.1: slipdense (player) f=484 w=2 grounded=0 kappa=0.000 fnGround=0 omega=0.02 | ftGround=0N target=0.0 limit=823Nm motorNm=0 tyreNm=0 inertia=1.82 limRot=0/0/0 omegaPre=0.02 posN=0/0/0 susp=-0.0005 springN=-0
INFO 2026-07-27 15:26:39.527 joltshadow - docs §70.1: slipdense (player) f=484 w=3 grounded=0 kappa=0.000 fnGround=0 omega=0.02 | ftGround=0N target=0.0 limit=823Nm motorNm=0 tyreNm=0 inertia=1.82 limRot=0/0/0 omegaPre=0.02 posN=0/0/0 susp=-0.0001 springN=0
INFO 2026-07-27 15:26:39.527 joltshadow - docs §78: attdense (player) f=484 joltTilt=0.98 odeTilt=1.08 upDelta=0.14 wBody=(0.02,0.00,0.00) |w|=0.02 grounded=0
INFO 2026-07-27 15:26:39.567 joltshadow - docs §70.1: slipdense (player) f=488 w=0 grounded=0 kappa=0.000 fnGround=0 omega=0.02 | ftGround=0N target=0.0 limit=815Nm motorNm=-0 tyreNm=0 inertia=1.78 limRot=0/0/0 omegaPre=0.02 posN=0/0/0 susp=-0.0001 springN=-0
INFO 2026-07-27 15:26:39.567 joltshadow - docs §70.1: slipdense (player) f=488 w=1 grounded=0 kappa=0.000 fnGround=0 omega=0.02 | ftGround=0N target=0.0 limit=815Nm motorNm=-0 tyreNm=0 inertia=1.78 limRot=0/0/0 omegaPre=0.02 posN=0/0/0 susp=0.0003 springN=-0
INFO 2026-07-27 15:26:39.567 joltshadow - docs §70.1: slipdense (player) f=488 w=2 grounded=0 kappa=0.000 fnGround=0 omega=0.02 | ftGround=0N target=0.0 limit=823Nm motorNm=-0 tyreNm=0 inertia=1.82 limRot=0/0/0 omegaPre=0.02 posN=0/0/0 susp=-0.0003 springN=-1
INFO 2026-07-27 15:26:39.567 joltshadow - docs §70.1: slipdense (player) f=488 w=3 grounded=0 kappa=0.000 fnGround=0 omega=0.02 | ftGround=0N target=0.0 limit=823Nm motorNm=-0 tyreNm=0 inertia=1.82 limRot=0/0/0 omegaPre=0.02 posN=0/0/0 susp=0.0001 springN=-0
INFO 2026-07-27 15:26:39.567 joltshadow - docs §78: attdense (player) f=488 joltTilt=0.93 odeTilt=1.09 upDelta=0.18 wBody=(0.02,0.00,0.00) |w|=0.02 grounded=0
INFO 2026-07-27 15:26:39.567 joltshadow - docs §82: resync (player) #13 dt=0.51s upMax=0.445 deg posMax=1.123 m odeTiltPath=0.008 deg gain=-1.0000
INFO 2026-07-27 15:26:39.567 joltshadow - docs §87: resync landing (player) w=0 pre=0.5152 post=-0.0095 m R=0.629 dY=-1.1150 dRotDeg=0.18 |corr|=1.1185 m
INFO 2026-07-27 15:26:39.567 joltshadow - docs §87: resync landing (player) w=1 pre=0.5117 post=-0.0091 m R=0.629 dY=-1.1150 dRotDeg=0.18 |corr|=1.1185 m
INFO 2026-07-27 15:26:39.567 joltshadow - docs §87: resync landing (player) w=2 pre=0.4475 post=-0.0096 m R=0.635 dY=-1.1150 dRotDeg=0.18 |corr|=1.1185 m
INFO 2026-07-27 15:26:39.567 joltshadow - docs §87: resync landing (player) w=3 pre=0.4438 post=-0.0092 m R=0.635 dY=-1.1150 dRotDeg=0.18 |corr|=1.1185 m
INFO 2026-07-27 15:26:39.567 joltshadow - docs §82: resync RESIDUAL (player) #13 pos=0.0000 m up=0.0000 deg
INFO 2026-07-27 15:26:39.609 joltshadow - docs §70.1: slipdense (player) f=492 w=0 grounded=1 kappa=-0.214 fnGround=1200 omega=-0.16 | ftGround=-144N target=0.0 limit=3020Nm motorNm=-88 tyreNm=86 inertia=1.78 limRot=0/-2/0 omegaPre=-0.14 posN=-2/105/0 susp=-0.4485 springN=1665
INFO 2026-07-27 15:26:39.609 joltshadow - docs §70.1: slipdense (player) f=492 w=1 grounded=1 kappa=-0.213 fnGround=1200 omega=-0.16 | ftGround=-144N target=0.0 limit=3020Nm motorNm=-88 tyreNm=86 inertia=1.78 limRot=0/-2/0 omegaPre=-0.14 posN=-2/104/0 susp=-0.4491 springN=1672
INFO 2026-07-27 15:26:39.610 joltshadow - docs §70.1: slipdense (player) f=492 w=2 grounded=1 kappa=-0.193 fnGround=1200 omega=-0.16 | ftGround=-130N target=0.0 limit=3049Nm motorNm=-78 tyreNm=76 inertia=1.82 limRot=0/-2/-0 omegaPre=-0.14 posN=-2/79/0 susp=-0.5089 springN=2212
INFO 2026-07-27 15:26:39.610 joltshadow - docs §70.1: slipdense (player) f=492 w=3 grounded=1 kappa=-0.192 fnGround=1200 omega=-0.16 | ftGround=-130N target=0.0 limit=3048Nm motorNm=-78 tyreNm=76 inertia=1.82 limRot=0/-2/0 omegaPre=-0.14 posN=-2/79/0 susp=-0.5093 springN=2218
INFO 2026-07-27 15:26:39.610 joltshadow - docs §78: attdense (player) f=492 joltTilt=0.97 odeTilt=1.09 upDelta=0.12 wBody=(-0.16,0.00,-0.00) |w|=0.16 grounded=4
INFO 2026-07-27 15:26:39.648 joltshadow - docs §70.1: slipdense (player) f=496 w=0 grounded=1 kappa=-0.055 fnGround=842 omega=-0.12 | ftGround=-37N target=0.0 limit=2650Nm motorNm=-19 tyreNm=22 inertia=1.78 limRot=0/-0/0 omegaPre=-0.14 posN=0/13/0 susp=-0.2963 springN=560
INFO 2026-07-27 15:26:39.648 joltshadow - docs §70.1: slipdense (player) f=496 w=1 grounded=1 kappa=-0.054 fnGround=851 omega=-0.12 | ftGround=-37N target=0.0 limit=2667Nm motorNm=-19 tyreNm=22 inertia=1.78 limRot=0/-0/0 omegaPre=-0.14 posN=0/13/0 susp=-0.2985 springN=570
INFO 2026-07-27 15:26:39.648 joltshadow - docs §70.1: slipdense (player) f=496 w=2 grounded=1 kappa=-0.045 fnGround=1199 omega=-0.12 | ftGround=-31N target=0.0 limit=3048Nm motorNm=-16 tyreNm=18 inertia=1.82 limRot=0/-0/0 omegaPre=-0.14 posN=0/-0/0 susp=-0.3868 springN=1137
INFO 2026-07-27 15:26:39.648 joltshadow - docs §70.1: slipdense (player) f=496 w=3 grounded=1 kappa=-0.045 fnGround=1199 omega=-0.12 | ftGround=-30N target=0.0 limit=3048Nm motorNm=-15 tyreNm=18 inertia=1.82 limRot=0/-0/0 omegaPre=-0.14 posN=0/-1/0 susp=-0.3893 springN=1152
INFO 2026-07-27 15:26:39.648 joltshadow - docs §78: attdense (player) f=496 joltTilt=1.29 odeTilt=1.09 upDelta=0.21 wBody=(-0.12,0.00,-0.00) |w|=0.12 grounded=4
INFO 2026-07-27 15:26:39.689 joltshadow - docs §70.1: slipdense (player) f=500 w=0 grounded=0 kappa=0.000 fnGround=0 omega=-0.04 | ftGround=0N target=0.0 limit=815Nm motorNm=4 tyreNm=0 inertia=1.78 limRot=0/0/0 omegaPre=-0.06 posN=0/-6/0 susp=-0.1411 springN=-190
INFO 2026-07-27 15:26:39.689 joltshadow - docs §70.1: slipdense (player) f=500 w=1 grounded=0 kappa=0.000 fnGround=0 omega=-0.04 | ftGround=0N target=0.0 limit=815Nm motorNm=4 tyreNm=0 inertia=1.78 limRot=0/0/0 omegaPre=-0.06 posN=0/-6/0 susp=-0.1456 springN=-175
INFO 2026-07-27 15:26:39.689 joltshadow - docs §70.1: slipdense (player) f=500 w=2 grounded=1 kappa=0.111 fnGround=553 omega=-0.04 | ftGround=93N target=0.0 limit=1765Nm motorNm=62 tyreNm=-58 inertia=1.82 limRot=0/3/-0 omegaPre=-0.06 posN=6/-111/0 susp=-0.2294 springN=323
INFO 2026-07-27 15:26:39.689 joltshadow - docs §70.1: slipdense (player) f=500 w=3 grounded=1 kappa=0.110 fnGround=572 omega=-0.04 | ftGround=93N target=0.0 limit=1809Nm motorNm=62 tyreNm=-58 inertia=1.82 limRot=0/3/-0 omegaPre=-0.06 posN=6/-112/0 susp=-0.2343 springN=343
INFO 2026-07-27 15:26:39.689 joltshadow - docs §78: attdense (player) f=500 joltTilt=1.49 odeTilt=1.08 upDelta=0.42 wBody=(-0.04,0.00,0.00) |w|=0.04 grounded=2
INFO 2026-07-27 15:26:39.731 joltshadow - docs §70.1: slipdense (player) f=504 w=0 grounded=0 kappa=0.000 fnGround=0 omega=0.04 | ftGround=0N target=0.0 limit=815Nm motorNm=2 tyreNm=0 inertia=1.78 limRot=0/0/0 omegaPre=0.03 posN=1/-9/0 susp=-0.0339 springN=-291
INFO 2026-07-27 15:26:39.731 joltshadow - docs §70.1: slipdense (player) f=504 w=1 grounded=0 kappa=0.000 fnGround=0 omega=0.04 | ftGround=0N target=0.0 limit=815Nm motorNm=2 tyreNm=0 inertia=1.78 limRot=0/0/0 omegaPre=0.03 posN=1/-9/0 susp=-0.0377 springN=-292
INFO 2026-07-27 15:26:39.731 joltshadow - docs §70.1: slipdense (player) f=504 w=2 grounded=0 kappa=0.000 fnGround=0 omega=0.04 | ftGround=0N target=0.0 limit=823Nm motorNm=2 tyreNm=0 inertia=1.82 limRot=0/0/0 omegaPre=0.03 posN=1/-9/0 susp=-0.0945 springN=-260
INFO 2026-07-27 15:26:39.731 joltshadow - docs §70.1: slipdense (player) f=504 w=3 grounded=0 kappa=0.000 fnGround=0 omega=0.04 | ftGround=0N target=0.0 limit=823Nm motorNm=2 tyreNm=0 inertia=1.82 limRot=0/0/0 omegaPre=0.03 posN=1/-9/0 susp=-0.0999 springN=-250
INFO 2026-07-27 15:26:39.731 joltshadow - docs §78: attdense (player) f=504 joltTilt=1.48 odeTilt=1.08 upDelta=0.42 wBody=(0.04,0.00,0.01) |w|=0.04 grounded=0
INFO 2026-07-27 15:26:39.773 joltshadow - docs §70.1: slipdense (player) f=508 w=0 grounded=0 kappa=0.000 fnGround=0 omega=0.04 | ftGround=0N target=0.0 limit=815Nm motorNm=-0 tyreNm=0 inertia=1.78 limRot=0/-0/0 omegaPre=0.05 posN=-0/2/0 susp=0.0032 springN=-127
INFO 2026-07-27 15:26:39.773 joltshadow - docs §70.1: slipdense (player) f=508 w=1 grounded=0 kappa=0.000 fnGround=0 omega=0.04 | ftGround=0N target=0.0 limit=815Nm motorNm=-0 tyreNm=0 inertia=1.78 limRot=0/-0/0 omegaPre=0.05 posN=-0/2/0 susp=0.0013 springN=-133
INFO 2026-07-27 15:26:39.773 joltshadow - docs §70.1: slipdense (player) f=508 w=2 grounded=0 kappa=0.000 fnGround=0 omega=0.04 | ftGround=0N target=0.0 limit=823Nm motorNm=-0 tyreNm=0 inertia=1.82 limRot=0/-0/-0 omegaPre=0.05 posN=-0/1/0 susp=-0.0154 springN=-247
INFO 2026-07-27 15:26:39.773 joltshadow - docs §70.1: slipdense (player) f=508 w=3 grounded=0 kappa=0.000 fnGround=0 omega=0.04 | ftGround=0N target=0.0 limit=823Nm motorNm=-0 tyreNm=0 inertia=1.82 limRot=0/-0/-0 omegaPre=0.05 posN=-0/1/0 susp=-0.0184 springN=-252
INFO 2026-07-27 15:26:39.773 joltshadow - docs §78: attdense (player) f=508 joltTilt=1.37 odeTilt=1.08 upDelta=0.32 wBody=(0.04,0.00,0.01) |w|=0.04 grounded=0
INFO 2026-07-27 15:26:39.813 joltshadow - docs §70.1: slipdense (player) f=512 w=0 grounded=0 kappa=0.000 fnGround=0 omega=0.03 | ftGround=0N target=0.0 limit=815Nm motorNm=-1 tyreNm=0 inertia=1.78 limRot=0/-0/0 omegaPre=0.03 posN=-1/3/0 susp=0.0069 springN=-25
INFO 2026-07-27 15:26:39.813 joltshadow - docs §70.1: slipdense (player) f=512 w=1 grounded=0 kappa=0.000 fnGround=0 omega=0.03 | ftGround=0N target=0.0 limit=815Nm motorNm=-1 tyreNm=0 inertia=1.78 limRot=0/-0/0 omegaPre=0.03 posN=-1/3/0 susp=0.0064 springN=-30
INFO 2026-07-27 15:26:39.813 joltshadow - docs §70.1: slipdense (player) f=512 w=2 grounded=0 kappa=0.000 fnGround=0 omega=0.03 | ftGround=0N target=0.0 limit=823Nm motorNm=-1 tyreNm=0 inertia=1.82 limRot=0/-0/-0 omegaPre=0.03 posN=-1/3/0 susp=0.0076 springN=-104
INFO 2026-07-27 15:26:39.813 joltshadow - docs §70.1: slipdense (player) f=512 w=3 grounded=0 kappa=0.000 fnGround=0 omega=0.03 | ftGround=0N target=0.0 limit=823Nm motorNm=-1 tyreNm=0 inertia=1.82 limRot=0/-0/-0 omegaPre=0.03 posN=-1/3/0 susp=0.0067 springN=-111
INFO 2026-07-27 15:26:39.813 joltshadow - docs §78: attdense (player) f=512 joltTilt=1.28 odeTilt=1.08 upDelta=0.24 wBody=(0.03,0.00,0.01) |w|=0.03 grounded=0
INFO 2026-07-27 15:26:39.852 joltshadow - docs §70.1: slipdense (player) f=516 w=0 grounded=0 kappa=0.000 fnGround=0 omega=0.02 | ftGround=0N target=0.0 limit=815Nm motorNm=-0 tyreNm=0 inertia=1.78 limRot=0/-0/0 omegaPre=0.02 posN=-0/1/0 susp=0.0035 springN=6
INFO 2026-07-27 15:26:39.852 joltshadow - docs §70.1: slipdense (player) f=516 w=1 grounded=0 kappa=0.000 fnGround=0 omega=0.02 | ftGround=0N target=0.0 limit=815Nm motorNm=-0 tyreNm=0 inertia=1.78 limRot=0/-0/0 omegaPre=0.02 posN=-0/1/0 susp=0.0035 springN=4
INFO 2026-07-27 15:26:39.852 joltshadow - docs §70.1: slipdense (player) f=516 w=2 grounded=0 kappa=0.000 fnGround=0 omega=0.02 | ftGround=0N target=0.0 limit=823Nm motorNm=-0 tyreNm=0 inertia=1.82 limRot=0/-0/-0 omegaPre=0.02 posN=-0/1/0 susp=0.0079 springN=-22
INFO 2026-07-27 15:26:39.852 joltshadow - docs §70.1: slipdense (player) f=516 w=3 grounded=0 kappa=0.000 fnGround=0 omega=0.02 | ftGround=0N target=0.0 limit=823Nm motorNm=-0 tyreNm=0 inertia=1.82 limRot=0/-0/-0 omegaPre=0.02 posN=-0/1/0 susp=0.0079 springN=-25
INFO 2026-07-27 15:26:39.852 joltshadow - docs §78: attdense (player) f=516 joltTilt=1.22 odeTilt=1.08 upDelta=0.19 wBody=(0.02,0.00,0.00) |w|=0.02 grounded=0
INFO 2026-07-27 15:26:39.891 joltshadow - docs §70.1: slipdense (player) f=520 w=0 grounded=0 kappa=0.000 fnGround=0 omega=0.02 | ftGround=0N target=0.0 limit=815Nm motorNm=-0 tyreNm=0 inertia=1.78 limRot=0/-0/0 omegaPre=0.02 posN=-0/0/0 susp=0.0009 springN=8
INFO 2026-07-27 15:26:39.891 joltshadow - docs §70.1: slipdense (player) f=520 w=1 grounded=0 kappa=0.000 fnGround=0 omega=0.02 | ftGround=0N target=0.0 limit=815Nm motorNm=-0 tyreNm=0 inertia=1.78 limRot=0/-0/0 omegaPre=0.02 posN=-0/0/0 susp=0.0010 springN=8
INFO 2026-07-27 15:26:39.891 joltshadow - docs §70.1: slipdense (player) f=520 w=2 grounded=0 kappa=0.000 fnGround=0 omega=0.02 | ftGround=0N target=0.0 limit=823Nm motorNm=-0 tyreNm=0 inertia=1.82 limRot=0/-0/-0 omegaPre=0.02 posN=-0/0/0 susp=0.0038 springN=8
INFO 2026-07-27 15:26:39.891 joltshadow - docs §70.1: slipdense (player) f=520 w=3 grounded=0 kappa=0.000 fnGround=0 omega=0.02 | ftGround=0N target=0.0 limit=823Nm motorNm=-0 tyreNm=0 inertia=1.82 limRot=0/-0/-0 omegaPre=0.02 posN=-0/0/0 susp=0.0040 springN=6
INFO 2026-07-27 15:26:39.891 joltshadow - docs §78: attdense (player) f=520 joltTilt=1.17 odeTilt=1.08 upDelta=0.15 wBody=(0.02,0.00,0.00) |w|=0.02 grounded=0
INFO 2026-07-27 15:26:39.930 joltshadow - docs §70.1: slipdense (player) f=524 w=0 grounded=0 kappa=0.000 fnGround=0 omega=0.02 | ftGround=0N target=0.0 limit=815Nm motorNm=0 tyreNm=0 inertia=1.78 limRot=0/-0/0 omegaPre=0.02 posN=-0/-0/0 susp=-0.0000 springN=4
INFO 2026-07-27 15:26:39.931 joltshadow - docs §70.1: slipdense (player) f=524 w=1 grounded=0 kappa=0.000 fnGround=0 omega=0.02 | ftGround=0N target=0.0 limit=815Nm motorNm=0 tyreNm=0 inertia=1.78 limRot=0/-0/0 omegaPre=0.02 posN=-0/-0/0 susp=0.0001 springN=4
INFO 2026-07-27 15:26:39.931 joltshadow - docs §70.1: slipdense (player) f=524 w=2 grounded=0 kappa=0.000 fnGround=0 omega=0.02 | ftGround=0N target=0.0 limit=823Nm motorNm=0 tyreNm=0 inertia=1.82 limRot=0/-0/-0 omegaPre=0.02 posN=-0/-0/0 susp=0.0007 springN=10
INFO 2026-07-27 15:26:39.931 joltshadow - docs §70.1: slipdense (player) f=524 w=3 grounded=0 kappa=0.000 fnGround=0 omega=0.02 | ftGround=0N target=0.0 limit=823Nm motorNm=0 tyreNm=0 inertia=1.82 limRot=0/-0/-0 omegaPre=0.02 posN=-0/-0/0 susp=0.0009 springN=10
INFO 2026-07-27 15:26:39.931 joltshadow - docs §78: attdense (player) f=524 joltTilt=1.13 odeTilt=1.08 upDelta=0.13 wBody=(0.02,0.00,0.00) |w|=0.02 grounded=0
INFO 2026-07-27 15:26:39.971 joltshadow - docs §70.1: slipdense (player) f=528 w=0 grounded=0 kappa=0.000 fnGround=0 omega=0.02 | ftGround=0N target=0.0 limit=815Nm motorNm=0 tyreNm=0 inertia=1.78 limRot=0/-0/0 omegaPre=0.02 posN=-0/-0/0 susp=-0.0002 springN=1
INFO 2026-07-27 15:26:39.971 joltshadow - docs §70.1: slipdense (player) f=528 w=1 grounded=0 kappa=0.000 fnGround=0 omega=0.02 | ftGround=0N target=0.0 limit=815Nm motorNm=0 tyreNm=0 inertia=1.78 limRot=0/-0/0 omegaPre=0.02 posN=-0/-0/0 susp=-0.0000 springN=1
INFO 2026-07-27 15:26:39.971 joltshadow - docs §70.1: slipdense (player) f=528 w=2 grounded=0 kappa=0.000 fnGround=0 omega=0.02 | ftGround=0N target=0.0 limit=823Nm motorNm=0 tyreNm=0 inertia=1.82 limRot=0/-0/-0 omegaPre=0.02 posN=-0/-0/0 susp=-0.0004 springN=5
INFO 2026-07-27 15:26:39.971 joltshadow - docs §70.1: slipdense (player) f=528 w=3 grounded=0 kappa=0.000 fnGround=0 omega=0.02 | ftGround=0N target=0.0 limit=823Nm motorNm=0 tyreNm=0 inertia=1.82 limRot=0/-0/-0 omegaPre=0.02 posN=-0/-0/0 susp=-0.0002 springN=5
INFO 2026-07-27 15:26:39.972 joltshadow - docs §78: attdense (player) f=528 joltTilt=1.08 odeTilt=1.08 upDelta=0.11 wBody=(0.02,0.00,0.00) |w|=0.02 grounded=0
INFO 2026-07-27 15:26:40.017 joltshadow - docs §70.1: slipdense (player) f=532 w=0 grounded=0 kappa=0.000 fnGround=0 omega=0.02 | ftGround=0N target=0.0 limit=815Nm motorNm=0 tyreNm=0 inertia=1.78 limRot=0/0/0 omegaPre=0.02 posN=0/0/0 susp=-0.0002 springN=0
INFO 2026-07-27 15:26:40.017 joltshadow - docs §70.1: slipdense (player) f=532 w=1 grounded=0 kappa=0.000 fnGround=0 omega=0.02 | ftGround=0N target=0.0 limit=815Nm motorNm=0 tyreNm=0 inertia=1.78 limRot=0/0/0 omegaPre=0.02 posN=0/0/0 susp=-0.0000 springN=0
INFO 2026-07-27 15:26:40.017 joltshadow - docs §70.1: slipdense (player) f=532 w=2 grounded=0 kappa=0.000 fnGround=0 omega=0.02 | ftGround=0N target=0.0 limit=823Nm motorNm=0 tyreNm=0 inertia=1.82 limRot=0/0/0 omegaPre=0.02 posN=0/0/0 susp=-0.0004 springN=1
INFO 2026-07-27 15:26:40.017 joltshadow - docs §70.1: slipdense (player) f=532 w=3 grounded=0 kappa=0.000 fnGround=0 omega=0.02 | ftGround=0N target=0.0 limit=823Nm motorNm=0 tyreNm=0 inertia=1.82 limRot=0/0/0 omegaPre=0.02 posN=0/0/0 susp=-0.0004 springN=1
INFO 2026-07-27 15:26:40.017 joltshadow - docs §78: attdense (player) f=532 joltTilt=1.02 odeTilt=1.08 upDelta=0.12 wBody=(0.02,0.00,0.00) |w|=0.02 grounded=0
INFO 2026-07-27 15:26:40.060 joltshadow - docs §70.1: slipdense (player) f=536 w=0 grounded=0 kappa=0.000 fnGround=0 omega=0.02 | ftGround=0N target=0.0 limit=815Nm motorNm=0 tyreNm=0 inertia=1.78 limRot=0/-0/0 omegaPre=0.02 posN=-0/0/0 susp=-0.0001 springN=-0
INFO 2026-07-27 15:26:40.060 joltshadow - docs §70.1: slipdense (player) f=536 w=1 grounded=0 kappa=0.000 fnGround=0 omega=0.02 | ftGround=0N target=0.0 limit=815Nm motorNm=0 tyreNm=0 inertia=1.78 limRot=0/-0/0 omegaPre=0.02 posN=-0/0/0 susp=0.0001 springN=-0
INFO 2026-07-27 15:26:40.060 joltshadow - docs §70.1: slipdense (player) f=536 w=2 grounded=0 kappa=0.000 fnGround=0 omega=0.02 | ftGround=0N target=0.0 limit=823Nm motorNm=0 tyreNm=0 inertia=1.82 limRot=0/-0/-0 omegaPre=0.02 posN=-0/0/0 susp=-0.0003 springN=0
INFO 2026-07-27 15:26:40.060 joltshadow - docs §70.1: slipdense (player) f=536 w=3 grounded=0 kappa=0.000 fnGround=0 omega=0.02 | ftGround=0N target=0.0 limit=823Nm motorNm=0 tyreNm=0 inertia=1.82 limRot=0/-0/-0 omegaPre=0.02 posN=-0/0/0 susp=-0.0002 springN=-0
INFO 2026-07-27 15:26:40.060 joltshadow - docs §78: attdense (player) f=536 joltTilt=0.97 odeTilt=1.08 upDelta=0.15 wBody=(0.02,0.00,0.00) |w|=0.02 grounded=0
INFO 2026-07-27 15:26:40.069 joltshadow - docs §82: resync (player) #14 dt=0.50s upMax=0.441 deg posMax=1.120 m odeTiltPath=0.007 deg gain=-1.0000
INFO 2026-07-27 15:26:40.069 joltshadow - docs §87: resync landing (player) w=0 pre=0.5152 post=-0.0095 m R=0.629 dY=-1.1151 dRotDeg=0.14 |corr|=1.1187 m
INFO 2026-07-27 15:26:40.069 joltshadow - docs §87: resync landing (player) w=1 pre=0.5117 post=-0.0091 m R=0.629 dY=-1.1151 dRotDeg=0.14 |corr|=1.1187 m
INFO 2026-07-27 15:26:40.069 joltshadow - docs §87: resync landing (player) w=2 pre=0.4449 post=-0.0097 m R=0.635 dY=-1.1151 dRotDeg=0.14 |corr|=1.1187 m
INFO 2026-07-27 15:26:40.069 joltshadow - docs §87: resync landing (player) w=3 pre=0.4412 post=-0.0092 m R=0.635 dY=-1.1151 dRotDeg=0.14 |corr|=1.1187 m
INFO 2026-07-27 15:26:40.069 joltshadow - docs §82: resync RESIDUAL (player) #14 pos=0.0000 m up=0.0000 deg
INFO 2026-07-27 15:26:40.103 joltshadow - docs §70.1: slipdense (player) f=540 w=0 grounded=1 kappa=-0.231 fnGround=1200 omega=-0.15 | ftGround=-156N target=0.0 limit=3020Nm motorNm=-97 tyreNm=93 inertia=1.78 limRot=0/-2/0 omegaPre=-0.12 posN=-3/113/0 susp=-0.4791 springN=1993
INFO 2026-07-27 15:26:40.103 joltshadow - docs §70.1: slipdense (player) f=540 w=1 grounded=1 kappa=-0.231 fnGround=1200 omega=-0.15 | ftGround=-156N target=0.0 limit=3020Nm motorNm=-97 tyreNm=93 inertia=1.78 limRot=0/-2/0 omegaPre=-0.12 posN=-3/113/0 susp=-0.4796 springN=2000
INFO 2026-07-27 15:26:40.103 joltshadow - docs §70.1: slipdense (player) f=540 w=2 grounded=1 kappa=-0.212 fnGround=1200 omega=-0.15 | ftGround=-143N target=0.0 limit=3049Nm motorNm=-86 tyreNm=82 inertia=1.82 limRot=0/-2/-0 omegaPre=-0.12 posN=-2/90/0 susp=-0.5266 springN=2459
INFO 2026-07-27 15:26:40.103 joltshadow - docs §70.1: slipdense (player) f=540 w=3 grounded=1 kappa=-0.212 fnGround=1199 omega=-0.15 | ftGround=-143N target=0.0 limit=3048Nm motorNm=-86 tyreNm=82 inertia=1.82 limRot=0/-2/0 omegaPre=-0.12 posN=-2/90/0 susp=-0.5270 springN=2465
INFO 2026-07-27 15:26:40.103 joltshadow - docs §78: attdense (player) f=540 joltTilt=0.94 odeTilt=1.09 upDelta=0.14 wBody=(-0.15,0.00,-0.00) |w|=0.15 grounded=4
INFO 2026-07-27 15:26:40.103 joltshadow - Shadow divergence (player): pos=1.396m vel=2.536m/s angle=0.1deg (jolt com=[4668.5 259.3 1251.9] ode com=[4668.5 258.0 1251.5])
INFO 2026-07-27 15:26:40.103 joltshadow - docs §23.6: driver input (player) realThrottle=10.00 brake=0.01 handBrake=1 steerRad=0.000
INFO 2026-07-27 15:26:40.103 joltshadow - docs §32: Jolt SHADOW chassis pitch (player) forward=(-0.222, 0.016, -0.975)
INFO 2026-07-27 15:26:40.103 joltshadow - docs §69: tilt (player) jolt=0.9 deg ode=1.1 deg delta=-0.1 deg upDelta=0.14 deg
INFO 2026-07-27 15:26:40.103 joltshadow - docs §32.4: Jolt SHADOW chassis lowest corner (player) = (4667.79,257.94,1255.31) clearanceToGround=-1.000 (no ground found within 20m straight down)
INFO 2026-07-27 15:26:40.104 joltshadow - docs §23.5: wheel state (player) wheel=0 contact=0 suspLen=1.050 (range 0.050-1.050, 0% compressed) angVel=0.00
INFO 2026-07-27 15:26:40.104 joltshadow - docs §38.11: wheel=0 NO contact, worldAxle=(0.975,0.000,-0.222)
INFO 2026-07-27 15:26:40.104 joltshadow - docs §32: no-contact raycast (player) wheel=0 bodyPos=(4668.46,258.58,1251.51) localMPos=(-1.155,0.060,2.270) origin=(4669.08,258.68,1249.04) dir=(-0.003,-1.000,-0.016) normalRayLen=1.679 groundFoundAt=0.000 shortfallBeyondTravel=-1.679 hitBody=8391036 hitLayer=4 hitMotion=2 hitIsSelfChassis=0
INFO 2026-07-27 15:26:40.104 joltshadow - docs §23.5: wheel state (player) wheel=1 contact=0 suspLen=1.050 (range 0.050-1.050, 0% compressed) angVel=0.00
INFO 2026-07-27 15:26:40.104 joltshadow - docs §38.11: wheel=1 NO contact, worldAxle=(0.975,0.000,-0.222)
INFO 2026-07-27 15:26:40.104 joltshadow - docs §32: no-contact raycast (player) wheel=1 bodyPos=(4668.46,258.58,1251.51) localMPos=(1.155,0.059,2.270) origin=(4666.83,258.68,1249.55) dir=(-0.003,-1.000,-0.016) normalRayLen=1.679 groundFoundAt=0.000 shortfallBeyondTravel=-1.679 hitBody=8391037 hitLayer=4 hitMotion=2 hitIsSelfChassis=0
INFO 2026-07-27 15:26:40.104 joltshadow - docs §23.5: wheel state (player) wheel=2 contact=0 suspLen=1.050 (range 0.050-1.050, 0% compressed) angVel=0.00
INFO 2026-07-27 15:26:40.104 joltshadow - docs §38.11: wheel=2 NO contact, worldAxle=(0.975,0.000,-0.222)
INFO 2026-07-27 15:26:40.104 joltshadow - docs §32: no-contact raycast (player) wheel=2 bodyPos=(4668.46,258.58,1251.51) localMPos=(-1.253,0.145,-2.062) origin=(4670.14,258.69,1253.24) dir=(-0.003,-1.000,-0.016) normalRayLen=1.685 groundFoundAt=0.000 shortfallBeyondTravel=-1.685 hitBody=8391038 hitLayer=4 hitMotion=2 hitIsSelfChassis=0
INFO 2026-07-27 15:26:40.104 joltshadow - docs §23.5: wheel state (player) wheel=3 contact=0 suspLen=1.050 (range 0.050-1.050, 0% compressed) angVel=0.00
INFO 2026-07-27 15:26:40.104 joltshadow - docs §38.11: wheel=3 NO contact, worldAxle=(0.975,0.000,-0.222)
INFO 2026-07-27 15:26:40.104 joltshadow - docs §32: no-contact raycast (player) wheel=3 bodyPos=(4668.46,258.58,1251.51) localMPos=(1.253,0.146,-2.062) origin=(4667.69,258.69,1253.80) dir=(-0.003,-1.000,-0.016) normalRayLen=1.685 groundFoundAt=0.000 shortfallBeyondTravel=-1.685 hitBody=8475719 hitLayer=4 hitMotion=2 hitIsSelfChassis=0
INFO 2026-07-27 15:26:40.104 joltshadow - docs §59/63: harvest (player) wheelsWithContact=4 contactPoints=8 overflow=0 (of 4) | maxNormalF=1200N bound(k_t*tau)=1200N ratio=1.00
INFO 2026-07-27 15:26:40.104 joltshadow - docs §58: wheel body (player) w=0 springF=1993N stopF=0N travel=-0.4791 (limits -0.5000..0.5000 rel spawn) kSusp=6000 sagPredicted=0.3322 | frameTrav=-0.4962..-0.4791 frameStopN=0
INFO 2026-07-27 15:26:40.104 joltshadow - docs §66: tyre band (player) w=0 fnGround=1200N fnTotal=1200N pen=0.01000 penRaw=0.03229 tau=0.01000 pen/tau=1.00 | recs tyre=1 rim=1 survived=1 stale=0 distMax=0.95R
INFO 2026-07-27 15:26:40.104 joltshadow - docs §68: steer (player) w=0 steerable=1 commanded=0.000 rad measured=-0.000 rad err=-0.00 deg steerSign=-1 steerTq=-0Nm cap=3020Nm sat=0.00
INFO 2026-07-27 15:26:40.104 joltshadow - docs §70: slip (player) w=0 grounded=1 kappa=-0.231 fnGround=1200N omega=-0.15
INFO 2026-07-27 15:26:40.104 joltshadow - docs §67: spin (player) w=0 driven=1 omega=-0.15 rad/s surfaceSpeed=-0.09 m/s spinSign=+1 motorTq=-97Nm cmdTq=3020Nm
INFO 2026-07-27 15:26:40.105 joltshadow - docs §58: wheel body (player) w=1 springF=2000N stopF=0N travel=-0.4796 (limits -0.5000..0.5000 rel spawn) kSusp=6000 sagPredicted=0.3333 | frameTrav=-0.4966..-0.4796 frameStopN=0
INFO 2026-07-27 15:26:40.105 joltshadow - docs §66: tyre band (player) w=1 fnGround=1200N fnTotal=1200N pen=0.01000 penRaw=0.03235 tau=0.01000 pen/tau=1.00 | recs tyre=1 rim=1 survived=1 stale=0 distMax=0.95R
INFO 2026-07-27 15:26:40.105 joltshadow - docs §68: steer (player) w=1 steerable=1 commanded=0.000 rad measured=-0.000 rad err=-0.00 deg steerSign=-1 steerTq=-0Nm cap=3020Nm sat=0.00
INFO 2026-07-27 15:26:40.105 joltshadow - docs §70: slip (player) w=1 grounded=1 kappa=-0.231 fnGround=1200N omega=-0.15
INFO 2026-07-27 15:26:40.105 joltshadow - docs §67: spin (player) w=1 driven=1 omega=-0.15 rad/s surfaceSpeed=-0.09 m/s spinSign=+1 motorTq=-97Nm cmdTq=3020Nm
INFO 2026-07-27 15:26:40.105 joltshadow - docs §58: wheel body (player) w=2 springF=2459N stopF=0N travel=-0.5266 (limits -0.5000..0.5000 rel spawn) kSusp=6000 sagPredicted=0.4098 | frameTrav=-0.5378..-0.5266 frameStopN=0
INFO 2026-07-27 15:26:40.105 joltshadow - docs §66: tyre band (player) w=2 fnGround=1200N fnTotal=1200N pen=0.01000 penRaw=0.05737 tau=0.01000 pen/tau=1.00 | recs tyre=1 rim=1 survived=1 stale=0 distMax=0.91R
INFO 2026-07-27 15:26:40.105 joltshadow - docs §68: steer (player) w=2 steerable=0 commanded=0.000 rad measured=-0.000 rad err=-0.00 deg steerSign=-1 steerTq=0Nm cap=340282346638528859811704183484516925440Nm sat=0.00
INFO 2026-07-27 15:26:40.105 joltshadow - docs §70: slip (player) w=2 grounded=1 kappa=-0.212 fnGround=1200N omega=-0.15
INFO 2026-07-27 15:26:40.105 joltshadow - docs §67: spin (player) w=2 driven=1 omega=-0.15 rad/s surfaceSpeed=-0.09 m/s spinSign=+1 motorTq=-86Nm cmdTq=3049Nm
INFO 2026-07-27 15:26:40.105 joltshadow - docs §58: wheel body (player) w=3 springF=2465N stopF=0N travel=-0.5270 (limits -0.5000..0.5000 rel spawn) kSusp=6000 sagPredicted=0.4108 | frameTrav=-0.5382..-0.5270 frameStopN=0
INFO 2026-07-27 15:26:40.105 joltshadow - docs §66: tyre band (player) w=3 fnGround=1199N fnTotal=1200N pen=0.01000 penRaw=0.05758 tau=0.01000 pen/tau=1.00 | recs tyre=1 rim=1 survived=1 stale=0 distMax=0.91R
INFO 2026-07-27 15:26:40.105 joltshadow - docs §68: steer (player) w=3 steerable=0 commanded=0.000 rad measured=0.000 rad err=0.00 deg steerSign=-1 steerTq=0Nm cap=340282346638528859811704183484516925440Nm sat=0.00
INFO 2026-07-27 15:26:40.105 joltshadow - docs §70: slip (player) w=3 grounded=1 kappa=-0.212 fnGround=1199N omega=-0.15
INFO 2026-07-27 15:26:40.105 joltshadow - docs §67: spin (player) w=3 driven=1 omega=-0.15 rad/s surfaceSpeed=-0.09 m/s spinSign=+1 motorTq=-86Nm cmdTq=3048Nm
INFO 2026-07-27 15:26:40.105 joltshadow - docs §67: drivetrain (player) gear=0 rpm=24 driveTorque=600Nm perWheel=150Nm driven=4 throttle=1.00 spin=1 | PRE-STEP brake=0.01 handBrake=1
INFO 2026-07-27 15:26:40.105 joltshadow - docs §66: tyre band SUM (player) fnGroundSum=4799N fnTotalSum=4800N weight=1295N carried=3.71 | penSum=0.04000 recs tyre=4 rim=4 stale=0
INFO 2026-07-27 15:26:40.105 joltshadow - docs §30: REAL ODE chassis COM (player) body=54AA14C8 = (4668.453, 257.992, 1251.494) forward=(-0.222, 0.019, -0.975)
INFO 2026-07-27 15:26:40.106 joltshadow - docs §33: real ODE chassis geom (player) #1 = class 0 (not a transform) pos=(4668.453,257.992,1251.494) radius=4.500
INFO 2026-07-27 15:26:40.106 joltshadow - docs §33: real ODE chassis geom (player) #2 = transform, inner class=1 pos=(0.000,1.095,-0.495)
INFO 2026-07-27 15:26:40.106 joltshadow - docs §33: real ODE chassis geom (player) #3 = transform, inner class=1 pos=(0.353,3.466,0.718)
INFO 2026-07-27 15:26:40.106 joltshadow - docs §33: real ODE chassis geom (player) #4 = transform, inner class=1 pos=(0.000,1.818,1.842)
INFO 2026-07-27 15:26:40.106 joltshadow - docs §33: real ODE chassis geom (player) #5 = transform, inner class=1 pos=(0.006,1.981,-2.113)
INFO 2026-07-27 15:26:40.106 joltshadow - docs §33: real ODE chassis geom (player) #6 = class 0 (not a transform) pos=(4668.453,257.992,1251.494) radius=30.000
INFO 2026-07-27 15:26:40.106 joltshadow - docs §33: real ODE chassis geom (player) #7 = class 0 (not a transform) pos=(4668.453,257.992,1251.494) radius=6.436
INFO 2026-07-27 15:26:40.106 joltshadow - docs §33: real ODE chassis geom (player) #8 = class 0 (not a transform) pos=(4668.453,257.992,1251.494) radius=200.000
INFO 2026-07-27 15:26:40.106 joltshadow - docs §33: real ODE chassis (player) has 8 total geom(s) directly attached (4 transform(s)) - compare against BuildChassisCompoundShape's own part/geom count in the build log
INFO 2026-07-27 15:26:40.106 joltshadow - docs §28: REAL ODE wheel state (player) wheel=0 displacement=0.0248 range=1.000 (2% compressed, signed) foreAft=2.270 localZ=2.270 cfm=0.002500 erp=0.2500
INFO 2026-07-27 15:26:40.106 joltshadow - docs §28: REAL ODE wheel state (player) wheel=1 displacement=0.0252 range=1.000 (3% compressed, signed) foreAft=2.270 localZ=2.270 cfm=0.002500 erp=0.2500
INFO 2026-07-27 15:26:40.106 joltshadow - docs §28: REAL ODE wheel state (player) wheel=2 displacement=0.0274 range=1.000 (3% compressed, signed) foreAft=-2.062 localZ=-2.062 cfm=0.002500 erp=0.2500
INFO 2026-07-27 15:26:40.106 joltshadow - docs §28: REAL ODE wheel state (player) wheel=3 displacement=0.0270 range=1.000 (3% compressed, signed) foreAft=-2.062 localZ=-2.062 cfm=0.002500 erp=0.2500
INFO 2026-07-27 15:26:40.147 joltshadow - docs §70.1: slipdense (player) f=544 w=0 grounded=1 kappa=-0.062 fnGround=905 omega=-0.13 | ftGround=-51N target=0.0 limit=2862Nm motorNm=-28 tyreNm=30 inertia=1.78 limRot=0/-0/0 omegaPre=-0.14 posN=-0/23/0 susp=-0.3101 springN=625
INFO 2026-07-27 15:26:40.147 joltshadow - docs §70.1: slipdense (player) f=544 w=1 grounded=1 kappa=-0.062 fnGround=915 omega=-0.13 | ftGround=-50N target=0.0 limit=2875Nm motorNm=-28 tyreNm=30 inertia=1.78 limRot=0/-0/0 omegaPre=-0.14 posN=-0/23/0 susp=-0.3122 springN=636
INFO 2026-07-27 15:26:40.147 joltshadow - docs §70.1: slipdense (player) f=544 w=2 grounded=1 kappa=-0.050 fnGround=1199 omega=-0.13 | ftGround=-41N target=0.0 limit=3049Nm motorNm=-22 tyreNm=24 inertia=1.82 limRot=0/-0/0 omegaPre=-0.14 posN=0/6/0 susp=-0.4014 springN=1234
INFO 2026-07-27 15:26:40.147 joltshadow - docs §70.1: slipdense (player) f=544 w=3 grounded=1 kappa=-0.049 fnGround=1199 omega=-0.13 | ftGround=-40N target=0.0 limit=3048Nm motorNm=-21 tyreNm=24 inertia=1.82 limRot=0/-0/0 omegaPre=-0.14 posN=0/5/0 susp=-0.4038 springN=1250
INFO 2026-07-27 15:26:40.147 joltshadow - docs §78: attdense (player) f=544 joltTilt=1.28 odeTilt=1.09 upDelta=0.20 wBody=(-0.13,0.00,-0.00) |w|=0.13 grounded=4
INFO 2026-07-27 15:26:40.185 joltshadow - docs §70.1: slipdense (player) f=548 w=0 grounded=1 kappa=0.088 fnGround=0 omega=-0.06 | ftGround=0N target=0.0 limit=815Nm motorNm=4 tyreNm=0 inertia=1.78 limRot=0/0/0 omegaPre=-0.08 posN=0/-7/0 susp=-0.1596 springN=-116
INFO 2026-07-27 15:26:40.186 joltshadow - docs §70.1: slipdense (player) f=548 w=1 grounded=1 kappa=0.088 fnGround=0 omega=-0.06 | ftGround=0N target=0.0 limit=815Nm motorNm=4 tyreNm=0 inertia=1.78 limRot=0/0/0 omegaPre=-0.08 posN=0/-8/0 susp=-0.1639 springN=-98
INFO 2026-07-27 15:26:40.186 joltshadow - docs §70.1: slipdense (player) f=548 w=2 grounded=1 kappa=0.085 fnGround=643 omega=-0.06 | ftGround=64N target=0.0 limit=2069Nm motorNm=44 tyreNm=-39 inertia=1.82 limRot=0/3/-0 omegaPre=-0.08 posN=5/-85/0 susp=-0.2489 springN=405
INFO 2026-07-27 15:26:40.186 joltshadow - docs §70.1: slipdense (player) f=548 w=3 grounded=1 kappa=0.084 fnGround=662 omega=-0.06 | ftGround=63N target=0.0 limit=2112Nm motorNm=43 tyreNm=-39 inertia=1.82 limRot=0/3/0 omegaPre=-0.08 posN=5/-85/0 susp=-0.2536 springN=424
INFO 2026-07-27 15:26:40.186 joltshadow - docs §78: attdense (player) f=548 joltTilt=1.49 odeTilt=1.09 upDelta=0.41 wBody=(-0.06,-0.00,0.00) |w|=0.06 grounded=4
INFO 2026-07-27 15:26:40.223 joltshadow - docs §70.1: slipdense (player) f=552 w=0 grounded=0 kappa=0.000 fnGround=0 omega=0.03 | ftGround=0N target=0.0 limit=815Nm motorNm=2 tyreNm=0 inertia=1.78 limRot=0/0/0 omegaPre=0.01 posN=1/-13/0 susp=-0.0506 springN=-314
INFO 2026-07-27 15:26:40.224 joltshadow - docs §70.1: slipdense (player) f=552 w=1 grounded=0 kappa=0.000 fnGround=0 omega=0.03 | ftGround=0N target=0.0 limit=815Nm motorNm=2 tyreNm=0 inertia=1.78 limRot=0/0/0 omegaPre=0.01 posN=1/-13/0 susp=-0.0549 springN=-312
INFO 2026-07-27 15:26:40.224 joltshadow - docs §70.1: slipdense (player) f=552 w=2 grounded=0 kappa=0.000 fnGround=0 omega=0.03 | ftGround=0N target=0.0 limit=823Nm motorNm=3 tyreNm=0 inertia=1.82 limRot=0/0/0 omegaPre=0.01 posN=1/-12/0 susp=-0.1213 springN=-193
INFO 2026-07-27 15:26:40.224 joltshadow - docs §70.1: slipdense (player) f=552 w=3 grounded=0 kappa=0.000 fnGround=0 omega=0.03 | ftGround=0N target=0.0 limit=823Nm motorNm=3 tyreNm=0 inertia=1.82 limRot=0/0/0 omegaPre=0.01 posN=1/-12/0 susp=-0.1270 springN=-178
INFO 2026-07-27 15:26:40.224 joltshadow - docs §78: attdense (player) f=552 joltTilt=1.50 odeTilt=1.09 upDelta=0.44 wBody=(0.03,0.00,0.01) |w|=0.03 grounded=0
INFO 2026-07-27 15:26:40.269 joltshadow - docs §70.1: slipdense (player) f=556 w=0 grounded=0 kappa=0.000 fnGround=0 omega=0.05 | ftGround=0N target=0.0 limit=815Nm motorNm=-0 tyreNm=0 inertia=1.78 limRot=0/-0/0 omegaPre=0.05 posN=-0/1/0 susp=0.0006 springN=-150
INFO 2026-07-27 15:26:40.269 joltshadow - docs §70.1: slipdense (player) f=556 w=1 grounded=0 kappa=0.000 fnGround=0 omega=0.05 | ftGround=0N target=0.0 limit=815Nm motorNm=-0 tyreNm=0 inertia=1.78 limRot=0/-0/0 omegaPre=0.05 posN=-0/1/0 susp=-0.0015 springN=-156
INFO 2026-07-27 15:26:40.269 joltshadow - docs §70.1: slipdense (player) f=556 w=2 grounded=0 kappa=0.000 fnGround=0 omega=0.05 | ftGround=0N target=0.0 limit=823Nm motorNm=-0 tyreNm=0 inertia=1.82 limRot=0/-0/-0 omegaPre=0.05 posN=-0/0/0 susp=-0.0228 springN=-268
INFO 2026-07-27 15:26:40.269 joltshadow - docs §70.1: slipdense (player) f=556 w=3 grounded=0 kappa=0.000 fnGround=0 omega=0.05 | ftGround=0N target=0.0 limit=823Nm motorNm=-0 tyreNm=0 inertia=1.82 limRot=0/-0/-0 omegaPre=0.05 posN=-0/0/0 susp=-0.0263 springN=-271
INFO 2026-07-27 15:26:40.269 joltshadow - docs §78: attdense (player) f=556 joltTilt=1.39 odeTilt=1.08 upDelta=0.34 wBody=(0.05,0.00,0.01) |w|=0.05 grounded=0
INFO 2026-07-27 15:26:40.310 joltshadow - docs §70.1: slipdense (player) f=560 w=0 grounded=0 kappa=0.000 fnGround=0 omega=0.03 | ftGround=0N target=0.0 limit=815Nm motorNm=-1 tyreNm=0 inertia=1.78 limRot=0/-0/0 omegaPre=0.04 posN=-1/3/0 susp=0.0071 springN=-35
INFO 2026-07-27 15:26:40.310 joltshadow - docs §70.1: slipdense (player) f=560 w=1 grounded=0 kappa=0.000 fnGround=0 omega=0.03 | ftGround=0N target=0.0 limit=815Nm motorNm=-1 tyreNm=0 inertia=1.78 limRot=0/-0/0 omegaPre=0.04 posN=-1/3/0 susp=0.0065 springN=-40
INFO 2026-07-27 15:26:40.310 joltshadow - docs §70.1: slipdense (player) f=560 w=2 grounded=0 kappa=0.000 fnGround=0 omega=0.03 | ftGround=0N target=0.0 limit=823Nm motorNm=-1 tyreNm=0 inertia=1.82 limRot=0/-0/-0 omegaPre=0.04 posN=-1/3/0 susp=0.0064 springN=-124
INFO 2026-07-27 15:26:40.310 joltshadow - docs §70.1: slipdense (player) f=560 w=3 grounded=0 kappa=0.000 fnGround=0 omega=0.03 | ftGround=0N target=0.0 limit=823Nm motorNm=-1 tyreNm=0 inertia=1.82 limRot=0/-0/-0 omegaPre=0.04 posN=-1/3/0 susp=0.0052 springN=-131
INFO 2026-07-27 15:26:40.310 joltshadow - docs §78: attdense (player) f=560 joltTilt=1.30 odeTilt=1.08 upDelta=0.26 wBody=(0.03,0.00,0.01) |w|=0.03 grounded=0
INFO 2026-07-27 15:26:40.346 joltshadow - docs §70.1: slipdense (player) f=564 w=0 grounded=0 kappa=0.000 fnGround=0 omega=0.02 | ftGround=0N target=0.0 limit=815Nm motorNm=-0 tyreNm=0 inertia=1.78 limRot=0/-0/0 omegaPre=0.03 posN=-0/2/0 susp=0.0044 springN=2
INFO 2026-07-27 15:26:40.346 joltshadow - docs §70.1: slipdense (player) f=564 w=1 grounded=0 kappa=0.000 fnGround=0 omega=0.02 | ftGround=0N target=0.0 limit=815Nm motorNm=-0 tyreNm=0 inertia=1.78 limRot=0/-0/0 omegaPre=0.03 posN=-0/2/0 susp=0.0044 springN=-1
INFO 2026-07-27 15:26:40.346 joltshadow - docs §70.1: slipdense (player) f=564 w=2 grounded=0 kappa=0.000 fnGround=0 omega=0.02 | ftGround=0N target=0.0 limit=823Nm motorNm=-0 tyreNm=0 inertia=1.82 limRot=0/-0/-0 omegaPre=0.03 posN=-0/2/0 susp=0.0086 springN=-34
INFO 2026-07-27 15:26:40.346 joltshadow - docs §70.1: slipdense (player) f=564 w=3 grounded=0 kappa=0.000 fnGround=0 omega=0.02 | ftGround=0N target=0.0 limit=823Nm motorNm=-0 tyreNm=0 inertia=1.82 limRot=0/-0/-0 omegaPre=0.03 posN=-0/2/0 susp=0.0085 springN=-38
INFO 2026-07-27 15:26:40.346 joltshadow - docs §78: attdense (player) f=564 joltTilt=1.24 odeTilt=1.08 upDelta=0.21 wBody=(0.02,0.00,0.00) |w|=0.02 grounded=0
INFO 2026-07-27 15:26:40.384 joltshadow - docs §70.1: slipdense (player) f=568 w=0 grounded=0 kappa=0.000 fnGround=0 omega=0.02 | ftGround=0N target=0.0 limit=815Nm motorNm=-0 tyreNm=0 inertia=1.78 limRot=0/-0/0 omegaPre=0.02 posN=-0/0/0 susp=0.0016 springN=9
INFO 2026-07-27 15:26:40.384 joltshadow - docs §70.1: slipdense (player) f=568 w=1 grounded=0 kappa=0.000 fnGround=0 omega=0.02 | ftGround=0N target=0.0 limit=815Nm motorNm=-0 tyreNm=0 inertia=1.78 limRot=0/-0/0 omegaPre=0.02 posN=-0/0/0 susp=0.0016 springN=8
INFO 2026-07-27 15:26:40.384 joltshadow - docs §70.1: slipdense (player) f=568 w=2 grounded=0 kappa=0.000 fnGround=0 omega=0.02 | ftGround=0N target=0.0 limit=823Nm motorNm=-0 tyreNm=0 inertia=1.82 limRot=0/-0/-0 omegaPre=0.02 posN=-0/0/0 susp=0.0046 springN=5
INFO 2026-07-27 15:26:40.384 joltshadow - docs §70.1: slipdense (player) f=568 w=3 grounded=0 kappa=0.000 fnGround=0 omega=0.02 | ftGround=0N target=0.0 limit=823Nm motorNm=-0 tyreNm=0 inertia=1.82 limRot=0/-0/-0 omegaPre=0.02 posN=-0/0/0 susp=0.0047 springN=3
INFO 2026-07-27 15:26:40.384 joltshadow - docs §78: attdense (player) f=568 joltTilt=1.20 odeTilt=1.08 upDelta=0.17 wBody=(0.02,0.00,0.00) |w|=0.02 grounded=0
INFO 2026-07-27 15:26:40.426 joltshadow - docs §70.1: slipdense (player) f=572 w=0 grounded=0 kappa=0.000 fnGround=0 omega=0.02 | ftGround=0N target=0.0 limit=815Nm motorNm=0 tyreNm=0 inertia=1.78 limRot=0/-0/0 omegaPre=0.02 posN=-0/-0/0 susp=0.0002 springN=5
INFO 2026-07-27 15:26:40.426 joltshadow - docs §70.1: slipdense (player) f=572 w=1 grounded=0 kappa=0.000 fnGround=0 omega=0.02 | ftGround=0N target=0.0 limit=815Nm motorNm=0 tyreNm=0 inertia=1.78 limRot=0/-0/0 omegaPre=0.02 posN=-0/-0/0 susp=0.0003 springN=5
INFO 2026-07-27 15:26:40.426 joltshadow - docs §70.1: slipdense (player) f=572 w=2 grounded=0 kappa=0.000 fnGround=0 omega=0.02 | ftGround=0N target=0.0 limit=823Nm motorNm=0 tyreNm=0 inertia=1.82 limRot=0/-0/-0 omegaPre=0.02 posN=-0/-0/0 susp=0.0010 springN=11
INFO 2026-07-27 15:26:40.426 joltshadow - docs §70.1: slipdense (player) f=572 w=3 grounded=0 kappa=0.000 fnGround=0 omega=0.02 | ftGround=0N target=0.0 limit=823Nm motorNm=0 tyreNm=0 inertia=1.82 limRot=0/-0/-0 omegaPre=0.02 posN=-0/-0/0 susp=0.0013 springN=10
INFO 2026-07-27 15:26:40.426 joltshadow - docs §78: attdense (player) f=572 joltTilt=1.15 odeTilt=1.08 upDelta=0.14 wBody=(0.02,0.00,0.00) |w|=0.02 grounded=0
INFO 2026-07-27 15:26:40.463 joltshadow - docs §70.1: slipdense (player) f=576 w=0 grounded=0 kappa=0.000 fnGround=0 omega=0.02 | ftGround=0N target=0.0 limit=815Nm motorNm=0 tyreNm=0 inertia=1.78 limRot=0/-0/0 omegaPre=0.02 posN=-0/-0/0 susp=-0.0001 springN=2
INFO 2026-07-27 15:26:40.464 joltshadow - docs §70.1: slipdense (player) f=576 w=1 grounded=0 kappa=0.000 fnGround=0 omega=0.02 | ftGround=0N target=0.0 limit=815Nm motorNm=0 tyreNm=0 inertia=1.78 limRot=0/-0/0 omegaPre=0.02 posN=-0/-0/0 susp=0.0000 springN=2
INFO 2026-07-27 15:26:40.464 joltshadow - docs §70.1: slipdense (player) f=576 w=2 grounded=0 kappa=0.000 fnGround=0 omega=0.02 | ftGround=0N target=0.0 limit=823Nm motorNm=0 tyreNm=0 inertia=1.82 limRot=0/-0/-0 omegaPre=0.02 posN=-0/-0/0 susp=-0.0003 springN=6
INFO 2026-07-27 15:26:40.464 joltshadow - docs §70.1: slipdense (player) f=576 w=3 grounded=0 kappa=0.000 fnGround=0 omega=0.02 | ftGround=0N target=0.0 limit=823Nm motorNm=0 tyreNm=0 inertia=1.82 limRot=0/-0/-0 omegaPre=0.02 posN=-0/-0/0 susp=-0.0001 springN=6
INFO 2026-07-27 15:26:40.464 joltshadow - docs §78: attdense (player) f=576 joltTilt=1.11 odeTilt=1.08 upDelta=0.12 wBody=(0.02,0.00,0.00) |w|=0.02 grounded=0
INFO 2026-07-27 15:26:40.501 joltshadow - docs §70.1: slipdense (player) f=580 w=0 grounded=0 kappa=0.000 fnGround=0 omega=0.02 | ftGround=0N target=0.0 limit=815Nm motorNm=0 tyreNm=0 inertia=1.78 limRot=0/-0/0 omegaPre=0.02 posN=-0/0/0 susp=-0.0002 springN=1
INFO 2026-07-27 15:26:40.501 joltshadow - docs §70.1: slipdense (player) f=580 w=1 grounded=0 kappa=0.000 fnGround=0 omega=0.02 | ftGround=0N target=0.0 limit=815Nm motorNm=0 tyreNm=0 inertia=1.78 limRot=0/-0/0 omegaPre=0.02 posN=-0/0/0 susp=0.0000 springN=1
INFO 2026-07-27 15:26:40.501 joltshadow - docs §70.1: slipdense (player) f=580 w=2 grounded=0 kappa=0.000 fnGround=0 omega=0.02 | ftGround=0N target=0.0 limit=823Nm motorNm=0 tyreNm=0 inertia=1.82 limRot=0/-0/-0 omegaPre=0.02 posN=-0/0/0 susp=-0.0005 springN=2
INFO 2026-07-27 15:26:40.501 joltshadow - docs §70.1: slipdense (player) f=580 w=3 grounded=0 kappa=0.000 fnGround=0 omega=0.02 | ftGround=0N target=0.0 limit=823Nm motorNm=0 tyreNm=0 inertia=1.82 limRot=0/-0/-0 omegaPre=0.02 posN=-0/0/0 susp=-0.0003 springN=2
INFO 2026-07-27 15:26:40.501 joltshadow - docs §78: attdense (player) f=580 joltTilt=1.06 odeTilt=1.08 upDelta=0.11 wBody=(0.02,0.00,0.00) |w|=0.02 grounded=0
INFO 2026-07-27 15:26:40.539 joltshadow - docs §70.1: slipdense (player) f=584 w=0 grounded=0 kappa=0.000 fnGround=0 omega=0.02 | ftGround=0N target=0.0 limit=815Nm motorNm=0 tyreNm=0 inertia=1.78 limRot=0/-0/0 omegaPre=0.02 posN=-0/0/0 susp=-0.0001 springN=-0
INFO 2026-07-27 15:26:40.540 joltshadow - docs §70.1: slipdense (player) f=584 w=1 grounded=0 kappa=0.000 fnGround=0 omega=0.02 | ftGround=0N target=0.0 limit=815Nm motorNm=0 tyreNm=0 inertia=1.78 limRot=0/-0/0 omegaPre=0.02 posN=-0/0/0 susp=0.0001 springN=-0
INFO 2026-07-27 15:26:40.540 joltshadow - docs §70.1: slipdense (player) f=584 w=2 grounded=0 kappa=0.000 fnGround=0 omega=0.02 | ftGround=0N target=0.0 limit=823Nm motorNm=0 tyreNm=0 inertia=1.82 limRot=0/-0/0 omegaPre=0.02 posN=-0/0/0 susp=-0.0004 springN=0
INFO 2026-07-27 15:26:40.540 joltshadow - docs §70.1: slipdense (player) f=584 w=3 grounded=0 kappa=0.000 fnGround=0 omega=0.02 | ftGround=0N target=0.0 limit=823Nm motorNm=0 tyreNm=0 inertia=1.82 limRot=0/-0/0 omegaPre=0.02 posN=-0/0/0 susp=-0.0002 springN=0
INFO 2026-07-27 15:26:40.540 joltshadow - docs §78: attdense (player) f=584 joltTilt=1.02 odeTilt=1.08 upDelta=0.12 wBody=(0.02,0.00,0.00) |w|=0.02 grounded=0
INFO 2026-07-27 15:26:40.578 joltshadow - docs §70.1: slipdense (player) f=588 w=0 grounded=0 kappa=0.000 fnGround=0 omega=0.02 | ftGround=0N target=0.0 limit=815Nm motorNm=0 tyreNm=0 inertia=1.78 limRot=0/-0/0 omegaPre=0.02 posN=-0/0/0 susp=-0.0000 springN=-0
INFO 2026-07-27 15:26:40.578 joltshadow - docs §70.1: slipdense (player) f=588 w=1 grounded=0 kappa=0.000 fnGround=0 omega=0.02 | ftGround=0N target=0.0 limit=815Nm motorNm=0 tyreNm=0 inertia=1.78 limRot=0/-0/0 omegaPre=0.02 posN=-0/0/0 susp=0.0002 springN=-0
INFO 2026-07-27 15:26:40.578 joltshadow - docs §70.1: slipdense (player) f=588 w=2 grounded=0 kappa=0.000 fnGround=0 omega=0.02 | ftGround=0N target=0.0 limit=823Nm motorNm=0 tyreNm=0 inertia=1.82 limRot=0/-0/0 omegaPre=0.02 posN=-0/0/0 susp=-0.0003 springN=-0
INFO 2026-07-27 15:26:40.579 joltshadow - docs §70.1: slipdense (player) f=588 w=3 grounded=0 kappa=0.000 fnGround=0 omega=0.02 | ftGround=0N target=0.0 limit=823Nm motorNm=0 tyreNm=0 inertia=1.82 limRot=0/-0/0 omegaPre=0.02 posN=-0/0/0 susp=-0.0001 springN=-0
INFO 2026-07-27 15:26:40.579 joltshadow - docs §78: attdense (player) f=588 joltTilt=0.97 odeTilt=1.08 upDelta=0.15 wBody=(0.02,0.00,0.00) |w|=0.02 grounded=0
INFO 2026-07-27 15:26:40.579 joltshadow - docs §82: resync (player) #15 dt=0.51s upMax=0.449 deg posMax=1.123 m odeTiltPath=0.008 deg gain=-1.0000
INFO 2026-07-27 15:26:40.579 joltshadow - docs §87: resync landing (player) w=0 pre=0.5205 post=-0.0095 m R=0.629 dY=-1.1164 dRotDeg=0.14 |corr|=1.1201 m
INFO 2026-07-27 15:26:40.579 joltshadow - docs §87: resync landing (player) w=1 pre=0.5169 post=-0.0091 m R=0.629 dY=-1.1164 dRotDeg=0.14 |corr|=1.1201 m
INFO 2026-07-27 15:26:40.579 joltshadow - docs §87: resync landing (player) w=2 pre=0.4497 post=-0.0096 m R=0.635 dY=-1.1164 dRotDeg=0.14 |corr|=1.1201 m
INFO 2026-07-27 15:26:40.579 joltshadow - docs §87: resync landing (player) w=3 pre=0.4458 post=-0.0092 m R=0.635 dY=-1.1164 dRotDeg=0.14 |corr|=1.1201 m
INFO 2026-07-27 15:26:40.579 joltshadow - docs §82: resync RESIDUAL (player) #15 pos=0.0000 m up=0.0000 deg
INFO 2026-07-27 15:26:40.617 joltshadow - docs §70.1: slipdense (player) f=592 w=0 grounded=1 kappa=-0.212 fnGround=1200 omega=-0.15 | ftGround=-179N target=0.0 limit=3020Nm motorNm=-109 tyreNm=107 inertia=1.78 limRot=0/-2/0 omegaPre=-0.14 posN=-2/131/0 susp=-0.4623 springN=1818
INFO 2026-07-27 15:26:40.617 joltshadow - docs §70.1: slipdense (player) f=592 w=1 grounded=1 kappa=-0.211 fnGround=1200 omega=-0.15 | ftGround=-178N target=0.0 limit=3020Nm motorNm=-109 tyreNm=106 inertia=1.78 limRot=0/-2/0 omegaPre=-0.14 posN=-2/131/0 susp=-0.4628 springN=1825
INFO 2026-07-27 15:26:40.618 joltshadow - docs §70.1: slipdense (player) f=592 w=2 grounded=1 kappa=-0.192 fnGround=1200 omega=-0.15 | ftGround=-162N target=0.0 limit=3049Nm motorNm=-97 tyreNm=95 inertia=1.82 limRot=0/-2/-0 omegaPre=-0.14 posN=-2/104/0 susp=-0.5160 springN=2325
INFO 2026-07-27 15:26:40.618 joltshadow - docs §70.1: slipdense (player) f=592 w=3 grounded=1 kappa=-0.192 fnGround=1200 omega=-0.15 | ftGround=-162N target=0.0 limit=3048Nm motorNm=-97 tyreNm=94 inertia=1.82 limRot=0/-2/0 omegaPre=-0.14 posN=-2/103/0 susp=-0.5164 springN=2332
INFO 2026-07-27 15:26:40.618 joltshadow - docs §78: attdense (player) f=592 joltTilt=0.93 odeTilt=1.08 upDelta=0.15 wBody=(-0.15,0.00,-0.01) |w|=0.15 grounded=4
INFO 2026-07-27 15:26:40.663 joltshadow - docs §70.1: slipdense (player) f=596 w=0 grounded=1 kappa=-0.045 fnGround=778 omega=-0.12 | ftGround=-31N target=0.0 limit=2680Nm motorNm=-16 tyreNm=19 inertia=1.78 limRot=0/0/0 omegaPre=-0.14 posN=0/9/0 susp=-0.2850 springN=503
INFO 2026-07-27 15:26:40.663 joltshadow - docs §70.1: slipdense (player) f=596 w=1 grounded=1 kappa=-0.045 fnGround=788 omega=-0.12 | ftGround=-31N target=0.0 limit=2698Nm motorNm=-16 tyreNm=19 inertia=1.78 limRot=0/0/0 omegaPre=-0.14 posN=0/9/0 susp=-0.2874 springN=515
INFO 2026-07-27 15:26:40.663 joltshadow - docs §70.1: slipdense (player) f=596 w=2 grounded=1 kappa=-0.039 fnGround=1199 omega=-0.12 | ftGround=-27N target=0.0 limit=3048Nm motorNm=-13 tyreNm=16 inertia=1.82 limRot=0/1/0 omegaPre=-0.14 posN=1/-3/0 susp=-0.3752 springN=1062
INFO 2026-07-27 15:26:40.663 joltshadow - docs §70.1: slipdense (player) f=596 w=3 grounded=1 kappa=-0.038 fnGround=1199 omega=-0.12 | ftGround=-26N target=0.0 limit=3048Nm motorNm=-13 tyreNm=16 inertia=1.82 limRot=0/0/0 omegaPre=-0.14 posN=1/-3/0 susp=-0.3778 springN=1077
INFO 2026-07-27 15:26:40.663 joltshadow - docs §78: attdense (player) f=596 joltTilt=1.30 odeTilt=1.08 upDelta=0.22 wBody=(-0.12,0.00,-0.00) |w|=0.12 grounded=4
INFO 2026-07-27 15:26:40.707 joltshadow - docs §70.1: slipdense (player) f=600 w=0 grounded=0 kappa=0.000 fnGround=0 omega=-0.03 | ftGround=0N target=0.0 limit=815Nm motorNm=5 tyreNm=0 inertia=1.78 limRot=0/0/0 omegaPre=-0.05 posN=0/-7/0 susp=-0.1188 springN=-256
INFO 2026-07-27 15:26:40.707 joltshadow - docs §70.1: slipdense (player) f=600 w=1 grounded=0 kappa=0.000 fnGround=0 omega=-0.03 | ftGround=0N target=0.0 limit=815Nm motorNm=5 tyreNm=0 inertia=1.78 limRot=0/0/0 omegaPre=-0.05 posN=0/-7/0 susp=-0.1232 springN=-244
INFO 2026-07-27 15:26:40.707 joltshadow - docs §70.1: slipdense (player) f=600 w=2 grounded=1 kappa=0.147 fnGround=451 omega=-0.03 | ftGround=99N target=0.0 limit=1555Nm motorNm=66 tyreNm=-62 inertia=1.82 limRot=0/4/-0 omegaPre=-0.05 posN=6/-115/0 susp=-0.2061 springN=229
INFO 2026-07-27 15:26:40.707 joltshadow - docs §70.1: slipdense (player) f=600 w=3 grounded=1 kappa=0.146 fnGround=472 omega=-0.03 | ftGround=98N target=0.0 limit=1603Nm motorNm=66 tyreNm=-61 inertia=1.82 limRot=0/4/-0 omegaPre=-0.05 posN=6/-116/0 susp=-0.2112 springN=250
INFO 2026-07-27 15:26:40.707 joltshadow - docs §78: attdense (player) f=600 joltTilt=1.50 odeTilt=1.09 upDelta=0.43 wBody=(-0.03,0.00,0.00) |w|=0.03 grounded=2
INFO 2026-07-27 15:26:40.707 joltshadow - Shadow divergence (player): pos=1.765m vel=4.211m/s angle=0.4deg (jolt com=[4668.5 259.7 1251.9] ode com=[4668.5 258.0 1251.5])
INFO 2026-07-27 15:26:40.708 joltshadow - docs §23.6: driver input (player) realThrottle=10.00 brake=0.01 handBrake=1 steerRad=0.000
INFO 2026-07-27 15:26:40.708 joltshadow - docs §32: Jolt SHADOW chassis pitch (player) forward=(-0.222, 0.026, -0.975)
INFO 2026-07-27 15:26:40.708 joltshadow - docs §69: tilt (player) jolt=1.5 deg ode=1.1 deg delta=+0.4 deg upDelta=0.43 deg
INFO 2026-07-27 15:26:40.708 joltshadow - docs §32.4: Jolt SHADOW chassis lowest corner (player) = (4667.79,258.29,1255.32) clearanceToGround=0.287
INFO 2026-07-27 15:26:40.708 joltshadow - docs §23.5: wheel state (player) wheel=0 contact=0 suspLen=1.050 (range 0.050-1.050, 0% compressed) angVel=0.00
INFO 2026-07-27 15:26:40.708 joltshadow - docs §38.11: wheel=0 NO contact, worldAxle=(0.975,0.002,-0.222)
INFO 2026-07-27 15:26:40.708 joltshadow - docs §32: no-contact raycast (player) wheel=0 bodyPos=(4668.46,258.96,1251.52) localMPos=(-1.155,0.060,2.270) origin=(4669.08,259.08,1249.05) dir=(-0.004,-1.000,-0.026) normalRayLen=1.679 groundFoundAt=0.000 shortfallBeyondTravel=-1.679 hitBody=8391036 hitLayer=4 hitMotion=2 hitIsSelfChassis=0
INFO 2026-07-27 15:26:40.708 joltshadow - docs §23.5: wheel state (player) wheel=1 contact=0 suspLen=1.050 (range 0.050-1.050, 0% compressed) angVel=0.00
INFO 2026-07-27 15:26:40.708 joltshadow - docs §38.11: wheel=1 NO contact, worldAxle=(0.975,0.002,-0.222)
INFO 2026-07-27 15:26:40.708 joltshadow - docs §32: no-contact raycast (player) wheel=1 bodyPos=(4668.46,258.96,1251.52) localMPos=(1.155,0.059,2.270) origin=(4666.83,259.08,1249.57) dir=(-0.004,-1.000,-0.026) normalRayLen=1.679 groundFoundAt=0.000 shortfallBeyondTravel=-1.679 hitBody=8391037 hitLayer=4 hitMotion=2 hitIsSelfChassis=0
INFO 2026-07-27 15:26:40.708 joltshadow - docs §23.5: wheel state (player) wheel=2 contact=0 suspLen=1.050 (range 0.050-1.050, 0% compressed) angVel=0.00
INFO 2026-07-27 15:26:40.708 joltshadow - docs §38.11: wheel=2 NO contact, worldAxle=(0.975,0.002,-0.222)
INFO 2026-07-27 15:26:40.708 joltshadow - docs §32: no-contact raycast (player) wheel=2 bodyPos=(4668.46,258.96,1251.52) localMPos=(-1.253,0.145,-2.062) origin=(4670.14,259.06,1253.26) dir=(-0.004,-1.000,-0.026) normalRayLen=1.685 groundFoundAt=0.000 shortfallBeyondTravel=-1.685 hitBody=8391038 hitLayer=4 hitMotion=2 hitIsSelfChassis=0
INFO 2026-07-27 15:26:40.708 joltshadow - docs §23.5: wheel state (player) wheel=3 contact=0 suspLen=1.050 (range 0.050-1.050, 0% compressed) angVel=0.00
INFO 2026-07-27 15:26:40.708 joltshadow - docs §38.11: wheel=3 NO contact, worldAxle=(0.975,0.002,-0.222)
INFO 2026-07-27 15:26:40.708 joltshadow - docs §32: no-contact raycast (player) wheel=3 bodyPos=(4668.46,258.96,1251.52) localMPos=(1.253,0.146,-2.062) origin=(4667.69,259.05,1253.81) dir=(-0.004,-1.000,-0.026) normalRayLen=1.685 groundFoundAt=0.000 shortfallBeyondTravel=-1.685 hitBody=8391039 hitLayer=4 hitMotion=2 hitIsSelfChassis=0
INFO 2026-07-27 15:26:40.708 joltshadow - docs §59/63: harvest (player) wheelsWithContact=4 contactPoints=8 overflow=0 (of 4) | maxNormalF=472N bound(k_t*tau)=1200N ratio=0.39
INFO 2026-07-27 15:26:40.708 joltshadow - docs §58: wheel body (player) w=0 springF=-256N stopF=0N travel=-0.1188 (limits -0.5000..0.5000 rel spawn) kSusp=6000 sagPredicted=-0.0426 | frameTrav=-0.1409..-0.1188 frameStopN=0
INFO 2026-07-27 15:26:40.708 joltshadow - docs §66: tyre band (player) w=0 fnGround=0N fnTotal=0N pen=0.00000 penRaw=0.00000 tau=0.01000 pen/tau=0.00 | recs tyre=1 rim=1 survived=0 stale=0 distMax=1.01R
INFO 2026-07-27 15:26:40.708 joltshadow - docs §68: steer (player) w=0 steerable=1 commanded=0.000 rad measured=0.000 rad err=0.00 deg steerSign=-1 steerTq=-0Nm cap=815Nm sat=0.00
INFO 2026-07-27 15:26:40.708 joltshadow - docs §70: slip (player) w=0 grounded=0 kappa=0.000 fnGround=0N omega=-0.03
INFO 2026-07-27 15:26:40.708 joltshadow - docs §67: spin (player) w=0 driven=1 omega=-0.03 rad/s surfaceSpeed=-0.02 m/s spinSign=+1 motorTq=5Nm cmdTq=815Nm
INFO 2026-07-27 15:26:40.708 joltshadow - docs §58: wheel body (player) w=1 springF=-244N stopF=0N travel=-0.1232 (limits -0.5000..0.5000 rel spawn) kSusp=6000 sagPredicted=-0.0407 | frameTrav=-0.1452..-0.1232 frameStopN=0
INFO 2026-07-27 15:26:40.709 joltshadow - docs §66: tyre band (player) w=1 fnGround=0N fnTotal=0N pen=0.00000 penRaw=0.00000 tau=0.01000 pen/tau=0.00 | recs tyre=1 rim=1 survived=0 stale=0 distMax=1.01R
INFO 2026-07-27 15:26:40.709 joltshadow - docs §68: steer (player) w=1 steerable=1 commanded=0.000 rad measured=0.000 rad err=0.00 deg steerSign=-1 steerTq=-0Nm cap=815Nm sat=0.00
INFO 2026-07-27 15:26:40.709 joltshadow - docs §70: slip (player) w=1 grounded=0 kappa=0.000 fnGround=0N omega=-0.03
INFO 2026-07-27 15:26:40.709 joltshadow - docs §67: spin (player) w=1 driven=1 omega=-0.03 rad/s surfaceSpeed=-0.02 m/s spinSign=+1 motorTq=5Nm cmdTq=815Nm
INFO 2026-07-27 15:26:40.709 joltshadow - docs §58: wheel body (player) w=2 springF=229N stopF=0N travel=-0.2061 (limits -0.5000..0.5000 rel spawn) kSusp=6000 sagPredicted=0.0381 | frameTrav=-0.2289..-0.2061 frameStopN=0
INFO 2026-07-27 15:26:40.709 joltshadow - docs §66: tyre band (player) w=2 fnGround=451N fnTotal=452N pen=0.01000 penRaw=0.01373 tau=0.01000 pen/tau=1.00 | recs tyre=1 rim=1 survived=1 stale=0 distMax=0.98R
INFO 2026-07-27 15:26:40.709 joltshadow - docs §68: steer (player) w=2 steerable=0 commanded=0.000 rad measured=-0.000 rad err=-0.00 deg steerSign=-1 steerTq=0Nm cap=340282346638528859811704183484516925440Nm sat=0.00
INFO 2026-07-27 15:26:40.709 joltshadow - docs §70: slip (player) w=2 grounded=1 kappa=0.147 fnGround=451N omega=-0.03
INFO 2026-07-27 15:26:40.709 joltshadow - docs §67: spin (player) w=2 driven=1 omega=-0.03 rad/s surfaceSpeed=-0.02 m/s spinSign=+1 motorTq=66Nm cmdTq=1555Nm
INFO 2026-07-27 15:26:40.709 joltshadow - docs §58: wheel body (player) w=3 springF=250N stopF=0N travel=-0.2112 (limits -0.5000..0.5000 rel spawn) kSusp=6000 sagPredicted=0.0417 | frameTrav=-0.2338..-0.2112 frameStopN=0
INFO 2026-07-27 15:26:40.709 joltshadow - docs §66: tyre band (player) w=3 fnGround=472N fnTotal=472N pen=0.01000 penRaw=0.01440 tau=0.01000 pen/tau=1.00 | recs tyre=1 rim=1 survived=1 stale=0 distMax=0.98R
INFO 2026-07-27 15:26:40.709 joltshadow - docs §68: steer (player) w=3 steerable=0 commanded=0.000 rad measured=0.000 rad err=0.00 deg steerSign=-1 steerTq=0Nm cap=340282346638528859811704183484516925440Nm sat=0.00
INFO 2026-07-27 15:26:40.709 joltshadow - docs §70: slip (player) w=3 grounded=1 kappa=0.146 fnGround=472N omega=-0.03
INFO 2026-07-27 15:26:40.709 joltshadow - docs §67: spin (player) w=3 driven=1 omega=-0.03 rad/s surfaceSpeed=-0.02 m/s spinSign=+1 motorTq=66Nm cmdTq=1603Nm
INFO 2026-07-27 15:26:40.709 joltshadow - docs §67: drivetrain (player) gear=0 rpm=11 driveTorque=600Nm perWheel=150Nm driven=4 throttle=1.00 spin=1 | PRE-STEP brake=0.01 handBrake=1
INFO 2026-07-27 15:26:40.709 joltshadow - docs §66: tyre band SUM (player) fnGroundSum=923N fnTotalSum=925N weight=1295N carried=0.71 | penSum=0.02000 recs tyre=4 rim=4 stale=0
INFO 2026-07-27 15:26:40.709 joltshadow - docs §30: REAL ODE chassis COM (player) body=54AA14C8 = (4668.453, 257.992, 1251.494) forward=(-0.222, 0.019, -0.975)
INFO 2026-07-27 15:26:40.709 joltshadow - docs §33: real ODE chassis geom (player) #1 = class 0 (not a transform) pos=(4668.453,257.992,1251.494) radius=4.500
INFO 2026-07-27 15:26:40.709 joltshadow - docs §33: real ODE chassis geom (player) #2 = transform, inner class=1 pos=(0.000,1.095,-0.495)
INFO 2026-07-27 15:26:40.709 joltshadow - docs §33: real ODE chassis geom (player) #3 = transform, inner class=1 pos=(0.353,3.466,0.718)
INFO 2026-07-27 15:26:40.709 joltshadow - docs §33: real ODE chassis geom (player) #4 = transform, inner class=1 pos=(0.000,1.818,1.842)
INFO 2026-07-27 15:26:40.709 joltshadow - docs §33: real ODE chassis geom (player) #5 = transform, inner class=1 pos=(0.006,1.981,-2.113)
INFO 2026-07-27 15:26:40.710 joltshadow - docs §33: real ODE chassis geom (player) #6 = class 0 (not a transform) pos=(4668.453,257.992,1251.494) radius=30.000
INFO 2026-07-27 15:26:40.710 joltshadow - docs §33: real ODE chassis geom (player) #7 = class 0 (not a transform) pos=(4668.453,257.992,1251.494) radius=6.436
INFO 2026-07-27 15:26:40.710 joltshadow - docs §33: real ODE chassis geom (player) #8 = class 0 (not a transform) pos=(4668.453,257.992,1251.494) radius=200.000
INFO 2026-07-27 15:26:40.710 joltshadow - docs §33: real ODE chassis (player) has 8 total geom(s) directly attached (4 transform(s)) - compare against BuildChassisCompoundShape's own part/geom count in the build log
INFO 2026-07-27 15:26:40.710 joltshadow - docs §28: REAL ODE wheel state (player) wheel=0 displacement=0.0249 range=1.000 (2% compressed, signed) foreAft=2.270 localZ=2.270 cfm=0.002500 erp=0.2500
INFO 2026-07-27 15:26:40.710 joltshadow - docs §28: REAL ODE wheel state (player) wheel=1 displacement=0.0253 range=1.000 (3% compressed, signed) foreAft=2.270 localZ=2.270 cfm=0.002500 erp=0.2500
INFO 2026-07-27 15:26:40.710 joltshadow - docs §28: REAL ODE wheel state (player) wheel=2 displacement=0.0274 range=1.000 (3% compressed, signed) foreAft=-2.062 localZ=-2.062 cfm=0.002500 erp=0.2500
INFO 2026-07-27 15:26:40.710 joltshadow - docs §28: REAL ODE wheel state (player) wheel=3 displacement=0.0270 range=1.000 (3% compressed, signed) foreAft=-2.062 localZ=-2.062 cfm=0.002500 erp=0.2500
INFO 2026-07-27 15:26:40.752 joltshadow - docs §70.1: slipdense (player) f=604 w=0 grounded=0 kappa=0.000 fnGround=0 omega=0.04 | ftGround=0N target=0.0 limit=815Nm motorNm=1 tyreNm=0 inertia=1.78 limRot=0/0/0 omegaPre=0.03 posN=0/-6/0 susp=-0.0216 springN=-260
INFO 2026-07-27 15:26:40.752 joltshadow - docs §70.1: slipdense (player) f=604 w=1 grounded=0 kappa=0.000 fnGround=0 omega=0.04 | ftGround=0N target=0.0 limit=815Nm motorNm=1 tyreNm=0 inertia=1.78 limRot=0/0/0 omegaPre=0.03 posN=0/-6/0 susp=-0.0250 springN=-263
INFO 2026-07-27 15:26:40.752 joltshadow - docs §70.1: slipdense (player) f=604 w=2 grounded=0 kappa=0.000 fnGround=0 omega=0.04 | ftGround=0N target=0.0 limit=823Nm motorNm=1 tyreNm=0 inertia=1.82 limRot=0/0/0 omegaPre=0.03 posN=0/-6/0 susp=-0.0724 springN=-289
INFO 2026-07-27 15:26:40.752 joltshadow - docs §70.1: slipdense (player) f=604 w=3 grounded=0 kappa=0.000 fnGround=0 omega=0.04 | ftGround=0N target=0.0 limit=823Nm motorNm=1 tyreNm=0 inertia=1.82 limRot=0/0/0 omegaPre=0.03 posN=0/-6/0 susp=-0.0776 springN=-282
INFO 2026-07-27 15:26:40.752 joltshadow - docs §78: attdense (player) f=604 joltTilt=1.45 odeTilt=1.09 upDelta=0.39 wBody=(0.04,-0.00,0.01) |w|=0.04 grounded=0
INFO 2026-07-27 15:26:40.797 joltshadow - docs §70.1: slipdense (player) f=608 w=0 grounded=0 kappa=0.000 fnGround=0 omega=0.04 | ftGround=0N target=0.0 limit=815Nm motorNm=-1 tyreNm=0 inertia=1.78 limRot=0/-0/0 omegaPre=0.04 posN=-1/3/0 susp=0.0061 springN=-89
INFO 2026-07-27 15:26:40.797 joltshadow - docs §70.1: slipdense (player) f=608 w=1 grounded=0 kappa=0.000 fnGround=0 omega=0.04 | ftGround=0N target=0.0 limit=815Nm motorNm=-1 tyreNm=0 inertia=1.78 limRot=0/-0/0 omegaPre=0.04 posN=-1/3/0 susp=0.0048 springN=-95
INFO 2026-07-27 15:26:40.797 joltshadow - docs §70.1: slipdense (player) f=608 w=2 grounded=0 kappa=0.000 fnGround=0 omega=0.04 | ftGround=0N target=0.0 limit=823Nm motorNm=-1 tyreNm=0 inertia=1.82 limRot=0/-0/-0 omegaPre=0.04 posN=-1/2/0 susp=-0.0049 springN=-205
INFO 2026-07-27 15:26:40.797 joltshadow - docs §70.1: slipdense (player) f=608 w=3 grounded=0 kappa=0.000 fnGround=0 omega=0.04 | ftGround=0N target=0.0 limit=823Nm motorNm=-1 tyreNm=0 inertia=1.82 limRot=0/-0/-0 omegaPre=0.04 posN=-1/2/0 susp=-0.0073 springN=-212
INFO 2026-07-27 15:26:40.797 joltshadow - docs §78: attdense (player) f=608 joltTilt=1.34 odeTilt=1.09 upDelta=0.29 wBody=(0.04,-0.00,0.01) |w|=0.04 grounded=0
INFO 2026-07-27 15:26:40.841 joltshadow - docs §70.1: slipdense (player) f=612 w=0 grounded=0 kappa=0.000 fnGround=0 omega=0.03 | ftGround=0N target=0.0 limit=815Nm motorNm=-0 tyreNm=0 inertia=1.78 limRot=0/-0/0 omegaPre=0.03 posN=-0/2/0 susp=0.0057 springN=-8
INFO 2026-07-27 15:26:40.841 joltshadow - docs §70.1: slipdense (player) f=612 w=1 grounded=0 kappa=0.000 fnGround=0 omega=0.03 | ftGround=0N target=0.0 limit=815Nm motorNm=-0 tyreNm=0 inertia=1.78 limRot=0/-0/0 omegaPre=0.03 posN=-0/2/0 susp=0.0056 springN=-11
INFO 2026-07-27 15:26:40.841 joltshadow - docs §70.1: slipdense (player) f=612 w=2 grounded=0 kappa=0.000 fnGround=0 omega=0.03 | ftGround=0N target=0.0 limit=823Nm motorNm=-0 tyreNm=0 inertia=1.82 limRot=0/-0/-0 omegaPre=0.03 posN=-1/2/0 susp=0.0090 springN=-64
INFO 2026-07-27 15:26:40.841 joltshadow - docs §70.1: slipdense (player) f=612 w=3 grounded=0 kappa=0.000 fnGround=0 omega=0.03 | ftGround=0N target=0.0 limit=823Nm motorNm=-0 tyreNm=0 inertia=1.82 limRot=0/-0/-0 omegaPre=0.03 posN=-1/2/0 susp=0.0087 springN=-71
INFO 2026-07-27 15:26:40.841 joltshadow - docs §78: attdense (player) f=612 joltTilt=1.26 odeTilt=1.09 upDelta=0.22 wBody=(0.03,-0.00,0.01) |w|=0.03 grounded=0
INFO 2026-07-27 15:26:40.880 joltshadow - docs §70.1: slipdense (player) f=616 w=0 grounded=0 kappa=0.000 fnGround=0 omega=0.02 | ftGround=0N target=0.0 limit=815Nm motorNm=-0 tyreNm=0 inertia=1.78 limRot=0/-0/0 omegaPre=0.02 posN=-0/1/0 susp=0.0023 springN=8
INFO 2026-07-27 15:26:40.880 joltshadow - docs §70.1: slipdense (player) f=616 w=1 grounded=0 kappa=0.000 fnGround=0 omega=0.02 | ftGround=0N target=0.0 limit=815Nm motorNm=-0 tyreNm=0 inertia=1.78 limRot=0/-0/0 omegaPre=0.02 posN=-0/1/0 susp=0.0024 springN=7
INFO 2026-07-27 15:26:40.880 joltshadow - docs §70.1: slipdense (player) f=616 w=2 grounded=0 kappa=0.000 fnGround=0 omega=0.02 | ftGround=0N target=0.0 limit=823Nm motorNm=-0 tyreNm=0 inertia=1.82 limRot=0/-0/-0 omegaPre=0.02 posN=-0/1/0 susp=0.0063 springN=-5
INFO 2026-07-27 15:26:40.880 joltshadow - docs §70.1: slipdense (player) f=616 w=3 grounded=0 kappa=0.000 fnGround=0 omega=0.02 | ftGround=0N target=0.0 limit=823Nm motorNm=-0 tyreNm=0 inertia=1.82 limRot=0/-0/-0 omegaPre=0.02 posN=-0/1/0 susp=0.0066 springN=-8
INFO 2026-07-27 15:26:40.880 joltshadow - docs §78: attdense (player) f=616 joltTilt=1.21 odeTilt=1.09 upDelta=0.17 wBody=(0.02,0.00,0.00) |w|=0.02 grounded=0
INFO 2026-07-27 15:26:40.917 joltshadow - docs §70.1: slipdense (player) f=620 w=0 grounded=0 kappa=0.000 fnGround=0 omega=0.02 | ftGround=0N target=0.0 limit=815Nm motorNm=-0 tyreNm=0 inertia=1.78 limRot=0/-0/0 omegaPre=0.02 posN=-0/0/0 susp=0.0004 springN=7
INFO 2026-07-27 15:26:40.918 joltshadow - docs §70.1: slipdense (player) f=620 w=1 grounded=0 kappa=0.000 fnGround=0 omega=0.02 | ftGround=0N target=0.0 limit=815Nm motorNm=-0 tyreNm=0 inertia=1.78 limRot=0/-0/0 omegaPre=0.02 posN=-0/0/0 susp=0.0005 springN=7
INFO 2026-07-27 15:26:40.918 joltshadow - docs §70.1: slipdense (player) f=620 w=2 grounded=0 kappa=0.000 fnGround=0 omega=0.02 | ftGround=0N target=0.0 limit=823Nm motorNm=-0 tyreNm=0 inertia=1.82 limRot=0/-0/-0 omegaPre=0.02 posN=-0/0/0 susp=0.0024 springN=10
INFO 2026-07-27 15:26:40.918 joltshadow - docs §70.1: slipdense (player) f=620 w=3 grounded=0 kappa=0.000 fnGround=0 omega=0.02 | ftGround=0N target=0.0 limit=823Nm motorNm=-0 tyreNm=0 inertia=1.82 limRot=0/-0/-0 omegaPre=0.02 posN=-0/0/0 susp=0.0027 springN=10
INFO 2026-07-27 15:26:40.918 joltshadow - docs §78: attdense (player) f=620 joltTilt=1.16 odeTilt=1.09 upDelta=0.14 wBody=(0.02,0.00,0.00) |w|=0.02 grounded=0
INFO 2026-07-27 15:26:40.962 joltshadow - docs §70.1: slipdense (player) f=624 w=0 grounded=0 kappa=0.000 fnGround=0 omega=0.02 | ftGround=0N target=0.0 limit=815Nm motorNm=0 tyreNm=0 inertia=1.78 limRot=0/0/0 omegaPre=0.02 posN=0/-0/0 susp=-0.0002 springN=3
INFO 2026-07-27 15:26:40.962 joltshadow - docs §70.1: slipdense (player) f=624 w=1 grounded=0 kappa=0.000 fnGround=0 omega=0.02 | ftGround=0N target=0.0 limit=815Nm motorNm=0 tyreNm=0 inertia=1.78 limRot=0/0/0 omegaPre=0.02 posN=0/-0/0 susp=-0.0002 springN=3
INFO 2026-07-27 15:26:40.962 joltshadow - docs §70.1: slipdense (player) f=624 w=2 grounded=0 kappa=0.000 fnGround=0 omega=0.02 | ftGround=0N target=0.0 limit=823Nm motorNm=0 tyreNm=0 inertia=1.82 limRot=0/0/0 omegaPre=0.02 posN=0/-0/0 susp=-0.0000 springN=8
INFO 2026-07-27 15:26:40.962 joltshadow - docs §70.1: slipdense (player) f=624 w=3 grounded=0 kappa=0.000 fnGround=0 omega=0.02 | ftGround=0N target=0.0 limit=823Nm motorNm=0 tyreNm=0 inertia=1.82 limRot=0/0/0 omegaPre=0.02 posN=0/-0/0 susp=0.0002 springN=8
INFO 2026-07-27 15:26:40.962 joltshadow - docs §78: attdense (player) f=624 joltTilt=1.11 odeTilt=1.08 upDelta=0.12 wBody=(0.02,0.00,0.00) |w|=0.02 grounded=0
INFO 2026-07-27 15:26:41.004 joltshadow - docs §70.1: slipdense (player) f=628 w=0 grounded=0 kappa=0.000 fnGround=0 omega=0.02 | ftGround=0N target=0.0 limit=815Nm motorNm=0 tyreNm=0 inertia=1.78 limRot=0/0/0 omegaPre=0.02 posN=0/-0/0 susp=-0.0001 springN=0
INFO 2026-07-27 15:26:41.004 joltshadow - docs §70.1: slipdense (player) f=628 w=1 grounded=0 kappa=0.000 fnGround=0 omega=0.02 | ftGround=0N target=0.0 limit=815Nm motorNm=0 tyreNm=0 inertia=1.78 limRot=0/0/0 omegaPre=0.02 posN=0/-0/0 susp=-0.0001 springN=0
INFO 2026-07-27 15:26:41.004 joltshadow - docs §70.1: slipdense (player) f=628 w=2 grounded=0 kappa=0.000 fnGround=0 omega=0.02 | ftGround=0N target=0.0 limit=823Nm motorNm=0 tyreNm=0 inertia=1.82 limRot=0/0/0 omegaPre=0.02 posN=0/-0/0 susp=-0.0005 springN=3
INFO 2026-07-27 15:26:41.004 joltshadow - docs §70.1: slipdense (player) f=628 w=3 grounded=0 kappa=0.000 fnGround=0 omega=0.02 | ftGround=0N target=0.0 limit=823Nm motorNm=0 tyreNm=0 inertia=1.82 limRot=0/0/0 omegaPre=0.02 posN=0/-0/0 susp=-0.0004 springN=3
INFO 2026-07-27 15:26:41.005 joltshadow - docs §78: attdense (player) f=628 joltTilt=1.07 odeTilt=1.08 upDelta=0.11 wBody=(0.02,0.00,0.00) |w|=0.02 grounded=0
INFO 2026-07-27 15:26:41.045 joltshadow - docs §70.1: slipdense (player) f=632 w=0 grounded=0 kappa=0.000 fnGround=0 omega=0.02 | ftGround=0N target=0.0 limit=815Nm motorNm=0 tyreNm=0 inertia=1.78 limRot=0/-0/0 omegaPre=0.02 posN=-0/0/0 susp=-0.0000 springN=-0
INFO 2026-07-27 15:26:41.045 joltshadow - docs §70.1: slipdense (player) f=632 w=1 grounded=0 kappa=0.000 fnGround=0 omega=0.02 | ftGround=0N target=0.0 limit=815Nm motorNm=0 tyreNm=0 inertia=1.78 limRot=0/-0/0 omegaPre=0.02 posN=-0/0/0 susp=0.0000 springN=-0
INFO 2026-07-27 15:26:41.045 joltshadow - docs §70.1: slipdense (player) f=632 w=2 grounded=0 kappa=0.000 fnGround=0 omega=0.02 | ftGround=0N target=0.0 limit=823Nm motorNm=0 tyreNm=0 inertia=1.82 limRot=0/-0/-0 omegaPre=0.02 posN=-0/0/0 susp=-0.0004 springN=0
INFO 2026-07-27 15:26:41.045 joltshadow - docs §70.1: slipdense (player) f=632 w=3 grounded=0 kappa=0.000 fnGround=0 omega=0.02 | ftGround=0N target=0.0 limit=823Nm motorNm=0 tyreNm=0 inertia=1.82 limRot=0/-0/-0 omegaPre=0.02 posN=-0/0/0 susp=-0.0003 springN=0
INFO 2026-07-27 15:26:41.045 joltshadow - docs §78: attdense (player) f=632 joltTilt=1.02 odeTilt=1.08 upDelta=0.12 wBody=(0.02,0.00,0.00) |w|=0.02 grounded=0
INFO 2026-07-27 15:26:41.067 testharness - Scenario started
INFO 2026-07-27 15:26:41.088 joltshadow - docs §70.1: slipdense (player) f=636 w=0 grounded=0 kappa=0.000 fnGround=0 omega=1.69 | ftGround=0N target=29.1 limit=149Nm motorNm=149 tyreNm=0 inertia=1.78 limRot=0/0/0 omegaPre=0.94 posN=-0/6/0 susp=0.0004 springN=-10
INFO 2026-07-27 15:26:41.088 joltshadow - docs §70.1: slipdense (player) f=636 w=1 grounded=0 kappa=0.000 fnGround=0 omega=1.69 | ftGround=0N target=29.1 limit=149Nm motorNm=149 tyreNm=0 inertia=1.78 limRot=0/0/0 omegaPre=0.94 posN=-0/6/0 susp=0.0006 springN=-10
INFO 2026-07-27 15:26:41.089 joltshadow - docs §70.1: slipdense (player) f=636 w=2 grounded=0 kappa=0.000 fnGround=0 omega=1.66 | ftGround=0N target=29.1 limit=149Nm motorNm=149 tyreNm=0 inertia=1.82 limRot=0/-0/-0 omegaPre=0.92 posN=0/6/0 susp=-0.0004 springN=6
INFO 2026-07-27 15:26:41.089 joltshadow - docs §70.1: slipdense (player) f=636 w=3 grounded=0 kappa=0.000 fnGround=0 omega=1.66 | ftGround=0N target=29.1 limit=149Nm motorNm=149 tyreNm=0 inertia=1.82 limRot=0/-0/-0 omegaPre=0.92 posN=0/6/0 susp=-0.0003 springN=6
INFO 2026-07-27 15:26:41.089 joltshadow - docs §78: attdense (player) f=636 joltTilt=0.98 odeTilt=1.08 upDelta=0.14 wBody=(0.01,0.00,0.00) |w|=0.01 grounded=0
INFO 2026-07-27 15:26:41.089 joltshadow - docs §82: resync (player) #16 dt=0.51s upMax=0.437 deg posMax=1.117 m odeTiltPath=0.014 deg gain=-1.0000
INFO 2026-07-27 15:26:41.089 joltshadow - docs §87: resync landing (player) w=0 pre=0.5118 post=-0.0095 m R=0.629 dY=-1.1101 dRotDeg=0.13 |corr|=1.1138 m
INFO 2026-07-27 15:26:41.089 joltshadow - docs §87: resync landing (player) w=1 pre=0.5081 post=-0.0091 m R=0.629 dY=-1.1101 dRotDeg=0.13 |corr|=1.1138 m
INFO 2026-07-27 15:26:41.089 joltshadow - docs §87: resync landing (player) w=2 pre=0.4408 post=-0.0096 m R=0.635 dY=-1.1101 dRotDeg=0.13 |corr|=1.1138 m
INFO 2026-07-27 15:26:41.090 joltshadow - docs §87: resync landing (player) w=3 pre=0.4368 post=-0.0092 m R=0.635 dY=-1.1101 dRotDeg=0.13 |corr|=1.1138 m
INFO 2026-07-27 15:26:41.090 joltshadow - docs §82: resync RESIDUAL (player) #16 pos=0.0000 m up=0.0000 deg
INFO 2026-07-27 15:26:41.132 joltshadow - docs §70.1: slipdense (player) f=640 w=0 grounded=1 kappa=0.276 fnGround=1200 omega=1.12 | ftGround=210N target=29.1 limit=149Nm motorNm=149 tyreNm=-124 inertia=1.78 limRot=0/-1/0 omegaPre=0.97 posN=-0/-164/0 susp=-0.4332 springN=1459
INFO 2026-07-27 15:26:41.132 joltshadow - docs §70.1: slipdense (player) f=640 w=1 grounded=1 kappa=0.276 fnGround=1200 omega=1.12 | ftGround=210N target=29.1 limit=149Nm motorNm=149 tyreNm=-124 inertia=1.78 limRot=0/-1/0 omegaPre=0.97 posN=-0/-163/0 susp=-0.4327 springN=1460
INFO 2026-07-27 15:26:41.133 joltshadow - docs §70.1: slipdense (player) f=640 w=2 grounded=1 kappa=0.294 fnGround=1200 omega=1.11 | ftGround=221N target=29.1 limit=149Nm motorNm=149 tyreNm=-129 inertia=1.82 limRot=0/-2/-0 omegaPre=1.00 posN=-2/-195/0 susp=-0.5082 springN=2219
INFO 2026-07-27 15:26:41.133 joltshadow - docs §70.1: slipdense (player) f=640 w=3 grounded=1 kappa=0.294 fnGround=1200 omega=1.11 | ftGround=221N target=29.1 limit=149Nm motorNm=149 tyreNm=-129 inertia=1.82 limRot=0/-2/-0 omegaPre=0.99 posN=-2/-195/0 susp=-0.5078 springN=2220
INFO 2026-07-27 15:26:41.133 joltshadow - docs §78: attdense (player) f=640 joltTilt=1.15 odeTilt=1.08 upDelta=0.06 wBody=(-0.25,0.00,-0.00) |w|=0.25 grounded=4
INFO 2026-07-27 15:26:41.175 joltshadow - docs §70.1: slipdense (player) f=644 w=0 grounded=1 kappa=0.173 fnGround=538 omega=1.56 | ftGround=226N target=29.1 limit=149Nm motorNm=149 tyreNm=-136 inertia=1.78 limRot=0/-2/0 omegaPre=1.52 posN=-3/-186/0 susp=-0.2516 springN=257
INFO 2026-07-27 15:26:41.175 joltshadow - docs §70.1: slipdense (player) f=644 w=1 grounded=1 kappa=0.173 fnGround=533 omega=1.56 | ftGround=226N target=29.1 limit=149Nm motorNm=149 tyreNm=-137 inertia=1.78 limRot=0/-2/0 omegaPre=1.51 posN=-3/-186/0 susp=-0.2500 springN=253
INFO 2026-07-27 15:26:41.175 joltshadow - docs §70.1: slipdense (player) f=644 w=2 grounded=1 kappa=0.170 fnGround=1199 omega=1.55 | ftGround=219N target=29.1 limit=149Nm motorNm=149 tyreNm=-130 inertia=1.82 limRot=0/-2/0 omegaPre=1.48 posN=-5/-198/0 susp=-0.3718 springN=1074
INFO 2026-07-27 15:26:41.175 joltshadow - docs §70.1: slipdense (player) f=644 w=3 grounded=1 kappa=0.170 fnGround=1199 omega=1.55 | ftGround=219N target=29.1 limit=149Nm motorNm=149 tyreNm=-130 inertia=1.82 limRot=0/-2/0 omegaPre=1.48 posN=-5/-198/0 susp=-0.3698 springN=1068
INFO 2026-07-27 15:26:41.175 joltshadow - docs §78: attdense (player) f=644 joltTilt=1.77 odeTilt=1.09 upDelta=0.68 wBody=(-0.23,0.00,-0.01) |w|=0.23 grounded=4
INFO 2026-07-27 15:26:41.216 joltshadow - docs §70.1: slipdense (player) f=648 w=0 grounded=0 kappa=0.000 fnGround=0 omega=4.00 | ftGround=0N target=29.1 limit=149Nm motorNm=149 tyreNm=0 inertia=1.78 limRot=0/0/0 omegaPre=3.08 posN=0/11/0 susp=-0.0937 springN=-358
INFO 2026-07-27 15:26:41.217 joltshadow - docs §70.1: slipdense (player) f=648 w=1 grounded=0 kappa=0.000 fnGround=0 omega=4.04 | ftGround=0N target=29.1 limit=149Nm motorNm=149 tyreNm=0 inertia=1.78 limRot=0/0/0 omegaPre=3.12 posN=0/11/0 susp=-0.0954 springN=-351
INFO 2026-07-27 15:26:41.217 joltshadow - docs §70.1: slipdense (player) f=648 w=2 grounded=1 kappa=0.166 fnGround=550 omega=1.71 | ftGround=245N target=29.1 limit=149Nm motorNm=149 tyreNm=-150 inertia=1.82 limRot=0/0/-0 omegaPre=1.73 posN=0/-251/0 susp=-0.2181 springN=324
INFO 2026-07-27 15:26:41.217 joltshadow - docs §70.1: slipdense (player) f=648 w=3 grounded=1 kappa=0.166 fnGround=557 omega=1.70 | ftGround=245N target=29.1 limit=149Nm motorNm=149 tyreNm=-150 inertia=1.82 limRot=0/0/-0 omegaPre=1.73 posN=0/-251/0 susp=-0.2200 springN=335
INFO 2026-07-27 15:26:41.217 joltshadow - docs §78: attdense (player) f=648 joltTilt=2.20 odeTilt=1.09 upDelta=1.12 wBody=(-0.13,0.00,-0.00) |w|=0.13 grounded=2
INFO 2026-07-27 15:26:41.255 joltshadow - docs §70.1: slipdense (player) f=652 w=0 grounded=0 kappa=0.000 fnGround=0 omega=7.26 | ftGround=0N target=29.1 limit=149Nm motorNm=149 tyreNm=0 inertia=1.78 limRot=0/0/0 omegaPre=6.51 posN=1/-2/0 susp=-0.0132 springN=-284
INFO 2026-07-27 15:26:41.255 joltshadow - docs §70.1: slipdense (player) f=652 w=1 grounded=0 kappa=0.000 fnGround=0 omega=7.30 | ftGround=0N target=29.1 limit=149Nm motorNm=149 tyreNm=0 inertia=1.78 limRot=0/0/0 omegaPre=6.55 posN=1/-1/0 susp=-0.0165 springN=-279
INFO 2026-07-27 15:26:41.255 joltshadow - docs §70.1: slipdense (player) f=652 w=2 grounded=0 kappa=0.000 fnGround=0 omega=3.99 | ftGround=0N target=29.1 limit=149Nm motorNm=149 tyreNm=0 inertia=1.82 limRot=0/0/0 omegaPre=3.25 posN=0/0/0 susp=-0.0988 springN=-216
INFO 2026-07-27 15:26:41.255 joltshadow - docs §70.1: slipdense (player) f=652 w=3 grounded=0 kappa=0.000 fnGround=0 omega=3.94 | ftGround=0N target=29.1 limit=149Nm motorNm=149 tyreNm=0 inertia=1.82 limRot=0/0/0 omegaPre=3.20 posN=0/1/0 susp=-0.1028 springN=-207
INFO 2026-07-27 15:26:41.255 joltshadow - docs §78: attdense (player) f=652 joltTilt=2.39 odeTilt=1.09 upDelta=1.31 wBody=(-0.06,-0.00,0.00) |w|=0.06 grounded=0
INFO 2026-07-27 15:26:41.295 joltshadow - docs §70.1: slipdense (player) f=656 w=0 grounded=0 kappa=0.000 fnGround=0 omega=4.00 | ftGround=0N target=-29.1 limit=149Nm motorNm=-149 tyreNm=0 inertia=1.78 limRot=0/0/0 omegaPre=4.92 posN=0/-2/0 susp=0.0085 springN=-87
INFO 2026-07-27 15:26:41.295 joltshadow - docs §70.1: slipdense (player) f=656 w=1 grounded=0 kappa=0.000 fnGround=0 omega=4.04 | ftGround=0N target=-29.1 limit=149Nm motorNm=-149 tyreNm=0 inertia=1.78 limRot=0/0/0 omegaPre=4.96 posN=0/-2/0 susp=0.0052 springN=-87
INFO 2026-07-27 15:26:41.295 joltshadow - docs §70.1: slipdense (player) f=656 w=2 grounded=0 kappa=0.000 fnGround=0 omega=0.79 | ftGround=0N target=-29.1 limit=149Nm motorNm=-149 tyreNm=0 inertia=1.82 limRot=0/0/0 omegaPre=1.69 posN=0/-2/0 susp=-0.0211 springN=-264
INFO 2026-07-27 15:26:41.295 joltshadow - docs §70.1: slipdense (player) f=656 w=3 grounded=0 kappa=0.000 fnGround=0 omega=0.74 | ftGround=0N target=-29.1 limit=149Nm motorNm=-149 tyreNm=0 inertia=1.82 limRot=0/0/0 omegaPre=1.64 posN=0/-1/0 susp=-0.0252 springN=-262
INFO 2026-07-27 15:26:41.295 joltshadow - docs §78: attdense (player) f=656 joltTilt=2.48 odeTilt=1.08 upDelta=1.40 wBody=(-0.03,-0.00,0.00) |w|=0.03 grounded=0
INFO 2026-07-27 15:26:41.332 joltshadow - docs §70.1: slipdense (player) f=660 w=0 grounded=0 kappa=0.000 fnGround=0 omega=0.90 | ftGround=0N target=-29.1 limit=149Nm motorNm=-149 tyreNm=0 inertia=1.78 limRot=0/0/0 omegaPre=1.66 posN=-0/-1/0 susp=0.0069 springN=4
INFO 2026-07-27 15:26:41.332 joltshadow - docs §70.1: slipdense (player) f=660 w=1 grounded=0 kappa=0.000 fnGround=0 omega=0.94 | ftGround=0N target=-29.1 limit=149Nm motorNm=-149 tyreNm=0 inertia=1.78 limRot=0/-0/0 omegaPre=1.69 posN=-0/-1/0 susp=0.0043 springN=2
INFO 2026-07-27 15:26:41.332 joltshadow - docs §70.1: slipdense (player) f=660 w=2 grounded=0 kappa=0.000 fnGround=0 omega=-2.25 | ftGround=0N target=-29.1 limit=149Nm motorNm=-149 tyreNm=0 inertia=1.82 limRot=0/-0/-0 omegaPre=-1.51 posN=-0/-1/0 susp=0.0069 springN=-145
INFO 2026-07-27 15:26:41.332 joltshadow - docs §70.1: slipdense (player) f=660 w=3 grounded=0 kappa=0.000 fnGround=0 omega=-2.30 | ftGround=0N target=-29.1 limit=149Nm motorNm=-149 tyreNm=0 inertia=1.82 limRot=0/-0/-0 omegaPre=-1.56 posN=-0/-1/0 susp=0.0039 springN=-148
INFO 2026-07-27 15:26:41.332 joltshadow - docs §78: attdense (player) f=660 joltTilt=2.55 odeTilt=1.08 upDelta=1.47 wBody=(-0.03,-0.00,0.00) |w|=0.03 grounded=0
INFO 2026-07-27 15:26:41.332 joltshadow - Shadow divergence (player): pos=2.108m vel=2.501m/s angle=1.5deg (jolt com=[4668.5 260.1 1251.8] ode com=[4668.5 258.0 1251.5])
INFO 2026-07-27 15:26:41.332 joltshadow - docs §23.6: driver input (player) realThrottle=-10.00 brake=0.01 handBrake=0 steerRad=0.000
INFO 2026-07-27 15:26:41.332 joltshadow - docs §32: Jolt SHADOW chassis pitch (player) forward=(-0.222, 0.044, -0.974)
INFO 2026-07-27 15:26:41.332 joltshadow - docs §69: tilt (player) jolt=2.5 deg ode=1.1 deg delta=+1.5 deg upDelta=1.47 deg
INFO 2026-07-27 15:26:41.332 joltshadow - docs §32.4: Jolt SHADOW chassis lowest corner (player) = (4667.76,258.61,1255.14) clearanceToGround=0.608
INFO 2026-07-27 15:26:41.332 joltshadow - docs §23.5: wheel state (player) wheel=0 contact=0 suspLen=1.050 (range 0.050-1.050, 0% compressed) angVel=0.00
INFO 2026-07-27 15:26:41.332 joltshadow - docs §38.11: wheel=0 NO contact, worldAxle=(0.975,0.003,-0.222)
INFO 2026-07-27 15:26:41.332 joltshadow - docs §32: no-contact raycast (player) wheel=0 bodyPos=(4668.42,259.35,1251.36) localMPos=(-1.155,0.060,2.270) origin=(4669.05,259.51,1248.89) dir=(-0.007,-0.999,-0.044) normalRayLen=1.679 groundFoundAt=0.000 shortfallBeyondTravel=-1.679 hitBody=8391035 hitLayer=1 hitMotion=2 hitIsSelfChassis=0
INFO 2026-07-27 15:26:41.332 joltshadow - docs §23.5: wheel state (player) wheel=1 contact=0 suspLen=1.050 (range 0.050-1.050, 0% compressed) angVel=0.00
INFO 2026-07-27 15:26:41.332 joltshadow - docs §38.11: wheel=1 NO contact, worldAxle=(0.975,0.003,-0.222)
INFO 2026-07-27 15:26:41.332 joltshadow - docs §32: no-contact raycast (player) wheel=1 bodyPos=(4668.42,259.35,1251.36) localMPos=(1.155,0.059,2.270) origin=(4666.79,259.51,1249.41) dir=(-0.007,-0.999,-0.044) normalRayLen=1.679 groundFoundAt=0.000 shortfallBeyondTravel=-1.679 hitBody=8391035 hitLayer=1 hitMotion=2 hitIsSelfChassis=0
INFO 2026-07-27 15:26:41.332 joltshadow - docs §23.5: wheel state (player) wheel=2 contact=0 suspLen=1.050 (range 0.050-1.050, 0% compressed) angVel=0.00
INFO 2026-07-27 15:26:41.332 joltshadow - docs §38.11: wheel=2 NO contact, worldAxle=(0.975,0.003,-0.222)
INFO 2026-07-27 15:26:41.333 joltshadow - docs §32: no-contact raycast (player) wheel=2 bodyPos=(4668.42,259.35,1251.36) localMPos=(-1.253,0.145,-2.062) origin=(4670.10,259.41,1253.09) dir=(-0.007,-0.999,-0.044) normalRayLen=1.685 groundFoundAt=0.000 shortfallBeyondTravel=-1.685 hitBody=8391035 hitLayer=1 hitMotion=2 hitIsSelfChassis=0
INFO 2026-07-27 15:26:41.333 joltshadow - docs §23.5: wheel state (player) wheel=3 contact=0 suspLen=1.050 (range 0.050-1.050, 0% compressed) angVel=0.00
INFO 2026-07-27 15:26:41.333 joltshadow - docs §38.11: wheel=3 NO contact, worldAxle=(0.975,0.003,-0.222)
INFO 2026-07-27 15:26:41.333 joltshadow - docs §32: no-contact raycast (player) wheel=3 bodyPos=(4668.42,259.35,1251.36) localMPos=(1.253,0.146,-2.062) origin=(4667.66,259.40,1253.65) dir=(-0.007,-0.999,-0.044) normalRayLen=1.685 groundFoundAt=0.000 shortfallBeyondTravel=-1.685 hitBody=8391039 hitLayer=4 hitMotion=2 hitIsSelfChassis=0
INFO 2026-07-27 15:26:41.333 joltshadow - docs §59/63: harvest (player) wheelsWithContact=0 contactPoints=0 overflow=0 (of 4) | maxNormalF=0N bound(k_t*tau)=0N ratio=0.00
INFO 2026-07-27 15:26:41.333 joltshadow - docs §58: wheel body (player) w=0 springF=4N stopF=0N travel=0.0069 (limits -0.5000..0.5000 rel spawn) kSusp=6000 sagPredicted=0.0006 | frameTrav=0.0069..0.0076 frameStopN=0
INFO 2026-07-27 15:26:41.333 joltshadow - docs §66: tyre band (player) w=0 fnGround=0N fnTotal=0N pen=0.00000 penRaw=0.00000 tau=0.01000 pen/tau=0.00 | recs tyre=0 rim=0 survived=0 stale=0 distMax=0.00R
INFO 2026-07-27 15:26:41.333 joltshadow - docs §68: steer (player) w=0 steerable=1 commanded=0.000 rad measured=-0.000 rad err=-0.00 deg steerSign=-1 steerTq=0Nm cap=815Nm sat=0.00
INFO 2026-07-27 15:26:41.333 joltshadow - docs §70: slip (player) w=0 grounded=0 kappa=0.000 fnGround=0N omega=0.90
INFO 2026-07-27 15:26:41.333 joltshadow - docs §67: spin (player) w=0 driven=1 omega=0.90 rad/s surfaceSpeed=0.57 m/s spinSign=+1 motorTq=-149Nm cmdTq=149Nm
INFO 2026-07-27 15:26:41.333 joltshadow - docs §58: wheel body (player) w=1 springF=2N stopF=0N travel=0.0043 (limits -0.5000..0.5000 rel spawn) kSusp=6000 sagPredicted=0.0003 | frameTrav=0.0043..0.0049 frameStopN=0
INFO 2026-07-27 15:26:41.333 joltshadow - docs §66: tyre band (player) w=1 fnGround=0N fnTotal=0N pen=0.00000 penRaw=0.00000 tau=0.01000 pen/tau=0.00 | recs tyre=0 rim=0 survived=0 stale=0 distMax=0.00R
INFO 2026-07-27 15:26:41.333 joltshadow - docs §68: steer (player) w=1 steerable=1 commanded=0.000 rad measured=-0.000 rad err=-0.00 deg steerSign=-1 steerTq=0Nm cap=815Nm sat=0.00
INFO 2026-07-27 15:26:41.333 joltshadow - docs §70: slip (player) w=1 grounded=0 kappa=0.000 fnGround=0N omega=0.94
INFO 2026-07-27 15:26:41.333 joltshadow - docs §67: spin (player) w=1 driven=1 omega=0.94 rad/s surfaceSpeed=0.59 m/s spinSign=+1 motorTq=-149Nm cmdTq=149Nm
INFO 2026-07-27 15:26:41.333 joltshadow - docs §58: wheel body (player) w=2 springF=-145N stopF=0N travel=0.0069 (limits -0.5000..0.5000 rel spawn) kSusp=6000 sagPredicted=-0.0242 | frameTrav=0.0046..0.0069 frameStopN=0
INFO 2026-07-27 15:26:41.333 joltshadow - docs §66: tyre band (player) w=2 fnGround=0N fnTotal=0N pen=0.00000 penRaw=0.00000 tau=0.01000 pen/tau=0.00 | recs tyre=0 rim=0 survived=0 stale=0 distMax=0.00R
INFO 2026-07-27 15:26:41.333 joltshadow - docs §68: steer (player) w=2 steerable=0 commanded=0.000 rad measured=-0.000 rad err=-0.00 deg steerSign=-1 steerTq=0Nm cap=340282346638528859811704183484516925440Nm sat=0.00
INFO 2026-07-27 15:26:41.333 joltshadow - docs §70: slip (player) w=2 grounded=0 kappa=0.000 fnGround=0N omega=-2.25
INFO 2026-07-27 15:26:41.333 joltshadow - docs §67: spin (player) w=2 driven=1 omega=-2.25 rad/s surfaceSpeed=-1.43 m/s spinSign=+1 motorTq=-149Nm cmdTq=149Nm
INFO 2026-07-27 15:26:41.333 joltshadow - docs §58: wheel body (player) w=3 springF=-148N stopF=0N travel=0.0039 (limits -0.5000..0.5000 rel spawn) kSusp=6000 sagPredicted=-0.0246 | frameTrav=0.0013..0.0039 frameStopN=0
INFO 2026-07-27 15:26:41.333 joltshadow - docs §66: tyre band (player) w=3 fnGround=0N fnTotal=0N pen=0.00000 penRaw=0.00000 tau=0.01000 pen/tau=0.00 | recs tyre=0 rim=0 survived=0 stale=0 distMax=0.00R
INFO 2026-07-27 15:26:41.333 joltshadow - docs §68: steer (player) w=3 steerable=0 commanded=0.000 rad measured=-0.000 rad err=-0.00 deg steerSign=-1 steerTq=0Nm cap=340282346638528859811704183484516925440Nm sat=0.00
INFO 2026-07-27 15:26:41.334 joltshadow - docs §70: slip (player) w=3 grounded=0 kappa=0.000 fnGround=0N omega=-2.30
INFO 2026-07-27 15:26:41.334 joltshadow - docs §67: spin (player) w=3 driven=1 omega=-2.30 rad/s surfaceSpeed=-1.46 m/s spinSign=+1 motorTq=-149Nm cmdTq=149Nm
INFO 2026-07-27 15:26:41.334 joltshadow - docs §67: drivetrain (player) gear=0 rpm=331 driveTorque=600Nm perWheel=150Nm driven=4 throttle=-1.00 spin=1 | PRE-STEP brake=0.01 handBrake=0
INFO 2026-07-27 15:26:41.334 joltshadow - docs §66: tyre band SUM (player) fnGroundSum=0N fnTotalSum=0N weight=1295N carried=0.00 | penSum=0.00000 recs tyre=0 rim=0 stale=0
INFO 2026-07-27 15:26:41.334 joltshadow - docs §30: REAL ODE chassis COM (player) body=54AA14C8 = (4668.453, 257.996, 1251.494) forward=(-0.222, 0.019, -0.975)
INFO 2026-07-27 15:26:41.334 joltshadow - docs §33: real ODE chassis geom (player) #1 = class 0 (not a transform) pos=(4668.453,257.996,1251.494) radius=4.500
INFO 2026-07-27 15:26:41.334 joltshadow - docs §33: real ODE chassis geom (player) #2 = transform, inner class=1 pos=(0.000,1.095,-0.495)
INFO 2026-07-27 15:26:41.334 joltshadow - docs §33: real ODE chassis geom (player) #3 = transform, inner class=1 pos=(0.353,3.466,0.718)
INFO 2026-07-27 15:26:41.334 joltshadow - docs §33: real ODE chassis geom (player) #4 = transform, inner class=1 pos=(0.000,1.818,1.842)
INFO 2026-07-27 15:26:41.334 joltshadow - docs §33: real ODE chassis geom (player) #5 = transform, inner class=1 pos=(0.006,1.981,-2.113)
INFO 2026-07-27 15:26:41.334 joltshadow - docs §33: real ODE chassis geom (player) #6 = class 0 (not a transform) pos=(4668.453,257.996,1251.494) radius=30.000
INFO 2026-07-27 15:26:41.334 joltshadow - docs §33: real ODE chassis geom (player) #7 = class 0 (not a transform) pos=(4668.453,257.996,1251.494) radius=6.436
INFO 2026-07-27 15:26:41.334 joltshadow - docs §33: real ODE chassis geom (player) #8 = class 0 (not a transform) pos=(4668.453,257.996,1251.494) radius=200.000
INFO 2026-07-27 15:26:41.334 joltshadow - docs §33: real ODE chassis (player) has 8 total geom(s) directly attached (4 transform(s)) - compare against BuildChassisCompoundShape's own part/geom count in the build log
INFO 2026-07-27 15:26:41.334 joltshadow - docs §28: REAL ODE wheel state (player) wheel=0 displacement=0.0209 range=1.000 (2% compressed, signed) foreAft=2.270 localZ=2.270 cfm=0.002500 erp=0.2500
INFO 2026-07-27 15:26:41.334 joltshadow - docs §28: REAL ODE wheel state (player) wheel=1 displacement=0.0213 range=1.000 (2% compressed, signed) foreAft=2.270 localZ=2.270 cfm=0.002500 erp=0.2500
INFO 2026-07-27 15:26:41.334 joltshadow - docs §28: REAL ODE wheel state (player) wheel=2 displacement=0.0233 range=1.000 (2% compressed, signed) foreAft=-2.062 localZ=-2.062 cfm=0.002500 erp=0.2500
INFO 2026-07-27 15:26:41.334 joltshadow - docs §28: REAL ODE wheel state (player) wheel=3 displacement=0.0229 range=1.000 (2% compressed, signed) foreAft=-2.062 localZ=-2.062 cfm=0.002500 erp=0.2500
INFO 2026-07-27 15:26:41.377 joltshadow - docs §70.1: slipdense (player) f=664 w=0 grounded=0 kappa=0.000 fnGround=0 omega=-2.86 | ftGround=0N target=-29.1 limit=149Nm motorNm=-149 tyreNm=0 inertia=1.78 limRot=0/-0/0 omegaPre=-1.94 posN=-0/-4/0 susp=0.0010 springN=29
INFO 2026-07-27 15:26:41.377 joltshadow - docs §70.1: slipdense (player) f=664 w=1 grounded=0 kappa=0.000 fnGround=0 omega=-2.83 | ftGround=0N target=-29.1 limit=149Nm motorNm=-149 tyreNm=0 inertia=1.78 limRot=0/-0/0 omegaPre=-1.91 posN=-0/-4/0 susp=-0.0007 springN=27
INFO 2026-07-27 15:26:41.377 joltshadow - docs §70.1: slipdense (player) f=664 w=2 grounded=0 kappa=0.000 fnGround=0 omega=-5.94 | ftGround=0N target=-29.1 limit=149Nm motorNm=-149 tyreNm=0 inertia=1.82 limRot=0/-0/-0 omegaPre=-5.04 posN=-0/-4/0 susp=0.0105 springN=-38
INFO 2026-07-27 15:26:41.377 joltshadow - docs §70.1: slipdense (player) f=664 w=3 grounded=0 kappa=0.000 fnGround=0 omega=-5.99 | ftGround=0N target=-29.1 limit=149Nm motorNm=-149 tyreNm=0 inertia=1.82 limRot=0/-0/-0 omegaPre=-5.09 posN=-0/-4/0 susp=0.0086 springN=-41
INFO 2026-07-27 15:26:41.378 joltshadow - docs §78: attdense (player) f=664 joltTilt=2.61 odeTilt=1.08 upDelta=1.54 wBody=(-0.02,-0.00,0.00) |w|=0.02 grounded=0
INFO 2026-07-27 15:26:41.419 joltshadow - docs §70.1: slipdense (player) f=668 w=0 grounded=0 kappa=0.000 fnGround=0 omega=-4.54 | ftGround=0N target=29.1 limit=149Nm motorNm=149 tyreNm=0 inertia=1.78 limRot=0/-0/0 omegaPre=-5.46 posN=-0/8/0 susp=-0.0016 springN=13
INFO 2026-07-27 15:26:41.419 joltshadow - docs §70.1: slipdense (player) f=668 w=1 grounded=0 kappa=0.000 fnGround=0 omega=-4.50 | ftGround=0N target=29.1 limit=149Nm motorNm=149 tyreNm=0 inertia=1.78 limRot=0/-0/0 omegaPre=-5.42 posN=-0/8/0 susp=-0.0025 springN=10
INFO 2026-07-27 15:26:41.419 joltshadow - docs §70.1: slipdense (player) f=668 w=2 grounded=0 kappa=0.000 fnGround=0 omega=-7.58 | ftGround=0N target=29.1 limit=149Nm motorNm=149 tyreNm=0 inertia=1.82 limRot=0/-0/-0 omegaPre=-8.49 posN=-0/8/0 susp=0.0059 springN=5
INFO 2026-07-27 15:26:41.420 joltshadow - docs §70.1: slipdense (player) f=668 w=3 grounded=0 kappa=0.000 fnGround=0 omega=-7.64 | ftGround=0N target=29.1 limit=149Nm motorNm=149 tyreNm=0 inertia=1.82 limRot=0/-0/-0 omegaPre=-8.54 posN=-0/8/0 susp=0.0049 springN=2
INFO 2026-07-27 15:26:41.420 joltshadow - docs §78: attdense (player) f=668 joltTilt=2.63 odeTilt=1.08 upDelta=1.56 wBody=(-0.01,-0.00,0.00) |w|=0.01 grounded=0
INFO 2026-07-27 15:26:41.461 joltshadow - docs §70.1: slipdense (player) f=672 w=0 grounded=0 kappa=0.000 fnGround=0 omega=-1.02 | ftGround=0N target=29.1 limit=149Nm motorNm=149 tyreNm=0 inertia=1.78 limRot=0/-0/0 omegaPre=-1.86 posN=-0/5/0 susp=0.0002 springN=-15
INFO 2026-07-27 15:26:41.461 joltshadow - docs §70.1: slipdense (player) f=672 w=1 grounded=0 kappa=0.000 fnGround=0 omega=-0.98 | ftGround=0N target=29.1 limit=149Nm motorNm=149 tyreNm=0 inertia=1.78 limRot=0/-0/0 omegaPre=-1.82 posN=-0/5/0 susp=-0.0005 springN=-16
INFO 2026-07-27 15:26:41.461 joltshadow - docs §70.1: slipdense (player) f=672 w=2 grounded=0 kappa=0.000 fnGround=0 omega=-4.14 | ftGround=0N target=29.1 limit=149Nm motorNm=149 tyreNm=0 inertia=1.82 limRot=0/-0/-0 omegaPre=-4.96 posN=-0/5/0 susp=0.0011 springN=23
INFO 2026-07-27 15:26:41.461 joltshadow - docs §70.1: slipdense (player) f=672 w=3 grounded=0 kappa=0.000 fnGround=0 omega=-4.19 | ftGround=0N target=29.1 limit=149Nm motorNm=149 tyreNm=0 inertia=1.82 limRot=0/-0/-0 omegaPre=-5.01 posN=-0/5/0 susp=0.0003 springN=22
INFO 2026-07-27 15:26:41.461 joltshadow - docs §78: attdense (player) f=672 joltTilt=2.70 odeTilt=1.08 upDelta=1.63 wBody=(-0.04,-0.00,0.00) |w|=0.04 grounded=0
INFO 2026-07-27 15:26:41.502 joltshadow - docs §70.1: slipdense (player) f=676 w=0 grounded=0 kappa=0.000 fnGround=0 omega=2.49 | ftGround=0N target=29.1 limit=149Nm motorNm=149 tyreNm=0 inertia=1.78 limRot=0/0/0 omegaPre=1.74 posN=0/5/0 susp=0.0023 springN=-20
INFO 2026-07-27 15:26:41.502 joltshadow - docs §70.1: slipdense (player) f=676 w=1 grounded=0 kappa=0.000 fnGround=0 omega=2.53 | ftGround=0N target=29.1 limit=149Nm motorNm=149 tyreNm=0 inertia=1.78 limRot=0/0/0 omegaPre=1.78 posN=0/5/0 susp=0.0011 springN=-19
INFO 2026-07-27 15:26:41.502 joltshadow - docs §70.1: slipdense (player) f=676 w=2 grounded=0 kappa=0.000 fnGround=0 omega=-0.69 | ftGround=0N target=29.1 limit=149Nm motorNm=149 tyreNm=0 inertia=1.82 limRot=0/0/-0 omegaPre=-1.43 posN=0/5/0 susp=-0.0010 springN=18
INFO 2026-07-27 15:26:41.502 joltshadow - docs §70.1: slipdense (player) f=676 w=3 grounded=0 kappa=0.000 fnGround=0 omega=-0.74 | ftGround=0N target=29.1 limit=149Nm motorNm=149 tyreNm=0 inertia=1.82 limRot=0/0/-0 omegaPre=-1.48 posN=0/5/0 susp=-0.0022 springN=19
INFO 2026-07-27 15:26:41.502 joltshadow - docs §78: attdense (player) f=676 joltTilt=2.83 odeTilt=1.09 upDelta=1.75 wBody=(-0.06,-0.00,0.00) |w|=0.06 grounded=0
INFO 2026-07-27 15:26:41.546 joltshadow - docs §70.1: slipdense (player) f=680 w=0 grounded=0 kappa=0.000 fnGround=0 omega=6.09 | ftGround=0N target=29.1 limit=149Nm motorNm=149 tyreNm=0 inertia=1.78 limRot=0/0/0 omegaPre=5.09 posN=0/5/0 susp=0.0033 springN=-18
INFO 2026-07-27 15:26:41.546 joltshadow - docs §70.1: slipdense (player) f=680 w=1 grounded=0 kappa=0.000 fnGround=0 omega=6.13 | ftGround=0N target=29.1 limit=149Nm motorNm=149 tyreNm=0 inertia=1.78 limRot=0/0/0 omegaPre=5.12 posN=0/5/0 susp=0.0015 springN=-16
INFO 2026-07-27 15:26:41.546 joltshadow - docs §70.1: slipdense (player) f=680 w=2 grounded=0 kappa=0.000 fnGround=0 omega=2.84 | ftGround=0N target=29.1 limit=149Nm motorNm=149 tyreNm=0 inertia=1.82 limRot=0/0/0 omegaPre=1.86 posN=0/5/0 susp=-0.0012 springN=13
INFO 2026-07-27 15:26:41.546 joltshadow - docs §70.1: slipdense (player) f=680 w=3 grounded=0 kappa=0.000 fnGround=0 omega=2.79 | ftGround=0N target=29.1 limit=149Nm motorNm=149 tyreNm=0 inertia=1.82 limRot=0/0/0 omegaPre=1.80 posN=0/5/0 susp=-0.0030 springN=14
INFO 2026-07-27 15:26:41.546 joltshadow - docs §78: attdense (player) f=680 joltTilt=3.02 odeTilt=1.09 upDelta=1.95 wBody=(-0.09,-0.00,0.00) |w|=0.09 grounded=0
INFO 2026-07-27 15:26:41.594 joltshadow - docs §70.1: slipdense (player) f=684 w=0 grounded=0 kappa=0.000 fnGround=0 omega=10.11 | ftGround=0N target=29.1 limit=149Nm motorNm=149 tyreNm=0 inertia=1.78 limRot=0/0/0 omegaPre=9.11 posN=0/5/0 susp=0.0038 springN=-17
INFO 2026-07-27 15:26:41.594 joltshadow - docs §70.1: slipdense (player) f=684 w=1 grounded=0 kappa=0.000 fnGround=0 omega=10.15 | ftGround=0N target=29.1 limit=149Nm motorNm=149 tyreNm=0 inertia=1.78 limRot=0/0/0 omegaPre=9.14 posN=0/5/0 susp=0.0012 springN=-14
INFO 2026-07-27 15:26:41.594 joltshadow - docs §70.1: slipdense (player) f=684 w=2 grounded=0 kappa=0.000 fnGround=0 omega=6.78 | ftGround=0N target=29.1 limit=149Nm motorNm=149 tyreNm=0 inertia=1.82 limRot=0/0/0 omegaPre=5.80 posN=0/6/0 susp=-0.0006 springN=9
INFO 2026-07-27 15:26:41.594 joltshadow - docs §70.1: slipdense (player) f=684 w=3 grounded=0 kappa=0.000 fnGround=0 omega=6.73 | ftGround=0N target=29.1 limit=149Nm motorNm=149 tyreNm=0 inertia=1.82 limRot=0/0/0 omegaPre=5.75 posN=0/6/0 susp=-0.0033 springN=12
INFO 2026-07-27 15:26:41.594 joltshadow - docs §78: attdense (player) f=684 joltTilt=3.32 odeTilt=1.09 upDelta=2.24 wBody=(-0.12,-0.00,0.00) |w|=0.12 grounded=0
INFO 2026-07-27 15:26:41.594 joltshadow - docs §82: resync (player) #17 dt=0.51s upMax=2.241 deg posMax=1.198 m odeTiltPath=0.012 deg gain=-1.0000
INFO 2026-07-27 15:26:41.594 joltshadow - docs §87: resync landing (player) w=0 pre=0.6424 post=-0.0095 m R=0.629 dY=-1.1476 dRotDeg=2.24 |corr|=1.1980 m
INFO 2026-07-27 15:26:41.595 joltshadow - docs §87: resync landing (player) w=1 pre=0.6306 post=-0.0091 m R=0.629 dY=-1.1476 dRotDeg=2.24 |corr|=1.1980 m
INFO 2026-07-27 15:26:41.595 joltshadow - docs §87: resync landing (player) w=2 pre=0.3996 post=-0.0097 m R=0.635 dY=-1.1476 dRotDeg=2.24 |corr|=1.1980 m
INFO 2026-07-27 15:26:41.595 joltshadow - docs §87: resync landing (player) w=3 pre=0.3869 post=-0.0092 m R=0.635 dY=-1.1476 dRotDeg=2.24 |corr|=1.1980 m
INFO 2026-07-27 15:26:41.595 joltshadow - docs §82: resync RESIDUAL (player) #17 pos=0.0000 m up=0.0000 deg
INFO 2026-07-27 15:26:41.632 joltshadow - docs §70.1: slipdense (player) f=688 w=0 grounded=1 kappa=0.135 fnGround=1200 omega=1.79 | ftGround=211N target=29.1 limit=149Nm motorNm=149 tyreNm=-123 inertia=1.78 limRot=0/-0/0 omegaPre=1.70 posN=-0/-164/0 susp=-0.4553 springN=1675
INFO 2026-07-27 15:26:41.632 joltshadow - docs §70.1: slipdense (player) f=688 w=1 grounded=1 kappa=0.135 fnGround=1200 omega=1.79 | ftGround=210N target=29.1 limit=149Nm motorNm=149 tyreNm=-123 inertia=1.78 limRot=0/0/0 omegaPre=1.70 posN=-1/-164/0 susp=-0.4562 springN=1683
INFO 2026-07-27 15:26:41.632 joltshadow - docs §70.1: slipdense (player) f=688 w=2 grounded=1 kappa=0.149 fnGround=1200 omega=1.81 | ftGround=228N target=29.1 limit=149Nm motorNm=149 tyreNm=-131 inertia=1.82 limRot=0/-4/-0 omegaPre=1.75 posN=-5/-201/0 susp=-0.5198 springN=2417
INFO 2026-07-27 15:26:41.632 joltshadow - docs §70.1: slipdense (player) f=688 w=3 grounded=1 kappa=0.149 fnGround=1199 omega=1.81 | ftGround=227N target=29.1 limit=149Nm motorNm=149 tyreNm=-130 inertia=1.82 limRot=0/-4/-0 omegaPre=1.75 posN=-5/-201/0 susp=-0.5205 springN=2424
INFO 2026-07-27 15:26:41.632 joltshadow - docs §78: attdense (player) f=688 joltTilt=1.11 odeTilt=1.09 upDelta=0.03 wBody=(-0.28,0.00,-0.00) |w|=0.28 grounded=4
INFO 2026-07-27 15:26:41.674 joltshadow - docs §70.1: slipdense (player) f=692 w=0 grounded=1 kappa=-0.170 fnGround=753 omega=1.20 | ftGround=-207N target=-29.1 limit=149Nm motorNm=-149 tyreNm=127 inertia=1.78 limRot=0/1/0 omegaPre=1.31 posN=0/129/0 susp=-0.2858 springN=484
INFO 2026-07-27 15:26:41.674 joltshadow - docs §70.1: slipdense (player) f=692 w=1 grounded=1 kappa=-0.170 fnGround=763 omega=1.20 | ftGround=-207N target=-29.1 limit=149Nm motorNm=-149 tyreNm=127 inertia=1.78 limRot=0/0/0 omegaPre=1.31 posN=1/129/0 susp=-0.2881 springN=496
INFO 2026-07-27 15:26:41.674 joltshadow - docs §70.1: slipdense (player) f=692 w=2 grounded=1 kappa=-0.176 fnGround=1199 omega=1.18 | ftGround=-211N target=-29.1 limit=149Nm motorNm=-149 tyreNm=131 inertia=1.82 limRot=0/-0/0 omegaPre=1.27 posN=0/120/0 susp=-0.4050 springN=1291
INFO 2026-07-27 15:26:41.674 joltshadow - docs §70.1: slipdense (player) f=692 w=3 grounded=1 kappa=-0.177 fnGround=1199 omega=1.17 | ftGround=-211N target=-29.1 limit=149Nm motorNm=-149 tyreNm=131 inertia=1.82 limRot=0/0/0 omegaPre=1.27 posN=0/120/0 susp=-0.4078 springN=1308
INFO 2026-07-27 15:26:41.674 joltshadow - docs §78: attdense (player) f=692 joltTilt=1.69 odeTilt=1.09 upDelta=0.61 wBody=(-0.19,0.00,-0.00) |w|=0.19 grounded=4
INFO 2026-07-27 15:26:41.718 joltshadow - docs §70.1: slipdense (player) f=696 w=0 grounded=0 kappa=0.000 fnGround=0 omega=-0.92 | ftGround=0N target=-29.1 limit=149Nm motorNm=-149 tyreNm=0 inertia=1.78 limRot=0/-0/0 omegaPre=0.00 posN=0/-57/0 susp=-0.1224 springN=-236
INFO 2026-07-27 15:26:41.718 joltshadow - docs §70.1: slipdense (player) f=696 w=1 grounded=0 kappa=0.000 fnGround=0 omega=-0.85 | ftGround=0N target=-29.1 limit=149Nm motorNm=-149 tyreNm=0 inertia=1.78 limRot=0/-0/0 omegaPre=0.07 posN=0/-57/0 susp=-0.1268 springN=-224
INFO 2026-07-27 15:26:41.719 joltshadow - docs §70.1: slipdense (player) f=696 w=2 grounded=1 kappa=-0.213 fnGround=574 omega=0.73 | ftGround=-207N target=-29.1 limit=149Nm motorNm=-149 tyreNm=129 inertia=1.82 limRot=0/4/0 omegaPre=0.85 posN=6/136/0 susp=-0.2353 springN=342
INFO 2026-07-27 15:26:41.719 joltshadow - docs §70.1: slipdense (player) f=696 w=3 grounded=1 kappa=-0.213 fnGround=595 omega=0.73 | ftGround=-207N target=-29.1 limit=149Nm motorNm=-149 tyreNm=129 inertia=1.82 limRot=0/4/0 omegaPre=0.85 posN=6/135/0 susp=-0.2405 springN=363
INFO 2026-07-27 15:26:41.719 joltshadow - docs §78: attdense (player) f=696 joltTilt=1.90 odeTilt=1.08 upDelta=0.83 wBody=(0.01,0.00,0.00) |w|=0.01 grounded=2
INFO 2026-07-27 15:26:41.761 joltshadow - docs §70.1: slipdense (player) f=700 w=0 grounded=0 kappa=0.000 fnGround=0 omega=-4.52 | ftGround=0N target=-29.1 limit=149Nm motorNm=-149 tyreNm=0 inertia=1.78 limRot=0/0/0 omegaPre=-3.60 posN=1/-15/0 susp=-0.0263 springN=-248
INFO 2026-07-27 15:26:41.761 joltshadow - docs §70.1: slipdense (player) f=700 w=1 grounded=0 kappa=0.000 fnGround=0 omega=-4.45 | ftGround=0N target=-29.1 limit=149Nm motorNm=-149 tyreNm=0 inertia=1.78 limRot=0/-0/0 omegaPre=-3.53 posN=1/-15/0 susp=-0.0292 springN=-252
INFO 2026-07-27 15:26:41.761 joltshadow - docs §70.1: slipdense (player) f=700 w=2 grounded=0 kappa=0.000 fnGround=0 omega=-1.78 | ftGround=0N target=-29.1 limit=149Nm motorNm=-149 tyreNm=0 inertia=1.82 limRot=0/0/0 omegaPre=-0.88 posN=1/-16/0 susp=-0.0949 springN=-273
INFO 2026-07-27 15:26:41.761 joltshadow - docs §70.1: slipdense (player) f=700 w=3 grounded=0 kappa=0.000 fnGround=0 omega=-1.76 | ftGround=0N target=-29.1 limit=149Nm motorNm=-149 tyreNm=0 inertia=1.82 limRot=0/0/0 omegaPre=-0.86 posN=1/-17/0 susp=-0.1000 springN=-264
INFO 2026-07-27 15:26:41.762 joltshadow - docs §78: attdense (player) f=700 joltTilt=1.69 odeTilt=1.08 upDelta=0.62 wBody=(0.13,0.00,0.01) |w|=0.13 grounded=0
INFO 2026-07-27 15:26:41.803 joltshadow - docs §70.1: slipdense (player) f=704 w=0 grounded=0 kappa=0.000 fnGround=0 omega=-8.03 | ftGround=0N target=-29.1 limit=149Nm motorNm=-149 tyreNm=0 inertia=1.78 limRot=0/-0/0 omegaPre=-7.11 posN=0/-3/0 susp=0.0030 springN=-90
INFO 2026-07-27 15:26:41.803 joltshadow - docs §70.1: slipdense (player) f=704 w=1 grounded=0 kappa=0.000 fnGround=0 omega=-7.97 | ftGround=0N target=-29.1 limit=149Nm motorNm=-149 tyreNm=0 inertia=1.78 limRot=0/-0/0 omegaPre=-7.05 posN=0/-3/0 susp=0.0004 springN=-91
INFO 2026-07-27 15:26:41.803 joltshadow - docs §70.1: slipdense (player) f=704 w=2 grounded=0 kappa=0.000 fnGround=0 omega=-5.23 | ftGround=0N target=-29.1 limit=149Nm motorNm=-149 tyreNm=0 inertia=1.82 limRot=0/0/-0 omegaPre=-4.33 posN=-0/-5/0 susp=-0.0133 springN=-266
INFO 2026-07-27 15:26:41.803 joltshadow - docs §70.1: slipdense (player) f=704 w=3 grounded=0 kappa=0.000 fnGround=0 omega=-5.21 | ftGround=0N target=-29.1 limit=149Nm motorNm=-149 tyreNm=0 inertia=1.82 limRot=0/0/-0 omegaPre=-4.30 posN=-0/-5/0 susp=-0.0176 springN=-266
INFO 2026-07-27 15:26:41.803 joltshadow - docs §78: attdense (player) f=704 joltTilt=1.33 odeTilt=1.08 upDelta=0.30 wBody=(0.16,0.00,0.01) |w|=0.16 grounded=0
INFO 2026-07-27 15:26:41.841 joltshadow - docs §70.1: slipdense (player) f=708 w=0 grounded=0 kappa=0.000 fnGround=0 omega=-4.77 | ftGround=0N target=29.1 limit=149Nm motorNm=149 tyreNm=0 inertia=1.78 limRot=0/-0/0 omegaPre=-5.61 posN=-0/9/0 susp=0.0063 springN=-33
INFO 2026-07-27 15:26:41.841 joltshadow - docs §70.1: slipdense (player) f=708 w=1 grounded=0 kappa=0.000 fnGround=0 omega=-4.70 | ftGround=0N target=29.1 limit=149Nm motorNm=149 tyreNm=0 inertia=1.78 limRot=0/-0/0 omegaPre=-5.54 posN=-0/9/0 susp=0.0046 springN=-36
INFO 2026-07-27 15:26:41.841 joltshadow - docs §70.1: slipdense (player) f=708 w=2 grounded=0 kappa=0.000 fnGround=0 omega=-2.03 | ftGround=0N target=29.1 limit=149Nm motorNm=149 tyreNm=0 inertia=1.82 limRot=0/-0/0 omegaPre=-2.85 posN=-0/9/0 susp=0.0087 springN=-104
INFO 2026-07-27 15:26:41.841 joltshadow - docs §70.1: slipdense (player) f=708 w=3 grounded=0 kappa=0.000 fnGround=0 omega=-2.01 | ftGround=0N target=29.1 limit=149Nm motorNm=149 tyreNm=0 inertia=1.82 limRot=0/-0/0 omegaPre=-2.83 posN=-0/9/0 susp=0.0063 springN=-110
INFO 2026-07-27 15:26:41.841 joltshadow - docs §78: attdense (player) f=708 joltTilt=1.04 odeTilt=1.08 upDelta=0.20 wBody=(0.11,0.00,0.01) |w|=0.11 grounded=0
INFO 2026-07-27 15:26:41.878 joltshadow - docs §70.1: slipdense (player) f=712 w=0 grounded=0 kappa=0.000 fnGround=0 omega=-1.67 | ftGround=0N target=29.1 limit=149Nm motorNm=149 tyreNm=0 inertia=1.78 limRot=0/-0/0 omegaPre=-2.51 posN=-0/7/0 susp=0.0046 springN=-13
INFO 2026-07-27 15:26:41.879 joltshadow - docs §70.1: slipdense (player) f=712 w=1 grounded=0 kappa=0.000 fnGround=0 omega=-1.61 | ftGround=0N target=29.1 limit=149Nm motorNm=149 tyreNm=0 inertia=1.78 limRot=0/-0/0 omegaPre=-2.44 posN=-0/7/0 susp=0.0042 springN=-16
INFO 2026-07-27 15:26:41.879 joltshadow - docs §70.1: slipdense (player) f=712 w=2 grounded=0 kappa=0.000 fnGround=0 omega=1.01 | ftGround=0N target=29.1 limit=149Nm motorNm=149 tyreNm=0 inertia=1.82 limRot=0/-0/-0 omegaPre=0.19 posN=-1/7/0 susp=0.0078 springN=-11
INFO 2026-07-27 15:26:41.879 joltshadow - docs §70.1: slipdense (player) f=712 w=3 grounded=0 kappa=0.000 fnGround=0 omega=1.03 | ftGround=0N target=29.1 limit=149Nm motorNm=149 tyreNm=0 inertia=1.82 limRot=0/-0/-0 omegaPre=0.21 posN=-1/7/0 susp=0.0073 springN=-17
INFO 2026-07-27 15:26:41.879 joltshadow - docs §78: attdense (player) f=712 joltTilt=0.85 odeTilt=1.08 upDelta=0.31 wBody=(0.08,0.00,0.01) |w|=0.08 grounded=0
INFO 2026-07-27 15:26:41.918 joltshadow - docs §70.1: slipdense (player) f=716 w=0 grounded=0 kappa=0.000 fnGround=0 omega=-3.60 | ftGround=0N target=-29.1 limit=149Nm motorNm=-149 tyreNm=0 inertia=1.78 limRot=0/0/0 omegaPre=-2.76 posN=-0/-7/0 susp=0.0021 springN=15
INFO 2026-07-27 15:26:41.918 joltshadow - docs §70.1: slipdense (player) f=716 w=1 grounded=0 kappa=0.000 fnGround=0 omega=-3.53 | ftGround=0N target=-29.1 limit=149Nm motorNm=-149 tyreNm=0 inertia=1.78 limRot=0/0/0 omegaPre=-2.69 posN=-0/-7/0 susp=0.0016 springN=15
INFO 2026-07-27 15:26:41.918 joltshadow - docs §70.1: slipdense (player) f=716 w=2 grounded=0 kappa=0.000 fnGround=0 omega=-0.88 | ftGround=0N target=-29.1 limit=149Nm motorNm=-149 tyreNm=0 inertia=1.82 limRot=0/-0/0 omegaPre=-0.06 posN=-0/-6/0 susp=0.0038 springN=3
INFO 2026-07-27 15:26:41.918 joltshadow - docs §70.1: slipdense (player) f=716 w=3 grounded=0 kappa=0.000 fnGround=0 omega=-0.86 | ftGround=0N target=-29.1 limit=149Nm motorNm=-149 tyreNm=0 inertia=1.82 limRot=0/-0/0 omegaPre=-0.04 posN=-0/-6/0 susp=0.0033 springN=1
INFO 2026-07-27 15:26:41.918 joltshadow - docs §78: attdense (player) f=716 joltTilt=0.67 odeTilt=1.08 upDelta=0.47 wBody=(0.09,0.00,0.01) |w|=0.09 grounded=0
INFO 2026-07-27 15:26:41.961 joltshadow - docs §70.1: slipdense (player) f=720 w=0 grounded=0 kappa=0.000 fnGround=0 omega=-7.11 | ftGround=0N target=-29.1 limit=149Nm motorNm=-149 tyreNm=0 inertia=1.78 limRot=0/0/0 omegaPre=-6.19 posN=1/-6/0 susp=0.0002 springN=19
INFO 2026-07-27 15:26:41.961 joltshadow - docs §70.1: slipdense (player) f=720 w=1 grounded=0 kappa=0.000 fnGround=0 omega=-7.05 | ftGround=0N target=-29.1 limit=149Nm motorNm=-149 tyreNm=0 inertia=1.78 limRot=0/0/0 omegaPre=-6.12 posN=1/-6/0 susp=-0.0027 springN=27
INFO 2026-07-27 15:26:41.961 joltshadow - docs §70.1: slipdense (player) f=720 w=2 grounded=0 kappa=0.000 fnGround=0 omega=-4.33 | ftGround=0N target=-29.1 limit=149Nm motorNm=-149 tyreNm=0 inertia=1.82 limRot=0/0/-0 omegaPre=-3.43 posN=1/-5/0 susp=0.0034 springN=-8
INFO 2026-07-27 15:26:41.961 joltshadow - docs §70.1: slipdense (player) f=720 w=3 grounded=0 kappa=0.000 fnGround=0 omega=-4.30 | ftGround=0N target=-29.1 limit=149Nm motorNm=-149 tyreNm=0 inertia=1.82 limRot=0/0/-0 omegaPre=-3.40 posN=1/-5/0 susp=0.0002 springN=0
INFO 2026-07-27 15:26:41.961 joltshadow - docs §78: attdense (player) f=720 joltTilt=0.45 odeTilt=1.08 upDelta=0.75 wBody=(0.12,0.00,0.01) |w|=0.12 grounded=0
INFO 2026-07-27 15:26:41.961 joltshadow - Shadow divergence (player): pos=2.302m vel=1.265m/s angle=0.7deg (jolt com=[4668.5 260.3 1251.7] ode com=[4668.5 258.0 1251.5])
INFO 2026-07-27 15:26:41.961 joltshadow - docs §23.6: driver input (player) realThrottle=-10.00 brake=0.01 handBrake=0 steerRad=0.000
INFO 2026-07-27 15:26:41.961 joltshadow - docs §32: Jolt SHADOW chassis pitch (player) forward=(-0.223, 0.007, -0.975)
INFO 2026-07-27 15:26:41.961 joltshadow - docs §69: tilt (player) jolt=0.5 deg ode=1.1 deg delta=-0.6 deg upDelta=0.75 deg
INFO 2026-07-27 15:26:41.961 joltshadow - docs §32.4: Jolt SHADOW chassis lowest corner (player) = (4667.74,258.93,1255.14) clearanceToGround=0.927
INFO 2026-07-27 15:26:41.961 joltshadow - docs §23.5: wheel state (player) wheel=0 contact=0 suspLen=1.050 (range 0.050-1.050, 0% compressed) angVel=0.00
INFO 2026-07-27 15:26:41.961 joltshadow - docs §38.11: wheel=0 NO contact, worldAxle=(0.975,0.004,-0.223)
INFO 2026-07-27 15:26:41.961 joltshadow - docs §32: no-contact raycast (player) wheel=0 bodyPos=(4668.40,259.54,1251.33) localMPos=(-1.155,0.060,2.270) origin=(4669.02,259.62,1248.86) dir=(0.003,-1.000,-0.007) normalRayLen=1.679 groundFoundAt=0.000 shortfallBeyondTravel=-1.679 hitBody=8391035 hitLayer=1 hitMotion=2 hitIsSelfChassis=0
INFO 2026-07-27 15:26:41.961 joltshadow - docs §23.5: wheel state (player) wheel=1 contact=0 suspLen=1.050 (range 0.050-1.050, 0% compressed) angVel=0.00
INFO 2026-07-27 15:26:41.961 joltshadow - docs §38.11: wheel=1 NO contact, worldAxle=(0.975,0.004,-0.223)
INFO 2026-07-27 15:26:41.961 joltshadow - docs §32: no-contact raycast (player) wheel=1 bodyPos=(4668.40,259.54,1251.33) localMPos=(1.155,0.059,2.270) origin=(4666.77,259.61,1249.38) dir=(0.003,-1.000,-0.007) normalRayLen=1.679 groundFoundAt=0.000 shortfallBeyondTravel=-1.679 hitBody=8391035 hitLayer=1 hitMotion=2 hitIsSelfChassis=0
INFO 2026-07-27 15:26:41.962 joltshadow - docs §23.5: wheel state (player) wheel=2 contact=0 suspLen=1.050 (range 0.050-1.050, 0% compressed) angVel=0.00
INFO 2026-07-27 15:26:41.962 joltshadow - docs §38.11: wheel=2 NO contact, worldAxle=(0.975,0.004,-0.223)
INFO 2026-07-27 15:26:41.962 joltshadow - docs §32: no-contact raycast (player) wheel=2 bodyPos=(4668.40,259.54,1251.33) localMPos=(-1.253,0.145,-2.062) origin=(4670.08,259.67,1253.06) dir=(0.003,-1.000,-0.007) normalRayLen=1.685 groundFoundAt=0.000 shortfallBeyondTravel=-1.685 hitBody=8391035 hitLayer=1 hitMotion=2 hitIsSelfChassis=0
INFO 2026-07-27 15:26:41.962 joltshadow - docs §23.5: wheel state (player) wheel=3 contact=0 suspLen=1.050 (range 0.050-1.050, 0% compressed) angVel=0.00
INFO 2026-07-27 15:26:41.962 joltshadow - docs §38.11: wheel=3 NO contact, worldAxle=(0.975,0.004,-0.223)
INFO 2026-07-27 15:26:41.962 joltshadow - docs §32: no-contact raycast (player) wheel=3 bodyPos=(4668.40,259.54,1251.33) localMPos=(1.253,0.146,-2.062) origin=(4667.64,259.66,1253.62) dir=(0.003,-1.000,-0.007) normalRayLen=1.685 groundFoundAt=0.000 shortfallBeyondTravel=-1.685 hitBody=8391035 hitLayer=1 hitMotion=2 hitIsSelfChassis=0
INFO 2026-07-27 15:26:41.962 joltshadow - docs §59/63: harvest (player) wheelsWithContact=0 contactPoints=0 overflow=0 (of 4) | maxNormalF=0N bound(k_t*tau)=0N ratio=0.00
INFO 2026-07-27 15:26:41.962 joltshadow - docs §58: wheel body (player) w=0 springF=19N stopF=0N travel=0.0002 (limits -0.5000..0.5000 rel spawn) kSusp=6000 sagPredicted=0.0032 | frameTrav=0.0002..0.0004 frameStopN=0
INFO 2026-07-27 15:26:41.962 joltshadow - docs §66: tyre band (player) w=0 fnGround=0N fnTotal=0N pen=0.00000 penRaw=0.00000 tau=0.01000 pen/tau=0.00 | recs tyre=0 rim=0 survived=0 stale=0 distMax=0.00R
INFO 2026-07-27 15:26:41.962 joltshadow - docs §68: steer (player) w=0 steerable=1 commanded=0.000 rad measured=-0.000 rad err=-0.00 deg steerSign=-1 steerTq=-0Nm cap=815Nm sat=0.00
INFO 2026-07-27 15:26:41.962 joltshadow - docs §70: slip (player) w=0 grounded=0 kappa=0.000 fnGround=0N omega=-7.11
INFO 2026-07-27 15:26:41.962 joltshadow - docs §67: spin (player) w=0 driven=1 omega=-7.11 rad/s surfaceSpeed=-4.48 m/s spinSign=+1 motorTq=-149Nm cmdTq=149Nm
INFO 2026-07-27 15:26:41.962 joltshadow - docs §58: wheel body (player) w=1 springF=27N stopF=0N travel=-0.0027 (limits -0.5000..0.5000 rel spawn) kSusp=6000 sagPredicted=0.0044 | frameTrav=-0.0027..-0.0018 frameStopN=0
INFO 2026-07-27 15:26:41.962 joltshadow - docs §66: tyre band (player) w=1 fnGround=0N fnTotal=0N pen=0.00000 penRaw=0.00000 tau=0.01000 pen/tau=0.00 | recs tyre=0 rim=0 survived=0 stale=0 distMax=0.00R
INFO 2026-07-27 15:26:41.962 joltshadow - docs §68: steer (player) w=1 steerable=1 commanded=0.000 rad measured=-0.000 rad err=-0.00 deg steerSign=-1 steerTq=-0Nm cap=815Nm sat=0.00
INFO 2026-07-27 15:26:41.962 joltshadow - docs §70: slip (player) w=1 grounded=0 kappa=0.000 fnGround=0N omega=-7.05
INFO 2026-07-27 15:26:41.962 joltshadow - docs §67: spin (player) w=1 driven=1 omega=-7.05 rad/s surfaceSpeed=-4.43 m/s spinSign=+1 motorTq=-149Nm cmdTq=149Nm
INFO 2026-07-27 15:26:41.962 joltshadow - docs §58: wheel body (player) w=2 springF=-8N stopF=0N travel=0.0034 (limits -0.5000..0.5000 rel spawn) kSusp=6000 sagPredicted=-0.0013 | frameTrav=0.0031..0.0034 frameStopN=0
INFO 2026-07-27 15:26:41.962 joltshadow - docs §66: tyre band (player) w=2 fnGround=0N fnTotal=0N pen=0.00000 penRaw=0.00000 tau=0.01000 pen/tau=0.00 | recs tyre=0 rim=0 survived=0 stale=0 distMax=0.00R
INFO 2026-07-27 15:26:41.963 joltshadow - docs §68: steer (player) w=2 steerable=0 commanded=0.000 rad measured=-0.000 rad err=-0.00 deg steerSign=-1 steerTq=0Nm cap=340282346638528859811704183484516925440Nm sat=0.00
INFO 2026-07-27 15:26:41.963 joltshadow - docs §70: slip (player) w=2 grounded=0 kappa=0.000 fnGround=0N omega=-4.33
INFO 2026-07-27 15:26:41.963 joltshadow - docs §67: spin (player) w=2 driven=1 omega=-4.33 rad/s surfaceSpeed=-2.75 m/s spinSign=+1 motorTq=-149Nm cmdTq=149Nm
INFO 2026-07-27 15:26:41.963 joltshadow - docs §58: wheel body (player) w=3 springF=0N stopF=0N travel=0.0002 (limits -0.5000..0.5000 rel spawn) kSusp=6000 sagPredicted=0.0001 | frameTrav=0.0002..0.0008 frameStopN=0
INFO 2026-07-27 15:26:41.963 joltshadow - docs §66: tyre band (player) w=3 fnGround=0N fnTotal=0N pen=0.00000 penRaw=0.00000 tau=0.01000 pen/tau=0.00 | recs tyre=0 rim=0 survived=0 stale=0 distMax=0.00R
INFO 2026-07-27 15:26:41.963 joltshadow - docs §68: steer (player) w=3 steerable=0 commanded=0.000 rad measured=0.000 rad err=0.00 deg steerSign=-1 steerTq=0Nm cap=340282346638528859811704183484516925440Nm sat=0.00
INFO 2026-07-27 15:26:41.963 joltshadow - docs §70: slip (player) w=3 grounded=0 kappa=0.000 fnGround=0N omega=-4.30
INFO 2026-07-27 15:26:41.963 joltshadow - docs §67: spin (player) w=3 driven=1 omega=-4.30 rad/s surfaceSpeed=-2.73 m/s spinSign=+1 motorTq=-149Nm cmdTq=149Nm
INFO 2026-07-27 15:26:41.963 joltshadow - docs §67: drivetrain (player) gear=0 rpm=987 driveTorque=600Nm perWheel=150Nm driven=4 throttle=-1.00 spin=1 | PRE-STEP brake=0.01 handBrake=0
INFO 2026-07-27 15:26:41.963 joltshadow - docs §66: tyre band SUM (player) fnGroundSum=0N fnTotalSum=0N weight=1295N carried=0.00 | penSum=0.00000 recs tyre=0 rim=0 stale=0
INFO 2026-07-27 15:26:41.963 joltshadow - docs §30: REAL ODE chassis COM (player) body=54AA14C8 = (4668.453, 257.995, 1251.494) forward=(-0.222, 0.019, -0.975)
INFO 2026-07-27 15:26:41.963 joltshadow - docs §33: real ODE chassis geom (player) #1 = class 0 (not a transform) pos=(4668.453,257.995,1251.494) radius=4.500
INFO 2026-07-27 15:26:41.963 joltshadow - docs §33: real ODE chassis geom (player) #2 = transform, inner class=1 pos=(0.000,1.095,-0.495)
INFO 2026-07-27 15:26:41.963 joltshadow - docs §33: real ODE chassis geom (player) #3 = transform, inner class=1 pos=(0.353,3.466,0.718)
INFO 2026-07-27 15:26:41.963 joltshadow - docs §33: real ODE chassis geom (player) #4 = transform, inner class=1 pos=(0.000,1.818,1.842)
INFO 2026-07-27 15:26:41.963 joltshadow - docs §33: real ODE chassis geom (player) #5 = transform, inner class=1 pos=(0.006,1.981,-2.113)
INFO 2026-07-27 15:26:41.963 joltshadow - docs §33: real ODE chassis geom (player) #6 = class 0 (not a transform) pos=(4668.453,257.995,1251.494) radius=30.000
INFO 2026-07-27 15:26:41.963 joltshadow - docs §33: real ODE chassis geom (player) #7 = class 0 (not a transform) pos=(4668.453,257.995,1251.494) radius=6.436
INFO 2026-07-27 15:26:41.963 joltshadow - docs §33: real ODE chassis geom (player) #8 = class 0 (not a transform) pos=(4668.453,257.995,1251.494) radius=200.000
INFO 2026-07-27 15:26:41.963 joltshadow - docs §33: real ODE chassis (player) has 8 total geom(s) directly attached (4 transform(s)) - compare against BuildChassisCompoundShape's own part/geom count in the build log
INFO 2026-07-27 15:26:41.964 joltshadow - docs §28: REAL ODE wheel state (player) wheel=0 displacement=0.0213 range=1.000 (2% compressed, signed) foreAft=2.270 localZ=2.270 cfm=0.002500 erp=0.2500
INFO 2026-07-27 15:26:41.964 joltshadow - docs §28: REAL ODE wheel state (player) wheel=1 displacement=0.0218 range=1.000 (2% compressed, signed) foreAft=2.270 localZ=2.270 cfm=0.002500 erp=0.2500
INFO 2026-07-27 15:26:41.964 joltshadow - docs §28: REAL ODE wheel state (player) wheel=2 displacement=0.0237 range=1.000 (2% compressed, signed) foreAft=-2.062 localZ=-2.062 cfm=0.002500 erp=0.2500
INFO 2026-07-27 15:26:41.964 joltshadow - docs §28: REAL ODE wheel state (player) wheel=3 displacement=0.0233 range=1.000 (2% compressed, signed) foreAft=-2.062 localZ=-2.062 cfm=0.002500 erp=0.2500
INFO 2026-07-27 15:26:42.006 joltshadow - docs §70.1: slipdense (player) f=724 w=0 grounded=0 kappa=0.000 fnGround=0 omega=-9.29 | ftGround=0N target=29.1 limit=149Nm motorNm=149 tyreNm=0 inertia=1.78 limRot=0/0/0 omegaPre=-10.13 posN=1/7/0 susp=0.0001 springN=6
INFO 2026-07-27 15:26:42.006 joltshadow - docs §70.1: slipdense (player) f=724 w=1 grounded=0 kappa=0.000 fnGround=0 omega=-9.22 | ftGround=0N target=29.1 limit=149Nm motorNm=149 tyreNm=0 inertia=1.78 limRot=0/0/0 omegaPre=-10.06 posN=1/7/0 susp=-0.0053 springN=11
INFO 2026-07-27 15:26:42.006 joltshadow - docs §70.1: slipdense (player) f=724 w=2 grounded=0 kappa=0.000 fnGround=0 omega=-6.46 | ftGround=0N target=29.1 limit=149Nm motorNm=149 tyreNm=0 inertia=1.82 limRot=0/0/-0 omegaPre=-7.28 posN=1/8/0 susp=0.0044 springN=-5
INFO 2026-07-27 15:26:42.006 joltshadow - docs §70.1: slipdense (player) f=724 w=3 grounded=0 kappa=0.000 fnGround=0 omega=-6.44 | ftGround=0N target=29.1 limit=149Nm motorNm=149 tyreNm=0 inertia=1.82 limRot=0/0/-0 omegaPre=-7.26 posN=1/8/0 susp=-0.0015 springN=1
INFO 2026-07-27 15:26:42.006 joltshadow - docs §78: attdense (player) f=724 joltTilt=0.35 odeTilt=1.08 upDelta=1.12 wBody=(0.14,0.00,0.01) |w|=0.14 grounded=0
INFO 2026-07-27 15:26:42.050 joltshadow - docs §70.1: slipdense (player) f=728 w=0 grounded=0 kappa=0.000 fnGround=0 omega=-5.61 | ftGround=0N target=29.1 limit=149Nm motorNm=149 tyreNm=0 inertia=1.78 limRot=0/-0/0 omegaPre=-6.53 posN=-0/5/0 susp=0.0018 springN=-16
INFO 2026-07-27 15:26:42.050 joltshadow - docs §70.1: slipdense (player) f=728 w=1 grounded=0 kappa=0.000 fnGround=0 omega=-5.54 | ftGround=0N target=29.1 limit=149Nm motorNm=149 tyreNm=0 inertia=1.78 limRot=0/-0/0 omegaPre=-6.46 posN=-0/5/0 susp=-0.0021 springN=-21
INFO 2026-07-27 15:26:42.050 joltshadow - docs §70.1: slipdense (player) f=728 w=2 grounded=0 kappa=0.000 fnGround=0 omega=-2.85 | ftGround=0N target=29.1 limit=149Nm motorNm=149 tyreNm=0 inertia=1.82 limRot=0/-0/-0 omegaPre=-3.75 posN=-1/6/0 susp=0.0018 springN=16
INFO 2026-07-27 15:26:42.050 joltshadow - docs §70.1: slipdense (player) f=728 w=3 grounded=0 kappa=0.000 fnGround=0 omega=-2.83 | ftGround=0N target=29.1 limit=149Nm motorNm=149 tyreNm=0 inertia=1.82 limRot=0/-0/-0 omegaPre=-3.73 posN=-1/6/0 susp=-0.0023 springN=11
INFO 2026-07-27 15:26:42.050 joltshadow - docs §78: attdense (player) f=728 joltTilt=0.47 odeTilt=1.08 upDelta=1.42 wBody=(0.10,0.00,0.01) |w|=0.10 grounded=0
INFO 2026-07-27 15:26:42.091 joltshadow - docs §70.1: slipdense (player) f=732 w=0 grounded=0 kappa=0.000 fnGround=0 omega=-2.18 | ftGround=0N target=29.1 limit=149Nm motorNm=149 tyreNm=0 inertia=1.78 limRot=0/-0/0 omegaPre=-3.01 posN=-1/5/0 susp=0.0022 springN=-16
INFO 2026-07-27 15:26:42.091 joltshadow - docs §70.1: slipdense (player) f=732 w=1 grounded=0 kappa=0.000 fnGround=0 omega=-2.11 | ftGround=0N target=29.1 limit=149Nm motorNm=149 tyreNm=0 inertia=1.78 limRot=0/-0/0 omegaPre=-2.94 posN=-1/5/0 susp=0.0016 springN=-26
INFO 2026-07-27 15:26:42.091 joltshadow - docs §70.1: slipdense (player) f=732 w=2 grounded=0 kappa=0.000 fnGround=0 omega=0.51 | ftGround=0N target=29.1 limit=149Nm motorNm=149 tyreNm=0 inertia=1.82 limRot=0/-0/-0 omegaPre=-0.31 posN=-1/5/0 susp=-0.0011 springN=19
INFO 2026-07-27 15:26:42.091 joltshadow - docs §70.1: slipdense (player) f=732 w=3 grounded=0 kappa=0.000 fnGround=0 omega=0.54 | ftGround=0N target=29.1 limit=149Nm motorNm=149 tyreNm=0 inertia=1.82 limRot=0/-0/-0 omegaPre=-0.28 posN=-1/5/0 susp=-0.0018 springN=10
INFO 2026-07-27 15:26:42.091 joltshadow - docs §78: attdense (player) f=732 joltTilt=0.60 odeTilt=1.09 upDelta=1.62 wBody=(0.08,0.00,0.01) |w|=0.08 grounded=0
INFO 2026-07-27 15:26:42.100 joltshadow - docs §82: resync (player) #18 dt=0.51s upMax=1.657 deg posMax=1.130 m odeTiltPath=0.011 deg gain=-1.0000
INFO 2026-07-27 15:26:42.100 joltshadow - docs §87: resync landing (player) w=0 pre=0.4463 post=-0.0095 m R=0.629 dY=-1.1027 dRotDeg=1.66 |corr|=1.1280 m
INFO 2026-07-27 15:26:42.100 joltshadow - docs §87: resync landing (player) w=1 pre=0.4327 post=-0.0091 m R=0.629 dY=-1.1027 dRotDeg=1.66 |corr|=1.1280 m
INFO 2026-07-27 15:26:42.100 joltshadow - docs §87: resync landing (player) w=2 pre=0.4929 post=-0.0097 m R=0.635 dY=-1.1027 dRotDeg=1.66 |corr|=1.1280 m
INFO 2026-07-27 15:26:42.101 joltshadow - docs §87: resync landing (player) w=3 pre=0.4782 post=-0.0092 m R=0.635 dY=-1.1027 dRotDeg=1.66 |corr|=1.1280 m
INFO 2026-07-27 15:26:42.101 joltshadow - docs §82: resync RESIDUAL (player) #18 pos=0.0000 m up=0.0198 deg
INFO 2026-07-27 15:26:42.134 joltshadow - docs §70.1: slipdense (player) f=736 w=0 grounded=1 kappa=0.276 fnGround=1200 omega=0.76 | ftGround=207N target=29.1 limit=149Nm motorNm=149 tyreNm=-123 inertia=1.78 limRot=0/-2/0 omegaPre=0.63 posN=-3/-160/0 susp=-0.4768 springN=1926
INFO 2026-07-27 15:26:42.134 joltshadow - docs §70.1: slipdense (player) f=736 w=1 grounded=1 kappa=0.276 fnGround=1200 omega=0.76 | ftGround=207N target=29.1 limit=149Nm motorNm=149 tyreNm=-123 inertia=1.78 limRot=0/-2/0 omegaPre=0.63 posN=-2/-161/0 susp=-0.4775 springN=1934
INFO 2026-07-27 15:26:42.135 joltshadow - docs §70.1: slipdense (player) f=736 w=2 grounded=1 kappa=0.289 fnGround=1200 omega=0.78 | ftGround=217N target=29.1 limit=149Nm motorNm=149 tyreNm=-125 inertia=1.82 limRot=0/-2/-0 omegaPre=0.65 posN=-2/-184/0 susp=-0.5279 springN=2499
INFO 2026-07-27 15:26:42.135 joltshadow - docs §70.1: slipdense (player) f=736 w=3 grounded=1 kappa=0.290 fnGround=1199 omega=0.78 | ftGround=217N target=29.1 limit=149Nm motorNm=149 tyreNm=-125 inertia=1.82 limRot=0/-2/-0 omegaPre=0.65 posN=-2/-185/0 susp=-0.5284 springN=2506
INFO 2026-07-27 15:26:42.135 joltshadow - docs §78: attdense (player) f=736 joltTilt=1.00 odeTilt=1.09 upDelta=0.09 wBody=(-0.21,0.00,-0.01) |w|=0.21 grounded=4
INFO 2026-07-27 15:26:42.175 joltshadow - docs §70.1: slipdense (player) f=740 w=0 grounded=1 kappa=0.245 fnGround=875 omega=1.28 | ftGround=222N target=29.1 limit=149Nm motorNm=149 tyreNm=-132 inertia=1.78 limRot=0/-0/0 omegaPre=1.16 posN=0/-183/0 susp=-0.3124 springN=573
INFO 2026-07-27 15:26:42.176 joltshadow - docs §70.1: slipdense (player) f=740 w=1 grounded=1 kappa=0.245 fnGround=877 omega=1.28 | ftGround=222N target=29.1 limit=149Nm motorNm=149 tyreNm=-132 inertia=1.78 limRot=0/-0/0 omegaPre=1.16 posN=0/-183/0 susp=-0.3114 springN=573
INFO 2026-07-27 15:26:42.176 joltshadow - docs §70.1: slipdense (player) f=740 w=2 grounded=1 kappa=0.247 fnGround=1200 omega=1.24 | ftGround=217N target=29.1 limit=149Nm motorNm=149 tyreNm=-129 inertia=1.82 limRot=0/-0/0 omegaPre=1.10 posN=-1/-195/0 susp=-0.4236 springN=1443
INFO 2026-07-27 15:26:42.176 joltshadow - docs §70.1: slipdense (player) f=740 w=3 grounded=1 kappa=0.247 fnGround=1200 omega=1.24 | ftGround=216N target=29.1 limit=149Nm motorNm=149 tyreNm=-129 inertia=1.82 limRot=0/-1/-0 omegaPre=1.10 posN=-1/-195/0 susp=-0.4225 springN=1443
INFO 2026-07-27 15:26:42.176 joltshadow - docs §78: attdense (player) f=740 joltTilt=1.54 odeTilt=1.09 upDelta=0.46 wBody=(-0.25,0.00,-0.01) |w|=0.25 grounded=4
INFO 2026-07-27 15:26:42.220 joltshadow - docs §70.1: slipdense (player) f=744 w=0 grounded=0 kappa=0.000 fnGround=0 omega=-0.81 | ftGround=0N target=-29.1 limit=149Nm motorNm=-149 tyreNm=0 inertia=1.78 limRot=0/-0/0 omegaPre=-0.05 posN=0/-55/0 susp=-0.1458 springN=-184
INFO 2026-07-27 15:26:42.220 joltshadow - docs §70.1: slipdense (player) f=744 w=1 grounded=0 kappa=0.000 fnGround=0 omega=-0.81 | ftGround=0N target=-29.1 limit=149Nm motorNm=-149 tyreNm=0 inertia=1.78 limRot=0/-0/0 omegaPre=-0.06 posN=0/-55/0 susp=-0.1424 springN=-190
INFO 2026-07-27 15:26:42.220 joltshadow - docs §70.1: slipdense (player) f=744 w=2 grounded=1 kappa=-0.282 fnGround=701 omega=0.36 | ftGround=-211N target=-29.1 limit=149Nm motorNm=-149 tyreNm=130 inertia=1.82 limRot=0/-2/-0 omegaPre=0.43 posN=-4/139/0 susp=-0.2610 springN=464
INFO 2026-07-27 15:26:42.221 joltshadow - docs §70.1: slipdense (player) f=744 w=3 grounded=1 kappa=-0.282 fnGround=692 omega=0.36 | ftGround=-211N target=-29.1 limit=149Nm motorNm=-149 tyreNm=130 inertia=1.82 limRot=0/-2/-0 omegaPre=0.43 posN=-4/139/0 susp=-0.2572 springN=453
INFO 2026-07-27 15:26:42.221 joltshadow - docs §78: attdense (player) f=744 joltTilt=1.91 odeTilt=1.09 upDelta=0.83 wBody=(-0.06,0.00,-0.01) |w|=0.06 grounded=2
INFO 2026-07-27 15:26:42.262 joltshadow - docs §70.1: slipdense (player) f=748 w=0 grounded=0 kappa=0.000 fnGround=0 omega=-4.41 | ftGround=0N target=-29.1 limit=149Nm motorNm=-149 tyreNm=0 inertia=1.78 limRot=0/-0/0 omegaPre=-3.49 posN=-0/-17/0 susp=-0.0367 springN=-274
INFO 2026-07-27 15:26:42.262 joltshadow - docs §70.1: slipdense (player) f=748 w=1 grounded=0 kappa=0.000 fnGround=0 omega=-4.41 | ftGround=0N target=-29.1 limit=149Nm motorNm=-149 tyreNm=0 inertia=1.78 limRot=0/-0/0 omegaPre=-3.49 posN=-0/-17/0 susp=-0.0343 springN=-273
INFO 2026-07-27 15:26:42.262 joltshadow - docs §70.1: slipdense (player) f=748 w=2 grounded=0 kappa=0.000 fnGround=0 omega=-1.71 | ftGround=0N target=-29.1 limit=149Nm motorNm=-149 tyreNm=0 inertia=1.82 limRot=0/-0/-0 omegaPre=-0.81 posN=-0/-18/0 susp=-0.1169 springN=-220
INFO 2026-07-27 15:26:42.262 joltshadow - docs §70.1: slipdense (player) f=748 w=3 grounded=0 kappa=0.000 fnGround=0 omega=-1.71 | ftGround=0N target=-29.1 limit=149Nm motorNm=-149 tyreNm=0 inertia=1.82 limRot=0/-0/-0 omegaPre=-0.81 posN=-0/-18/0 susp=-0.1134 springN=-225
INFO 2026-07-27 15:26:42.262 joltshadow - docs §78: attdense (player) f=748 joltTilt=1.82 odeTilt=1.08 upDelta=0.74 wBody=(0.09,-0.00,-0.01) |w|=0.09 grounded=0
INFO 2026-07-27 15:26:42.306 joltshadow - docs §70.1: slipdense (player) f=752 w=0 grounded=0 kappa=0.000 fnGround=0 omega=-8.09 | ftGround=0N target=-29.1 limit=149Nm motorNm=-149 tyreNm=0 inertia=1.78 limRot=0/-0/0 omegaPre=-7.25 posN=0/-3/0 susp=0.0002 springN=-104
INFO 2026-07-27 15:26:42.306 joltshadow - docs §70.1: slipdense (player) f=752 w=1 grounded=0 kappa=0.000 fnGround=0 omega=-8.09 | ftGround=0N target=-29.1 limit=149Nm motorNm=-149 tyreNm=0 inertia=1.78 limRot=0/-0/0 omegaPre=-7.25 posN=0/-3/0 susp=0.0023 springN=-103
INFO 2026-07-27 15:26:42.306 joltshadow - docs §70.1: slipdense (player) f=752 w=2 grounded=0 kappa=0.000 fnGround=0 omega=-5.32 | ftGround=0N target=-29.1 limit=149Nm motorNm=-149 tyreNm=0 inertia=1.82 limRot=0/0/0 omegaPre=-4.50 posN=0/-5/0 susp=-0.0224 springN=-278
INFO 2026-07-27 15:26:42.306 joltshadow - docs §70.1: slipdense (player) f=752 w=3 grounded=0 kappa=0.000 fnGround=0 omega=-5.32 | ftGround=0N target=-29.1 limit=149Nm motorNm=-149 tyreNm=0 inertia=1.82 limRot=0/0/0 omegaPre=-4.50 posN=0/-5/0 susp=-0.0193 springN=-278
INFO 2026-07-27 15:26:42.306 joltshadow - docs §78: attdense (player) f=752 joltTilt=1.53 odeTilt=1.08 upDelta=0.46 wBody=(0.13,-0.00,-0.01) |w|=0.13 grounded=0
INFO 2026-07-27 15:26:42.347 joltshadow - docs §70.1: slipdense (player) f=756 w=0 grounded=0 kappa=0.000 fnGround=0 omega=-8.00 | ftGround=0N target=29.1 limit=149Nm motorNm=149 tyreNm=0 inertia=1.78 limRot=0/-1/0 omegaPre=-8.93 posN=-0/10/0 susp=0.0033 springN=-26
INFO 2026-07-27 15:26:42.347 joltshadow - docs §70.1: slipdense (player) f=756 w=1 grounded=0 kappa=0.000 fnGround=0 omega=-8.01 | ftGround=0N target=29.1 limit=149Nm motorNm=149 tyreNm=0 inertia=1.78 limRot=0/-1/0 omegaPre=-8.93 posN=-0/10/0 susp=0.0065 springN=-29
INFO 2026-07-27 15:26:42.347 joltshadow - docs §70.1: slipdense (player) f=756 w=2 grounded=0 kappa=0.000 fnGround=0 omega=-5.24 | ftGround=0N target=29.1 limit=149Nm motorNm=149 tyreNm=0 inertia=1.82 limRot=0/-0/0 omegaPre=-6.14 posN=-0/10/0 susp=0.0056 springN=-119
INFO 2026-07-27 15:26:42.347 joltshadow - docs §70.1: slipdense (player) f=756 w=3 grounded=0 kappa=0.000 fnGround=0 omega=-5.24 | ftGround=0N target=29.1 limit=149Nm motorNm=149 tyreNm=0 inertia=1.82 limRot=0/-0/0 omegaPre=-6.14 posN=-0/10/0 susp=0.0093 springN=-121
INFO 2026-07-27 15:26:42.347 joltshadow - docs §78: attdense (player) f=756 joltTilt=1.26 odeTilt=1.08 upDelta=0.23 wBody=(0.10,-0.00,-0.01) |w|=0.10 grounded=0
INFO 2026-07-27 15:26:42.385 joltshadow - docs §70.1: slipdense (player) f=760 w=0 grounded=0 kappa=0.000 fnGround=0 omega=-4.82 | ftGround=0N target=29.1 limit=149Nm motorNm=149 tyreNm=0 inertia=1.78 limRot=0/-3/0 omegaPre=-5.49 posN=-0/7/0 susp=0.0019 springN=-11
INFO 2026-07-27 15:26:42.385 joltshadow - docs §70.1: slipdense (player) f=760 w=1 grounded=0 kappa=0.000 fnGround=0 omega=-4.83 | ftGround=0N target=29.1 limit=149Nm motorNm=149 tyreNm=0 inertia=1.78 limRot=0/-2/0 omegaPre=-5.50 posN=-0/7/0 susp=0.0059 springN=-15
INFO 2026-07-27 15:26:42.385 joltshadow - docs §70.1: slipdense (player) f=760 w=2 grounded=0 kappa=0.000 fnGround=0 omega=-2.12 | ftGround=0N target=29.1 limit=149Nm motorNm=149 tyreNm=0 inertia=1.82 limRot=0/-0/0 omegaPre=-2.78 posN=-0/7/0 susp=0.0059 springN=-16
INFO 2026-07-27 15:26:42.385 joltshadow - docs §70.1: slipdense (player) f=760 w=3 grounded=0 kappa=0.000 fnGround=0 omega=-2.12 | ftGround=0N target=29.1 limit=149Nm motorNm=149 tyreNm=0 inertia=1.82 limRot=0/-0/0 omegaPre=-2.78 posN=-0/7/0 susp=0.0102 springN=-18
INFO 2026-07-27 15:26:42.385 joltshadow - docs §78: attdense (player) f=760 joltTilt=1.09 odeTilt=1.08 upDelta=0.21 wBody=(0.07,-0.00,-0.01) |w|=0.07 grounded=0
INFO 2026-07-27 15:26:42.424 joltshadow - docs §70.1: slipdense (player) f=764 w=0 grounded=0 kappa=0.000 fnGround=0 omega=-4.66 | ftGround=0N target=-29.1 limit=149Nm motorNm=-149 tyreNm=0 inertia=1.78 limRot=0/-15/0 omegaPre=-3.82 posN=-0/-8/0 susp=0.0004 springN=5
INFO 2026-07-27 15:26:42.424 joltshadow - docs §70.1: slipdense (player) f=764 w=1 grounded=0 kappa=0.000 fnGround=0 omega=-4.66 | ftGround=0N target=-29.1 limit=149Nm motorNm=-149 tyreNm=0 inertia=1.78 limRot=0/-10/0 omegaPre=-3.82 posN=-0/-7/0 susp=0.0040 springN=5
INFO 2026-07-27 15:26:42.424 joltshadow - docs §70.1: slipdense (player) f=764 w=2 grounded=0 kappa=0.000 fnGround=0 omega=-1.95 | ftGround=0N target=-29.1 limit=149Nm motorNm=-149 tyreNm=0 inertia=1.82 limRot=0/0/0 omegaPre=-1.13 posN=0/-7/0 susp=0.0013 springN=9
INFO 2026-07-27 15:26:42.424 joltshadow - docs §70.1: slipdense (player) f=764 w=3 grounded=0 kappa=0.000 fnGround=0 omega=-1.96 | ftGround=0N target=-29.1 limit=149Nm motorNm=-149 tyreNm=0 inertia=1.82 limRot=0/0/0 omegaPre=-1.13 posN=0/-7/0 susp=0.0052 springN=10
INFO 2026-07-27 15:26:42.424 joltshadow - docs §78: attdense (player) f=764 joltTilt=0.96 odeTilt=1.08 upDelta=0.28 wBody=(0.07,-0.00,-0.01) |w|=0.07 grounded=0
INFO 2026-07-27 15:26:42.461 joltshadow - docs §70.1: slipdense (player) f=768 w=0 grounded=0 kappa=0.000 fnGround=0 omega=-7.67 | ftGround=0N target=-29.1 limit=149Nm motorNm=-149 tyreNm=0 inertia=1.78 limRot=0/-62/0 omegaPre=-6.92 posN=-2/-7/0 susp=-0.0019 springN=19
INFO 2026-07-27 15:26:42.461 joltshadow - docs §70.1: slipdense (player) f=768 w=1 grounded=0 kappa=0.000 fnGround=0 omega=-7.67 | ftGround=0N target=-29.1 limit=149Nm motorNm=-149 tyreNm=0 inertia=1.78 limRot=0/-43/0 omegaPre=-6.92 posN=-2/-5/0 susp=0.0018 springN=20
INFO 2026-07-27 15:26:42.461 joltshadow - docs §70.1: slipdense (player) f=768 w=2 grounded=0 kappa=0.000 fnGround=0 omega=-4.91 | ftGround=0N target=-29.1 limit=149Nm motorNm=-149 tyreNm=0 inertia=1.82 limRot=0/-0/0 omegaPre=-4.17 posN=1/-7/0 susp=-0.0007 springN=-0
INFO 2026-07-27 15:26:42.461 joltshadow - docs §70.1: slipdense (player) f=768 w=3 grounded=0 kappa=0.000 fnGround=0 omega=-4.91 | ftGround=0N target=-29.1 limit=149Nm motorNm=-149 tyreNm=0 inertia=1.82 limRot=0/-0/0 omegaPre=-4.17 posN=1/-5/0 susp=0.0033 springN=0
INFO 2026-07-27 15:26:42.461 joltshadow - docs §78: attdense (player) f=768 joltTilt=0.81 odeTilt=1.08 upDelta=0.42 wBody=(0.09,-0.00,-0.01) |w|=0.09 grounded=0
INFO 2026-07-27 15:26:42.505 joltshadow - docs §70.1: slipdense (player) f=772 w=0 grounded=0 kappa=0.000 fnGround=0 omega=-11.34 | ftGround=0N target=-29.1 limit=149Nm motorNm=-149 tyreNm=0 inertia=1.78 limRot=0/-158/0 omegaPre=-10.42 posN=-19/-12/0 susp=-0.0038 springN=17
INFO 2026-07-27 15:26:42.506 joltshadow - docs §70.1: slipdense (player) f=772 w=1 grounded=0 kappa=0.000 fnGround=0 omega=-11.35 | ftGround=0N target=-29.1 limit=149Nm motorNm=-149 tyreNm=0 inertia=1.78 limRot=0/-117/0 omegaPre=-10.43 posN=-19/0/0 susp=0.0002 springN=22
INFO 2026-07-27 15:26:42.506 joltshadow - docs §70.1: slipdense (player) f=772 w=2 grounded=0 kappa=0.000 fnGround=0 omega=-8.52 | ftGround=0N target=-29.1 limit=149Nm motorNm=-149 tyreNm=0 inertia=1.82 limRot=0/-1/1 omegaPre=-7.62 posN=4/-12/0 susp=-0.0012 springN=-10
INFO 2026-07-27 15:26:42.506 joltshadow - docs §70.1: slipdense (player) f=772 w=3 grounded=0 kappa=0.000 fnGround=0 omega=-8.52 | ftGround=0N target=-29.1 limit=149Nm motorNm=-149 tyreNm=0 inertia=1.82 limRot=0/-1/1 omegaPre=-7.62 posN=4/1/0 susp=0.0032 springN=-6
INFO 2026-07-27 15:26:42.506 joltshadow - docs §78: attdense (player) f=772 joltTilt=0.59 odeTilt=1.08 upDelta=0.67 wBody=(0.12,-0.01,-0.02) |w|=0.12 grounded=0
INFO 2026-07-27 15:26:42.543 joltshadow - docs §70.1: slipdense (player) f=776 w=0 grounded=0 kappa=0.000 fnGround=0 omega=-14.45 | ftGround=0N target=-29.1 limit=149Nm motorNm=-149 tyreNm=0 inertia=1.78 limRot=0/-140/-813 omegaPre=-13.62 posN=-32/-13/0 susp=-0.0030 springN=-5
INFO 2026-07-27 15:26:42.543 joltshadow - docs §70.1: slipdense (player) f=776 w=1 grounded=0 kappa=0.000 fnGround=0 omega=-14.45 | ftGround=0N target=-29.1 limit=149Nm motorNm=-149 tyreNm=0 inertia=1.78 limRot=0/197/0 omegaPre=-13.69 posN=-32/5/0 susp=-0.0013 springN=31
INFO 2026-07-27 15:26:42.543 joltshadow - docs §70.1: slipdense (player) f=776 w=2 grounded=0 kappa=0.000 fnGround=0 omega=-11.72 | ftGround=0N target=-29.1 limit=149Nm motorNm=-149 tyreNm=0 inertia=1.82 limRot=0/-2/0 omegaPre=-10.90 posN=1/-13/0 susp=0.0003 springN=-28
INFO 2026-07-27 15:26:42.544 joltshadow - docs §70.1: slipdense (player) f=776 w=3 grounded=0 kappa=0.000 fnGround=0 omega=-11.72 | ftGround=0N target=-29.1 limit=149Nm motorNm=-149 tyreNm=0 inertia=1.82 limRot=0/-2/0 omegaPre=-10.90 posN=1/6/0 susp=0.0020 springN=11
INFO 2026-07-27 15:26:42.544 joltshadow - docs §78: attdense (player) f=776 joltTilt=0.34 odeTilt=1.08 upDelta=0.92 wBody=(0.14,-0.03,-0.09) |w|=0.17 grounded=0
INFO 2026-07-27 15:26:42.584 joltshadow - docs §70.1: slipdense (player) f=780 w=0 grounded=0 kappa=0.000 fnGround=0 omega=-11.02 | ftGround=0N target=29.1 limit=149Nm motorNm=149 tyreNm=0 inertia=1.78 limRot=0/334/-744 omegaPre=-11.77 posN=6/5/0 susp=-0.0017 springN=-10
INFO 2026-07-27 15:26:42.584 joltshadow - docs §70.1: slipdense (player) f=780 w=1 grounded=0 kappa=0.000 fnGround=0 omega=-11.01 | ftGround=0N target=29.1 limit=149Nm motorNm=149 tyreNm=0 inertia=1.78 limRot=0/306/-756 omegaPre=-11.76 posN=6/5/0 susp=0.0013 springN=-20
INFO 2026-07-27 15:26:42.584 joltshadow - docs §70.1: slipdense (player) f=780 w=2 grounded=0 kappa=0.000 fnGround=0 omega=-8.36 | ftGround=0N target=29.1 limit=149Nm motorNm=149 tyreNm=0 inertia=1.82 limRot=0/1/-0 omegaPre=-9.10 posN=7/5/0 susp=-0.0016 springN=15
INFO 2026-07-27 15:26:42.585 joltshadow - docs §70.1: slipdense (player) f=780 w=3 grounded=0 kappa=0.000 fnGround=0 omega=-8.36 | ftGround=0N target=29.1 limit=149Nm motorNm=149 tyreNm=0 inertia=1.82 limRot=0/1/-0 omegaPre=-9.10 posN=7/6/0 susp=0.0018 springN=3
INFO 2026-07-27 15:26:42.585 joltshadow - docs §78: attdense (player) f=780 joltTilt=0.22 odeTilt=1.08 upDelta=1.18 wBody=(0.11,0.00,-0.05) |w|=0.12 grounded=0
INFO 2026-07-27 15:26:42.585 joltshadow - Shadow divergence (player): pos=2.392m vel=0.201m/s angle=1.2deg (jolt com=[4668.5 260.4 1251.8] ode com=[4668.5 258.0 1251.5])
INFO 2026-07-27 15:26:42.585 joltshadow - docs §23.6: driver input (player) realThrottle=10.00 brake=0.01 handBrake=0 steerRad=0.000
INFO 2026-07-27 15:26:42.585 joltshadow - docs §32: Jolt SHADOW chassis pitch (player) forward=(-0.222, -0.001, -0.975)
INFO 2026-07-27 15:26:42.585 joltshadow - docs §69: tilt (player) jolt=0.2 deg ode=1.1 deg delta=-0.9 deg upDelta=1.18 deg
INFO 2026-07-27 15:26:42.585 joltshadow - docs §32.4: Jolt SHADOW chassis lowest corner (player) = (4669.05,259.02,1247.35) clearanceToGround=1.021
INFO 2026-07-27 15:26:42.585 joltshadow - docs §23.5: wheel state (player) wheel=0 contact=0 suspLen=1.050 (range 0.050-1.050, 0% compressed) angVel=0.00
INFO 2026-07-27 15:26:42.585 joltshadow - docs §38.11: wheel=0 NO contact, worldAxle=(0.975,-0.004,-0.222)
INFO 2026-07-27 15:26:42.585 joltshadow - docs §32: no-contact raycast (player) wheel=0 bodyPos=(4668.45,259.61,1251.43) localMPos=(-1.155,0.060,2.270) origin=(4669.08,259.66,1248.96) dir=(-0.003,-1.000,0.002) normalRayLen=1.679 groundFoundAt=0.000 shortfallBeyondTravel=-1.679 hitBody=8391035 hitLayer=1 hitMotion=2 hitIsSelfChassis=0
INFO 2026-07-27 15:26:42.585 joltshadow - docs §23.5: wheel state (player) wheel=1 contact=0 suspLen=1.050 (range 0.050-1.050, 0% compressed) angVel=0.00
INFO 2026-07-27 15:26:42.586 joltshadow - docs §38.11: wheel=1 NO contact, worldAxle=(0.975,-0.004,-0.222)
INFO 2026-07-27 15:26:42.586 joltshadow - docs §32: no-contact raycast (player) wheel=1 bodyPos=(4668.45,259.61,1251.43) localMPos=(1.155,0.059,2.270) origin=(4666.82,259.67,1249.48) dir=(-0.003,-1.000,0.002) normalRayLen=1.679 groundFoundAt=0.000 shortfallBeyondTravel=-1.679 hitBody=8391035 hitLayer=1 hitMotion=2 hitIsSelfChassis=0
INFO 2026-07-27 15:26:42.586 joltshadow - docs §23.5: wheel state (player) wheel=2 contact=0 suspLen=1.050 (range 0.050-1.050, 0% compressed) angVel=0.00
INFO 2026-07-27 15:26:42.586 joltshadow - docs §38.11: wheel=2 NO contact, worldAxle=(0.975,-0.004,-0.222)
INFO 2026-07-27 15:26:42.586 joltshadow - docs §32: no-contact raycast (player) wheel=2 bodyPos=(4668.45,259.61,1251.43) localMPos=(-1.253,0.145,-2.062) origin=(4670.13,259.76,1253.16) dir=(-0.003,-1.000,0.002) normalRayLen=1.685 groundFoundAt=0.000 shortfallBeyondTravel=-1.685 hitBody=8391035 hitLayer=1 hitMotion=2 hitIsSelfChassis=0
INFO 2026-07-27 15:26:42.586 joltshadow - docs §23.5: wheel state (player) wheel=3 contact=0 suspLen=1.050 (range 0.050-1.050, 0% compressed) angVel=0.00
INFO 2026-07-27 15:26:42.586 joltshadow - docs §38.11: wheel=3 NO contact, worldAxle=(0.975,-0.004,-0.222)
INFO 2026-07-27 15:26:42.586 joltshadow - docs §32: no-contact raycast (player) wheel=3 bodyPos=(4668.45,259.61,1251.43) localMPos=(1.253,0.146,-2.062) origin=(4667.69,259.76,1253.72) dir=(-0.003,-1.000,0.002) normalRayLen=1.685 groundFoundAt=0.000 shortfallBeyondTravel=-1.685 hitBody=8391035 hitLayer=1 hitMotion=2 hitIsSelfChassis=0
INFO 2026-07-27 15:26:42.586 joltshadow - docs §59/63: harvest (player) wheelsWithContact=0 contactPoints=0 overflow=0 (of 4) | maxNormalF=0N bound(k_t*tau)=0N ratio=0.00
INFO 2026-07-27 15:26:42.586 joltshadow - docs §58: wheel body (player) w=0 springF=-10N stopF=0N travel=-0.0017 (limits -0.5000..0.5000 rel spawn) kSusp=6000 sagPredicted=-0.0016 | frameTrav=-0.0018..-0.0017 frameStopN=0
INFO 2026-07-27 15:26:42.586 joltshadow - docs §66: tyre band (player) w=0 fnGround=0N fnTotal=0N pen=0.00000 penRaw=0.00000 tau=0.01000 pen/tau=0.00 | recs tyre=0 rim=0 survived=0 stale=0 distMax=0.00R
INFO 2026-07-27 15:26:42.586 joltshadow - docs §68: steer (player) w=0 steerable=1 commanded=0.000 rad measured=0.611 rad err=35.00 deg steerSign=-1 steerTq=815Nm cap=815Nm sat=1.00
INFO 2026-07-27 15:26:42.586 joltshadow - docs §70: slip (player) w=0 grounded=0 kappa=0.000 fnGround=0N omega=-11.02
INFO 2026-07-27 15:26:42.586 joltshadow - docs §67: spin (player) w=0 driven=1 omega=-11.02 rad/s surfaceSpeed=-6.93 m/s spinSign=+1 motorTq=149Nm cmdTq=149Nm
INFO 2026-07-27 15:26:42.586 joltshadow - docs §58: wheel body (player) w=1 springF=-20N stopF=0N travel=0.0013 (limits -0.5000..0.5000 rel spawn) kSusp=6000 sagPredicted=-0.0033 | frameTrav=0.0007..0.0013 frameStopN=0
INFO 2026-07-27 15:26:42.586 joltshadow - docs §66: tyre band (player) w=1 fnGround=0N fnTotal=0N pen=0.00000 penRaw=0.00000 tau=0.01000 pen/tau=0.00 | recs tyre=0 rim=0 survived=0 stale=0 distMax=0.00R
INFO 2026-07-27 15:26:42.586 joltshadow - docs §68: steer (player) w=1 steerable=1 commanded=0.000 rad measured=0.611 rad err=35.01 deg steerSign=-1 steerTq=815Nm cap=815Nm sat=1.00
INFO 2026-07-27 15:26:42.586 joltshadow - docs §70: slip (player) w=1 grounded=0 kappa=0.000 fnGround=0N omega=-11.01
INFO 2026-07-27 15:26:42.586 joltshadow - docs §67: spin (player) w=1 driven=1 omega=-11.01 rad/s surfaceSpeed=-6.93 m/s spinSign=+1 motorTq=149Nm cmdTq=149Nm
INFO 2026-07-27 15:26:42.586 joltshadow - docs §58: wheel body (player) w=2 springF=15N stopF=0N travel=-0.0016 (limits -0.5000..0.5000 rel spawn) kSusp=6000 sagPredicted=0.0025 | frameTrav=-0.0016..-0.0011 frameStopN=0
INFO 2026-07-27 15:26:42.586 joltshadow - docs §66: tyre band (player) w=2 fnGround=0N fnTotal=0N pen=0.00000 penRaw=0.00000 tau=0.01000 pen/tau=0.00 | recs tyre=0 rim=0 survived=0 stale=0 distMax=0.00R
INFO 2026-07-27 15:26:42.586 joltshadow - docs §68: steer (player) w=2 steerable=0 commanded=0.000 rad measured=-0.000 rad err=-0.00 deg steerSign=-1 steerTq=0Nm cap=340282346638528859811704183484516925440Nm sat=0.00
INFO 2026-07-27 15:26:42.587 joltshadow - docs §70: slip (player) w=2 grounded=0 kappa=0.000 fnGround=0N omega=-8.36
INFO 2026-07-27 15:26:42.587 joltshadow - docs §67: spin (player) w=2 driven=1 omega=-8.36 rad/s surfaceSpeed=-5.31 m/s spinSign=+1 motorTq=149Nm cmdTq=149Nm
INFO 2026-07-27 15:26:42.587 joltshadow - docs §58: wheel body (player) w=3 springF=3N stopF=0N travel=0.0018 (limits -0.5000..0.5000 rel spawn) kSusp=6000 sagPredicted=0.0006 | frameTrav=0.0017..0.0018 frameStopN=0
INFO 2026-07-27 15:26:42.587 joltshadow - docs §66: tyre band (player) w=3 fnGround=0N fnTotal=0N pen=0.00000 penRaw=0.00000 tau=0.01000 pen/tau=0.00 | recs tyre=0 rim=0 survived=0 stale=0 distMax=0.00R
INFO 2026-07-27 15:26:42.587 joltshadow - docs §68: steer (player) w=3 steerable=0 commanded=0.000 rad measured=-0.000 rad err=-0.00 deg steerSign=-1 steerTq=0Nm cap=340282346638528859811704183484516925440Nm sat=0.00
INFO 2026-07-27 15:26:42.587 joltshadow - docs §70: slip (player) w=3 grounded=0 kappa=0.000 fnGround=0N omega=-8.36
INFO 2026-07-27 15:26:42.587 joltshadow - docs §67: spin (player) w=3 driven=1 omega=-8.36 rad/s surfaceSpeed=-5.31 m/s spinSign=+1 motorTq=149Nm cmdTq=149Nm
INFO 2026-07-27 15:26:42.587 joltshadow - docs §67: drivetrain (player) gear=0 rpm=2152 driveTorque=600Nm perWheel=150Nm driven=4 throttle=1.00 spin=1 | PRE-STEP brake=0.01 handBrake=0
INFO 2026-07-27 15:26:42.587 joltshadow - docs §66: tyre band SUM (player) fnGroundSum=0N fnTotalSum=0N weight=1295N carried=0.00 | penSum=0.00000 recs tyre=0 rim=0 stale=0
INFO 2026-07-27 15:26:42.587 joltshadow - docs §30: REAL ODE chassis COM (player) body=54AA14C8 = (4668.453, 257.994, 1251.494) forward=(-0.222, 0.019, -0.975)
INFO 2026-07-27 15:26:42.587 joltshadow - docs §33: real ODE chassis geom (player) #1 = class 0 (not a transform) pos=(4668.453,257.994,1251.494) radius=4.500
INFO 2026-07-27 15:26:42.587 joltshadow - docs §33: real ODE chassis geom (player) #2 = transform, inner class=1 pos=(0.000,1.095,-0.495)
INFO 2026-07-27 15:26:42.587 joltshadow - docs §33: real ODE chassis geom (player) #3 = transform, inner class=1 pos=(0.353,3.466,0.718)
INFO 2026-07-27 15:26:42.587 joltshadow - docs §33: real ODE chassis geom (player) #4 = transform, inner class=1 pos=(0.000,1.818,1.842)
INFO 2026-07-27 15:26:42.587 joltshadow - docs §33: real ODE chassis geom (player) #5 = transform, inner class=1 pos=(0.006,1.981,-2.113)
INFO 2026-07-27 15:26:42.587 joltshadow - docs §33: real ODE chassis geom (player) #6 = class 0 (not a transform) pos=(4668.453,257.994,1251.494) radius=30.000
INFO 2026-07-27 15:26:42.587 joltshadow - docs §33: real ODE chassis geom (player) #7 = class 0 (not a transform) pos=(4668.453,257.994,1251.494) radius=6.436
INFO 2026-07-27 15:26:42.587 joltshadow - docs §33: real ODE chassis geom (player) #8 = class 0 (not a transform) pos=(4668.453,257.994,1251.494) radius=200.000
INFO 2026-07-27 15:26:42.587 joltshadow - docs §33: real ODE chassis (player) has 8 total geom(s) directly attached (4 transform(s)) - compare against BuildChassisCompoundShape's own part/geom count in the build log
INFO 2026-07-27 15:26:42.587 joltshadow - docs §28: REAL ODE wheel state (player) wheel=0 displacement=0.0229 range=1.000 (2% compressed, signed) foreAft=2.270 localZ=2.270 cfm=0.002500 erp=0.2500
INFO 2026-07-27 15:26:42.587 joltshadow - docs §28: REAL ODE wheel state (player) wheel=1 displacement=0.0233 range=1.000 (2% compressed, signed) foreAft=2.270 localZ=2.270 cfm=0.002500 erp=0.2500
INFO 2026-07-27 15:26:42.587 joltshadow - docs §28: REAL ODE wheel state (player) wheel=2 displacement=0.0252 range=1.000 (3% compressed, signed) foreAft=-2.062 localZ=-2.062 cfm=0.002500 erp=0.2500
INFO 2026-07-27 15:26:42.587 joltshadow - docs §28: REAL ODE wheel state (player) wheel=3 displacement=0.0248 range=1.000 (2% compressed, signed) foreAft=-2.062 localZ=-2.062 cfm=0.002500 erp=0.2500
INFO 2026-07-27 15:26:42.610 joltshadow - docs §82: resync (player) #19 dt=0.51s upMax=1.321 deg posMax=1.120 m odeTiltPath=0.009 deg gain=-1.0000
INFO 2026-07-27 15:26:42.610 joltshadow - docs §87: resync landing (player) w=0 pre=0.4650 post=-0.0095 m R=0.629 dY=-1.1155 dRotDeg=1.32 |corr|=1.1179 m
INFO 2026-07-27 15:26:42.610 joltshadow - docs §87: resync landing (player) w=1 pre=0.4686 post=-0.0091 m R=0.629 dY=-1.1155 dRotDeg=1.32 |corr|=1.1179 m
INFO 2026-07-27 15:26:42.610 joltshadow - docs §87: resync landing (player) w=2 pre=0.4853 post=-0.0097 m R=0.635 dY=-1.1155 dRotDeg=1.32 |corr|=1.1179 m
INFO 2026-07-27 15:26:42.610 joltshadow - docs §87: resync landing (player) w=3 pre=0.4890 post=-0.0092 m R=0.635 dY=-1.1155 dRotDeg=1.32 |corr|=1.1179 m
INFO 2026-07-27 15:26:42.611 joltshadow - docs §82: resync RESIDUAL (player) #19 pos=0.0000 m up=0.0000 deg
INFO 2026-07-27 15:26:42.633 joltshadow - docs §70.1: slipdense (player) f=784 w=0 grounded=1 kappa=0.269 fnGround=1187 omega=-0.47 | ftGround=179N target=29.1 limit=149Nm motorNm=149 tyreNm=-109 inertia=1.78 limRot=0/2042/0 omegaPre=-0.77 posN=-135/-94/0 susp=-0.5050 springN=2390
INFO 2026-07-27 15:26:42.633 joltshadow - docs §70.1: slipdense (player) f=784 w=1 grounded=1 kappa=0.280 fnGround=1187 omega=-0.28 | ftGround=187N target=29.1 limit=149Nm motorNm=149 tyreNm=-113 inertia=1.78 limRot=0/1843/-2222 omegaPre=-0.95 posN=-295/32/0 susp=-0.5057 springN=2392
INFO 2026-07-27 15:26:42.633 joltshadow - docs §70.1: slipdense (player) f=784 w=2 grounded=1 kappa=0.317 fnGround=1200 omega=-0.36 | ftGround=214N target=29.1 limit=149Nm motorNm=149 tyreNm=-123 inertia=1.82 limRot=0/-7/1 omegaPre=-0.44 posN=46/-206/0 susp=-0.5459 springN=2783
INFO 2026-07-27 15:26:42.633 joltshadow - docs §70.1: slipdense (player) f=784 w=3 grounded=1 kappa=0.339 fnGround=1199 omega=-0.09 | ftGround=229N target=29.1 limit=149Nm motorNm=149 tyreNm=-131 inertia=1.82 limRot=0/-6/1 omegaPre=-0.22 posN=48/-196/0 susp=-0.5465 springN=2783
INFO 2026-07-27 15:26:42.633 joltshadow - docs §78: attdense (player) f=784 joltTilt=0.95 odeTilt=1.08 upDelta=0.14 wBody=(-0.10,-0.06,0.00) |w|=0.12 grounded=4
INFO 2026-07-27 15:26:42.676 joltshadow - docs §70.1: slipdense (player) f=788 w=0 grounded=1 kappa=0.250 fnGround=1135 omega=0.27 | ftGround=203N target=29.1 limit=149Nm motorNm=149 tyreNm=-123 inertia=1.78 limRot=0/2048/-2141 omegaPre=0.11 posN=-124/-89/0 susp=-0.3624 springN=900
INFO 2026-07-27 15:26:42.676 joltshadow - docs §70.1: slipdense (player) f=788 w=1 grounded=1 kappa=0.264 fnGround=1107 omega=0.26 | ftGround=214N target=29.1 limit=149Nm motorNm=149 tyreNm=-130 inertia=1.78 limRot=0/1960/-2229 omegaPre=0.15 posN=-123/-127/0 susp=-0.3578 springN=846
INFO 2026-07-27 15:26:42.676 joltshadow - docs §70.1: slipdense (player) f=788 w=2 grounded=1 kappa=0.256 fnGround=1198 omega=0.21 | ftGround=209N target=29.1 limit=149Nm motorNm=149 tyreNm=-127 inertia=1.82 limRot=0/44/-0 omegaPre=0.09 posN=68/-179/0 susp=-0.4545 springN=1700
INFO 2026-07-27 15:26:42.676 joltshadow - docs §70.1: slipdense (player) f=788 w=3 grounded=1 kappa=0.274 fnGround=1198 omega=0.20 | ftGround=224N target=29.1 limit=149Nm motorNm=149 tyreNm=-136 inertia=1.82 limRot=0/45/-0 omegaPre=0.14 posN=69/-218/0 susp=-0.4492 springN=1628
INFO 2026-07-27 15:26:42.676 joltshadow - docs §78: attdense (player) f=788 joltTilt=1.26 odeTilt=1.09 upDelta=0.20 wBody=(-0.21,0.01,0.06) |w|=0.22 grounded=4
INFO 2026-07-27 15:26:42.721 joltshadow - docs §70.1: slipdense (player) f=792 w=0 grounded=1 kappa=0.333 fnGround=0 omega=1.06 | ftGround=0N target=29.1 limit=149Nm motorNm=149 tyreNm=0 inertia=1.78 limRot=0/653/-717 omegaPre=0.70 posN=-4/20/0 susp=-0.1793 springN=-65
INFO 2026-07-27 15:26:42.721 joltshadow - docs §70.1: slipdense (player) f=792 w=1 grounded=1 kappa=0.664 fnGround=0 omega=1.18 | ftGround=0N target=29.1 limit=149Nm motorNm=149 tyreNm=0 inertia=1.78 limRot=0/524/-624 omegaPre=0.58 posN=-4/17/0 susp=-0.1710 springN=-137
INFO 2026-07-27 15:26:42.721 joltshadow - docs §70.1: slipdense (player) f=792 w=2 grounded=1 kappa=0.339 fnGround=883 omega=0.73 | ftGround=227N target=29.1 limit=149Nm motorNm=149 tyreNm=-138 inertia=1.82 limRot=0/25/1 omegaPre=0.62 posN=29/-232/0 susp=-0.2876 springN=638
INFO 2026-07-27 15:26:42.721 joltshadow - docs §70.1: slipdense (player) f=792 w=3 grounded=1 kappa=0.352 fnGround=804 omega=0.53 | ftGround=237N target=29.1 limit=149Nm motorNm=149 tyreNm=-145 inertia=1.82 limRot=0/24/1 omegaPre=0.46 posN=27/-242/0 susp=-0.2773 springN=558
INFO 2026-07-27 15:26:42.721 joltshadow - docs §78: attdense (player) f=792 joltTilt=1.77 odeTilt=1.09 upDelta=0.72 wBody=(-0.16,0.05,0.06) |w|=0.18 grounded=4
INFO 2026-07-27 15:26:42.768 joltshadow - docs §70.1: slipdense (player) f=796 w=0 grounded=0 kappa=0.000 fnGround=0 omega=4.99 | ftGround=0N target=29.1 limit=149Nm motorNm=149 tyreNm=0 inertia=1.78 limRot=0/458/-675 omegaPre=4.07 posN=4/-8/0 susp=-0.0401 springN=-334
INFO 2026-07-27 15:26:42.768 joltshadow - docs §70.1: slipdense (player) f=796 w=1 grounded=0 kappa=0.000 fnGround=0 omega=5.11 | ftGround=0N target=29.1 limit=149Nm motorNm=149 tyreNm=0 inertia=1.78 limRot=0/426/-695 omegaPre=4.19 posN=4/-8/0 susp=-0.0366 springN=-334
INFO 2026-07-27 15:26:42.768 joltshadow - docs §70.1: slipdense (player) f=796 w=2 grounded=0 kappa=0.000 fnGround=0 omega=1.97 | ftGround=0N target=29.1 limit=149Nm motorNm=149 tyreNm=0 inertia=1.82 limRot=0/0/-0 omegaPre=1.07 posN=5/-5/0 susp=-0.1339 springN=-97
INFO 2026-07-27 15:26:42.768 joltshadow - docs §70.1: slipdense (player) f=796 w=3 grounded=0 kappa=0.000 fnGround=0 omega=2.17 | ftGround=0N target=29.1 limit=149Nm motorNm=149 tyreNm=0 inertia=1.82 limRot=0/0/-0 omegaPre=1.26 posN=5/-5/0 susp=-0.1230 springN=-175
INFO 2026-07-27 15:26:42.769 joltshadow - docs §78: attdense (player) f=796 joltTilt=2.06 odeTilt=1.09 upDelta=1.00 wBody=(-0.06,0.05,0.06) |w|=0.10 grounded=0
INFO 2026-07-27 15:26:42.810 joltshadow - docs §70.1: slipdense (player) f=800 w=0 grounded=0 kappa=0.000 fnGround=0 omega=6.75 | ftGround=0N target=-29.1 limit=149Nm motorNm=-149 tyreNm=0 inertia=1.78 limRot=0/250/-776 omegaPre=7.67 posN=-7/-5/0 susp=0.0048 springN=-151
INFO 2026-07-27 15:26:42.810 joltshadow - docs §70.1: slipdense (player) f=800 w=1 grounded=0 kappa=0.000 fnGround=0 omega=6.87 | ftGround=0N target=-29.1 limit=149Nm motorNm=-149 tyreNm=0 inertia=1.78 limRot=0/210/-787 omegaPre=7.79 posN=-7/-5/0 susp=0.0044 springN=-139
INFO 2026-07-27 15:26:42.810 joltshadow - docs §70.1: slipdense (player) f=800 w=2 grounded=0 kappa=0.000 fnGround=0 omega=3.70 | ftGround=0N target=-29.1 limit=149Nm motorNm=-149 tyreNm=0 inertia=1.82 limRot=0/-1/-0 omegaPre=4.60 posN=-6/-3/0 susp=-0.0348 springN=-264
INFO 2026-07-27 15:26:42.811 joltshadow - docs §70.1: slipdense (player) f=800 w=3 grounded=0 kappa=0.000 fnGround=0 omega=3.89 | ftGround=0N target=-29.1 limit=149Nm motorNm=-149 tyreNm=0 inertia=1.82 limRot=0/-1/-0 omegaPre=4.79 posN=-6/-4/0 susp=-0.0285 springN=-268
INFO 2026-07-27 15:26:42.811 joltshadow - docs §78: attdense (player) f=800 joltTilt=2.22 odeTilt=1.09 upDelta=1.18 wBody=(-0.05,0.05,0.06) |w|=0.10 grounded=0
INFO 2026-07-27 15:26:42.852 joltshadow - docs §70.1: slipdense (player) f=804 w=0 grounded=0 kappa=0.000 fnGround=0 omega=3.32 | ftGround=0N target=-29.1 limit=149Nm motorNm=-149 tyreNm=0 inertia=1.78 limRot=0/81/-811 omegaPre=4.16 posN=-5/-1/0 susp=0.0087 springN=-23
INFO 2026-07-27 15:26:42.852 joltshadow - docs §70.1: slipdense (player) f=804 w=1 grounded=0 kappa=0.000 fnGround=0 omega=3.44 | ftGround=0N target=-29.1 limit=149Nm motorNm=-149 tyreNm=0 inertia=1.78 limRot=0/35/-814 omegaPre=4.28 posN=-5/-2/0 susp=0.0056 springN=-3
INFO 2026-07-27 15:26:42.852 joltshadow - docs §70.1: slipdense (player) f=804 w=2 grounded=0 kappa=0.000 fnGround=0 omega=0.33 | ftGround=0N target=-29.1 limit=149Nm motorNm=-149 tyreNm=0 inertia=1.82 limRot=0/-1/-0 omegaPre=1.15 posN=-5/-1/0 susp=0.0043 springN=-164
INFO 2026-07-27 15:26:42.852 joltshadow - docs §70.1: slipdense (player) f=804 w=3 grounded=0 kappa=0.000 fnGround=0 omega=0.53 | ftGround=0N target=-29.1 limit=149Nm motorNm=-149 tyreNm=0 inertia=1.82 limRot=0/-1/-0 omegaPre=1.35 posN=-5/-1/0 susp=0.0038 springN=-134
INFO 2026-07-27 15:26:42.852 joltshadow - docs §78: attdense (player) f=804 joltTilt=2.35 odeTilt=1.09 upDelta=1.31 wBody=(-0.04,0.05,0.04) |w|=0.08 grounded=0
INFO 2026-07-27 15:26:42.894 joltshadow - docs §70.1: slipdense (player) f=808 w=0 grounded=0 kappa=0.000 fnGround=0 omega=-0.19 | ftGround=0N target=-29.1 limit=149Nm motorNm=-149 tyreNm=0 inertia=1.78 limRot=0/21/-814 omegaPre=0.56 posN=-5/-3/0 susp=0.0032 springN=18
INFO 2026-07-27 15:26:42.894 joltshadow - docs §70.1: slipdense (player) f=808 w=1 grounded=0 kappa=0.000 fnGround=0 omega=-0.08 | ftGround=0N target=-29.1 limit=149Nm motorNm=-149 tyreNm=0 inertia=1.78 limRot=0/-29/-814 omegaPre=0.68 posN=-5/-4/0 susp=0.0003 springN=32
INFO 2026-07-27 15:26:42.894 joltshadow - docs §70.1: slipdense (player) f=808 w=2 grounded=0 kappa=0.000 fnGround=0 omega=-3.12 | ftGround=0N target=-29.1 limit=149Nm motorNm=-149 tyreNm=0 inertia=1.82 limRot=0/-0/0 omegaPre=-2.38 posN=-6/-3/0 susp=0.0108 springN=-58
INFO 2026-07-27 15:26:42.894 joltshadow - docs §70.1: slipdense (player) f=808 w=3 grounded=0 kappa=0.000 fnGround=0 omega=-2.92 | ftGround=0N target=-29.1 limit=149Nm motorNm=-149 tyreNm=0 inertia=1.82 limRot=0/-0/0 omegaPre=-2.18 posN=-6/-3/0 susp=0.0080 springN=-34
INFO 2026-07-27 15:26:42.894 joltshadow - docs §78: attdense (player) f=808 joltTilt=2.45 odeTilt=1.09 upDelta=1.42 wBody=(-0.03,0.05,0.01) |w|=0.06 grounded=0
INFO 2026-07-27 15:26:42.936 joltshadow - docs §70.1: slipdense (player) f=812 w=0 grounded=0 kappa=0.000 fnGround=0 omega=-3.71 | ftGround=0N target=-29.1 limit=149Nm motorNm=-149 tyreNm=0 inertia=1.78 limRot=0/82/-811 omegaPre=-2.96 posN=-6/-5/0 susp=-0.0012 springN=20
INFO 2026-07-27 15:26:42.936 joltshadow - docs §70.1: slipdense (player) f=812 w=1 grounded=0 kappa=0.000 fnGround=0 omega=-3.59 | ftGround=0N target=-29.1 limit=149Nm motorNm=-149 tyreNm=0 inertia=1.78 limRot=0/29/-814 omegaPre=-2.84 posN=-6/-5/0 susp=-0.0020 springN=28
INFO 2026-07-27 15:26:42.936 joltshadow - docs §70.1: slipdense (player) f=812 w=2 grounded=0 kappa=0.000 fnGround=0 omega=-6.56 | ftGround=0N target=-29.1 limit=149Nm motorNm=-149 tyreNm=0 inertia=1.82 limRot=0/-0/0 omegaPre=-5.83 posN=-7/-5/0 susp=0.0066 springN=-13
INFO 2026-07-27 15:26:42.936 joltshadow - docs §70.1: slipdense (player) f=812 w=3 grounded=0 kappa=0.000 fnGround=0 omega=-6.37 | ftGround=0N target=-29.1 limit=149Nm motorNm=-149 tyreNm=0 inertia=1.82 limRot=0/-0/0 omegaPre=-5.63 posN=-7/-5/0 susp=0.0051 springN=1
INFO 2026-07-27 15:26:42.936 joltshadow - docs §78: attdense (player) f=812 joltTilt=2.52 odeTilt=1.08 upDelta=1.49 wBody=(-0.01,0.05,-0.02) |w|=0.06 grounded=0
INFO 2026-07-27 15:26:42.979 joltshadow - docs §70.1: slipdense (player) f=816 w=0 grounded=0 kappa=0.000 fnGround=0 omega=-7.31 | ftGround=0N target=-29.1 limit=149Nm motorNm=-149 tyreNm=0 inertia=1.78 limRot=0/265/0 omegaPre=-6.47 posN=-43/-23/0 susp=-0.0023 springN=11
INFO 2026-07-27 15:26:42.979 joltshadow - docs §70.1: slipdense (player) f=816 w=1 grounded=0 kappa=0.000 fnGround=0 omega=-7.19 | ftGround=0N target=-29.1 limit=149Nm motorNm=-149 tyreNm=0 inertia=1.78 limRot=0/210/0 omegaPre=-6.35 posN=-43/12/0 susp=-0.0028 springN=24
INFO 2026-07-27 15:26:42.979 joltshadow - docs §70.1: slipdense (player) f=816 w=2 grounded=0 kappa=0.000 fnGround=0 omega=-10.09 | ftGround=0N target=-29.1 limit=149Nm motorNm=-149 tyreNm=0 inertia=1.82 limRot=0/0/1 omegaPre=-9.27 posN=24/-25/0 susp=0.0031 springN=-8
INFO 2026-07-27 15:26:42.979 joltshadow - docs §70.1: slipdense (player) f=816 w=3 grounded=0 kappa=0.000 fnGround=0 omega=-9.90 | ftGround=0N target=-29.1 limit=149Nm motorNm=-149 tyreNm=0 inertia=1.82 limRot=0/0/1 omegaPre=-9.08 posN=24/14/0 susp=0.0021 springN=7
INFO 2026-07-27 15:26:42.979 joltshadow - docs §78: attdense (player) f=816 joltTilt=2.51 odeTilt=1.08 upDelta=1.47 wBody=(0.01,0.05,-0.05) |w|=0.07 grounded=0
INFO 2026-07-27 15:26:43.022 joltshadow - docs §70.1: slipdense (player) f=820 w=0 grounded=0 kappa=0.000 fnGround=0 omega=-7.39 | ftGround=0N target=29.1 limit=149Nm motorNm=149 tyreNm=0 inertia=1.78 limRot=0/517/-628 omegaPre=-8.14 posN=7/6/0 susp=-0.0021 springN=-1
INFO 2026-07-27 15:26:43.022 joltshadow - docs §70.1: slipdense (player) f=820 w=1 grounded=0 kappa=0.000 fnGround=0 omega=-7.27 | ftGround=0N target=29.1 limit=149Nm motorNm=149 tyreNm=0 inertia=1.78 limRot=0/466/-666 omegaPre=-8.03 posN=6/6/0 susp=-0.0017 springN=-7
INFO 2026-07-27 15:26:43.022 joltshadow - docs §70.1: slipdense (player) f=820 w=2 grounded=0 kappa=0.000 fnGround=0 omega=-10.18 | ftGround=0N target=29.1 limit=149Nm motorNm=149 tyreNm=0 inertia=1.82 limRot=0/1/-0 omegaPre=-10.92 posN=8/6/0 susp=0.0008 springN=11
INFO 2026-07-27 15:26:43.022 joltshadow - docs §70.1: slipdense (player) f=820 w=3 grounded=0 kappa=0.000 fnGround=0 omega=-9.98 | ftGround=0N target=29.1 limit=149Nm motorNm=149 tyreNm=0 inertia=1.82 limRot=0/1/-0 omegaPre=-10.72 posN=8/6/0 susp=0.0012 springN=4
INFO 2026-07-27 15:26:43.022 joltshadow - docs §78: attdense (player) f=820 joltTilt=2.45 odeTilt=1.08 upDelta=1.40 wBody=(0.01,0.05,-0.05) |w|=0.07 grounded=0
INFO 2026-07-27 15:26:43.064 joltshadow - docs §70.1: slipdense (player) f=824 w=0 grounded=0 kappa=0.000 fnGround=0 omega=-3.79 | ftGround=0N target=29.1 limit=149Nm motorNm=149 tyreNm=0 inertia=1.78 limRot=0/656/-484 omegaPre=-4.88 posN=5/5/0 susp=-0.0005 springN=-10
INFO 2026-07-27 15:26:43.064 joltshadow - docs §70.1: slipdense (player) f=824 w=1 grounded=0 kappa=0.000 fnGround=0 omega=-3.67 | ftGround=0N target=29.1 limit=149Nm motorNm=149 tyreNm=0 inertia=1.78 limRot=0/614/-536 omegaPre=-4.76 posN=5/5/0 susp=0.0017 springN=-27
INFO 2026-07-27 15:26:43.065 joltshadow - docs §70.1: slipdense (player) f=824 w=2 grounded=0 kappa=0.000 fnGround=0 omega=-6.65 | ftGround=0N target=29.1 limit=149Nm motorNm=149 tyreNm=0 inertia=1.82 limRot=0/1/-0 omegaPre=-7.71 posN=6/4/0 susp=-0.0020 springN=24
INFO 2026-07-27 15:26:43.065 joltshadow - docs §70.1: slipdense (player) f=824 w=3 grounded=0 kappa=0.000 fnGround=0 omega=-6.45 | ftGround=0N target=29.1 limit=149Nm motorNm=149 tyreNm=0 inertia=1.82 limRot=0/1/-0 omegaPre=-7.52 posN=6/5/0 susp=0.0005 springN=4
INFO 2026-07-27 15:26:43.065 joltshadow - docs §78: attdense (player) f=824 joltTilt=2.46 odeTilt=1.08 upDelta=1.40 wBody=(-0.02,0.05,-0.02) |w|=0.06 grounded=0
INFO 2026-07-27 15:26:43.107 joltshadow - docs §70.1: slipdense (player) f=828 w=0 grounded=0 kappa=0.000 fnGround=0 omega=-0.28 | ftGround=0N target=29.1 limit=149Nm motorNm=149 tyreNm=0 inertia=1.78 limRot=0/697/-423 omegaPre=-1.28 posN=5/5/0 susp=0.0001 springN=-8
INFO 2026-07-27 15:26:43.107 joltshadow - docs §70.1: slipdense (player) f=828 w=1 grounded=0 kappa=0.000 fnGround=0 omega=-0.16 | ftGround=0N target=29.1 limit=149Nm motorNm=149 tyreNm=0 inertia=1.78 limRot=0/658/-481 omegaPre=-1.16 posN=5/5/0 susp=0.0038 springN=-27
INFO 2026-07-27 15:26:43.107 joltshadow - docs §70.1: slipdense (player) f=828 w=2 grounded=0 kappa=0.000 fnGround=0 omega=-3.20 | ftGround=0N target=29.1 limit=149Nm motorNm=149 tyreNm=0 inertia=1.82 limRot=0/1/0 omegaPre=-4.18 posN=6/5/0 susp=-0.0036 springN=23
INFO 2026-07-27 15:26:43.107 joltshadow - docs §70.1: slipdense (player) f=828 w=3 grounded=0 kappa=0.000 fnGround=0 omega=-3.00 | ftGround=0N target=29.1 limit=149Nm motorNm=149 tyreNm=0 inertia=1.82 limRot=0/1/0 omegaPre=-3.99 posN=6/5/0 susp=0.0004 springN=2
INFO 2026-07-27 15:26:43.107 joltshadow - docs §78: attdense (player) f=828 joltTilt=2.53 odeTilt=1.09 upDelta=1.48 wBody=(-0.04,0.05,0.01) |w|=0.07 grounded=0
INFO 2026-07-27 15:26:43.118 joltshadow - docs §82: resync (player) #20 dt=0.51s upMax=1.511 deg posMax=1.142 m odeTiltPath=0.012 deg gain=-1.0000
INFO 2026-07-27 15:26:43.118 joltshadow - docs §87: resync landing (player) w=0 pre=0.5931 post=-0.0095 m R=0.629 dY=-1.1403 dRotDeg=1.95 |corr|=1.1404 m
INFO 2026-07-27 15:26:43.118 joltshadow - docs §87: resync landing (player) w=1 pre=0.6065 post=-0.0091 m R=0.629 dY=-1.1403 dRotDeg=1.95 |corr|=1.1404 m
INFO 2026-07-27 15:26:43.118 joltshadow - docs §87: resync landing (player) w=2 pre=0.4073 post=-0.0096 m R=0.635 dY=-1.1403 dRotDeg=1.95 |corr|=1.1404 m
INFO 2026-07-27 15:26:43.118 joltshadow - docs §87: resync landing (player) w=3 pre=0.4218 post=-0.0092 m R=0.635 dY=-1.1403 dRotDeg=1.95 |corr|=1.1404 m
INFO 2026-07-27 15:26:43.118 joltshadow - docs §82: resync RESIDUAL (player) #20 pos=0.0000 m up=0.0000 deg
INFO 2026-07-27 15:26:43.146 joltshadow - docs §70.1: slipdense (player) f=832 w=0 grounded=1 kappa=0.140 fnGround=1188 omega=0.67 | ftGround=104N target=29.1 limit=149Nm motorNm=149 tyreNm=-62 inertia=1.78 limRot=0/2462/-1586 omegaPre=0.53 posN=-127/17/0 susp=-0.4925 springN=2149
INFO 2026-07-27 15:26:43.147 joltshadow - docs §70.1: slipdense (player) f=832 w=1 grounded=1 kappa=0.197 fnGround=1187 omega=0.59 | ftGround=146N target=29.1 limit=149Nm motorNm=149 tyreNm=-88 inertia=1.78 limRot=0/2370/-1802 omegaPre=0.49 posN=-74/-89/0 susp=-0.4917 springN=2120
INFO 2026-07-27 15:26:43.147 joltshadow - docs §70.1: slipdense (player) f=832 w=2 grounded=1 kappa=0.255 fnGround=1199 omega=0.63 | ftGround=191N target=29.1 limit=149Nm motorNm=149 tyreNm=-109 inertia=1.82 limRot=0/45/0 omegaPre=0.51 posN=73/-165/0 susp=-0.5372 springN=2653
INFO 2026-07-27 15:26:43.147 joltshadow - docs §70.1: slipdense (player) f=832 w=3 grounded=1 kappa=0.341 fnGround=1200 omega=0.52 | ftGround=256N target=29.1 limit=149Nm motorNm=149 tyreNm=-146 inertia=1.82 limRot=0/42/-0 omegaPre=0.45 posN=69/-247/0 susp=-0.5366 springN=2622
INFO 2026-07-27 15:26:43.147 joltshadow - docs §78: attdense (player) f=832 joltTilt=0.98 odeTilt=1.09 upDelta=0.11 wBody=(-0.18,0.03,0.04) |w|=0.18 grounded=4
INFO 2026-07-27 15:26:43.185 joltshadow - docs §70.1: slipdense (player) f=836 w=0 grounded=1 kappa=-0.246 fnGround=1089 omega=0.63 | ftGround=-210N target=-29.1 limit=149Nm motorNm=-149 tyreNm=129 inertia=1.78 limRot=0/2325/-1684 omegaPre=1.13 posN=-100/230/0 susp=-0.3526 springN=844
INFO 2026-07-27 15:26:43.185 joltshadow - docs §70.1: slipdense (player) f=836 w=1 grounded=1 kappa=-0.262 fnGround=1055 omega=0.41 | ftGround=-212N target=-29.1 limit=149Nm motorNm=-149 tyreNm=130 inertia=1.78 limRot=0/2357/-1884 omegaPre=0.94 posN=144/70/0 susp=-0.3470 springN=798
INFO 2026-07-27 15:26:43.185 joltshadow - docs §70.1: slipdense (player) f=836 w=2 grounded=1 kappa=-0.263 fnGround=1197 omega=0.46 | ftGround=-215N target=-29.1 limit=149Nm motorNm=-149 tyreNm=132 inertia=1.82 limRot=0/11/0 omegaPre=0.97 posN=8/122/0 susp=-0.4545 springN=1681
INFO 2026-07-27 15:26:43.185 joltshadow - docs §70.1: slipdense (player) f=836 w=3 grounded=1 kappa=-0.267 fnGround=1197 omega=0.18 | ftGround=-218N target=-29.1 limit=149Nm motorNm=-149 tyreNm=133 inertia=1.82 limRot=0/10/0 omegaPre=0.71 posN=6/134/0 susp=-0.4481 springN=1618
INFO 2026-07-27 15:26:43.185 joltshadow - docs §78: attdense (player) f=836 joltTilt=1.39 odeTilt=1.09 upDelta=0.33 wBody=(-0.21,0.07,0.03) |w|=0.22 grounded=4
INFO 2026-07-27 15:26:43.232 joltshadow - docs §70.1: slipdense (player) f=840 w=0 grounded=1 kappa=-0.610 fnGround=0 omega=-0.52 | ftGround=0N target=-29.1 limit=149Nm motorNm=-149 tyreNm=0 inertia=1.78 limRot=0/818/-581 omegaPre=0.14 posN=-1/-53/0 susp=-0.1692 springN=-70
INFO 2026-07-27 15:26:43.233 joltshadow - docs §70.1: slipdense (player) f=840 w=1 grounded=1 kappa=-0.921 fnGround=0 omega=-0.87 | ftGround=0N target=-29.1 limit=149Nm motorNm=-149 tyreNm=0 inertia=1.78 limRot=0/729/-600 omegaPre=0.01 posN=-1/-48/0 susp=-0.1626 springN=-92
INFO 2026-07-27 15:26:43.233 joltshadow - docs §70.1: slipdense (player) f=840 w=2 grounded=1 kappa=-0.310 fnGround=749 omega=-0.12 | ftGround=-214N target=-29.1 limit=149Nm motorNm=-149 tyreNm=131 inertia=1.82 limRot=0/-41/-1 omegaPre=0.06 posN=-60/144/0 susp=-0.2739 springN=503
INFO 2026-07-27 15:26:43.233 joltshadow - docs §70.1: slipdense (player) f=840 w=3 grounded=1 kappa=-0.316 fnGround=726 omega=-0.26 | ftGround=-218N target=-29.1 limit=149Nm motorNm=-149 tyreNm=134 inertia=1.82 limRot=0/-39/-1 omegaPre=-0.13 posN=-57/154/0 susp=-0.2659 springN=482
INFO 2026-07-27 15:26:43.233 joltshadow - docs §78: attdense (player) f=840 joltTilt=1.71 odeTilt=1.08 upDelta=0.65 wBody=(-0.03,0.03,-0.03) |w|=0.05 grounded=4
INFO 2026-07-27 15:26:43.233 joltshadow - Shadow divergence (player): pos=1.693m vel=4.348m/s angle=0.7deg (jolt com=[4668.5 259.6 1251.9] ode com=[4668.5 258.0 1251.5])
INFO 2026-07-27 15:26:43.233 joltshadow - docs §23.6: driver input (player) realThrottle=-10.00 brake=0.01 handBrake=0 steerRad=0.000
INFO 2026-07-27 15:26:43.233 joltshadow - docs §32: Jolt SHADOW chassis pitch (player) forward=(-0.227, 0.030, -0.973)
INFO 2026-07-27 15:26:43.233 joltshadow - docs §69: tilt (player) jolt=1.7 deg ode=1.1 deg delta=+0.6 deg upDelta=0.65 deg
INFO 2026-07-27 15:26:43.233 joltshadow - docs §32.4: Jolt SHADOW chassis lowest corner (player) = (4670.70,258.21,1254.62) clearanceToGround=0.207
INFO 2026-07-27 15:26:43.233 joltshadow - docs §23.5: wheel state (player) wheel=0 contact=0 suspLen=1.050 (range 0.050-1.050, 0% compressed) angVel=0.00
INFO 2026-07-27 15:26:43.233 joltshadow - docs §38.11: wheel=0 NO contact, worldAxle=(0.974,-0.003,-0.228)
INFO 2026-07-27 15:26:43.233 joltshadow - docs §32: no-contact raycast (player) wheel=0 bodyPos=(4668.45,258.90,1251.50) localMPos=(-1.155,0.060,2.270) origin=(4669.06,259.02,1249.03) dir=(-0.010,-1.000,-0.028) normalRayLen=1.679 groundFoundAt=0.000 shortfallBeyondTravel=-1.679 hitBody=8391036 hitLayer=4 hitMotion=2 hitIsSelfChassis=0
INFO 2026-07-27 15:26:43.234 joltshadow - docs §23.5: wheel state (player) wheel=1 contact=0 suspLen=1.050 (range 0.050-1.050, 0% compressed) angVel=0.00
INFO 2026-07-27 15:26:43.234 joltshadow - docs §38.11: wheel=1 NO contact, worldAxle=(0.974,-0.003,-0.228)
INFO 2026-07-27 15:26:43.234 joltshadow - docs §32: no-contact raycast (player) wheel=1 bodyPos=(4668.45,258.90,1251.50) localMPos=(1.155,0.059,2.270) origin=(4666.81,259.03,1249.55) dir=(-0.010,-1.000,-0.028) normalRayLen=1.679 groundFoundAt=0.000 shortfallBeyondTravel=-1.679 hitBody=8391037 hitLayer=4 hitMotion=2 hitIsSelfChassis=0
INFO 2026-07-27 15:26:43.234 joltshadow - docs §23.5: wheel state (player) wheel=2 contact=0 suspLen=1.050 (range 0.050-1.050, 0% compressed) angVel=0.00
INFO 2026-07-27 15:26:43.234 joltshadow - docs §38.11: wheel=2 NO contact, worldAxle=(0.974,-0.003,-0.228)
INFO 2026-07-27 15:26:43.234 joltshadow - docs §32: no-contact raycast (player) wheel=2 bodyPos=(4668.45,258.90,1251.50) localMPos=(-1.253,0.145,-2.062) origin=(4670.14,258.98,1253.22) dir=(-0.010,-1.000,-0.028) normalRayLen=1.685 groundFoundAt=0.000 shortfallBeyondTravel=-1.685 hitBody=8391038 hitLayer=4 hitMotion=2 hitIsSelfChassis=0
INFO 2026-07-27 15:26:43.234 joltshadow - docs §23.5: wheel state (player) wheel=3 contact=0 suspLen=1.050 (range 0.050-1.050, 0% compressed) angVel=0.00
INFO 2026-07-27 15:26:43.234 joltshadow - docs §38.11: wheel=3 NO contact, worldAxle=(0.974,-0.003,-0.228)
INFO 2026-07-27 15:26:43.234 joltshadow - docs §32: no-contact raycast (player) wheel=3 bodyPos=(4668.45,258.90,1251.50) localMPos=(1.253,0.146,-2.062) origin=(4667.70,258.99,1253.79) dir=(-0.010,-1.000,-0.028) normalRayLen=1.685 groundFoundAt=0.000 shortfallBeyondTravel=-1.685 hitBody=8391039 hitLayer=4 hitMotion=2 hitIsSelfChassis=0
INFO 2026-07-27 15:26:43.234 joltshadow - docs §59/63: harvest (player) wheelsWithContact=4 contactPoints=8 overflow=0 (of 4) | maxNormalF=749N bound(k_t*tau)=1200N ratio=0.62
INFO 2026-07-27 15:26:43.234 joltshadow - docs §58: wheel body (player) w=0 springF=-70N stopF=0N travel=-0.1692 (limits -0.5000..0.5000 rel spawn) kSusp=6000 sagPredicted=-0.0116 | frameTrav=-0.2045..-0.1692 frameStopN=0
INFO 2026-07-27 15:26:43.234 joltshadow - docs §66: tyre band (player) w=0 fnGround=0N fnTotal=0N pen=0.00296 penRaw=0.00296 tau=0.01000 pen/tau=0.30 | recs tyre=1 rim=1 survived=1 stale=0 distMax=1.00R
INFO 2026-07-27 15:26:43.234 joltshadow - docs §68: steer (player) w=0 steerable=1 commanded=0.000 rad measured=0.611 rad err=35.00 deg steerSign=-1 steerTq=1001Nm cap=1001Nm sat=1.00
INFO 2026-07-27 15:26:43.234 joltshadow - docs §70: slip (player) w=0 grounded=1 kappa=-0.610 fnGround=0N omega=-0.52
INFO 2026-07-27 15:26:43.235 joltshadow - docs §67: spin (player) w=0 driven=1 omega=-0.52 rad/s surfaceSpeed=-0.33 m/s spinSign=+1 motorTq=-149Nm cmdTq=149Nm
INFO 2026-07-27 15:26:43.235 joltshadow - docs §58: wheel body (player) w=1 springF=-92N stopF=0N travel=-0.1626 (limits -0.5000..0.5000 rel spawn) kSusp=6000 sagPredicted=-0.0153 | frameTrav=-0.1979..-0.1626 frameStopN=0
INFO 2026-07-27 15:26:43.235 joltshadow - docs §66: tyre band (player) w=1 fnGround=0N fnTotal=0N pen=0.00153 penRaw=0.00153 tau=0.01000 pen/tau=0.15 | recs tyre=1 rim=1 survived=1 stale=0 distMax=1.00R
INFO 2026-07-27 15:26:43.235 joltshadow - docs §68: steer (player) w=1 steerable=1 commanded=0.000 rad measured=0.611 rad err=35.00 deg steerSign=-1 steerTq=943Nm cap=943Nm sat=1.00
INFO 2026-07-27 15:26:43.235 joltshadow - docs §70: slip (player) w=1 grounded=1 kappa=-0.921 fnGround=0N omega=-0.87
INFO 2026-07-27 15:26:43.235 joltshadow - docs §67: spin (player) w=1 driven=1 omega=-0.87 rad/s surfaceSpeed=-0.55 m/s spinSign=+1 motorTq=-149Nm cmdTq=149Nm
INFO 2026-07-27 15:26:43.235 joltshadow - docs §58: wheel body (player) w=2 springF=503N stopF=0N travel=-0.2739 (limits -0.5000..0.5000 rel spawn) kSusp=6000 sagPredicted=0.0838 | frameTrav=-0.3111..-0.2739 frameStopN=0
INFO 2026-07-27 15:26:43.235 joltshadow - docs §66: tyre band (player) w=2 fnGround=749N fnTotal=752N pen=0.01000 penRaw=0.02444 tau=0.01000 pen/tau=1.00 | recs tyre=1 rim=1 survived=1 stale=0 distMax=0.96R
INFO 2026-07-27 15:26:43.235 joltshadow - docs §68: steer (player) w=2 steerable=0 commanded=0.000 rad measured=0.000 rad err=0.00 deg steerSign=-1 steerTq=0Nm cap=340282346638528859811704183484516925440Nm sat=0.00
INFO 2026-07-27 15:26:43.235 joltshadow - docs §70: slip (player) w=2 grounded=1 kappa=-0.310 fnGround=749N omega=-0.12
INFO 2026-07-27 15:26:43.235 joltshadow - docs §67: spin (player) w=2 driven=1 omega=-0.12 rad/s surfaceSpeed=-0.07 m/s spinSign=+1 motorTq=-149Nm cmdTq=149Nm
INFO 2026-07-27 15:26:43.235 joltshadow - docs §58: wheel body (player) w=3 springF=482N stopF=0N travel=-0.2659 (limits -0.5000..0.5000 rel spawn) kSusp=6000 sagPredicted=0.0804 | frameTrav=-0.3028..-0.2659 frameStopN=0
INFO 2026-07-27 15:26:43.235 joltshadow - docs §66: tyre band (player) w=3 fnGround=726N fnTotal=728N pen=0.01000 penRaw=0.02380 tau=0.01000 pen/tau=1.00 | recs tyre=1 rim=1 survived=1 stale=0 distMax=0.96R
INFO 2026-07-27 15:26:43.236 joltshadow - docs §68: steer (player) w=3 steerable=0 commanded=0.000 rad measured=0.000 rad err=0.00 deg steerSign=-1 steerTq=0Nm cap=340282346638528859811704183484516925440Nm sat=0.00
INFO 2026-07-27 15:26:43.236 joltshadow - docs §70: slip (player) w=3 grounded=1 kappa=-0.316 fnGround=726N omega=-0.26
INFO 2026-07-27 15:26:43.236 joltshadow - docs §67: spin (player) w=3 driven=1 omega=-0.26 rad/s surfaceSpeed=-0.16 m/s spinSign=+1 motorTq=-149Nm cmdTq=149Nm
INFO 2026-07-27 15:26:43.236 joltshadow - docs §67: drivetrain (player) gear=0 rpm=17 driveTorque=600Nm perWheel=150Nm driven=4 throttle=-1.00 spin=1 | PRE-STEP brake=0.01 handBrake=0
INFO 2026-07-27 15:26:43.236 joltshadow - docs §66: tyre band SUM (player) fnGroundSum=1475N fnTotalSum=1480N weight=1295N carried=1.14 | penSum=0.02449 recs tyre=4 rim=4 stale=0
INFO 2026-07-27 15:26:43.236 joltshadow - docs §30: REAL ODE chassis COM (player) body=54AA14C8 = (4668.453, 257.994, 1251.494) forward=(-0.222, 0.019, -0.975)
INFO 2026-07-27 15:26:43.236 joltshadow - docs §33: real ODE chassis geom (player) #1 = class 0 (not a transform) pos=(4668.453,257.994,1251.494) radius=4.500
INFO 2026-07-27 15:26:43.236 joltshadow - docs §33: real ODE chassis geom (player) #2 = transform, inner class=1 pos=(0.000,1.095,-0.495)
INFO 2026-07-27 15:26:43.236 joltshadow - docs §33: real ODE chassis geom (player) #3 = transform, inner class=1 pos=(0.353,3.466,0.718)
INFO 2026-07-27 15:26:43.236 joltshadow - docs §33: real ODE chassis geom (player) #4 = transform, inner class=1 pos=(0.000,1.818,1.842)
INFO 2026-07-27 15:26:43.236 joltshadow - docs §33: real ODE chassis geom (player) #5 = transform, inner class=1 pos=(0.006,1.981,-2.113)
INFO 2026-07-27 15:26:43.236 joltshadow - docs §33: real ODE chassis geom (player) #6 = class 0 (not a transform) pos=(4668.453,257.994,1251.494) radius=30.000
INFO 2026-07-27 15:26:43.236 joltshadow - docs §33: real ODE chassis geom (player) #7 = class 0 (not a transform) pos=(4668.453,257.994,1251.494) radius=6.436
INFO 2026-07-27 15:26:43.236 joltshadow - docs §33: real ODE chassis geom (player) #8 = class 0 (not a transform) pos=(4668.453,257.994,1251.494) radius=200.000
INFO 2026-07-27 15:26:43.236 joltshadow - docs §33: real ODE chassis (player) has 8 total geom(s) directly attached (4 transform(s)) - compare against BuildChassisCompoundShape's own part/geom count in the build log
INFO 2026-07-27 15:26:43.236 joltshadow - docs §28: REAL ODE wheel state (player) wheel=0 displacement=0.0227 range=1.000 (2% compressed, signed) foreAft=2.270 localZ=2.270 cfm=0.002500 erp=0.2500
INFO 2026-07-27 15:26:43.236 joltshadow - docs §28: REAL ODE wheel state (player) wheel=1 displacement=0.0231 range=1.000 (2% compressed, signed) foreAft=2.270 localZ=2.270 cfm=0.002500 erp=0.2500
INFO 2026-07-27 15:26:43.236 joltshadow - docs §28: REAL ODE wheel state (player) wheel=2 displacement=0.0252 range=1.000 (3% compressed, signed) foreAft=-2.062 localZ=-2.062 cfm=0.002500 erp=0.2500
INFO 2026-07-27 15:26:43.237 joltshadow - docs §28: REAL ODE wheel state (player) wheel=3 displacement=0.0248 range=1.000 (2% compressed, signed) foreAft=-2.062 localZ=-2.062 cfm=0.002500 erp=0.2500
INFO 2026-07-27 15:26:43.286 joltshadow - docs §70.1: slipdense (player) f=844 w=0 grounded=0 kappa=0.000 fnGround=0 omega=-1.02 | ftGround=0N target=29.1 limit=149Nm motorNm=149 tyreNm=0 inertia=1.78 limRot=0/710/-401 omegaPre=-2.02 posN=6/-2/0 susp=-0.0312 springN=-272
INFO 2026-07-27 15:26:43.286 joltshadow - docs §70.1: slipdense (player) f=844 w=1 grounded=0 kappa=0.000 fnGround=0 omega=-1.37 | ftGround=0N target=29.1 limit=149Nm motorNm=149 tyreNm=0 inertia=1.78 limRot=0/688/-438 omegaPre=-2.37 posN=6/-1/0 susp=-0.0259 springN=-277
INFO 2026-07-27 15:26:43.286 joltshadow - docs §70.1: slipdense (player) f=844 w=2 grounded=0 kappa=0.000 fnGround=0 omega=1.14 | ftGround=0N target=29.1 limit=149Nm motorNm=149 tyreNm=0 inertia=1.82 limRot=0/1/0 omegaPre=0.15 posN=6/-4/0 susp=-0.0948 springN=-262
INFO 2026-07-27 15:26:43.287 joltshadow - docs §70.1: slipdense (player) f=844 w=3 grounded=0 kappa=0.000 fnGround=0 omega=0.80 | ftGround=0N target=29.1 limit=149Nm motorNm=149 tyreNm=0 inertia=1.82 limRot=0/1/0 omegaPre=-0.18 posN=6/-3/0 susp=-0.0873 springN=-280
INFO 2026-07-27 15:26:43.287 joltshadow - docs §78: attdense (player) f=844 joltTilt=1.54 odeTilt=1.09 upDelta=0.48 wBody=(0.09,0.03,-0.02) |w|=0.10 grounded=0
INFO 2026-07-27 15:26:43.341 joltshadow - docs §70.1: slipdense (player) f=848 w=0 grounded=0 kappa=0.000 fnGround=0 omega=3.58 | ftGround=0N target=29.1 limit=149Nm motorNm=149 tyreNm=0 inertia=1.78 limRot=0/681/-880 omegaPre=2.41 posN=5/8/0 susp=0.0050 springN=-83
INFO 2026-07-27 15:26:43.341 joltshadow - docs §70.1: slipdense (player) f=848 w=1 grounded=0 kappa=0.000 fnGround=0 omega=3.23 | ftGround=0N target=29.1 limit=149Nm motorNm=149 tyreNm=0 inertia=1.78 limRot=0/668/0 omegaPre=2.06 posN=5/9/0 susp=0.0102 springN=-98
INFO 2026-07-27 15:26:43.341 joltshadow - docs §70.1: slipdense (player) f=848 w=2 grounded=0 kappa=0.000 fnGround=0 omega=5.65 | ftGround=0N target=29.1 limit=149Nm motorNm=149 tyreNm=0 inertia=1.82 limRot=0/1/-0 omegaPre=4.50 posN=8/7/0 susp=-0.0073 springN=-178
INFO 2026-07-27 15:26:43.341 joltshadow - docs §70.1: slipdense (player) f=848 w=3 grounded=0 kappa=0.000 fnGround=0 omega=5.32 | ftGround=0N target=29.1 limit=149Nm motorNm=149 tyreNm=0 inertia=1.82 limRot=0/1/-0 omegaPre=4.17 posN=8/8/0 susp=-0.0008 springN=-193
INFO 2026-07-27 15:26:43.341 joltshadow - docs §78: attdense (player) f=848 joltTilt=1.32 odeTilt=1.09 upDelta=0.35 wBody=(0.05,0.02,0.02) |w|=0.06 grounded=0
INFO 2026-07-27 15:26:43.397 joltshadow - docs §70.1: slipdense (player) f=852 w=0 grounded=0 kappa=0.000 fnGround=0 omega=8.27 | ftGround=0N target=29.1 limit=149Nm motorNm=149 tyreNm=0 inertia=1.78 limRot=0/508/-637 omegaPre=7.18 posN=6/6/0 susp=0.0036 springN=-6
INFO 2026-07-27 15:26:43.397 joltshadow - docs §70.1: slipdense (player) f=852 w=1 grounded=0 kappa=0.000 fnGround=0 omega=7.92 | ftGround=0N target=29.1 limit=149Nm motorNm=149 tyreNm=0 inertia=1.78 limRot=0/499/-644 omegaPre=6.83 posN=6/7/0 susp=0.0091 springN=-20
INFO 2026-07-27 15:26:43.397 joltshadow - docs §70.1: slipdense (player) f=852 w=2 grounded=0 kappa=0.000 fnGround=0 omega=10.25 | ftGround=0N target=29.1 limit=149Nm motorNm=149 tyreNm=0 inertia=1.82 limRot=0/0/-1 omegaPre=9.18 posN=7/6/0 susp=0.0039 springN=-17
INFO 2026-07-27 15:26:43.398 joltshadow - docs §70.1: slipdense (player) f=852 w=3 grounded=0 kappa=0.000 fnGround=0 omega=9.92 | ftGround=0N target=29.1 limit=149Nm motorNm=149 tyreNm=0 inertia=1.82 limRot=0/0/-1 omegaPre=8.85 posN=7/7/0 susp=0.0099 springN=-30
INFO 2026-07-27 15:26:43.398 joltshadow - docs §78: attdense (player) f=852 joltTilt=1.30 odeTilt=1.09 upDelta=0.51 wBody=(0.00,0.02,0.06) |w|=0.06 grounded=0
INFO 2026-07-27 15:26:43.413 joltshadow - [jolt_profile] ode_step_avg_ms=0.18 jolt_total_avg_ms=0.91 | physics_update_avg_ms=0.64 wheelmodel_avg_ms=0.01 mirror_avg_ms=0.07 applyvehicle_avg_ms=0.00 applyvehicle_calls_per_frame=0.00 | contact_pairs_per_frame=8.3 contact_points_per_frame=8.3 active_bodies_per_frame=23.0 substeps_per_frame=3.48 | frames=479
INFO 2026-07-27 15:26:43.415 testharness - perf: fps=95.5 avg_frame_ms=10.467 min_ms=7.939 max_ms=17.538 frames=478 window=5.0s
INFO 2026-07-27 15:26:43.456 joltshadow - docs §70.1: slipdense (player) f=856 w=0 grounded=0 kappa=0.000 fnGround=0 omega=13.12 | ftGround=0N target=29.1 limit=149Nm motorNm=149 tyreNm=0 inertia=1.78 limRot=0/42/-813 omegaPre=11.95 posN=6/5/0 susp=0.0012 springN=-2
INFO 2026-07-27 15:26:43.456 joltshadow - docs §70.1: slipdense (player) f=856 w=1 grounded=0 kappa=0.000 fnGround=0 omega=12.78 | ftGround=0N target=29.1 limit=149Nm motorNm=149 tyreNm=0 inertia=1.78 limRot=0/47/-813 omegaPre=11.60 posN=6/6/0 susp=0.0045 springN=-13
INFO 2026-07-27 15:26:43.456 joltshadow - docs §70.1: slipdense (player) f=856 w=2 grounded=0 kappa=0.000 fnGround=0 omega=15.01 | ftGround=0N target=29.1 limit=149Nm motorNm=149 tyreNm=0 inertia=1.82 limRot=0/0/-1 omegaPre=13.86 posN=7/5/0 susp=-0.0006 springN=25
INFO 2026-07-27 15:26:43.456 joltshadow - docs §70.1: slipdense (player) f=856 w=3 grounded=0 kappa=0.000 fnGround=0 omega=14.68 | ftGround=0N target=29.1 limit=149Nm motorNm=149 tyreNm=0 inertia=1.82 limRot=0/0/-1 omegaPre=13.53 posN=7/6/0 susp=0.0029 springN=14
INFO 2026-07-27 15:26:43.456 joltshadow - docs §78: attdense (player) f=856 joltTilt=1.48 odeTilt=1.10 upDelta=0.80 wBody=(-0.03,0.02,0.10) |w|=0.11 grounded=0
INFO 2026-07-27 15:26:43.509 joltshadow - docs §70.1: slipdense (player) f=860 w=0 grounded=0 kappa=0.000 fnGround=0 omega=17.24 | ftGround=0N target=29.1 limit=149Nm motorNm=149 tyreNm=0 inertia=1.78 limRot=0/-564/-587 omegaPre=16.15 posN=6/5/0 susp=0.0005 springN=-4
INFO 2026-07-27 15:26:43.509 joltshadow - docs §70.1: slipdense (player) f=860 w=1 grounded=0 kappa=0.000 fnGround=0 omega=16.89 | ftGround=0N target=29.1 limit=149Nm motorNm=149 tyreNm=0 inertia=1.78 limRot=0/-550/-600 omegaPre=15.80 posN=5/5/0 susp=0.0037 springN=-16
INFO 2026-07-27 15:26:43.509 joltshadow - docs §70.1: slipdense (player) f=860 w=2 grounded=0 kappa=0.000 fnGround=0 omega=19.04 | ftGround=0N target=29.1 limit=149Nm motorNm=149 tyreNm=0 inertia=1.82 limRot=0/0/-2 omegaPre=17.98 posN=7/5/0 susp=-0.0033 springN=22
INFO 2026-07-27 15:26:43.509 joltshadow - docs §70.1: slipdense (player) f=860 w=3 grounded=0 kappa=0.000 fnGround=0 omega=18.71 | ftGround=0N target=29.1 limit=149Nm motorNm=149 tyreNm=0 inertia=1.82 limRot=0/0/-2 omegaPre=17.64 posN=7/6/0 susp=0.0002 springN=8
INFO 2026-07-27 15:26:43.509 joltshadow - docs §78: attdense (player) f=860 joltTilt=1.84 odeTilt=1.10 upDelta=1.22 wBody=(-0.06,0.02,0.14) |w|=0.15 grounded=0
INFO 2026-07-27 15:26:43.554 joltshadow - docs §70.1: slipdense (player) f=864 w=0 grounded=0 kappa=0.000 fnGround=0 omega=17.37 | ftGround=0N target=-29.1 limit=149Nm motorNm=-149 tyreNm=0 inertia=1.78 limRot=0/-815/0 omegaPre=18.29 posN=-6/-6/0 susp=0.0002 springN=2
INFO 2026-07-27 15:26:43.554 joltshadow - docs §70.1: slipdense (player) f=864 w=1 grounded=0 kappa=0.000 fnGround=0 omega=17.02 | ftGround=0N target=-29.1 limit=149Nm motorNm=-149 tyreNm=0 inertia=1.78 limRot=0/-815/0 omegaPre=17.94 posN=-6/-7/0 susp=0.0024 springN=8
INFO 2026-07-27 15:26:43.555 joltshadow - docs §70.1: slipdense (player) f=864 w=2 grounded=0 kappa=0.000 fnGround=0 omega=19.18 | ftGround=0N target=-29.1 limit=149Nm motorNm=-149 tyreNm=0 inertia=1.82 limRot=0/-1/-3 omegaPre=20.08 posN=-8/-5/0 susp=-0.0025 springN=-4
INFO 2026-07-27 15:26:43.555 joltshadow - docs §70.1: slipdense (player) f=864 w=3 grounded=0 kappa=0.000 fnGround=0 omega=18.84 | ftGround=0N target=-29.1 limit=149Nm motorNm=-149 tyreNm=0 inertia=1.82 limRot=0/-1/-2 omegaPre=19.75 posN=-8/-7/0 susp=-0.0002 springN=2
INFO 2026-07-27 15:26:43.555 joltshadow - docs §78: attdense (player) f=864 joltTilt=2.23 odeTilt=1.10 upDelta=1.65 wBody=(-0.06,0.02,0.13) |w|=0.15 grounded=0
INFO 2026-07-27 15:26:43.603 joltshadow - docs §70.1: slipdense (player) f=868 w=0 grounded=0 kappa=0.000 fnGround=0 omega=14.08 | ftGround=0N target=-29.1 limit=149Nm motorNm=-149 tyreNm=0 inertia=1.78 limRot=0/-364/0 omegaPre=15.14 posN=11/9/0 susp=0.0001 springN=-4
INFO 2026-07-27 15:26:43.603 joltshadow - docs §70.1: slipdense (player) f=868 w=1 grounded=0 kappa=0.000 fnGround=0 omega=13.76 | ftGround=0N target=-29.1 limit=149Nm motorNm=-149 tyreNm=0 inertia=1.78 limRot=0/-424/0 omegaPre=14.80 posN=11/-18/0 susp=-0.0012 springN=31
INFO 2026-07-27 15:26:43.603 joltshadow - docs §70.1: slipdense (player) f=868 w=2 grounded=0 kappa=0.000 fnGround=0 omega=16.03 | ftGround=0N target=-29.1 limit=149Nm motorNm=-149 tyreNm=0 inertia=1.82 limRot=0/-3/-3 omegaPre=17.01 posN=-40/11/0 susp=0.0010 springN=-29
INFO 2026-07-27 15:26:43.603 joltshadow - docs §70.1: slipdense (player) f=868 w=3 grounded=0 kappa=0.000 fnGround=0 omega=15.69 | ftGround=0N target=-29.1 limit=149Nm motorNm=-149 tyreNm=0 inertia=1.82 limRot=0/-3/-2 omegaPre=16.68 posN=-40/-19/0 susp=-0.0005 springN=8
INFO 2026-07-27 15:26:43.603 joltshadow - docs §78: attdense (player) f=868 joltTilt=2.53 odeTilt=1.09 upDelta=1.97 wBody=(-0.04,0.06,0.08) |w|=0.10 grounded=0
INFO 2026-07-27 15:26:43.629 joltshadow - docs §82: resync (player) #21 dt=0.51s upMax=2.079 deg posMax=1.127 m odeTiltPath=0.026 deg gain=-1.0000
INFO 2026-07-27 15:26:43.629 joltshadow - docs §87: resync landing (player) w=0 pre=0.5121 post=-0.0095 m R=0.629 dY=-1.1211 dRotDeg=2.26 |corr|=1.1230 m
INFO 2026-07-27 15:26:43.629 joltshadow - docs §87: resync landing (player) w=1 pre=0.5934 post=-0.0091 m R=0.629 dY=-1.1211 dRotDeg=2.26 |corr|=1.1230 m
INFO 2026-07-27 15:26:43.629 joltshadow - docs §87: resync landing (player) w=2 pre=0.3735 post=-0.0097 m R=0.635 dY=-1.1211 dRotDeg=2.26 |corr|=1.1230 m
INFO 2026-07-27 15:26:43.630 joltshadow - docs §87: resync landing (player) w=3 pre=0.4619 post=-0.0092 m R=0.635 dY=-1.1211 dRotDeg=2.26 |corr|=1.1230 m
INFO 2026-07-27 15:26:43.630 joltshadow - docs §82: resync RESIDUAL (player) #21 pos=0.0000 m up=0.0000 deg
INFO 2026-07-27 15:26:43.651 joltshadow - docs §70.1: slipdense (player) f=872 w=0 grounded=1 kappa=-0.293 fnGround=1200 omega=1.13 | ftGround=-339N target=-29.1 limit=149Nm motorNm=-149 tyreNm=203 inertia=1.78 limRot=0/-5/0 omegaPre=3.85 posN=6/294/0 susp=-0.5044 springN=2320
INFO 2026-07-27 15:26:43.651 joltshadow - docs §70.1: slipdense (player) f=872 w=1 grounded=1 kappa=-0.294 fnGround=1200 omega=1.12 | ftGround=-338N target=-29.1 limit=149Nm motorNm=-149 tyreNm=202 inertia=1.78 limRot=0/-8/0 omegaPre=3.22 posN=6/291/0 susp=-0.5046 springN=2324
INFO 2026-07-27 15:26:43.651 joltshadow - docs §70.1: slipdense (player) f=872 w=2 grounded=1 kappa=0.105 fnGround=1200 omega=1.27 | ftGround=120N target=-29.1 limit=149Nm motorNm=-149 tyreNm=-65 inertia=1.82 limRot=0/-10/-0 omegaPre=6.55 posN=-17/-175/0 susp=-0.5488 springN=2848
INFO 2026-07-27 15:26:43.652 joltshadow - docs §70.1: slipdense (player) f=872 w=3 grounded=1 kappa=0.021 fnGround=1199 omega=1.23 | ftGround=24N target=-29.1 limit=149Nm motorNm=-149 tyreNm=-11 inertia=1.82 limRot=0/-10/-0 omegaPre=5.93 posN=-17/-81/0 susp=-0.5490 springN=2851
INFO 2026-07-27 15:26:43.652 joltshadow - docs §78: attdense (player) f=872 joltTilt=1.02 odeTilt=1.09 upDelta=0.07 wBody=(-0.19,0.00,-0.00) |w|=0.19 grounded=4
INFO 2026-07-27 15:26:43.698 joltshadow - docs §70.1: slipdense (player) f=876 w=0 grounded=1 kappa=-0.216 fnGround=1068 omega=0.83 | ftGround=-215N target=-29.1 limit=149Nm motorNm=-149 tyreNm=131 inertia=1.78 limRot=0/-0/0 omegaPre=0.92 posN=0/140/0 susp=-0.3409 springN=802
INFO 2026-07-27 15:26:43.698 joltshadow - docs §70.1: slipdense (player) f=876 w=1 grounded=1 kappa=-0.217 fnGround=1073 omega=0.83 | ftGround=-215N target=-29.1 limit=149Nm motorNm=-149 tyreNm=131 inertia=1.78 limRot=0/-0/0 omegaPre=0.92 posN=0/140/0 susp=-0.3426 springN=811
INFO 2026-07-27 15:26:43.698 joltshadow - docs §70.1: slipdense (player) f=876 w=2 grounded=1 kappa=-0.222 fnGround=1200 omega=0.81 | ftGround=-215N target=-29.1 limit=149Nm motorNm=-149 tyreNm=133 inertia=1.82 limRot=0/-2/0 omegaPre=0.89 posN=-3/130/0 susp=-0.4402 springN=1538
INFO 2026-07-27 15:26:43.698 joltshadow - docs §70.1: slipdense (player) f=876 w=3 grounded=1 kappa=-0.222 fnGround=1200 omega=0.80 | ftGround=-215N target=-29.1 limit=149Nm motorNm=-149 tyreNm=133 inertia=1.82 limRot=0/-2/0 omegaPre=0.89 posN=-3/130/0 susp=-0.4420 springN=1549
INFO 2026-07-27 15:26:43.698 joltshadow - docs §78: attdense (player) f=876 joltTilt=1.36 odeTilt=1.08 upDelta=0.28 wBody=(-0.15,0.00,-0.00) |w|=0.15 grounded=4
INFO 2026-07-27 15:26:43.748 joltshadow - docs §70.1: slipdense (player) f=880 w=0 grounded=0 kappa=0.000 fnGround=0 omega=-0.65 | ftGround=0N target=-29.1 limit=149Nm motorNm=-149 tyreNm=0 inertia=1.78 limRot=0/-0/0 omegaPre=0.36 posN=0/-51/0 susp=-0.1522 springN=-119
INFO 2026-07-27 15:26:43.748 joltshadow - docs §70.1: slipdense (player) f=880 w=1 grounded=0 kappa=0.000 fnGround=0 omega=-0.64 | ftGround=0N target=-29.1 limit=149Nm motorNm=-149 tyreNm=0 inertia=1.78 limRot=0/0/0 omegaPre=0.36 posN=0/-52/0 susp=-0.1531 springN=-114
INFO 2026-07-27 15:26:43.749 joltshadow - docs §70.1: slipdense (player) f=880 w=2 grounded=1 kappa=-0.284 fnGround=602 omega=0.27 | ftGround=-213N target=-29.1 limit=149Nm motorNm=-149 tyreNm=132 inertia=1.82 limRot=0/2/0 omegaPre=0.38 posN=4/149/0 susp=-0.2456 springN=365
INFO 2026-07-27 15:26:43.749 joltshadow - docs §70.1: slipdense (player) f=880 w=3 grounded=1 kappa=-0.284 fnGround=611 omega=0.27 | ftGround=-213N target=-29.1 limit=149Nm motorNm=-149 tyreNm=131 inertia=1.82 limRot=0/2/0 omegaPre=0.38 posN=4/148/0 susp=-0.2466 springN=370
INFO 2026-07-27 15:26:43.749 joltshadow - docs §78: attdense (player) f=880 joltTilt=1.54 odeTilt=1.08 upDelta=0.46 wBody=(0.02,0.00,-0.00) |w|=0.02 grounded=2
INFO 2026-07-27 15:26:43.796 joltshadow - docs §70.1: slipdense (player) f=884 w=0 grounded=0 kappa=0.000 fnGround=0 omega=3.37 | ftGround=0N target=29.1 limit=149Nm motorNm=149 tyreNm=0 inertia=1.78 limRot=0/0/0 omegaPre=2.37 posN=0/-2/0 susp=-0.0311 springN=-289
INFO 2026-07-27 15:26:43.796 joltshadow - docs §70.1: slipdense (player) f=884 w=1 grounded=0 kappa=0.000 fnGround=0 omega=3.37 | ftGround=0N target=29.1 limit=149Nm motorNm=149 tyreNm=0 inertia=1.78 limRot=0/0/0 omegaPre=2.37 posN=0/-2/0 susp=-0.0306 springN=-292
INFO 2026-07-27 15:26:43.796 joltshadow - docs §70.1: slipdense (player) f=884 w=2 grounded=0 kappa=0.000 fnGround=0 omega=3.45 | ftGround=0N target=29.1 limit=149Nm motorNm=149 tyreNm=0 inertia=1.82 limRot=0/0/-0 omegaPre=2.46 posN=0/-3/0 susp=-0.0897 springN=-272
INFO 2026-07-27 15:26:43.796 joltshadow - docs §70.1: slipdense (player) f=884 w=3 grounded=0 kappa=0.000 fnGround=0 omega=3.42 | ftGround=0N target=29.1 limit=149Nm motorNm=149 tyreNm=0 inertia=1.82 limRot=0/0/-0 omegaPre=2.44 posN=0/-3/0 susp=-0.0898 springN=-270
INFO 2026-07-27 15:26:43.796 joltshadow - docs §78: attdense (player) f=884 joltTilt=1.40 odeTilt=1.09 upDelta=0.32 wBody=(0.07,0.00,0.00) |w|=0.07 grounded=0
INFO 2026-07-27 15:26:43.841 joltshadow - docs §70.1: slipdense (player) f=888 w=0 grounded=0 kappa=0.000 fnGround=0 omega=7.14 | ftGround=0N target=29.1 limit=149Nm motorNm=149 tyreNm=0 inertia=1.78 limRot=0/-0/0 omegaPre=6.22 posN=-0/8/0 susp=0.0054 springN=-127
INFO 2026-07-27 15:26:43.841 joltshadow - docs §70.1: slipdense (player) f=888 w=1 grounded=0 kappa=0.000 fnGround=0 omega=7.14 | ftGround=0N target=29.1 limit=149Nm motorNm=149 tyreNm=0 inertia=1.78 limRot=0/-0/0 omegaPre=6.22 posN=-0/8/0 susp=0.0061 springN=-128
INFO 2026-07-27 15:26:43.841 joltshadow - docs §70.1: slipdense (player) f=888 w=2 grounded=0 kappa=0.000 fnGround=0 omega=7.14 | ftGround=0N target=29.1 limit=149Nm motorNm=149 tyreNm=0 inertia=1.82 limRot=0/-0/-0 omegaPre=6.24 posN=0/7/0 susp=-0.0119 springN=-219
INFO 2026-07-27 15:26:43.841 joltshadow - docs §70.1: slipdense (player) f=888 w=3 grounded=0 kappa=0.000 fnGround=0 omega=7.12 | ftGround=0N target=29.1 limit=149Nm motorNm=149 tyreNm=0 inertia=1.82 limRot=0/-0/-0 omegaPre=6.21 posN=0/7/0 susp=-0.0116 springN=-220
INFO 2026-07-27 15:26:43.841 joltshadow - docs §78: attdense (player) f=888 joltTilt=1.26 odeTilt=1.09 upDelta=0.17 wBody=(0.04,0.00,0.00) |w|=0.04 grounded=0
INFO 2026-07-27 15:26:43.886 joltshadow - docs §70.1: slipdense (player) f=892 w=0 grounded=0 kappa=0.000 fnGround=0 omega=10.90 | ftGround=0N target=29.1 limit=149Nm motorNm=149 tyreNm=0 inertia=1.78 limRot=0/-0/0 omegaPre=9.82 posN=-0/8/0 susp=0.0082 springN=-32
INFO 2026-07-27 15:26:43.886 joltshadow - docs §70.1: slipdense (player) f=892 w=1 grounded=0 kappa=0.000 fnGround=0 omega=10.90 | ftGround=0N target=29.1 limit=149Nm motorNm=149 tyreNm=0 inertia=1.78 limRot=0/-0/0 omegaPre=9.82 posN=-0/8/0 susp=0.0089 springN=-32
INFO 2026-07-27 15:26:43.886 joltshadow - docs §70.1: slipdense (player) f=892 w=2 grounded=0 kappa=0.000 fnGround=0 omega=10.84 | ftGround=0N target=29.1 limit=149Nm motorNm=149 tyreNm=0 inertia=1.82 limRot=0/-0/-0 omegaPre=9.77 posN=0/8/0 susp=0.0067 springN=-67
INFO 2026-07-27 15:26:43.887 joltshadow - docs §70.1: slipdense (player) f=892 w=3 grounded=0 kappa=0.000 fnGround=0 omega=10.81 | ftGround=0N target=29.1 limit=149Nm motorNm=149 tyreNm=0 inertia=1.82 limRot=0/-0/-0 omegaPre=9.74 posN=0/8/0 susp=0.0073 springN=-67
INFO 2026-07-27 15:26:43.887 joltshadow - docs §78: attdense (player) f=892 joltTilt=1.22 odeTilt=1.09 upDelta=0.14 wBody=(-0.00,0.00,0.00) |w|=0.00 grounded=0
INFO 2026-07-27 15:26:43.932 joltshadow - docs §70.1: slipdense (player) f=896 w=0 grounded=0 kappa=0.000 fnGround=0 omega=8.98 | ftGround=0N target=-29.1 limit=149Nm motorNm=-149 tyreNm=0 inertia=1.78 limRot=0/-0/0 omegaPre=10.07 posN=0/-6/0 susp=0.0033 springN=20
INFO 2026-07-27 15:26:43.933 joltshadow - docs §70.1: slipdense (player) f=896 w=1 grounded=0 kappa=0.000 fnGround=0 omega=8.98 | ftGround=0N target=-29.1 limit=149Nm motorNm=-149 tyreNm=0 inertia=1.78 limRot=0/-0/0 omegaPre=10.07 posN=0/-6/0 susp=0.0033 springN=21
INFO 2026-07-27 15:26:43.933 joltshadow - docs §70.1: slipdense (player) f=896 w=2 grounded=0 kappa=0.000 fnGround=0 omega=8.95 | ftGround=0N target=-29.1 limit=149Nm motorNm=-149 tyreNm=0 inertia=1.82 limRot=0/0/-0 omegaPre=10.02 posN=0/-6/0 susp=0.0053 springN=-12
INFO 2026-07-27 15:26:43.933 joltshadow - docs §70.1: slipdense (player) f=896 w=3 grounded=0 kappa=0.000 fnGround=0 omega=8.92 | ftGround=0N target=-29.1 limit=149Nm motorNm=-149 tyreNm=0 inertia=1.82 limRot=0/0/-0 omegaPre=9.99 posN=0/-6/0 susp=0.0053 springN=-11
INFO 2026-07-27 15:26:43.933 joltshadow - docs §78: attdense (player) f=896 joltTilt=1.23 odeTilt=1.09 upDelta=0.15 wBody=(0.01,0.00,0.00) |w|=0.01 grounded=0
INFO 2026-07-27 15:26:43.979 joltshadow - docs §70.1: slipdense (player) f=900 w=0 grounded=0 kappa=0.000 fnGround=0 omega=5.13 | ftGround=0N target=-29.1 limit=149Nm motorNm=-149 tyreNm=0 inertia=1.78 limRot=0/-0/0 omegaPre=6.05 posN=-0/-5/0 susp=-0.0013 springN=27
INFO 2026-07-27 15:26:43.979 joltshadow - docs §70.1: slipdense (player) f=900 w=1 grounded=0 kappa=0.000 fnGround=0 omega=5.13 | ftGround=0N target=-29.1 limit=149Nm motorNm=-149 tyreNm=0 inertia=1.78 limRot=0/-0/0 omegaPre=6.05 posN=-0/-5/0 susp=-0.0010 springN=26
INFO 2026-07-27 15:26:43.979 joltshadow - docs §70.1: slipdense (player) f=900 w=2 grounded=0 kappa=0.000 fnGround=0 omega=5.17 | ftGround=0N target=-29.1 limit=149Nm motorNm=-149 tyreNm=0 inertia=1.82 limRot=0/-0/-0 omegaPre=6.08 posN=-0/-5/0 susp=0.0025 springN=-4
INFO 2026-07-27 15:26:43.979 joltshadow - docs §70.1: slipdense (player) f=900 w=3 grounded=0 kappa=0.000 fnGround=0 omega=5.15 | ftGround=0N target=-29.1 limit=149Nm motorNm=-149 tyreNm=0 inertia=1.82 limRot=0/-0/-0 omegaPre=6.05 posN=-0/-5/0 susp=0.0028 springN=-4
INFO 2026-07-27 15:26:43.979 joltshadow - docs §78: attdense (player) f=900 joltTilt=1.17 odeTilt=1.09 upDelta=0.09 wBody=(0.04,0.00,0.00) |w|=0.04 grounded=0
INFO 2026-07-27 15:26:43.979 joltshadow - Shadow divergence (player): pos=2.297m vel=1.339m/s angle=0.1deg (jolt com=[4668.5 260.3 1251.8] ode com=[4668.5 258.0 1251.5])
INFO 2026-07-27 15:26:43.979 joltshadow - docs §23.6: driver input (player) realThrottle=-10.00 brake=0.01 handBrake=0 steerRad=0.000
INFO 2026-07-27 15:26:43.979 joltshadow - docs §32: Jolt SHADOW chassis pitch (player) forward=(-0.222, 0.020, -0.975)
INFO 2026-07-27 15:26:43.979 joltshadow - docs §69: tilt (player) jolt=1.2 deg ode=1.1 deg delta=+0.1 deg upDelta=0.09 deg
INFO 2026-07-27 15:26:43.979 joltshadow - docs §32.4: Jolt SHADOW chassis lowest corner (player) = (4670.68,258.87,1254.53) clearanceToGround=0.870
INFO 2026-07-27 15:26:43.979 joltshadow - docs §23.5: wheel state (player) wheel=0 contact=0 suspLen=1.050 (range 0.050-1.050, 0% compressed) angVel=0.00
INFO 2026-07-27 15:26:43.980 joltshadow - docs §38.11: wheel=0 NO contact, worldAxle=(0.975,-0.001,-0.222)
INFO 2026-07-27 15:26:43.980 joltshadow - docs §32: no-contact raycast (player) wheel=0 bodyPos=(4668.44,259.52,1251.39) localMPos=(-1.155,0.060,2.270) origin=(4669.06,259.63,1248.92) dir=(-0.005,-1.000,-0.020) normalRayLen=1.679 groundFoundAt=0.000 shortfallBeyondTravel=-1.679 hitBody=8391035 hitLayer=1 hitMotion=2 hitIsSelfChassis=0
INFO 2026-07-27 15:26:43.980 joltshadow - docs §23.5: wheel state (player) wheel=1 contact=0 suspLen=1.050 (range 0.050-1.050, 0% compressed) angVel=0.00
INFO 2026-07-27 15:26:43.980 joltshadow - docs §38.11: wheel=1 NO contact, worldAxle=(0.975,-0.001,-0.222)
INFO 2026-07-27 15:26:43.980 joltshadow - docs §32: no-contact raycast (player) wheel=1 bodyPos=(4668.44,259.52,1251.39) localMPos=(1.155,0.059,2.270) origin=(4666.81,259.63,1249.44) dir=(-0.005,-1.000,-0.020) normalRayLen=1.679 groundFoundAt=0.000 shortfallBeyondTravel=-1.679 hitBody=8391035 hitLayer=1 hitMotion=2 hitIsSelfChassis=0
INFO 2026-07-27 15:26:43.980 joltshadow - docs §23.5: wheel state (player) wheel=2 contact=0 suspLen=1.050 (range 0.050-1.050, 0% compressed) angVel=0.00
INFO 2026-07-27 15:26:43.980 joltshadow - docs §38.11: wheel=2 NO contact, worldAxle=(0.975,-0.001,-0.222)
INFO 2026-07-27 15:26:43.980 joltshadow - docs §32: no-contact raycast (player) wheel=2 bodyPos=(4668.44,259.52,1251.39) localMPos=(-1.253,0.145,-2.062) origin=(4670.12,259.63,1253.13) dir=(-0.005,-1.000,-0.020) normalRayLen=1.685 groundFoundAt=0.000 shortfallBeyondTravel=-1.685 hitBody=8391035 hitLayer=1 hitMotion=2 hitIsSelfChassis=0
INFO 2026-07-27 15:26:43.980 joltshadow - docs §23.5: wheel state (player) wheel=3 contact=0 suspLen=1.050 (range 0.050-1.050, 0% compressed) angVel=0.00
INFO 2026-07-27 15:26:43.980 joltshadow - docs §38.11: wheel=3 NO contact, worldAxle=(0.975,-0.001,-0.222)
INFO 2026-07-27 15:26:43.980 joltshadow - docs §32: no-contact raycast (player) wheel=3 bodyPos=(4668.44,259.52,1251.39) localMPos=(1.253,0.146,-2.062) origin=(4667.68,259.63,1253.68) dir=(-0.005,-1.000,-0.020) normalRayLen=1.685 groundFoundAt=0.000 shortfallBeyondTravel=-1.685 hitBody=8391035 hitLayer=1 hitMotion=2 hitIsSelfChassis=0
INFO 2026-07-27 15:26:43.980 joltshadow - docs §59/63: harvest (player) wheelsWithContact=0 contactPoints=0 overflow=0 (of 4) | maxNormalF=0N bound(k_t*tau)=0N ratio=0.00
INFO 2026-07-27 15:26:43.980 joltshadow - docs §58: wheel body (player) w=0 springF=27N stopF=0N travel=-0.0013 (limits -0.5000..0.5000 rel spawn) kSusp=6000 sagPredicted=0.0044 | frameTrav=-0.0013..-0.0008 frameStopN=0
INFO 2026-07-27 15:26:43.981 joltshadow - docs §66: tyre band (player) w=0 fnGround=0N fnTotal=0N pen=0.00000 penRaw=0.00000 tau=0.01000 pen/tau=0.00 | recs tyre=0 rim=0 survived=0 stale=0 distMax=0.00R
INFO 2026-07-27 15:26:43.981 joltshadow - docs §68: steer (player) w=0 steerable=1 commanded=0.000 rad measured=0.000 rad err=0.00 deg steerSign=-1 steerTq=-0Nm cap=815Nm sat=0.00
INFO 2026-07-27 15:26:43.981 joltshadow - docs §70: slip (player) w=0 grounded=0 kappa=0.000 fnGround=0N omega=5.13
INFO 2026-07-27 15:26:43.981 joltshadow - docs §67: spin (player) w=0 driven=1 omega=5.13 rad/s surfaceSpeed=3.23 m/s spinSign=+1 motorTq=-149Nm cmdTq=149Nm
INFO 2026-07-27 15:26:43.981 joltshadow - docs §58: wheel body (player) w=1 springF=26N stopF=0N travel=-0.0010 (limits -0.5000..0.5000 rel spawn) kSusp=6000 sagPredicted=0.0043 | frameTrav=-0.0010..-0.0005 frameStopN=0
INFO 2026-07-27 15:26:43.981 joltshadow - docs §66: tyre band (player) w=1 fnGround=0N fnTotal=0N pen=0.00000 penRaw=0.00000 tau=0.01000 pen/tau=0.00 | recs tyre=0 rim=0 survived=0 stale=0 distMax=0.00R
INFO 2026-07-27 15:26:43.981 joltshadow - docs §68: steer (player) w=1 steerable=1 commanded=0.000 rad measured=0.000 rad err=0.00 deg steerSign=-1 steerTq=-0Nm cap=815Nm sat=0.00
INFO 2026-07-27 15:26:43.981 joltshadow - docs §70: slip (player) w=1 grounded=0 kappa=0.000 fnGround=0N omega=5.13
INFO 2026-07-27 15:26:43.981 joltshadow - docs §67: spin (player) w=1 driven=1 omega=5.13 rad/s surfaceSpeed=3.23 m/s spinSign=+1 motorTq=-149Nm cmdTq=149Nm
INFO 2026-07-27 15:26:43.981 joltshadow - docs §58: wheel body (player) w=2 springF=-4N stopF=0N travel=0.0025 (limits -0.5000..0.5000 rel spawn) kSusp=6000 sagPredicted=-0.0006 | frameTrav=0.0025..0.0029 frameStopN=0
INFO 2026-07-27 15:26:43.981 joltshadow - docs §66: tyre band (player) w=2 fnGround=0N fnTotal=0N pen=0.00000 penRaw=0.00000 tau=0.01000 pen/tau=0.00 | recs tyre=0 rim=0 survived=0 stale=0 distMax=0.00R
INFO 2026-07-27 15:26:43.981 joltshadow - docs §68: steer (player) w=2 steerable=0 commanded=0.000 rad measured=0.000 rad err=0.00 deg steerSign=-1 steerTq=0Nm cap=340282346638528859811704183484516925440Nm sat=0.00
INFO 2026-07-27 15:26:43.982 joltshadow - docs §70: slip (player) w=2 grounded=0 kappa=0.000 fnGround=0N omega=5.17
INFO 2026-07-27 15:26:43.982 joltshadow - docs §67: spin (player) w=2 driven=1 omega=5.17 rad/s surfaceSpeed=3.29 m/s spinSign=+1 motorTq=-149Nm cmdTq=149Nm
INFO 2026-07-27 15:26:43.982 joltshadow - docs §58: wheel body (player) w=3 springF=-4N stopF=0N travel=0.0028 (limits -0.5000..0.5000 rel spawn) kSusp=6000 sagPredicted=-0.0007 | frameTrav=0.0028..0.0031 frameStopN=0
INFO 2026-07-27 15:26:43.982 joltshadow - docs §66: tyre band (player) w=3 fnGround=0N fnTotal=0N pen=0.00000 penRaw=0.00000 tau=0.01000 pen/tau=0.00 | recs tyre=0 rim=0 survived=0 stale=0 distMax=0.00R
INFO 2026-07-27 15:26:43.982 joltshadow - docs §68: steer (player) w=3 steerable=0 commanded=0.000 rad measured=0.000 rad err=0.00 deg steerSign=-1 steerTq=0Nm cap=340282346638528859811704183484516925440Nm sat=0.00
INFO 2026-07-27 15:26:43.982 joltshadow - docs §70: slip (player) w=3 grounded=0 kappa=0.000 fnGround=0N omega=5.15
INFO 2026-07-27 15:26:43.982 joltshadow - docs §67: spin (player) w=3 driven=1 omega=5.15 rad/s surfaceSpeed=3.27 m/s spinSign=+1 motorTq=-149Nm cmdTq=149Nm
INFO 2026-07-27 15:26:43.982 joltshadow - docs §67: drivetrain (player) gear=0 rpm=1249 driveTorque=600Nm perWheel=150Nm driven=4 throttle=-1.00 spin=1 | PRE-STEP brake=0.01 handBrake=0
INFO 2026-07-27 15:26:43.982 joltshadow - docs §66: tyre band SUM (player) fnGroundSum=0N fnTotalSum=0N weight=1295N carried=0.00 | penSum=0.00000 recs tyre=0 rim=0 stale=0
INFO 2026-07-27 15:26:43.982 joltshadow - docs §30: REAL ODE chassis COM (player) body=54AA14C8 = (4668.453, 257.991, 1251.494) forward=(-0.222, 0.019, -0.975)
INFO 2026-07-27 15:26:43.982 joltshadow - docs §33: real ODE chassis geom (player) #1 = class 0 (not a transform) pos=(4668.453,257.991,1251.494) radius=4.500
INFO 2026-07-27 15:26:43.982 joltshadow - docs §33: real ODE chassis geom (player) #2 = transform, inner class=1 pos=(0.000,1.095,-0.495)
INFO 2026-07-27 15:26:43.982 joltshadow - docs §33: real ODE chassis geom (player) #3 = transform, inner class=1 pos=(0.353,3.466,0.718)
INFO 2026-07-27 15:26:43.982 joltshadow - docs §33: real ODE chassis geom (player) #4 = transform, inner class=1 pos=(0.000,1.818,1.842)
INFO 2026-07-27 15:26:43.982 joltshadow - docs §33: real ODE chassis geom (player) #5 = transform, inner class=1 pos=(0.006,1.981,-2.113)
INFO 2026-07-27 15:26:43.982 joltshadow - docs §33: real ODE chassis geom (player) #6 = class 0 (not a transform) pos=(4668.453,257.991,1251.494) radius=30.000
INFO 2026-07-27 15:26:43.982 joltshadow - docs §33: real ODE chassis geom (player) #7 = class 0 (not a transform) pos=(4668.453,257.991,1251.494) radius=6.436
INFO 2026-07-27 15:26:43.982 joltshadow - docs §33: real ODE chassis geom (player) #8 = class 0 (not a transform) pos=(4668.453,257.991,1251.494) radius=200.000
INFO 2026-07-27 15:26:43.983 joltshadow - docs §33: real ODE chassis (player) has 8 total geom(s) directly attached (4 transform(s)) - compare against BuildChassisCompoundShape's own part/geom count in the build log
INFO 2026-07-27 15:26:43.983 joltshadow - docs §28: REAL ODE wheel state (player) wheel=0 displacement=0.0255 range=1.000 (3% compressed, signed) foreAft=2.270 localZ=2.270 cfm=0.002500 erp=0.2500
INFO 2026-07-27 15:26:43.983 joltshadow - docs §28: REAL ODE wheel state (player) wheel=1 displacement=0.0259 range=1.000 (3% compressed, signed) foreAft=2.270 localZ=2.270 cfm=0.002500 erp=0.2500
INFO 2026-07-27 15:26:43.983 joltshadow - docs §28: REAL ODE wheel state (player) wheel=2 displacement=0.0281 range=1.000 (3% compressed, signed) foreAft=-2.062 localZ=-2.062 cfm=0.002500 erp=0.2500
INFO 2026-07-27 15:26:43.983 joltshadow - docs §28: REAL ODE wheel state (player) wheel=3 displacement=0.0277 range=1.000 (3% compressed, signed) foreAft=-2.062 localZ=-2.062 cfm=0.002500 erp=0.2500
INFO 2026-07-27 15:26:44.029 joltshadow - docs §70.1: slipdense (player) f=904 w=0 grounded=0 kappa=0.000 fnGround=0 omega=0.94 | ftGround=0N target=-29.1 limit=149Nm motorNm=-149 tyreNm=0 inertia=1.78 limRot=0/-0/0 omegaPre=1.95 posN=-0/-6/0 susp=-0.0031 springN=20
INFO 2026-07-27 15:26:44.029 joltshadow - docs §70.1: slipdense (player) f=904 w=1 grounded=0 kappa=0.000 fnGround=0 omega=0.95 | ftGround=0N target=-29.1 limit=149Nm motorNm=-149 tyreNm=0 inertia=1.78 limRot=0/-0/0 omegaPre=1.95 posN=-0/-6/0 susp=-0.0023 springN=19
INFO 2026-07-27 15:26:44.029 joltshadow - docs §70.1: slipdense (player) f=904 w=2 grounded=0 kappa=0.000 fnGround=0 omega=1.07 | ftGround=0N target=-29.1 limit=149Nm motorNm=-149 tyreNm=0 inertia=1.82 limRot=0/-0/-0 omegaPre=2.05 posN=-0/-6/0 susp=0.0012 springN=-7
INFO 2026-07-27 15:26:44.029 joltshadow - docs §70.1: slipdense (player) f=904 w=3 grounded=0 kappa=0.000 fnGround=0 omega=1.04 | ftGround=0N target=-29.1 limit=149Nm motorNm=-149 tyreNm=0 inertia=1.82 limRot=0/-0/-0 omegaPre=2.03 posN=-0/-6/0 susp=0.0022 springN=-8
INFO 2026-07-27 15:26:44.029 joltshadow - docs §78: attdense (player) f=904 joltTilt=1.02 odeTilt=1.09 upDelta=0.09 wBody=(0.07,0.00,-0.00) |w|=0.07 grounded=0
INFO 2026-07-27 15:26:44.072 joltshadow - docs §70.1: slipdense (player) f=908 w=0 grounded=0 kappa=0.000 fnGround=0 omega=4.54 | ftGround=0N target=29.1 limit=149Nm motorNm=149 tyreNm=0 inertia=1.78 limRot=0/0/0 omegaPre=3.46 posN=-0/6/0 susp=-0.0013 springN=-15
INFO 2026-07-27 15:26:44.072 joltshadow - docs §70.1: slipdense (player) f=908 w=1 grounded=0 kappa=0.000 fnGround=0 omega=4.54 | ftGround=0N target=29.1 limit=149Nm motorNm=149 tyreNm=0 inertia=1.78 limRot=0/0/0 omegaPre=3.46 posN=-0/6/0 susp=-0.0000 springN=-16
INFO 2026-07-27 15:26:44.072 joltshadow - docs §70.1: slipdense (player) f=908 w=2 grounded=0 kappa=0.000 fnGround=0 omega=4.60 | ftGround=0N target=29.1 limit=149Nm motorNm=149 tyreNm=0 inertia=1.82 limRot=0/-0/-0 omegaPre=3.53 posN=-0/6/0 susp=-0.0005 springN=12
INFO 2026-07-27 15:26:44.072 joltshadow - docs §70.1: slipdense (player) f=908 w=3 grounded=0 kappa=0.000 fnGround=0 omega=4.57 | ftGround=0N target=29.1 limit=149Nm motorNm=149 tyreNm=0 inertia=1.82 limRot=0/-0/-0 omegaPre=3.51 posN=-0/6/0 susp=0.0009 springN=11
INFO 2026-07-27 15:26:44.072 joltshadow - docs §78: attdense (player) f=908 joltTilt=0.90 odeTilt=1.09 upDelta=0.21 wBody=(0.04,0.00,-0.00) |w|=0.04 grounded=0
INFO 2026-07-27 15:26:44.118 joltshadow - docs §70.1: slipdense (player) f=912 w=0 grounded=0 kappa=0.000 fnGround=0 omega=4.38 | ftGround=0N target=-29.1 limit=149Nm motorNm=-149 tyreNm=0 inertia=1.78 limRot=0/1/0 omegaPre=5.38 posN=0/-7/0 susp=0.0001 springN=2
INFO 2026-07-27 15:26:44.118 joltshadow - docs §70.1: slipdense (player) f=912 w=1 grounded=0 kappa=0.000 fnGround=0 omega=4.38 | ftGround=0N target=-29.1 limit=149Nm motorNm=-149 tyreNm=0 inertia=1.78 limRot=0/0/0 omegaPre=5.38 posN=0/-7/0 susp=0.0013 springN=2
INFO 2026-07-27 15:26:44.119 joltshadow - docs §70.1: slipdense (player) f=912 w=2 grounded=0 kappa=0.000 fnGround=0 omega=4.43 | ftGround=0N target=-29.1 limit=149Nm motorNm=-149 tyreNm=0 inertia=1.82 limRot=0/0/-0 omegaPre=5.42 posN=0/-7/0 susp=-0.0013 springN=-1
INFO 2026-07-27 15:26:44.119 joltshadow - docs §70.1: slipdense (player) f=912 w=3 grounded=0 kappa=0.000 fnGround=0 omega=4.41 | ftGround=0N target=-29.1 limit=149Nm motorNm=-149 tyreNm=0 inertia=1.82 limRot=0/0/-0 omegaPre=5.39 posN=0/-7/0 susp=-0.0001 springN=-0
INFO 2026-07-27 15:26:44.119 joltshadow - docs §78: attdense (player) f=912 joltTilt=0.82 odeTilt=1.09 upDelta=0.29 wBody=(0.04,0.00,-0.00) |w|=0.04 grounded=0
INFO 2026-07-27 15:26:44.130 joltshadow - docs §82: resync (player) #22 dt=0.50s upMax=0.464 deg posMax=1.126 m odeTiltPath=0.020 deg gain=-1.0000
INFO 2026-07-27 15:26:44.130 joltshadow - docs §87: resync landing (player) w=0 pre=0.5038 post=-0.0095 m R=0.629 dY=-1.1152 dRotDeg=0.33 |corr|=1.1248 m
INFO 2026-07-27 15:26:44.130 joltshadow - docs §87: resync landing (player) w=1 pre=0.5070 post=-0.0091 m R=0.629 dY=-1.1152 dRotDeg=0.33 |corr|=1.1248 m
INFO 2026-07-27 15:26:44.130 joltshadow - docs §87: resync landing (player) w=2 pre=0.4471 post=-0.0097 m R=0.635 dY=-1.1152 dRotDeg=0.33 |corr|=1.1248 m
INFO 2026-07-27 15:26:44.130 joltshadow - docs §87: resync landing (player) w=3 pre=0.4506 post=-0.0092 m R=0.635 dY=-1.1152 dRotDeg=0.33 |corr|=1.1248 m
INFO 2026-07-27 15:26:44.130 joltshadow - docs §82: resync RESIDUAL (player) #22 pos=0.0000 m up=0.0000 deg
INFO 2026-07-27 15:26:44.163 joltshadow - docs §70.1: slipdense (player) f=916 w=0 grounded=1 kappa=0.207 fnGround=1200 omega=1.58 | ftGround=211N target=29.1 limit=149Nm motorNm=149 tyreNm=-124 inertia=1.78 limRot=0/4/0 omegaPre=1.41 posN=-5/-166/0 susp=-0.4735 springN=1881
INFO 2026-07-27 15:26:44.164 joltshadow - docs §70.1: slipdense (player) f=916 w=1 grounded=1 kappa=0.207 fnGround=1200 omega=1.57 | ftGround=211N target=29.1 limit=149Nm motorNm=149 tyreNm=-124 inertia=1.78 limRot=0/-5/0 omegaPre=1.41 posN=2/-166/0 susp=-0.4742 springN=1888
INFO 2026-07-27 15:26:44.164 joltshadow - docs §70.1: slipdense (player) f=916 w=2 grounded=1 kappa=0.224 fnGround=1200 omega=1.62 | ftGround=225N target=29.1 limit=149Nm motorNm=149 tyreNm=-127 inertia=1.82 limRot=0/-3/-0 omegaPre=1.47 posN=-4/-195/0 susp=-0.5291 springN=2532
INFO 2026-07-27 15:26:44.164 joltshadow - docs §70.1: slipdense (player) f=916 w=3 grounded=1 kappa=0.224 fnGround=1199 omega=1.62 | ftGround=225N target=29.1 limit=149Nm motorNm=149 tyreNm=-127 inertia=1.82 limRot=0/-3/-0 omegaPre=1.46 posN=-4/-195/0 susp=-0.5296 springN=2538
INFO 2026-07-27 15:26:44.164 joltshadow - docs §78: attdense (player) f=916 joltTilt=1.08 odeTilt=1.14 upDelta=0.07 wBody=(-0.25,0.00,-0.00) |w|=0.25 grounded=4
INFO 2026-07-27 15:26:44.211 joltshadow - docs §70.1: slipdense (player) f=920 w=0 grounded=1 kappa=0.150 fnGround=696 omega=2.12 | ftGround=228N target=29.1 limit=149Nm motorNm=149 tyreNm=-136 inertia=1.78 limRot=0/35/0 omegaPre=1.98 posN=-80/-189/0 susp=-0.2799 springN=398
INFO 2026-07-27 15:26:44.212 joltshadow - docs §70.1: slipdense (player) f=920 w=1 grounded=1 kappa=0.149 fnGround=709 omega=2.12 | ftGround=228N target=29.1 limit=149Nm motorNm=149 tyreNm=-136 inertia=1.78 limRot=0/-28/0 omegaPre=1.98 posN=75/-190/0 susp=-0.2827 springN=412
INFO 2026-07-27 15:26:44.212 joltshadow - docs §70.1: slipdense (player) f=920 w=2 grounded=1 kappa=0.147 fnGround=1199 omega=2.09 | ftGround=221N target=29.1 limit=149Nm motorNm=149 tyreNm=-130 inertia=1.82 limRot=0/2/-0 omegaPre=1.92 posN=5/-202/0 susp=-0.4040 springN=1309
INFO 2026-07-27 15:26:44.212 joltshadow - docs §70.1: slipdense (player) f=920 w=3 grounded=1 kappa=0.148 fnGround=1199 omega=2.09 | ftGround=221N target=29.1 limit=149Nm motorNm=149 tyreNm=-130 inertia=1.82 limRot=0/2/-0 omegaPre=1.92 posN=5/-204/0 susp=-0.4071 springN=1328
INFO 2026-07-27 15:26:44.212 joltshadow - docs §78: attdense (player) f=920 joltTilt=1.77 odeTilt=1.22 upDelta=0.55 wBody=(-0.26,0.00,-0.00) |w|=0.26 grounded=4
INFO 2026-07-27 15:26:44.257 joltshadow - docs §70.1: slipdense (player) f=924 w=0 grounded=0 kappa=0.000 fnGround=0 omega=4.42 | ftGround=0N target=29.1 limit=149Nm motorNm=149 tyreNm=0 inertia=1.78 limRot=0/624/0 omegaPre=3.42 posN=-1/10/0 susp=-0.1039 springN=-341
INFO 2026-07-27 15:26:44.257 joltshadow - docs §70.1: slipdense (player) f=924 w=1 grounded=0 kappa=0.000 fnGround=0 omega=4.42 | ftGround=0N target=29.1 limit=149Nm motorNm=149 tyreNm=0 inertia=1.78 limRot=0/-662/0 omegaPre=3.42 posN=-1/10/0 susp=-0.1040 springN=-346
INFO 2026-07-27 15:26:44.257 joltshadow - docs §70.1: slipdense (player) f=924 w=2 grounded=1 kappa=0.134 fnGround=634 omega=2.29 | ftGround=250N target=29.1 limit=149Nm motorNm=149 tyreNm=-152 inertia=1.82 limRot=0/6/0 omegaPre=2.30 posN=10/-260/0 susp=-0.2361 springN=403
INFO 2026-07-27 15:26:44.257 joltshadow - docs §70.1: slipdense (player) f=924 w=3 grounded=1 kappa=0.134 fnGround=641 omega=2.29 | ftGround=249N target=29.1 limit=149Nm motorNm=149 tyreNm=-151 inertia=1.82 limRot=0/6/0 omegaPre=2.30 posN=10/-259/0 susp=-0.2369 springN=406
INFO 2026-07-27 15:26:44.257 joltshadow - docs §78: attdense (player) f=924 joltTilt=2.30 odeTilt=1.29 upDelta=1.01 wBody=(-0.14,0.00,0.00) |w|=0.14 grounded=2
INFO 2026-07-27 15:26:44.308 joltshadow - docs §70.1: slipdense (player) f=928 w=0 grounded=0 kappa=0.000 fnGround=0 omega=8.66 | ftGround=0N target=29.1 limit=149Nm motorNm=149 tyreNm=0 inertia=1.78 limRot=0/478/-661 omegaPre=7.57 posN=0/2/0 susp=-0.0066 springN=-238
INFO 2026-07-27 15:26:44.308 joltshadow - docs §70.1: slipdense (player) f=928 w=1 grounded=0 kappa=0.000 fnGround=0 omega=8.62 | ftGround=0N target=29.1 limit=149Nm motorNm=149 tyreNm=0 inertia=1.78 limRot=0/-528/-623 omegaPre=7.53 posN=0/2/0 susp=-0.0045 springN=-241
INFO 2026-07-27 15:26:44.308 joltshadow - docs §70.1: slipdense (player) f=928 w=2 grounded=0 kappa=0.000 fnGround=0 omega=5.07 | ftGround=0N target=29.1 limit=149Nm motorNm=149 tyreNm=0 inertia=1.82 limRot=0/-0/-0 omegaPre=4.00 posN=-0/3/0 susp=-0.0840 springN=-248
INFO 2026-07-27 15:26:44.308 joltshadow - docs §70.1: slipdense (player) f=928 w=3 grounded=0 kappa=0.000 fnGround=0 omega=5.04 | ftGround=0N target=29.1 limit=149Nm motorNm=149 tyreNm=0 inertia=1.82 limRot=0/-0/-0 omegaPre=3.98 posN=-0/3/0 susp=-0.0828 springN=-247
INFO 2026-07-27 15:26:44.308 joltshadow - docs §78: attdense (player) f=928 joltTilt=2.54 odeTilt=1.33 upDelta=1.21 wBody=(-0.06,0.00,-0.00) |w|=0.06 grounded=0
INFO 2026-07-27 15:26:44.354 joltshadow - docs §70.1: slipdense (player) f=932 w=0 grounded=0 kappa=0.000 fnGround=0 omega=12.51 | ftGround=0N target=29.1 limit=149Nm motorNm=149 tyreNm=0 inertia=1.78 limRot=0/115/-807 omegaPre=11.50 posN=-1/10/0 susp=0.0084 springN=-67
INFO 2026-07-27 15:26:44.354 joltshadow - docs §70.1: slipdense (player) f=932 w=1 grounded=0 kappa=0.000 fnGround=0 omega=12.46 | ftGround=0N target=29.1 limit=149Nm motorNm=149 tyreNm=0 inertia=1.78 limRot=0/-175/-796 omegaPre=11.46 posN=-1/10/0 susp=0.0122 springN=-72
INFO 2026-07-27 15:26:44.354 joltshadow - docs §70.1: slipdense (player) f=932 w=2 grounded=0 kappa=0.000 fnGround=0 omega=8.85 | ftGround=0N target=29.1 limit=149Nm motorNm=149 tyreNm=0 inertia=1.82 limRot=0/-0/-0 omegaPre=7.86 posN=-0/11/0 susp=-0.0120 springN=-198
INFO 2026-07-27 15:26:44.354 joltshadow - docs §70.1: slipdense (player) f=932 w=3 grounded=0 kappa=0.000 fnGround=0 omega=8.82 | ftGround=0N target=29.1 limit=149Nm motorNm=149 tyreNm=0 inertia=1.82 limRot=0/-0/-0 omegaPre=7.83 posN=-0/11/0 susp=-0.0084 springN=-204
INFO 2026-07-27 15:26:44.354 joltshadow - docs §78: attdense (player) f=932 joltTilt=2.74 odeTilt=1.33 upDelta=1.42 wBody=(-0.10,0.00,-0.01) |w|=0.10 grounded=0
INFO 2026-07-27 15:26:44.403 joltshadow - docs §70.1: slipdense (player) f=936 w=0 grounded=0 kappa=0.000 fnGround=0 omega=16.61 | ftGround=0N target=29.1 limit=149Nm motorNm=149 tyreNm=0 inertia=1.78 limRot=0/-443/0 omegaPre=15.60 posN=-17/-1/0 susp=0.0041 springN=-6
INFO 2026-07-27 15:26:44.403 joltshadow - docs §70.1: slipdense (player) f=936 w=1 grounded=0 kappa=0.000 fnGround=0 omega=16.57 | ftGround=0N target=29.1 limit=149Nm motorNm=149 tyreNm=0 inertia=1.78 limRot=0/385/-719 omegaPre=15.56 posN=-17/15/0 susp=0.0089 springN=-10
INFO 2026-07-27 15:26:44.404 joltshadow - docs §70.1: slipdense (player) f=936 w=2 grounded=0 kappa=0.000 fnGround=0 omega=12.87 | ftGround=0N target=29.1 limit=149Nm motorNm=149 tyreNm=0 inertia=1.82 limRot=0/-0/0 omegaPre=11.88 posN=13/-0/0 susp=0.0043 springN=-50
INFO 2026-07-27 15:26:44.404 joltshadow - docs §70.1: slipdense (player) f=936 w=3 grounded=0 kappa=0.000 fnGround=0 omega=12.84 | ftGround=0N target=29.1 limit=149Nm motorNm=149 tyreNm=0 inertia=1.82 limRot=0/-0/0 omegaPre=11.86 posN=13/17/0 susp=0.0094 springN=-55
INFO 2026-07-27 15:26:44.404 joltshadow - docs §78: attdense (player) f=936 joltTilt=3.11 odeTilt=1.31 upDelta=1.80 wBody=(-0.15,0.00,-0.01) |w|=0.15 grounded=0
INFO 2026-07-27 15:26:44.459 joltshadow - docs §70.1: slipdense (player) f=940 w=0 grounded=0 kappa=0.000 fnGround=0 omega=20.45 | ftGround=0N target=46.5 limit=93Nm motorNm=93 tyreNm=0 inertia=1.78 limRot=0/-814/0 omegaPre=19.82 posN=1/3/0 susp=0.0008 springN=-4
INFO 2026-07-27 15:26:44.459 joltshadow - docs §70.1: slipdense (player) f=940 w=1 grounded=0 kappa=0.000 fnGround=0 omega=20.40 | ftGround=0N target=46.5 limit=93Nm motorNm=93 tyreNm=0 inertia=1.78 limRot=0/814/-31 omegaPre=19.78 posN=1/2/0 susp=0.0046 springN=-2
INFO 2026-07-27 15:26:44.459 joltshadow - docs §70.1: slipdense (player) f=940 w=2 grounded=0 kappa=0.000 fnGround=0 omega=16.63 | ftGround=0N target=46.5 limit=93Nm motorNm=93 tyreNm=0 inertia=1.82 limRot=0/-0/-0 omegaPre=16.02 posN=-1/4/0 susp=0.0006 springN=12
INFO 2026-07-27 15:26:44.459 joltshadow - docs §70.1: slipdense (player) f=940 w=3 grounded=0 kappa=0.000 fnGround=0 omega=16.61 | ftGround=0N target=46.5 limit=93Nm motorNm=93 tyreNm=0 inertia=1.82 limRot=0/-0/-0 omegaPre=15.99 posN=-1/3/0 susp=0.0048 springN=13
INFO 2026-07-27 15:26:44.459 joltshadow - docs §78: attdense (player) f=940 joltTilt=3.67 odeTilt=1.31 upDelta=2.37 wBody=(-0.19,0.01,-0.01) |w|=0.19 grounded=0
INFO 2026-07-27 15:26:44.508 joltshadow - docs §70.1: slipdense (player) f=944 w=0 grounded=0 kappa=0.000 fnGround=0 omega=23.60 | ftGround=0N target=46.5 limit=93Nm motorNm=93 tyreNm=0 inertia=1.78 limRot=0/663/0 omegaPre=23.10 posN=-11/-2/0 susp=0.0002 springN=-15
INFO 2026-07-27 15:26:44.508 joltshadow - docs §70.1: slipdense (player) f=944 w=1 grounded=0 kappa=0.000 fnGround=0 omega=23.62 | ftGround=0N target=46.5 limit=93Nm motorNm=93 tyreNm=0 inertia=1.78 limRot=0/-466/0 omegaPre=23.09 posN=-11/9/0 susp=0.0040 springN=-11
INFO 2026-07-27 15:26:44.508 joltshadow - docs §70.1: slipdense (player) f=944 w=2 grounded=0 kappa=0.000 fnGround=0 omega=19.92 | ftGround=0N target=46.5 limit=93Nm motorNm=93 tyreNm=0 inertia=1.82 limRot=0/0/0 omegaPre=19.30 posN=11/-1/0 susp=-0.0030 springN=17
INFO 2026-07-27 15:26:44.508 joltshadow - docs §70.1: slipdense (player) f=944 w=3 grounded=0 kappa=0.000 fnGround=0 omega=19.89 | ftGround=0N target=46.5 limit=93Nm motorNm=93 tyreNm=0 inertia=1.82 limRot=0/0/0 omegaPre=19.28 posN=11/12/0 susp=0.0012 springN=21
INFO 2026-07-27 15:26:44.508 joltshadow - docs §78: attdense (player) f=944 joltTilt=4.25 odeTilt=1.28 upDelta=2.98 wBody=(-0.22,0.00,-0.01) |w|=0.22 grounded=0
INFO 2026-07-27 15:26:44.558 joltshadow - docs §70.1: slipdense (player) f=948 w=0 grounded=0 kappa=0.000 fnGround=0 omega=26.56 | ftGround=0N target=46.5 limit=93Nm motorNm=93 tyreNm=0 inertia=1.78 limRot=0/-16/0 omegaPre=25.98 posN=1/2/0 susp=0.0017 springN=-14
INFO 2026-07-27 15:26:44.558 joltshadow - docs §70.1: slipdense (player) f=948 w=1 grounded=0 kappa=0.000 fnGround=0 omega=26.54 | ftGround=0N target=46.5 limit=93Nm motorNm=93 tyreNm=0 inertia=1.78 limRot=0/18/0 omegaPre=25.97 posN=1/2/0 susp=0.0024 springN=-7
INFO 2026-07-27 15:26:44.558 joltshadow - docs §70.1: slipdense (player) f=948 w=2 grounded=0 kappa=0.000 fnGround=0 omega=22.88 | ftGround=0N target=46.5 limit=93Nm motorNm=93 tyreNm=0 inertia=1.82 limRot=0/-0/0 omegaPre=22.32 posN=1/4/0 susp=-0.0022 springN=6
INFO 2026-07-27 15:26:44.558 joltshadow - docs §70.1: slipdense (player) f=948 w=3 grounded=0 kappa=0.000 fnGround=0 omega=22.86 | ftGround=0N target=46.5 limit=93Nm motorNm=93 tyreNm=0 inertia=1.82 limRot=0/-0/0 omegaPre=22.29 posN=1/4/0 susp=-0.0013 springN=14
INFO 2026-07-27 15:26:44.558 joltshadow - docs §78: attdense (player) f=948 joltTilt=4.91 odeTilt=1.24 upDelta=3.67 wBody=(-0.24,0.01,-0.00) |w|=0.24 grounded=0
INFO 2026-07-27 15:26:44.608 joltshadow - docs §70.1: slipdense (player) f=952 w=0 grounded=0 kappa=0.000 fnGround=0 omega=28.92 | ftGround=0N target=46.5 limit=93Nm motorNm=93 tyreNm=0 inertia=1.78 limRot=0/-10/0 omegaPre=28.19 posN=-1/2/0 susp=-0.0001 springN=-5
INFO 2026-07-27 15:26:44.608 joltshadow - docs §70.1: slipdense (player) f=952 w=1 grounded=0 kappa=0.000 fnGround=0 omega=28.91 | ftGround=0N target=46.5 limit=93Nm motorNm=93 tyreNm=0 inertia=1.78 limRot=0/6/0 omegaPre=28.18 posN=-1/2/0 susp=0.0037 springN=-12
INFO 2026-07-27 15:26:44.608 joltshadow - docs §70.1: slipdense (player) f=952 w=2 grounded=0 kappa=0.000 fnGround=0 omega=25.20 | ftGround=0N target=46.5 limit=93Nm motorNm=93 tyreNm=0 inertia=1.82 limRot=0/-0/-1 omegaPre=24.48 posN=-1/5/0 susp=-0.0034 springN=8
INFO 2026-07-27 15:26:44.608 joltshadow - docs §70.1: slipdense (player) f=952 w=3 grounded=0 kappa=0.000 fnGround=0 omega=25.18 | ftGround=0N target=46.5 limit=93Nm motorNm=93 tyreNm=0 inertia=1.82 limRot=0/-0/-1 omegaPre=24.46 posN=-1/4/0 susp=0.0007 springN=2
INFO 2026-07-27 15:26:44.608 joltshadow - docs §78: attdense (player) f=952 joltTilt=5.64 odeTilt=1.25 upDelta=4.41 wBody=(-0.26,0.01,-0.01) |w|=0.26 grounded=0
INFO 2026-07-27 15:26:44.631 joltshadow - docs §82: resync (player) #23 dt=0.50s upMax=4.748 deg posMax=1.361 m odeTiltPath=0.395 deg gain=12.0227
INFO 2026-07-27 15:26:44.631 joltshadow - docs §87: resync landing (player) w=0 pre=0.7564 post=0.0039 m R=0.629 dY=-1.1648 dRotDeg=4.75 |corr|=1.3614 m
INFO 2026-07-27 15:26:44.631 joltshadow - docs §87: resync landing (player) w=1 pre=0.7705 post=-0.0090 m R=0.629 dY=-1.1648 dRotDeg=4.75 |corr|=1.3614 m
INFO 2026-07-27 15:26:44.631 joltshadow - docs §87: resync landing (player) w=2 pre=0.3099 post=-0.0096 m R=0.635 dY=-1.1648 dRotDeg=4.75 |corr|=1.3614 m
INFO 2026-07-27 15:26:44.631 joltshadow - docs §87: resync landing (player) w=3 pre=0.3254 post=-0.0092 m R=0.635 dY=-1.1648 dRotDeg=4.75 |corr|=1.3614 m
INFO 2026-07-27 15:26:44.631 joltshadow - docs §82: resync RESIDUAL (player) #23 pos=0.0000 m up=0.0198 deg
INFO 2026-07-27 15:26:44.653 joltshadow - docs §70.1: slipdense (player) f=956 w=0 grounded=1 kappa=0.557 fnGround=1197 omega=13.35 | ftGround=2366N target=46.5 limit=93Nm motorNm=93 tyreNm=-1392 inertia=1.78 limRot=0/182/0 omegaPre=21.28 posN=257/-1850/0 susp=-0.4931 springN=2140
INFO 2026-07-27 15:26:44.653 joltshadow - docs §70.1: slipdense (player) f=956 w=1 grounded=1 kappa=0.615 fnGround=1196 omega=13.77 | ftGround=2369N target=46.5 limit=93Nm motorNm=93 tyreNm=-1690 inertia=1.78 limRot=0/197/0 omegaPre=22.55 posN=123/-1835/0 susp=-0.4979 springN=2194
INFO 2026-07-27 15:26:44.654 joltshadow - docs §70.1: slipdense (player) f=956 w=2 grounded=1 kappa=0.356 fnGround=1196 omega=12.17 | ftGround=2341N target=46.5 limit=93Nm motorNm=93 tyreNm=-1309 inertia=1.82 limRot=0/-58/-5 omegaPre=19.60 posN=-92/-1855/0 susp=-0.5461 springN=2836
INFO 2026-07-27 15:26:44.654 joltshadow - docs §70.1: slipdense (player) f=956 w=3 grounded=1 kappa=0.319 fnGround=1196 omega=11.95 | ftGround=2326N target=46.5 limit=93Nm motorNm=93 tyreNm=-1295 inertia=1.82 limRot=0/-57/-7 omegaPre=19.32 posN=-91/-1807/0 susp=-0.5502 springN=2892
INFO 2026-07-27 15:26:44.654 joltshadow - docs §78: attdense (player) f=956 joltTilt=1.18 odeTilt=1.29 upDelta=0.11 wBody=(-0.28,-0.02,-0.04) |w|=0.29 grounded=4
INFO 2026-07-27 15:26:44.697 joltshadow - docs §70.1: slipdense (player) f=960 w=0 grounded=1 kappa=0.031 fnGround=903 omega=10.78 | ftGround=320N target=29.1 limit=149Nm motorNm=149 tyreNm=-177 inertia=1.78 limRot=0/1583/0 omegaPre=10.87 posN=1639/-8/0 susp=-0.3233 springN=593
INFO 2026-07-27 15:26:44.697 joltshadow - docs §70.1: slipdense (player) f=960 w=1 grounded=1 kappa=0.034 fnGround=762 omega=10.49 | ftGround=348N target=29.1 limit=149Nm motorNm=149 tyreNm=-205 inertia=1.78 limRot=0/-1309/0 omegaPre=10.67 posN=-1490/-86/0 susp=-0.3505 springN=753
INFO 2026-07-27 15:26:44.697 joltshadow - docs §70.1: slipdense (player) f=960 w=2 grounded=1 kappa=0.026 fnGround=1196 omega=10.78 | ftGround=268N target=29.1 limit=149Nm motorNm=149 tyreNm=-142 inertia=1.82 limRot=0/-23/-1 omegaPre=10.79 posN=-29/-288/0 susp=-0.4585 springN=1737
INFO 2026-07-27 15:26:44.697 joltshadow - docs §70.1: slipdense (player) f=960 w=3 grounded=1 kappa=0.025 fnGround=1196 omega=11.09 | ftGround=265N target=29.1 limit=149Nm motorNm=149 tyreNm=-139 inertia=1.82 limRot=0/-22/-1 omegaPre=11.08 posN=-27/-274/0 susp=-0.4670 springN=1822
INFO 2026-07-27 15:26:44.698 joltshadow - docs §78: attdense (player) f=960 joltTilt=1.87 odeTilt=1.28 upDelta=0.60 wBody=(-0.34,-0.08,-0.05) |w|=0.35 grounded=4
INFO 2026-07-27 15:26:44.698 joltshadow - Shadow divergence (player): pos=1.491m vel=3.922m/s angle=0.6deg (jolt com=[4668.2 259.4 1250.3] ode com=[4668.1 258.0 1250.0])
INFO 2026-07-27 15:26:44.698 joltshadow - docs §23.6: driver input (player) realThrottle=1.00 brake=0.01 handBrake=0 steerRad=0.000
INFO 2026-07-27 15:26:44.698 joltshadow - docs §32: Jolt SHADOW chassis pitch (player) forward=(-0.221, 0.033, -0.975)
INFO 2026-07-27 15:26:44.698 joltshadow - docs §69: tilt (player) jolt=1.9 deg ode=1.3 deg delta=+0.6 deg upDelta=0.60 deg
INFO 2026-07-27 15:26:44.698 joltshadow - docs §32.4: Jolt SHADOW chassis lowest corner (player) = (4667.43,258.00,1253.71) clearanceToGround=0.000
INFO 2026-07-27 15:26:44.698 joltshadow - docs §23.5: wheel state (player) wheel=0 contact=0 suspLen=1.050 (range 0.050-1.050, 0% compressed) angVel=0.00
INFO 2026-07-27 15:26:44.698 joltshadow - docs §38.11: wheel=0 NO contact, worldAxle=(0.975,0.003,-0.221)
INFO 2026-07-27 15:26:44.698 joltshadow - docs §32: no-contact raycast (player) wheel=0 bodyPos=(4668.10,258.70,1249.92) localMPos=(-1.155,0.060,2.270) origin=(4668.72,258.84,1247.46) dir=(-0.004,-0.999,-0.032) normalRayLen=1.679 groundFoundAt=0.000 shortfallBeyondTravel=-1.679 hitBody=8475716 hitLayer=4 hitMotion=2 hitIsSelfChassis=0
INFO 2026-07-27 15:26:44.698 joltshadow - docs §23.5: wheel state (player) wheel=1 contact=0 suspLen=1.050 (range 0.050-1.050, 0% compressed) angVel=0.00
INFO 2026-07-27 15:26:44.698 joltshadow - docs §38.11: wheel=1 NO contact, worldAxle=(0.975,0.003,-0.221)
INFO 2026-07-27 15:26:44.698 joltshadow - docs §32: no-contact raycast (player) wheel=1 bodyPos=(4668.10,258.70,1249.92) localMPos=(1.155,0.059,2.270) origin=(4666.47,258.83,1247.97) dir=(-0.004,-0.999,-0.032) normalRayLen=1.679 groundFoundAt=0.000 shortfallBeyondTravel=-1.679 hitBody=8475717 hitLayer=4 hitMotion=2 hitIsSelfChassis=0
INFO 2026-07-27 15:26:44.698 joltshadow - docs §23.5: wheel state (player) wheel=2 contact=0 suspLen=1.050 (range 0.050-1.050, 0% compressed) angVel=0.00
INFO 2026-07-27 15:26:44.698 joltshadow - docs §38.11: wheel=2 NO contact, worldAxle=(0.975,0.003,-0.221)
INFO 2026-07-27 15:26:44.699 joltshadow - docs §32: no-contact raycast (player) wheel=2 bodyPos=(4668.10,258.70,1249.92) localMPos=(-1.253,0.145,-2.062) origin=(4669.77,258.79,1251.66) dir=(-0.004,-0.999,-0.032) normalRayLen=1.685 groundFoundAt=0.000 shortfallBeyondTravel=-1.685 hitBody=8475718 hitLayer=4 hitMotion=2 hitIsSelfChassis=0
INFO 2026-07-27 15:26:44.699 joltshadow - docs §23.5: wheel state (player) wheel=3 contact=0 suspLen=1.050 (range 0.050-1.050, 0% compressed) angVel=0.00
INFO 2026-07-27 15:26:44.699 joltshadow - docs §38.11: wheel=3 NO contact, worldAxle=(0.975,0.003,-0.221)
INFO 2026-07-27 15:26:44.699 joltshadow - docs §32: no-contact raycast (player) wheel=3 bodyPos=(4668.10,258.70,1249.92) localMPos=(1.253,0.146,-2.062) origin=(4667.33,258.78,1252.21) dir=(-0.004,-0.999,-0.032) normalRayLen=1.685 groundFoundAt=0.000 shortfallBeyondTravel=-1.685 hitBody=8475719 hitLayer=4 hitMotion=2 hitIsSelfChassis=0
INFO 2026-07-27 15:26:44.699 joltshadow - docs §59/63: harvest (player) wheelsWithContact=4 contactPoints=10 overflow=0 (of 4) | maxNormalF=1196N bound(k_t*tau)=1200N ratio=1.00
INFO 2026-07-27 15:26:44.699 joltshadow - docs §58: wheel body (player) w=0 springF=593N stopF=0N travel=-0.3233 (limits -0.5000..0.5000 rel spawn) kSusp=6000 sagPredicted=0.0989 | frameTrav=-0.3602..-0.3233 frameStopN=0
INFO 2026-07-27 15:26:44.699 joltshadow - docs §66: tyre band (player) w=0 fnGround=903N fnTotal=904N pen=0.01000 penRaw=0.02808 tau=0.01000 pen/tau=1.00 | recs tyre=1 rim=1 survived=1 stale=0 distMax=0.96R
INFO 2026-07-27 15:26:44.699 joltshadow - docs §68: steer (player) w=0 steerable=1 commanded=0.000 rad measured=-0.211 rad err=-12.11 deg steerSign=-1 steerTq=-729Nm cap=2904Nm sat=0.25
INFO 2026-07-27 15:26:44.699 joltshadow - docs §70: slip (player) w=0 grounded=1 kappa=0.031 fnGround=903N omega=10.78
INFO 2026-07-27 15:26:44.699 joltshadow - docs §67: spin (player) w=0 driven=1 omega=10.78 rad/s surfaceSpeed=6.78 m/s spinSign=+1 motorTq=149Nm cmdTq=149Nm
INFO 2026-07-27 15:26:44.699 joltshadow - docs §58: wheel body (player) w=1 springF=753N stopF=0N travel=-0.3505 (limits -0.5000..0.5000 rel spawn) kSusp=6000 sagPredicted=0.1255 | frameTrav=-0.3871..-0.3505 frameStopN=0
INFO 2026-07-27 15:26:44.699 joltshadow - docs §66: tyre band (player) w=1 fnGround=762N fnTotal=769N pen=0.00858 penRaw=0.00858 tau=0.01000 pen/tau=0.86 | recs tyre=2 rim=2 survived=2 stale=0 distMax=0.99R
INFO 2026-07-27 15:26:44.699 joltshadow - docs §68: steer (player) w=1 steerable=1 commanded=0.000 rad measured=0.186 rad err=10.67 deg steerSign=-1 steerTq=535Nm cap=1284Nm sat=0.42
INFO 2026-07-27 15:26:44.699 joltshadow - docs §70: slip (player) w=1 grounded=1 kappa=0.034 fnGround=762N omega=10.49
INFO 2026-07-27 15:26:44.699 joltshadow - docs §67: spin (player) w=1 driven=1 omega=10.49 rad/s surfaceSpeed=6.60 m/s spinSign=+1 motorTq=149Nm cmdTq=149Nm
INFO 2026-07-27 15:26:44.699 joltshadow - docs §58: wheel body (player) w=2 springF=1737N stopF=0N travel=-0.4585 (limits -0.5000..0.5000 rel spawn) kSusp=6000 sagPredicted=0.2895 | frameTrav=-0.4841..-0.4585 frameStopN=0
INFO 2026-07-27 15:26:44.699 joltshadow - docs §66: tyre band (player) w=2 fnGround=1196N fnTotal=1200N pen=0.01000 penRaw=0.03100 tau=0.01000 pen/tau=1.00 | recs tyre=1 rim=1 survived=1 stale=0 distMax=0.95R
INFO 2026-07-27 15:26:44.699 joltshadow - docs §68: steer (player) w=2 steerable=0 commanded=0.000 rad measured=0.000 rad err=0.00 deg steerSign=-1 steerTq=0Nm cap=340282346638528859811704183484516925440Nm sat=0.00
INFO 2026-07-27 15:26:44.699 joltshadow - docs §70: slip (player) w=2 grounded=1 kappa=0.026 fnGround=1196N omega=10.78
INFO 2026-07-27 15:26:44.699 joltshadow - docs §67: spin (player) w=2 driven=1 omega=10.78 rad/s surfaceSpeed=6.85 m/s spinSign=+1 motorTq=149Nm cmdTq=149Nm
INFO 2026-07-27 15:26:44.699 joltshadow - docs §58: wheel body (player) w=3 springF=1822N stopF=0N travel=-0.4670 (limits -0.5000..0.5000 rel spawn) kSusp=6000 sagPredicted=0.3037 | frameTrav=-0.4913..-0.4670 frameStopN=0
INFO 2026-07-27 15:26:44.699 joltshadow - docs §66: tyre band (player) w=3 fnGround=1196N fnTotal=1200N pen=0.01000 penRaw=0.03140 tau=0.01000 pen/tau=1.00 | recs tyre=1 rim=1 survived=1 stale=0 distMax=0.95R
INFO 2026-07-27 15:26:44.700 joltshadow - docs §68: steer (player) w=3 steerable=0 commanded=0.000 rad measured=0.000 rad err=0.00 deg steerSign=-1 steerTq=0Nm cap=340282346638528859811704183484516925440Nm sat=0.00
INFO 2026-07-27 15:26:44.700 joltshadow - docs §70: slip (player) w=3 grounded=1 kappa=0.025 fnGround=1196N omega=11.09
INFO 2026-07-27 15:26:44.700 joltshadow - docs §67: spin (player) w=3 driven=1 omega=11.09 rad/s surfaceSpeed=7.05 m/s spinSign=+1 motorTq=149Nm cmdTq=149Nm
INFO 2026-07-27 15:26:44.700 joltshadow - docs §67: drivetrain (player) gear=0 rpm=2238 driveTorque=600Nm perWheel=150Nm driven=4 throttle=1.00 spin=1 | PRE-STEP brake=0.01 handBrake=0
INFO 2026-07-27 15:26:44.700 joltshadow - docs §66: tyre band SUM (player) fnGroundSum=4056N fnTotalSum=4073N weight=1295N carried=3.15 | penSum=0.03858 recs tyre=5 rim=5 stale=0
INFO 2026-07-27 15:26:44.700 joltshadow - docs §30: REAL ODE chassis COM (player) body=54AA14C8 = (4668.104, 257.994, 1249.968) forward=(-0.223, 0.022, -0.975)
INFO 2026-07-27 15:26:44.700 joltshadow - docs §33: real ODE chassis geom (player) #1 = class 0 (not a transform) pos=(4668.104,257.994,1249.968) radius=4.500
INFO 2026-07-27 15:26:44.700 joltshadow - docs §33: real ODE chassis geom (player) #2 = transform, inner class=1 pos=(0.000,1.095,-0.495)
INFO 2026-07-27 15:26:44.700 joltshadow - docs §33: real ODE chassis geom (player) #3 = transform, inner class=1 pos=(0.353,3.466,0.718)
INFO 2026-07-27 15:26:44.700 joltshadow - docs §33: real ODE chassis geom (player) #4 = transform, inner class=1 pos=(0.000,1.818,1.842)
INFO 2026-07-27 15:26:44.700 joltshadow - docs §33: real ODE chassis geom (player) #5 = transform, inner class=1 pos=(0.006,1.981,-2.113)
INFO 2026-07-27 15:26:44.700 joltshadow - docs §33: real ODE chassis geom (player) #6 = class 0 (not a transform) pos=(4668.104,257.994,1249.968) radius=30.000
INFO 2026-07-27 15:26:44.700 joltshadow - docs §33: real ODE chassis geom (player) #7 = class 0 (not a transform) pos=(4668.104,257.994,1249.968) radius=6.436
INFO 2026-07-27 15:26:44.700 joltshadow - docs §33: real ODE chassis geom (player) #8 = class 0 (not a transform) pos=(4668.104,257.994,1249.968) radius=200.000
INFO 2026-07-27 15:26:44.700 joltshadow - docs §33: real ODE chassis (player) has 8 total geom(s) directly attached (4 transform(s)) - compare against BuildChassisCompoundShape's own part/geom count in the build log
INFO 2026-07-27 15:26:44.700 joltshadow - docs §28: REAL ODE wheel state (player) wheel=0 displacement=0.0193 range=1.000 (2% compressed, signed) foreAft=2.270 localZ=2.270 cfm=0.002500 erp=0.2500
INFO 2026-07-27 15:26:44.700 joltshadow - docs §28: REAL ODE wheel state (player) wheel=1 displacement=0.0309 range=1.000 (3% compressed, signed) foreAft=2.270 localZ=2.270 cfm=0.002500 erp=0.2500
INFO 2026-07-27 15:26:44.700 joltshadow - docs §28: REAL ODE wheel state (player) wheel=2 displacement=0.0290 range=1.000 (3% compressed, signed) foreAft=-2.062 localZ=-2.062 cfm=0.002500 erp=0.2500
INFO 2026-07-27 15:26:44.700 joltshadow - docs §28: REAL ODE wheel state (player) wheel=3 displacement=0.0336 range=1.000 (3% compressed, signed) foreAft=-2.062 localZ=-2.062 cfm=0.002500 erp=0.2500
INFO 2026-07-27 15:26:44.751 joltshadow - docs §70.1: slipdense (player) f=964 w=0 grounded=0 kappa=0.000 fnGround=0 omega=11.45 | ftGround=0N target=29.1 limit=149Nm motorNm=149 tyreNm=0 inertia=1.78 limRot=0/794/-176 omegaPre=10.36 posN=-3/8/0 susp=-0.1041 springN=-345
INFO 2026-07-27 15:26:44.752 joltshadow - docs §70.1: slipdense (player) f=964 w=1 grounded=0 kappa=0.000 fnGround=0 omega=12.21 | ftGround=0N target=29.1 limit=149Nm motorNm=149 tyreNm=0 inertia=1.78 limRot=0/-777/-236 omegaPre=11.12 posN=-3/8/0 susp=-0.1081 springN=-426
INFO 2026-07-27 15:26:44.752 joltshadow - docs §70.1: slipdense (player) f=964 w=2 grounded=1 kappa=0.033 fnGround=705 omega=10.84 | ftGround=291N target=29.1 limit=149Nm motorNm=149 tyreNm=-164 inertia=1.82 limRot=0/7/-0 omegaPre=10.88 posN=7/-309/0 susp=-0.2541 springN=463
INFO 2026-07-27 15:26:44.752 joltshadow - docs §70.1: slipdense (player) f=964 w=3 grounded=1 kappa=0.032 fnGround=798 omega=11.32 | ftGround=293N target=29.1 limit=149Nm motorNm=149 tyreNm=-162 inertia=1.82 limRot=0/8/0 omegaPre=11.34 posN=9/-317/0 susp=-0.2670 springN=557
INFO 2026-07-27 15:26:44.752 joltshadow - docs §78: attdense (player) f=964 joltTilt=2.62 odeTilt=1.35 upDelta=1.33 wBody=(-0.13,-0.11,-0.06) |w|=0.18 grounded=2
INFO 2026-07-27 15:26:44.802 joltshadow - docs §70.1: slipdense (player) f=968 w=0 grounded=0 kappa=0.000 fnGround=0 omega=15.63 | ftGround=0N target=29.1 limit=149Nm motorNm=149 tyreNm=0 inertia=1.78 limRot=0/653/0 omegaPre=14.55 posN=1/-4/0 susp=-0.0070 springN=-239
INFO 2026-07-27 15:26:44.802 joltshadow - docs §70.1: slipdense (player) f=968 w=1 grounded=0 kappa=0.000 fnGround=0 omega=16.39 | ftGround=0N target=29.1 limit=149Nm motorNm=149 tyreNm=0 inertia=1.78 limRot=0/-680/0 omegaPre=15.31 posN=1/-3/0 susp=-0.0018 springN=-282
INFO 2026-07-27 15:26:44.802 joltshadow - docs §70.1: slipdense (player) f=968 w=2 grounded=0 kappa=0.000 fnGround=0 omega=13.03 | ftGround=0N target=29.1 limit=149Nm motorNm=149 tyreNm=0 inertia=1.82 limRot=0/2/1 omegaPre=11.96 posN=1/-2/0 susp=-0.0974 springN=-231
INFO 2026-07-27 15:26:44.802 joltshadow - docs §70.1: slipdense (player) f=968 w=3 grounded=0 kappa=0.000 fnGround=0 omega=12.96 | ftGround=0N target=29.1 limit=149Nm motorNm=149 tyreNm=0 inertia=1.82 limRot=0/2/1 omegaPre=11.89 posN=1/-1/0 susp=-0.1125 springN=-161
INFO 2026-07-27 15:26:44.802 joltshadow - docs §78: attdense (player) f=968 joltTilt=2.82 odeTilt=1.38 upDelta=1.53 wBody=(-0.03,-0.11,-0.05) |w|=0.12 grounded=0
INFO 2026-07-27 15:26:44.854 joltshadow - docs §70.1: slipdense (player) f=972 w=0 grounded=0 kappa=0.000 fnGround=0 omega=19.39 | ftGround=0N target=29.1 limit=149Nm motorNm=149 tyreNm=0 inertia=1.78 limRot=0/-53/0 omegaPre=18.23 posN=-3/8/0 susp=0.0107 springN=-61
INFO 2026-07-27 15:26:44.854 joltshadow - docs §70.1: slipdense (player) f=972 w=1 grounded=0 kappa=0.000 fnGround=0 omega=20.15 | ftGround=0N target=29.1 limit=149Nm motorNm=149 tyreNm=0 inertia=1.78 limRot=0/97/0 omegaPre=18.99 posN=-3/10/0 susp=0.0125 springN=-57
INFO 2026-07-27 15:26:44.854 joltshadow - docs §70.1: slipdense (player) f=972 w=2 grounded=0 kappa=0.000 fnGround=0 omega=16.90 | ftGround=0N target=29.1 limit=149Nm motorNm=149 tyreNm=0 inertia=1.82 limRot=0/1/1 omegaPre=15.75 posN=-0/10/0 susp=-0.0083 springN=-205
INFO 2026-07-27 15:26:44.854 joltshadow - docs §70.1: slipdense (player) f=972 w=3 grounded=0 kappa=0.000 fnGround=0 omega=16.83 | ftGround=0N target=29.1 limit=149Nm motorNm=149 tyreNm=0 inertia=1.82 limRot=0/1/1 omegaPre=15.68 posN=-1/12/0 susp=-0.0169 springN=-209
INFO 2026-07-27 15:26:44.854 joltshadow - docs §78: attdense (player) f=972 joltTilt=3.00 odeTilt=1.38 upDelta=1.73 wBody=(-0.08,-0.11,-0.05) |w|=0.14 grounded=0
INFO 2026-07-27 15:26:44.900 joltshadow - docs §70.1: slipdense (player) f=976 w=0 grounded=0 kappa=0.000 fnGround=0 omega=22.58 | ftGround=0N target=29.1 limit=149Nm motorNm=149 tyreNm=0 inertia=1.78 limRot=0/1/0 omegaPre=21.50 posN=-0/7/0 susp=0.0068 springN=-8
INFO 2026-07-27 15:26:44.900 joltshadow - docs §70.1: slipdense (player) f=976 w=1 grounded=0 kappa=0.000 fnGround=0 omega=23.34 | ftGround=0N target=29.1 limit=149Nm motorNm=149 tyreNm=0 inertia=1.78 limRot=0/4/0 omegaPre=22.25 posN=-1/7/0 susp=0.0062 springN=-0
INFO 2026-07-27 15:26:44.900 joltshadow - docs §70.1: slipdense (player) f=976 w=2 grounded=0 kappa=0.000 fnGround=0 omega=20.03 | ftGround=0N target=29.1 limit=149Nm motorNm=149 tyreNm=0 inertia=1.82 limRot=0/2/1 omegaPre=18.96 posN=-1/8/0 susp=0.0078 springN=-57
INFO 2026-07-27 15:26:44.900 joltshadow - docs §70.1: slipdense (player) f=976 w=3 grounded=0 kappa=0.000 fnGround=0 omega=19.96 | ftGround=0N target=29.1 limit=149Nm motorNm=149 tyreNm=0 inertia=1.82 limRot=0/2/1 omegaPre=18.89 posN=-1/8/0 susp=0.0052 springN=-74
INFO 2026-07-27 15:26:44.900 joltshadow - docs §78: attdense (player) f=976 joltTilt=3.30 odeTilt=1.34 upDelta=2.08 wBody=(-0.13,-0.11,-0.05) |w|=0.17 grounded=0
INFO 2026-07-27 15:26:44.949 joltshadow - docs §70.1: slipdense (player) f=980 w=0 grounded=0 kappa=0.000 fnGround=0 omega=25.56 | ftGround=0N target=46.5 limit=93Nm motorNm=93 tyreNm=0 inertia=1.78 limRot=0/5/0 omegaPre=24.93 posN=0/1/0 susp=0.0038 springN=-4
INFO 2026-07-27 15:26:44.949 joltshadow - docs §70.1: slipdense (player) f=980 w=1 grounded=0 kappa=0.000 fnGround=0 omega=26.31 | ftGround=0N target=46.5 limit=93Nm motorNm=93 tyreNm=0 inertia=1.78 limRot=0/8/0 omegaPre=25.68 posN=-0/1/0 susp=0.0013 springN=2
INFO 2026-07-27 15:26:44.949 joltshadow - docs §70.1: slipdense (player) f=980 w=2 grounded=0 kappa=0.000 fnGround=0 omega=22.94 | ftGround=0N target=46.5 limit=93Nm motorNm=93 tyreNm=0 inertia=1.82 limRot=0/2/1 omegaPre=22.33 posN=-0/2/0 susp=0.0049 springN=8
INFO 2026-07-27 15:26:44.950 joltshadow - docs §70.1: slipdense (player) f=980 w=3 grounded=0 kappa=0.000 fnGround=0 omega=22.87 | ftGround=0N target=46.5 limit=93Nm motorNm=93 tyreNm=0 inertia=1.82 limRot=0/2/1 omegaPre=22.26 posN=-1/2/0 susp=0.0033 springN=2
INFO 2026-07-27 15:26:44.950 joltshadow - docs §78: attdense (player) f=980 joltTilt=3.75 odeTilt=1.29 upDelta=2.62 wBody=(-0.16,-0.11,-0.06) |w|=0.20 grounded=0
INFO 2026-07-27 15:26:44.999 joltshadow - docs §70.1: slipdense (player) f=984 w=0 grounded=0 kappa=0.000 fnGround=0 omega=27.90 | ftGround=0N target=46.5 limit=93Nm motorNm=93 tyreNm=0 inertia=1.78 limRot=0/-13/0 omegaPre=27.27 posN=1/-0/0 susp=0.0021 springN=-3
INFO 2026-07-27 15:26:44.999 joltshadow - docs §70.1: slipdense (player) f=984 w=1 grounded=0 kappa=0.000 fnGround=0 omega=28.65 | ftGround=0N target=46.5 limit=93Nm motorNm=93 tyreNm=0 inertia=1.78 limRot=0/-32/0 omegaPre=28.03 posN=1/1/0 susp=0.0007 springN=-8
INFO 2026-07-27 15:26:44.999 joltshadow - docs §70.1: slipdense (player) f=984 w=2 grounded=0 kappa=0.000 fnGround=0 omega=25.24 | ftGround=0N target=46.5 limit=93Nm motorNm=93 tyreNm=0 inertia=1.82 limRot=0/3/1 omegaPre=24.63 posN=2/1/0 susp=0.0004 springN=18
INFO 2026-07-27 15:26:44.999 joltshadow - docs §70.1: slipdense (player) f=984 w=3 grounded=0 kappa=0.000 fnGround=0 omega=25.17 | ftGround=0N target=46.5 limit=93Nm motorNm=93 tyreNm=0 inertia=1.82 limRot=0/3/1 omegaPre=24.55 posN=1/2/0 susp=-0.0002 springN=12
INFO 2026-07-27 15:26:44.999 joltshadow - docs §78: attdense (player) f=984 joltTilt=4.28 odeTilt=1.25 upDelta=3.19 wBody=(-0.18,-0.11,-0.05) |w|=0.22 grounded=0
INFO 2026-07-27 15:26:45.044 joltshadow - docs §70.1: slipdense (player) f=988 w=0 grounded=0 kappa=0.000 fnGround=0 omega=29.83 | ftGround=0N target=46.5 limit=93Nm motorNm=93 tyreNm=0 inertia=1.78 limRot=0/-964/0 omegaPre=29.26 posN=14/-2/0 susp=0.0007 springN=6
INFO 2026-07-27 15:26:45.045 joltshadow - docs §70.1: slipdense (player) f=988 w=1 grounded=0 kappa=0.000 fnGround=0 omega=30.54 | ftGround=0N target=46.5 limit=93Nm motorNm=93 tyreNm=0 inertia=1.78 limRot=0/-1054/0 omegaPre=30.00 posN=14/0/0 susp=0.0018 springN=-21
INFO 2026-07-27 15:26:45.045 joltshadow - docs §70.1: slipdense (player) f=988 w=2 grounded=0 kappa=0.000 fnGround=0 omega=27.15 | ftGround=0N target=46.5 limit=93Nm motorNm=93 tyreNm=0 inertia=1.82 limRot=0/5/0 omegaPre=26.59 posN=17/0/0 susp=-0.0019 springN=23
INFO 2026-07-27 15:26:45.045 joltshadow - docs §70.1: slipdense (player) f=988 w=3 grounded=0 kappa=0.000 fnGround=0 omega=27.08 | ftGround=0N target=46.5 limit=93Nm motorNm=93 tyreNm=0 inertia=1.82 limRot=0/5/0 omegaPre=26.51 posN=17/3/0 susp=-0.0003 springN=-5
INFO 2026-07-27 15:26:45.045 joltshadow - docs §78: attdense (player) f=988 joltTilt=4.78 odeTilt=1.24 upDelta=3.69 wBody=(-0.19,-0.12,-0.01) |w|=0.23 grounded=0
INFO 2026-07-27 15:26:45.087 joltshadow - docs §70.1: slipdense (player) f=992 w=0 grounded=0 kappa=0.000 fnGround=0 omega=31.52 | ftGround=0N target=46.5 limit=93Nm motorNm=93 tyreNm=0 inertia=1.78 limRot=0/318/0 omegaPre=31.07 posN=-21/4/0 susp=0.0001 springN=-10
INFO 2026-07-27 15:26:45.087 joltshadow - docs §70.1: slipdense (player) f=992 w=1 grounded=0 kappa=0.000 fnGround=0 omega=32.19 | ftGround=0N target=46.5 limit=93Nm motorNm=93 tyreNm=0 inertia=1.78 limRot=0/314/0 omegaPre=31.76 posN=-22/-0/0 susp=0.0025 springN=-7
INFO 2026-07-27 15:26:45.087 joltshadow - docs §70.1: slipdense (player) f=992 w=2 grounded=0 kappa=0.000 fnGround=0 omega=28.85 | ftGround=0N target=46.5 limit=93Nm motorNm=93 tyreNm=0 inertia=1.82 limRot=0/-1/0 omegaPre=28.39 posN=-29/6/0 susp=-0.0024 springN=4
INFO 2026-07-27 15:26:45.087 joltshadow - docs §70.1: slipdense (player) f=992 w=3 grounded=0 kappa=0.000 fnGround=0 omega=28.78 | ftGround=0N target=46.5 limit=93Nm motorNm=93 tyreNm=0 inertia=1.82 limRot=0/-1/0 omegaPre=28.32 posN=-29/2/0 susp=0.0002 springN=9
INFO 2026-07-27 15:26:45.087 joltshadow - docs §78: attdense (player) f=992 joltTilt=5.25 odeTilt=1.24 upDelta=4.14 wBody=(-0.21,-0.08,-0.02) |w|=0.22 grounded=0
INFO 2026-07-27 15:26:45.128 joltshadow - docs §70.1: slipdense (player) f=996 w=0 grounded=0 kappa=0.000 fnGround=0 omega=33.19 | ftGround=0N target=46.5 limit=93Nm motorNm=93 tyreNm=0 inertia=1.78 limRot=0/-25/0 omegaPre=32.57 posN=-4/-1/0 susp=0.0016 springN=-20
INFO 2026-07-27 15:26:45.128 joltshadow - docs §70.1: slipdense (player) f=996 w=1 grounded=0 kappa=0.000 fnGround=0 omega=33.79 | ftGround=0N target=46.5 limit=93Nm motorNm=93 tyreNm=0 inertia=1.78 limRot=0/-131/0 omegaPre=33.17 posN=-4/1/0 susp=0.0012 springN=1
INFO 2026-07-27 15:26:45.128 joltshadow - docs §70.1: slipdense (player) f=996 w=2 grounded=0 kappa=0.000 fnGround=0 omega=30.53 | ftGround=0N target=46.5 limit=93Nm motorNm=93 tyreNm=0 inertia=1.82 limRot=0/3/2 omegaPre=29.91 posN=0/1/0 susp=-0.0008 springN=-7
INFO 2026-07-27 15:26:45.128 joltshadow - docs §70.1: slipdense (player) f=996 w=3 grounded=0 kappa=0.000 fnGround=0 omega=30.45 | ftGround=0N target=46.5 limit=93Nm motorNm=93 tyreNm=0 inertia=1.82 limRot=0/3/2 omegaPre=29.84 posN=0/4/0 susp=-0.0013 springN=17
INFO 2026-07-27 15:26:45.128 joltshadow - docs §78: attdense (player) f=996 joltTilt=5.77 odeTilt=1.24 upDelta=4.65 wBody=(-0.22,-0.10,-0.07) |w|=0.25 grounded=0
INFO 2026-07-27 15:26:45.140 joltshadow - docs §82: resync (player) #24 dt=0.51s upMax=4.804 deg posMax=1.206 m odeTiltPath=0.275 deg gain=17.4805
INFO 2026-07-27 15:26:45.140 joltshadow - docs §87: resync landing (player) w=0 pre=0.7754 post=-0.0047 m R=0.629 dY=-1.1635 dRotDeg=5.52 |corr|=1.2062 m
INFO 2026-07-27 15:26:45.140 joltshadow - docs §87: resync landing (player) w=1 pre=0.7228 post=-0.0010 m R=0.629 dY=-1.1635 dRotDeg=5.52 |corr|=1.2062 m
INFO 2026-07-27 15:26:45.140 joltshadow - docs §87: resync landing (player) w=2 pre=0.3460 post=-0.0095 m R=0.635 dY=-1.1635 dRotDeg=5.52 |corr|=1.2062 m
INFO 2026-07-27 15:26:45.140 joltshadow - docs §87: resync landing (player) w=3 pre=0.2889 post=-0.0005 m R=0.635 dY=-1.1635 dRotDeg=5.52 |corr|=1.2062 m
INFO 2026-07-27 15:26:45.141 joltshadow - docs §82: resync RESIDUAL (player) #24 pos=0.0000 m up=0.0000 deg
INFO 2026-07-27 15:26:45.176 joltshadow - docs §70.1: slipdense (player) f=1000 w=0 grounded=1 kappa=0.308 fnGround=160 omega=21.59 | ftGround=240N target=46.5 limit=93Nm motorNm=93 tyreNm=-143 inertia=1.78 limRot=0/91/0 omegaPre=21.78 posN=-315/-191/0 susp=-0.4683 springN=1852
INFO 2026-07-27 15:26:45.176 joltshadow - docs §70.1: slipdense (player) f=1000 w=1 grounded=1 kappa=0.011 fnGround=1199 omega=17.77 | ftGround=180N target=46.5 limit=93Nm motorNm=93 tyreNm=-71 inertia=1.78 limRot=0/375/0 omegaPre=17.90 posN=717/-64/0 susp=-0.4580 springN=1693
INFO 2026-07-27 15:26:45.176 joltshadow - docs §70.1: slipdense (player) f=1000 w=2 grounded=1 kappa=0.022 fnGround=1184 omega=15.71 | ftGround=333N target=46.5 limit=93Nm motorNm=93 tyreNm=-500 inertia=1.82 limRot=0/165/95 omegaPre=18.57 posN=-260/-397/0 susp=-0.5279 springN=2695
INFO 2026-07-27 15:26:45.177 joltshadow - docs §70.1: slipdense (player) f=1000 w=3 grounded=1 kappa=0.018 fnGround=1196 omega=18.47 | ftGround=274N target=46.5 limit=93Nm motorNm=93 tyreNm=-121 inertia=1.82 limRot=0/-99/-3 omegaPre=18.60 posN=-169/-236/0 susp=-0.5313 springN=2610
INFO 2026-07-27 15:26:45.177 joltshadow - docs §78: attdense (player) f=1000 joltTilt=1.34 odeTilt=1.25 upDelta=0.32 wBody=(-0.37,-0.08,-0.21) |w|=0.43 grounded=4
INFO 2026-07-27 15:26:45.216 joltshadow - docs §70.1: slipdense (player) f=1004 w=0 grounded=1 kappa=0.178 fnGround=314 omega=13.53 | ftGround=424N target=46.5 limit=93Nm motorNm=93 tyreNm=-262 inertia=1.78 limRot=0/-415/0 omegaPre=14.98 posN=-848/-154/0 susp=-0.2843 springN=231
INFO 2026-07-27 15:26:45.216 joltshadow - docs §70.1: slipdense (player) f=1004 w=1 grounded=1 kappa=0.046 fnGround=785 omega=16.57 | ftGround=603N target=46.5 limit=93Nm motorNm=93 tyreNm=-337 inertia=1.78 limRot=0/1118/0 omegaPre=17.64 posN=1332/60/0 susp=-0.2915 springN=499
INFO 2026-07-27 15:26:45.216 joltshadow - docs §70.1: slipdense (player) f=1004 w=2 grounded=1 kappa=0.016 fnGround=1187 omega=17.14 | ftGround=215N target=46.5 limit=93Nm motorNm=93 tyreNm=-90 inertia=1.82 limRot=0/-44/5 omegaPre=17.10 posN=-15/-312/0 susp=-0.4152 springN=1266
INFO 2026-07-27 15:26:45.216 joltshadow - docs §70.1: slipdense (player) f=1004 w=3 grounded=1 kappa=0.014 fnGround=1186 omega=17.96 | ftGround=205N target=46.5 limit=93Nm motorNm=93 tyreNm=-82 inertia=1.82 limRot=0/-32/6 omegaPre=18.02 posN=7/-168/0 susp=-0.4380 springN=1587
INFO 2026-07-27 15:26:45.216 joltshadow - docs §78: attdense (player) f=1004 joltTilt=2.14 odeTilt=1.24 upDelta=1.11 wBody=(-0.26,-0.17,-0.25) |w|=0.40 grounded=4
INFO 2026-07-27 15:26:45.260 joltshadow - docs §70.1: slipdense (player) f=1008 w=0 grounded=0 kappa=0.000 fnGround=0 omega=15.99 | ftGround=0N target=46.5 limit=93Nm motorNm=93 tyreNm=0 inertia=1.78 limRot=0/-358/-731 omegaPre=15.36 posN=10/-11/0 susp=-0.0903 springN=-464
INFO 2026-07-27 15:26:45.260 joltshadow - docs §70.1: slipdense (player) f=1008 w=1 grounded=0 kappa=0.000 fnGround=0 omega=16.68 | ftGround=0N target=46.5 limit=93Nm motorNm=93 tyreNm=0 inertia=1.78 limRot=0/544/-606 omegaPre=16.05 posN=9/-26/0 susp=-0.1268 springN=-246
INFO 2026-07-27 15:26:45.261 joltshadow - docs §70.1: slipdense (player) f=1008 w=2 grounded=1 kappa=0.017 fnGround=541 omega=16.62 | ftGround=210N target=46.5 limit=93Nm motorNm=93 tyreNm=-117 inertia=1.82 limRot=0/105/9 omegaPre=16.86 posN=149/-241/0 susp=-0.2362 springN=298
INFO 2026-07-27 15:26:45.261 joltshadow - docs §70.1: slipdense (player) f=1008 w=3 grounded=1 kappa=0.006 fnGround=287 omega=17.25 | ftGround=38N target=46.5 limit=93Nm motorNm=93 tyreNm=-15 inertia=1.82 limRot=0/56/6 omegaPre=16.52 posN=63/-68/0 susp=-0.2957 springN=619
INFO 2026-07-27 15:26:45.261 joltshadow - docs §78: attdense (player) f=1008 joltTilt=2.73 odeTilt=1.21 upDelta=1.75 wBody=(-0.06,-0.20,-0.14) |w|=0.25 grounded=2
INFO 2026-07-27 15:26:45.311 joltshadow - docs §70.1: slipdense (player) f=1012 w=0 grounded=0 kappa=0.000 fnGround=0 omega=19.44 | ftGround=0N target=46.5 limit=93Nm motorNm=93 tyreNm=0 inertia=1.78 limRot=0/-794/-169 omegaPre=18.81 posN=-0/-5/0 susp=0.0031 springN=-230
INFO 2026-07-27 15:26:45.311 joltshadow - docs §70.1: slipdense (player) f=1012 w=1 grounded=0 kappa=0.000 fnGround=0 omega=20.13 | ftGround=0N target=46.5 limit=93Nm motorNm=93 tyreNm=0 inertia=1.78 limRot=0/812/0 omegaPre=19.51 posN=-2/-3/0 susp=-0.0158 springN=-262
INFO 2026-07-27 15:26:45.312 joltshadow - docs §70.1: slipdense (player) f=1012 w=2 grounded=0 kappa=0.000 fnGround=0 omega=19.68 | ftGround=0N target=46.5 limit=93Nm motorNm=93 tyreNm=0 inertia=1.82 limRot=0/4/1 omegaPre=19.06 posN=1/-4/0 susp=-0.0675 springN=-329
INFO 2026-07-27 15:26:45.312 joltshadow - docs §70.1: slipdense (player) f=1012 w=3 grounded=0 kappa=0.000 fnGround=0 omega=18.91 | ftGround=0N target=46.5 limit=93Nm motorNm=93 tyreNm=0 inertia=1.82 limRot=0/4/1 omegaPre=18.30 posN=-1/-2/0 susp=-0.1099 springN=-269
INFO 2026-07-27 15:26:45.312 joltshadow - docs §78: attdense (player) f=1012 joltTilt=2.90 odeTilt=1.20 upDelta=1.99 wBody=(0.02,-0.20,-0.08) |w|=0.22 grounded=0
INFO 2026-07-27 15:26:45.323 joltshadow - Shadow: compound chassis shape built - 3 part(s), 3 geom(s) (3 box, 0 sphere, 0 capsule, 0 skipped)
INFO 2026-07-27 15:26:45.357 joltshadow - docs §70.1: slipdense (player) f=1016 w=0 grounded=0 kappa=0.000 fnGround=0 omega=22.52 | ftGround=0N target=46.5 limit=93Nm motorNm=93 tyreNm=0 inertia=1.78 limRot=0/-352/0 omegaPre=21.97 posN=31/21/0 susp=0.0108 springN=-42
INFO 2026-07-27 15:26:45.358 joltshadow - docs §70.1: slipdense (player) f=1016 w=1 grounded=0 kappa=0.000 fnGround=0 omega=23.09 | ftGround=0N target=46.5 limit=93Nm motorNm=93 tyreNm=0 inertia=1.78 limRot=0/-674/0 omegaPre=22.61 posN=29/-8/0 susp=0.0097 springN=-97
INFO 2026-07-27 15:26:45.358 joltshadow - docs §70.1: slipdense (player) f=1016 w=2 grounded=0 kappa=0.000 fnGround=0 omega=22.74 | ftGround=0N target=46.5 limit=93Nm motorNm=93 tyreNm=0 inertia=1.82 limRot=0/4/0 omegaPre=22.17 posN=-25/24/0 susp=-0.0021 springN=-182
INFO 2026-07-27 15:26:45.358 joltshadow - docs §70.1: slipdense (player) f=1016 w=3 grounded=0 kappa=0.000 fnGround=0 omega=21.97 | ftGround=0N target=46.5 limit=93Nm motorNm=93 tyreNm=0 inertia=1.82 limRot=0/4/0 omegaPre=21.40 posN=-26/-7/0 susp=-0.0139 springN=-257
INFO 2026-07-27 15:26:45.358 joltshadow - docs §78: attdense (player) f=1016 joltTilt=3.01 odeTilt=1.22 upDelta=2.10 wBody=(-0.03,-0.20,-0.08) |w|=0.22 grounded=0
INFO 2026-07-27 15:26:45.404 joltshadow - docs §70.1: slipdense (player) f=1020 w=0 grounded=0 kappa=0.000 fnGround=0 omega=25.08 | ftGround=0N target=46.5 limit=93Nm motorNm=93 tyreNm=0 inertia=1.78 limRot=0/6/0 omegaPre=24.56 posN=-4/1/0 susp=0.0052 springN=-3
INFO 2026-07-27 15:26:45.404 joltshadow - docs §70.1: slipdense (player) f=1020 w=1 grounded=0 kappa=0.000 fnGround=0 omega=25.79 | ftGround=0N target=46.5 limit=93Nm motorNm=93 tyreNm=0 inertia=1.78 limRot=0/16/0 omegaPre=25.27 posN=-6/3/0 susp=0.0080 springN=-10
INFO 2026-07-27 15:26:45.404 joltshadow - docs §70.1: slipdense (player) f=1020 w=2 grounded=0 kappa=0.000 fnGround=0 omega=25.44 | ftGround=0N target=46.5 limit=93Nm motorNm=93 tyreNm=0 inertia=1.82 limRot=0/4/3 omegaPre=24.92 posN=-3/3/0 susp=0.0077 springN=-44
INFO 2026-07-27 15:26:45.404 joltshadow - docs §70.1: slipdense (player) f=1020 w=3 grounded=0 kappa=0.000 fnGround=0 omega=24.67 | ftGround=0N target=46.5 limit=93Nm motorNm=93 tyreNm=0 inertia=1.82 limRot=0/4/3 omegaPre=24.15 posN=-4/4/0 susp=0.0090 springN=-79
INFO 2026-07-27 15:26:45.404 joltshadow - docs §78: attdense (player) f=1020 joltTilt=3.28 odeTilt=1.25 upDelta=2.37 wBody=(-0.08,-0.20,-0.13) |w|=0.25 grounded=0
INFO 2026-07-27 15:26:45.404 joltshadow - Shadow divergence (player): pos=2.196m vel=2.369m/s angle=3.4deg (jolt com=[4666.9 260.1 1244.6] ode com=[4666.8 258.0 1244.2])
INFO 2026-07-27 15:26:45.404 joltshadow - docs §23.6: driver input (player) realThrottle=1.00 brake=0.01 handBrake=0 steerRad=0.000
INFO 2026-07-27 15:26:45.404 joltshadow - docs §32: Jolt SHADOW chassis pitch (player) forward=(-0.181, 0.046, -0.982)
INFO 2026-07-27 15:26:45.404 joltshadow - docs §69: tilt (player) jolt=3.3 deg ode=1.2 deg delta=+2.0 deg upDelta=2.37 deg
INFO 2026-07-27 15:26:45.404 joltshadow - docs §32.4: Jolt SHADOW chassis lowest corner (player) = (4666.04,258.61,1247.95) clearanceToGround=0.611
INFO 2026-07-27 15:26:45.404 joltshadow - docs §23.5: wheel state (player) wheel=0 contact=0 suspLen=1.050 (range 0.050-1.050, 0% compressed) angVel=0.00
INFO 2026-07-27 15:26:45.404 joltshadow - docs §38.11: wheel=0 NO contact, worldAxle=(0.983,0.034,-0.179)
INFO 2026-07-27 15:26:45.404 joltshadow - docs §32: no-contact raycast (player) wheel=0 bodyPos=(4666.85,259.41,1244.20) localMPos=(-1.155,0.060,2.270) origin=(4667.57,259.61,1241.77) dir=(0.025,-0.998,-0.051) normalRayLen=1.679 groundFoundAt=0.000 shortfallBeyondTravel=-1.679 hitBody=8475716 hitLayer=4 hitMotion=2 hitIsSelfChassis=0
INFO 2026-07-27 15:26:45.404 joltshadow - docs §23.5: wheel state (player) wheel=1 contact=0 suspLen=1.050 (range 0.050-1.050, 0% compressed) angVel=0.00
INFO 2026-07-27 15:26:45.404 joltshadow - docs §38.11: wheel=1 NO contact, worldAxle=(0.983,0.034,-0.179)
INFO 2026-07-27 15:26:45.404 joltshadow - docs §32: no-contact raycast (player) wheel=1 bodyPos=(4666.85,259.41,1244.20) localMPos=(1.155,0.059,2.270) origin=(4665.30,259.53,1242.18) dir=(0.025,-0.998,-0.051) normalRayLen=1.679 groundFoundAt=0.000 shortfallBeyondTravel=-1.679 hitBody=8475717 hitLayer=4 hitMotion=2 hitIsSelfChassis=0
INFO 2026-07-27 15:26:45.404 joltshadow - docs §23.5: wheel state (player) wheel=2 contact=0 suspLen=1.050 (range 0.050-1.050, 0% compressed) angVel=0.00
INFO 2026-07-27 15:26:45.404 joltshadow - docs §38.11: wheel=2 NO contact, worldAxle=(0.983,0.034,-0.179)
INFO 2026-07-27 15:26:45.404 joltshadow - docs §32: no-contact raycast (player) wheel=2 bodyPos=(4666.85,259.41,1244.20) localMPos=(-1.253,0.145,-2.062) origin=(4668.45,259.50,1246.01) dir=(0.025,-0.998,-0.051) normalRayLen=1.685 groundFoundAt=0.013 shortfallBeyondTravel=-1.673 hitBody=8475718 hitLayer=4 hitMotion=2 hitIsSelfChassis=0
INFO 2026-07-27 15:26:45.404 joltshadow - docs §23.5: wheel state (player) wheel=3 contact=0 suspLen=1.050 (range 0.050-1.050, 0% compressed) angVel=0.00
INFO 2026-07-27 15:26:45.404 joltshadow - docs §38.11: wheel=3 NO contact, worldAxle=(0.983,0.034,-0.179)
INFO 2026-07-27 15:26:45.405 joltshadow - docs §32: no-contact raycast (player) wheel=3 bodyPos=(4666.85,259.41,1244.20) localMPos=(1.253,0.146,-2.062) origin=(4665.99,259.41,1246.46) dir=(0.025,-0.998,-0.051) normalRayLen=1.685 groundFoundAt=0.015 shortfallBeyondTravel=-1.671 hitBody=8475719 hitLayer=4 hitMotion=2 hitIsSelfChassis=0
INFO 2026-07-27 15:26:45.405 joltshadow - docs §59/63: harvest (player) wheelsWithContact=0 contactPoints=0 overflow=0 (of 4) | maxNormalF=0N bound(k_t*tau)=0N ratio=0.00
INFO 2026-07-27 15:26:45.405 joltshadow - docs §58: wheel body (player) w=0 springF=-3N stopF=0N travel=0.0052 (limits -0.5000..0.5000 rel spawn) kSusp=6000 sagPredicted=-0.0006 | frameTrav=0.0052..0.0059 frameStopN=0
INFO 2026-07-27 15:26:45.405 joltshadow - docs §66: tyre band (player) w=0 fnGround=0N fnTotal=0N pen=0.00000 penRaw=0.00000 tau=0.01000 pen/tau=0.00 | recs tyre=0 rim=0 survived=0 stale=0 distMax=0.00R
INFO 2026-07-27 15:26:45.405 joltshadow - docs §68: steer (player) w=0 steerable=1 commanded=0.000 rad measured=0.009 rad err=0.50 deg steerSign=-1 steerTq=-101Nm cap=815Nm sat=0.12
INFO 2026-07-27 15:26:45.405 joltshadow - docs §70: slip (player) w=0 grounded=0 kappa=0.000 fnGround=0N omega=25.08
INFO 2026-07-27 15:26:45.405 joltshadow - docs §67: spin (player) w=0 driven=1 omega=25.08 rad/s surfaceSpeed=15.78 m/s spinSign=+1 motorTq=93Nm cmdTq=93Nm
INFO 2026-07-27 15:26:45.405 joltshadow - docs §58: wheel body (player) w=1 springF=-10N stopF=0N travel=0.0080 (limits -0.5000..0.5000 rel spawn) kSusp=6000 sagPredicted=-0.0017 | frameTrav=0.0080..0.0088 frameStopN=0
INFO 2026-07-27 15:26:45.405 joltshadow - docs §66: tyre band (player) w=1 fnGround=0N fnTotal=0N pen=0.00000 penRaw=0.00000 tau=0.01000 pen/tau=0.00 | recs tyre=0 rim=0 survived=0 stale=0 distMax=0.00R
INFO 2026-07-27 15:26:45.405 joltshadow - docs §68: steer (player) w=1 steerable=1 commanded=0.000 rad measured=-0.001 rad err=-0.03 deg steerSign=-1 steerTq=32Nm cap=815Nm sat=0.04
INFO 2026-07-27 15:26:45.405 joltshadow - docs §70: slip (player) w=1 grounded=0 kappa=0.000 fnGround=0N omega=25.79
INFO 2026-07-27 15:26:45.405 joltshadow - docs §67: spin (player) w=1 driven=1 omega=25.79 rad/s surfaceSpeed=16.23 m/s spinSign=+1 motorTq=93Nm cmdTq=93Nm
INFO 2026-07-27 15:26:45.405 joltshadow - docs §58: wheel body (player) w=2 springF=-44N stopF=0N travel=0.0077 (limits -0.5000..0.5000 rel spawn) kSusp=6000 sagPredicted=-0.0073 | frameTrav=0.0077..0.0077 frameStopN=0
INFO 2026-07-27 15:26:45.405 joltshadow - docs §66: tyre band (player) w=2 fnGround=0N fnTotal=0N pen=0.00000 penRaw=0.00000 tau=0.01000 pen/tau=0.00 | recs tyre=0 rim=0 survived=0 stale=0 distMax=0.00R
INFO 2026-07-27 15:26:45.405 joltshadow - docs §68: steer (player) w=2 steerable=0 commanded=0.000 rad measured=0.000 rad err=0.00 deg steerSign=-1 steerTq=0Nm cap=340282346638528859811704183484516925440Nm sat=0.00
INFO 2026-07-27 15:26:45.405 joltshadow - docs §70: slip (player) w=2 grounded=0 kappa=0.000 fnGround=0N omega=25.44
INFO 2026-07-27 15:26:45.405 joltshadow - docs §67: spin (player) w=2 driven=1 omega=25.44 rad/s surfaceSpeed=16.16 m/s spinSign=+1 motorTq=93Nm cmdTq=93Nm
INFO 2026-07-27 15:26:45.405 joltshadow - docs §58: wheel body (player) w=3 springF=-79N stopF=0N travel=0.0090 (limits -0.5000..0.5000 rel spawn) kSusp=6000 sagPredicted=-0.0131 | frameTrav=0.0083..0.0090 frameStopN=0
INFO 2026-07-27 15:26:45.405 joltshadow - docs §66: tyre band (player) w=3 fnGround=0N fnTotal=0N pen=0.00000 penRaw=0.00000 tau=0.01000 pen/tau=0.00 | recs tyre=0 rim=0 survived=0 stale=0 distMax=0.00R
INFO 2026-07-27 15:26:45.405 joltshadow - docs §68: steer (player) w=3 steerable=0 commanded=0.000 rad measured=0.000 rad err=0.00 deg steerSign=-1 steerTq=0Nm cap=340282346638528859811704183484516925440Nm sat=0.00
INFO 2026-07-27 15:26:45.406 joltshadow - docs §70: slip (player) w=3 grounded=0 kappa=0.000 fnGround=0N omega=24.67
INFO 2026-07-27 15:26:45.406 joltshadow - docs §67: spin (player) w=3 driven=1 omega=24.67 rad/s surfaceSpeed=15.67 m/s spinSign=+1 motorTq=93Nm cmdTq=93Nm
INFO 2026-07-27 15:26:45.406 joltshadow - docs §67: drivetrain (player) gear=1 rpm=3188 driveTorque=375Nm perWheel=94Nm driven=4 throttle=1.00 spin=1 | PRE-STEP brake=0.01 handBrake=0
INFO 2026-07-27 15:26:45.406 joltshadow - docs §66: tyre band SUM (player) fnGroundSum=0N fnTotalSum=0N weight=1295N carried=0.00 | penSum=0.00000 recs tyre=0 rim=0 stale=0
INFO 2026-07-27 15:26:45.406 joltshadow - docs §30: REAL ODE chassis COM (player) body=54AA14C8 = (4666.794, 257.979, 1244.236) forward=(-0.223, 0.022, -0.975)
INFO 2026-07-27 15:26:45.406 joltshadow - docs §33: real ODE chassis geom (player) #1 = class 0 (not a transform) pos=(4666.794,257.979,1244.236) radius=4.500
INFO 2026-07-27 15:26:45.406 joltshadow - docs §33: real ODE chassis geom (player) #2 = transform, inner class=1 pos=(0.000,1.095,-0.495)
INFO 2026-07-27 15:26:45.406 joltshadow - docs §33: real ODE chassis geom (player) #3 = transform, inner class=1 pos=(0.353,3.466,0.718)
INFO 2026-07-27 15:26:45.406 joltshadow - docs §33: real ODE chassis geom (player) #4 = transform, inner class=1 pos=(0.000,1.818,1.842)
INFO 2026-07-27 15:26:45.406 joltshadow - docs §33: real ODE chassis geom (player) #5 = transform, inner class=1 pos=(0.006,1.981,-2.113)
INFO 2026-07-27 15:26:45.406 joltshadow - docs §33: real ODE chassis geom (player) #6 = class 0 (not a transform) pos=(4666.794,257.979,1244.236) radius=30.000
INFO 2026-07-27 15:26:45.406 joltshadow - docs §33: real ODE chassis geom (player) #7 = class 0 (not a transform) pos=(4666.794,257.979,1244.236) radius=6.436
INFO 2026-07-27 15:26:45.406 joltshadow - docs §33: real ODE chassis geom (player) #8 = class 0 (not a transform) pos=(4666.794,257.979,1244.236) radius=200.000
INFO 2026-07-27 15:26:45.406 joltshadow - docs §33: real ODE chassis (player) has 8 total geom(s) directly attached (4 transform(s)) - compare against BuildChassisCompoundShape's own part/geom count in the build log
INFO 2026-07-27 15:26:45.406 joltshadow - docs §28: REAL ODE wheel state (player) wheel=0 displacement=0.0351 range=1.000 (4% compressed, signed) foreAft=2.270 localZ=2.270 cfm=0.002500 erp=0.2500
INFO 2026-07-27 15:26:45.406 joltshadow - docs §28: REAL ODE wheel state (player) wheel=1 displacement=0.0405 range=1.000 (4% compressed, signed) foreAft=2.270 localZ=2.270 cfm=0.002500 erp=0.2500
INFO 2026-07-27 15:26:45.406 joltshadow - docs §28: REAL ODE wheel state (player) wheel=2 displacement=0.0528 range=1.000 (5% compressed, signed) foreAft=-2.062 localZ=-2.062 cfm=0.002500 erp=0.2500
INFO 2026-07-27 15:26:45.406 joltshadow - docs §28: REAL ODE wheel state (player) wheel=3 displacement=0.0501 range=1.000 (5% compressed, signed) foreAft=-2.062 localZ=-2.062 cfm=0.002500 erp=0.2500
INFO 2026-07-27 15:26:45.437 joltshadow - docs §70.1: slipdense (player) f=1024 w=0 grounded=0 kappa=0.000 fnGround=0 omega=26.54 | ftGround=0N target=77.6 limit=56Nm motorNm=56 tyreNm=0 inertia=1.78 limRot=0/-5/0 omegaPre=26.32 posN=-0/-2/0 susp=0.0024 springN=0
INFO 2026-07-27 15:26:45.437 joltshadow - docs §70.1: slipdense (player) f=1024 w=1 grounded=0 kappa=0.000 fnGround=0 omega=27.26 | ftGround=0N target=77.6 limit=56Nm motorNm=56 tyreNm=0 inertia=1.78 limRot=0/25/0 omegaPre=27.04 posN=-1/-2/0 susp=0.0045 springN=3
INFO 2026-07-27 15:26:45.438 joltshadow - docs §70.1: slipdense (player) f=1024 w=2 grounded=0 kappa=0.000 fnGround=0 omega=26.87 | ftGround=0N target=77.6 limit=56Nm motorNm=56 tyreNm=0 inertia=1.82 limRot=0/5/3 omegaPre=26.66 posN=-1/0/0 susp=0.0046 springN=3
INFO 2026-07-27 15:26:45.438 joltshadow - docs §70.1: slipdense (player) f=1024 w=3 grounded=0 kappa=0.000 fnGround=0 omega=26.10 | ftGround=0N target=77.6 limit=56Nm motorNm=56 tyreNm=0 inertia=1.82 limRot=0/4/3 omegaPre=25.89 posN=-2/-0/0 susp=0.0078 springN=-11
INFO 2026-07-27 15:26:45.438 joltshadow - docs §78: attdense (player) f=1024 joltTilt=3.56 odeTilt=1.26 upDelta=2.67 wBody=(-0.10,-0.20,-0.13) |w|=0.26 grounded=0
INFO 2026-07-27 15:26:45.473 joltshadow - docs §70.1: slipdense (player) f=1028 w=0 grounded=0 kappa=0.000 fnGround=0 omega=27.97 | ftGround=0N target=77.6 limit=56Nm motorNm=56 tyreNm=0 inertia=1.78 limRot=0/3/0 omegaPre=27.60 posN=0/-3/0 susp=0.0010 springN=-3
INFO 2026-07-27 15:26:45.473 joltshadow - docs §70.1: slipdense (player) f=1028 w=1 grounded=0 kappa=0.000 fnGround=0 omega=28.69 | ftGround=0N target=77.6 limit=56Nm motorNm=56 tyreNm=0 inertia=1.78 limRot=0/2/0 omegaPre=28.32 posN=-1/-3/0 susp=0.0025 springN=1
INFO 2026-07-27 15:26:45.473 joltshadow - docs §70.1: slipdense (player) f=1028 w=2 grounded=0 kappa=0.000 fnGround=0 omega=28.28 | ftGround=0N target=77.6 limit=56Nm motorNm=56 tyreNm=0 inertia=1.82 limRot=0/5/3 omegaPre=27.91 posN=0/-1/0 susp=0.0008 springN=16
INFO 2026-07-27 15:26:45.473 joltshadow - docs §70.1: slipdense (player) f=1028 w=3 grounded=0 kappa=0.000 fnGround=0 omega=27.51 | ftGround=0N target=77.6 limit=56Nm motorNm=56 tyreNm=0 inertia=1.82 limRot=0/5/3 omegaPre=27.14 posN=-1/-1/0 susp=0.0038 springN=13
INFO 2026-07-27 15:26:45.474 joltshadow - docs §78: attdense (player) f=1028 joltTilt=3.88 odeTilt=1.25 upDelta=3.01 wBody=(-0.11,-0.20,-0.14) |w|=0.26 grounded=0
INFO 2026-07-27 15:26:45.523 joltshadow - docs §70.1: slipdense (player) f=1032 w=0 grounded=0 kappa=0.000 fnGround=0 omega=30.11 | ftGround=0N target=77.6 limit=56Nm motorNm=56 tyreNm=0 inertia=1.78 limRot=0/-35/0 omegaPre=29.76 posN=-2/-7/0 susp=-0.0003 springN=-2
INFO 2026-07-27 15:26:45.523 joltshadow - docs §70.1: slipdense (player) f=1032 w=1 grounded=0 kappa=0.000 fnGround=0 omega=30.82 | ftGround=0N target=77.6 limit=56Nm motorNm=56 tyreNm=0 inertia=1.78 limRot=0/-465/0 omegaPre=30.48 posN=-3/1/0 susp=0.0026 springN=-11
INFO 2026-07-27 15:26:45.523 joltshadow - docs §70.1: slipdense (player) f=1032 w=2 grounded=0 kappa=0.000 fnGround=0 omega=30.37 | ftGround=0N target=77.6 limit=56Nm motorNm=56 tyreNm=0 inertia=1.82 limRot=0/6/3 omegaPre=30.03 posN=11/-5/0 susp=-0.0029 springN=18
INFO 2026-07-27 15:26:45.523 joltshadow - docs §70.1: slipdense (player) f=1032 w=3 grounded=0 kappa=0.000 fnGround=0 omega=29.60 | ftGround=0N target=77.6 limit=56Nm motorNm=56 tyreNm=0 inertia=1.82 limRot=0/6/3 omegaPre=29.26 posN=10/3/0 susp=0.0011 springN=9
INFO 2026-07-27 15:26:45.523 joltshadow - docs §78: attdense (player) f=1032 joltTilt=4.35 odeTilt=1.25 upDelta=3.48 wBody=(-0.13,-0.20,-0.13) |w|=0.27 grounded=0
INFO 2026-07-27 15:26:45.572 joltshadow - docs §70.1: slipdense (player) f=1036 w=0 grounded=0 kappa=0.000 fnGround=0 omega=32.12 | ftGround=0N target=77.6 limit=56Nm motorNm=56 tyreNm=0 inertia=1.78 limRot=0/-842/0 omegaPre=31.79 posN=26/8/0 susp=-0.0018 springN=9
INFO 2026-07-27 15:26:45.572 joltshadow - docs §70.1: slipdense (player) f=1036 w=1 grounded=0 kappa=0.000 fnGround=0 omega=32.75 | ftGround=0N target=77.6 limit=56Nm motorNm=56 tyreNm=0 inertia=1.78 limRot=0/-499/0 omegaPre=32.41 posN=25/-14/0 susp=0.0040 springN=-21
INFO 2026-07-27 15:26:45.572 joltshadow - docs §70.1: slipdense (player) f=1036 w=2 grounded=0 kappa=0.000 fnGround=0 omega=32.37 | ftGround=0N target=77.6 limit=56Nm motorNm=56 tyreNm=0 inertia=1.82 limRot=0/6/0 omegaPre=32.03 posN=-17/11/0 susp=-0.0045 springN=21
INFO 2026-07-27 15:26:45.573 joltshadow - docs §70.1: slipdense (player) f=1036 w=3 grounded=0 kappa=0.000 fnGround=0 omega=31.60 | ftGround=0N target=77.6 limit=56Nm motorNm=56 tyreNm=0 inertia=1.82 limRot=0/6/0 omegaPre=31.26 posN=-18/-13/0 susp=0.0018 springN=-9
INFO 2026-07-27 15:26:45.573 joltshadow - docs §78: attdense (player) f=1036 joltTilt=4.77 odeTilt=1.30 upDelta=3.84 wBody=(-0.14,-0.20,-0.07) |w|=0.25 grounded=0
INFO 2026-07-27 15:26:45.616 joltshadow - docs §70.1: slipdense (player) f=1040 w=0 grounded=0 kappa=0.000 fnGround=0 omega=33.95 | ftGround=0N target=77.6 limit=56Nm motorNm=56 tyreNm=0 inertia=1.78 limRot=0/26/0 omegaPre=33.58 posN=-14/-7/0 susp=0.0007 springN=-28
INFO 2026-07-27 15:26:45.617 joltshadow - docs §70.1: slipdense (player) f=1040 w=1 grounded=0 kappa=0.000 fnGround=0 omega=34.43 | ftGround=0N target=77.6 limit=56Nm motorNm=56 tyreNm=0 inertia=1.78 limRot=0/-96/0 omegaPre=34.08 posN=-15/1/0 susp=0.0020 springN=8
INFO 2026-07-27 15:26:45.617 joltshadow - docs §70.1: slipdense (player) f=1040 w=2 grounded=0 kappa=0.000 fnGround=0 omega=34.21 | ftGround=0N target=77.6 limit=56Nm motorNm=56 tyreNm=0 inertia=1.82 limRot=0/5/5 omegaPre=33.84 posN=-1/-5/0 susp=-0.0020 springN=-13
INFO 2026-07-27 15:26:45.617 joltshadow - docs §70.1: slipdense (player) f=1040 w=3 grounded=0 kappa=0.000 fnGround=0 omega=33.44 | ftGround=0N target=77.6 limit=56Nm motorNm=56 tyreNm=0 inertia=1.82 limRot=0/5/5 omegaPre=33.07 posN=-2/3/0 susp=-0.0006 springN=25
INFO 2026-07-27 15:26:45.617 joltshadow - docs §78: attdense (player) f=1040 joltTilt=5.25 odeTilt=1.62 upDelta=3.78 wBody=(-0.16,-0.19,-0.15) |w|=0.29 grounded=0
INFO 2026-07-27 15:26:45.650 joltshadow - docs §82: resync (player) #25 dt=0.51s upMax=3.846 deg posMax=1.225 m odeTiltPath=1.071 deg gain=3.5923
INFO 2026-07-27 15:26:45.650 joltshadow - docs §87: resync landing (player) w=0 pre=0.6872 post=-0.0045 m R=0.629 dY=-1.1571 dRotDeg=6.33 |corr|=1.2255 m
INFO 2026-07-27 15:26:45.650 joltshadow - docs §87: resync landing (player) w=1 pre=0.5925 post=-0.0045 m R=0.629 dY=-1.1571 dRotDeg=6.33 |corr|=1.2255 m
INFO 2026-07-27 15:26:45.650 joltshadow - docs §87: resync landing (player) w=2 pre=0.4378 post=-0.0002 m R=0.635 dY=-1.1571 dRotDeg=6.33 |corr|=1.2255 m
INFO 2026-07-27 15:26:45.650 joltshadow - docs §87: resync landing (player) w=3 pre=0.2944 post=-0.0083 m R=0.635 dY=-1.1571 dRotDeg=6.33 |corr|=1.2255 m
INFO 2026-07-27 15:26:45.650 joltshadow - docs §82: resync RESIDUAL (player) #25 pos=0.0000 m up=0.0198 deg
INFO 2026-07-27 15:26:45.671 joltshadow - docs §70.1: slipdense (player) f=1044 w=0 grounded=1 kappa=0.027 fnGround=1187 omega=24.74 | ftGround=495N target=77.6 limit=56Nm motorNm=56 tyreNm=-227 inertia=1.78 limRot=0/-381/0 omegaPre=28.82 posN=-809/-188/0 susp=-0.5352 springN=2510
INFO 2026-07-27 15:26:45.671 joltshadow - docs §70.1: slipdense (player) f=1044 w=1 grounded=1 kappa=0.103 fnGround=1187 omega=24.71 | ftGround=1672N target=77.6 limit=56Nm motorNm=56 tyreNm=-908 inertia=1.78 limRot=0/1007/0 omegaPre=30.03 posN=1718/-985/0 susp=-0.5200 springN=2547
INFO 2026-07-27 15:26:45.672 joltshadow - docs §70.1: slipdense (player) f=1044 w=2 grounded=1 kappa=0.017 fnGround=1181 omega=24.57 | ftGround=318N target=77.6 limit=56Nm motorNm=56 tyreNm=-127 inertia=1.82 limRot=0/-166/-16 omegaPre=27.43 posN=-222/-332/0 susp=-0.5434 springN=2748
INFO 2026-07-27 15:26:45.672 joltshadow - docs §70.1: slipdense (player) f=1044 w=3 grounded=1 kappa=0.014 fnGround=1180 omega=25.47 | ftGround=262N target=77.6 limit=56Nm motorNm=56 tyreNm=-90 inertia=1.82 limRot=0/-153/-14 omegaPre=27.93 posN=-204/-174/0 susp=-0.5676 springN=3029
INFO 2026-07-27 15:26:45.672 joltshadow - docs §78: attdense (player) f=1044 joltTilt=2.70 odeTilt=2.59 upDelta=0.13 wBody=(-0.53,-0.06,-0.17) |w|=0.56 grounded=4
INFO 2026-07-27 15:26:45.708 joltshadow - docs §70.1: slipdense (player) f=1048 w=0 grounded=1 kappa=0.018 fnGround=1193 omega=23.68 | ftGround=340N target=29.1 limit=149Nm motorNm=149 tyreNm=-149 inertia=1.78 limRot=0/-663/0 omegaPre=23.57 posN=-1226/-273/0 susp=-0.4302 springN=1203
INFO 2026-07-27 15:26:45.708 joltshadow - docs §70.1: slipdense (player) f=1048 w=1 grounded=1 kappa=0.016 fnGround=1170 omega=20.59 | ftGround=253N target=29.1 limit=149Nm motorNm=149 tyreNm=-110 inertia=1.78 limRot=0/2620/-2588 omegaPre=20.84 posN=2000/1283/0 susp=-0.4147 springN=1298
INFO 2026-07-27 15:26:45.708 joltshadow - docs §70.1: slipdense (player) f=1048 w=2 grounded=1 kappa=0.020 fnGround=1177 omega=23.41 | ftGround=358N target=29.1 limit=149Nm motorNm=149 tyreNm=-165 inertia=1.82 limRot=0/-121/-16 omegaPre=23.43 posN=-205/-454/0 susp=-0.4635 springN=1699
INFO 2026-07-27 15:26:45.708 joltshadow - docs §70.1: slipdense (player) f=1048 w=3 grounded=1 kappa=0.025 fnGround=1177 omega=24.60 | ftGround=463N target=29.1 limit=149Nm motorNm=149 tyreNm=-222 inertia=1.82 limRot=0/-104/-16 omegaPre=24.71 posN=-169/-567/0 susp=-0.5053 springN=2117
INFO 2026-07-27 15:26:45.708 joltshadow - docs §78: attdense (player) f=1048 joltTilt=3.78 odeTilt=3.44 upDelta=0.34 wBody=(-0.63,-0.17,-0.26) |w|=0.70 grounded=4
INFO 2026-07-27 15:26:45.748 joltshadow - docs §70.1: slipdense (player) f=1052 w=0 grounded=1 kappa=0.029 fnGround=403 omega=23.47 | ftGround=259N target=29.1 limit=149Nm motorNm=149 tyreNm=-143 inertia=1.78 limRot=0/575/0 omegaPre=23.39 posN=-19/-226/0 susp=-0.2440 springN=135
INFO 2026-07-27 15:26:45.748 joltshadow - docs §70.1: slipdense (player) f=1052 w=1 grounded=1 kappa=0.018 fnGround=602 omega=20.96 | ftGround=243N target=29.1 limit=149Nm motorNm=149 tyreNm=-129 inertia=1.78 limRot=0/2818/-570 omegaPre=20.78 posN=987/574/0 susp=-0.2509 springN=334
INFO 2026-07-27 15:26:45.748 joltshadow - docs §70.1: slipdense (player) f=1052 w=2 grounded=1 kappa=0.017 fnGround=827 omega=23.11 | ftGround=314N target=29.1 limit=149Nm motorNm=149 tyreNm=-161 inertia=1.82 limRot=0/-97/-11 omegaPre=23.18 posN=-185/-378/0 susp=-0.3000 springN=549
INFO 2026-07-27 15:26:45.748 joltshadow - docs §70.1: slipdense (player) f=1052 w=3 grounded=1 kappa=0.014 fnGround=1165 omega=24.29 | ftGround=288N target=29.1 limit=149Nm motorNm=149 tyreNm=-127 inertia=1.82 limRot=0/-113/-13 omegaPre=24.10 posN=-202/-317/0 susp=-0.3738 springN=1088
INFO 2026-07-27 15:26:45.749 joltshadow - docs §78: attdense (player) f=1052 joltTilt=5.28 odeTilt=4.49 upDelta=1.03 wBody=(-0.55,-0.26,-0.31) |w|=0.69 grounded=4
INFO 2026-07-27 15:26:45.787 joltshadow - docs §70.1: slipdense (player) f=1056 w=0 grounded=0 kappa=0.000 fnGround=0 omega=25.11 | ftGround=0N target=46.5 limit=93Nm motorNm=93 tyreNm=0 inertia=1.78 limRot=0/1052/0 omegaPre=24.74 posN=-16/-7/0 susp=-0.0898 springN=-382
INFO 2026-07-27 15:26:45.787 joltshadow - docs §70.1: slipdense (player) f=1056 w=1 grounded=0 kappa=0.000 fnGround=0 omega=22.43 | ftGround=0N target=46.5 limit=93Nm motorNm=93 tyreNm=0 inertia=1.78 limRot=0/536/0 omegaPre=22.02 posN=-20/17/0 susp=-0.1102 springN=-271
INFO 2026-07-27 15:26:45.788 joltshadow - docs §70.1: slipdense (player) f=1056 w=2 grounded=0 kappa=0.000 fnGround=0 omega=23.41 | ftGround=0N target=46.5 limit=93Nm motorNm=93 tyreNm=0 inertia=1.82 limRot=0/9/6 omegaPre=23.00 posN=14/9/0 susp=-0.1474 springN=-168
INFO 2026-07-27 15:26:45.788 joltshadow - docs §70.1: slipdense (player) f=1056 w=3 grounded=1 kappa=0.016 fnGround=605 omega=24.13 | ftGround=220N target=46.5 limit=93Nm motorNm=93 tyreNm=-117 inertia=1.82 limRot=0/84/14 omegaPre=24.23 posN=156/-261/0 susp=-0.2293 springN=385
INFO 2026-07-27 15:26:45.788 joltshadow - docs §78: attdense (player) f=1056 joltTilt=6.60 odeTilt=5.51 upDelta=1.77 wBody=(-0.46,-0.31,-0.25) |w|=0.61 grounded=1
INFO 2026-07-27 15:26:45.822 joltshadow - docs §70.1: slipdense (player) f=1060 w=0 grounded=0 kappa=0.000 fnGround=0 omega=26.83 | ftGround=0N target=46.5 limit=93Nm motorNm=93 tyreNm=0 inertia=1.78 limRot=0/-251/0 omegaPre=26.44 posN=30/-9/0 susp=-0.0185 springN=-266
INFO 2026-07-27 15:26:45.822 joltshadow - docs §70.1: slipdense (player) f=1060 w=1 grounded=0 kappa=0.000 fnGround=0 omega=24.06 | ftGround=0N target=46.5 limit=93Nm motorNm=93 tyreNm=0 inertia=1.78 limRot=0/-256/0 omegaPre=23.62 posN=26/-5/0 susp=-0.0284 springN=-327
INFO 2026-07-27 15:26:45.822 joltshadow - docs §70.1: slipdense (player) f=1060 w=2 grounded=0 kappa=0.000 fnGround=0 omega=25.20 | ftGround=0N target=46.5 limit=93Nm motorNm=93 tyreNm=0 inertia=1.82 limRot=0/11/3 omegaPre=24.74 posN=26/8/0 susp=-0.0505 springN=-312
INFO 2026-07-27 15:26:45.822 joltshadow - docs §70.1: slipdense (player) f=1060 w=3 grounded=0 kappa=0.000 fnGround=0 omega=24.83 | ftGround=0N target=46.5 limit=93Nm motorNm=93 tyreNm=0 inertia=1.82 limRot=0/11/3 omegaPre=24.37 posN=20/16/0 susp=-0.1228 springN=-133
INFO 2026-07-27 15:26:45.822 joltshadow - docs §78: attdense (player) f=1060 joltTilt=7.54 odeTilt=6.35 upDelta=2.25 wBody=(-0.42,-0.35,-0.11) |w|=0.56 grounded=0
INFO 2026-07-27 15:26:45.854 joltshadow - docs §70.1: slipdense (player) f=1064 w=0 grounded=0 kappa=0.000 fnGround=0 omega=28.02 | ftGround=0N target=77.6 limit=56Nm motorNm=56 tyreNm=0 inertia=1.78 limRot=0/51/0 omegaPre=27.77 posN=3/-4/0 susp=0.0029 springN=-121
INFO 2026-07-27 15:26:45.854 joltshadow - docs §70.1: slipdense (player) f=1064 w=1 grounded=0 kappa=0.000 fnGround=0 omega=25.39 | ftGround=0N target=77.6 limit=56Nm motorNm=56 tyreNm=0 inertia=1.78 limRot=0/22/0 omegaPre=25.14 posN=0/-9/0 susp=0.0048 springN=-194
INFO 2026-07-27 15:26:45.854 joltshadow - docs §70.1: slipdense (player) f=1064 w=2 grounded=0 kappa=0.000 fnGround=0 omega=26.52 | ftGround=0N target=77.6 limit=56Nm motorNm=56 tyreNm=0 inertia=1.82 limRot=0/8/1 omegaPre=26.27 posN=-11/11/0 susp=-0.0080 springN=-207
INFO 2026-07-27 15:26:45.854 joltshadow - docs §70.1: slipdense (player) f=1064 w=3 grounded=0 kappa=0.000 fnGround=0 omega=26.14 | ftGround=0N target=77.6 limit=56Nm motorNm=56 tyreNm=0 inertia=1.82 limRot=0/7/1 omegaPre=25.90 posN=-14/12/0 susp=-0.0459 springN=-279
INFO 2026-07-27 15:26:45.854 joltshadow - docs §78: attdense (player) f=1064 joltTilt=8.30 odeTilt=7.06 upDelta=2.50 wBody=(-0.42,-0.32,-0.08) |w|=0.54 grounded=0
INFO 2026-07-27 15:26:45.897 joltshadow - docs §70.1: slipdense (player) f=1068 w=0 grounded=0 kappa=0.000 fnGround=0 omega=29.75 | ftGround=0N target=77.6 limit=56Nm motorNm=56 tyreNm=0 inertia=1.78 limRot=0/153/0 omegaPre=29.31 posN=-6/-8/0 susp=0.0057 springN=-30
INFO 2026-07-27 15:26:45.897 joltshadow - docs §70.1: slipdense (player) f=1068 w=1 grounded=0 kappa=0.000 fnGround=0 omega=27.13 | ftGround=0N target=77.6 limit=56Nm motorNm=56 tyreNm=0 inertia=1.78 limRot=0/23/0 omegaPre=26.69 posN=-9/-7/0 susp=0.0122 springN=-49
INFO 2026-07-27 15:26:45.897 joltshadow - docs §70.1: slipdense (player) f=1068 w=2 grounded=0 kappa=0.000 fnGround=0 omega=28.22 | ftGround=0N target=77.6 limit=56Nm motorNm=56 tyreNm=0 inertia=1.82 limRot=0/7/2 omegaPre=27.79 posN=-8/5/0 susp=0.0062 springN=-66
INFO 2026-07-27 15:26:45.897 joltshadow - docs §70.1: slipdense (player) f=1068 w=3 grounded=0 kappa=0.000 fnGround=0 omega=27.85 | ftGround=0N target=77.6 limit=56Nm motorNm=56 tyreNm=0 inertia=1.82 limRot=0/7/2 omegaPre=27.41 posN=-12/10/0 susp=0.0012 springN=-168
INFO 2026-07-27 15:26:45.897 joltshadow - docs §78: attdense (player) f=1068 joltTilt=9.34 odeTilt=7.90 upDelta=2.84 wBody=(-0.45,-0.32,-0.12) |w|=0.56 grounded=0
INFO 2026-07-27 15:26:45.940 joltshadow - docs §70.1: slipdense (player) f=1072 w=0 grounded=0 kappa=0.000 fnGround=0 omega=31.57 | ftGround=0N target=77.6 limit=56Nm motorNm=56 tyreNm=0 inertia=1.78 limRot=0/-137/0 omegaPre=31.29 posN=-15/-20/0 susp=0.0037 springN=-6
INFO 2026-07-27 15:26:45.940 joltshadow - docs §70.1: slipdense (player) f=1072 w=1 grounded=0 kappa=0.000 fnGround=0 omega=28.96 | ftGround=0N target=77.6 limit=56Nm motorNm=56 tyreNm=0 inertia=1.78 limRot=0/-5/0 omegaPre=28.68 posN=-17/0/0 susp=0.0068 springN=-2
INFO 2026-07-27 15:26:45.940 joltshadow - docs §70.1: slipdense (player) f=1072 w=2 grounded=0 kappa=0.000 fnGround=0 omega=30.01 | ftGround=0N target=77.6 limit=56Nm motorNm=56 tyreNm=0 inertia=1.82 limRot=0/9/4 omegaPre=29.74 posN=19/-8/0 susp=0.0044 springN=4
INFO 2026-07-27 15:26:45.941 joltshadow - docs §70.1: slipdense (player) f=1072 w=3 grounded=0 kappa=0.000 fnGround=0 omega=29.64 | ftGround=0N target=77.6 limit=56Nm motorNm=56 tyreNm=0 inertia=1.82 limRot=0/9/4 omegaPre=29.36 posN=16/15/0 susp=0.0092 springN=-50
INFO 2026-07-27 15:26:45.941 joltshadow - docs §78: attdense (player) f=1072 joltTilt=10.52 odeTilt=8.62 upDelta=3.00 wBody=(-0.47,-0.33,-0.12) |w|=0.59 grounded=0
INFO 2026-07-27 15:26:45.978 joltshadow - docs §70.1: slipdense (player) f=1076 w=0 grounded=0 kappa=0.000 fnGround=0 omega=32.85 | ftGround=0N target=77.6 limit=56Nm motorNm=56 tyreNm=0 inertia=1.78 limRot=0/-1297/-7776 omegaPre=32.66 posN=194/69/0 susp=0.0011 springN=18
INFO 2026-07-27 15:26:45.978 joltshadow - docs §70.1: slipdense (player) f=1076 w=1 grounded=0 kappa=0.000 fnGround=0 omega=30.57 | ftGround=0N target=77.6 limit=56Nm motorNm=56 tyreNm=0 inertia=1.78 limRot=0/-519/0 omegaPre=30.23 posN=191/-97/0 susp=0.0039 springN=-12
INFO 2026-07-27 15:26:45.978 joltshadow - docs §70.1: slipdense (player) f=1076 w=2 grounded=0 kappa=0.000 fnGround=0 omega=31.59 | ftGround=0N target=77.6 limit=56Nm motorNm=56 tyreNm=0 inertia=1.82 limRot=0/11/-6 omegaPre=31.26 posN=-121/90/0 susp=-0.0000 springN=32
INFO 2026-07-27 15:26:45.978 joltshadow - docs §70.1: slipdense (player) f=1076 w=3 grounded=0 kappa=0.000 fnGround=0 omega=31.22 | ftGround=0N target=77.6 limit=56Nm motorNm=56 tyreNm=0 inertia=1.82 limRot=0/11/-6 omegaPre=30.88 posN=-124/-91/0 susp=0.0070 springN=-23
INFO 2026-07-27 15:26:45.978 joltshadow - docs §78: attdense (player) f=1076 joltTilt=11.57 odeTilt=8.90 upDelta=3.31 wBody=(-0.48,-0.32,-0.06) |w|=0.58 grounded=0
INFO 2026-07-27 15:26:46.021 joltshadow - docs §70.1: slipdense (player) f=1080 w=0 grounded=0 kappa=0.000 fnGround=0 omega=34.56 | ftGround=0N target=77.6 limit=56Nm motorNm=56 tyreNm=0 inertia=1.78 limRot=0/93/0 omegaPre=34.35 posN=17/8/0 susp=-0.0003 springN=-4
INFO 2026-07-27 15:26:46.021 joltshadow - docs §70.1: slipdense (player) f=1080 w=1 grounded=0 kappa=0.000 fnGround=0 omega=32.31 | ftGround=0N target=77.6 limit=56Nm motorNm=56 tyreNm=0 inertia=1.78 limRot=0/-577/0 omegaPre=32.03 posN=15/-24/0 susp=0.0030 springN=-10
INFO 2026-07-27 15:26:46.021 joltshadow - docs §70.1: slipdense (player) f=1080 w=2 grounded=0 kappa=0.000 fnGround=0 omega=33.37 | ftGround=0N target=77.6 limit=56Nm motorNm=56 tyreNm=0 inertia=1.82 limRot=0/7/0 omegaPre=33.09 posN=-45/22/0 susp=-0.0025 springN=15
INFO 2026-07-27 15:26:46.021 joltshadow - docs §70.1: slipdense (player) f=1080 w=3 grounded=0 kappa=0.000 fnGround=0 omega=33.00 | ftGround=0N target=77.6 limit=56Nm motorNm=56 tyreNm=0 inertia=1.82 limRot=0/7/0 omegaPre=32.72 posN=-47/-13/0 susp=0.0038 springN=8
INFO 2026-07-27 15:26:46.021 joltshadow - docs §78: attdense (player) f=1080 joltTilt=12.77 odeTilt=8.87 upDelta=4.22 wBody=(-0.50,-0.30,-0.06) |w|=0.58 grounded=0
INFO 2026-07-27 15:26:46.021 joltshadow - Shadow divergence (player): pos=2.269m vel=1.091m/s angle=7.1deg (jolt com=[4665.2 260.6 1237.0] ode com=[4665.0 258.4 1236.5])
INFO 2026-07-27 15:26:46.021 joltshadow - docs §23.6: driver input (player) realThrottle=1.00 brake=0.01 handBrake=0 steerRad=0.000
INFO 2026-07-27 15:26:46.021 joltshadow - docs §32: Jolt SHADOW chassis pitch (player) forward=(-0.126, 0.215, -0.968)
INFO 2026-07-27 15:26:46.021 joltshadow - docs §69: tilt (player) jolt=12.8 deg ode=8.9 deg delta=+3.9 deg upDelta=4.22 deg
INFO 2026-07-27 15:26:46.021 joltshadow - docs §32.4: Jolt SHADOW chassis lowest corner (player) = (4664.16,258.54,1239.95) clearanceToGround=0.532
INFO 2026-07-27 15:26:46.022 joltshadow - docs §23.5: wheel state (player) wheel=0 contact=0 suspLen=1.050 (range 0.050-1.050, 0% compressed) angVel=0.00
INFO 2026-07-27 15:26:46.022 joltshadow - docs §38.11: wheel=0 NO contact, worldAxle=(0.992,0.051,-0.117)
INFO 2026-07-27 15:26:46.022 joltshadow - docs §32: no-contact raycast (player) wheel=0 bodyPos=(4665.18,259.95,1236.44) localMPos=(-1.155,0.060,2.270) origin=(4666.04,260.55,1234.12) dir=(0.024,-0.975,-0.220) normalRayLen=1.679 groundFoundAt=0.000 shortfallBeyondTravel=-1.679 hitBody=8475716 hitLayer=4 hitMotion=2 hitIsSelfChassis=0
INFO 2026-07-27 15:26:46.022 joltshadow - docs §23.5: wheel state (player) wheel=1 contact=0 suspLen=1.050 (range 0.050-1.050, 0% compressed) angVel=0.00
INFO 2026-07-27 15:26:46.022 joltshadow - docs §38.11: wheel=1 NO contact, worldAxle=(0.992,0.051,-0.117)
INFO 2026-07-27 15:26:46.022 joltshadow - docs §32: no-contact raycast (player) wheel=1 bodyPos=(4665.18,259.95,1236.44) localMPos=(1.155,0.059,2.270) origin=(4663.75,260.44,1234.39) dir=(0.024,-0.975,-0.220) normalRayLen=1.679 groundFoundAt=0.000 shortfallBeyondTravel=-1.679 hitBody=8475717 hitLayer=4 hitMotion=2 hitIsSelfChassis=0
INFO 2026-07-27 15:26:46.022 joltshadow - docs §23.5: wheel state (player) wheel=2 contact=0 suspLen=1.050 (range 0.050-1.050, 0% compressed) angVel=0.00
INFO 2026-07-27 15:26:46.022 joltshadow - docs §38.11: wheel=2 NO contact, worldAxle=(0.992,0.051,-0.117)
INFO 2026-07-27 15:26:46.022 joltshadow - docs §32: no-contact raycast (player) wheel=2 bodyPos=(4665.18,259.95,1236.44) localMPos=(-1.253,0.145,-2.062) origin=(4666.68,259.71,1238.33) dir=(0.024,-0.975,-0.220) normalRayLen=1.685 groundFoundAt=0.002 shortfallBeyondTravel=-1.683 hitBody=8475718 hitLayer=4 hitMotion=2 hitIsSelfChassis=0
INFO 2026-07-27 15:26:46.022 joltshadow - docs §23.5: wheel state (player) wheel=3 contact=0 suspLen=1.050 (range 0.050-1.050, 0% compressed) angVel=0.00
INFO 2026-07-27 15:26:46.022 joltshadow - docs §38.11: wheel=3 NO contact, worldAxle=(0.992,0.051,-0.117)
INFO 2026-07-27 15:26:46.023 joltshadow - docs §32: no-contact raycast (player) wheel=3 bodyPos=(4665.18,259.95,1236.44) localMPos=(1.253,0.146,-2.062) origin=(4664.19,259.58,1238.62) dir=(0.024,-0.975,-0.220) normalRayLen=1.685 groundFoundAt=0.010 shortfallBeyondTravel=-1.676 hitBody=8475719 hitLayer=4 hitMotion=2 hitIsSelfChassis=0
INFO 2026-07-27 15:26:46.023 joltshadow - docs §59/63: harvest (player) wheelsWithContact=0 contactPoints=0 overflow=0 (of 4) | maxNormalF=0N bound(k_t*tau)=0N ratio=0.00
INFO 2026-07-27 15:26:46.023 joltshadow - docs §58: wheel body (player) w=0 springF=-4N stopF=0N travel=-0.0003 (limits -0.5000..0.5000 rel spawn) kSusp=6000 sagPredicted=-0.0006 | frameTrav=-0.0004..-0.0003 frameStopN=0
INFO 2026-07-27 15:26:46.023 joltshadow - docs §66: tyre band (player) w=0 fnGround=0N fnTotal=0N pen=0.00000 penRaw=0.00000 tau=0.01000 pen/tau=0.00 | recs tyre=0 rim=0 survived=0 stale=0 distMax=0.00R
INFO 2026-07-27 15:26:46.023 joltshadow - docs §68: steer (player) w=0 steerable=1 commanded=0.000 rad measured=0.397 rad err=22.75 deg steerSign=-1 steerTq=815Nm cap=815Nm sat=1.00
INFO 2026-07-27 15:26:46.023 joltshadow - docs §70: slip (player) w=0 grounded=0 kappa=0.000 fnGround=0N omega=34.56
INFO 2026-07-27 15:26:46.023 joltshadow - docs §67: spin (player) w=0 driven=1 omega=34.56 rad/s surfaceSpeed=21.75 m/s spinSign=+1 motorTq=56Nm cmdTq=56Nm
INFO 2026-07-27 15:26:46.023 joltshadow - docs §58: wheel body (player) w=1 springF=-10N stopF=0N travel=0.0030 (limits -0.5000..0.5000 rel spawn) kSusp=6000 sagPredicted=-0.0016 | frameTrav=0.0030..0.0031 frameStopN=0
INFO 2026-07-27 15:26:46.023 joltshadow - docs §66: tyre band (player) w=1 fnGround=0N fnTotal=0N pen=0.00000 penRaw=0.00000 tau=0.01000 pen/tau=0.00 | recs tyre=0 rim=0 survived=0 stale=0 distMax=0.00R
INFO 2026-07-27 15:26:46.023 joltshadow - docs §68: steer (player) w=1 steerable=1 commanded=0.000 rad measured=0.343 rad err=19.67 deg steerSign=-1 steerTq=815Nm cap=815Nm sat=1.00
INFO 2026-07-27 15:26:46.023 joltshadow - docs §70: slip (player) w=1 grounded=0 kappa=0.000 fnGround=0N omega=32.31
INFO 2026-07-27 15:26:46.023 joltshadow - docs §67: spin (player) w=1 driven=1 omega=32.31 rad/s surfaceSpeed=20.33 m/s spinSign=+1 motorTq=56Nm cmdTq=56Nm
INFO 2026-07-27 15:26:46.023 joltshadow - docs §58: wheel body (player) w=2 springF=15N stopF=0N travel=-0.0025 (limits -0.5000..0.5000 rel spawn) kSusp=6000 sagPredicted=0.0025 | frameTrav=-0.0025..-0.0024 frameStopN=0
INFO 2026-07-27 15:26:46.023 joltshadow - docs §66: tyre band (player) w=2 fnGround=0N fnTotal=0N pen=0.00000 penRaw=0.00000 tau=0.01000 pen/tau=0.00 | recs tyre=0 rim=0 survived=0 stale=0 distMax=0.00R
INFO 2026-07-27 15:26:46.023 joltshadow - docs §68: steer (player) w=2 steerable=0 commanded=0.000 rad measured=0.000 rad err=0.00 deg steerSign=-1 steerTq=0Nm cap=340282346638528859811704183484516925440Nm sat=0.00
INFO 2026-07-27 15:26:46.023 joltshadow - docs §70: slip (player) w=2 grounded=0 kappa=0.000 fnGround=0N omega=33.37
INFO 2026-07-27 15:26:46.023 joltshadow - docs §67: spin (player) w=2 driven=1 omega=33.37 rad/s surfaceSpeed=21.20 m/s spinSign=+1 motorTq=56Nm cmdTq=56Nm
INFO 2026-07-27 15:26:46.023 joltshadow - docs §58: wheel body (player) w=3 springF=8N stopF=0N travel=0.0038 (limits -0.5000..0.5000 rel spawn) kSusp=6000 sagPredicted=0.0013 | frameTrav=0.0038..0.0043 frameStopN=0
INFO 2026-07-27 15:26:46.023 joltshadow - docs §66: tyre band (player) w=3 fnGround=0N fnTotal=0N pen=0.00000 penRaw=0.00000 tau=0.01000 pen/tau=0.00 | recs tyre=0 rim=0 survived=0 stale=0 distMax=0.00R
INFO 2026-07-27 15:26:46.023 joltshadow - docs §68: steer (player) w=3 steerable=0 commanded=0.000 rad measured=0.000 rad err=0.00 deg steerSign=-1 steerTq=0Nm cap=340282346638528859811704183484516925440Nm sat=0.00
INFO 2026-07-27 15:26:46.023 joltshadow - docs §70: slip (player) w=3 grounded=0 kappa=0.000 fnGround=0N omega=33.00
INFO 2026-07-27 15:26:46.024 joltshadow - docs §67: spin (player) w=3 driven=1 omega=33.00 rad/s surfaceSpeed=20.96 m/s spinSign=+1 motorTq=56Nm cmdTq=56Nm
INFO 2026-07-27 15:26:46.024 joltshadow - docs §67: drivetrain (player) gear=2 rpm=4260 driveTorque=225Nm perWheel=56Nm driven=4 throttle=1.00 spin=1 | PRE-STEP brake=0.01 handBrake=0
INFO 2026-07-27 15:26:46.024 joltshadow - docs §66: tyre band SUM (player) fnGroundSum=0N fnTotalSum=0N weight=1295N carried=0.00 | penSum=0.00000 recs tyre=0 rim=0 stale=0
INFO 2026-07-27 15:26:46.024 joltshadow - docs §30: REAL ODE chassis COM (player) body=54AA14C8 = (4665.011, 258.400, 1236.462) forward=(-0.222, 0.152, -0.963)
INFO 2026-07-27 15:26:46.024 joltshadow - docs §33: real ODE chassis geom (player) #1 = class 0 (not a transform) pos=(4665.011,258.400,1236.462) radius=4.500
INFO 2026-07-27 15:26:46.024 joltshadow - docs §33: real ODE chassis geom (player) #2 = transform, inner class=1 pos=(0.000,1.095,-0.495)
INFO 2026-07-27 15:26:46.024 joltshadow - docs §33: real ODE chassis geom (player) #3 = transform, inner class=1 pos=(0.353,3.466,0.718)
INFO 2026-07-27 15:26:46.024 joltshadow - docs §33: real ODE chassis geom (player) #4 = transform, inner class=1 pos=(0.000,1.818,1.842)
INFO 2026-07-27 15:26:46.024 joltshadow - docs §33: real ODE chassis geom (player) #5 = transform, inner class=1 pos=(0.006,1.981,-2.113)
INFO 2026-07-27 15:26:46.024 joltshadow - docs §33: real ODE chassis geom (player) #6 = class 0 (not a transform) pos=(4665.011,258.400,1236.462) radius=30.000
INFO 2026-07-27 15:26:46.024 joltshadow - docs §33: real ODE chassis geom (player) #7 = class 0 (not a transform) pos=(4665.011,258.400,1236.462) radius=6.436
INFO 2026-07-27 15:26:46.024 joltshadow - docs §33: real ODE chassis geom (player) #8 = class 0 (not a transform) pos=(4665.011,258.400,1236.462) radius=200.000
INFO 2026-07-27 15:26:46.024 joltshadow - docs §33: real ODE chassis (player) has 8 total geom(s) directly attached (4 transform(s)) - compare against BuildChassisCompoundShape's own part/geom count in the build log
INFO 2026-07-27 15:26:46.024 joltshadow - docs §28: REAL ODE wheel state (player) wheel=0 displacement=0.0307 range=1.000 (3% compressed, signed) foreAft=2.270 localZ=2.270 cfm=0.002500 erp=0.2500
INFO 2026-07-27 15:26:46.024 joltshadow - docs §28: REAL ODE wheel state (player) wheel=1 displacement=0.0410 range=1.000 (4% compressed, signed) foreAft=2.270 localZ=2.270 cfm=0.002500 erp=0.2500
INFO 2026-07-27 15:26:46.024 joltshadow - docs §28: REAL ODE wheel state (player) wheel=2 displacement=0.0850 range=1.000 (8% compressed, signed) foreAft=-2.062 localZ=-2.062 cfm=0.002500 erp=0.2500
INFO 2026-07-27 15:26:46.024 joltshadow - docs §28: REAL ODE wheel state (player) wheel=3 displacement=0.0940 range=1.000 (9% compressed, signed) foreAft=-2.062 localZ=-2.062 cfm=0.002500 erp=0.2500
INFO 2026-07-27 15:26:46.069 joltshadow - docs §70.1: slipdense (player) f=1084 w=0 grounded=0 kappa=0.000 fnGround=0 omega=36.25 | ftGround=0N target=77.6 limit=56Nm motorNm=56 tyreNm=0 inertia=1.78 limRot=0/-184/0 omegaPre=35.89 posN=-9/-14/0 susp=0.0024 springN=-32
INFO 2026-07-27 15:26:46.069 joltshadow - docs §70.1: slipdense (player) f=1084 w=1 grounded=0 kappa=0.000 fnGround=0 omega=34.16 | ftGround=0N target=77.6 limit=56Nm motorNm=56 tyreNm=0 inertia=1.78 limRot=0/-48/0 omegaPre=33.80 posN=-11/-9/0 susp=0.0010 springN=6
INFO 2026-07-27 15:26:46.069 joltshadow - docs §70.1: slipdense (player) f=1084 w=2 grounded=0 kappa=0.000 fnGround=0 omega=35.33 | ftGround=0N target=77.6 limit=56Nm motorNm=56 tyreNm=0 inertia=1.82 limRot=0/9/5 omegaPre=34.96 posN=-3/-1/0 susp=-0.0004 springN=-15
INFO 2026-07-27 15:26:46.069 joltshadow - docs §70.1: slipdense (player) f=1084 w=3 grounded=0 kappa=0.000 fnGround=0 omega=34.96 | ftGround=0N target=77.6 limit=56Nm motorNm=56 tyreNm=0 inertia=1.82 limRot=0/9/5 omegaPre=34.59 posN=-5/5/0 susp=-0.0013 springN=32
INFO 2026-07-27 15:26:46.069 joltshadow - docs §78: attdense (player) f=1084 joltTilt=14.18 odeTilt=8.65 upDelta=5.74 wBody=(-0.52,-0.31,-0.16) |w|=0.62 grounded=0
INFO 2026-07-27 15:26:46.109 joltshadow - docs §70.1: slipdense (player) f=1088 w=0 grounded=0 kappa=0.000 fnGround=0 omega=37.93 | ftGround=0N target=77.6 limit=56Nm motorNm=56 tyreNm=0 inertia=1.78 limRot=0/143/0 omegaPre=37.68 posN=-1/-8/0 susp=0.0032 springN=-24
INFO 2026-07-27 15:26:46.109 joltshadow - docs §70.1: slipdense (player) f=1088 w=1 grounded=0 kappa=0.000 fnGround=0 omega=35.87 | ftGround=0N target=77.6 limit=56Nm motorNm=56 tyreNm=0 inertia=1.78 limRot=0/-63/0 omegaPre=35.59 posN=-3/-16/0 susp=0.0013 springN=-1
INFO 2026-07-27 15:26:46.109 joltshadow - docs §70.1: slipdense (player) f=1088 w=2 grounded=0 kappa=0.000 fnGround=0 omega=37.02 | ftGround=0N target=77.6 limit=56Nm motorNm=56 tyreNm=0 inertia=1.82 limRot=0/9/5 omegaPre=36.74 posN=-25/7/0 susp=0.0003 springN=-11
INFO 2026-07-27 15:26:46.109 joltshadow - docs §70.1: slipdense (player) f=1088 w=3 grounded=0 kappa=0.000 fnGround=0 omega=36.65 | ftGround=0N target=77.6 limit=56Nm motorNm=56 tyreNm=0 inertia=1.82 limRot=0/9/5 omegaPre=36.37 posN=-27/-3/0 susp=-0.0020 springN=17
INFO 2026-07-27 15:26:46.109 joltshadow - docs §78: attdense (player) f=1088 joltTilt=15.46 odeTilt=8.41 upDelta=7.25 wBody=(-0.53,-0.30,-0.19) |w|=0.64 grounded=0
INFO 2026-07-27 15:26:46.146 joltshadow - docs §70.1: slipdense (player) f=1092 w=0 grounded=0 kappa=0.000 fnGround=0 omega=39.12 | ftGround=0N target=77.6 limit=56Nm motorNm=56 tyreNm=0 inertia=1.78 limRot=0/687/-385 omegaPre=38.89 posN=-120/114/0 susp=0.0081 springN=-146
INFO 2026-07-27 15:26:46.146 joltshadow - docs §70.1: slipdense (player) f=1092 w=1 grounded=0 kappa=0.000 fnGround=0 omega=37.31 | ftGround=0N target=77.6 limit=56Nm motorNm=56 tyreNm=0 inertia=1.78 limRot=0/761/0 omegaPre=37.02 posN=-123/75/0 susp=-0.0011 springN=44
INFO 2026-07-27 15:26:46.146 joltshadow - docs §70.1: slipdense (player) f=1092 w=2 grounded=0 kappa=0.000 fnGround=0 omega=38.53 | ftGround=0N target=77.6 limit=56Nm motorNm=56 tyreNm=0 inertia=1.82 limRot=0/2/16 omegaPre=38.19 posN=-206/131/0 susp=0.0045 springN=-105
INFO 2026-07-27 15:26:46.146 joltshadow - docs §70.1: slipdense (player) f=1092 w=3 grounded=1 kappa=0.087 fnGround=1134 omega=23.31 | ftGround=1646N target=77.6 limit=56Nm motorNm=56 tyreNm=-1043 inertia=1.82 limRot=0/1018/189 omegaPre=31.57 posN=1527/-1845/0 susp=-0.0307 springN=874
INFO 2026-07-27 15:26:46.146 joltshadow - docs §78: attdense (player) f=1092 joltTilt=16.74 odeTilt=8.09 upDelta=8.99 wBody=(-0.57,-0.27,-0.52) |w|=0.82 grounded=1
INFO 2026-07-27 15:26:46.158 joltshadow - docs §82: resync (player) #26 dt=0.51s upMax=9.663 deg posMax=1.076 m odeTiltPath=7.478 deg gain=1.2923
INFO 2026-07-27 15:26:46.158 joltshadow - docs §87: resync landing (player) w=0 pre=1.0002 post=0.0701 m R=0.629 dY=-1.0025 dRotDeg=12.48 |corr|=1.0400 m
INFO 2026-07-27 15:26:46.158 joltshadow - docs §87: resync landing (player) w=1 pre=0.6708 post=0.0029 m R=0.629 dY=-1.0025 dRotDeg=12.48 |corr|=1.0400 m
INFO 2026-07-27 15:26:46.158 joltshadow - docs §87: resync landing (player) w=2 pre=0.0832 post=-0.0045 m R=0.635 dY=-1.0025 dRotDeg=12.48 |corr|=1.0400 m
INFO 2026-07-27 15:26:46.158 joltshadow - docs §87: resync landing (player) w=3 pre=-0.0051 post=0.0043 m R=0.635 dY=-1.0025 dRotDeg=12.48 |corr|=1.0400 m
INFO 2026-07-27 15:26:46.158 joltshadow - docs §82: resync RESIDUAL (player) #26 pos=0.0000 m up=0.0000 deg
INFO 2026-07-27 15:26:46.190 joltshadow - docs §70.1: slipdense (player) f=1096 w=0 grounded=1 kappa=0.443 fnGround=1021 omega=29.67 | ftGround=1471N target=77.6 limit=56Nm motorNm=56 tyreNm=-944 inertia=1.78 limRot=0/640/0 omegaPre=40.88 posN=2366/-824/0 susp=-0.3810 springN=1073
INFO 2026-07-27 15:26:46.190 joltshadow - docs §70.1: slipdense (player) f=1096 w=1 grounded=1 kappa=-0.062 fnGround=415 omega=17.26 | ftGround=-436N target=77.6 limit=56Nm motorNm=56 tyreNm=277 inertia=1.78 limRot=0/2129/0 omegaPre=27.23 posN=278/937/8741 susp=-0.5081 springN=3091
INFO 2026-07-27 15:26:46.190 joltshadow - docs §70.1: slipdense (player) f=1096 w=2 grounded=1 kappa=0.022 fnGround=1187 omega=26.15 | ftGround=439N target=77.6 limit=56Nm motorNm=56 tyreNm=-194 inertia=1.82 limRot=0/-255/-15 omegaPre=27.34 posN=-148/-355/0 susp=-0.5380 springN=2598
INFO 2026-07-27 15:26:46.190 joltshadow - docs §70.1: slipdense (player) f=1096 w=3 grounded=1 kappa=0.006 fnGround=1187 omega=26.71 | ftGround=125N target=77.6 limit=56Nm motorNm=56 tyreNm=-12 inertia=1.82 limRot=0/-253/-17 omegaPre=26.45 posN=-123/212/0 susp=-0.5225 springN=2435
INFO 2026-07-27 15:26:46.190 joltshadow - docs §78: attdense (player) f=1096 joltTilt=7.51 odeTilt=7.67 upDelta=0.38 wBody=(-0.10,-0.30,0.09) |w|=0.33 grounded=4
INFO 2026-07-27 15:26:46.226 joltshadow - docs §70.1: slipdense (player) f=1100 w=0 grounded=1 kappa=0.016 fnGround=0 omega=24.26 | ftGround=0N target=46.5 limit=93Nm motorNm=93 tyreNm=0 inertia=1.78 limRot=0/51/0 omegaPre=23.86 posN=307/91/0 susp=-0.2132 springN=-123
INFO 2026-07-27 15:26:46.226 joltshadow - docs §70.1: slipdense (player) f=1100 w=1 grounded=1 kappa=0.012 fnGround=1181 omega=25.52 | ftGround=316N target=46.5 limit=93Nm motorNm=93 tyreNm=-148 inertia=1.78 limRot=0/-1479/0 omegaPre=25.79 posN=-1479/-326/0 susp=-0.3909 springN=1071
INFO 2026-07-27 15:26:46.226 joltshadow - docs §70.1: slipdense (player) f=1100 w=2 grounded=1 kappa=0.008 fnGround=1182 omega=24.83 | ftGround=199N target=46.5 limit=93Nm motorNm=93 tyreNm=-74 inertia=1.82 limRot=0/281/9 omegaPre=24.82 posN=422/-120/0 susp=-0.4634 springN=1834
INFO 2026-07-27 15:26:46.226 joltshadow - docs §70.1: slipdense (player) f=1100 w=3 grounded=1 kappa=0.011 fnGround=1181 omega=25.82 | ftGround=270N target=46.5 limit=93Nm motorNm=93 tyreNm=-116 inertia=1.82 limRot=0/281/10 omegaPre=25.94 posN=433/-340/0 susp=-0.4252 springN=1358
INFO 2026-07-27 15:26:46.226 joltshadow - docs §78: attdense (player) f=1100 joltTilt=7.64 odeTilt=7.36 upDelta=0.64 wBody=(-0.07,-0.22,0.33) |w|=0.40 grounded=4
INFO 2026-07-27 15:26:46.261 joltshadow - docs §70.1: slipdense (player) f=1104 w=0 grounded=0 kappa=0.000 fnGround=0 omega=26.14 | ftGround=0N target=46.5 limit=93Nm motorNm=93 tyreNm=0 inertia=1.78 limRot=0/45/0 omegaPre=25.62 posN=21/25/0 susp=-0.0677 springN=-561
INFO 2026-07-27 15:26:46.261 joltshadow - docs §70.1: slipdense (player) f=1104 w=1 grounded=1 kappa=0.018 fnGround=587 omega=25.04 | ftGround=236N target=46.5 limit=93Nm motorNm=93 tyreNm=-120 inertia=1.78 limRot=0/-135/0 omegaPre=25.18 posN=-189/-249/0 susp=-0.2450 springN=364
INFO 2026-07-27 15:26:46.261 joltshadow - docs §70.1: slipdense (player) f=1104 w=2 grounded=1 kappa=0.012 fnGround=1142 omega=25.23 | ftGround=235N target=46.5 limit=93Nm motorNm=93 tyreNm=-86 inertia=1.82 limRot=0/230/14 omegaPre=25.11 posN=316/-222/0 susp=-0.3414 springN=992
INFO 2026-07-27 15:26:46.261 joltshadow - docs §70.1: slipdense (player) f=1104 w=3 grounded=1 kappa=0.016 fnGround=693 omega=25.41 | ftGround=248N target=46.5 limit=93Nm motorNm=93 tyreNm=-119 inertia=1.82 limRot=0/148/7 omegaPre=25.53 posN=191/-263/0 susp=-0.2754 springN=454
INFO 2026-07-27 15:26:46.261 joltshadow - docs §78: attdense (player) f=1104 joltTilt=7.65 odeTilt=7.09 upDelta=0.64 wBody=(0.04,-0.09,0.38) |w|=0.39 grounded=3
INFO 2026-07-27 15:26:46.294 joltshadow - docs §70.1: slipdense (player) f=1108 w=0 grounded=0 kappa=0.000 fnGround=0 omega=27.65 | ftGround=0N target=46.5 limit=93Nm motorNm=93 tyreNm=0 inertia=1.78 limRot=0/5/0 omegaPre=27.29 posN=-16/-11/0 susp=0.0023 springN=-422
INFO 2026-07-27 15:26:46.294 joltshadow - docs §70.1: slipdense (player) f=1108 w=1 grounded=0 kappa=0.000 fnGround=0 omega=26.36 | ftGround=0N target=46.5 limit=93Nm motorNm=93 tyreNm=0 inertia=1.78 limRot=0/-28/0 omegaPre=25.99 posN=-4/-23/0 susp=-0.1297 springN=-210
INFO 2026-07-27 15:26:46.294 joltshadow - docs §70.1: slipdense (player) f=1108 w=2 grounded=1 kappa=0.015 fnGround=661 omega=24.86 | ftGround=226N target=46.5 limit=93Nm motorNm=93 tyreNm=-120 inertia=1.82 limRot=0/50/1 omegaPre=24.92 posN=34/-250/0 susp=-0.2352 springN=481
INFO 2026-07-27 15:26:46.294 joltshadow - docs §70.1: slipdense (player) f=1108 w=3 grounded=1 kappa=0.056 fnGround=0 omega=25.42 | ftGround=0N target=46.5 limit=93Nm motorNm=93 tyreNm=0 inertia=1.82 limRot=0/-2/-8 omegaPre=25.06 posN=-25/-22/0 susp=-0.1573 springN=-108
INFO 2026-07-27 15:26:46.294 joltshadow - docs §78: attdense (player) f=1108 joltTilt=7.53 odeTilt=6.91 upDelta=0.62 wBody=(0.13,-0.07,0.28) |w|=0.32 grounded=2
INFO 2026-07-27 15:26:46.329 joltshadow - docs §70.1: slipdense (player) f=1112 w=0 grounded=0 kappa=0.000 fnGround=0 omega=29.10 | ftGround=0N target=46.5 limit=93Nm motorNm=93 tyreNm=0 inertia=1.78 limRot=0/22/0 omegaPre=28.58 posN=-23/-7/0 susp=0.0231 springN=-174
INFO 2026-07-27 15:26:46.329 joltshadow - docs §70.1: slipdense (player) f=1112 w=1 grounded=0 kappa=0.000 fnGround=0 omega=27.81 | ftGround=0N target=46.5 limit=93Nm motorNm=93 tyreNm=0 inertia=1.78 limRot=0/-13/0 omegaPre=27.29 posN=-16/-14/0 susp=-0.0423 springN=-281
INFO 2026-07-27 15:26:46.329 joltshadow - docs §70.1: slipdense (player) f=1112 w=2 grounded=1 kappa=0.055 fnGround=0 omega=25.02 | ftGround=0N target=46.5 limit=93Nm motorNm=93 tyreNm=0 inertia=1.82 limRot=0/-1/-4 omegaPre=24.51 posN=-16/-13/0 susp=-0.1354 springN=-31
INFO 2026-07-27 15:26:46.329 joltshadow - docs §70.1: slipdense (player) f=1112 w=3 grounded=0 kappa=0.000 fnGround=0 omega=26.85 | ftGround=0N target=46.5 limit=93Nm motorNm=93 tyreNm=0 inertia=1.82 limRot=0/-1/-4 omegaPre=26.33 posN=-21/-14/0 susp=-0.0562 springN=-324
INFO 2026-07-27 15:26:46.329 joltshadow - docs §78: attdense (player) f=1112 joltTilt=7.27 odeTilt=6.77 upDelta=0.51 wBody=(0.18,-0.06,0.16) |w|=0.24 grounded=1
INFO 2026-07-27 15:26:46.379 joltshadow - docs §70.1: slipdense (player) f=1116 w=0 grounded=0 kappa=0.000 fnGround=0 omega=31.12 | ftGround=0N target=46.5 limit=93Nm motorNm=93 tyreNm=0 inertia=1.78 limRot=0/1039/0 omegaPre=30.52 posN=-12/6/0 susp=0.0126 springN=8
INFO 2026-07-27 15:26:46.379 joltshadow - docs §70.1: slipdense (player) f=1116 w=1 grounded=0 kappa=0.000 fnGround=0 omega=29.87 | ftGround=0N target=46.5 limit=93Nm motorNm=93 tyreNm=0 inertia=1.78 limRot=0/199/0 omegaPre=29.25 posN=-11/0/0 susp=0.0041 springN=-125
INFO 2026-07-27 15:26:46.379 joltshadow - docs §70.1: slipdense (player) f=1116 w=2 grounded=0 kappa=0.000 fnGround=0 omega=27.06 | ftGround=0N target=46.5 limit=93Nm motorNm=93 tyreNm=0 inertia=1.82 limRot=0/-0/-2 omegaPre=26.44 posN=-17/2/0 susp=-0.0281 springN=-258
INFO 2026-07-27 15:26:46.379 joltshadow - docs §70.1: slipdense (player) f=1116 w=3 grounded=0 kappa=0.000 fnGround=0 omega=28.88 | ftGround=0N target=46.5 limit=93Nm motorNm=93 tyreNm=0 inertia=1.82 limRot=0/-0/-2 omegaPre=28.26 posN=-19/1/0 susp=0.0025 springN=-139
INFO 2026-07-27 15:26:46.379 joltshadow - docs §78: attdense (player) f=1116 joltTilt=6.87 odeTilt=6.34 upDelta=0.86 wBody=(0.15,-0.04,0.06) |w|=0.17 grounded=0
INFO 2026-07-27 15:26:46.424 joltshadow - docs §70.1: slipdense (player) f=1120 w=0 grounded=0 kappa=0.000 fnGround=0 omega=32.89 | ftGround=0N target=46.5 limit=93Nm motorNm=93 tyreNm=0 inertia=1.78 limRot=0/-324/0 omegaPre=32.38 posN=5/2/0 susp=0.0037 springN=23
INFO 2026-07-27 15:26:46.425 joltshadow - docs §70.1: slipdense (player) f=1120 w=1 grounded=0 kappa=0.000 fnGround=0 omega=31.50 | ftGround=0N target=46.5 limit=93Nm motorNm=93 tyreNm=0 inertia=1.78 limRot=0/1108/0 omegaPre=31.01 posN=5/-1/0 susp=0.0066 springN=-26
INFO 2026-07-27 15:26:46.425 joltshadow - docs §70.1: slipdense (player) f=1120 w=2 grounded=0 kappa=0.000 fnGround=0 omega=28.90 | ftGround=0N target=46.5 limit=93Nm motorNm=93 tyreNm=0 inertia=1.82 limRot=0/1/-0 omegaPre=28.34 posN=1/1/0 susp=0.0078 springN=-132
INFO 2026-07-27 15:26:46.425 joltshadow - docs §70.1: slipdense (player) f=1120 w=3 grounded=0 kappa=0.000 fnGround=0 omega=30.72 | ftGround=0N target=46.5 limit=93Nm motorNm=93 tyreNm=0 inertia=1.82 limRot=0/2/-0 omegaPre=30.16 posN=0/-1/0 susp=0.0051 springN=-6
INFO 2026-07-27 15:26:46.425 joltshadow - docs §78: attdense (player) f=1120 joltTilt=6.54 odeTilt=6.02 upDelta=0.86 wBody=(0.12,-0.05,0.02) |w|=0.13 grounded=0
INFO 2026-07-27 15:26:46.464 joltshadow - docs §70.1: slipdense (player) f=1124 w=0 grounded=0 kappa=0.000 fnGround=0 omega=34.50 | ftGround=0N target=46.5 limit=93Nm motorNm=93 tyreNm=0 inertia=1.78 limRot=0/136/0 omegaPre=34.03 posN=33/7/0 susp=-0.0013 springN=25
INFO 2026-07-27 15:26:46.464 joltshadow - docs §70.1: slipdense (player) f=1124 w=1 grounded=0 kappa=0.000 fnGround=0 omega=32.94 | ftGround=0N target=46.5 limit=93Nm motorNm=93 tyreNm=0 inertia=1.78 limRot=0/-510/0 omegaPre=32.58 posN=33/-5/0 susp=0.0062 springN=-29
INFO 2026-07-27 15:26:46.464 joltshadow - docs §70.1: slipdense (player) f=1124 w=2 grounded=0 kappa=0.000 fnGround=0 omega=30.51 | ftGround=0N target=46.5 limit=93Nm motorNm=93 tyreNm=0 inertia=1.82 limRot=0/4/-3 omegaPre=30.05 posN=11/8/0 susp=0.0074 springN=-8
INFO 2026-07-27 15:26:46.464 joltshadow - docs §70.1: slipdense (player) f=1124 w=3 grounded=0 kappa=0.000 fnGround=0 omega=32.33 | ftGround=0N target=46.5 limit=93Nm motorNm=93 tyreNm=0 inertia=1.82 limRot=0/4/-3 omegaPre=31.87 posN=11/-4/0 susp=0.0030 springN=1
INFO 2026-07-27 15:26:46.464 joltshadow - docs §78: attdense (player) f=1124 joltTilt=6.37 odeTilt=5.80 upDelta=0.61 wBody=(0.09,-0.07,0.08) |w|=0.14 grounded=0
INFO 2026-07-27 15:26:46.501 joltshadow - docs §70.1: slipdense (player) f=1128 w=0 grounded=0 kappa=0.000 fnGround=0 omega=36.01 | ftGround=0N target=46.5 limit=93Nm motorNm=93 tyreNm=0 inertia=1.78 limRot=0/-16/0 omegaPre=35.60 posN=4/-2/0 susp=-0.0028 springN=11
INFO 2026-07-27 15:26:46.501 joltshadow - docs §70.1: slipdense (player) f=1128 w=1 grounded=0 kappa=0.000 fnGround=0 omega=34.32 | ftGround=0N target=46.5 limit=93Nm motorNm=93 tyreNm=0 inertia=1.78 limRot=0/281/0 omegaPre=33.90 posN=3/-1/0 susp=0.0062 springN=-21
INFO 2026-07-27 15:26:46.501 joltshadow - docs §70.1: slipdense (player) f=1128 w=2 grounded=0 kappa=0.000 fnGround=0 omega=32.00 | ftGround=0N target=46.5 limit=93Nm motorNm=93 tyreNm=0 inertia=1.82 limRot=0/2/-4 omegaPre=31.59 posN=5/-2/0 susp=0.0010 springN=29
INFO 2026-07-27 15:26:46.501 joltshadow - docs §70.1: slipdense (player) f=1128 w=3 grounded=0 kappa=0.000 fnGround=0 omega=33.82 | ftGround=0N target=46.5 limit=93Nm motorNm=93 tyreNm=0 inertia=1.82 limRot=0/2/-4 omegaPre=33.41 posN=5/-1/0 susp=0.0024 springN=0
INFO 2026-07-27 15:26:46.501 joltshadow - docs §78: attdense (player) f=1128 joltTilt=6.30 odeTilt=5.71 upDelta=0.87 wBody=(0.07,-0.06,0.11) |w|=0.15 grounded=0
INFO 2026-07-27 15:26:46.540 joltshadow - docs §70.1: slipdense (player) f=1132 w=0 grounded=0 kappa=0.000 fnGround=0 omega=37.48 | ftGround=0N target=46.5 limit=93Nm motorNm=93 tyreNm=0 inertia=1.78 limRot=0/-1117/0 omegaPre=37.07 posN=7/-15/0 susp=-0.0029 springN=13
INFO 2026-07-27 15:26:46.540 joltshadow - docs §70.1: slipdense (player) f=1132 w=1 grounded=0 kappa=0.000 fnGround=0 omega=35.93 | ftGround=0N target=46.5 limit=93Nm motorNm=93 tyreNm=0 inertia=1.78 limRot=0/-67/0 omegaPre=35.43 posN=6/7/0 susp=0.0055 springN=-22
INFO 2026-07-27 15:26:46.540 joltshadow - docs §70.1: slipdense (player) f=1132 w=2 grounded=0 kappa=0.000 fnGround=0 omega=33.61 | ftGround=0N target=46.5 limit=93Nm motorNm=93 tyreNm=0 inertia=1.82 limRot=0/6/-5 omegaPre=33.10 posN=46/-15/0 susp=-0.0034 springN=39
INFO 2026-07-27 15:26:46.540 joltshadow - docs §70.1: slipdense (player) f=1132 w=3 grounded=0 kappa=0.000 fnGround=0 omega=35.43 | ftGround=0N target=46.5 limit=93Nm motorNm=93 tyreNm=0 inertia=1.82 limRot=0/6/-5 omegaPre=34.92 posN=46/8/0 susp=0.0025 springN=-14
INFO 2026-07-27 15:26:46.540 joltshadow - docs §78: attdense (player) f=1132 joltTilt=6.30 odeTilt=5.98 upDelta=2.01 wBody=(0.06,-0.09,0.18) |w|=0.21 grounded=0
INFO 2026-07-27 15:26:46.578 joltshadow - docs §70.1: slipdense (player) f=1136 w=0 grounded=0 kappa=0.000 fnGround=0 omega=38.85 | ftGround=0N target=46.5 limit=93Nm motorNm=93 tyreNm=0 inertia=1.78 limRot=0/-393/0 omegaPre=38.44 posN=4/8/0 susp=-0.0036 springN=15
INFO 2026-07-27 15:26:46.578 joltshadow - docs §70.1: slipdense (player) f=1136 w=1 grounded=0 kappa=0.000 fnGround=0 omega=37.14 | ftGround=0N target=46.5 limit=93Nm motorNm=93 tyreNm=0 inertia=1.78 limRot=0/-545/-515 omegaPre=36.72 posN=3/-6/0 susp=0.0049 springN=-19
INFO 2026-07-27 15:26:46.578 joltshadow - docs §70.1: slipdense (player) f=1136 w=2 grounded=0 kappa=0.000 fnGround=0 omega=35.15 | ftGround=0N target=46.5 limit=93Nm motorNm=93 tyreNm=0 inertia=1.82 limRot=0/1/-9 omegaPre=34.74 posN=-22/9/0 susp=-0.0052 springN=30
INFO 2026-07-27 15:26:46.578 joltshadow - docs §70.1: slipdense (player) f=1136 w=3 grounded=0 kappa=0.000 fnGround=0 omega=36.97 | ftGround=0N target=46.5 limit=93Nm motorNm=93 tyreNm=0 inertia=1.82 limRot=0/1/-10 omegaPre=36.56 posN=-24/-6/0 susp=0.0038 springN=-21
INFO 2026-07-27 15:26:46.578 joltshadow - docs §78: attdense (player) f=1136 joltTilt=6.41 odeTilt=6.75 upDelta=3.41 wBody=(0.06,-0.06,0.26) |w|=0.27 grounded=0
INFO 2026-07-27 15:26:46.606 joltshadow - docs §70.1: slipdense (player) f=1140 w=0 grounded=0 kappa=0.000 fnGround=0 omega=39.74 | ftGround=0N target=46.5 limit=93Nm motorNm=93 tyreNm=0 inertia=1.78 limRot=0/249/0 omegaPre=39.45 posN=-20/-3/0 susp=-0.0011 springN=-27
INFO 2026-07-27 15:26:46.606 joltshadow - docs §70.1: slipdense (player) f=1140 w=1 grounded=0 kappa=0.000 fnGround=0 omega=38.35 | ftGround=0N target=46.5 limit=93Nm motorNm=93 tyreNm=0 inertia=1.78 limRot=0/-673/0 omegaPre=37.98 posN=-22/2/0 susp=0.0029 springN=6
INFO 2026-07-27 15:26:46.606 joltshadow - docs §70.1: slipdense (player) f=1140 w=2 grounded=0 kappa=0.000 fnGround=0 omega=36.33 | ftGround=0N target=46.5 limit=93Nm motorNm=93 tyreNm=0 inertia=1.82 limRot=0/-0/-6 omegaPre=35.97 posN=-12/-3/0 susp=-0.0035 springN=-6
INFO 2026-07-27 15:26:46.606 joltshadow - docs §70.1: slipdense (player) f=1140 w=3 grounded=0 kappa=0.000 fnGround=0 omega=38.15 | ftGround=0N target=46.5 limit=93Nm motorNm=93 tyreNm=0 inertia=1.82 limRot=0/0/-6 omegaPre=37.79 posN=-14/2/0 susp=0.0016 springN=21
INFO 2026-07-27 15:26:46.606 joltshadow - docs §78: attdense (player) f=1140 joltTilt=6.53 odeTilt=7.63 upDelta=4.65 wBody=(0.04,-0.05,0.19) |w|=0.20 grounded=0
INFO 2026-07-27 15:26:46.606 joltshadow - Shadow divergence (player): pos=2.653m vel=1.748m/s angle=5.1deg (jolt com=[4663.5 261.7 1228.6] ode com=[4663.1 259.1 1228.2])
INFO 2026-07-27 15:26:46.606 joltshadow - docs §23.6: driver input (player) realThrottle=1.00 brake=0.01 handBrake=0 steerRad=0.000
INFO 2026-07-27 15:26:46.606 joltshadow - docs §32: Jolt SHADOW chassis pitch (player) forward=(-0.184, 0.096, -0.978)
INFO 2026-07-27 15:26:46.607 joltshadow - docs §69: tilt (player) jolt=6.5 deg ode=7.6 deg delta=-1.1 deg upDelta=4.65 deg
INFO 2026-07-27 15:26:46.607 joltshadow - docs §32.4: Jolt SHADOW chassis lowest corner (player) = (4665.47,259.95,1231.35) clearanceToGround=1.135
INFO 2026-07-27 15:26:46.607 joltshadow - docs §23.5: wheel state (player) wheel=0 contact=0 suspLen=1.050 (range 0.050-1.050, 0% compressed) angVel=0.00
INFO 2026-07-27 15:26:46.607 joltshadow - docs §38.11: wheel=0 NO contact, worldAxle=(0.980,-0.060,-0.190)
INFO 2026-07-27 15:26:46.607 joltshadow - docs §32: no-contact raycast (player) wheel=0 bodyPos=(4663.40,260.96,1228.19) localMPos=(-1.155,0.060,2.270) origin=(4664.12,261.17,1225.75) dir=(-0.077,-0.994,-0.083) normalRayLen=1.679 groundFoundAt=0.000 shortfallBeyondTravel=-1.679 hitBody=8475716 hitLayer=4 hitMotion=2 hitIsSelfChassis=0
INFO 2026-07-27 15:26:46.607 joltshadow - docs §23.5: wheel state (player) wheel=1 contact=0 suspLen=1.050 (range 0.050-1.050, 0% compressed) angVel=0.00
INFO 2026-07-27 15:26:46.607 joltshadow - docs §38.11: wheel=1 NO contact, worldAxle=(0.980,-0.060,-0.190)
INFO 2026-07-27 15:26:46.607 joltshadow - docs §32: no-contact raycast (player) wheel=1 bodyPos=(4663.40,260.96,1228.19) localMPos=(1.155,0.059,2.270) origin=(4661.85,261.31,1226.19) dir=(-0.077,-0.994,-0.083) normalRayLen=1.679 groundFoundAt=0.000 shortfallBeyondTravel=-1.679 hitBody=8475717 hitLayer=4 hitMotion=2 hitIsSelfChassis=0
INFO 2026-07-27 15:26:46.607 joltshadow - docs §23.5: wheel state (player) wheel=2 contact=0 suspLen=1.050 (range 0.050-1.050, 0% compressed) angVel=0.00
INFO 2026-07-27 15:26:46.607 joltshadow - docs §38.11: wheel=2 NO contact, worldAxle=(0.980,-0.060,-0.190)
INFO 2026-07-27 15:26:46.607 joltshadow - docs §32: no-contact raycast (player) wheel=2 bodyPos=(4663.40,260.96,1228.19) localMPos=(-1.253,0.145,-2.062) origin=(4665.02,260.83,1229.98) dir=(-0.077,-0.994,-0.083) normalRayLen=1.685 groundFoundAt=0.001 shortfallBeyondTravel=-1.684 hitBody=8475718 hitLayer=4 hitMotion=2 hitIsSelfChassis=0
INFO 2026-07-27 15:26:46.607 joltshadow - docs §23.5: wheel state (player) wheel=3 contact=0 suspLen=1.050 (range 0.050-1.050, 0% compressed) angVel=0.00
INFO 2026-07-27 15:26:46.607 joltshadow - docs §38.11: wheel=3 NO contact, worldAxle=(0.980,-0.060,-0.190)
INFO 2026-07-27 15:26:46.607 joltshadow - docs §32: no-contact raycast (player) wheel=3 bodyPos=(4663.40,260.96,1228.19) localMPos=(1.253,0.146,-2.062) origin=(4662.56,260.98,1230.46) dir=(-0.077,-0.994,-0.083) normalRayLen=1.685 groundFoundAt=0.007 shortfallBeyondTravel=-1.678 hitBody=8475719 hitLayer=4 hitMotion=2 hitIsSelfChassis=0
INFO 2026-07-27 15:26:46.607 joltshadow - docs §59/63: harvest (player) wheelsWithContact=0 contactPoints=0 overflow=0 (of 4) | maxNormalF=0N bound(k_t*tau)=0N ratio=0.00
INFO 2026-07-27 15:26:46.607 joltshadow - docs §58: wheel body (player) w=0 springF=-27N stopF=0N travel=-0.0011 (limits -0.5000..0.5000 rel spawn) kSusp=6000 sagPredicted=-0.0044 | frameTrav=-0.0017..-0.0011 frameStopN=0
INFO 2026-07-27 15:26:46.607 joltshadow - docs §66: tyre band (player) w=0 fnGround=0N fnTotal=0N pen=0.00000 penRaw=0.00000 tau=0.01000 pen/tau=0.00 | recs tyre=0 rim=0 survived=0 stale=0 distMax=0.00R
INFO 2026-07-27 15:26:46.607 joltshadow - docs §68: steer (player) w=0 steerable=1 commanded=0.000 rad measured=0.126 rad err=7.24 deg steerSign=-1 steerTq=-617Nm cap=815Nm sat=0.76
INFO 2026-07-27 15:26:46.607 joltshadow - docs §70: slip (player) w=0 grounded=0 kappa=0.000 fnGround=0N omega=39.74
INFO 2026-07-27 15:26:46.607 joltshadow - docs §67: spin (player) w=0 driven=1 omega=39.74 rad/s surfaceSpeed=25.00 m/s spinSign=+1 motorTq=93Nm cmdTq=93Nm
INFO 2026-07-27 15:26:46.607 joltshadow - docs §58: wheel body (player) w=1 springF=6N stopF=0N travel=0.0029 (limits -0.5000..0.5000 rel spawn) kSusp=6000 sagPredicted=0.0011 | frameTrav=0.0029..0.0033 frameStopN=0
INFO 2026-07-27 15:26:46.607 joltshadow - docs §66: tyre band (player) w=1 fnGround=0N fnTotal=0N pen=0.00000 penRaw=0.00000 tau=0.01000 pen/tau=0.00 | recs tyre=0 rim=0 survived=0 stale=0 distMax=0.00R
INFO 2026-07-27 15:26:46.607 joltshadow - docs §68: steer (player) w=1 steerable=1 commanded=0.000 rad measured=0.596 rad err=34.14 deg steerSign=-1 steerTq=815Nm cap=815Nm sat=1.00
INFO 2026-07-27 15:26:46.607 joltshadow - docs §70: slip (player) w=1 grounded=0 kappa=0.000 fnGround=0N omega=38.35
INFO 2026-07-27 15:26:46.607 joltshadow - docs §67: spin (player) w=1 driven=1 omega=38.35 rad/s surfaceSpeed=24.13 m/s spinSign=+1 motorTq=93Nm cmdTq=93Nm
INFO 2026-07-27 15:26:46.607 joltshadow - docs §58: wheel body (player) w=2 springF=-6N stopF=0N travel=-0.0035 (limits -0.5000..0.5000 rel spawn) kSusp=6000 sagPredicted=-0.0009 | frameTrav=-0.0040..-0.0035 frameStopN=0
INFO 2026-07-27 15:26:46.607 joltshadow - docs §66: tyre band (player) w=2 fnGround=0N fnTotal=0N pen=0.00000 penRaw=0.00000 tau=0.01000 pen/tau=0.00 | recs tyre=0 rim=0 survived=0 stale=0 distMax=0.00R
INFO 2026-07-27 15:26:46.607 joltshadow - docs §68: steer (player) w=2 steerable=0 commanded=0.000 rad measured=-0.000 rad err=-0.00 deg steerSign=-1 steerTq=0Nm cap=340282346638528859811704183484516925440Nm sat=0.00
INFO 2026-07-27 15:26:46.608 joltshadow - docs §70: slip (player) w=2 grounded=0 kappa=0.000 fnGround=0N omega=36.33
INFO 2026-07-27 15:26:46.608 joltshadow - docs §67: spin (player) w=2 driven=1 omega=36.33 rad/s surfaceSpeed=23.08 m/s spinSign=+1 motorTq=93Nm cmdTq=93Nm
INFO 2026-07-27 15:26:46.608 joltshadow - docs §58: wheel body (player) w=3 springF=21N stopF=0N travel=0.0016 (limits -0.5000..0.5000 rel spawn) kSusp=6000 sagPredicted=0.0036 | frameTrav=0.0016..0.0022 frameStopN=0
INFO 2026-07-27 15:26:46.608 joltshadow - docs §66: tyre band (player) w=3 fnGround=0N fnTotal=0N pen=0.00000 penRaw=0.00000 tau=0.01000 pen/tau=0.00 | recs tyre=0 rim=0 survived=0 stale=0 distMax=0.00R
INFO 2026-07-27 15:26:46.608 joltshadow - docs §68: steer (player) w=3 steerable=0 commanded=0.000 rad measured=-0.000 rad err=-0.00 deg steerSign=-1 steerTq=0Nm cap=340282346638528859811704183484516925440Nm sat=0.00
INFO 2026-07-27 15:26:46.608 joltshadow - docs §70: slip (player) w=3 grounded=0 kappa=0.000 fnGround=0N omega=38.15
INFO 2026-07-27 15:26:46.608 joltshadow - docs §67: spin (player) w=3 driven=1 omega=38.15 rad/s surfaceSpeed=24.24 m/s spinSign=+1 motorTq=93Nm cmdTq=93Nm
INFO 2026-07-27 15:26:46.608 joltshadow - docs §67: drivetrain (player) gear=1 rpm=2924 driveTorque=375Nm perWheel=94Nm driven=4 throttle=1.00 spin=1 | PRE-STEP brake=0.01 handBrake=0
INFO 2026-07-27 15:26:46.608 joltshadow - docs §66: tyre band SUM (player) fnGroundSum=0N fnTotalSum=0N weight=1295N carried=0.00 | penSum=0.00000 recs tyre=0 rim=0 stale=0
INFO 2026-07-27 15:26:46.608 joltshadow - docs §30: REAL ODE chassis COM (player) body=54AA14C8 = (4663.113, 259.089, 1228.189) forward=(-0.223, 0.051, -0.974)
INFO 2026-07-27 15:26:46.608 joltshadow - docs §33: real ODE chassis geom (player) #1 = class 0 (not a transform) pos=(4663.113,259.089,1228.189) radius=4.500
INFO 2026-07-27 15:26:46.608 joltshadow - docs §33: real ODE chassis geom (player) #2 = transform, inner class=1 pos=(0.000,1.095,-0.495)
INFO 2026-07-27 15:26:46.608 joltshadow - docs §33: real ODE chassis geom (player) #3 = transform, inner class=1 pos=(0.353,3.466,0.718)
INFO 2026-07-27 15:26:46.608 joltshadow - docs §33: real ODE chassis geom (player) #4 = transform, inner class=1 pos=(0.000,1.818,1.842)
INFO 2026-07-27 15:26:46.608 joltshadow - docs §33: real ODE chassis geom (player) #5 = transform, inner class=1 pos=(0.006,1.981,-2.113)
INFO 2026-07-27 15:26:46.608 joltshadow - docs §33: real ODE chassis geom (player) #6 = class 0 (not a transform) pos=(4663.113,259.089,1228.189) radius=30.000
INFO 2026-07-27 15:26:46.608 joltshadow - docs §33: real ODE chassis geom (player) #7 = class 0 (not a transform) pos=(4663.113,259.089,1228.189) radius=6.436
INFO 2026-07-27 15:26:46.608 joltshadow - docs §33: real ODE chassis geom (player) #8 = class 0 (not a transform) pos=(4663.113,259.089,1228.189) radius=200.000
INFO 2026-07-27 15:26:46.608 joltshadow - docs §33: real ODE chassis (player) has 8 total geom(s) directly attached (4 transform(s)) - compare against BuildChassisCompoundShape's own part/geom count in the build log
INFO 2026-07-27 15:26:46.608 joltshadow - docs §28: REAL ODE wheel state (player) wheel=0 displacement=0.0304 range=1.000 (3% compressed, signed) foreAft=2.270 localZ=2.270 cfm=0.002500 erp=0.2500
INFO 2026-07-27 15:26:46.608 joltshadow - docs §28: REAL ODE wheel state (player) wheel=1 displacement=0.0360 range=1.000 (4% compressed, signed) foreAft=2.270 localZ=2.270 cfm=0.002500 erp=0.2500
INFO 2026-07-27 15:26:46.608 joltshadow - docs §28: REAL ODE wheel state (player) wheel=2 displacement=0.0576 range=1.000 (6% compressed, signed) foreAft=-2.062 localZ=-2.062 cfm=0.002500 erp=0.2500
INFO 2026-07-27 15:26:46.608 joltshadow - docs §28: REAL ODE wheel state (player) wheel=3 displacement=0.0509 range=1.000 (5% compressed, signed) foreAft=-2.062 localZ=-2.062 cfm=0.002500 erp=0.2500
INFO 2026-07-27 15:26:46.632 joltshadow - docs §70.1: slipdense (player) f=1144 w=0 grounded=0 kappa=0.000 fnGround=0 omega=40.61 | ftGround=0N target=77.6 limit=56Nm motorNm=56 tyreNm=0 inertia=1.78 limRot=0/-300/0 omegaPre=40.43 posN=-28/-2/0 susp=0.0020 springN=-43
INFO 2026-07-27 15:26:46.633 joltshadow - docs §70.1: slipdense (player) f=1144 w=1 grounded=0 kappa=0.000 fnGround=0 omega=39.10 | ftGround=0N target=77.6 limit=56Nm motorNm=56 tyreNm=0 inertia=1.78 limRot=0/663/0 omegaPre=39.01 posN=-29/0/0 susp=0.0006 springN=18
INFO 2026-07-27 15:26:46.633 joltshadow - docs §70.1: slipdense (player) f=1144 w=2 grounded=0 kappa=0.000 fnGround=0 omega=37.25 | ftGround=0N target=77.6 limit=56Nm motorNm=56 tyreNm=0 inertia=1.82 limRot=0/-1/-5 omegaPre=37.07 posN=-24/-2/0 susp=-0.0008 springN=-23
INFO 2026-07-27 15:26:46.633 joltshadow - docs §70.1: slipdense (player) f=1144 w=3 grounded=0 kappa=0.000 fnGround=0 omega=39.08 | ftGround=0N target=77.6 limit=56Nm motorNm=56 tyreNm=0 inertia=1.82 limRot=0/-1/-5 omegaPre=38.89 posN=-25/1/0 susp=-0.0014 springN=39
INFO 2026-07-27 15:26:46.633 joltshadow - docs §78: attdense (player) f=1144 joltTilt=6.60 odeTilt=8.30 upDelta=5.55 wBody=(0.03,-0.04,0.14) |w|=0.15 grounded=0
INFO 2026-07-27 15:26:46.663 joltshadow - docs §70.1: slipdense (player) f=1148 w=0 grounded=0 kappa=0.000 fnGround=0 omega=41.50 | ftGround=0N target=77.6 limit=56Nm motorNm=56 tyreNm=0 inertia=1.78 limRot=0/140/0 omegaPre=41.30 posN=-12/-2/0 susp=0.0042 springN=-40
INFO 2026-07-27 15:26:46.663 joltshadow - docs §70.1: slipdense (player) f=1148 w=1 grounded=0 kappa=0.000 fnGround=0 omega=39.83 | ftGround=0N target=77.6 limit=56Nm motorNm=56 tyreNm=0 inertia=1.78 limRot=0/-174/0 omegaPre=39.62 posN=-12/-6/0 susp=-0.0010 springN=22
INFO 2026-07-27 15:26:46.663 joltshadow - docs §70.1: slipdense (player) f=1148 w=2 grounded=0 kappa=0.000 fnGround=0 omega=38.18 | ftGround=0N target=77.6 limit=56Nm motorNm=56 tyreNm=0 inertia=1.82 limRot=0/-0/-3 omegaPre=37.96 posN=-20/-1/0 susp=0.0013 springN=-27
INFO 2026-07-27 15:26:46.663 joltshadow - docs §70.1: slipdense (player) f=1148 w=3 grounded=0 kappa=0.000 fnGround=0 omega=40.00 | ftGround=0N target=77.6 limit=56Nm motorNm=56 tyreNm=0 inertia=1.82 limRot=0/-0/-3 omegaPre=39.78 posN=-20/-6/0 susp=-0.0037 springN=39
INFO 2026-07-27 15:26:46.663 joltshadow - docs §78: attdense (player) f=1148 joltTilt=6.67 odeTilt=8.66 upDelta=6.02 wBody=(0.02,-0.05,0.07) |w|=0.09 grounded=0
INFO 2026-07-27 15:26:46.663 joltshadow - docs §82: resync (player) #27 dt=0.50s upMax=6.024 deg posMax=1.451 m odeTiltPath=5.126 deg gain=1.1752
INFO 2026-07-27 15:26:46.663 joltshadow - docs §87: resync landing (player) w=0 pre=1.0460 post=-0.0064 m R=0.629 dY=-1.4290 dRotDeg=6.40 |corr|=1.4511 m
INFO 2026-07-27 15:26:46.663 joltshadow - docs §87: resync landing (player) w=1 pre=0.9256 post=0.0034 m R=0.629 dY=-1.4290 dRotDeg=6.40 |corr|=1.4511 m
INFO 2026-07-27 15:26:46.663 joltshadow - docs §87: resync landing (player) w=2 pre=0.7467 post=-0.0001 m R=0.635 dY=-1.4290 dRotDeg=6.40 |corr|=1.4511 m
INFO 2026-07-27 15:26:46.663 joltshadow - docs §87: resync landing (player) w=3 pre=0.6151 post=0.0426 m R=0.635 dY=-1.4290 dRotDeg=6.40 |corr|=1.4511 m
INFO 2026-07-27 15:26:46.663 joltshadow - docs §82: resync RESIDUAL (player) #27 pos=0.0000 m up=0.0000 deg
INFO 2026-07-27 15:26:46.713 joltshadow - docs §70.1: slipdense (player) f=1152 w=0 grounded=1 kappa=-0.027 fnGround=379 omega=20.47 | ftGround=-230N target=46.5 limit=93Nm motorNm=93 tyreNm=155 inertia=1.78 limRot=0/2625/-1317 omegaPre=25.44 posN=512/607/0 susp=-0.4554 springN=2348
INFO 2026-07-27 15:26:46.713 joltshadow - docs §70.1: slipdense (player) f=1152 w=1 grounded=1 kappa=0.010 fnGround=1186 omega=27.93 | ftGround=238N target=46.5 limit=93Nm motorNm=93 tyreNm=-85 inertia=1.78 limRot=0/-925/0 omegaPre=27.72 posN=-1507/-183/0 susp=-0.4177 springN=1311
INFO 2026-07-27 15:26:46.713 joltshadow - docs §70.1: slipdense (player) f=1152 w=2 grounded=1 kappa=0.015 fnGround=1188 omega=27.08 | ftGround=357N target=46.5 limit=93Nm motorNm=93 tyreNm=-159 inertia=1.82 limRot=0/-65/-3 omegaPre=27.53 posN=-72/-304/0 susp=-0.4811 springN=1873
INFO 2026-07-27 15:26:46.713 joltshadow - docs §70.1: slipdense (player) f=1152 w=3 grounded=1 kappa=0.010 fnGround=1187 omega=27.72 | ftGround=239N target=46.5 limit=93Nm motorNm=93 tyreNm=-87 inertia=1.82 limRot=0/-69/-4 omegaPre=27.56 posN=-78/-230/0 susp=-0.4532 springN=1794
INFO 2026-07-27 15:26:46.713 joltshadow - docs §78: attdense (player) f=1152 joltTilt=7.90 odeTilt=8.62 upDelta=0.93 wBody=(-0.21,-0.18,-0.11) |w|=0.30 grounded=4
INFO 2026-07-27 15:26:46.758 joltshadow - docs §70.1: slipdense (player) f=1156 w=0 grounded=1 kappa=-0.023 fnGround=182 omega=23.37 | ftGround=-99N target=46.5 limit=93Nm motorNm=93 tyreNm=72 inertia=1.78 limRot=0/1413/0 omegaPre=22.18 posN=198/258/0 susp=-0.2509 springN=32
INFO 2026-07-27 15:26:46.758 joltshadow - docs §70.1: slipdense (player) f=1156 w=1 grounded=0 kappa=0.000 fnGround=0 omega=26.45 | ftGround=0N target=46.5 limit=93Nm motorNm=93 tyreNm=0 inertia=1.78 limRot=0/-294/0 omegaPre=25.78 posN=-59/35/0 susp=-0.2426 springN=457
INFO 2026-07-27 15:26:46.759 joltshadow - docs §70.1: slipdense (player) f=1156 w=2 grounded=1 kappa=0.013 fnGround=937 omega=27.05 | ftGround=269N target=46.5 limit=93Nm motorNm=93 tyreNm=-115 inertia=1.82 limRot=0/32/8 omegaPre=27.14 posN=55/-294/0 susp=-0.3088 springN=686
INFO 2026-07-27 15:26:46.759 joltshadow - docs §70.1: slipdense (player) f=1156 w=3 grounded=1 kappa=0.012 fnGround=880 omega=27.69 | ftGround=240N target=46.5 limit=93Nm motorNm=93 tyreNm=-99 inertia=1.82 limRot=0/26/8 omegaPre=27.63 posN=46/-217/0 susp=-0.2871 springN=638
INFO 2026-07-27 15:26:46.759 joltshadow - docs §78: attdense (player) f=1156 joltTilt=7.94 odeTilt=8.21 upDelta=0.89 wBody=(-0.23,-0.17,-0.09) |w|=0.30 grounded=3
INFO 2026-07-27 15:26:46.802 joltshadow - docs §70.1: slipdense (player) f=1160 w=0 grounded=0 kappa=0.000 fnGround=0 omega=24.97 | ftGround=0N target=46.5 limit=93Nm motorNm=93 tyreNm=0 inertia=1.78 limRot=0/-14/0 omegaPre=24.45 posN=107/25/0 susp=-0.0722 springN=-438
INFO 2026-07-27 15:26:46.802 joltshadow - docs §70.1: slipdense (player) f=1160 w=1 grounded=0 kappa=0.000 fnGround=0 omega=28.01 | ftGround=0N target=46.5 limit=93Nm motorNm=93 tyreNm=0 inertia=1.78 limRot=0/-1068/-3472 omegaPre=27.54 posN=106/-64/0 susp=-0.0921 springN=-306
INFO 2026-07-27 15:26:46.803 joltshadow - docs §70.1: slipdense (player) f=1160 w=2 grounded=1 kappa=0.039 fnGround=0 omega=26.84 | ftGround=0N target=46.5 limit=93Nm motorNm=93 tyreNm=0 inertia=1.82 limRot=0/5/-4 omegaPre=26.46 posN=-61/32/0 susp=-0.1582 springN=16
INFO 2026-07-27 15:26:46.803 joltshadow - docs §70.1: slipdense (player) f=1160 w=3 grounded=0 kappa=0.000 fnGround=0 omega=27.75 | ftGround=0N target=46.5 limit=93Nm motorNm=93 tyreNm=0 inertia=1.82 limRot=0/5/-4 omegaPre=27.23 posN=-61/-65/0 susp=-0.1417 springN=-97
INFO 2026-07-27 15:26:46.803 joltshadow - docs §78: attdense (player) f=1160 joltTilt=8.04 odeTilt=7.61 upDelta=0.70 wBody=(-0.13,-0.14,0.02) |w|=0.19 grounded=1
INFO 2026-07-27 15:26:46.836 joltshadow - docs §70.1: slipdense (player) f=1164 w=0 grounded=0 kappa=0.000 fnGround=0 omega=26.35 | ftGround=0N target=46.5 limit=93Nm motorNm=93 tyreNm=0 inertia=1.78 limRot=0/-5/0 omegaPre=25.99 posN=-21/-6/0 susp=-0.0070 springN=-304
INFO 2026-07-27 15:26:46.836 joltshadow - docs §70.1: slipdense (player) f=1164 w=1 grounded=0 kappa=0.000 fnGround=0 omega=29.25 | ftGround=0N target=46.5 limit=93Nm motorNm=93 tyreNm=0 inertia=1.78 limRot=0/553/0 omegaPre=28.97 posN=-21/-3/0 susp=-0.0242 springN=-256
INFO 2026-07-27 15:26:46.836 joltshadow - docs §70.1: slipdense (player) f=1164 w=2 grounded=0 kappa=0.000 fnGround=0 omega=28.19 | ftGround=0N target=46.5 limit=93Nm motorNm=93 tyreNm=0 inertia=1.82 limRot=0/1/0 omegaPre=27.83 posN=-15/-3/0 susp=-0.0654 springN=-275
INFO 2026-07-27 15:26:46.836 joltshadow - docs §70.1: slipdense (player) f=1164 w=3 grounded=0 kappa=0.000 fnGround=0 omega=29.10 | ftGround=0N target=46.5 limit=93Nm motorNm=93 tyreNm=0 inertia=1.82 limRot=0/1/0 omegaPre=28.74 posN=-15/-1/0 susp=-0.0536 springN=-277
INFO 2026-07-27 15:26:46.836 joltshadow - docs §78: attdense (player) f=1164 joltTilt=8.13 odeTilt=7.35 upDelta=0.82 wBody=(-0.10,-0.12,-0.01) |w|=0.15 grounded=0
INFO 2026-07-27 15:26:46.871 joltshadow - docs §70.1: slipdense (player) f=1168 w=0 grounded=0 kappa=0.000 fnGround=0 omega=27.75 | ftGround=0N target=46.5 limit=93Nm motorNm=93 tyreNm=0 inertia=1.78 limRot=0/-9/0 omegaPre=27.34 posN=-5/-3/0 susp=0.0121 springN=-130
INFO 2026-07-27 15:26:46.871 joltshadow - docs §70.1: slipdense (player) f=1168 w=1 grounded=0 kappa=0.000 fnGround=0 omega=30.52 | ftGround=0N target=46.5 limit=93Nm motorNm=93 tyreNm=0 inertia=1.78 limRot=0/-64/0 omegaPre=30.11 posN=-6/1/0 susp=0.0032 springN=-132
INFO 2026-07-27 15:26:46.871 joltshadow - docs §70.1: slipdense (player) f=1168 w=2 grounded=0 kappa=0.000 fnGround=0 omega=29.56 | ftGround=0N target=46.5 limit=93Nm motorNm=93 tyreNm=0 inertia=1.82 limRot=0/3/1 omegaPre=29.15 posN=0/-0/0 susp=-0.0133 springN=-226
INFO 2026-07-27 15:26:46.871 joltshadow - docs §70.1: slipdense (player) f=1168 w=3 grounded=0 kappa=0.000 fnGround=0 omega=30.48 | ftGround=0N target=46.5 limit=93Nm motorNm=93 tyreNm=0 inertia=1.82 limRot=0/3/1 omegaPre=30.07 posN=-0/3/0 susp=-0.0071 springN=-196
INFO 2026-07-27 15:26:46.871 joltshadow - docs §78: attdense (player) f=1168 joltTilt=8.20 odeTilt=7.30 upDelta=0.93 wBody=(-0.11,-0.13,-0.04) |w|=0.18 grounded=0
INFO 2026-07-27 15:26:46.912 joltshadow - docs §70.1: slipdense (player) f=1172 w=0 grounded=0 kappa=0.000 fnGround=0 omega=29.48 | ftGround=0N target=46.5 limit=93Nm motorNm=93 tyreNm=0 inertia=1.78 limRot=0/9/0 omegaPre=29.01 posN=1/1/0 susp=0.0102 springN=-18
INFO 2026-07-27 15:26:46.912 joltshadow - docs §70.1: slipdense (player) f=1172 w=1 grounded=0 kappa=0.000 fnGround=0 omega=32.25 | ftGround=0N target=46.5 limit=93Nm motorNm=93 tyreNm=0 inertia=1.78 limRot=0/-122/0 omegaPre=31.78 posN=0/-2/0 susp=0.0089 springN=-40
INFO 2026-07-27 15:26:46.912 joltshadow - docs §70.1: slipdense (player) f=1172 w=2 grounded=0 kappa=0.000 fnGround=0 omega=31.26 | ftGround=0N target=46.5 limit=93Nm motorNm=93 tyreNm=0 inertia=1.82 limRot=0/4/0 omegaPre=30.80 posN=-5/3/0 susp=0.0068 springN=-90
INFO 2026-07-27 15:26:46.912 joltshadow - docs §70.1: slipdense (player) f=1172 w=3 grounded=0 kappa=0.000 fnGround=0 omega=32.17 | ftGround=0N target=46.5 limit=93Nm motorNm=93 tyreNm=0 inertia=1.82 limRot=0/4/0 omegaPre=31.71 posN=-5/-0/0 susp=0.0086 springN=-67
INFO 2026-07-27 15:26:46.912 joltshadow - docs §78: attdense (player) f=1172 joltTilt=8.28 odeTilt=7.38 upDelta=1.00 wBody=(-0.13,-0.13,-0.05) |w|=0.19 grounded=0
INFO 2026-07-27 15:26:46.942 joltshadow - docs §70.1: slipdense (player) f=1176 w=0 grounded=0 kappa=0.000 fnGround=0 omega=30.72 | ftGround=0N target=46.5 limit=93Nm motorNm=93 tyreNm=0 inertia=1.78 limRot=0/105/0 omegaPre=30.41 posN=1/3/0 susp=0.0056 springN=2
INFO 2026-07-27 15:26:46.942 joltshadow - docs §70.1: slipdense (player) f=1176 w=1 grounded=0 kappa=0.000 fnGround=0 omega=33.48 | ftGround=0N target=46.5 limit=93Nm motorNm=93 tyreNm=0 inertia=1.78 limRot=0/118/0 omegaPre=33.17 posN=1/-6/0 susp=0.0061 springN=-4
INFO 2026-07-27 15:26:46.942 joltshadow - docs §70.1: slipdense (player) f=1176 w=2 grounded=0 kappa=0.000 fnGround=0 omega=32.48 | ftGround=0N target=46.5 limit=93Nm motorNm=93 tyreNm=0 inertia=1.82 limRot=0/3/2 omegaPre=32.17 posN=-15/5/0 susp=0.0073 springN=-29
INFO 2026-07-27 15:26:46.942 joltshadow - docs §70.1: slipdense (player) f=1176 w=3 grounded=0 kappa=0.000 fnGround=0 omega=33.39 | ftGround=0N target=46.5 limit=93Nm motorNm=93 tyreNm=0 inertia=1.82 limRot=0/3/2 omegaPre=33.08 posN=-15/-5/0 susp=0.0069 springN=-3
INFO 2026-07-27 15:26:46.942 joltshadow - docs §78: attdense (player) f=1176 joltTilt=8.32 odeTilt=7.47 upDelta=1.17 wBody=(-0.15,-0.13,-0.06) |w|=0.20 grounded=0
INFO 2026-07-27 15:26:46.968 joltshadow - docs §70.1: slipdense (player) f=1180 w=0 grounded=0 kappa=0.000 fnGround=0 omega=31.78 | ftGround=0N target=46.5 limit=93Nm motorNm=93 tyreNm=0 inertia=1.78 limRot=0/941/0 omegaPre=31.47 posN=-6/3/0 susp=0.0043 springN=-9
INFO 2026-07-27 15:26:46.968 joltshadow - docs §70.1: slipdense (player) f=1180 w=1 grounded=0 kappa=0.000 fnGround=0 omega=34.45 | ftGround=0N target=46.5 limit=93Nm motorNm=93 tyreNm=0 inertia=1.78 limRot=0/997/0 omegaPre=34.19 posN=-7/-11/0 susp=0.0016 springN=20
INFO 2026-07-27 15:26:46.968 joltshadow - docs §70.1: slipdense (player) f=1180 w=2 grounded=0 kappa=0.000 fnGround=0 omega=33.53 | ftGround=0N target=46.5 limit=93Nm motorNm=93 tyreNm=0 inertia=1.82 limRot=0/1/3 omegaPre=33.22 posN=-34/6/0 susp=0.0058 springN=-15
INFO 2026-07-27 15:26:46.968 joltshadow - docs §70.1: slipdense (player) f=1180 w=3 grounded=0 kappa=0.000 fnGround=0 omega=34.44 | ftGround=0N target=46.5 limit=93Nm motorNm=93 tyreNm=0 inertia=1.82 limRot=0/1/3 omegaPre=34.13 posN=-34/-10/0 susp=0.0019 springN=31
INFO 2026-07-27 15:26:46.968 joltshadow - docs §78: attdense (player) f=1180 joltTilt=8.28 odeTilt=7.53 upDelta=1.42 wBody=(-0.16,-0.11,-0.10) |w|=0.22 grounded=0
INFO 2026-07-27 15:26:46.993 joltshadow - docs §70.1: slipdense (player) f=1184 w=0 grounded=0 kappa=0.000 fnGround=0 omega=32.81 | ftGround=0N target=46.5 limit=93Nm motorNm=93 tyreNm=0 inertia=1.78 limRot=0/305/0 omegaPre=32.50 posN=-3/-9/0 susp=0.0039 springN=-13
INFO 2026-07-27 15:26:46.994 joltshadow - docs §70.1: slipdense (player) f=1184 w=1 grounded=0 kappa=0.000 fnGround=0 omega=35.27 | ftGround=0N target=46.5 limit=93Nm motorNm=93 tyreNm=0 inertia=1.78 limRot=0/735/0 omegaPre=34.96 posN=-4/5/0 susp=-0.0022 springN=25
INFO 2026-07-27 15:26:46.994 joltshadow - docs §70.1: slipdense (player) f=1184 w=2 grounded=0 kappa=0.000 fnGround=0 omega=34.54 | ftGround=0N target=46.5 limit=93Nm motorNm=93 tyreNm=0 inertia=1.82 limRot=0/5/6 omegaPre=34.23 posN=21/-8/0 susp=0.0051 springN=-10
INFO 2026-07-27 15:26:46.994 joltshadow - docs §70.1: slipdense (player) f=1184 w=3 grounded=0 kappa=0.000 fnGround=0 omega=35.45 | ftGround=0N target=46.5 limit=93Nm motorNm=93 tyreNm=0 inertia=1.82 limRot=0/6/6 omegaPre=35.14 posN=20/7/0 susp=-0.0029 springN=39
INFO 2026-07-27 15:26:46.994 joltshadow - docs §78: attdense (player) f=1184 joltTilt=8.18 odeTilt=7.55 upDelta=1.76 wBody=(-0.16,-0.14,-0.14) |w|=0.25 grounded=0
INFO 2026-07-27 15:26:47.021 joltshadow - docs §70.1: slipdense (player) f=1188 w=0 grounded=0 kappa=0.000 fnGround=0 omega=33.96 | ftGround=0N target=46.5 limit=93Nm motorNm=93 tyreNm=0 inertia=1.78 limRot=0/-10/0 omegaPre=33.59 posN=1/-9/0 susp=0.0028 springN=-1
INFO 2026-07-27 15:26:47.021 joltshadow - docs §70.1: slipdense (player) f=1188 w=1 grounded=0 kappa=0.000 fnGround=0 omega=36.38 | ftGround=0N target=46.5 limit=93Nm motorNm=93 tyreNm=0 inertia=1.78 limRot=0/-82/0 omegaPre=36.06 posN=-0/7/0 susp=-0.0036 springN=-3
INFO 2026-07-27 15:26:47.021 joltshadow - docs §70.1: slipdense (player) f=1188 w=2 grounded=0 kappa=0.000 fnGround=0 omega=35.69 | ftGround=0N target=46.5 limit=93Nm motorNm=93 tyreNm=0 inertia=1.82 limRot=0/7/5 omegaPre=35.33 posN=30/-8/0 susp=0.0027 springN=18
INFO 2026-07-27 15:26:47.021 joltshadow - docs §70.1: slipdense (player) f=1188 w=3 grounded=0 kappa=0.000 fnGround=0 omega=36.60 | ftGround=0N target=46.5 limit=93Nm motorNm=93 tyreNm=0 inertia=1.82 limRot=0/7/5 omegaPre=36.24 posN=28/10/0 susp=-0.0043 springN=14
INFO 2026-07-27 15:26:47.021 joltshadow - docs §78: attdense (player) f=1188 joltTilt=8.12 odeTilt=7.49 upDelta=2.17 wBody=(-0.17,-0.15,-0.10) |w|=0.25 grounded=0
INFO 2026-07-27 15:26:47.056 joltshadow - docs §70.1: slipdense (player) f=1192 w=0 grounded=0 kappa=0.000 fnGround=0 omega=35.36 | ftGround=0N target=46.5 limit=93Nm motorNm=93 tyreNm=0 inertia=1.78 limRot=0/28/0 omegaPre=34.89 posN=10/-1/0 susp=0.0011 springN=7
INFO 2026-07-27 15:26:47.056 joltshadow - docs §70.1: slipdense (player) f=1192 w=1 grounded=0 kappa=0.000 fnGround=0 omega=37.51 | ftGround=0N target=46.5 limit=93Nm motorNm=93 tyreNm=0 inertia=1.78 limRot=0/69/0 omegaPre=37.06 posN=9/-6/0 susp=-0.0008 springN=-28
INFO 2026-07-27 15:26:47.056 joltshadow - docs §70.1: slipdense (player) f=1192 w=2 grounded=0 kappa=0.000 fnGround=0 omega=37.07 | ftGround=0N target=46.5 limit=93Nm motorNm=93 tyreNm=0 inertia=1.82 limRot=0/5/2 omegaPre=36.60 posN=-1/2/0 susp=-0.0004 springN=31
INFO 2026-07-27 15:26:47.056 joltshadow - docs §70.1: slipdense (player) f=1192 w=3 grounded=0 kappa=0.000 fnGround=0 omega=37.98 | ftGround=0N target=46.5 limit=93Nm motorNm=93 tyreNm=0 inertia=1.82 limRot=0/5/2 omegaPre=37.52 posN=-2/-4/0 susp=-0.0029 springN=-7
INFO 2026-07-27 15:26:47.056 joltshadow - docs §78: attdense (player) f=1192 joltTilt=8.19 odeTilt=7.47 upDelta=2.64 wBody=(-0.19,-0.14,-0.05) |w|=0.24 grounded=0
INFO 2026-07-27 15:26:47.104 joltshadow - docs §70.1: slipdense (player) f=1196 w=0 grounded=0 kappa=0.000 fnGround=0 omega=37.43 | ftGround=0N target=46.5 limit=93Nm motorNm=93 tyreNm=0 inertia=1.78 limRot=0/-19/0 omegaPre=36.70 posN=-0/-8/0 susp=-0.0004 springN=2
INFO 2026-07-27 15:26:47.104 joltshadow - docs §70.1: slipdense (player) f=1196 w=1 grounded=0 kappa=0.000 fnGround=0 omega=39.53 | ftGround=0N target=46.5 limit=93Nm motorNm=93 tyreNm=0 inertia=1.78 limRot=0/-108/0 omegaPre=38.83 posN=-0/1/0 susp=0.0032 springN=-28
INFO 2026-07-27 15:26:47.104 joltshadow - docs §70.1: slipdense (player) f=1196 w=2 grounded=0 kappa=0.000 fnGround=0 omega=39.10 | ftGround=0N target=46.5 limit=93Nm motorNm=93 tyreNm=0 inertia=1.82 limRot=0/6/1 omegaPre=38.38 posN=16/-6/0 susp=-0.0025 springN=20
INFO 2026-07-27 15:26:47.104 joltshadow - docs §70.1: slipdense (player) f=1196 w=3 grounded=0 kappa=0.000 fnGround=0 omega=40.01 | ftGround=0N target=46.5 limit=93Nm motorNm=93 tyreNm=0 inertia=1.82 limRot=0/6/1 omegaPre=39.29 posN=16/4/0 susp=0.0003 springN=-10
INFO 2026-07-27 15:26:47.104 joltshadow - docs §78: attdense (player) f=1196 joltTilt=8.44 odeTilt=7.44 upDelta=3.21 wBody=(-0.21,-0.14,-0.03) |w|=0.25 grounded=0
INFO 2026-07-27 15:26:47.147 joltshadow - docs §70.1: slipdense (player) f=1200 w=0 grounded=0 kappa=0.000 fnGround=0 omega=38.76 | ftGround=0N target=77.6 limit=56Nm motorNm=56 tyreNm=0 inertia=1.78 limRot=0/-1007/0 omegaPre=38.40 posN=5/-4/0 susp=-0.0026 springN=20
INFO 2026-07-27 15:26:47.148 joltshadow - docs §70.1: slipdense (player) f=1200 w=1 grounded=0 kappa=0.000 fnGround=0 omega=40.53 | ftGround=0N target=77.6 limit=56Nm motorNm=56 tyreNm=0 inertia=1.78 limRot=0/-736/-285 omegaPre=40.16 posN=4/-5/0 susp=0.0053 springN=-27
INFO 2026-07-27 15:26:47.148 joltshadow - docs §70.1: slipdense (player) f=1200 w=2 grounded=0 kappa=0.000 fnGround=0 omega=40.42 | ftGround=0N target=77.6 limit=56Nm motorNm=56 tyreNm=0 inertia=1.82 limRot=0/6/-2 omegaPre=40.05 posN=2/-1/0 susp=-0.0039 springN=24
INFO 2026-07-27 15:26:47.148 joltshadow - docs §70.1: slipdense (player) f=1200 w=3 grounded=0 kappa=0.000 fnGround=0 omega=41.33 | ftGround=0N target=77.6 limit=56Nm motorNm=56 tyreNm=0 inertia=1.82 limRot=0/6/-2 omegaPre=40.96 posN=2/-3/0 susp=0.0034 springN=-26
INFO 2026-07-27 15:26:47.148 joltshadow - docs §78: attdense (player) f=1200 joltTilt=8.83 odeTilt=7.45 upDelta=3.64 wBody=(-0.21,-0.14,0.04) |w|=0.25 grounded=0
INFO 2026-07-27 15:26:47.148 joltshadow - Shadow divergence (player): pos=2.454m vel=1.081m/s angle=5.3deg (jolt com=[4661.8 261.7 1220.1] ode com=[4661.2 259.3 1219.9])
INFO 2026-07-27 15:26:47.148 joltshadow - docs §23.6: driver input (player) realThrottle=1.00 brake=0.01 handBrake=0 steerRad=0.000
INFO 2026-07-27 15:26:47.148 joltshadow - docs §32: Jolt SHADOW chassis pitch (player) forward=(-0.153, 0.101, -0.983)
INFO 2026-07-27 15:26:47.148 joltshadow - docs §69: tilt (player) jolt=8.8 deg ode=7.4 deg delta=+1.4 deg upDelta=3.64 deg
INFO 2026-07-27 15:26:47.148 joltshadow - docs §32.4: Jolt SHADOW chassis lowest corner (player) = (4663.58,259.88,1222.91) clearanceToGround=0.825
INFO 2026-07-27 15:26:47.148 joltshadow - docs §23.5: wheel state (player) wheel=0 contact=0 suspLen=1.050 (range 0.050-1.050, 0% compressed) angVel=0.00
INFO 2026-07-27 15:26:47.148 joltshadow - docs §38.11: wheel=0 NO contact, worldAxle=(0.980,-0.116,-0.164)
INFO 2026-07-27 15:26:47.148 joltshadow - docs §32: no-contact raycast (player) wheel=0 bodyPos=(4661.66,260.98,1219.69) localMPos=(-1.155,0.060,2.270) origin=(4662.45,261.14,1217.28) dir=(-0.130,-0.988,-0.081) normalRayLen=1.679 groundFoundAt=0.000 shortfallBeyondTravel=-1.679 hitBody=8475716 hitLayer=4 hitMotion=2 hitIsSelfChassis=0
INFO 2026-07-27 15:26:47.148 joltshadow - docs §23.5: wheel state (player) wheel=1 contact=0 suspLen=1.050 (range 0.050-1.050, 0% compressed) angVel=0.00
INFO 2026-07-27 15:26:47.148 joltshadow - docs §38.11: wheel=1 NO contact, worldAxle=(0.980,-0.116,-0.164)
INFO 2026-07-27 15:26:47.148 joltshadow - docs §32: no-contact raycast (player) wheel=1 bodyPos=(4661.66,260.98,1219.69) localMPos=(1.155,0.059,2.270) origin=(4660.19,261.41,1217.66) dir=(-0.130,-0.988,-0.081) normalRayLen=1.679 groundFoundAt=0.000 shortfallBeyondTravel=-1.679 hitBody=8475717 hitLayer=4 hitMotion=2 hitIsSelfChassis=0
INFO 2026-07-27 15:26:47.148 joltshadow - docs §23.5: wheel state (player) wheel=2 contact=0 suspLen=1.050 (range 0.050-1.050, 0% compressed) angVel=0.00
INFO 2026-07-27 15:26:47.148 joltshadow - docs §38.11: wheel=2 NO contact, worldAxle=(0.980,-0.116,-0.164)
INFO 2026-07-27 15:26:47.148 joltshadow - docs §32: no-contact raycast (player) wheel=2 bodyPos=(4661.66,260.98,1219.69) localMPos=(-1.253,0.145,-2.062) origin=(4663.22,260.78,1221.53) dir=(-0.130,-0.988,-0.081) normalRayLen=1.685 groundFoundAt=0.001 shortfallBeyondTravel=-1.684 hitBody=8475718 hitLayer=4 hitMotion=2 hitIsSelfChassis=0
INFO 2026-07-27 15:26:47.148 joltshadow - docs §23.5: wheel state (player) wheel=3 contact=0 suspLen=1.050 (range 0.050-1.050, 0% compressed) angVel=0.00
INFO 2026-07-27 15:26:47.149 joltshadow - docs §38.11: wheel=3 NO contact, worldAxle=(0.980,-0.116,-0.164)
INFO 2026-07-27 15:26:47.149 joltshadow - docs §32: no-contact raycast (player) wheel=3 bodyPos=(4661.66,260.98,1219.69) localMPos=(1.253,0.146,-2.062) origin=(4660.76,261.07,1221.94) dir=(-0.130,-0.988,-0.081) normalRayLen=1.685 groundFoundAt=0.009 shortfallBeyondTravel=-1.676 hitBody=8475719 hitLayer=4 hitMotion=2 hitIsSelfChassis=0
INFO 2026-07-27 15:26:47.149 joltshadow - docs §59/63: harvest (player) wheelsWithContact=0 contactPoints=0 overflow=0 (of 4) | maxNormalF=0N bound(k_t*tau)=0N ratio=0.00
INFO 2026-07-27 15:26:47.149 joltshadow - docs §58: wheel body (player) w=0 springF=20N stopF=0N travel=-0.0026 (limits -0.5000..0.5000 rel spawn) kSusp=6000 sagPredicted=0.0033 | frameTrav=-0.0026..-0.0022 frameStopN=0
INFO 2026-07-27 15:26:47.149 joltshadow - docs §66: tyre band (player) w=0 fnGround=0N fnTotal=0N pen=0.00000 penRaw=0.00000 tau=0.01000 pen/tau=0.00 | recs tyre=0 rim=0 survived=0 stale=0 distMax=0.00R
INFO 2026-07-27 15:26:47.149 joltshadow - docs §68: steer (player) w=0 steerable=1 commanded=0.000 rad measured=0.156 rad err=8.95 deg steerSign=-1 steerTq=815Nm cap=815Nm sat=1.00
INFO 2026-07-27 15:26:47.149 joltshadow - docs §70: slip (player) w=0 grounded=0 kappa=0.000 fnGround=0N omega=38.76
INFO 2026-07-27 15:26:47.149 joltshadow - docs §67: spin (player) w=0 driven=1 omega=38.76 rad/s surfaceSpeed=24.39 m/s spinSign=+1 motorTq=56Nm cmdTq=56Nm
INFO 2026-07-27 15:26:47.149 joltshadow - docs §58: wheel body (player) w=1 springF=-27N stopF=0N travel=0.0053 (limits -0.5000..0.5000 rel spawn) kSusp=6000 sagPredicted=-0.0044 | frameTrav=0.0053..0.0053 frameStopN=0
INFO 2026-07-27 15:26:47.149 joltshadow - docs §66: tyre band (player) w=1 fnGround=0N fnTotal=0N pen=0.00000 penRaw=0.00000 tau=0.01000 pen/tau=0.00 | recs tyre=0 rim=0 survived=0 stale=0 distMax=0.00R
INFO 2026-07-27 15:26:47.149 joltshadow - docs §68: steer (player) w=1 steerable=1 commanded=0.000 rad measured=0.614 rad err=35.15 deg steerSign=-1 steerTq=815Nm cap=815Nm sat=1.00
INFO 2026-07-27 15:26:47.149 joltshadow - docs §70: slip (player) w=1 grounded=0 kappa=0.000 fnGround=0N omega=40.53
INFO 2026-07-27 15:26:47.149 joltshadow - docs §67: spin (player) w=1 driven=1 omega=40.53 rad/s surfaceSpeed=25.50 m/s spinSign=+1 motorTq=56Nm cmdTq=56Nm
INFO 2026-07-27 15:26:47.149 joltshadow - docs §58: wheel body (player) w=2 springF=24N stopF=0N travel=-0.0039 (limits -0.5000..0.5000 rel spawn) kSusp=6000 sagPredicted=0.0040 | frameTrav=-0.0039..-0.0036 frameStopN=0
INFO 2026-07-27 15:26:47.149 joltshadow - docs §66: tyre band (player) w=2 fnGround=0N fnTotal=0N pen=0.00000 penRaw=0.00000 tau=0.01000 pen/tau=0.00 | recs tyre=0 rim=0 survived=0 stale=0 distMax=0.00R
INFO 2026-07-27 15:26:47.149 joltshadow - docs §68: steer (player) w=2 steerable=0 commanded=0.000 rad measured=0.000 rad err=0.00 deg steerSign=-1 steerTq=0Nm cap=340282346638528859811704183484516925440Nm sat=0.00
INFO 2026-07-27 15:26:47.149 joltshadow - docs §70: slip (player) w=2 grounded=0 kappa=0.000 fnGround=0N omega=40.42
INFO 2026-07-27 15:26:47.149 joltshadow - docs §67: spin (player) w=2 driven=1 omega=40.42 rad/s surfaceSpeed=25.68 m/s spinSign=+1 motorTq=56Nm cmdTq=56Nm
INFO 2026-07-27 15:26:47.149 joltshadow - docs §58: wheel body (player) w=3 springF=-26N stopF=0N travel=0.0034 (limits -0.5000..0.5000 rel spawn) kSusp=6000 sagPredicted=-0.0043 | frameTrav=0.0027..0.0034 frameStopN=0
INFO 2026-07-27 15:26:47.149 joltshadow - docs §66: tyre band (player) w=3 fnGround=0N fnTotal=0N pen=0.00000 penRaw=0.00000 tau=0.01000 pen/tau=0.00 | recs tyre=0 rim=0 survived=0 stale=0 distMax=0.00R
INFO 2026-07-27 15:26:47.149 joltshadow - docs §68: steer (player) w=3 steerable=0 commanded=0.000 rad measured=0.000 rad err=0.00 deg steerSign=-1 steerTq=0Nm cap=340282346638528859811704183484516925440Nm sat=0.00
INFO 2026-07-27 15:26:47.150 joltshadow - docs §70: slip (player) w=3 grounded=0 kappa=0.000 fnGround=0N omega=41.33
INFO 2026-07-27 15:26:47.150 joltshadow - docs §67: spin (player) w=3 driven=1 omega=41.33 rad/s surfaceSpeed=26.26 m/s spinSign=+1 motorTq=56Nm cmdTq=56Nm
INFO 2026-07-27 15:26:47.150 joltshadow - docs §67: drivetrain (player) gear=2 rpm=3086 driveTorque=225Nm perWheel=56Nm driven=4 throttle=1.00 spin=1 | PRE-STEP brake=0.01 handBrake=0
INFO 2026-07-27 15:26:47.150 joltshadow - docs §66: tyre band SUM (player) fnGroundSum=0N fnTotalSum=0N weight=1295N carried=0.00 | penSum=0.00000 recs tyre=0 rim=0 stale=0
INFO 2026-07-27 15:26:47.150 joltshadow - docs §30: REAL ODE chassis COM (player) body=54AA14C8 = (4661.186, 259.331, 1219.877) forward=(-0.226, 0.046, -0.973)
INFO 2026-07-27 15:26:47.150 joltshadow - docs §33: real ODE chassis geom (player) #1 = class 0 (not a transform) pos=(4661.186,259.331,1219.877) radius=4.500
INFO 2026-07-27 15:26:47.150 joltshadow - docs §33: real ODE chassis geom (player) #2 = transform, inner class=1 pos=(0.000,1.095,-0.495)
INFO 2026-07-27 15:26:47.150 joltshadow - docs §33: real ODE chassis geom (player) #3 = transform, inner class=1 pos=(0.353,3.466,0.718)
INFO 2026-07-27 15:26:47.150 joltshadow - docs §33: real ODE chassis geom (player) #4 = transform, inner class=1 pos=(0.000,1.818,1.842)
INFO 2026-07-27 15:26:47.150 joltshadow - docs §33: real ODE chassis geom (player) #5 = transform, inner class=1 pos=(0.006,1.981,-2.113)
INFO 2026-07-27 15:26:47.150 joltshadow - docs §33: real ODE chassis geom (player) #6 = class 0 (not a transform) pos=(4661.186,259.331,1219.877) radius=30.000
INFO 2026-07-27 15:26:47.150 joltshadow - docs §33: real ODE chassis geom (player) #7 = class 0 (not a transform) pos=(4661.186,259.331,1219.877) radius=6.436
INFO 2026-07-27 15:26:47.150 joltshadow - docs §33: real ODE chassis geom (player) #8 = class 0 (not a transform) pos=(4661.186,259.331,1219.877) radius=200.000
INFO 2026-07-27 15:26:47.150 joltshadow - docs §33: real ODE chassis (player) has 8 total geom(s) directly attached (4 transform(s)) - compare against BuildChassisCompoundShape's own part/geom count in the build log
INFO 2026-07-27 15:26:47.150 joltshadow - docs §28: REAL ODE wheel state (player) wheel=0 displacement=0.0457 range=1.000 (5% compressed, signed) foreAft=2.270 localZ=2.270 cfm=0.002500 erp=0.2500
INFO 2026-07-27 15:26:47.151 joltshadow - docs §28: REAL ODE wheel state (player) wheel=1 displacement=0.0443 range=1.000 (4% compressed, signed) foreAft=2.270 localZ=2.270 cfm=0.002500 erp=0.2500
INFO 2026-07-27 15:26:47.151 joltshadow - docs §28: REAL ODE wheel state (player) wheel=2 displacement=0.0475 range=1.000 (5% compressed, signed) foreAft=-2.062 localZ=-2.062 cfm=0.002500 erp=0.2500
INFO 2026-07-27 15:26:47.151 joltshadow - docs §28: REAL ODE wheel state (player) wheel=3 displacement=0.0458 range=1.000 (5% compressed, signed) foreAft=-2.062 localZ=-2.062 cfm=0.002500 erp=0.2500
INFO 2026-07-27 15:26:47.170 joltshadow - docs §82: resync (player) #28 dt=0.51s upMax=3.861 deg posMax=1.252 m odeTiltPath=1.822 deg gain=2.1194
INFO 2026-07-27 15:26:47.170 joltshadow - docs §87: resync landing (player) w=0 pre=0.7624 post=0.0006 m R=0.629 dY=-1.1611 dRotDeg=5.56 |corr|=1.2516 m
INFO 2026-07-27 15:26:47.170 joltshadow - docs §87: resync landing (player) w=1 pre=0.7439 post=0.0005 m R=0.629 dY=-1.1611 dRotDeg=5.56 |corr|=1.2516 m
INFO 2026-07-27 15:26:47.170 joltshadow - docs §87: resync landing (player) w=2 pre=0.3909 post=0.0031 m R=0.635 dY=-1.1611 dRotDeg=5.56 |corr|=1.2516 m
INFO 2026-07-27 15:26:47.170 joltshadow - docs §87: resync landing (player) w=3 pre=0.3716 post=0.0036 m R=0.635 dY=-1.1611 dRotDeg=5.56 |corr|=1.2516 m
INFO 2026-07-27 15:26:47.170 joltshadow - docs §82: resync RESIDUAL (player) #28 pos=0.0000 m up=0.0000 deg
INFO 2026-07-27 15:26:47.186 joltshadow - docs §70.1: slipdense (player) f=1204 w=0 grounded=1 kappa=0.043 fnGround=1196 omega=30.93 | ftGround=1087N target=46.5 limit=93Nm motorNm=93 tyreNm=-579 inertia=1.78 limRot=0/-115/0 omegaPre=33.94 posN=-226/-774/0 susp=-0.5202 springN=2666
INFO 2026-07-27 15:26:47.186 joltshadow - docs §70.1: slipdense (player) f=1204 w=1 grounded=1 kappa=0.205 fnGround=1219 omega=32.54 | ftGround=1683N target=46.5 limit=93Nm motorNm=93 tyreNm=-936 inertia=1.78 limRot=0/-556/0 omegaPre=35.94 posN=-1977/-696/0 susp=-0.5170 springN=2461
INFO 2026-07-27 15:26:47.186 joltshadow - docs §70.1: slipdense (player) f=1204 w=2 grounded=1 kappa=0.015 fnGround=1196 omega=32.06 | ftGround=409N target=46.5 limit=93Nm motorNm=93 tyreNm=-177 inertia=1.82 limRot=0/154/2 omegaPre=33.52 posN=289/-145/0 susp=-0.5663 springN=3235
INFO 2026-07-27 15:26:47.186 joltshadow - docs §70.1: slipdense (player) f=1204 w=3 grounded=1 kappa=0.048 fnGround=1198 omega=31.41 | ftGround=1183N target=46.5 limit=93Nm motorNm=93 tyreNm=-608 inertia=1.82 limRot=0/162/3 omegaPre=34.30 posN=302/-1112/0 susp=-0.5629 springN=3011
INFO 2026-07-27 15:26:47.186 joltshadow - docs §78: attdense (player) f=1204 joltTilt=7.54 odeTilt=7.48 upDelta=0.12 wBody=(-0.21,0.23,0.27) |w|=0.41 grounded=4
INFO 2026-07-27 15:26:47.222 joltshadow - docs §70.1: slipdense (player) f=1208 w=0 grounded=1 kappa=0.010 fnGround=1192 omega=29.33 | ftGround=251N target=46.5 limit=93Nm motorNm=93 tyreNm=-91 inertia=1.78 limRot=0/782/0 omegaPre=30.25 posN=710/-312/0 susp=-0.4246 springN=1543
INFO 2026-07-27 15:26:47.222 joltshadow - docs §70.1: slipdense (player) f=1208 w=1 grounded=1 kappa=0.007 fnGround=1193 omega=29.36 | ftGround=183N target=46.5 limit=93Nm motorNm=93 tyreNm=-53 inertia=1.78 limRot=0/333/0 omegaPre=29.15 posN=450/-71/0 susp=-0.4101 springN=1202
INFO 2026-07-27 15:26:47.222 joltshadow - docs §70.1: slipdense (player) f=1208 w=2 grounded=1 kappa=0.017 fnGround=1192 omega=30.77 | ftGround=450N target=46.5 limit=93Nm motorNm=93 tyreNm=-208 inertia=1.82 limRot=0/-219/-15 omegaPre=31.44 posN=-370/-478/0 susp=-0.5109 springN=2228
INFO 2026-07-27 15:26:47.222 joltshadow - docs §70.1: slipdense (player) f=1208 w=3 grounded=1 kappa=0.014 fnGround=1192 omega=29.48 | ftGround=361N target=46.5 limit=93Nm motorNm=93 tyreNm=-159 inertia=1.82 limRot=0/-227/-16 omegaPre=29.93 posN=-379/-258/0 susp=-0.5027 springN=2154
INFO 2026-07-27 15:26:47.222 joltshadow - docs §78: attdense (player) f=1208 joltTilt=7.84 odeTilt=7.49 upDelta=0.35 wBody=(-0.32,0.21,0.04) |w|=0.38 grounded=4
INFO 2026-07-27 15:26:47.267 joltshadow - docs §70.1: slipdense (player) f=1212 w=0 grounded=0 kappa=0.000 fnGround=0 omega=28.58 | ftGround=0N target=46.5 limit=93Nm motorNm=93 tyreNm=0 inertia=1.78 limRot=0/5/0 omegaPre=28.00 posN=22/17/0 susp=-0.2414 springN=-151
INFO 2026-07-27 15:26:47.267 joltshadow - docs §70.1: slipdense (player) f=1212 w=1 grounded=1 kappa=0.018 fnGround=0 omega=29.02 | ftGround=0N target=46.5 limit=93Nm motorNm=93 tyreNm=0 inertia=1.78 limRot=0/-34/0 omegaPre=29.56 posN=22/27/0 susp=-0.2225 springN=332
INFO 2026-07-27 15:26:47.267 joltshadow - docs §70.1: slipdense (player) f=1212 w=2 grounded=1 kappa=0.010 fnGround=1186 omega=30.00 | ftGround=253N target=46.5 limit=93Nm motorNm=93 tyreNm=-95 inertia=1.82 limRot=0/-87/-10 omegaPre=29.95 posN=-94/-281/0 susp=-0.3637 springN=1015
INFO 2026-07-27 15:26:47.267 joltshadow - docs §70.1: slipdense (player) f=1212 w=3 grounded=1 kappa=0.009 fnGround=1155 omega=28.86 | ftGround=233N target=46.5 limit=93Nm motorNm=93 tyreNm=-85 inertia=1.82 limRot=0/784/25 omegaPre=29.52 posN=-119/-452/0 susp=-0.3563 springN=1444
INFO 2026-07-27 15:26:47.267 joltshadow - docs §78: attdense (player) f=1212 joltTilt=8.17 odeTilt=7.44 upDelta=0.96 wBody=(-0.27,0.08,0.04) |w|=0.28 grounded=3
INFO 2026-07-27 15:26:47.298 joltshadow - docs §70.1: slipdense (player) f=1216 w=0 grounded=0 kappa=0.000 fnGround=0 omega=29.84 | ftGround=0N target=46.5 limit=93Nm motorNm=93 tyreNm=0 inertia=1.78 limRot=0/-8/0 omegaPre=29.53 posN=11/-4/0 susp=-0.1006 springN=-508
INFO 2026-07-27 15:26:47.298 joltshadow - docs §70.1: slipdense (player) f=1216 w=1 grounded=0 kappa=0.000 fnGround=0 omega=30.29 | ftGround=0N target=46.5 limit=93Nm motorNm=93 tyreNm=0 inertia=1.78 limRot=0/2/0 omegaPre=29.98 posN=9/-6/0 susp=-0.1165 springN=-243
INFO 2026-07-27 15:26:47.298 joltshadow - docs §70.1: slipdense (player) f=1216 w=2 grounded=1 kappa=0.015 fnGround=696 omega=29.65 | ftGround=232N target=46.5 limit=93Nm motorNm=93 tyreNm=-106 inertia=1.82 limRot=0/-9/-3 omegaPre=29.68 posN=-9/-263/0 susp=-0.2493 springN=462
INFO 2026-07-27 15:26:47.298 joltshadow - docs §70.1: slipdense (player) f=1216 w=3 grounded=1 kappa=0.030 fnGround=245 omega=28.84 | ftGround=162N target=46.5 limit=93Nm motorNm=93 tyreNm=-90 inertia=1.82 limRot=0/-4/-2 omegaPre=28.83 posN=5/-172/0 susp=-0.2498 springN=254
INFO 2026-07-27 15:26:47.298 joltshadow - docs §78: attdense (player) f=1216 joltTilt=8.47 odeTilt=7.45 upDelta=1.31 wBody=(-0.13,0.08,0.13) |w|=0.20 grounded=2
INFO 2026-07-27 15:26:47.325 joltshadow - docs §70.1: slipdense (player) f=1220 w=0 grounded=0 kappa=0.000 fnGround=0 omega=31.01 | ftGround=0N target=46.5 limit=93Nm motorNm=93 tyreNm=0 inertia=1.78 limRot=0/-150/0 omegaPre=30.60 posN=-8/-19/0 susp=-0.0246 springN=-428
INFO 2026-07-27 15:26:47.325 joltshadow - docs §70.1: slipdense (player) f=1220 w=1 grounded=0 kappa=0.000 fnGround=0 omega=31.46 | ftGround=0N target=46.5 limit=93Nm motorNm=93 tyreNm=0 inertia=1.78 limRot=0/39/0 omegaPre=31.04 posN=-8/-18/0 susp=-0.0481 springN=-284
INFO 2026-07-27 15:26:47.325 joltshadow - docs §70.1: slipdense (player) f=1220 w=2 grounded=1 kappa=0.038 fnGround=0 omega=29.48 | ftGround=0N target=46.5 limit=93Nm motorNm=93 tyreNm=0 inertia=1.82 limRot=0/-3/-2 omegaPre=29.15 posN=-4/-15/0 susp=-0.1605 springN=51
INFO 2026-07-27 15:26:47.325 joltshadow - docs §70.1: slipdense (player) f=1220 w=3 grounded=0 kappa=0.000 fnGround=0 omega=29.57 | ftGround=0N target=46.5 limit=93Nm motorNm=93 tyreNm=0 inertia=1.82 limRot=0/-3/-2 omegaPre=29.16 posN=-3/-14/0 susp=-0.1396 springN=-268
INFO 2026-07-27 15:26:47.325 joltshadow - docs §78: attdense (player) f=1220 joltTilt=8.68 odeTilt=7.51 upDelta=1.51 wBody=(-0.06,0.08,0.11) |w|=0.15 grounded=1
INFO 2026-07-27 15:26:47.349 joltshadow - docs §70.1: slipdense (player) f=1224 w=0 grounded=0 kappa=0.000 fnGround=0 omega=32.03 | ftGround=0N target=46.5 limit=93Nm motorNm=93 tyreNm=0 inertia=1.78 limRot=0/-877/0 omegaPre=31.67 posN=1/-2/0 susp=0.0059 springN=-273
INFO 2026-07-27 15:26:47.349 joltshadow - docs §70.1: slipdense (player) f=1224 w=1 grounded=0 kappa=0.000 fnGround=0 omega=32.49 | ftGround=0N target=46.5 limit=93Nm motorNm=93 tyreNm=0 inertia=1.78 limRot=0/647/0 omegaPre=32.12 posN=1/-7/0 susp=-0.0157 springN=-207
INFO 2026-07-27 15:26:47.349 joltshadow - docs §70.1: slipdense (player) f=1224 w=2 grounded=0 kappa=0.000 fnGround=0 omega=30.48 | ftGround=0N target=46.5 limit=93Nm motorNm=93 tyreNm=0 inertia=1.82 limRot=0/-3/-2 omegaPre=30.12 posN=-5/-0/0 susp=-0.0918 springN=-218
INFO 2026-07-27 15:26:47.349 joltshadow - docs §70.1: slipdense (player) f=1224 w=3 grounded=0 kappa=0.000 fnGround=0 omega=30.57 | ftGround=0N target=46.5 limit=93Nm motorNm=93 tyreNm=0 inertia=1.82 limRot=0/-3/-2 omegaPre=30.21 posN=-5/-6/0 susp=-0.0665 springN=-372
INFO 2026-07-27 15:26:47.349 joltshadow - docs §78: attdense (player) f=1224 joltTilt=8.80 odeTilt=7.54 upDelta=1.64 wBody=(-0.05,0.08,0.09) |w|=0.13 grounded=0
INFO 2026-07-27 15:26:47.379 joltshadow - docs §70.1: slipdense (player) f=1228 w=0 grounded=0 kappa=0.000 fnGround=0 omega=33.30 | ftGround=0N target=46.5 limit=93Nm motorNm=93 tyreNm=0 inertia=1.78 limRot=0/187/0 omegaPre=32.83 posN=-4/1/0 susp=0.0163 springN=-112
INFO 2026-07-27 15:26:47.379 joltshadow - docs §70.1: slipdense (player) f=1228 w=1 grounded=0 kappa=0.000 fnGround=0 omega=33.76 | ftGround=0N target=46.5 limit=93Nm motorNm=93 tyreNm=0 inertia=1.78 limRot=0/-168/0 omegaPre=33.29 posN=-3/4/0 susp=0.0019 springN=-109
INFO 2026-07-27 15:26:47.379 joltshadow - docs §70.1: slipdense (player) f=1228 w=2 grounded=0 kappa=0.000 fnGround=0 omega=31.73 | ftGround=0N target=46.5 limit=93Nm motorNm=93 tyreNm=0 inertia=1.82 limRot=0/-3/-2 omegaPre=31.27 posN=4/2/0 susp=-0.0318 springN=-254
INFO 2026-07-27 15:26:47.379 joltshadow - docs §70.1: slipdense (player) f=1228 w=3 grounded=0 kappa=0.000 fnGround=0 omega=31.83 | ftGround=0N target=46.5 limit=93Nm motorNm=93 tyreNm=0 inertia=1.82 limRot=0/-3/-2 omegaPre=31.36 posN=3/5/0 susp=-0.0135 springN=-279
INFO 2026-07-27 15:26:47.379 joltshadow - docs §78: attdense (player) f=1228 joltTilt=8.95 odeTilt=7.56 upDelta=1.82 wBody=(-0.06,0.08,0.07) |w|=0.13 grounded=0
INFO 2026-07-27 15:26:47.425 joltshadow - docs §70.1: slipdense (player) f=1232 w=0 grounded=0 kappa=0.000 fnGround=0 omega=35.17 | ftGround=0N target=46.5 limit=93Nm motorNm=93 tyreNm=0 inertia=1.78 limRot=0/-12/0 omegaPre=34.60 posN=-0/1/0 susp=0.0096 springN=2
INFO 2026-07-27 15:26:47.425 joltshadow - docs §70.1: slipdense (player) f=1232 w=1 grounded=0 kappa=0.000 fnGround=0 omega=35.63 | ftGround=0N target=46.5 limit=93Nm motorNm=93 tyreNm=0 inertia=1.78 limRot=0/-4/0 omegaPre=35.05 posN=-0/2/0 susp=0.0077 springN=-33
INFO 2026-07-27 15:26:47.425 joltshadow - docs §70.1: slipdense (player) f=1232 w=2 grounded=0 kappa=0.000 fnGround=0 omega=33.57 | ftGround=0N target=46.5 limit=93Nm motorNm=93 tyreNm=0 inertia=1.82 limRot=0/-3/-3 omegaPre=33.01 posN=1/3/0 susp=0.0034 springN=-119
INFO 2026-07-27 15:26:47.425 joltshadow - docs §70.1: slipdense (player) f=1232 w=3 grounded=0 kappa=0.000 fnGround=0 omega=33.66 | ftGround=0N target=46.5 limit=93Nm motorNm=93 tyreNm=0 inertia=1.82 limRot=0/-3/-3 omegaPre=33.10 posN=1/2/0 susp=0.0108 springN=-91
INFO 2026-07-27 15:26:47.426 joltshadow - docs §78: attdense (player) f=1232 joltTilt=9.26 odeTilt=7.56 upDelta=2.15 wBody=(-0.11,0.08,0.07) |w|=0.15 grounded=0
INFO 2026-07-27 15:26:47.467 joltshadow - docs §70.1: slipdense (player) f=1236 w=0 grounded=0 kappa=0.000 fnGround=0 omega=36.92 | ftGround=0N target=46.5 limit=93Nm motorNm=93 tyreNm=0 inertia=1.78 limRot=0/3/0 omegaPre=36.50 posN=0/-1/0 susp=0.0024 springN=15
INFO 2026-07-27 15:26:47.468 joltshadow - docs §70.1: slipdense (player) f=1236 w=1 grounded=0 kappa=0.000 fnGround=0 omega=37.37 | ftGround=0N target=46.5 limit=93Nm motorNm=93 tyreNm=0 inertia=1.78 limRot=0/1/0 omegaPre=36.96 posN=0/-1/0 susp=0.0047 springN=-6
INFO 2026-07-27 15:26:47.468 joltshadow - docs §70.1: slipdense (player) f=1236 w=2 grounded=0 kappa=0.000 fnGround=0 omega=35.28 | ftGround=0N target=46.5 limit=93Nm motorNm=93 tyreNm=0 inertia=1.82 limRot=0/-3/-2 omegaPre=34.87 posN=1/-0/0 susp=0.0068 springN=-24
INFO 2026-07-27 15:26:47.468 joltshadow - docs §70.1: slipdense (player) f=1236 w=3 grounded=0 kappa=0.000 fnGround=0 omega=35.38 | ftGround=0N target=46.5 limit=93Nm motorNm=93 tyreNm=0 inertia=1.82 limRot=0/-3/-2 omegaPre=34.97 posN=0/-1/0 susp=0.0069 springN=2
INFO 2026-07-27 15:26:47.468 joltshadow - docs §78: attdense (player) f=1236 joltTilt=9.57 odeTilt=7.55 upDelta=2.48 wBody=(-0.13,0.08,0.08) |w|=0.17 grounded=0
INFO 2026-07-27 15:26:47.501 joltshadow - docs §70.1: slipdense (player) f=1240 w=0 grounded=0 kappa=0.000 fnGround=0 omega=38.29 | ftGround=0N target=46.5 limit=93Nm motorNm=93 tyreNm=0 inertia=1.78 limRot=0/94/0 omegaPre=37.92 posN=1/-2/0 susp=0.0002 springN=5
INFO 2026-07-27 15:26:47.501 joltshadow - docs §70.1: slipdense (player) f=1240 w=1 grounded=0 kappa=0.000 fnGround=0 omega=38.74 | ftGround=0N target=46.5 limit=93Nm motorNm=93 tyreNm=0 inertia=1.78 limRot=0/21/0 omegaPre=38.38 posN=1/-4/0 susp=0.0028 springN=-4
INFO 2026-07-27 15:26:47.501 joltshadow - docs §70.1: slipdense (player) f=1240 w=2 grounded=0 kappa=0.000 fnGround=0 omega=36.63 | ftGround=0N target=46.5 limit=93Nm motorNm=93 tyreNm=0 inertia=1.82 limRot=0/-3/-3 omegaPre=36.27 posN=-2/-1/0 susp=0.0045 springN=3
INFO 2026-07-27 15:26:47.501 joltshadow - docs §70.1: slipdense (player) f=1240 w=3 grounded=0 kappa=0.000 fnGround=0 omega=36.72 | ftGround=0N target=46.5 limit=93Nm motorNm=93 tyreNm=0 inertia=1.82 limRot=0/-3/-3 omegaPre=36.36 posN=-2/-3/0 susp=0.0013 springN=24
INFO 2026-07-27 15:26:47.501 joltshadow - docs §78: attdense (player) f=1240 joltTilt=9.81 odeTilt=7.54 upDelta=2.75 wBody=(-0.15,0.08,0.08) |w|=0.19 grounded=0
INFO 2026-07-27 15:26:47.531 joltshadow - docs §70.1: slipdense (player) f=1244 w=0 grounded=0 kappa=0.000 fnGround=0 omega=39.55 | ftGround=0N target=46.5 limit=93Nm motorNm=93 tyreNm=0 inertia=1.78 limRot=0/792/0 omegaPre=39.18 posN=-14/-8/0 susp=-0.0002 springN=-7
INFO 2026-07-27 15:26:47.531 joltshadow - docs §70.1: slipdense (player) f=1244 w=1 grounded=0 kappa=0.000 fnGround=0 omega=40.01 | ftGround=0N target=46.5 limit=93Nm motorNm=93 tyreNm=0 inertia=1.78 limRot=0/561/0 omegaPre=39.64 posN=-14/2/0 susp=0.0017 springN=-0
INFO 2026-07-27 15:26:47.531 joltshadow - docs §70.1: slipdense (player) f=1244 w=2 grounded=0 kappa=0.000 fnGround=0 omega=37.87 | ftGround=0N target=46.5 limit=93Nm motorNm=93 tyreNm=0 inertia=1.82 limRot=0/-3/-1 omegaPre=37.51 posN=7/-8/0 susp=0.0022 springN=8
INFO 2026-07-27 15:26:47.531 joltshadow - docs §70.1: slipdense (player) f=1244 w=3 grounded=0 kappa=0.000 fnGround=0 omega=37.96 | ftGround=0N target=46.5 limit=93Nm motorNm=93 tyreNm=0 inertia=1.82 limRot=0/-3/-1 omegaPre=37.60 posN=7/4/0 susp=-0.0018 springN=26
INFO 2026-07-27 15:26:47.531 joltshadow - docs §78: attdense (player) f=1244 joltTilt=10.06 odeTilt=7.54 upDelta=3.02 wBody=(-0.16,0.08,0.06) |w|=0.19 grounded=0
INFO 2026-07-27 15:26:47.569 joltshadow - docs §70.1: slipdense (player) f=1248 w=0 grounded=0 kappa=0.000 fnGround=0 omega=40.70 | ftGround=0N target=77.6 limit=56Nm motorNm=56 tyreNm=0 inertia=1.78 limRot=0/-18/0 omegaPre=40.32 posN=4/-4/0 susp=0.0003 springN=-5
INFO 2026-07-27 15:26:47.570 joltshadow - docs §70.1: slipdense (player) f=1248 w=1 grounded=0 kappa=0.000 fnGround=0 omega=41.17 | ftGround=0N target=77.6 limit=56Nm motorNm=56 tyreNm=0 inertia=1.78 limRot=0/-13/0 omegaPre=40.79 posN=4/-6/0 susp=0.0004 springN=-6
INFO 2026-07-27 15:26:47.570 joltshadow - docs §70.1: slipdense (player) f=1248 w=2 grounded=0 kappa=0.000 fnGround=0 omega=39.01 | ftGround=0N target=77.6 limit=56Nm motorNm=56 tyreNm=0 inertia=1.82 limRot=0/-3/-2 omegaPre=38.64 posN=2/-2/0 susp=0.0002 springN=15
INFO 2026-07-27 15:26:47.570 joltshadow - docs §70.1: slipdense (player) f=1248 w=3 grounded=0 kappa=0.000 fnGround=0 omega=39.10 | ftGround=0N target=77.6 limit=56Nm motorNm=56 tyreNm=0 inertia=1.82 limRot=0/-3/-2 omegaPre=38.73 posN=1/-5/0 susp=-0.0035 springN=9
INFO 2026-07-27 15:26:47.570 joltshadow - docs §78: attdense (player) f=1248 joltTilt=10.35 odeTilt=7.55 upDelta=3.35 wBody=(-0.17,0.08,0.09) |w|=0.20 grounded=0
INFO 2026-07-27 15:26:47.621 joltshadow - docs §70.1: slipdense (player) f=1252 w=0 grounded=0 kappa=0.000 fnGround=0 omega=42.33 | ftGround=0N target=77.6 limit=56Nm motorNm=56 tyreNm=0 inertia=1.78 limRot=0/-3/0 omegaPre=41.82 posN=0/-5/0 susp=0.0014 springN=-10
INFO 2026-07-27 15:26:47.621 joltshadow - docs §70.1: slipdense (player) f=1252 w=1 grounded=0 kappa=0.000 fnGround=0 omega=42.80 | ftGround=0N target=77.6 limit=56Nm motorNm=56 tyreNm=0 inertia=1.78 limRot=0/-0/0 omegaPre=42.30 posN=-0/-5/0 susp=0.0007 springN=-9
INFO 2026-07-27 15:26:47.621 joltshadow - docs §70.1: slipdense (player) f=1252 w=2 grounded=0 kappa=0.000 fnGround=0 omega=40.61 | ftGround=0N target=77.6 limit=56Nm motorNm=56 tyreNm=0 inertia=1.82 limRot=0/-3/-4 omegaPre=40.12 posN=2/-3/0 susp=-0.0001 springN=7
INFO 2026-07-27 15:26:47.622 joltshadow - docs §70.1: slipdense (player) f=1252 w=3 grounded=0 kappa=0.000 fnGround=0 omega=40.70 | ftGround=0N target=77.6 limit=56Nm motorNm=56 tyreNm=0 inertia=1.82 limRot=0/-3/-4 omegaPre=40.21 posN=2/-3/0 susp=-0.0022 springN=-1
INFO 2026-07-27 15:26:47.622 joltshadow - docs §78: attdense (player) f=1252 joltTilt=10.86 odeTilt=7.58 upDelta=3.91 wBody=(-0.18,0.08,0.09) |w|=0.22 grounded=0
INFO 2026-07-27 15:26:47.677 joltshadow - docs §70.1: slipdense (player) f=1256 w=0 grounded=0 kappa=0.000 fnGround=0 omega=43.91 | ftGround=0N target=116.4 limit=37Nm motorNm=37 tyreNm=0 inertia=1.78 limRot=0/-926/0 omegaPre=43.64 posN=6/-4/0 susp=0.0004 springN=-2
INFO 2026-07-27 15:26:47.677 joltshadow - docs §70.1: slipdense (player) f=1256 w=1 grounded=0 kappa=0.000 fnGround=0 omega=44.39 | ftGround=0N target=116.4 limit=37Nm motorNm=37 tyreNm=0 inertia=1.78 limRot=0/160/0 omegaPre=44.12 posN=5/-7/0 susp=0.0038 springN=-13
INFO 2026-07-27 15:26:47.677 joltshadow - docs §70.1: slipdense (player) f=1256 w=2 grounded=0 kappa=0.000 fnGround=0 omega=42.17 | ftGround=0N target=116.4 limit=37Nm motorNm=37 tyreNm=0 inertia=1.82 limRot=0/-3/-4 omegaPre=41.90 posN=3/-3/0 susp=-0.0016 springN=9
INFO 2026-07-27 15:26:47.677 joltshadow - docs §70.1: slipdense (player) f=1256 w=3 grounded=0 kappa=0.000 fnGround=0 omega=42.26 | ftGround=0N target=116.4 limit=37Nm motorNm=37 tyreNm=0 inertia=1.82 limRot=0/-3/-4 omegaPre=41.99 posN=2/-5/0 susp=0.0017 springN=-7
INFO 2026-07-27 15:26:47.677 joltshadow - docs §78: attdense (player) f=1256 joltTilt=11.53 odeTilt=7.65 upDelta=4.55 wBody=(-0.19,0.08,0.10) |w|=0.23 grounded=0
INFO 2026-07-27 15:26:47.677 joltshadow - docs §82: resync (player) #29 dt=0.51s upMax=4.549 deg posMax=1.254 m odeTiltPath=0.357 deg gain=12.7438
INFO 2026-07-27 15:26:47.678 joltshadow - docs §87: resync landing (player) w=0 pre=0.7376 post=-0.0017 m R=0.629 dY=-1.2306 dRotDeg=5.38 |corr|=1.2538 m
INFO 2026-07-27 15:26:47.678 joltshadow - docs §87: resync landing (player) w=1 pre=0.8189 post=0.0099 m R=0.629 dY=-1.2306 dRotDeg=5.38 |corr|=1.2538 m
INFO 2026-07-27 15:26:47.678 joltshadow - docs §87: resync landing (player) w=2 pre=0.3315 post=-0.0005 m R=0.635 dY=-1.2306 dRotDeg=5.38 |corr|=1.2538 m
INFO 2026-07-27 15:26:47.678 joltshadow - docs §87: resync landing (player) w=3 pre=0.4200 post=0.0044 m R=0.635 dY=-1.2306 dRotDeg=5.38 |corr|=1.2538 m
INFO 2026-07-27 15:26:47.678 joltshadow - docs §82: resync RESIDUAL (player) #29 pos=0.0000 m up=0.0000 deg
INFO 2026-07-27 15:26:47.720 joltshadow - docs §70.1: slipdense (player) f=1260 w=0 grounded=1 kappa=-0.098 fnGround=0 omega=26.84 | ftGround=0N target=46.5 limit=93Nm motorNm=93 tyreNm=0 inertia=1.78 limRot=0/-0/0 omegaPre=26.37 posN=-3/77/0 susp=-0.4742 springN=1974
INFO 2026-07-27 15:26:47.720 joltshadow - docs §70.1: slipdense (player) f=1260 w=1 grounded=1 kappa=0.009 fnGround=1198 omega=31.34 | ftGround=243N target=46.5 limit=93Nm motorNm=93 tyreNm=-79 inertia=1.78 limRot=0/-29/0 omegaPre=31.25 posN=-55/-174/0 susp=-0.4452 springN=1488
INFO 2026-07-27 15:26:47.720 joltshadow - docs §70.1: slipdense (player) f=1260 w=2 grounded=1 kappa=0.017 fnGround=1199 omega=32.34 | ftGround=452N target=46.5 limit=93Nm motorNm=93 tyreNm=-196 inertia=1.82 limRot=0/-96/-8 omegaPre=32.74 posN=-133/-428/0 susp=-0.5197 springN=2313
INFO 2026-07-27 15:26:47.720 joltshadow - docs §70.1: slipdense (player) f=1260 w=3 grounded=1 kappa=0.017 fnGround=1201 omega=32.29 | ftGround=446N target=46.5 limit=93Nm motorNm=93 tyreNm=-192 inertia=1.82 limRot=0/-93/-8 omegaPre=32.73 posN=-127/-405/0 susp=-0.5222 springN=2381
INFO 2026-07-27 15:26:47.720 joltshadow - docs §78: attdense (player) f=1260 joltTilt=7.44 odeTilt=7.58 upDelta=0.20 wBody=(-0.34,0.02,-0.07) |w|=0.35 grounded=4
INFO 2026-07-27 15:26:47.720 joltshadow - Shadow divergence (player): pos=1.431m vel=3.224m/s angle=0.2deg (jolt com=[4659.2 261.0 1210.8] ode com=[4659.0 259.6 1210.4])
INFO 2026-07-27 15:26:47.720 joltshadow - docs §23.6: driver input (player) realThrottle=1.00 brake=0.01 handBrake=0 steerRad=0.000
INFO 2026-07-27 15:26:47.720 joltshadow - docs §32: Jolt SHADOW chassis pitch (player) forward=(-0.226, 0.051, -0.973)
INFO 2026-07-27 15:26:47.720 joltshadow - docs §69: tilt (player) jolt=7.4 deg ode=7.6 deg delta=-0.1 deg upDelta=0.20 deg
INFO 2026-07-27 15:26:47.720 joltshadow - docs §32.4: Jolt SHADOW chassis lowest corner (player) = (4661.23,259.29,1213.54) clearanceToGround=-1.000 (no ground found within 20m straight down)
INFO 2026-07-27 15:26:47.720 joltshadow - docs §23.5: wheel state (player) wheel=0 contact=0 suspLen=1.050 (range 0.050-1.050, 0% compressed) angVel=0.00
INFO 2026-07-27 15:26:47.720 joltshadow - docs §38.11: wheel=0 NO contact, worldAxle=(0.966,-0.119,-0.231)
INFO 2026-07-27 15:26:47.721 joltshadow - docs §32: no-contact raycast (player) wheel=0 bodyPos=(4659.05,260.23,1210.42) localMPos=(-1.155,0.060,2.270) origin=(4659.66,260.26,1207.95) dir=(-0.128,-0.992,-0.023) normalRayLen=1.679 groundFoundAt=0.000 shortfallBeyondTravel=-1.679 hitBody=8475716 hitLayer=4 hitMotion=2 hitIsSelfChassis=0
INFO 2026-07-27 15:26:47.721 joltshadow - docs §23.5: wheel state (player) wheel=1 contact=0 suspLen=1.050 (range 0.050-1.050, 0% compressed) angVel=0.00
INFO 2026-07-27 15:26:47.721 joltshadow - docs §38.11: wheel=1 NO contact, worldAxle=(0.966,-0.119,-0.231)
INFO 2026-07-27 15:26:47.721 joltshadow - docs §32: no-contact raycast (player) wheel=1 bodyPos=(4659.05,260.23,1210.42) localMPos=(1.155,0.059,2.270) origin=(4657.43,260.54,1208.48) dir=(-0.128,-0.992,-0.023) normalRayLen=1.679 groundFoundAt=0.000 shortfallBeyondTravel=-1.679 hitBody=8475717 hitLayer=4 hitMotion=2 hitIsSelfChassis=0
INFO 2026-07-27 15:26:47.721 joltshadow - docs §23.5: wheel state (player) wheel=2 contact=0 suspLen=1.050 (range 0.050-1.050, 0% compressed) angVel=0.00
INFO 2026-07-27 15:26:47.721 joltshadow - docs §38.11: wheel=2 NO contact, worldAxle=(0.966,-0.119,-0.231)
INFO 2026-07-27 15:26:47.721 joltshadow - docs §32: no-contact raycast (player) wheel=2 bodyPos=(4659.05,260.23,1210.42) localMPos=(-1.253,0.145,-2.062) origin=(4660.75,260.11,1212.14) dir=(-0.128,-0.992,-0.023) normalRayLen=1.685 groundFoundAt=0.000 shortfallBeyondTravel=-1.685 hitBody=8475718 hitLayer=4 hitMotion=2 hitIsSelfChassis=0
INFO 2026-07-27 15:26:47.721 joltshadow - docs §23.5: wheel state (player) wheel=3 contact=0 suspLen=1.050 (range 0.050-1.050, 0% compressed) angVel=0.00
INFO 2026-07-27 15:26:47.721 joltshadow - docs §38.11: wheel=3 NO contact, worldAxle=(0.966,-0.119,-0.231)
INFO 2026-07-27 15:26:47.721 joltshadow - docs §32: no-contact raycast (player) wheel=3 bodyPos=(4659.05,260.23,1210.42) localMPos=(1.253,0.146,-2.062) origin=(4658.33,260.41,1212.72) dir=(-0.128,-0.992,-0.023) normalRayLen=1.685 groundFoundAt=0.000 shortfallBeyondTravel=-1.685 hitBody=8475719 hitLayer=4 hitMotion=2 hitIsSelfChassis=0
INFO 2026-07-27 15:26:47.721 joltshadow - docs §59/63: harvest (player) wheelsWithContact=4 contactPoints=10 overflow=0 (of 4) | maxNormalF=1201N bound(k_t*tau)=1200N ratio=1.00  *** EXCEEDS GEOMETRIC BOUND ***
INFO 2026-07-27 15:26:47.721 joltshadow - docs §58: wheel body (player) w=0 springF=1974N stopF=0N travel=-0.4742 (limits -0.5000..0.5000 rel spawn) kSusp=6000 sagPredicted=0.3291 | frameTrav=-0.4893..-0.4742 frameStopN=0
INFO 2026-07-27 15:26:47.721 joltshadow - docs §66: tyre band (player) w=0 fnGround=0N fnTotal=0N pen=0.00458 penRaw=0.00458 tau=0.01000 pen/tau=0.46 | recs tyre=2 rim=2 survived=2 stale=0 distMax=1.00R
INFO 2026-07-27 15:26:47.721 joltshadow - docs §68: steer (player) w=0 steerable=1 commanded=0.000 rad measured=-0.001 rad err=-0.04 deg steerSign=-1 steerTq=-15Nm cap=815Nm sat=0.02
INFO 2026-07-27 15:26:47.721 joltshadow - docs §70: slip (player) w=0 grounded=1 kappa=-0.098 fnGround=0N omega=26.84
INFO 2026-07-27 15:26:47.721 joltshadow - docs §67: spin (player) w=0 driven=1 omega=26.84 rad/s surfaceSpeed=16.89 m/s spinSign=+1 motorTq=93Nm cmdTq=93Nm
INFO 2026-07-27 15:26:47.721 joltshadow - docs §58: wheel body (player) w=1 springF=1488N stopF=0N travel=-0.4452 (limits -0.5000..0.5000 rel spawn) kSusp=6000 sagPredicted=0.2481 | frameTrav=-0.4676..-0.4452 frameStopN=0
INFO 2026-07-27 15:26:47.721 joltshadow - docs §66: tyre band (player) w=1 fnGround=1198N fnTotal=1199N pen=0.01000 penRaw=0.03375 tau=0.01000 pen/tau=1.00 | recs tyre=1 rim=1 survived=1 stale=0 distMax=0.95R
INFO 2026-07-27 15:26:47.721 joltshadow - docs §68: steer (player) w=1 steerable=1 commanded=0.000 rad measured=0.002 rad err=0.10 deg steerSign=-1 steerTq=4Nm cap=3012Nm sat=0.00
INFO 2026-07-27 15:26:47.721 joltshadow - docs §70: slip (player) w=1 grounded=1 kappa=0.009 fnGround=1198N omega=31.34
INFO 2026-07-27 15:26:47.722 joltshadow - docs §67: spin (player) w=1 driven=1 omega=31.34 rad/s surfaceSpeed=19.72 m/s spinSign=+1 motorTq=93Nm cmdTq=93Nm
INFO 2026-07-27 15:26:47.722 joltshadow - docs §58: wheel body (player) w=2 springF=2313N stopF=0N travel=-0.5197 (limits -0.5000..0.5000 rel spawn) kSusp=6000 sagPredicted=0.3855 | frameTrav=-0.5306..-0.5197 frameStopN=0
INFO 2026-07-27 15:26:47.722 joltshadow - docs §66: tyre band (player) w=2 fnGround=1199N fnTotal=1200N pen=0.01000 penRaw=0.05628 tau=0.01000 pen/tau=1.00 | recs tyre=1 rim=1 survived=1 stale=0 distMax=0.92R
INFO 2026-07-27 15:26:47.722 joltshadow - docs §68: steer (player) w=2 steerable=0 commanded=0.000 rad measured=0.000 rad err=0.01 deg steerSign=-1 steerTq=0Nm cap=340282346638528859811704183484516925440Nm sat=0.00
INFO 2026-07-27 15:26:47.722 joltshadow - docs §70: slip (player) w=2 grounded=1 kappa=0.017 fnGround=1199N omega=32.34
INFO 2026-07-27 15:26:47.722 joltshadow - docs §67: spin (player) w=2 driven=1 omega=32.34 rad/s surfaceSpeed=20.55 m/s spinSign=+1 motorTq=93Nm cmdTq=93Nm
INFO 2026-07-27 15:26:47.722 joltshadow - docs §58: wheel body (player) w=3 springF=2381N stopF=0N travel=-0.5222 (limits -0.5000..0.5000 rel spawn) kSusp=6000 sagPredicted=0.3968 | frameTrav=-0.5320..-0.5222 frameStopN=0
INFO 2026-07-27 15:26:47.722 joltshadow - docs §66: tyre band (player) w=3 fnGround=1201N fnTotal=1203N pen=0.01000 penRaw=0.05746 tau=0.01000 pen/tau=1.00 | recs tyre=1 rim=1 survived=1 stale=0 distMax=0.91R
INFO 2026-07-27 15:26:47.722 joltshadow - docs §68: steer (player) w=3 steerable=0 commanded=0.000 rad measured=0.000 rad err=0.00 deg steerSign=-1 steerTq=0Nm cap=340282346638528859811704183484516925440Nm sat=0.00
INFO 2026-07-27 15:26:47.722 joltshadow - docs §70: slip (player) w=3 grounded=1 kappa=0.017 fnGround=1201N omega=32.29
INFO 2026-07-27 15:26:47.722 joltshadow - docs §67: spin (player) w=3 driven=1 omega=32.29 rad/s surfaceSpeed=20.51 m/s spinSign=+1 motorTq=93Nm cmdTq=93Nm
INFO 2026-07-27 15:26:47.722 joltshadow - docs §67: drivetrain (player) gear=1 rpm=2380 driveTorque=375Nm perWheel=94Nm driven=4 throttle=1.00 spin=1 | PRE-STEP brake=0.01 handBrake=0
INFO 2026-07-27 15:26:47.722 joltshadow - docs §66: tyre band SUM (player) fnGroundSum=3598N fnTotalSum=3601N weight=1295N carried=2.78 | penSum=0.03458 recs tyre=5 rim=5 stale=0
INFO 2026-07-27 15:26:47.722 joltshadow - docs §30: REAL ODE chassis COM (player) body=54AA14C8 = (4658.984, 259.591, 1210.442) forward=(-0.225, 0.050, -0.973)
INFO 2026-07-27 15:26:47.722 joltshadow - docs §33: real ODE chassis geom (player) #1 = class 0 (not a transform) pos=(4658.984,259.591,1210.442) radius=4.500
INFO 2026-07-27 15:26:47.722 joltshadow - docs §33: real ODE chassis geom (player) #2 = transform, inner class=1 pos=(0.000,1.095,-0.495)
INFO 2026-07-27 15:26:47.722 joltshadow - docs §33: real ODE chassis geom (player) #3 = transform, inner class=1 pos=(0.353,3.466,0.718)
INFO 2026-07-27 15:26:47.722 joltshadow - docs §33: real ODE chassis geom (player) #4 = transform, inner class=1 pos=(0.000,1.818,1.842)
INFO 2026-07-27 15:26:47.723 joltshadow - docs §33: real ODE chassis geom (player) #5 = transform, inner class=1 pos=(0.006,1.981,-2.113)
INFO 2026-07-27 15:26:47.723 joltshadow - docs §33: real ODE chassis geom (player) #6 = class 0 (not a transform) pos=(4658.984,259.591,1210.442) radius=30.000
INFO 2026-07-27 15:26:47.723 joltshadow - docs §33: real ODE chassis geom (player) #7 = class 0 (not a transform) pos=(4658.984,259.591,1210.442) radius=6.436
INFO 2026-07-27 15:26:47.723 joltshadow - docs §33: real ODE chassis geom (player) #8 = class 0 (not a transform) pos=(4658.984,259.591,1210.442) radius=200.000
INFO 2026-07-27 15:26:47.723 joltshadow - docs §33: real ODE chassis (player) has 8 total geom(s) directly attached (4 transform(s)) - compare against BuildChassisCompoundShape's own part/geom count in the build log
INFO 2026-07-27 15:26:47.723 joltshadow - docs §28: REAL ODE wheel state (player) wheel=0 displacement=0.0515 range=1.000 (5% compressed, signed) foreAft=2.270 localZ=2.270 cfm=0.002500 erp=0.2500
INFO 2026-07-27 15:26:47.723 joltshadow - docs §28: REAL ODE wheel state (player) wheel=1 displacement=0.0504 range=1.000 (5% compressed, signed) foreAft=2.270 localZ=2.270 cfm=0.002500 erp=0.2500
INFO 2026-07-27 15:26:47.723 joltshadow - docs §28: REAL ODE wheel state (player) wheel=2 displacement=0.0673 range=1.000 (7% compressed, signed) foreAft=-2.062 localZ=-2.062 cfm=0.002500 erp=0.2500
INFO 2026-07-27 15:26:47.723 joltshadow - docs §28: REAL ODE wheel state (player) wheel=3 displacement=0.0663 range=1.000 (7% compressed, signed) foreAft=-2.062 localZ=-2.062 cfm=0.002500 erp=0.2500
INFO 2026-07-27 15:26:47.761 joltshadow - docs §70.1: slipdense (player) f=1264 w=0 grounded=1 kappa=0.016 fnGround=291 omega=30.57 | ftGround=106N target=46.5 limit=93Nm motorNm=93 tyreNm=-51 inertia=1.78 limRot=0/20/0 omegaPre=30.32 posN=29/-78/0 susp=-0.2676 springN=138
INFO 2026-07-27 15:26:47.762 joltshadow - docs §70.1: slipdense (player) f=1264 w=1 grounded=0 kappa=0.000 fnGround=0 omega=29.04 | ftGround=0N target=46.5 limit=93Nm motorNm=93 tyreNm=0 inertia=1.78 limRot=0/-1/0 omegaPre=28.47 posN=7/28/0 susp=-0.2964 springN=458
INFO 2026-07-27 15:26:47.762 joltshadow - docs §70.1: slipdense (player) f=1264 w=2 grounded=1 kappa=0.009 fnGround=1199 omega=31.33 | ftGround=246N target=46.5 limit=93Nm motorNm=93 tyreNm=-87 inertia=1.82 limRot=0/32/3 omegaPre=31.25 posN=52/-256/0 susp=-0.3963 springN=1229
INFO 2026-07-27 15:26:47.762 joltshadow - docs §70.1: slipdense (player) f=1264 w=3 grounded=1 kappa=0.010 fnGround=1196 omega=31.31 | ftGround=252N target=46.5 limit=93Nm motorNm=93 tyreNm=-91 inertia=1.82 limRot=0/32/3 omegaPre=31.25 posN=51/-267/0 susp=-0.4012 springN=1222
INFO 2026-07-27 15:26:47.762 joltshadow - docs §78: attdense (player) f=1264 joltTilt=7.77 odeTilt=7.56 upDelta=0.91 wBody=(-0.32,0.01,0.05) |w|=0.32 grounded=3
INFO 2026-07-27 15:26:47.809 joltshadow - docs §70.1: slipdense (player) f=1268 w=0 grounded=0 kappa=0.000 fnGround=0 omega=32.42 | ftGround=0N target=46.5 limit=93Nm motorNm=93 tyreNm=0 inertia=1.78 limRot=0/1/0 omegaPre=31.89 posN=3/-2/0 susp=-0.0724 springN=-455
INFO 2026-07-27 15:26:47.809 joltshadow - docs §70.1: slipdense (player) f=1268 w=1 grounded=0 kappa=0.000 fnGround=0 omega=30.98 | ftGround=0N target=46.5 limit=93Nm motorNm=93 tyreNm=0 inertia=1.78 limRot=0/3/0 omegaPre=30.46 posN=3/0/0 susp=-0.0972 springN=-416
INFO 2026-07-27 15:26:47.809 joltshadow - docs §70.1: slipdense (player) f=1268 w=2 grounded=1 kappa=0.020 fnGround=566 omega=30.96 | ftGround=254N target=46.5 limit=93Nm motorNm=93 tyreNm=-121 inertia=1.82 limRot=0/-4/-2 omegaPre=31.05 posN=-3/-275/0 susp=-0.2225 springN=336
INFO 2026-07-27 15:26:47.809 joltshadow - docs §70.1: slipdense (player) f=1268 w=3 grounded=1 kappa=0.021 fnGround=531 omega=30.89 | ftGround=249N target=46.5 limit=93Nm motorNm=93 tyreNm=-121 inertia=1.82 limRot=0/-4/-2 omegaPre=30.98 posN=-2/-268/0 susp=-0.2226 springN=297
INFO 2026-07-27 15:26:47.809 joltshadow - docs §78: attdense (player) f=1268 joltTilt=8.18 odeTilt=7.56 upDelta=1.48 wBody=(-0.12,0.01,0.07) |w|=0.14 grounded=2
INFO 2026-07-27 15:26:47.847 joltshadow - docs §70.1: slipdense (player) f=1272 w=0 grounded=0 kappa=0.000 fnGround=0 omega=33.97 | ftGround=0N target=46.5 limit=93Nm motorNm=93 tyreNm=0 inertia=1.78 limRot=0/-32/0 omegaPre=33.49 posN=-2/-10/0 susp=-0.0026 springN=-277
INFO 2026-07-27 15:26:47.847 joltshadow - docs §70.1: slipdense (player) f=1272 w=1 grounded=0 kappa=0.000 fnGround=0 omega=32.53 | ftGround=0N target=46.5 limit=93Nm motorNm=93 tyreNm=0 inertia=1.78 limRot=0/114/0 omegaPre=32.06 posN=-2/-12/0 susp=-0.0153 springN=-299
INFO 2026-07-27 15:26:47.847 joltshadow - docs §70.1: slipdense (player) f=1272 w=2 grounded=0 kappa=0.000 fnGround=0 omega=31.64 | ftGround=0N target=46.5 limit=93Nm motorNm=93 tyreNm=0 inertia=1.82 limRot=0/-1/-2 omegaPre=31.18 posN=-3/-8/0 susp=-0.1063 springN=-198
INFO 2026-07-27 15:26:47.847 joltshadow - docs §70.1: slipdense (player) f=1272 w=3 grounded=0 kappa=0.000 fnGround=0 omega=31.71 | ftGround=0N target=46.5 limit=93Nm motorNm=93 tyreNm=0 inertia=1.82 limRot=0/-1/-2 omegaPre=31.25 posN=-3/-10/0 susp=-0.1029 springN=-228
INFO 2026-07-27 15:26:47.847 joltshadow - docs §78: attdense (player) f=1272 joltTilt=8.35 odeTilt=7.56 upDelta=1.64 wBody=(-0.04,0.01,0.05) |w|=0.07 grounded=0
INFO 2026-07-27 15:26:47.889 joltshadow - docs §70.1: slipdense (player) f=1276 w=0 grounded=0 kappa=0.000 fnGround=0 omega=35.72 | ftGround=0N target=46.5 limit=93Nm motorNm=93 tyreNm=0 inertia=1.78 limRot=0/24/0 omegaPre=35.30 posN=-15/-3/0 susp=0.0131 springN=-83
INFO 2026-07-27 15:26:47.889 joltshadow - docs §70.1: slipdense (player) f=1276 w=1 grounded=0 kappa=0.000 fnGround=0 omega=34.26 | ftGround=0N target=46.5 limit=93Nm motorNm=93 tyreNm=0 inertia=1.78 limRot=0/693/0 omegaPre=33.84 posN=-15/8/0 susp=0.0091 springN=-103
INFO 2026-07-27 15:26:47.889 joltshadow - docs §70.1: slipdense (player) f=1276 w=2 grounded=0 kappa=0.000 fnGround=0 omega=33.36 | ftGround=0N target=46.5 limit=93Nm motorNm=93 tyreNm=0 inertia=1.82 limRot=0/-1/-1 omegaPre=32.95 posN=6/-2/0 susp=-0.0228 springN=-250
INFO 2026-07-27 15:26:47.889 joltshadow - docs §70.1: slipdense (player) f=1276 w=3 grounded=0 kappa=0.000 fnGround=0 omega=33.43 | ftGround=0N target=46.5 limit=93Nm motorNm=93 tyreNm=0 inertia=1.82 limRot=0/-1/-1 omegaPre=33.02 posN=6/9/0 susp=-0.0201 springN=-244
INFO 2026-07-27 15:26:47.889 joltshadow - docs §78: attdense (player) f=1276 joltTilt=8.49 odeTilt=7.57 upDelta=1.75 wBody=(-0.06,0.01,0.02) |w|=0.06 grounded=0
INFO 2026-07-27 15:26:47.920 joltshadow - docs §70.1: slipdense (player) f=1280 w=0 grounded=0 kappa=0.000 fnGround=0 omega=37.04 | ftGround=0N target=46.5 limit=93Nm motorNm=93 tyreNm=0 inertia=1.78 limRot=0/-1/0 omegaPre=36.67 posN=6/4/0 susp=0.0096 springN=-8
INFO 2026-07-27 15:26:47.920 joltshadow - docs §70.1: slipdense (player) f=1280 w=1 grounded=0 kappa=0.000 fnGround=0 omega=35.54 | ftGround=0N target=46.5 limit=93Nm motorNm=93 tyreNm=0 inertia=1.78 limRot=0/-54/0 omegaPre=35.18 posN=6/1/0 susp=0.0080 springN=-30
INFO 2026-07-27 15:26:47.921 joltshadow - docs §70.1: slipdense (player) f=1280 w=2 grounded=0 kappa=0.000 fnGround=0 omega=34.65 | ftGround=0N target=46.5 limit=93Nm motorNm=93 tyreNm=0 inertia=1.82 limRot=0/0/-1 omegaPre=34.30 posN=-0/6/0 susp=0.0022 springN=-139
INFO 2026-07-27 15:26:47.921 joltshadow - docs §70.1: slipdense (player) f=1280 w=3 grounded=0 kappa=0.000 fnGround=0 omega=34.73 | ftGround=0N target=46.5 limit=93Nm motorNm=93 tyreNm=0 inertia=1.82 limRot=0/0/-1 omegaPre=34.37 posN=-0/2/0 susp=0.0025 springN=-136
INFO 2026-07-27 15:26:47.921 joltshadow - docs §78: attdense (player) f=1280 joltTilt=8.58 odeTilt=7.57 upDelta=1.89 wBody=(-0.09,0.01,0.04) |w|=0.10 grounded=0
INFO 2026-07-27 15:26:47.950 joltshadow - docs §70.1: slipdense (player) f=1284 w=0 grounded=0 kappa=0.000 fnGround=0 omega=38.27 | ftGround=0N target=46.5 limit=93Nm motorNm=93 tyreNm=0 inertia=1.78 limRot=0/-2/0 omegaPre=37.91 posN=1/0/0 susp=0.0056 springN=7
INFO 2026-07-27 15:26:47.950 joltshadow - docs §70.1: slipdense (player) f=1284 w=1 grounded=0 kappa=0.000 fnGround=0 omega=36.78 | ftGround=0N target=46.5 limit=93Nm motorNm=93 tyreNm=0 inertia=1.78 limRot=0/35/0 omegaPre=36.41 posN=1/0/0 susp=0.0038 springN=-1
INFO 2026-07-27 15:26:47.950 joltshadow - docs §70.1: slipdense (player) f=1284 w=2 grounded=0 kappa=0.000 fnGround=0 omega=35.87 | ftGround=0N target=46.5 limit=93Nm motorNm=93 tyreNm=0 inertia=1.82 limRot=0/-0/-1 omegaPre=35.51 posN=0/1/0 susp=0.0078 springN=-55
INFO 2026-07-27 15:26:47.950 joltshadow - docs §70.1: slipdense (player) f=1284 w=3 grounded=0 kappa=0.000 fnGround=0 omega=35.94 | ftGround=0N target=46.5 limit=93Nm motorNm=93 tyreNm=0 inertia=1.82 limRot=0/-0/-1 omegaPre=35.58 posN=0/1/0 susp=0.0064 springN=-49
INFO 2026-07-27 15:26:47.951 joltshadow - docs §78: attdense (player) f=1284 joltTilt=8.70 odeTilt=7.57 upDelta=2.08 wBody=(-0.11,0.01,0.04) |w|=0.12 grounded=0
INFO 2026-07-27 15:26:47.982 joltshadow - docs §70.1: slipdense (player) f=1288 w=0 grounded=0 kappa=0.000 fnGround=0 omega=39.59 | ftGround=0N target=46.5 limit=93Nm motorNm=93 tyreNm=0 inertia=1.78 limRot=0/1/0 omegaPre=39.17 posN=0/-2/0 susp=0.0028 springN=5
INFO 2026-07-27 15:26:47.982 joltshadow - docs §70.1: slipdense (player) f=1288 w=1 grounded=0 kappa=0.000 fnGround=0 omega=38.09 | ftGround=0N target=46.5 limit=93Nm motorNm=93 tyreNm=0 inertia=1.78 limRot=0/2/0 omegaPre=37.68 posN=0/-1/0 susp=0.0004 springN=3
INFO 2026-07-27 15:26:47.982 joltshadow - docs §70.1: slipdense (player) f=1288 w=2 grounded=0 kappa=0.000 fnGround=0 omega=37.16 | ftGround=0N target=46.5 limit=93Nm motorNm=93 tyreNm=0 inertia=1.82 limRot=0/0/-1 omegaPre=36.75 posN=2/-2/0 susp=0.0066 springN=-6
INFO 2026-07-27 15:26:47.982 joltshadow - docs §70.1: slipdense (player) f=1288 w=3 grounded=0 kappa=0.000 fnGround=0 omega=37.23 | ftGround=0N target=46.5 limit=93Nm motorNm=93 tyreNm=0 inertia=1.82 limRot=0/0/-1 omegaPre=36.82 posN=2/-1/0 susp=0.0038 springN=-2
INFO 2026-07-27 15:26:47.982 joltshadow - docs §78: attdense (player) f=1288 joltTilt=8.86 odeTilt=7.43 upDelta=2.38 wBody=(-0.13,0.01,0.04) |w|=0.14 grounded=0
INFO 2026-07-27 15:26:48.023 joltshadow - docs §70.1: slipdense (player) f=1292 w=0 grounded=0 kappa=0.000 fnGround=0 omega=41.03 | ftGround=0N target=77.6 limit=56Nm motorNm=56 tyreNm=0 inertia=1.78 limRot=0/-167/0 omegaPre=40.66 posN=-1/-9/0 susp=0.0013 springN=3
INFO 2026-07-27 15:26:48.023 joltshadow - docs §70.1: slipdense (player) f=1292 w=1 grounded=0 kappa=0.000 fnGround=0 omega=39.52 | ftGround=0N target=77.6 limit=56Nm motorNm=56 tyreNm=0 inertia=1.78 limRot=0/-458/0 omegaPre=39.16 posN=-1/-1/0 susp=-0.0015 springN=-5
INFO 2026-07-27 15:26:48.023 joltshadow - docs §70.1: slipdense (player) f=1292 w=2 grounded=0 kappa=0.000 fnGround=0 omega=38.57 | ftGround=0N target=77.6 limit=56Nm motorNm=56 tyreNm=0 inertia=1.82 limRot=0/1/-1 omegaPre=38.21 posN=15/-8/0 susp=0.0026 springN=18
INFO 2026-07-27 15:26:48.023 joltshadow - docs §70.1: slipdense (player) f=1292 w=3 grounded=0 kappa=0.000 fnGround=0 omega=38.65 | ftGround=0N target=77.6 limit=56Nm motorNm=56 tyreNm=0 inertia=1.82 limRot=0/1/-1 omegaPre=38.28 posN=14/0/0 susp=-0.0005 springN=11
INFO 2026-07-27 15:26:48.023 joltshadow - docs §78: attdense (player) f=1292 joltTilt=9.09 odeTilt=7.27 upDelta=2.80 wBody=(-0.15,0.00,0.06) |w|=0.16 grounded=0
INFO 2026-07-27 15:26:48.066 joltshadow - docs §70.1: slipdense (player) f=1296 w=0 grounded=0 kappa=0.000 fnGround=0 omega=42.38 | ftGround=0N target=77.6 limit=56Nm motorNm=56 tyreNm=0 inertia=1.78 limRot=0/36/0 omegaPre=42.07 posN=12/2/0 susp=-0.0006 springN=8
INFO 2026-07-27 15:26:48.066 joltshadow - docs §70.1: slipdense (player) f=1296 w=1 grounded=0 kappa=0.000 fnGround=0 omega=40.74 | ftGround=0N target=77.6 limit=56Nm motorNm=56 tyreNm=0 inertia=1.78 limRot=0/-465/0 omegaPre=40.43 posN=12/-12/0 susp=0.0024 springN=-23
INFO 2026-07-27 15:26:48.066 joltshadow - docs §70.1: slipdense (player) f=1296 w=2 grounded=0 kappa=0.000 fnGround=0 omega=39.90 | ftGround=0N target=77.6 limit=56Nm motorNm=56 tyreNm=0 inertia=1.82 limRot=0/-1/-5 omegaPre=39.59 posN=-15/4/0 susp=-0.0015 springN=23
INFO 2026-07-27 15:26:48.066 joltshadow - docs §70.1: slipdense (player) f=1296 w=3 grounded=0 kappa=0.000 fnGround=0 omega=39.97 | ftGround=0N target=77.6 limit=56Nm motorNm=56 tyreNm=0 inertia=1.82 limRot=0/-1/-5 omegaPre=39.66 posN=-15/-12/0 susp=0.0011 springN=-8
INFO 2026-07-27 15:26:48.066 joltshadow - docs §78: attdense (player) f=1296 joltTilt=9.52 odeTilt=7.30 upDelta=3.18 wBody=(-0.15,0.01,0.10) |w|=0.18 grounded=0
INFO 2026-07-27 15:26:48.100 joltshadow - docs §70.1: slipdense (player) f=1300 w=0 grounded=0 kappa=0.000 fnGround=0 omega=43.48 | ftGround=0N target=77.6 limit=56Nm motorNm=56 tyreNm=0 inertia=1.78 limRot=0/-14/0 omegaPre=43.20 posN=-17/-7/0 susp=0.0004 springN=-19
INFO 2026-07-27 15:26:48.101 joltshadow - docs §70.1: slipdense (player) f=1300 w=1 grounded=0 kappa=0.000 fnGround=0 omega=41.65 | ftGround=0N target=77.6 limit=56Nm motorNm=56 tyreNm=0 inertia=1.78 limRot=0/-27/0 omegaPre=41.41 posN=-17/-2/0 susp=0.0027 springN=-1
INFO 2026-07-27 15:26:48.101 joltshadow - docs §70.1: slipdense (player) f=1300 w=2 grounded=0 kappa=0.000 fnGround=0 omega=40.98 | ftGround=0N target=77.6 limit=56Nm motorNm=56 tyreNm=0 inertia=1.82 limRot=0/-2/-2 omegaPre=40.70 posN=-6/-6/0 susp=-0.0017 springN=-3
INFO 2026-07-27 15:26:48.101 joltshadow - docs §70.1: slipdense (player) f=1300 w=3 grounded=0 kappa=0.000 fnGround=0 omega=41.05 | ftGround=0N target=77.6 limit=56Nm motorNm=56 tyreNm=0 inertia=1.82 limRot=0/-2/-2 omegaPre=40.77 posN=-6/-1/0 susp=0.0011 springN=15
INFO 2026-07-27 15:26:48.101 joltshadow - docs §78: attdense (player) f=1300 joltTilt=9.84 odeTilt=7.51 upDelta=3.35 wBody=(-0.16,0.01,0.04) |w|=0.17 grounded=0
INFO 2026-07-27 15:26:48.144 joltshadow - docs §70.1: slipdense (player) f=1304 w=0 grounded=0 kappa=0.000 fnGround=0 omega=43.32 | ftGround=0N target=-77.6 limit=56Nm motorNm=-56 tyreNm=0 inertia=1.78 limRot=0/3/0 omegaPre=43.70 posN=-3/-5/0 susp=0.0016 springN=-14
INFO 2026-07-27 15:26:48.144 joltshadow - docs §70.1: slipdense (player) f=1304 w=1 grounded=0 kappa=0.000 fnGround=0 omega=41.33 | ftGround=0N target=-77.6 limit=56Nm motorNm=-56 tyreNm=0 inertia=1.78 limRot=0/228/0 omegaPre=41.79 posN=-3/-17/0 susp=0.0028 springN=13
INFO 2026-07-27 15:26:48.144 joltshadow - docs §70.1: slipdense (player) f=1304 w=2 grounded=0 kappa=0.000 fnGround=0 omega=40.82 | ftGround=0N target=-77.6 limit=56Nm motorNm=-56 tyreNm=0 inertia=1.82 limRot=0/-3/-2 omegaPre=41.19 posN=-25/-3/0 susp=-0.0007 springN=-17
INFO 2026-07-27 15:26:48.144 joltshadow - docs §70.1: slipdense (player) f=1304 w=3 grounded=0 kappa=0.000 fnGround=0 omega=40.89 | ftGround=0N target=-77.6 limit=56Nm motorNm=-56 tyreNm=0 inertia=1.82 limRot=0/-3/-2 omegaPre=41.26 posN=-25/-16/0 susp=0.0013 springN=11
INFO 2026-07-27 15:26:48.144 joltshadow - docs §78: attdense (player) f=1304 joltTilt=10.20 odeTilt=7.83 upDelta=3.75 wBody=(-0.16,0.02,-0.01) |w|=0.16 grounded=0
INFO 2026-07-27 15:26:48.179 joltshadow - docs §70.1: slipdense (player) f=1308 w=0 grounded=0 kappa=0.000 fnGround=0 omega=42.19 | ftGround=0N target=-77.6 limit=56Nm motorNm=-56 tyreNm=0 inertia=1.78 limRot=0/704/0 omegaPre=42.44 posN=1/-10/0 susp=0.0018 springN=-5
INFO 2026-07-27 15:26:48.179 joltshadow - docs §70.1: slipdense (player) f=1308 w=1 grounded=0 kappa=0.000 fnGround=0 omega=39.84 | ftGround=0N target=-77.6 limit=56Nm motorNm=-56 tyreNm=0 inertia=1.78 limRot=0/673/-425 omegaPre=40.09 posN=1/-7/0 susp=0.0005 springN=22
INFO 2026-07-27 15:26:48.179 joltshadow - docs §70.1: slipdense (player) f=1308 w=2 grounded=0 kappa=0.000 fnGround=0 omega=39.71 | ftGround=0N target=-77.6 limit=56Nm motorNm=-56 tyreNm=0 inertia=1.82 limRot=0/-0/1 omegaPre=39.96 posN=5/-9/0 susp=0.0013 springN=-23
INFO 2026-07-27 15:26:48.179 joltshadow - docs §70.1: slipdense (player) f=1308 w=3 grounded=0 kappa=0.000 fnGround=0 omega=39.78 | ftGround=0N target=-77.6 limit=56Nm motorNm=-56 tyreNm=0 inertia=1.82 limRot=0/-0/1 omegaPre=40.03 posN=5/-6/0 susp=0.0002 springN=9
INFO 2026-07-27 15:26:48.180 joltshadow - docs §78: attdense (player) f=1308 joltTilt=10.36 odeTilt=8.05 upDelta=4.19 wBody=(-0.15,0.01,-0.05) |w|=0.16 grounded=0
INFO 2026-07-27 15:26:48.180 joltshadow - docs §82: resync (player) #30 dt=0.50s upMax=4.193 deg posMax=1.285 m odeTiltPath=1.163 deg gain=3.6058
INFO 2026-07-27 15:26:48.180 joltshadow - docs §87: resync landing (player) w=0 pre=0.7702 post=0.0050 m R=0.629 dY=-1.2059 dRotDeg=4.21 |corr|=1.2848 m
INFO 2026-07-27 15:26:48.180 joltshadow - docs §87: resync landing (player) w=1 pre=0.7635 post=0.0158 m R=0.629 dY=-1.2059 dRotDeg=4.21 |corr|=1.2848 m
INFO 2026-07-27 15:26:48.180 joltshadow - docs §87: resync landing (player) w=2 pre=0.3761 post=0.0042 m R=0.635 dY=-1.2059 dRotDeg=4.21 |corr|=1.2848 m
INFO 2026-07-27 15:26:48.180 joltshadow - docs §87: resync landing (player) w=3 pre=0.4151 post=0.0028 m R=0.635 dY=-1.2059 dRotDeg=4.21 |corr|=1.2848 m
INFO 2026-07-27 15:26:48.180 joltshadow - docs §82: resync RESIDUAL (player) #30 pos=0.0000 m up=0.0198 deg
INFO 2026-07-27 15:26:48.216 joltshadow - docs §70.1: slipdense (player) f=1312 w=0 grounded=1 kappa=-0.003 fnGround=1193 omega=28.59 | ftGround=-80N target=-46.5 limit=93Nm motorNm=-93 tyreNm=109 inertia=1.78 limRot=0/-522/0 omegaPre=28.70 posN=-797/123/0 susp=-0.4257 springN=1137
INFO 2026-07-27 15:26:48.216 joltshadow - docs §70.1: slipdense (player) f=1312 w=1 grounded=1 kappa=-0.296 fnGround=0 omega=17.73 | ftGround=0N target=-46.5 limit=93Nm motorNm=-93 tyreNm=0 inertia=1.78 limRot=0/1983/0 omegaPre=21.93 posN=101/-2/0 susp=-0.5007 springN=2389
INFO 2026-07-27 15:26:48.216 joltshadow - docs §70.1: slipdense (player) f=1312 w=2 grounded=1 kappa=0.004 fnGround=1193 omega=29.39 | ftGround=91N target=-46.5 limit=93Nm motorNm=-93 tyreNm=8 inertia=1.82 limRot=0/291/25 omegaPre=29.98 posN=471/-90/0 susp=-0.5223 springN=2407
INFO 2026-07-27 15:26:48.216 joltshadow - docs §70.1: slipdense (player) f=1312 w=3 grounded=1 kappa=0.006 fnGround=1196 omega=30.05 | ftGround=135N target=-46.5 limit=93Nm motorNm=-93 tyreNm=-16 inertia=1.82 limRot=0/288/25 omegaPre=30.51 posN=462/-184/0 susp=-0.5138 springN=2228
INFO 2026-07-27 15:26:48.216 joltshadow - docs §78: attdense (player) f=1312 joltTilt=7.92 odeTilt=8.32 upDelta=0.80 wBody=(-0.54,-0.21,0.16) |w|=0.60 grounded=4
INFO 2026-07-27 15:26:48.256 joltshadow - docs §70.1: slipdense (player) f=1316 w=0 grounded=1 kappa=0.026 fnGround=233 omega=28.88 | ftGround=136N target=46.5 limit=93Nm motorNm=93 tyreNm=-71 inertia=1.78 limRot=0/-26/0 omegaPre=28.76 posN=223/-38/0 susp=-0.2268 springN=-73
INFO 2026-07-27 15:26:48.256 joltshadow - docs §70.1: slipdense (player) f=1316 w=1 grounded=1 kappa=0.019 fnGround=1370 omega=28.93 | ftGround=430N target=46.5 limit=93Nm motorNm=93 tyreNm=-189 inertia=1.78 limRot=0/-656/0 omegaPre=28.78 posN=-962/-157/0 susp=-0.3750 springN=1429
INFO 2026-07-27 15:26:48.256 joltshadow - docs §70.1: slipdense (player) f=1316 w=2 grounded=1 kappa=0.010 fnGround=1186 omega=28.86 | ftGround=230N target=46.5 limit=93Nm motorNm=93 tyreNm=-71 inertia=1.82 limRot=0/195/15 omegaPre=28.63 posN=351/-190/0 susp=-0.4148 springN=1432
INFO 2026-07-27 15:26:48.256 joltshadow - docs §70.1: slipdense (player) f=1316 w=3 grounded=1 kappa=0.022 fnGround=246 omega=29.15 | ftGround=123N target=46.5 limit=93Nm motorNm=93 tyreNm=-80 inertia=1.82 limRot=0/14/-11 omegaPre=29.12 posN=260/-174/0 susp=-0.3911 springN=1285
INFO 2026-07-27 15:26:48.257 joltshadow - docs §78: attdense (player) f=1316 joltTilt=8.83 odeTilt=8.85 upDelta=1.49 wBody=(-0.51,-0.07,0.34) |w|=0.62 grounded=4
INFO 2026-07-27 15:26:48.298 joltshadow - docs §70.1: slipdense (player) f=1320 w=0 grounded=0 kappa=0.000 fnGround=0 omega=30.51 | ftGround=0N target=46.5 limit=93Nm motorNm=93 tyreNm=0 inertia=1.78 limRot=0/-6/0 omegaPre=30.04 posN=-4/-7/0 susp=-0.0575 springN=-540
INFO 2026-07-27 15:26:48.298 joltshadow - docs §70.1: slipdense (player) f=1320 w=1 grounded=0 kappa=0.000 fnGround=0 omega=30.36 | ftGround=0N target=46.5 limit=93Nm motorNm=93 tyreNm=0 inertia=1.78 limRot=0/-36/0 omegaPre=29.89 posN=3/-1/0 susp=-0.1956 springN=-164
INFO 2026-07-27 15:26:48.298 joltshadow - docs §70.1: slipdense (player) f=1320 w=2 grounded=1 kappa=0.028 fnGround=221 omega=28.42 | ftGround=140N target=46.5 limit=93Nm motorNm=93 tyreNm=-81 inertia=1.82 limRot=0/8/-2 omegaPre=28.24 posN=-7/-149/0 susp=-0.2819 springN=624
INFO 2026-07-27 15:26:48.298 joltshadow - docs §70.1: slipdense (player) f=1320 w=3 grounded=1 kappa=0.020 fnGround=216 omega=28.40 | ftGround=95N target=46.5 limit=93Nm motorNm=93 tyreNm=-54 inertia=1.82 limRot=0/50/-6 omegaPre=28.23 posN=94/-113/0 susp=-0.2234 springN=180
INFO 2026-07-27 15:26:48.298 joltshadow - docs §78: attdense (player) f=1320 joltTilt=10.07 odeTilt=9.92 upDelta=1.95 wBody=(-0.37,-0.03,0.27) |w|=0.46 grounded=2
INFO 2026-07-27 15:26:48.298 joltshadow - Shadow divergence (player): pos=1.721m vel=5.383m/s angle=2.1deg (jolt com=[4657.1 261.6 1201.0] ode com=[4656.8 259.9 1200.9])
INFO 2026-07-27 15:26:48.299 joltshadow - docs §23.6: driver input (player) realThrottle=10.00 brake=0.01 handBrake=0 steerRad=0.000
INFO 2026-07-27 15:26:48.299 joltshadow - docs §32: Jolt SHADOW chassis pitch (player) forward=(-0.205, 0.093, -0.974)
INFO 2026-07-27 15:26:48.299 joltshadow - docs §69: tilt (player) jolt=10.1 deg ode=9.9 deg delta=+0.2 deg upDelta=1.95 deg
INFO 2026-07-27 15:26:48.299 joltshadow - docs §32.4: Jolt SHADOW chassis lowest corner (player) = (4658.95,259.79,1203.74) clearanceToGround=0.156
INFO 2026-07-27 15:26:48.299 joltshadow - docs §23.5: wheel state (player) wheel=0 contact=0 suspLen=1.050 (range 0.050-1.050, 0% compressed) angVel=0.00
INFO 2026-07-27 15:26:48.299 joltshadow - docs §38.11: wheel=0 NO contact, worldAxle=(0.965,-0.148,-0.218)
INFO 2026-07-27 15:26:48.299 joltshadow - docs §32: no-contact raycast (player) wheel=0 bodyPos=(4656.88,260.91,1200.62) localMPos=(-1.155,0.060,2.270) origin=(4657.54,261.01,1198.16) dir=(-0.164,-0.985,-0.060) normalRayLen=1.679 groundFoundAt=0.000 shortfallBeyondTravel=-1.679 hitBody=8475716 hitLayer=4 hitMotion=2 hitIsSelfChassis=0
INFO 2026-07-27 15:26:48.299 joltshadow - docs §23.5: wheel state (player) wheel=1 contact=0 suspLen=1.050 (range 0.050-1.050, 0% compressed) angVel=0.00
INFO 2026-07-27 15:26:48.299 joltshadow - docs §38.11: wheel=1 NO contact, worldAxle=(0.965,-0.148,-0.218)
INFO 2026-07-27 15:26:48.299 joltshadow - docs §32: no-contact raycast (player) wheel=1 bodyPos=(4656.88,260.91,1200.62) localMPos=(1.155,0.059,2.270) origin=(4655.31,261.35,1198.67) dir=(-0.164,-0.985,-0.060) normalRayLen=1.679 groundFoundAt=0.000 shortfallBeyondTravel=-1.679 hitBody=8475717 hitLayer=4 hitMotion=2 hitIsSelfChassis=0
INFO 2026-07-27 15:26:48.299 joltshadow - docs §23.5: wheel state (player) wheel=2 contact=0 suspLen=1.050 (range 0.050-1.050, 0% compressed) angVel=0.00
INFO 2026-07-27 15:26:48.299 joltshadow - docs §38.11: wheel=2 NO contact, worldAxle=(0.965,-0.148,-0.218)
INFO 2026-07-27 15:26:48.299 joltshadow - docs §32: no-contact raycast (player) wheel=2 bodyPos=(4656.88,260.91,1200.62) localMPos=(-1.253,0.145,-2.062) origin=(4658.53,260.68,1202.37) dir=(-0.164,-0.985,-0.060) normalRayLen=1.685 groundFoundAt=0.000 shortfallBeyondTravel=-1.685 hitBody=8475718 hitLayer=4 hitMotion=2 hitIsSelfChassis=0
INFO 2026-07-27 15:26:48.299 joltshadow - docs §23.5: wheel state (player) wheel=3 contact=0 suspLen=1.050 (range 0.050-1.050, 0% compressed) angVel=0.00
INFO 2026-07-27 15:26:48.299 joltshadow - docs §38.11: wheel=3 NO contact, worldAxle=(0.965,-0.148,-0.218)
INFO 2026-07-27 15:26:48.299 joltshadow - docs §32: no-contact raycast (player) wheel=3 bodyPos=(4656.88,260.91,1200.62) localMPos=(1.253,0.146,-2.062) origin=(4656.12,261.05,1202.91) dir=(-0.164,-0.985,-0.060) normalRayLen=1.685 groundFoundAt=0.000 shortfallBeyondTravel=-1.685 hitBody=8475719 hitLayer=4 hitMotion=2 hitIsSelfChassis=0
INFO 2026-07-27 15:26:48.299 joltshadow - docs §59/63: harvest (player) wheelsWithContact=2 contactPoints=8 overflow=0 (of 4) | maxNormalF=221N bound(k_t*tau)=1200N ratio=0.18
INFO 2026-07-27 15:26:48.299 joltshadow - docs §58: wheel body (player) w=0 springF=-540N stopF=0N travel=-0.0575 (limits -0.5000..0.5000 rel spawn) kSusp=6000 sagPredicted=-0.0901 | frameTrav=-0.0758..-0.0575 frameStopN=0
INFO 2026-07-27 15:26:48.299 joltshadow - docs §66: tyre band (player) w=0 fnGround=0N fnTotal=0N pen=0.00000 penRaw=0.00000 tau=0.01000 pen/tau=0.00 | recs tyre=0 rim=0 survived=0 stale=0 distMax=0.00R
INFO 2026-07-27 15:26:48.300 joltshadow - docs §68: steer (player) w=0 steerable=1 commanded=0.000 rad measured=-0.007 rad err=-0.38 deg steerSign=-1 steerTq=-18Nm cap=815Nm sat=0.02
INFO 2026-07-27 15:26:48.300 joltshadow - docs §70: slip (player) w=0 grounded=0 kappa=0.000 fnGround=0N omega=30.51
INFO 2026-07-27 15:26:48.300 joltshadow - docs §67: spin (player) w=0 driven=1 omega=30.51 rad/s surfaceSpeed=19.20 m/s spinSign=+1 motorTq=93Nm cmdTq=93Nm
INFO 2026-07-27 15:26:48.300 joltshadow - docs §58: wheel body (player) w=1 springF=-164N stopF=0N travel=-0.1956 (limits -0.5000..0.5000 rel spawn) kSusp=6000 sagPredicted=-0.0273 | frameTrav=-0.2228..-0.1956 frameStopN=0
INFO 2026-07-27 15:26:48.300 joltshadow - docs §66: tyre band (player) w=1 fnGround=0N fnTotal=0N pen=0.00000 penRaw=0.00000 tau=0.01000 pen/tau=0.00 | recs tyre=0 rim=0 survived=0 stale=0 distMax=0.00R
INFO 2026-07-27 15:26:48.300 joltshadow - docs §68: steer (player) w=1 steerable=1 commanded=0.000 rad measured=-0.002 rad err=-0.14 deg steerSign=-1 steerTq=-43Nm cap=815Nm sat=0.05
INFO 2026-07-27 15:26:48.300 joltshadow - docs §70: slip (player) w=1 grounded=0 kappa=0.000 fnGround=0N omega=30.36
INFO 2026-07-27 15:26:48.300 joltshadow - docs §67: spin (player) w=1 driven=1 omega=30.36 rad/s surfaceSpeed=19.10 m/s spinSign=+1 motorTq=93Nm cmdTq=93Nm
INFO 2026-07-27 15:26:48.300 joltshadow - docs §58: wheel body (player) w=2 springF=624N stopF=0N travel=-0.2819 (limits -0.5000..0.5000 rel spawn) kSusp=6000 sagPredicted=0.1040 | frameTrav=-0.3027..-0.2819 frameStopN=0
INFO 2026-07-27 15:26:48.300 joltshadow - docs §66: tyre band (player) w=2 fnGround=221N fnTotal=227N pen=0.00701 penRaw=0.00701 tau=0.01000 pen/tau=0.70 | recs tyre=2 rim=2 survived=2 stale=0 distMax=0.99R
INFO 2026-07-27 15:26:48.300 joltshadow - docs §68: steer (player) w=2 steerable=0 commanded=0.000 rad measured=-0.000 rad err=-0.00 deg steerSign=-1 steerTq=0Nm cap=340282346638528859811704183484516925440Nm sat=0.00
INFO 2026-07-27 15:26:48.300 joltshadow - docs §70: slip (player) w=2 grounded=1 kappa=0.028 fnGround=221N omega=28.42
INFO 2026-07-27 15:26:48.300 joltshadow - docs §67: spin (player) w=2 driven=1 omega=28.42 rad/s surfaceSpeed=18.05 m/s spinSign=+1 motorTq=93Nm cmdTq=93Nm
INFO 2026-07-27 15:26:48.300 joltshadow - docs §58: wheel body (player) w=3 springF=180N stopF=0N travel=-0.2234 (limits -0.5000..0.5000 rel spawn) kSusp=6000 sagPredicted=0.0299 | frameTrav=-0.2468..-0.2234 frameStopN=0
INFO 2026-07-27 15:26:48.300 joltshadow - docs §66: tyre band (player) w=3 fnGround=216N fnTotal=237N pen=0.00510 penRaw=0.00510 tau=0.01000 pen/tau=0.51 | recs tyre=2 rim=2 survived=1 stale=0 distMax=1.01R
INFO 2026-07-27 15:26:48.300 joltshadow - docs §68: steer (player) w=3 steerable=0 commanded=0.000 rad measured=-0.000 rad err=-0.00 deg steerSign=-1 steerTq=0Nm cap=340282346638528859811704183484516925440Nm sat=0.00
INFO 2026-07-27 15:26:48.300 joltshadow - docs §70: slip (player) w=3 grounded=1 kappa=0.020 fnGround=216N omega=28.40
INFO 2026-07-27 15:26:48.300 joltshadow - docs §67: spin (player) w=3 driven=1 omega=28.40 rad/s surfaceSpeed=18.04 m/s spinSign=+1 motorTq=93Nm cmdTq=93Nm
INFO 2026-07-27 15:26:48.301 joltshadow - docs §67: drivetrain (player) gear=1 rpm=2251 driveTorque=375Nm perWheel=94Nm driven=4 throttle=1.00 spin=1 | PRE-STEP brake=0.01 handBrake=0
INFO 2026-07-27 15:26:48.301 joltshadow - docs §66: tyre band SUM (player) fnGroundSum=437N fnTotalSum=464N weight=1295N carried=0.36 | penSum=0.01210 recs tyre=4 rim=4 stale=0
INFO 2026-07-27 15:26:48.301 joltshadow - docs §30: REAL ODE chassis COM (player) body=54AA14C8 = (4656.762, 259.936, 1200.866) forward=(-0.223, 0.065, -0.973)
INFO 2026-07-27 15:26:48.301 joltshadow - docs §33: real ODE chassis geom (player) #1 = class 0 (not a transform) pos=(4656.762,259.936,1200.866) radius=4.500
INFO 2026-07-27 15:26:48.301 joltshadow - docs §33: real ODE chassis geom (player) #2 = transform, inner class=1 pos=(0.000,1.095,-0.495)
INFO 2026-07-27 15:26:48.301 joltshadow - docs §33: real ODE chassis geom (player) #3 = transform, inner class=1 pos=(0.353,3.466,0.718)
INFO 2026-07-27 15:26:48.301 joltshadow - docs §33: real ODE chassis geom (player) #4 = transform, inner class=1 pos=(0.000,1.818,1.842)
INFO 2026-07-27 15:26:48.301 joltshadow - docs §33: real ODE chassis geom (player) #5 = transform, inner class=1 pos=(0.006,1.981,-2.113)
INFO 2026-07-27 15:26:48.301 joltshadow - docs §33: real ODE chassis geom (player) #6 = class 0 (not a transform) pos=(4656.762,259.936,1200.866) radius=30.000
INFO 2026-07-27 15:26:48.301 joltshadow - docs §33: real ODE chassis geom (player) #7 = class 0 (not a transform) pos=(4656.762,259.936,1200.866) radius=6.436
INFO 2026-07-27 15:26:48.301 joltshadow - docs §33: real ODE chassis geom (player) #8 = class 0 (not a transform) pos=(4656.762,259.936,1200.866) radius=200.000
INFO 2026-07-27 15:26:48.301 joltshadow - docs §33: real ODE chassis (player) has 8 total geom(s) directly attached (4 transform(s)) - compare against BuildChassisCompoundShape's own part/geom count in the build log
INFO 2026-07-27 15:26:48.301 joltshadow - docs §28: REAL ODE wheel state (player) wheel=0 displacement=0.0026 range=1.000 (0% compressed, signed) foreAft=2.270 localZ=2.270 cfm=0.002500 erp=0.2500
INFO 2026-07-27 15:26:48.301 joltshadow - docs §28: REAL ODE wheel state (player) wheel=1 displacement=0.1292 range=1.000 (13% compressed, signed) foreAft=2.270 localZ=2.270 cfm=0.002500 erp=0.2500
INFO 2026-07-27 15:26:48.301 joltshadow - docs §28: REAL ODE wheel state (player) wheel=2 displacement=0.0822 range=1.000 (8% compressed, signed) foreAft=-2.062 localZ=-2.062 cfm=0.002500 erp=0.2500
INFO 2026-07-27 15:26:48.301 joltshadow - docs §28: REAL ODE wheel state (player) wheel=3 displacement=-0.0115 range=1.000 (-1% compressed, signed) foreAft=-2.062 localZ=-2.062 cfm=0.002500 erp=0.2500
INFO 2026-07-27 15:26:48.332 joltshadow - docs §70.1: slipdense (player) f=1324 w=0 grounded=0 kappa=0.000 fnGround=0 omega=31.92 | ftGround=0N target=46.5 limit=93Nm motorNm=93 tyreNm=0 inertia=1.78 limRot=0/56/0 omegaPre=31.55 posN=-14/-11/0 susp=0.0051 springN=-315
INFO 2026-07-27 15:26:48.332 joltshadow - docs §70.1: slipdense (player) f=1324 w=1 grounded=0 kappa=0.000 fnGround=0 omega=31.77 | ftGround=0N target=46.5 limit=93Nm motorNm=93 tyreNm=0 inertia=1.78 limRot=0/-10/0 omegaPre=31.41 posN=-7/-7/0 susp=-0.0713 springN=-376
INFO 2026-07-27 15:26:48.332 joltshadow - docs §70.1: slipdense (player) f=1324 w=2 grounded=1 kappa=0.040 fnGround=0 omega=28.59 | ftGround=0N target=46.5 limit=93Nm motorNm=93 tyreNm=0 inertia=1.82 limRot=0/-1/-5 omegaPre=28.26 posN=-8/7/0 susp=-0.1524 springN=-138
INFO 2026-07-27 15:26:48.332 joltshadow - docs §70.1: slipdense (player) f=1324 w=3 grounded=0 kappa=0.000 fnGround=0 omega=29.69 | ftGround=0N target=46.5 limit=93Nm motorNm=93 tyreNm=0 inertia=1.82 limRot=0/-1/-6 omegaPre=29.33 posN=-11/-2/0 susp=-0.0970 springN=-327
INFO 2026-07-27 15:26:48.332 joltshadow - docs §78: attdense (player) f=1324 joltTilt=10.82 odeTilt=10.78 upDelta=2.17 wBody=(-0.29,-0.02,0.19) |w|=0.35 grounded=1
INFO 2026-07-27 15:26:48.358 joltshadow - docs §70.1: slipdense (player) f=1328 w=0 grounded=0 kappa=0.000 fnGround=0 omega=33.01 | ftGround=0N target=46.5 limit=93Nm motorNm=93 tyreNm=0 inertia=1.78 limRot=0/897/0 omegaPre=32.65 posN=-15/-1/0 susp=0.0168 springN=-145
INFO 2026-07-27 15:26:48.358 joltshadow - docs §70.1: slipdense (player) f=1328 w=1 grounded=0 kappa=0.000 fnGround=0 omega=32.88 | ftGround=0N target=46.5 limit=93Nm motorNm=93 tyreNm=0 inertia=1.78 limRot=0/90/0 omegaPre=32.51 posN=-11/-3/0 susp=-0.0211 springN=-292
INFO 2026-07-27 15:26:48.358 joltshadow - docs §70.1: slipdense (player) f=1328 w=2 grounded=0 kappa=0.000 fnGround=0 omega=29.68 | ftGround=0N target=46.5 limit=93Nm motorNm=93 tyreNm=0 inertia=1.82 limRot=0/-2/-4 omegaPre=29.32 posN=-20/15/0 susp=-0.0733 springN=-333
INFO 2026-07-27 15:26:48.358 joltshadow - docs §70.1: slipdense (player) f=1328 w=3 grounded=0 kappa=0.000 fnGround=0 omega=30.78 | ftGround=0N target=46.5 limit=93Nm motorNm=93 tyreNm=0 inertia=1.82 limRot=0/-2/-4 omegaPre=30.42 posN=-23/2/0 susp=-0.0361 springN=-314
INFO 2026-07-27 15:26:48.358 joltshadow - docs §78: attdense (player) f=1328 joltTilt=11.27 odeTilt=11.25 upDelta=2.37 wBody=(-0.29,-0.01,0.14) |w|=0.32 grounded=0
INFO 2026-07-27 15:26:48.396 joltshadow - docs §70.1: slipdense (player) f=1332 w=0 grounded=0 kappa=0.000 fnGround=0 omega=34.44 | ftGround=0N target=46.5 limit=93Nm motorNm=93 tyreNm=0 inertia=1.78 limRot=0/815/0 omegaPre=33.94 posN=-31/-6/0 susp=0.0144 springN=-26
INFO 2026-07-27 15:26:48.396 joltshadow - docs §70.1: slipdense (player) f=1332 w=1 grounded=0 kappa=0.000 fnGround=0 omega=34.33 | ftGround=0N target=46.5 limit=93Nm motorNm=93 tyreNm=0 inertia=1.78 limRot=0/1197/0 omegaPre=33.89 posN=-30/1/0 susp=0.0054 springN=-120
INFO 2026-07-27 15:26:48.396 joltshadow - docs §70.1: slipdense (player) f=1332 w=2 grounded=0 kappa=0.000 fnGround=0 omega=31.23 | ftGround=0N target=46.5 limit=93Nm motorNm=93 tyreNm=0 inertia=1.82 limRot=0/-3/-1 omegaPre=30.72 posN=-20/5/0 susp=-0.0084 springN=-284
INFO 2026-07-27 15:26:48.396 joltshadow - docs §70.1: slipdense (player) f=1332 w=3 grounded=0 kappa=0.000 fnGround=0 omega=32.33 | ftGround=0N target=46.5 limit=93Nm motorNm=93 tyreNm=0 inertia=1.82 limRot=0/-3/-1 omegaPre=31.82 posN=-21/6/0 susp=-0.0003 springN=-139
INFO 2026-07-27 15:26:48.396 joltshadow - docs §78: attdense (player) f=1332 joltTilt=11.77 odeTilt=11.61 upDelta=2.75 wBody=(-0.31,-0.00,0.04) |w|=0.31 grounded=0
INFO 2026-07-27 15:26:48.416 joltshadow - [jolt_profile] ode_step_avg_ms=0.16 jolt_total_avg_ms=0.89 | physics_update_avg_ms=0.63 wheelmodel_avg_ms=0.01 mirror_avg_ms=0.06 applyvehicle_avg_ms=0.00 applyvehicle_calls_per_frame=0.00 | contact_pairs_per_frame=9.3 contact_points_per_frame=9.3 active_bodies_per_frame=23.6 substeps_per_frame=3.54 | frames=481
INFO 2026-07-27 15:26:48.417 testharness - perf: fps=96.2 avg_frame_ms=10.400 min_ms=5.504 max_ms=16.579 frames=481 window=5.0s
INFO 2026-07-27 15:26:48.433 joltshadow - docs §70.1: slipdense (player) f=1336 w=0 grounded=0 kappa=0.000 fnGround=0 omega=35.80 | ftGround=0N target=46.5 limit=93Nm motorNm=93 tyreNm=0 inertia=1.78 limRot=0/-207/0 omegaPre=35.42 posN=18/-4/0 susp=0.0063 springN=28
INFO 2026-07-27 15:26:48.433 joltshadow - docs §70.1: slipdense (player) f=1336 w=1 grounded=0 kappa=0.000 fnGround=0 omega=35.70 | ftGround=0N target=46.5 limit=93Nm motorNm=93 tyreNm=0 inertia=1.78 limRot=0/127/0 omegaPre=35.25 posN=18/5/0 susp=0.0082 springN=-52
INFO 2026-07-27 15:26:48.434 joltshadow - docs §70.1: slipdense (player) f=1336 w=2 grounded=0 kappa=0.000 fnGround=0 omega=32.77 | ftGround=0N target=46.5 limit=93Nm motorNm=93 tyreNm=0 inertia=1.82 limRot=0/4/-1 omegaPre=32.31 posN=34/2/0 susp=0.0118 springN=-106
INFO 2026-07-27 15:26:48.434 joltshadow - docs §70.1: slipdense (player) f=1336 w=3 grounded=0 kappa=0.000 fnGround=0 omega=33.87 | ftGround=0N target=46.5 limit=93Nm motorNm=93 tyreNm=0 inertia=1.82 limRot=0/4/-1 omegaPre=33.41 posN=34/10/0 susp=0.0056 springN=-45
INFO 2026-07-27 15:26:48.434 joltshadow - docs §78: attdense (player) f=1336 joltTilt=12.23 odeTilt=11.75 upDelta=3.26 wBody=(-0.34,-0.04,0.06) |w|=0.34 grounded=0
INFO 2026-07-27 15:26:48.463 joltshadow - docs §70.1: slipdense (player) f=1340 w=0 grounded=0 kappa=0.000 fnGround=0 omega=36.98 | ftGround=0N target=46.5 limit=93Nm motorNm=93 tyreNm=0 inertia=1.78 limRot=0/572/0 omegaPre=36.52 posN=23/1/0 susp=0.0012 springN=38
INFO 2026-07-27 15:26:48.464 joltshadow - docs §70.1: slipdense (player) f=1340 w=1 grounded=0 kappa=0.000 fnGround=0 omega=36.68 | ftGround=0N target=46.5 limit=93Nm motorNm=93 tyreNm=0 inertia=1.78 limRot=0/-53/0 omegaPre=36.27 posN=23/-8/0 susp=0.0086 springN=-47
INFO 2026-07-27 15:26:48.464 joltshadow - docs §70.1: slipdense (player) f=1340 w=2 grounded=0 kappa=0.000 fnGround=0 omega=34.02 | ftGround=0N target=46.5 limit=93Nm motorNm=93 tyreNm=0 inertia=1.82 limRot=0/3/-5 omegaPre=33.56 posN=8/6/0 susp=0.0089 springN=-0
INFO 2026-07-27 15:26:48.464 joltshadow - docs §70.1: slipdense (player) f=1340 w=3 grounded=0 kappa=0.000 fnGround=0 omega=35.12 | ftGround=0N target=46.5 limit=93Nm motorNm=93 tyreNm=0 inertia=1.82 limRot=0/3/-5 omegaPre=34.66 posN=8/-4/0 susp=0.0056 springN=-25
INFO 2026-07-27 15:26:48.464 joltshadow - docs §78: attdense (player) f=1340 joltTilt=12.77 odeTilt=11.78 upDelta=3.69 wBody=(-0.36,-0.04,0.14) |w|=0.39 grounded=0
INFO 2026-07-27 15:26:48.501 joltshadow - docs §70.1: slipdense (player) f=1344 w=0 grounded=0 kappa=0.000 fnGround=0 omega=38.26 | ftGround=0N target=46.5 limit=93Nm motorNm=93 tyreNm=0 inertia=1.78 limRot=0/-457/0 omegaPre=37.89 posN=-1/-20/0 susp=-0.0019 springN=30
INFO 2026-07-27 15:26:48.501 joltshadow - docs §70.1: slipdense (player) f=1344 w=1 grounded=0 kappa=0.000 fnGround=0 omega=38.15 | ftGround=0N target=46.5 limit=93Nm motorNm=93 tyreNm=0 inertia=1.78 limRot=0/391/0 omegaPre=37.63 posN=-2/4/0 susp=0.0067 springN=-28
INFO 2026-07-27 15:26:48.501 joltshadow - docs §70.1: slipdense (player) f=1344 w=2 grounded=0 kappa=0.000 fnGround=0 omega=35.51 | ftGround=0N target=46.5 limit=93Nm motorNm=93 tyreNm=0 inertia=1.82 limRot=0/4/-5 omegaPre=35.00 posN=49/-17/0 susp=0.0017 springN=41
INFO 2026-07-27 15:26:48.501 joltshadow - docs §70.1: slipdense (player) f=1344 w=3 grounded=0 kappa=0.000 fnGround=0 omega=36.61 | ftGround=0N target=46.5 limit=93Nm motorNm=93 tyreNm=0 inertia=1.82 limRot=0/4/-5 omegaPre=36.10 posN=49/10/0 susp=0.0041 springN=-17
INFO 2026-07-27 15:26:48.501 joltshadow - docs §78: attdense (player) f=1344 joltTilt=13.58 odeTilt=11.83 upDelta=4.28 wBody=(-0.37,-0.05,0.21) |w|=0.43 grounded=0
INFO 2026-07-27 15:26:48.536 joltshadow - docs §70.1: slipdense (player) f=1348 w=0 grounded=0 kappa=0.000 fnGround=0 omega=39.59 | ftGround=0N target=46.5 limit=93Nm motorNm=93 tyreNm=0 inertia=1.78 limRot=0/-769/-259 omegaPre=39.12 posN=7/-15/0 susp=-0.0025 springN=23
INFO 2026-07-27 15:26:48.536 joltshadow - docs §70.1: slipdense (player) f=1348 w=1 grounded=0 kappa=0.000 fnGround=0 omega=39.35 | ftGround=0N target=46.5 limit=93Nm motorNm=93 tyreNm=0 inertia=1.78 limRot=0/-793/0 omegaPre=39.04 posN=5/-2/0 susp=0.0042 springN=-22
INFO 2026-07-27 15:26:48.536 joltshadow - docs §70.1: slipdense (player) f=1348 w=2 grounded=0 kappa=0.000 fnGround=0 omega=36.99 | ftGround=0N target=46.5 limit=93Nm motorNm=93 tyreNm=0 inertia=1.82 limRot=0/4/-9 omegaPre=36.52 posN=40/-11/0 susp=-0.0021 springN=41
INFO 2026-07-27 15:26:48.536 joltshadow - docs §70.1: slipdense (player) f=1348 w=3 grounded=0 kappa=0.000 fnGround=0 omega=38.09 | ftGround=0N target=46.5 limit=93Nm motorNm=93 tyreNm=0 inertia=1.82 limRot=0/4/-9 omegaPre=37.62 posN=39/5/0 susp=0.0026 springN=-21
INFO 2026-07-27 15:26:48.536 joltshadow - docs §78: attdense (player) f=1348 joltTilt=14.47 odeTilt=11.98 upDelta=4.89 wBody=(-0.37,-0.05,0.30) |w|=0.48 grounded=0
INFO 2026-07-27 15:26:48.566 joltshadow - docs §70.1: slipdense (player) f=1352 w=0 grounded=0 kappa=0.000 fnGround=0 omega=40.61 | ftGround=0N target=77.6 limit=56Nm motorNm=56 tyreNm=0 inertia=1.78 limRot=0/-288/0 omegaPre=40.34 posN=5/3/0 susp=-0.0024 springN=1
INFO 2026-07-27 15:26:48.566 joltshadow - docs §70.1: slipdense (player) f=1352 w=1 grounded=0 kappa=0.000 fnGround=0 omega=40.27 | ftGround=0N target=77.6 limit=56Nm motorNm=56 tyreNm=0 inertia=1.78 limRot=0/-800/-138 omegaPre=39.99 posN=3/-14/0 susp=0.0027 springN=-8
INFO 2026-07-27 15:26:48.566 joltshadow - docs §70.1: slipdense (player) f=1352 w=2 grounded=0 kappa=0.000 fnGround=0 omega=38.00 | ftGround=0N target=77.6 limit=56Nm motorNm=56 tyreNm=0 inertia=1.82 limRot=0/0/-11 omegaPre=37.72 posN=-18/10/0 susp=-0.0026 springN=17
INFO 2026-07-27 15:26:48.566 joltshadow - docs §70.1: slipdense (player) f=1352 w=3 grounded=0 kappa=0.000 fnGround=0 omega=39.10 | ftGround=0N target=77.6 limit=56Nm motorNm=56 tyreNm=0 inertia=1.82 limRot=0/0/-11 omegaPre=38.82 posN=-20/-9/0 susp=0.0019 springN=-4
INFO 2026-07-27 15:26:48.566 joltshadow - docs §78: attdense (player) f=1352 joltTilt=15.27 odeTilt=12.16 upDelta=5.41 wBody=(-0.38,-0.02,0.30) |w|=0.49 grounded=0
INFO 2026-07-27 15:26:48.606 joltshadow - docs §70.1: slipdense (player) f=1356 w=0 grounded=0 kappa=0.000 fnGround=0 omega=41.44 | ftGround=0N target=77.6 limit=56Nm motorNm=56 tyreNm=0 inertia=1.78 limRot=0/-107/0 omegaPre=41.15 posN=-38/-5/0 susp=0.0017 springN=-48
INFO 2026-07-27 15:26:48.606 joltshadow - docs §70.1: slipdense (player) f=1356 w=1 grounded=0 kappa=0.000 fnGround=0 omega=41.33 | ftGround=0N target=77.6 limit=56Nm motorNm=56 tyreNm=0 inertia=1.78 limRot=0/701/0 omegaPre=41.14 posN=-40/-4/0 susp=0.0013 springN=14
INFO 2026-07-27 15:26:48.606 joltshadow - docs §70.1: slipdense (player) f=1356 w=2 grounded=0 kappa=0.000 fnGround=0 omega=39.23 | ftGround=0N target=77.6 limit=56Nm motorNm=56 tyreNm=0 inertia=1.82 limRot=0/-3/-7 omegaPre=38.89 posN=-29/1/0 susp=0.0003 springN=-27
INFO 2026-07-27 15:26:48.606 joltshadow - docs §70.1: slipdense (player) f=1356 w=3 grounded=0 kappa=0.000 fnGround=0 omega=40.33 | ftGround=0N target=77.6 limit=56Nm motorNm=56 tyreNm=0 inertia=1.82 limRot=0/-3/-8 omegaPre=39.99 posN=-30/2/0 susp=-0.0002 springN=36
INFO 2026-07-27 15:26:48.606 joltshadow - docs §78: attdense (player) f=1356 joltTilt=16.31 odeTilt=12.45 upDelta=6.19 wBody=(-0.40,-0.00,0.18) |w|=0.44 grounded=0
INFO 2026-07-27 15:26:48.644 joltshadow - docs §70.1: slipdense (player) f=1360 w=0 grounded=0 kappa=0.000 fnGround=0 omega=41.85 | ftGround=0N target=-77.6 limit=56Nm motorNm=-56 tyreNm=0 inertia=1.78 limRot=0/137/0 omegaPre=42.24 posN=-8/-9/0 susp=0.0046 springN=-38
INFO 2026-07-27 15:26:48.644 joltshadow - docs §70.1: slipdense (player) f=1360 w=1 grounded=0 kappa=0.000 fnGround=0 omega=41.57 | ftGround=0N target=-77.6 limit=56Nm motorNm=-56 tyreNm=0 inertia=1.78 limRot=0/-382/0 omegaPre=41.94 posN=-9/-18/0 susp=-0.0024 springN=30
INFO 2026-07-27 15:26:48.644 joltshadow - docs §70.1: slipdense (player) f=1360 w=2 grounded=0 kappa=0.000 fnGround=0 omega=39.73 | ftGround=0N target=-77.6 limit=56Nm motorNm=-56 tyreNm=0 inertia=1.82 limRot=0/-1/-4 omegaPre=40.06 posN=-22/-1/0 susp=0.0034 springN=-35
INFO 2026-07-27 15:26:48.644 joltshadow - docs §70.1: slipdense (player) f=1360 w=3 grounded=0 kappa=0.000 fnGround=0 omega=40.83 | ftGround=0N target=-77.6 limit=56Nm motorNm=-56 tyreNm=0 inertia=1.82 limRot=0/-1/-4 omegaPre=41.16 posN=-23/-12/0 susp=-0.0048 springN=38
INFO 2026-07-27 15:26:48.644 joltshadow - docs §78: attdense (player) f=1360 joltTilt=17.12 odeTilt=12.83 upDelta=7.02 wBody=(-0.41,-0.01,0.10) |w|=0.42 grounded=0
INFO 2026-07-27 15:26:48.680 joltshadow - docs §70.1: slipdense (player) f=1364 w=0 grounded=0 kappa=0.000 fnGround=0 omega=40.33 | ftGround=0N target=-77.6 limit=56Nm motorNm=-56 tyreNm=0 inertia=1.78 limRot=0/535/-540 omegaPre=40.66 posN=8/-3/0 susp=0.0054 springN=-26
INFO 2026-07-27 15:26:48.680 joltshadow - docs §70.1: slipdense (player) f=1364 w=1 grounded=0 kappa=0.000 fnGround=0 omega=40.21 | ftGround=0N target=-77.6 limit=56Nm motorNm=-56 tyreNm=0 inertia=1.78 limRot=0/444/0 omegaPre=40.66 posN=8/-22/0 susp=-0.0048 springN=42
INFO 2026-07-27 15:26:48.680 joltshadow - docs §70.1: slipdense (player) f=1364 w=2 grounded=0 kappa=0.000 fnGround=0 omega=38.62 | ftGround=0N target=-77.6 limit=56Nm motorNm=-56 tyreNm=0 inertia=1.82 limRot=0/-1/-2 omegaPre=38.92 posN=-26/4/0 susp=0.0058 springN=-46
INFO 2026-07-27 15:26:48.680 joltshadow - docs §70.1: slipdense (player) f=1364 w=3 grounded=0 kappa=0.000 fnGround=0 omega=39.72 | ftGround=0N target=-77.6 limit=56Nm motorNm=-56 tyreNm=0 inertia=1.82 limRot=0/-1/-2 omegaPre=40.02 posN=-26/-16/0 susp=-0.0047 springN=23
INFO 2026-07-27 15:26:48.680 joltshadow - docs §78: attdense (player) f=1364 joltTilt=17.77 odeTilt=13.36 upDelta=7.95 wBody=(-0.39,-0.00,0.01) |w|=0.39 grounded=0
INFO 2026-07-27 15:26:48.680 joltshadow - docs §82: resync (player) #31 dt=0.50s upMax=7.949 deg posMax=3.053 m odeTiltPath=5.246 deg gain=1.5151
INFO 2026-07-27 15:26:48.681 joltshadow - docs §87: resync landing (player) w=0 pre=1.1995 post=0.1412 m R=0.629 dY=-1.3481 dRotDeg=7.99 |corr|=3.0532 m
INFO 2026-07-27 15:26:48.681 joltshadow - docs §87: resync landing (player) w=1 pre=1.0004 post=0.0390 m R=0.629 dY=-1.3481 dRotDeg=7.99 |corr|=3.0532 m
INFO 2026-07-27 15:26:48.681 joltshadow - docs §87: resync landing (player) w=2 pre=0.3448 post=0.0016 m R=0.635 dY=-1.3481 dRotDeg=7.99 |corr|=3.0532 m
INFO 2026-07-27 15:26:48.681 joltshadow - docs §87: resync landing (player) w=3 pre=0.2946 post=0.0197 m R=0.635 dY=-1.3481 dRotDeg=7.99 |corr|=3.0532 m
INFO 2026-07-27 15:26:48.681 joltshadow - docs §82: resync RESIDUAL (player) #31 pos=0.0000 m up=0.0000 deg
INFO 2026-07-27 15:26:48.715 joltshadow - docs §70.1: slipdense (player) f=1368 w=0 grounded=1 kappa=2.167 fnGround=5324 omega=32.40 | ftGround=7552N target=-46.5 limit=93Nm motorNm=-93 tyreNm=-5168 inertia=1.78 limRot=0/5738/0 omegaPre=39.55 posN=8261/-3503/0 susp=-0.3364 springN=1009
INFO 2026-07-27 15:26:48.715 joltshadow - docs §70.1: slipdense (player) f=1368 w=1 grounded=1 kappa=0.647 fnGround=1085 omega=19.83 | ftGround=1538N target=-46.5 limit=93Nm motorNm=-93 tyreNm=-987 inertia=1.78 limRot=0/3202/-1484 omegaPre=24.06 posN=889/221/0 susp=-0.5040 springN=2254
INFO 2026-07-27 15:26:48.715 joltshadow - docs §70.1: slipdense (player) f=1368 w=2 grounded=1 kappa=0.044 fnGround=1074 omega=14.01 | ftGround=605N target=-46.5 limit=93Nm motorNm=-93 tyreNm=-362 inertia=1.82 limRot=0/32/70 omegaPre=18.01 posN=-661/-841/0 susp=-0.5363 springN=2411
INFO 2026-07-27 15:26:48.715 joltshadow - docs §70.1: slipdense (player) f=1368 w=3 grounded=1 kappa=0.082 fnGround=1119 omega=14.46 | ftGround=1259N target=-46.5 limit=93Nm motorNm=-93 tyreNm=-777 inertia=1.82 limRot=0/96/-29 omegaPre=19.25 posN=-143/-621/0 susp=-0.5243 springN=2489
INFO 2026-07-27 15:26:48.715 joltshadow - docs §78: attdense (player) f=1368 joltTilt=13.78 odeTilt=13.99 upDelta=0.31 wBody=(0.02,-0.31,0.06) |w|=0.32 grounded=4
INFO 2026-07-27 15:26:48.749 joltshadow - docs §70.1: slipdense (player) f=1372 w=0 grounded=1 kappa=0.005 fnGround=611 omega=12.77 | ftGround=58N target=-29.1 limit=149Nm motorNm=-149 tyreNm=-27 inertia=1.78 limRot=0/-896/0 omegaPre=14.73 posN=-1346/-259/0 susp=-0.2272 springN=372
INFO 2026-07-27 15:26:48.749 joltshadow - docs §70.1: slipdense (player) f=1372 w=1 grounded=1 kappa=-0.011 fnGround=1080 omega=14.07 | ftGround=-122N target=-29.1 limit=149Nm motorNm=-149 tyreNm=106 inertia=1.78 limRot=0/4129/0 omegaPre=14.25 posN=2035/1348/0 susp=-0.3953 springN=1217
INFO 2026-07-27 15:26:48.749 joltshadow - docs §70.1: slipdense (player) f=1372 w=2 grounded=1 kappa=-0.013 fnGround=1073 omega=12.57 | ftGround=-131N target=-29.1 limit=149Nm motorNm=-149 tyreNm=115 inertia=1.82 limRot=0/-145/-27 omegaPre=12.70 posN=-412/-36/0 susp=-0.4383 springN=1436
INFO 2026-07-27 15:26:48.749 joltshadow - docs §70.1: slipdense (player) f=1372 w=3 grounded=1 kappa=-0.009 fnGround=1052 omega=14.68 | ftGround=-109N target=-29.1 limit=149Nm motorNm=-149 tyreNm=100 inertia=1.82 limRot=0/-5/14 omegaPre=14.86 posN=161/6/0 susp=-0.4179 springN=1338
INFO 2026-07-27 15:26:48.749 joltshadow - docs §78: attdense (player) f=1372 joltTilt=13.72 odeTilt=14.61 upDelta=0.92 wBody=(0.07,-0.48,0.11) |w|=0.49 grounded=4
INFO 2026-07-27 15:26:48.786 joltshadow - docs §70.1: slipdense (player) f=1376 w=0 grounded=0 kappa=0.000 fnGround=0 omega=10.20 | ftGround=0N target=-29.1 limit=149Nm motorNm=-149 tyreNm=0 inertia=1.78 limRot=0/18/0 omegaPre=10.96 posN=123/-36/0 susp=-0.1102 springN=-241
INFO 2026-07-27 15:26:48.786 joltshadow - docs §70.1: slipdense (player) f=1376 w=1 grounded=1 kappa=0.013 fnGround=752 omega=12.33 | ftGround=128N target=-29.1 limit=149Nm motorNm=-149 tyreNm=-62 inertia=1.78 limRot=0/1281/0 omegaPre=13.21 posN=-372/-370/0 susp=-0.2604 springN=517
INFO 2026-07-27 15:26:48.786 joltshadow - docs §70.1: slipdense (player) f=1376 w=2 grounded=1 kappa=-0.012 fnGround=711 omega=11.46 | ftGround=-117N target=-29.1 limit=149Nm motorNm=-149 tyreNm=96 inertia=1.82 limRot=0/-167/-25 omegaPre=11.76 posN=-254/73/0 susp=-0.2874 springN=501
INFO 2026-07-27 15:26:48.786 joltshadow - docs §70.1: slipdense (player) f=1376 w=3 grounded=1 kappa=-0.013 fnGround=640 omega=13.97 | ftGround=-149N target=-29.1 limit=149Nm motorNm=-149 tyreNm=121 inertia=1.82 limRot=0/70/17 omegaPre=14.11 posN=300/163/0 susp=-0.2734 springN=458
INFO 2026-07-27 15:26:48.786 joltshadow - docs §78: attdense (player) f=1376 joltTilt=13.79 odeTilt=15.20 upDelta=1.46 wBody=(0.21,-0.58,0.09) |w|=0.63 grounded=3
INFO 2026-07-27 15:26:48.816 joltshadow - docs §70.1: slipdense (player) f=1380 w=0 grounded=0 kappa=0.000 fnGround=0 omega=7.61 | ftGround=0N target=-29.1 limit=149Nm motorNm=-149 tyreNm=0 inertia=1.78 limRot=0/2/0 omegaPre=8.28 posN=33/-18/0 susp=-0.0378 springN=-290
INFO 2026-07-27 15:26:48.816 joltshadow - docs §70.1: slipdense (player) f=1380 w=1 grounded=1 kappa=-0.048 fnGround=0 omega=10.56 | ftGround=0N target=-29.1 limit=149Nm motorNm=-149 tyreNm=0 inertia=1.78 limRot=0/-672/0 omegaPre=11.05 posN=31/-33/0 susp=-0.1651 springN=102
INFO 2026-07-27 15:26:48.816 joltshadow - docs §70.1: slipdense (player) f=1380 w=2 grounded=1 kappa=-0.038 fnGround=0 omega=10.59 | ftGround=0N target=-29.1 limit=149Nm motorNm=-149 tyreNm=0 inertia=1.82 limRot=0/6/-3 omegaPre=11.11 posN=14/-12/0 susp=-0.1738 springN=21
INFO 2026-07-27 15:26:48.816 joltshadow - docs §70.1: slipdense (player) f=1380 w=3 grounded=1 kappa=-0.046 fnGround=0 omega=12.45 | ftGround=0N target=-29.1 limit=149Nm motorNm=-149 tyreNm=0 inertia=1.82 limRot=0/6/-4 omegaPre=13.11 posN=9/-25/0 susp=-0.1562 springN=-172
INFO 2026-07-27 15:26:48.816 joltshadow - docs §78: attdense (player) f=1380 joltTilt=14.04 odeTilt=15.69 upDelta=1.68 wBody=(0.26,-0.50,0.28) |w|=0.63 grounded=3
INFO 2026-07-27 15:26:48.816 joltshadow - Shadow divergence (player): pos=1.734m vel=4.815m/s angle=3.6deg (jolt com=[4656.3 261.9 1196.3] ode com=[4655.7 260.2 1196.2])
INFO 2026-07-27 15:26:48.816 joltshadow - docs §23.6: driver input (player) realThrottle=-10.00 brake=0.01 handBrake=0 steerRad=0.000
INFO 2026-07-27 15:26:48.816 joltshadow - docs §32: Jolt SHADOW chassis pitch (player) forward=(-0.166, 0.056, -0.984)
INFO 2026-07-27 15:26:48.816 joltshadow - docs §69: tilt (player) jolt=14.0 deg ode=15.7 deg delta=-1.6 deg upDelta=1.68 deg
INFO 2026-07-27 15:26:48.816 joltshadow - docs §32.4: Jolt SHADOW chassis lowest corner (player) = (4657.89,260.06,1199.18) clearanceToGround=0.295
INFO 2026-07-27 15:26:48.816 joltshadow - docs §23.5: wheel state (player) wheel=0 contact=0 suspLen=1.050 (range 0.050-1.050, 0% compressed) angVel=0.00
INFO 2026-07-27 15:26:48.817 joltshadow - docs §38.11: wheel=0 NO contact, worldAxle=(0.956,-0.236,-0.175)
INFO 2026-07-27 15:26:48.817 joltshadow - docs §32: no-contact raycast (player) wheel=0 bodyPos=(4656.02,261.17,1195.94) localMPos=(-1.155,0.060,2.270) origin=(4656.76,261.09,1193.50) dir=(-0.242,-0.970,-0.015) normalRayLen=1.679 groundFoundAt=0.000 shortfallBeyondTravel=-1.679 hitBody=8475716 hitLayer=4 hitMotion=2 hitIsSelfChassis=0
INFO 2026-07-27 15:26:48.817 joltshadow - docs §23.5: wheel state (player) wheel=1 contact=0 suspLen=1.050 (range 0.050-1.050, 0% compressed) angVel=0.00
INFO 2026-07-27 15:26:48.817 joltshadow - docs §38.11: wheel=1 NO contact, worldAxle=(0.956,-0.236,-0.175)
INFO 2026-07-27 15:26:48.817 joltshadow - docs §32: no-contact raycast (player) wheel=1 bodyPos=(4656.02,261.17,1195.94) localMPos=(1.155,0.059,2.270) origin=(4654.55,261.63,1193.91) dir=(-0.242,-0.970,-0.015) normalRayLen=1.679 groundFoundAt=0.000 shortfallBeyondTravel=-1.679 hitBody=8475717 hitLayer=4 hitMotion=2 hitIsSelfChassis=0
INFO 2026-07-27 15:26:48.817 joltshadow - docs §23.5: wheel state (player) wheel=2 contact=0 suspLen=1.050 (range 0.050-1.050, 0% compressed) angVel=0.00
INFO 2026-07-27 15:26:48.817 joltshadow - docs §38.11: wheel=2 NO contact, worldAxle=(0.956,-0.236,-0.175)
INFO 2026-07-27 15:26:48.817 joltshadow - docs §32: no-contact raycast (player) wheel=2 bodyPos=(4656.02,261.17,1195.94) localMPos=(-1.253,0.145,-2.062) origin=(4657.59,260.90,1197.75) dir=(-0.242,-0.970,-0.015) normalRayLen=1.685 groundFoundAt=0.000 shortfallBeyondTravel=-1.685 hitBody=8475718 hitLayer=4 hitMotion=2 hitIsSelfChassis=0
INFO 2026-07-27 15:26:48.817 joltshadow - docs §23.5: wheel state (player) wheel=3 contact=0 suspLen=1.050 (range 0.050-1.050, 0% compressed) angVel=0.00
INFO 2026-07-27 15:26:48.817 joltshadow - docs §38.11: wheel=3 NO contact, worldAxle=(0.956,-0.236,-0.175)
INFO 2026-07-27 15:26:48.817 joltshadow - docs §32: no-contact raycast (player) wheel=3 bodyPos=(4656.02,261.17,1195.94) localMPos=(1.253,0.146,-2.062) origin=(4655.20,261.49,1198.19) dir=(-0.242,-0.970,-0.015) normalRayLen=1.685 groundFoundAt=0.000 shortfallBeyondTravel=-1.685 hitBody=8475719 hitLayer=4 hitMotion=2 hitIsSelfChassis=0
INFO 2026-07-27 15:26:48.817 joltshadow - docs §59/63: harvest (player) wheelsWithContact=4 contactPoints=7 overflow=0 (of 4) | maxNormalF=0N bound(k_t*tau)=1200N ratio=0.00
INFO 2026-07-27 15:26:48.817 joltshadow - docs §58: wheel body (player) w=0 springF=-290N stopF=0N travel=-0.0378 (limits -0.5000..0.5000 rel spawn) kSusp=6000 sagPredicted=-0.0484 | frameTrav=-0.0475..-0.0378 frameStopN=0
INFO 2026-07-27 15:26:48.817 joltshadow - docs §66: tyre band (player) w=0 fnGround=0N fnTotal=0N pen=0.00000 penRaw=0.00000 tau=0.01000 pen/tau=0.00 | recs tyre=1 rim=0 survived=0 stale=0 distMax=1.04R
INFO 2026-07-27 15:26:48.817 joltshadow - docs §68: steer (player) w=0 steerable=1 commanded=0.000 rad measured=-0.000 rad err=-0.02 deg steerSign=-1 steerTq=-3Nm cap=815Nm sat=0.00
INFO 2026-07-27 15:26:48.817 joltshadow - docs §70: slip (player) w=0 grounded=0 kappa=0.000 fnGround=0N omega=7.61
INFO 2026-07-27 15:26:48.817 joltshadow - docs §67: spin (player) w=0 driven=1 omega=7.61 rad/s surfaceSpeed=4.79 m/s spinSign=+1 motorTq=-149Nm cmdTq=149Nm
INFO 2026-07-27 15:26:48.817 joltshadow - docs §58: wheel body (player) w=1 springF=102N stopF=0N travel=-0.1651 (limits -0.5000..0.5000 rel spawn) kSusp=6000 sagPredicted=0.0170 | frameTrav=-0.1805..-0.1651 frameStopN=0
INFO 2026-07-27 15:26:48.817 joltshadow - docs §66: tyre band (player) w=1 fnGround=0N fnTotal=0N pen=0.00532 penRaw=0.00532 tau=0.01000 pen/tau=0.53 | recs tyre=1 rim=1 survived=1 stale=0 distMax=0.99R
INFO 2026-07-27 15:26:48.817 joltshadow - docs §68: steer (player) w=1 steerable=1 commanded=0.000 rad measured=0.242 rad err=13.85 deg steerSign=-1 steerTq=822Nm cap=822Nm sat=1.00
INFO 2026-07-27 15:26:48.817 joltshadow - docs §70: slip (player) w=1 grounded=1 kappa=-0.048 fnGround=0N omega=10.56
INFO 2026-07-27 15:26:48.817 joltshadow - docs §67: spin (player) w=1 driven=1 omega=10.56 rad/s surfaceSpeed=6.65 m/s spinSign=+1 motorTq=-149Nm cmdTq=149Nm
INFO 2026-07-27 15:26:48.817 joltshadow - docs §58: wheel body (player) w=2 springF=21N stopF=0N travel=-0.1738 (limits -0.5000..0.5000 rel spawn) kSusp=6000 sagPredicted=0.0035 | frameTrav=-0.1921..-0.1738 frameStopN=0
INFO 2026-07-27 15:26:48.817 joltshadow - docs §66: tyre band (player) w=2 fnGround=0N fnTotal=0N pen=0.00532 penRaw=0.00532 tau=0.01000 pen/tau=0.53 | recs tyre=1 rim=1 survived=1 stale=0 distMax=0.99R
INFO 2026-07-27 15:26:48.817 joltshadow - docs §68: steer (player) w=2 steerable=0 commanded=0.000 rad measured=-0.000 rad err=-0.00 deg steerSign=-1 steerTq=0Nm cap=340282346638528859811704183484516925440Nm sat=0.00
INFO 2026-07-27 15:26:48.817 joltshadow - docs §70: slip (player) w=2 grounded=1 kappa=-0.038 fnGround=0N omega=10.59
INFO 2026-07-27 15:26:48.817 joltshadow - docs §67: spin (player) w=2 driven=1 omega=10.59 rad/s surfaceSpeed=6.73 m/s spinSign=+1 motorTq=-149Nm cmdTq=149Nm
INFO 2026-07-27 15:26:48.818 joltshadow - docs §58: wheel body (player) w=3 springF=-172N stopF=0N travel=-0.1562 (limits -0.5000..0.5000 rel spawn) kSusp=6000 sagPredicted=-0.0286 | frameTrav=-0.1760..-0.1562 frameStopN=0
INFO 2026-07-27 15:26:48.818 joltshadow - docs §66: tyre band (player) w=3 fnGround=0N fnTotal=0N pen=0.00027 penRaw=0.00027 tau=0.01000 pen/tau=0.03 | recs tyre=1 rim=1 survived=1 stale=0 distMax=1.00R
INFO 2026-07-27 15:26:48.818 joltshadow - docs §68: steer (player) w=3 steerable=0 commanded=0.000 rad measured=-0.000 rad err=-0.00 deg steerSign=-1 steerTq=0Nm cap=340282346638528859811704183484516925440Nm sat=0.00
INFO 2026-07-27 15:26:48.818 joltshadow - docs §70: slip (player) w=3 grounded=1 kappa=-0.046 fnGround=0N omega=12.45
INFO 2026-07-27 15:26:48.818 joltshadow - docs §67: spin (player) w=3 driven=1 omega=12.45 rad/s surfaceSpeed=7.91 m/s spinSign=+1 motorTq=-149Nm cmdTq=149Nm
INFO 2026-07-27 15:26:48.818 joltshadow - docs §67: drivetrain (player) gear=0 rpm=2246 driveTorque=600Nm perWheel=150Nm driven=4 throttle=-1.00 spin=1 | PRE-STEP brake=0.01 handBrake=0
INFO 2026-07-27 15:26:48.818 joltshadow - docs §66: tyre band SUM (player) fnGroundSum=0N fnTotalSum=0N weight=1295N carried=0.00 | penSum=0.01090 recs tyre=4 rim=3 stale=0
INFO 2026-07-27 15:26:48.818 joltshadow - docs §30: REAL ODE chassis COM (player) body=54AA14C8 = (4655.712, 260.246, 1196.161) forward=(-0.219, 0.072, -0.973)
INFO 2026-07-27 15:26:48.818 joltshadow - docs §33: real ODE chassis geom (player) #1 = class 0 (not a transform) pos=(4655.712,260.246,1196.161) radius=4.500
INFO 2026-07-27 15:26:48.818 joltshadow - docs §33: real ODE chassis geom (player) #2 = transform, inner class=1 pos=(0.000,1.095,-0.495)
INFO 2026-07-27 15:26:48.818 joltshadow - docs §33: real ODE chassis geom (player) #3 = transform, inner class=1 pos=(0.353,3.466,0.718)
INFO 2026-07-27 15:26:48.818 joltshadow - docs §33: real ODE chassis geom (player) #4 = transform, inner class=1 pos=(0.000,1.818,1.842)
INFO 2026-07-27 15:26:48.818 joltshadow - docs §33: real ODE chassis geom (player) #5 = transform, inner class=1 pos=(0.006,1.981,-2.113)
INFO 2026-07-27 15:26:48.818 joltshadow - docs §33: real ODE chassis geom (player) #6 = class 0 (not a transform) pos=(4655.712,260.246,1196.161) radius=30.000
INFO 2026-07-27 15:26:48.818 joltshadow - docs §33: real ODE chassis geom (player) #7 = class 0 (not a transform) pos=(4655.712,260.246,1196.161) radius=6.436
INFO 2026-07-27 15:26:48.818 joltshadow - docs §33: real ODE chassis geom (player) #8 = class 0 (not a transform) pos=(4655.712,260.246,1196.161) radius=200.000
INFO 2026-07-27 15:26:48.818 joltshadow - docs §33: real ODE chassis (player) has 8 total geom(s) directly attached (4 transform(s)) - compare against BuildChassisCompoundShape's own part/geom count in the build log
INFO 2026-07-27 15:26:48.818 joltshadow - docs §28: REAL ODE wheel state (player) wheel=0 displacement=-0.0066 range=1.000 (-1% compressed, signed) foreAft=2.270 localZ=2.270 cfm=0.002500 erp=0.2500
INFO 2026-07-27 15:26:48.819 joltshadow - docs §28: REAL ODE wheel state (player) wheel=1 displacement=0.0558 range=1.000 (6% compressed, signed) foreAft=2.270 localZ=2.270 cfm=0.002500 erp=0.2500
INFO 2026-07-27 15:26:48.819 joltshadow - docs §28: REAL ODE wheel state (player) wheel=2 displacement=0.0533 range=1.000 (5% compressed, signed) foreAft=-2.062 localZ=-2.062 cfm=0.002500 erp=0.2500
INFO 2026-07-27 15:26:48.819 joltshadow - docs §28: REAL ODE wheel state (player) wheel=3 displacement=-0.0089 range=1.000 (-1% compressed, signed) foreAft=-2.062 localZ=-2.062 cfm=0.002500 erp=0.2500
INFO 2026-07-27 15:26:48.859 joltshadow - docs §70.1: slipdense (player) f=1384 w=0 grounded=0 kappa=0.000 fnGround=0 omega=4.09 | ftGround=0N target=-29.1 limit=149Nm motorNm=-149 tyreNm=0 inertia=1.78 limRot=0/0/0 omegaPre=5.18 posN=-11/-19/0 susp=0.0022 springN=-132
INFO 2026-07-27 15:26:48.859 joltshadow - docs §70.1: slipdense (player) f=1384 w=1 grounded=0 kappa=0.000 fnGround=0 omega=7.03 | ftGround=0N target=-29.1 limit=149Nm motorNm=-149 tyreNm=0 inertia=1.78 limRot=0/228/0 omegaPre=8.13 posN=-10/-17/0 susp=-0.0612 springN=-215
INFO 2026-07-27 15:26:48.859 joltshadow - docs §70.1: slipdense (player) f=1384 w=2 grounded=0 kappa=0.000 fnGround=0 omega=7.14 | ftGround=0N target=-29.1 limit=149Nm motorNm=-149 tyreNm=0 inertia=1.82 limRot=0/2/-1 omegaPre=8.21 posN=10/-16/0 susp=-0.0530 springN=-324
INFO 2026-07-27 15:26:48.860 joltshadow - docs §70.1: slipdense (player) f=1384 w=3 grounded=0 kappa=0.000 fnGround=0 omega=9.00 | ftGround=0N target=-29.1 limit=149Nm motorNm=-149 tyreNm=0 inertia=1.82 limRot=0/3/-2 omegaPre=10.07 posN=2/-4/0 susp=-0.0404 springN=-336
INFO 2026-07-27 15:26:48.860 joltshadow - docs §78: attdense (player) f=1384 joltTilt=14.51 odeTilt=16.40 upDelta=1.88 wBody=(0.29,-0.48,0.25) |w|=0.62 grounded=0
INFO 2026-07-27 15:26:48.907 joltshadow - docs §70.1: slipdense (player) f=1388 w=0 grounded=0 kappa=0.000 fnGround=0 omega=0.08 | ftGround=0N target=-29.1 limit=149Nm motorNm=-149 tyreNm=0 inertia=1.78 limRot=0/-0/0 omegaPre=1.16 posN=-0/-13/0 susp=0.0049 springN=9
INFO 2026-07-27 15:26:48.907 joltshadow - docs §70.1: slipdense (player) f=1388 w=1 grounded=0 kappa=0.000 fnGround=0 omega=3.01 | ftGround=0N target=-29.1 limit=149Nm motorNm=-149 tyreNm=0 inertia=1.78 limRot=0/1/0 omegaPre=4.10 posN=-3/-16/0 susp=-0.0062 springN=-133
INFO 2026-07-27 15:26:48.907 joltshadow - docs §70.1: slipdense (player) f=1388 w=2 grounded=0 kappa=0.000 fnGround=0 omega=3.20 | ftGround=0N target=-29.1 limit=149Nm motorNm=-149 tyreNm=0 inertia=1.82 limRot=0/1/-1 omegaPre=4.27 posN=-0/-3/0 susp=0.0059 springN=-195
INFO 2026-07-27 15:26:48.907 joltshadow - docs §70.1: slipdense (player) f=1388 w=3 grounded=0 kappa=0.000 fnGround=0 omega=5.06 | ftGround=0N target=-29.1 limit=149Nm motorNm=-149 tyreNm=0 inertia=1.82 limRot=0/2/-1 omegaPre=6.13 posN=-8/-1/0 susp=0.0079 springN=-153
INFO 2026-07-27 15:26:48.907 joltshadow - docs §78: attdense (player) f=1388 joltTilt=15.06 odeTilt=17.26 upDelta=2.23 wBody=(0.31,-0.49,0.21) |w|=0.62 grounded=0
INFO 2026-07-27 15:26:48.950 joltshadow - docs §70.1: slipdense (player) f=1392 w=0 grounded=0 kappa=0.000 fnGround=0 omega=-3.61 | ftGround=0N target=-29.1 limit=149Nm motorNm=-149 tyreNm=0 inertia=1.78 limRot=0/-1/0 omegaPre=-2.69 posN=4/-15/0 susp=-0.0007 springN=35
INFO 2026-07-27 15:26:48.951 joltshadow - docs §70.1: slipdense (player) f=1392 w=1 grounded=0 kappa=0.000 fnGround=0 omega=-0.67 | ftGround=0N target=-29.1 limit=149Nm motorNm=-149 tyreNm=0 inertia=1.78 limRot=0/-1/0 omegaPre=0.25 posN=-1/-14/0 susp=0.0028 springN=-26
INFO 2026-07-27 15:26:48.951 joltshadow - docs §70.1: slipdense (player) f=1392 w=2 grounded=0 kappa=0.000 fnGround=0 omega=-0.41 | ftGround=0N target=-29.1 limit=149Nm motorNm=-149 tyreNm=0 inertia=1.82 limRot=0/-0/0 omegaPre=0.49 posN=2/-2/0 susp=0.0129 springN=-62
INFO 2026-07-27 15:26:48.951 joltshadow - docs §70.1: slipdense (player) f=1392 w=3 grounded=0 kappa=0.000 fnGround=0 omega=1.45 | ftGround=0N target=-29.1 limit=149Nm motorNm=-149 tyreNm=0 inertia=1.82 limRot=0/0/-0 omegaPre=2.35 posN=-5/-0/0 susp=0.0101 springN=-28
INFO 2026-07-27 15:26:48.951 joltshadow - docs §78: attdense (player) f=1392 joltTilt=15.53 odeTilt=17.91 upDelta=2.52 wBody=(0.33,-0.49,0.19) |w|=0.62 grounded=0
INFO 2026-07-27 15:26:48.986 joltshadow - docs §70.1: slipdense (player) f=1396 w=0 grounded=0 kappa=0.000 fnGround=0 omega=-6.53 | ftGround=0N target=-29.1 limit=149Nm motorNm=-149 tyreNm=0 inertia=1.78 limRot=0/-2/0 omegaPre=-5.95 posN=7/-16/0 susp=-0.0032 springN=28
INFO 2026-07-27 15:26:48.986 joltshadow - docs §70.1: slipdense (player) f=1396 w=1 grounded=0 kappa=0.000 fnGround=0 omega=-3.60 | ftGround=0N target=-29.1 limit=149Nm motorNm=-149 tyreNm=0 inertia=1.78 limRot=0/-2/0 omegaPre=-3.01 posN=1/-15/0 susp=-0.0016 springN=19
INFO 2026-07-27 15:26:48.986 joltshadow - docs §70.1: slipdense (player) f=1396 w=2 grounded=0 kappa=0.000 fnGround=0 omega=-3.28 | ftGround=0N target=-29.1 limit=149Nm motorNm=-149 tyreNm=0 inertia=1.82 limRot=0/-1/0 omegaPre=-2.71 posN=4/-1/0 susp=0.0094 springN=-16
INFO 2026-07-27 15:26:48.986 joltshadow - docs §70.1: slipdense (player) f=1396 w=3 grounded=0 kappa=0.000 fnGround=0 omega=-1.42 | ftGround=0N target=-29.1 limit=149Nm motorNm=-149 tyreNm=0 inertia=1.82 limRot=0/-1/0 omegaPre=-0.85 posN=-2/0/0 susp=0.0031 springN=8
INFO 2026-07-27 15:26:48.986 joltshadow - docs §78: attdense (player) f=1396 joltTilt=15.86 odeTilt=18.24 upDelta=2.76 wBody=(0.35,-0.49,0.19) |w|=0.63 grounded=0
INFO 2026-07-27 15:26:49.016 joltshadow - docs §70.1: slipdense (player) f=1400 w=0 grounded=0 kappa=0.000 fnGround=0 omega=-9.13 | ftGround=0N target=-29.1 limit=149Nm motorNm=-149 tyreNm=0 inertia=1.78 limRot=0/-3/0 omegaPre=-8.46 posN=7/-17/0 susp=-0.0038 springN=20
INFO 2026-07-27 15:26:49.016 joltshadow - docs §70.1: slipdense (player) f=1400 w=1 grounded=0 kappa=0.000 fnGround=0 omega=-6.19 | ftGround=0N target=-29.1 limit=149Nm motorNm=-149 tyreNm=0 inertia=1.78 limRot=0/-3/0 omegaPre=-5.52 posN=1/-15/0 susp=-0.0037 springN=24
INFO 2026-07-27 15:26:49.016 joltshadow - docs §70.1: slipdense (player) f=1400 w=2 grounded=0 kappa=0.000 fnGround=0 omega=-5.83 | ftGround=0N target=-29.1 limit=149Nm motorNm=-149 tyreNm=0 inertia=1.82 limRot=0/-3/1 omegaPre=-5.17 posN=4/-2/0 susp=0.0059 springN=-4
INFO 2026-07-27 15:26:49.016 joltshadow - docs §70.1: slipdense (player) f=1400 w=3 grounded=0 kappa=0.000 fnGround=0 omega=-3.97 | ftGround=0N target=-29.1 limit=149Nm motorNm=-149 tyreNm=0 inertia=1.82 limRot=0/-2/1 omegaPre=-3.31 posN=-2/-1/0 susp=-0.0000 springN=4
INFO 2026-07-27 15:26:49.016 joltshadow - docs §78: attdense (player) f=1400 joltTilt=16.22 odeTilt=18.44 upDelta=2.99 wBody=(0.37,-0.49,0.19) |w|=0.64 grounded=0
INFO 2026-07-27 15:26:49.056 joltshadow - docs §70.1: slipdense (player) f=1404 w=0 grounded=0 kappa=0.000 fnGround=0 omega=-12.39 | ftGround=0N target=-29.1 limit=149Nm motorNm=-149 tyreNm=0 inertia=1.78 limRot=0/-5/0 omegaPre=-11.56 posN=7/-18/0 susp=-0.0026 springN=12
INFO 2026-07-27 15:26:49.056 joltshadow - docs §70.1: slipdense (player) f=1404 w=1 grounded=0 kappa=0.000 fnGround=0 omega=-9.46 | ftGround=0N target=-29.1 limit=149Nm motorNm=-149 tyreNm=0 inertia=1.78 limRot=0/-6/0 omegaPre=-8.62 posN=1/-16/0 susp=-0.0026 springN=16
INFO 2026-07-27 15:26:49.056 joltshadow - docs §70.1: slipdense (player) f=1404 w=2 grounded=0 kappa=0.000 fnGround=0 omega=-9.03 | ftGround=0N target=-29.1 limit=149Nm motorNm=-149 tyreNm=0 inertia=1.82 limRot=0/-4/2 omegaPre=-8.21 posN=3/-2/0 susp=0.0028 springN=-3
INFO 2026-07-27 15:26:49.056 joltshadow - docs §70.1: slipdense (player) f=1404 w=3 grounded=0 kappa=0.000 fnGround=0 omega=-7.17 | ftGround=0N target=-29.1 limit=149Nm motorNm=-149 tyreNm=0 inertia=1.82 limRot=0/-3/1 omegaPre=-6.35 posN=-2/-0/0 susp=0.0006 springN=-9
INFO 2026-07-27 15:26:49.056 joltshadow - docs §78: attdense (player) f=1404 joltTilt=16.78 odeTilt=18.67 upDelta=3.39 wBody=(0.40,-0.49,0.19) |w|=0.66 grounded=0
INFO 2026-07-27 15:26:49.103 joltshadow - docs §70.1: slipdense (player) f=1408 w=0 grounded=0 kappa=0.000 fnGround=0 omega=-16.33 | ftGround=0N target=-29.1 limit=149Nm motorNm=-149 tyreNm=0 inertia=1.78 limRot=0/-10/0 omegaPre=-15.32 posN=7/-18/0 susp=-0.0020 springN=11
INFO 2026-07-27 15:26:49.103 joltshadow - docs §70.1: slipdense (player) f=1408 w=1 grounded=0 kappa=0.000 fnGround=0 omega=-13.39 | ftGround=0N target=-29.1 limit=149Nm motorNm=-149 tyreNm=0 inertia=1.78 limRot=0/-11/0 omegaPre=-12.39 posN=1/-16/0 susp=-0.0010 springN=14
INFO 2026-07-27 15:26:49.103 joltshadow - docs §70.1: slipdense (player) f=1408 w=2 grounded=0 kappa=0.000 fnGround=0 omega=-12.89 | ftGround=0N target=-29.1 limit=149Nm motorNm=-149 tyreNm=0 inertia=1.82 limRot=0/-6/2 omegaPre=-11.90 posN=3/-1/0 susp=0.0004 springN=-6
INFO 2026-07-27 15:26:49.103 joltshadow - docs §70.1: slipdense (player) f=1408 w=3 grounded=0 kappa=0.000 fnGround=0 omega=-11.03 | ftGround=0N target=-29.1 limit=149Nm motorNm=-149 tyreNm=0 inertia=1.82 limRot=0/-5/2 omegaPre=-10.04 posN=-2/-0/0 susp=0.0033 springN=-18
INFO 2026-07-27 15:26:49.103 joltshadow - docs §78: attdense (player) f=1408 joltTilt=17.55 odeTilt=18.91 upDelta=4.10 wBody=(0.43,-0.48,0.19) |w|=0.67 grounded=0
INFO 2026-07-27 15:26:49.144 joltshadow - docs §70.1: slipdense (player) f=1412 w=0 grounded=0 kappa=0.000 fnGround=0 omega=-19.76 | ftGround=0N target=-29.1 limit=149Nm motorNm=-149 tyreNm=0 inertia=1.78 limRot=0/-20/0 omegaPre=-18.92 posN=7/-18/0 susp=-0.0010 springN=10
INFO 2026-07-27 15:26:49.145 joltshadow - docs §70.1: slipdense (player) f=1412 w=1 grounded=0 kappa=0.000 fnGround=0 omega=-16.82 | ftGround=0N target=-29.1 limit=149Nm motorNm=-149 tyreNm=0 inertia=1.78 limRot=0/-28/0 omegaPre=-15.99 posN=1/-16/0 susp=0.0002 springN=13
INFO 2026-07-27 15:26:49.145 joltshadow - docs §70.1: slipdense (player) f=1412 w=2 grounded=0 kappa=0.000 fnGround=0 omega=-16.25 | ftGround=0N target=-29.1 limit=149Nm motorNm=-149 tyreNm=0 inertia=1.82 limRot=0/-7/3 omegaPre=-15.43 posN=4/-1/0 susp=0.0001 springN=-11
INFO 2026-07-27 15:26:49.145 joltshadow - docs §70.1: slipdense (player) f=1412 w=3 grounded=0 kappa=0.000 fnGround=0 omega=-14.39 | ftGround=0N target=-29.1 limit=149Nm motorNm=-149 tyreNm=0 inertia=1.82 limRot=0/-6/3 omegaPre=-13.57 posN=-2/1/0 susp=0.0051 springN=-18
INFO 2026-07-27 15:26:49.145 joltshadow - docs §78: attdense (player) f=1412 joltTilt=18.32 odeTilt=19.04 upDelta=4.88 wBody=(0.45,-0.48,0.20) |w|=0.69 grounded=0
INFO 2026-07-27 15:26:49.189 joltshadow - docs §70.1: slipdense (player) f=1416 w=0 grounded=1 kappa=-1.533 fnGround=996 omega=-3.35 | ftGround=-1558N target=29.1 limit=149Nm motorNm=149 tyreNm=1188 inertia=1.78 limRot=0/-1008/0 omegaPre=-10.70 posN=-1679/2226/0 susp=-0.0436 springN=1086
INFO 2026-07-27 15:26:49.189 joltshadow - docs §70.1: slipdense (player) f=1416 w=1 grounded=0 kappa=0.000 fnGround=0 omega=-18.22 | ftGround=0N target=29.1 limit=149Nm motorNm=149 tyreNm=0 inertia=1.78 limRot=0/2/0 omegaPre=-19.06 posN=205/-141/0 susp=0.0027 springN=-73
INFO 2026-07-27 15:26:49.189 joltshadow - docs §70.1: slipdense (player) f=1416 w=2 grounded=0 kappa=0.000 fnGround=0 omega=-17.63 | ftGround=0N target=29.1 limit=149Nm motorNm=149 tyreNm=0 inertia=1.82 limRot=0/-2/5 omegaPre=-18.45 posN=124/-83/0 susp=-0.0017 springN=30
INFO 2026-07-27 15:26:49.189 joltshadow - docs §70.1: slipdense (player) f=1416 w=3 grounded=0 kappa=0.000 fnGround=0 omega=-15.77 | ftGround=0N target=29.1 limit=149Nm motorNm=149 tyreNm=0 inertia=1.82 limRot=0/-1/5 omegaPre=-16.59 posN=118/-126/0 susp=0.0093 springN=-117
INFO 2026-07-27 15:26:49.190 joltshadow - docs §78: attdense (player) f=1416 joltTilt=19.42 odeTilt=19.05 upDelta=5.93 wBody=(0.49,-0.44,0.45) |w|=0.79 grounded=1
INFO 2026-07-27 15:26:49.190 joltshadow - docs §82: resync (player) #32 dt=0.51s upMax=5.928 deg posMax=2.149 m odeTiltPath=5.501 deg gain=1.0775
INFO 2026-07-27 15:26:49.190 joltshadow - docs §87: resync landing (player) w=0 pre=-0.0004 post=0.0069 m R=0.629 dY=-0.8996 dRotDeg=14.91 |corr|=2.1489 m
INFO 2026-07-27 15:26:49.190 joltshadow - docs §87: resync landing (player) w=1 pre=0.1054 post=0.0352 m R=0.629 dY=-0.8996 dRotDeg=14.91 |corr|=2.1489 m
INFO 2026-07-27 15:26:49.190 joltshadow - docs §87: resync landing (player) w=2 pre=0.6367 post=-0.0023 m R=0.635 dY=-0.8996 dRotDeg=14.91 |corr|=2.1489 m
INFO 2026-07-27 15:26:49.190 joltshadow - docs §87: resync landing (player) w=3 pre=0.8246 post=0.2216 m R=0.635 dY=-0.8996 dRotDeg=14.91 |corr|=2.1489 m
INFO 2026-07-27 15:26:49.190 joltshadow - docs §82: resync RESIDUAL (player) #32 pos=0.0000 m up=0.0000 deg
INFO 2026-07-27 15:26:49.233 joltshadow - docs §70.1: slipdense (player) f=1420 w=0 grounded=1 kappa=0.280 fnGround=1164 omega=1.72 | ftGround=292N target=29.1 limit=149Nm motorNm=149 tyreNm=-124 inertia=1.78 limRot=0/-68/0 omegaPre=1.63 posN=100/-73/0 susp=-0.4142 springN=1482
INFO 2026-07-27 15:26:49.233 joltshadow - docs §70.1: slipdense (player) f=1420 w=1 grounded=1 kappa=0.265 fnGround=1170 omega=1.42 | ftGround=231N target=29.1 limit=149Nm motorNm=149 tyreNm=-138 inertia=1.78 limRot=0/-64/0 omegaPre=1.40 posN=-18/-74/0 susp=-0.4817 springN=1944
INFO 2026-07-27 15:26:49.233 joltshadow - docs §70.1: slipdense (player) f=1420 w=2 grounded=1 kappa=0.237 fnGround=964 omega=1.76 | ftGround=208N target=29.1 limit=149Nm motorNm=149 tyreNm=-145 inertia=1.82 limRot=0/-78/29 omegaPre=1.76 posN=-560/-276/0 susp=-0.5202 springN=2396
INFO 2026-07-27 15:26:49.233 joltshadow - docs §70.1: slipdense (player) f=1420 w=3 grounded=1 kappa=0.175 fnGround=1162 omega=1.56 | ftGround=182N target=29.1 limit=149Nm motorNm=149 tyreNm=-114 inertia=1.82 limRot=0/-109/1 omegaPre=0.12 posN=-49/-38/0 susp=-0.3802 springN=1658
INFO 2026-07-27 15:26:49.233 joltshadow - docs §78: attdense (player) f=1420 joltTilt=18.40 odeTilt=18.93 upDelta=0.57 wBody=(-0.24,0.01,-0.09) |w|=0.26 grounded=4
INFO 2026-07-27 15:26:49.277 joltshadow - docs §70.1: slipdense (player) f=1424 w=0 grounded=1 kappa=0.225 fnGround=470 omega=1.66 | ftGround=266N target=29.1 limit=149Nm motorNm=149 tyreNm=-106 inertia=1.78 limRot=0/-1165/0 omegaPre=1.67 posN=381/-269/0 susp=-0.2385 springN=263
INFO 2026-07-27 15:26:49.278 joltshadow - docs §70.1: slipdense (player) f=1424 w=1 grounded=1 kappa=0.155 fnGround=816 omega=1.88 | ftGround=221N target=29.1 limit=149Nm motorNm=149 tyreNm=-133 inertia=1.78 limRot=0/-1207/-2531 omegaPre=1.77 posN=-949/508/0 susp=-0.3044 springN=581
INFO 2026-07-27 15:26:49.278 joltshadow - docs §70.1: slipdense (player) f=1424 w=2 grounded=1 kappa=0.140 fnGround=969 omega=2.10 | ftGround=183N target=29.1 limit=149Nm motorNm=149 tyreNm=-131 inertia=1.82 limRot=0/55/26 omegaPre=2.00 posN=-180/-231/0 susp=-0.4035 springN=1390
INFO 2026-07-27 15:26:49.278 joltshadow - docs §70.1: slipdense (player) f=1424 w=3 grounded=1 kappa=0.171 fnGround=683 omega=1.79 | ftGround=237N target=29.1 limit=149Nm motorNm=149 tyreNm=-152 inertia=1.82 limRot=0/75/-8 omegaPre=1.80 posN=163/-236/0 susp=-0.2545 springN=607
INFO 2026-07-27 15:26:49.278 joltshadow - docs §78: attdense (player) f=1424 joltTilt=18.40 odeTilt=18.73 upDelta=0.85 wBody=(-0.29,0.07,-0.01) |w|=0.30 grounded=4
INFO 2026-07-27 15:26:49.319 joltshadow - docs §70.1: slipdense (player) f=1428 w=0 grounded=0 kappa=0.000 fnGround=0 omega=5.98 | ftGround=0N target=29.1 limit=149Nm motorNm=149 tyreNm=0 inertia=1.78 limRot=0/-752/-315 omegaPre=5.14 posN=6/4/0 susp=-0.0891 springN=-384
INFO 2026-07-27 15:26:49.319 joltshadow - docs §70.1: slipdense (player) f=1428 w=1 grounded=0 kappa=0.000 fnGround=0 omega=3.29 | ftGround=0N target=29.1 limit=149Nm motorNm=149 tyreNm=0 inertia=1.78 limRot=0/-236/-780 omegaPre=2.45 posN=6/13/0 susp=-0.1471 springN=-168
INFO 2026-07-27 15:26:49.319 joltshadow - docs §70.1: slipdense (player) f=1428 w=2 grounded=1 kappa=0.159 fnGround=737 omega=2.35 | ftGround=210N target=29.1 limit=149Nm motorNm=149 tyreNm=-152 inertia=1.82 limRot=0/-145/22 omegaPre=2.31 posN=-384/-292/0 susp=-0.2647 springN=643
INFO 2026-07-27 15:26:49.319 joltshadow - docs §70.1: slipdense (player) f=1428 w=3 grounded=1 kappa=0.799 fnGround=0 omega=2.84 | ftGround=0N target=29.1 limit=149Nm motorNm=149 tyreNm=0 inertia=1.82 limRot=0/-1/0 omegaPre=2.02 posN=19/14/0 susp=-0.1190 springN=-221
INFO 2026-07-27 15:26:49.319 joltshadow - docs §78: attdense (player) f=1428 joltTilt=18.60 odeTilt=18.51 upDelta=1.15 wBody=(-0.21,0.13,0.01) |w|=0.25 grounded=2
INFO 2026-07-27 15:26:49.359 joltshadow - docs §70.1: slipdense (player) f=1432 w=0 grounded=0 kappa=0.000 fnGround=0 omega=9.41 | ftGround=0N target=29.1 limit=149Nm motorNm=149 tyreNm=0 inertia=1.78 limRot=0/-813/-66 omegaPre=8.57 posN=7/6/0 susp=-0.0089 springN=-279
INFO 2026-07-27 15:26:49.360 joltshadow - docs §70.1: slipdense (player) f=1432 w=1 grounded=0 kappa=0.000 fnGround=0 omega=6.72 | ftGround=0N target=29.1 limit=149Nm motorNm=149 tyreNm=0 inertia=1.78 limRot=0/-391/-716 omegaPre=5.88 posN=7/12/0 susp=-0.0378 springN=-313
INFO 2026-07-27 15:26:49.360 joltshadow - docs §70.1: slipdense (player) f=1432 w=2 grounded=1 kappa=0.158 fnGround=157 omega=2.22 | ftGround=204N target=29.1 limit=149Nm motorNm=149 tyreNm=-156 inertia=1.82 limRot=0/-169/20 omegaPre=2.26 posN=-283/-250/0 susp=-0.1529 springN=198
INFO 2026-07-27 15:26:49.360 joltshadow - docs §70.1: slipdense (player) f=1432 w=3 grounded=0 kappa=0.000 fnGround=0 omega=6.21 | ftGround=0N target=29.1 limit=149Nm motorNm=149 tyreNm=0 inertia=1.82 limRot=0/-1/0 omegaPre=5.38 posN=15/13/0 susp=-0.0218 springN=-329
INFO 2026-07-27 15:26:49.360 joltshadow - docs §78: attdense (player) f=1432 joltTilt=18.74 odeTilt=18.29 upDelta=1.41 wBody=(-0.15,0.11,0.00) |w|=0.19 grounded=1
INFO 2026-07-27 15:26:49.400 joltshadow - docs §70.1: slipdense (player) f=1436 w=0 grounded=0 kappa=0.000 fnGround=0 omega=12.83 | ftGround=0N target=29.1 limit=149Nm motorNm=149 tyreNm=0 inertia=1.78 limRot=0/-705/0 omegaPre=12.00 posN=12/7/0 susp=0.0110 springN=-95
INFO 2026-07-27 15:26:49.400 joltshadow - docs §70.1: slipdense (player) f=1436 w=1 grounded=0 kappa=0.000 fnGround=0 omega=10.15 | ftGround=0N target=29.1 limit=149Nm motorNm=149 tyreNm=0 inertia=1.78 limRot=0/-610/-542 omegaPre=9.31 posN=12/2/0 susp=0.0037 springN=-165
INFO 2026-07-27 15:26:49.400 joltshadow - docs §70.1: slipdense (player) f=1436 w=2 grounded=0 kappa=0.000 fnGround=0 omega=5.56 | ftGround=0N target=29.1 limit=149Nm motorNm=149 tyreNm=0 inertia=1.82 limRot=0/-0/-0 omegaPre=4.74 posN=-1/13/0 susp=-0.0596 springN=-198
INFO 2026-07-27 15:26:49.401 joltshadow - docs §70.1: slipdense (player) f=1436 w=3 grounded=0 kappa=0.000 fnGround=0 omega=9.57 | ftGround=0N target=29.1 limit=149Nm motorNm=149 tyreNm=0 inertia=1.82 limRot=0/-0/-0 omegaPre=8.75 posN=0/3/0 susp=0.0098 springN=-135
INFO 2026-07-27 15:26:49.401 joltshadow - docs §78: attdense (player) f=1436 joltTilt=18.81 odeTilt=18.09 upDelta=1.62 wBody=(-0.15,0.12,-0.02) |w|=0.19 grounded=0
INFO 2026-07-27 15:26:49.441 joltshadow - docs §70.1: slipdense (player) f=1440 w=0 grounded=0 kappa=0.000 fnGround=0 omega=16.03 | ftGround=0N target=29.1 limit=149Nm motorNm=149 tyreNm=0 inertia=1.78 limRot=0/641/0 omegaPre=15.31 posN=-13/-2/0 susp=0.0091 springN=-11
INFO 2026-07-27 15:26:49.441 joltshadow - docs §70.1: slipdense (player) f=1440 w=1 grounded=0 kappa=0.000 fnGround=0 omega=13.50 | ftGround=0N target=29.1 limit=149Nm motorNm=149 tyreNm=0 inertia=1.78 limRot=0/-791/-203 omegaPre=12.74 posN=-13/15/0 susp=0.0120 springN=-66
INFO 2026-07-27 15:26:49.441 joltshadow - docs §70.1: slipdense (player) f=1440 w=2 grounded=0 kappa=0.000 fnGround=0 omega=8.85 | ftGround=0N target=29.1 limit=149Nm motorNm=149 tyreNm=0 inertia=1.82 limRot=0/-1/1 omegaPre=8.11 posN=17/3/0 susp=-0.0099 springN=-171
INFO 2026-07-27 15:26:49.441 joltshadow - docs §70.1: slipdense (player) f=1440 w=3 grounded=0 kappa=0.000 fnGround=0 omega=12.85 | ftGround=0N target=29.1 limit=149Nm motorNm=149 tyreNm=0 inertia=1.82 limRot=0/-1/1 omegaPre=12.12 posN=16/17/0 susp=0.0102 springN=-8
INFO 2026-07-27 15:26:49.441 joltshadow - docs §78: attdense (player) f=1440 joltTilt=18.93 odeTilt=17.88 upDelta=1.90 wBody=(-0.18,0.12,-0.01) |w|=0.22 grounded=0
INFO 2026-07-27 15:26:49.441 joltshadow - Shadow divergence (player): pos=2.076m vel=2.265m/s angle=2.2deg (jolt com=[4656.1 262.3 1195.1] ode com=[4655.4 260.3 1194.8])
INFO 2026-07-27 15:26:49.441 joltshadow - docs §23.6: driver input (player) realThrottle=10.00 brake=0.01 handBrake=0 steerRad=0.000
INFO 2026-07-27 15:26:49.442 joltshadow - docs §32: Jolt SHADOW chassis pitch (player) forward=(-0.227, 0.099, -0.969)
INFO 2026-07-27 15:26:49.442 joltshadow - docs §69: tilt (player) jolt=18.9 deg ode=17.9 deg delta=+1.1 deg upDelta=1.90 deg
INFO 2026-07-27 15:26:49.442 joltshadow - docs §32.4: Jolt SHADOW chassis lowest corner (player) = (4657.78,260.21,1197.79) clearanceToGround=0.437
INFO 2026-07-27 15:26:49.442 joltshadow - docs §23.5: wheel state (player) wheel=0 contact=0 suspLen=1.050 (range 0.050-1.050, 0% compressed) angVel=0.00
INFO 2026-07-27 15:26:49.442 joltshadow - docs §38.11: wheel=0 NO contact, worldAxle=(0.919,-0.309,-0.247)
INFO 2026-07-27 15:26:49.442 joltshadow - docs §32: no-contact raycast (player) wheel=0 bodyPos=(4655.79,261.58,1194.72) localMPos=(-1.155,0.060,2.270) origin=(4656.36,261.50,1192.23) dir=(-0.324,-0.946,-0.021) normalRayLen=1.679 groundFoundAt=0.000 shortfallBeyondTravel=-1.679 hitBody=8475716 hitLayer=4 hitMotion=2 hitIsSelfChassis=0
INFO 2026-07-27 15:26:49.442 joltshadow - docs §23.5: wheel state (player) wheel=1 contact=0 suspLen=1.050 (range 0.050-1.050, 0% compressed) angVel=0.00
INFO 2026-07-27 15:26:49.442 joltshadow - docs §38.11: wheel=1 NO contact, worldAxle=(0.919,-0.309,-0.247)
INFO 2026-07-27 15:26:49.442 joltshadow - docs §32: no-contact raycast (player) wheel=1 bodyPos=(4655.79,261.58,1194.72) localMPos=(1.155,0.059,2.270) origin=(4654.23,262.22,1192.80) dir=(-0.324,-0.946,-0.021) normalRayLen=1.679 groundFoundAt=0.000 shortfallBeyondTravel=-1.679 hitBody=8475717 hitLayer=4 hitMotion=2 hitIsSelfChassis=0
INFO 2026-07-27 15:26:49.442 joltshadow - docs §23.5: wheel state (player) wheel=2 contact=0 suspLen=1.050 (range 0.050-1.050, 0% compressed) angVel=0.00
INFO 2026-07-27 15:26:49.442 joltshadow - docs §38.11: wheel=2 NO contact, worldAxle=(0.919,-0.309,-0.247)
INFO 2026-07-27 15:26:49.442 joltshadow - docs §32: no-contact raycast (player) wheel=2 bodyPos=(4655.79,261.58,1194.72) localMPos=(-1.253,0.145,-2.062) origin=(4657.46,261.12,1196.41) dir=(-0.324,-0.946,-0.021) normalRayLen=1.685 groundFoundAt=0.000 shortfallBeyondTravel=-1.685 hitBody=8475718 hitLayer=4 hitMotion=2 hitIsSelfChassis=0
INFO 2026-07-27 15:26:49.442 joltshadow - docs §23.5: wheel state (player) wheel=3 contact=0 suspLen=1.050 (range 0.050-1.050, 0% compressed) angVel=0.00
INFO 2026-07-27 15:26:49.442 joltshadow - docs §38.11: wheel=3 NO contact, worldAxle=(0.919,-0.309,-0.247)
INFO 2026-07-27 15:26:49.442 joltshadow - docs §32: no-contact raycast (player) wheel=3 bodyPos=(4655.79,261.58,1194.72) localMPos=(1.253,0.146,-2.062) origin=(4655.15,261.90,1197.03) dir=(-0.324,-0.946,-0.021) normalRayLen=1.685 groundFoundAt=0.016 shortfallBeyondTravel=-1.669 hitBody=8475719 hitLayer=4 hitMotion=2 hitIsSelfChassis=0
INFO 2026-07-27 15:26:49.442 joltshadow - docs §59/63: harvest (player) wheelsWithContact=0 contactPoints=0 overflow=0 (of 4) | maxNormalF=0N bound(k_t*tau)=0N ratio=0.00
INFO 2026-07-27 15:26:49.442 joltshadow - docs §58: wheel body (player) w=0 springF=-11N stopF=0N travel=0.0091 (limits -0.5000..0.5000 rel spawn) kSusp=6000 sagPredicted=-0.0018 | frameTrav=0.0091..0.0098 frameStopN=0
INFO 2026-07-27 15:26:49.442 joltshadow - docs §66: tyre band (player) w=0 fnGround=0N fnTotal=0N pen=0.00000 penRaw=0.00000 tau=0.01000 pen/tau=0.00 | recs tyre=0 rim=0 survived=0 stale=0 distMax=0.00R
INFO 2026-07-27 15:26:49.442 joltshadow - docs §68: steer (player) w=0 steerable=1 commanded=0.000 rad measured=0.021 rad err=1.22 deg steerSign=-1 steerTq=-815Nm cap=815Nm sat=1.00
INFO 2026-07-27 15:26:49.442 joltshadow - docs §70: slip (player) w=0 grounded=0 kappa=0.000 fnGround=0N omega=16.03
INFO 2026-07-27 15:26:49.443 joltshadow - docs §67: spin (player) w=0 driven=1 omega=16.03 rad/s surfaceSpeed=10.08 m/s spinSign=+1 motorTq=149Nm cmdTq=149Nm
INFO 2026-07-27 15:26:49.443 joltshadow - docs §58: wheel body (player) w=1 springF=-66N stopF=0N travel=0.0120 (limits -0.5000..0.5000 rel spawn) kSusp=6000 sagPredicted=-0.0111 | frameTrav=0.0120..0.0122 frameStopN=0
INFO 2026-07-27 15:26:49.443 joltshadow - docs §66: tyre band (player) w=1 fnGround=0N fnTotal=0N pen=0.00000 penRaw=0.00000 tau=0.01000 pen/tau=0.00 | recs tyre=0 rim=0 survived=0 stale=0 distMax=0.00R
INFO 2026-07-27 15:26:49.443 joltshadow - docs §68: steer (player) w=1 steerable=1 commanded=0.000 rad measured=0.611 rad err=35.00 deg steerSign=-1 steerTq=815Nm cap=815Nm sat=1.00
INFO 2026-07-27 15:26:49.443 joltshadow - docs §70: slip (player) w=1 grounded=0 kappa=0.000 fnGround=0N omega=13.50
INFO 2026-07-27 15:26:49.443 joltshadow - docs §67: spin (player) w=1 driven=1 omega=13.50 rad/s surfaceSpeed=8.49 m/s spinSign=+1 motorTq=149Nm cmdTq=149Nm
INFO 2026-07-27 15:26:49.443 joltshadow - docs §58: wheel body (player) w=2 springF=-171N stopF=0N travel=-0.0099 (limits -0.5000..0.5000 rel spawn) kSusp=6000 sagPredicted=-0.0285 | frameTrav=-0.0145..-0.0099 frameStopN=0
INFO 2026-07-27 15:26:49.443 joltshadow - docs §66: tyre band (player) w=2 fnGround=0N fnTotal=0N pen=0.00000 penRaw=0.00000 tau=0.01000 pen/tau=0.00 | recs tyre=0 rim=0 survived=0 stale=0 distMax=0.00R
INFO 2026-07-27 15:26:49.443 joltshadow - docs §68: steer (player) w=2 steerable=0 commanded=0.000 rad measured=-0.000 rad err=-0.00 deg steerSign=-1 steerTq=0Nm cap=340282346638528859811704183484516925440Nm sat=0.00
INFO 2026-07-27 15:26:49.443 joltshadow - docs §70: slip (player) w=2 grounded=0 kappa=0.000 fnGround=0N omega=8.85
INFO 2026-07-27 15:26:49.443 joltshadow - docs §67: spin (player) w=2 driven=1 omega=8.85 rad/s surfaceSpeed=5.62 m/s spinSign=+1 motorTq=149Nm cmdTq=149Nm
INFO 2026-07-27 15:26:49.443 joltshadow - docs §58: wheel body (player) w=3 springF=-8N stopF=0N travel=0.0102 (limits -0.5000..0.5000 rel spawn) kSusp=6000 sagPredicted=-0.0014 | frameTrav=0.0102..0.0112 frameStopN=0
INFO 2026-07-27 15:26:49.443 joltshadow - docs §66: tyre band (player) w=3 fnGround=0N fnTotal=0N pen=0.00000 penRaw=0.00000 tau=0.01000 pen/tau=0.00 | recs tyre=0 rim=0 survived=0 stale=0 distMax=0.00R
INFO 2026-07-27 15:26:49.444 joltshadow - docs §68: steer (player) w=3 steerable=0 commanded=0.000 rad measured=-0.000 rad err=-0.00 deg steerSign=-1 steerTq=0Nm cap=340282346638528859811704183484516925440Nm sat=0.00
INFO 2026-07-27 15:26:49.444 joltshadow - docs §70: slip (player) w=3 grounded=0 kappa=0.000 fnGround=0N omega=12.85
INFO 2026-07-27 15:26:49.444 joltshadow - docs §67: spin (player) w=3 driven=1 omega=12.85 rad/s surfaceSpeed=8.17 m/s spinSign=+1 motorTq=149Nm cmdTq=149Nm
INFO 2026-07-27 15:26:49.444 joltshadow - docs §67: drivetrain (player) gear=0 rpm=2490 driveTorque=600Nm perWheel=150Nm driven=4 throttle=1.00 spin=1 | PRE-STEP brake=0.01 handBrake=0
INFO 2026-07-27 15:26:49.444 joltshadow - docs §66: tyre band SUM (player) fnGroundSum=0N fnTotalSum=0N weight=1295N carried=0.00 | penSum=0.00000 recs tyre=0 rim=0 stale=0
INFO 2026-07-27 15:26:49.444 joltshadow - docs §30: REAL ODE chassis COM (player) body=54AA14C8 = (4655.429, 260.310, 1194.847) forward=(-0.219, 0.064, -0.974)
INFO 2026-07-27 15:26:49.444 joltshadow - docs §33: real ODE chassis geom (player) #1 = class 0 (not a transform) pos=(4655.429,260.310,1194.847) radius=4.500
INFO 2026-07-27 15:26:49.444 joltshadow - docs §33: real ODE chassis geom (player) #2 = transform, inner class=1 pos=(0.000,1.095,-0.495)
INFO 2026-07-27 15:26:49.444 joltshadow - docs §33: real ODE chassis geom (player) #3 = transform, inner class=1 pos=(0.353,3.466,0.718)
INFO 2026-07-27 15:26:49.444 joltshadow - docs §33: real ODE chassis geom (player) #4 = transform, inner class=1 pos=(0.000,1.818,1.842)
INFO 2026-07-27 15:26:49.444 joltshadow - docs §33: real ODE chassis geom (player) #5 = transform, inner class=1 pos=(0.006,1.981,-2.113)
INFO 2026-07-27 15:26:49.444 joltshadow - docs §33: real ODE chassis geom (player) #6 = class 0 (not a transform) pos=(4655.429,260.310,1194.847) radius=30.000
INFO 2026-07-27 15:26:49.444 joltshadow - docs §33: real ODE chassis geom (player) #7 = class 0 (not a transform) pos=(4655.429,260.310,1194.847) radius=6.436
INFO 2026-07-27 15:26:49.444 joltshadow - docs §33: real ODE chassis geom (player) #8 = class 0 (not a transform) pos=(4655.429,260.310,1194.847) radius=200.000
INFO 2026-07-27 15:26:49.444 joltshadow - docs §33: real ODE chassis (player) has 8 total geom(s) directly attached (4 transform(s)) - compare against BuildChassisCompoundShape's own part/geom count in the build log
INFO 2026-07-27 15:26:49.444 joltshadow - docs §28: REAL ODE wheel state (player) wheel=0 displacement=-0.0106 range=1.000 (-1% compressed, signed) foreAft=2.270 localZ=2.270 cfm=0.002500 erp=0.2500
INFO 2026-07-27 15:26:49.444 joltshadow - docs §28: REAL ODE wheel state (player) wheel=1 displacement=0.0609 range=1.000 (6% compressed, signed) foreAft=2.270 localZ=2.270 cfm=0.002500 erp=0.2500
INFO 2026-07-27 15:26:49.444 joltshadow - docs §28: REAL ODE wheel state (player) wheel=2 displacement=0.0598 range=1.000 (6% compressed, signed) foreAft=-2.062 localZ=-2.062 cfm=0.002500 erp=0.2500
INFO 2026-07-27 15:26:49.444 joltshadow - docs §28: REAL ODE wheel state (player) wheel=3 displacement=-0.0091 range=1.000 (-1% compressed, signed) foreAft=-2.062 localZ=-2.062 cfm=0.002500 erp=0.2500
INFO 2026-07-27 15:26:49.487 joltshadow - docs §70.1: slipdense (player) f=1444 w=0 grounded=0 kappa=0.000 fnGround=0 omega=19.87 | ftGround=0N target=29.1 limit=149Nm motorNm=149 tyreNm=0 inertia=1.78 limRot=0/-4/0 omegaPre=18.95 posN=13/10/0 susp=0.0029 springN=10
INFO 2026-07-27 15:26:49.487 joltshadow - docs §70.1: slipdense (player) f=1444 w=1 grounded=0 kappa=0.000 fnGround=0 omega=17.34 | ftGround=0N target=29.1 limit=149Nm motorNm=149 tyreNm=0 inertia=1.78 limRot=0/-648/0 omegaPre=16.43 posN=13/1/0 susp=0.0073 springN=-15
INFO 2026-07-27 15:26:49.487 joltshadow - docs §70.1: slipdense (player) f=1444 w=2 grounded=0 kappa=0.000 fnGround=0 omega=12.62 | ftGround=0N target=29.1 limit=149Nm motorNm=149 tyreNm=0 inertia=1.82 limRot=0/-1/-1 omegaPre=11.72 posN=-2/14/0 susp=0.0056 springN=-53
INFO 2026-07-27 15:26:49.487 joltshadow - docs §70.1: slipdense (player) f=1444 w=3 grounded=0 kappa=0.000 fnGround=0 omega=16.63 | ftGround=0N target=29.1 limit=149Nm motorNm=149 tyreNm=0 inertia=1.82 limRot=0/-1/-1 omegaPre=15.73 posN=-3/3/0 susp=0.0030 springN=29
INFO 2026-07-27 15:26:49.487 joltshadow - docs §78: attdense (player) f=1444 joltTilt=19.16 odeTilt=17.61 upDelta=2.36 wBody=(-0.22,0.11,0.03) |w|=0.25 grounded=0
INFO 2026-07-27 15:26:49.534 joltshadow - docs §70.1: slipdense (player) f=1448 w=0 grounded=0 kappa=0.000 fnGround=0 omega=23.08 | ftGround=0N target=29.1 limit=149Nm motorNm=149 tyreNm=0 inertia=1.78 limRot=0/1/0 omegaPre=22.16 posN=-9/-0/0 susp=0.0024 springN=-14
INFO 2026-07-27 15:26:49.534 joltshadow - docs §70.1: slipdense (player) f=1448 w=1 grounded=0 kappa=0.000 fnGround=0 omega=20.37 | ftGround=0N target=29.1 limit=149Nm motorNm=149 tyreNm=0 inertia=1.78 limRot=0/147/0 omegaPre=19.46 posN=-9/8/0 susp=0.0011 springN=4
INFO 2026-07-27 15:26:49.534 joltshadow - docs §70.1: slipdense (player) f=1448 w=2 grounded=0 kappa=0.000 fnGround=0 omega=15.77 | ftGround=0N target=29.1 limit=149Nm motorNm=149 tyreNm=0 inertia=1.82 limRot=0/-2/0 omegaPre=14.87 posN=8/2/0 susp=0.0035 springN=-1
INFO 2026-07-27 15:26:49.534 joltshadow - docs §70.1: slipdense (player) f=1448 w=3 grounded=0 kappa=0.000 fnGround=0 omega=19.78 | ftGround=0N target=29.1 limit=149Nm motorNm=149 tyreNm=0 inertia=1.82 limRot=0/-2/0 omegaPre=18.88 posN=8/12/0 susp=-0.0019 springN=29
INFO 2026-07-27 15:26:49.534 joltshadow - docs §78: attdense (player) f=1448 joltTilt=19.42 odeTilt=17.30 upDelta=2.94 wBody=(-0.26,0.11,0.02) |w|=0.28 grounded=0
INFO 2026-07-27 15:26:49.573 joltshadow - docs §70.1: slipdense (player) f=1452 w=0 grounded=0 kappa=0.000 fnGround=0 omega=25.77 | ftGround=0N target=29.1 limit=149Nm motorNm=149 tyreNm=0 inertia=1.78 limRot=0/0/0 omegaPre=25.01 posN=1/4/0 susp=0.0034 springN=-16
INFO 2026-07-27 15:26:49.574 joltshadow - docs §70.1: slipdense (player) f=1452 w=1 grounded=0 kappa=0.000 fnGround=0 omega=23.05 | ftGround=0N target=29.1 limit=149Nm motorNm=149 tyreNm=0 inertia=1.78 limRot=0/-2/0 omegaPre=22.30 posN=1/4/0 susp=-0.0015 springN=-2
INFO 2026-07-27 15:26:49.574 joltshadow - docs §70.1: slipdense (player) f=1452 w=2 grounded=0 kappa=0.000 fnGround=0 omega=18.41 | ftGround=0N target=29.1 limit=149Nm motorNm=149 tyreNm=0 inertia=1.82 limRot=0/-2/-0 omegaPre=17.67 posN=2/7/0 susp=-0.0004 springN=18
INFO 2026-07-27 15:26:49.574 joltshadow - docs §70.1: slipdense (player) f=1452 w=3 grounded=0 kappa=0.000 fnGround=0 omega=22.42 | ftGround=0N target=29.1 limit=149Nm motorNm=149 tyreNm=0 inertia=1.82 limRot=0/-2/-0 omegaPre=21.68 posN=1/7/0 susp=-0.0033 springN=15
INFO 2026-07-27 15:26:49.574 joltshadow - docs §78: attdense (player) f=1452 joltTilt=19.67 odeTilt=17.01 upDelta=3.49 wBody=(-0.28,0.11,0.02) |w|=0.30 grounded=0
INFO 2026-07-27 15:26:49.618 joltshadow - docs §70.1: slipdense (player) f=1456 w=0 grounded=0 kappa=0.000 fnGround=0 omega=28.38 | ftGround=0N target=46.5 limit=93Nm motorNm=93 tyreNm=0 inertia=1.78 limRot=0/-7/0 omegaPre=27.81 posN=1/1/0 susp=0.0035 springN=-13
INFO 2026-07-27 15:26:49.618 joltshadow - docs §70.1: slipdense (player) f=1456 w=1 grounded=0 kappa=0.000 fnGround=0 omega=25.67 | ftGround=0N target=46.5 limit=93Nm motorNm=93 tyreNm=0 inertia=1.78 limRot=0/1/0 omegaPre=25.09 posN=0/1/0 susp=-0.0024 springN=-6
INFO 2026-07-27 15:26:49.618 joltshadow - docs §70.1: slipdense (player) f=1456 w=2 grounded=0 kappa=0.000 fnGround=0 omega=20.98 | ftGround=0N target=46.5 limit=93Nm motorNm=93 tyreNm=0 inertia=1.82 limRot=0/-2/0 omegaPre=20.41 posN=2/4/0 susp=-0.0020 springN=14
INFO 2026-07-27 15:26:49.618 joltshadow - docs §70.1: slipdense (player) f=1456 w=3 grounded=0 kappa=0.000 fnGround=0 omega=24.98 | ftGround=0N target=46.5 limit=93Nm motorNm=93 tyreNm=0 inertia=1.82 limRot=0/-2/0 omegaPre=24.42 posN=1/5/0 susp=-0.0039 springN=10
INFO 2026-07-27 15:26:49.619 joltshadow - docs §78: attdense (player) f=1456 joltTilt=19.99 odeTilt=16.68 upDelta=4.15 wBody=(-0.30,0.11,0.02) |w|=0.32 grounded=0
INFO 2026-07-27 15:26:49.662 joltshadow - docs §70.1: slipdense (player) f=1460 w=0 grounded=0 kappa=0.000 fnGround=0 omega=30.20 | ftGround=0N target=77.6 limit=56Nm motorNm=56 tyreNm=0 inertia=1.78 limRot=0/-343/0 omegaPre=29.85 posN=2/-1/0 susp=0.0014 springN=-2
INFO 2026-07-27 15:26:49.662 joltshadow - docs §70.1: slipdense (player) f=1460 w=1 grounded=0 kappa=0.000 fnGround=0 omega=27.49 | ftGround=0N target=77.6 limit=56Nm motorNm=56 tyreNm=0 inertia=1.78 limRot=0/-4/0 omegaPre=27.14 posN=2/-0/0 susp=-0.0034 springN=-6
INFO 2026-07-27 15:26:49.662 joltshadow - docs §70.1: slipdense (player) f=1460 w=2 grounded=0 kappa=0.000 fnGround=0 omega=22.76 | ftGround=0N target=77.6 limit=56Nm motorNm=56 tyreNm=0 inertia=1.82 limRot=0/-2/-0 omegaPre=22.42 posN=3/4/0 susp=-0.0002 springN=1
INFO 2026-07-27 15:26:49.662 joltshadow - docs §70.1: slipdense (player) f=1460 w=3 grounded=0 kappa=0.000 fnGround=0 omega=26.77 | ftGround=0N target=77.6 limit=56Nm motorNm=56 tyreNm=0 inertia=1.82 limRot=0/-2/-0 omegaPre=26.43 posN=3/4/0 susp=-0.0051 springN=6
INFO 2026-07-27 15:26:49.662 joltshadow - docs §78: attdense (player) f=1460 joltTilt=20.33 odeTilt=16.37 upDelta=4.83 wBody=(-0.31,0.11,0.03) |w|=0.33 grounded=0
INFO 2026-07-27 15:26:49.695 joltshadow - docs §82: resync (player) #33 dt=0.51s upMax=5.358 deg posMax=1.132 m odeTiltPath=2.807 deg gain=1.9088
INFO 2026-07-27 15:26:49.695 joltshadow - docs §87: resync landing (player) w=0 pre=0.7625 post=0.1170 m R=0.629 dY=-1.0117 dRotDeg=5.94 |corr|=1.1317 m
INFO 2026-07-27 15:26:49.695 joltshadow - docs §87: resync landing (player) w=1 pre=0.7607 post=0.0340 m R=0.629 dY=-1.0117 dRotDeg=5.94 |corr|=1.1317 m
INFO 2026-07-27 15:26:49.696 joltshadow - docs §87: resync landing (player) w=2 pre=0.1318 post=-0.0031 m R=0.635 dY=-1.0117 dRotDeg=5.94 |corr|=1.1317 m
INFO 2026-07-27 15:26:49.696 joltshadow - docs §87: resync landing (player) w=3 pre=0.3891 post=0.0428 m R=0.635 dY=-1.0117 dRotDeg=5.94 |corr|=1.1317 m
INFO 2026-07-27 15:26:49.696 joltshadow - docs §82: resync RESIDUAL (player) #33 pos=0.0000 m up=0.0000 deg
INFO 2026-07-27 15:26:49.707 joltshadow - docs §70.1: slipdense (player) f=1464 w=0 grounded=0 kappa=0.000 fnGround=0 omega=32.03 | ftGround=0N target=77.6 limit=56Nm motorNm=56 tyreNm=0 inertia=1.78 limRot=0/15/0 omegaPre=31.65 posN=14/324/0 susp=-0.4818 springN=1639
INFO 2026-07-27 15:26:49.707 joltshadow - docs §70.1: slipdense (player) f=1464 w=1 grounded=1 kappa=28.425 fnGround=1103 omega=24.07 | ftGround=1456N target=77.6 limit=56Nm motorNm=56 tyreNm=-902 inertia=1.78 limRot=0/-304/0 omegaPre=28.94 posN=-65/-1218/0 susp=-0.5369 springN=2797
INFO 2026-07-27 15:26:49.707 joltshadow - docs §70.1: slipdense (player) f=1464 w=2 grounded=1 kappa=21.133 fnGround=1024 omega=18.19 | ftGround=1736N target=77.6 limit=56Nm motorNm=56 tyreNm=-1106 inertia=1.82 limRot=0/-2/175 omegaPre=24.19 posN=-437/-1911/0 susp=-0.5801 springN=3274
INFO 2026-07-27 15:26:49.707 joltshadow - docs §70.1: slipdense (player) f=1464 w=3 grounded=1 kappa=26.123 fnGround=1103 omega=21.77 | ftGround=1829N target=77.6 limit=56Nm motorNm=56 tyreNm=-1132 inertia=1.82 limRot=0/17/-92 omegaPre=28.19 posN=368/-1629/0 susp=-0.5471 springN=3078
INFO 2026-07-27 15:26:49.707 joltshadow - docs §78: attdense (player) f=1464 joltTilt=16.20 odeTilt=16.19 upDelta=0.10 wBody=(-0.15,-0.03,0.00) |w|=0.16 grounded=3
INFO 2026-07-27 15:26:49.749 joltshadow - docs §70.1: slipdense (player) f=1468 w=0 grounded=1 kappa=2.857 fnGround=738 omega=11.88 | ftGround=1455N target=29.1 limit=149Nm motorNm=149 tyreNm=-1041 inertia=1.78 limRot=0/215/0 omegaPre=17.66 posN=-186/-1581/0 susp=-0.2679 springN=512
INFO 2026-07-27 15:26:49.749 joltshadow - docs §70.1: slipdense (player) f=1468 w=1 grounded=1 kappa=0.069 fnGround=1105 omega=3.97 | ftGround=187N target=29.1 limit=149Nm motorNm=149 tyreNm=-113 inertia=1.78 limRot=0/303/0 omegaPre=6.12 posN=356/-87/0 susp=-0.4321 springN=1322
INFO 2026-07-27 15:26:49.749 joltshadow - docs §70.1: slipdense (player) f=1468 w=2 grounded=1 kappa=0.060 fnGround=1021 omega=3.84 | ftGround=140N target=29.1 limit=149Nm motorNm=149 tyreNm=-88 inertia=1.82 limRot=0/68/16 omegaPre=3.41 posN=-275/-143/0 susp=-0.5123 springN=2306
INFO 2026-07-27 15:26:49.749 joltshadow - docs §70.1: slipdense (player) f=1468 w=3 grounded=1 kappa=0.073 fnGround=1104 omega=3.75 | ftGround=187N target=29.1 limit=149Nm motorNm=149 tyreNm=-114 inertia=1.82 limRot=0/96/-9 omegaPre=4.88 posN=291/-100/0 susp=-0.4743 springN=1984
INFO 2026-07-27 15:26:49.749 joltshadow - docs §78: attdense (player) f=1468 joltTilt=16.27 odeTilt=16.11 upDelta=0.19 wBody=(-0.32,0.00,0.19) |w|=0.37 grounded=4
INFO 2026-07-27 15:26:49.786 joltshadow - docs §70.1: slipdense (player) f=1472 w=0 grounded=0 kappa=0.000 fnGround=0 omega=10.01 | ftGround=0N target=29.1 limit=149Nm motorNm=149 tyreNm=0 inertia=1.78 limRot=0/-151/0 omegaPre=9.26 posN=-5/17/0 susp=-0.1260 springN=-353
INFO 2026-07-27 15:26:49.786 joltshadow - docs §70.1: slipdense (player) f=1472 w=1 grounded=1 kappa=0.079 fnGround=603 omega=4.15 | ftGround=256N target=29.1 limit=149Nm motorNm=149 tyreNm=-162 inertia=1.78 limRot=0/537/0 omegaPre=4.21 posN=93/-244/0 susp=-0.2696 springN=376
INFO 2026-07-27 15:26:49.786 joltshadow - docs §70.1: slipdense (player) f=1472 w=2 grounded=1 kappa=0.074 fnGround=1015 omega=4.08 | ftGround=214N target=29.1 limit=149Nm motorNm=149 tyreNm=-143 inertia=1.82 limRot=0/-1/22 omegaPre=4.06 posN=-213/-335/0 susp=-0.4126 springN=1435
INFO 2026-07-27 15:26:49.786 joltshadow - docs §70.1: slipdense (player) f=1472 w=3 grounded=1 kappa=0.068 fnGround=1086 omega=4.21 | ftGround=223N target=29.1 limit=149Nm motorNm=149 tyreNm=-137 inertia=1.82 limRot=0/37/-9 omegaPre=4.14 posN=176/-216/0 susp=-0.3486 springN=959
INFO 2026-07-27 15:26:49.786 joltshadow - docs §78: attdense (player) f=1472 joltTilt=16.84 odeTilt=16.10 upDelta=0.88 wBody=(-0.21,-0.04,0.19) |w|=0.28 grounded=3
INFO 2026-07-27 15:26:49.829 joltshadow - docs §70.1: slipdense (player) f=1476 w=0 grounded=0 kappa=0.000 fnGround=0 omega=9.59 | ftGround=0N target=-29.1 limit=149Nm motorNm=-149 tyreNm=0 inertia=1.78 limRot=0/-118/0 omegaPre=10.51 posN=4/-66/0 susp=-0.0154 springN=-353
INFO 2026-07-27 15:26:49.829 joltshadow - docs §70.1: slipdense (player) f=1476 w=1 grounded=0 kappa=0.000 fnGround=0 omega=2.02 | ftGround=0N target=-29.1 limit=149Nm motorNm=-149 tyreNm=0 inertia=1.78 limRot=0/-223/0 omegaPre=2.94 posN=9/-55/0 susp=-0.1134 springN=-237
INFO 2026-07-27 15:26:49.829 joltshadow - docs §70.1: slipdense (player) f=1476 w=2 grounded=1 kappa=-0.054 fnGround=697 omega=3.38 | ftGround=-162N target=-29.1 limit=149Nm motorNm=-149 tyreNm=121 inertia=1.82 limRot=0/-170/-35 omegaPre=3.51 posN=-389/80/0 susp=-0.2613 springN=569
INFO 2026-07-27 15:26:49.829 joltshadow - docs §70.1: slipdense (player) f=1476 w=3 grounded=1 kappa=-0.051 fnGround=337 omega=3.44 | ftGround=-177N target=-29.1 limit=149Nm motorNm=-149 tyreNm=121 inertia=1.82 limRot=0/89/11 omegaPre=3.59 posN=188/131/0 susp=-0.1961 springN=179
INFO 2026-07-27 15:26:49.829 joltshadow - docs §78: attdense (player) f=1476 joltTilt=17.38 odeTilt=16.10 upDelta=1.41 wBody=(-0.00,-0.04,0.19) |w|=0.19 grounded=2
INFO 2026-07-27 15:26:49.869 joltshadow - docs §70.1: slipdense (player) f=1480 w=0 grounded=0 kappa=0.000 fnGround=0 omega=6.16 | ftGround=0N target=-29.1 limit=149Nm motorNm=-149 tyreNm=0 inertia=1.78 limRot=0/-308/0 omegaPre=7.08 posN=-19/-9/0 susp=0.0112 springN=-110
INFO 2026-07-27 15:26:49.870 joltshadow - docs §70.1: slipdense (player) f=1480 w=1 grounded=0 kappa=0.000 fnGround=0 omega=-1.41 | ftGround=0N target=-29.1 limit=149Nm motorNm=-149 tyreNm=0 inertia=1.78 limRot=0/89/0 omegaPre=-0.49 posN=-16/-17/0 susp=-0.0261 springN=-238
INFO 2026-07-27 15:26:49.870 joltshadow - docs §70.1: slipdense (player) f=1480 w=2 grounded=1 kappa=-0.262 fnGround=0 omega=2.06 | ftGround=0N target=-29.1 limit=149Nm motorNm=-149 tyreNm=0 inertia=1.82 limRot=0/-2/-1 omegaPre=2.90 posN=-20/-12/0 susp=-0.1382 springN=-28
INFO 2026-07-27 15:26:49.870 joltshadow - docs §70.1: slipdense (player) f=1480 w=3 grounded=0 kappa=0.000 fnGround=0 omega=0.15 | ftGround=0N target=-29.1 limit=149Nm motorNm=-149 tyreNm=0 inertia=1.82 limRot=0/-3/-0 omegaPre=1.06 posN=-23/-18/0 susp=-0.0695 springN=-328
INFO 2026-07-27 15:26:49.870 joltshadow - docs §78: attdense (player) f=1480 joltTilt=17.70 odeTilt=16.11 upDelta=1.63 wBody=(0.12,-0.07,0.13) |w|=0.18 grounded=1
INFO 2026-07-27 15:26:49.912 joltshadow - docs §70.1: slipdense (player) f=1484 w=0 grounded=0 kappa=0.000 fnGround=0 omega=2.61 | ftGround=0N target=-29.1 limit=149Nm motorNm=-149 tyreNm=0 inertia=1.78 limRot=0/-572/0 omegaPre=3.38 posN=12/7/0 susp=0.0067 springN=19
INFO 2026-07-27 15:26:49.912 joltshadow - docs §70.1: slipdense (player) f=1484 w=1 grounded=0 kappa=0.000 fnGround=0 omega=-4.93 | ftGround=0N target=-29.1 limit=149Nm motorNm=-149 tyreNm=0 inertia=1.78 limRot=0/-54/0 omegaPre=-4.17 posN=13/-7/0 susp=0.0014 springN=-91
INFO 2026-07-27 15:26:49.912 joltshadow - docs §70.1: slipdense (player) f=1484 w=2 grounded=0 kappa=0.000 fnGround=0 omega=-1.39 | ftGround=0N target=-29.1 limit=149Nm motorNm=-149 tyreNm=0 inertia=1.82 limRot=0/-0/-0 omegaPre=-0.65 posN=-10/3/0 susp=-0.0390 springN=-280
INFO 2026-07-27 15:26:49.912 joltshadow - docs §70.1: slipdense (player) f=1484 w=3 grounded=0 kappa=0.000 fnGround=0 omega=-3.30 | ftGround=0N target=-29.1 limit=149Nm motorNm=-149 tyreNm=0 inertia=1.82 limRot=0/-0/-0 omegaPre=-2.56 posN=-11/-8/0 susp=-0.0051 springN=-226
INFO 2026-07-27 15:26:49.913 joltshadow - docs §78: attdense (player) f=1484 joltTilt=17.79 odeTilt=16.15 upDelta=1.65 wBody=(0.13,-0.04,0.07) |w|=0.15 grounded=0
INFO 2026-07-27 15:26:49.955 joltshadow - docs §70.1: slipdense (player) f=1488 w=0 grounded=0 kappa=0.000 fnGround=0 omega=-1.07 | ftGround=0N target=-29.1 limit=149Nm motorNm=-149 tyreNm=0 inertia=1.78 limRot=0/-605/-545 omegaPre=-0.24 posN=5/-2/0 susp=-0.0016 springN=50
INFO 2026-07-27 15:26:49.955 joltshadow - docs §70.1: slipdense (player) f=1488 w=1 grounded=0 kappa=0.000 fnGround=0 omega=-8.61 | ftGround=0N target=-29.1 limit=149Nm motorNm=-149 tyreNm=0 inertia=1.78 limRot=0/9/0 omegaPre=-7.77 posN=5/-2/0 susp=0.0062 springN=-19
INFO 2026-07-27 15:26:49.955 joltshadow - docs §70.1: slipdense (player) f=1488 w=2 grounded=0 kappa=0.000 fnGround=0 omega=-5.00 | ftGround=0N target=-29.1 limit=149Nm motorNm=-149 tyreNm=0 inertia=1.82 limRot=0/0/0 omegaPre=-4.18 posN=6/-3/0 susp=0.0045 springN=-163
INFO 2026-07-27 15:26:49.956 joltshadow - docs §70.1: slipdense (player) f=1488 w=3 grounded=0 kappa=0.000 fnGround=0 omega=-6.91 | ftGround=0N target=-29.1 limit=149Nm motorNm=-149 tyreNm=0 inertia=1.82 limRot=0/0/1 omegaPre=-6.09 posN=5/-1/0 susp=0.0124 springN=-84
INFO 2026-07-27 15:26:49.956 joltshadow - docs §78: attdense (player) f=1488 joltTilt=17.94 odeTilt=16.22 upDelta=1.73 wBody=(0.13,-0.07,0.09) |w|=0.17 grounded=0
INFO 2026-07-27 15:26:50.000 joltshadow - docs §70.1: slipdense (player) f=1492 w=0 grounded=0 kappa=0.000 fnGround=0 omega=-4.75 | ftGround=0N target=-29.1 limit=149Nm motorNm=-149 tyreNm=0 inertia=1.78 limRot=0/-671/-463 omegaPre=-3.92 posN=7/-5/0 susp=-0.0046 springN=34
INFO 2026-07-27 15:26:50.000 joltshadow - docs §70.1: slipdense (player) f=1492 w=1 grounded=0 kappa=0.000 fnGround=0 omega=-12.29 | ftGround=0N target=-29.1 limit=149Nm motorNm=-149 tyreNm=0 inertia=1.78 limRot=0/77/0 omegaPre=-11.45 posN=6/-5/0 susp=0.0039 springN=10
INFO 2026-07-27 15:26:50.000 joltshadow - docs §70.1: slipdense (player) f=1492 w=2 grounded=0 kappa=0.000 fnGround=0 omega=-8.62 | ftGround=0N target=-29.1 limit=149Nm motorNm=-149 tyreNm=0 inertia=1.82 limRot=0/-0/1 omegaPre=-7.79 posN=5/-4/0 susp=0.0109 springN=-50
INFO 2026-07-27 15:26:50.000 joltshadow - docs §70.1: slipdense (player) f=1492 w=3 grounded=0 kappa=0.000 fnGround=0 omega=-10.52 | ftGround=0N target=-29.1 limit=149Nm motorNm=-149 tyreNm=0 inertia=1.82 limRot=0/-0/1 omegaPre=-9.70 posN=4/-4/0 susp=0.0107 springN=-17
INFO 2026-07-27 15:26:50.000 joltshadow - docs §78: attdense (player) f=1492 joltTilt=18.15 odeTilt=16.32 upDelta=1.89 wBody=(0.14,-0.07,0.11) |w|=0.19 grounded=0
INFO 2026-07-27 15:26:50.044 joltshadow - docs §70.1: slipdense (player) f=1496 w=0 grounded=0 kappa=0.000 fnGround=0 omega=-8.44 | ftGround=0N target=-29.1 limit=149Nm motorNm=-149 tyreNm=0 inertia=1.78 limRot=0/-777/-246 omegaPre=-7.52 posN=16/-4/0 susp=-0.0039 springN=22
INFO 2026-07-27 15:26:50.044 joltshadow - docs §70.1: slipdense (player) f=1496 w=1 grounded=0 kappa=0.000 fnGround=0 omega=-15.96 | ftGround=0N target=-29.1 limit=149Nm motorNm=-149 tyreNm=0 inertia=1.78 limRot=0/47/0 omegaPre=-15.05 posN=16/-10/0 susp=0.0024 springN=11
INFO 2026-07-27 15:26:50.044 joltshadow - docs §70.1: slipdense (player) f=1496 w=2 grounded=0 kappa=0.000 fnGround=0 omega=-12.23 | ftGround=0N target=-29.1 limit=149Nm motorNm=-149 tyreNm=0 inertia=1.82 limRot=0/0/2 omegaPre=-11.32 posN=3/-2/0 susp=0.0061 springN=2
INFO 2026-07-27 15:26:50.044 joltshadow - docs §70.1: slipdense (player) f=1496 w=3 grounded=0 kappa=0.000 fnGround=0 omega=-14.13 | ftGround=0N target=-29.1 limit=149Nm motorNm=-149 tyreNm=0 inertia=1.82 limRot=0/0/2 omegaPre=-13.23 posN=2/-9/0 susp=0.0082 springN=-11
INFO 2026-07-27 15:26:50.044 joltshadow - docs §78: attdense (player) f=1496 joltTilt=18.44 odeTilt=16.42 upDelta=2.17 wBody=(0.16,-0.06,0.14) |w|=0.23 grounded=0
INFO 2026-07-27 15:26:50.087 joltshadow - docs §70.1: slipdense (player) f=1500 w=0 grounded=0 kappa=0.000 fnGround=0 omega=-12.04 | ftGround=0N target=-29.1 limit=149Nm motorNm=-149 tyreNm=0 inertia=1.78 limRot=0/-802/0 omegaPre=-11.03 posN=3/-9/0 susp=-0.0043 springN=24
INFO 2026-07-27 15:26:50.087 joltshadow - docs §70.1: slipdense (player) f=1500 w=1 grounded=0 kappa=0.000 fnGround=0 omega=-19.40 | ftGround=0N target=-29.1 limit=149Nm motorNm=-149 tyreNm=0 inertia=1.78 limRot=0/-239/-777 omegaPre=-18.40 posN=2/-5/0 susp=0.0028 springN=2
INFO 2026-07-27 15:26:50.087 joltshadow - docs §70.1: slipdense (player) f=1500 w=2 grounded=0 kappa=0.000 fnGround=0 omega=-15.76 | ftGround=0N target=-29.1 limit=149Nm motorNm=-149 tyreNm=0 inertia=1.82 limRot=0/-1/3 omegaPre=-14.77 posN=6/-7/0 susp=0.0002 springN=21
INFO 2026-07-27 15:26:50.088 joltshadow - docs §70.1: slipdense (player) f=1500 w=3 grounded=0 kappa=0.000 fnGround=0 omega=-17.66 | ftGround=0N target=-29.1 limit=149Nm motorNm=-149 tyreNm=0 inertia=1.82 limRot=0/-1/4 omegaPre=-16.68 posN=5/-4/0 susp=0.0078 springN=-19
INFO 2026-07-27 15:26:50.088 joltshadow - docs §78: attdense (player) f=1500 joltTilt=18.83 odeTilt=16.50 upDelta=2.61 wBody=(0.19,-0.07,0.20) |w|=0.28 grounded=0
INFO 2026-07-27 15:26:50.088 joltshadow - Shadow divergence (player): pos=2.337m vel=2.411m/s angle=2.8deg (jolt com=[4656.2 262.5 1194.5] ode com=[4655.4 260.3 1194.8])
INFO 2026-07-27 15:26:50.088 joltshadow - docs §23.6: driver input (player) realThrottle=-10.00 brake=0.01 handBrake=0 steerRad=0.000
INFO 2026-07-27 15:26:50.088 joltshadow - docs §32: Jolt SHADOW chassis pitch (player) forward=(-0.198, 0.064, -0.978)
INFO 2026-07-27 15:26:50.088 joltshadow - docs §69: tilt (player) jolt=18.8 deg ode=16.5 deg delta=+2.3 deg upDelta=2.61 deg
INFO 2026-07-27 15:26:50.088 joltshadow - docs §32.4: Jolt SHADOW chassis lowest corner (player) = (4657.78,260.54,1197.30) clearanceToGround=0.767
INFO 2026-07-27 15:26:50.088 joltshadow - docs §23.5: wheel state (player) wheel=0 contact=0 suspLen=1.050 (range 0.050-1.050, 0% compressed) angVel=0.00
INFO 2026-07-27 15:26:50.088 joltshadow - docs §38.11: wheel=0 NO contact, worldAxle=(0.925,-0.316,-0.208)
INFO 2026-07-27 15:26:50.088 joltshadow - docs §32: no-contact raycast (player) wheel=0 bodyPos=(4655.89,261.79,1194.12) localMPos=(-1.155,0.060,2.270) origin=(4656.52,261.63,1191.66) dir=(-0.323,-0.946,0.004) normalRayLen=1.679 groundFoundAt=0.000 shortfallBeyondTravel=-1.679 hitBody=8475716 hitLayer=4 hitMotion=2 hitIsSelfChassis=0
INFO 2026-07-27 15:26:50.088 joltshadow - docs §23.5: wheel state (player) wheel=1 contact=0 suspLen=1.050 (range 0.050-1.050, 0% compressed) angVel=0.00
INFO 2026-07-27 15:26:50.088 joltshadow - docs §38.11: wheel=1 NO contact, worldAxle=(0.925,-0.316,-0.208)
INFO 2026-07-27 15:26:50.088 joltshadow - docs §32: no-contact raycast (player) wheel=1 bodyPos=(4655.89,261.79,1194.12) localMPos=(1.155,0.059,2.270) origin=(4654.39,262.36,1192.14) dir=(-0.323,-0.946,0.004) normalRayLen=1.679 groundFoundAt=0.000 shortfallBeyondTravel=-1.679 hitBody=8475717 hitLayer=4 hitMotion=2 hitIsSelfChassis=0
INFO 2026-07-27 15:26:50.088 joltshadow - docs §23.5: wheel state (player) wheel=2 contact=0 suspLen=1.050 (range 0.050-1.050, 0% compressed) angVel=0.00
INFO 2026-07-27 15:26:50.089 joltshadow - docs §38.11: wheel=2 NO contact, worldAxle=(0.925,-0.316,-0.208)
INFO 2026-07-27 15:26:50.089 joltshadow - docs §32: no-contact raycast (player) wheel=2 bodyPos=(4655.89,261.79,1194.12) localMPos=(-1.253,0.145,-2.062) origin=(4657.50,261.40,1195.87) dir=(-0.323,-0.946,0.004) normalRayLen=1.685 groundFoundAt=0.005 shortfallBeyondTravel=-1.680 hitBody=8475718 hitLayer=4 hitMotion=2 hitIsSelfChassis=0
INFO 2026-07-27 15:26:50.089 joltshadow - docs §23.5: wheel state (player) wheel=3 contact=0 suspLen=1.050 (range 0.050-1.050, 0% compressed) angVel=0.00
INFO 2026-07-27 15:26:50.089 joltshadow - docs §38.11: wheel=3 NO contact, worldAxle=(0.925,-0.316,-0.208)
INFO 2026-07-27 15:26:50.089 joltshadow - docs §32: no-contact raycast (player) wheel=3 bodyPos=(4655.89,261.79,1194.12) localMPos=(1.253,0.146,-2.062) origin=(4655.18,262.19,1196.39) dir=(-0.323,-0.946,0.004) normalRayLen=1.685 groundFoundAt=0.014 shortfallBeyondTravel=-1.671 hitBody=8475719 hitLayer=4 hitMotion=2 hitIsSelfChassis=0
INFO 2026-07-27 15:26:50.089 joltshadow - docs §59/63: harvest (player) wheelsWithContact=0 contactPoints=0 overflow=0 (of 4) | maxNormalF=0N bound(k_t*tau)=0N ratio=0.00
INFO 2026-07-27 15:26:50.089 joltshadow - docs §58: wheel body (player) w=0 springF=24N stopF=0N travel=-0.0043 (limits -0.5000..0.5000 rel spawn) kSusp=6000 sagPredicted=0.0041 | frameTrav=-0.0043..-0.0041 frameStopN=0
INFO 2026-07-27 15:26:50.089 joltshadow - docs §66: tyre band (player) w=0 fnGround=0N fnTotal=0N pen=0.00000 penRaw=0.00000 tau=0.01000 pen/tau=0.00 | recs tyre=0 rim=0 survived=0 stale=0 distMax=0.00R
INFO 2026-07-27 15:26:50.089 joltshadow - docs §68: steer (player) w=0 steerable=1 commanded=0.000 rad measured=-0.605 rad err=-34.69 deg steerSign=-1 steerTq=-815Nm cap=815Nm sat=1.00
INFO 2026-07-27 15:26:50.089 joltshadow - docs §70: slip (player) w=0 grounded=0 kappa=0.000 fnGround=0N omega=-12.04
INFO 2026-07-27 15:26:50.090 joltshadow - docs §67: spin (player) w=0 driven=1 omega=-12.04 rad/s surfaceSpeed=-7.57 m/s spinSign=+1 motorTq=-149Nm cmdTq=149Nm
INFO 2026-07-27 15:26:50.090 joltshadow - docs §58: wheel body (player) w=1 springF=2N stopF=0N travel=0.0028 (limits -0.5000..0.5000 rel spawn) kSusp=6000 sagPredicted=0.0003 | frameTrav=0.0028..0.0033 frameStopN=0
INFO 2026-07-27 15:26:50.090 joltshadow - docs §66: tyre band (player) w=1 fnGround=0N fnTotal=0N pen=0.00000 penRaw=0.00000 tau=0.01000 pen/tau=0.00 | recs tyre=0 rim=0 survived=0 stale=0 distMax=0.00R
INFO 2026-07-27 15:26:50.090 joltshadow - docs §68: steer (player) w=1 steerable=1 commanded=0.000 rad measured=-0.613 rad err=-35.10 deg steerSign=-1 steerTq=-815Nm cap=815Nm sat=1.00
INFO 2026-07-27 15:26:50.090 joltshadow - docs §70: slip (player) w=1 grounded=0 kappa=0.000 fnGround=0N omega=-19.40
INFO 2026-07-27 15:26:50.090 joltshadow - docs §67: spin (player) w=1 driven=1 omega=-19.40 rad/s surfaceSpeed=-12.21 m/s spinSign=+1 motorTq=-149Nm cmdTq=149Nm
INFO 2026-07-27 15:26:50.090 joltshadow - docs §58: wheel body (player) w=2 springF=21N stopF=0N travel=0.0002 (limits -0.5000..0.5000 rel spawn) kSusp=6000 sagPredicted=0.0034 | frameTrav=0.0002..0.0014 frameStopN=0
INFO 2026-07-27 15:26:50.090 joltshadow - docs §66: tyre band (player) w=2 fnGround=0N fnTotal=0N pen=0.00000 penRaw=0.00000 tau=0.01000 pen/tau=0.00 | recs tyre=0 rim=0 survived=0 stale=0 distMax=0.00R
INFO 2026-07-27 15:26:50.090 joltshadow - docs §68: steer (player) w=2 steerable=0 commanded=0.000 rad measured=0.000 rad err=0.00 deg steerSign=-1 steerTq=0Nm cap=340282346638528859811704183484516925440Nm sat=0.00
INFO 2026-07-27 15:26:50.090 joltshadow - docs §70: slip (player) w=2 grounded=0 kappa=0.000 fnGround=0N omega=-15.76
INFO 2026-07-27 15:26:50.090 joltshadow - docs §67: spin (player) w=2 driven=1 omega=-15.76 rad/s surfaceSpeed=-10.01 m/s spinSign=+1 motorTq=-149Nm cmdTq=149Nm
INFO 2026-07-27 15:26:50.090 joltshadow - docs §58: wheel body (player) w=3 springF=-19N stopF=0N travel=0.0078 (limits -0.5000..0.5000 rel spawn) kSusp=6000 sagPredicted=-0.0032 | frameTrav=0.0078..0.0080 frameStopN=0
INFO 2026-07-27 15:26:50.090 joltshadow - docs §66: tyre band (player) w=3 fnGround=0N fnTotal=0N pen=0.00000 penRaw=0.00000 tau=0.01000 pen/tau=0.00 | recs tyre=0 rim=0 survived=0 stale=0 distMax=0.00R
INFO 2026-07-27 15:26:50.090 joltshadow - docs §68: steer (player) w=3 steerable=0 commanded=0.000 rad measured=0.000 rad err=0.00 deg steerSign=-1 steerTq=0Nm cap=340282346638528859811704183484516925440Nm sat=0.00
INFO 2026-07-27 15:26:50.090 joltshadow - docs §70: slip (player) w=3 grounded=0 kappa=0.000 fnGround=0N omega=-17.66
INFO 2026-07-27 15:26:50.090 joltshadow - docs §67: spin (player) w=3 driven=1 omega=-17.66 rad/s surfaceSpeed=-11.22 m/s spinSign=+1 motorTq=-149Nm cmdTq=149Nm
INFO 2026-07-27 15:26:50.090 joltshadow - docs §67: drivetrain (player) gear=0 rpm=3139 driveTorque=600Nm perWheel=150Nm driven=4 throttle=-1.00 spin=1 | PRE-STEP brake=0.01 handBrake=0
INFO 2026-07-27 15:26:50.090 joltshadow - docs §66: tyre band SUM (player) fnGroundSum=0N fnTotalSum=0N weight=1295N carried=0.00 | penSum=0.00000 recs tyre=0 rim=0 stale=0
INFO 2026-07-27 15:26:50.090 joltshadow - docs §30: REAL ODE chassis COM (player) body=54AA14C8 = (4655.449, 260.300, 1194.847) forward=(-0.212, 0.079, -0.974)
INFO 2026-07-27 15:26:50.090 joltshadow - docs §33: real ODE chassis geom (player) #1 = class 0 (not a transform) pos=(4655.449,260.300,1194.847) radius=4.500
INFO 2026-07-27 15:26:50.090 joltshadow - docs §33: real ODE chassis geom (player) #2 = transform, inner class=1 pos=(0.000,1.095,-0.495)
INFO 2026-07-27 15:26:50.091 joltshadow - docs §33: real ODE chassis geom (player) #3 = transform, inner class=1 pos=(0.353,3.466,0.718)
INFO 2026-07-27 15:26:50.091 joltshadow - docs §33: real ODE chassis geom (player) #4 = transform, inner class=1 pos=(0.000,1.818,1.842)
INFO 2026-07-27 15:26:50.091 joltshadow - docs §33: real ODE chassis geom (player) #5 = transform, inner class=1 pos=(0.006,1.981,-2.113)
INFO 2026-07-27 15:26:50.091 joltshadow - docs §33: real ODE chassis geom (player) #6 = class 0 (not a transform) pos=(4655.449,260.300,1194.847) radius=30.000
INFO 2026-07-27 15:26:50.091 joltshadow - docs §33: real ODE chassis geom (player) #7 = class 0 (not a transform) pos=(4655.449,260.300,1194.847) radius=6.436
INFO 2026-07-27 15:26:50.091 joltshadow - docs §33: real ODE chassis geom (player) #8 = class 0 (not a transform) pos=(4655.449,260.300,1194.847) radius=200.000
INFO 2026-07-27 15:26:50.091 joltshadow - docs §33: real ODE chassis (player) has 8 total geom(s) directly attached (4 transform(s)) - compare against BuildChassisCompoundShape's own part/geom count in the build log
INFO 2026-07-27 15:26:50.091 joltshadow - docs §28: REAL ODE wheel state (player) wheel=0 displacement=-0.0100 range=1.000 (-1% compressed, signed) foreAft=2.270 localZ=2.270 cfm=0.002500 erp=0.2500
INFO 2026-07-27 15:26:50.091 joltshadow - docs §28: REAL ODE wheel state (player) wheel=1 displacement=0.0603 range=1.000 (6% compressed, signed) foreAft=2.270 localZ=2.270 cfm=0.002500 erp=0.2500
INFO 2026-07-27 15:26:50.091 joltshadow - docs §28: REAL ODE wheel state (player) wheel=2 displacement=0.0611 range=1.000 (6% compressed, signed) foreAft=-2.062 localZ=-2.062 cfm=0.002500 erp=0.2500
INFO 2026-07-27 15:26:50.091 joltshadow - docs §28: REAL ODE wheel state (player) wheel=3 displacement=-0.0079 range=1.000 (-1% compressed, signed) foreAft=-2.062 localZ=-2.062 cfm=0.002500 erp=0.2500
INFO 2026-07-27 15:26:50.135 joltshadow - docs §70.1: slipdense (player) f=1504 w=0 grounded=0 kappa=0.000 fnGround=0 omega=-15.18 | ftGround=0N target=-29.1 limit=149Nm motorNm=-149 tyreNm=0 inertia=1.78 limRot=0/542/0 omegaPre=-14.33 posN=5/-5/0 susp=-0.0021 springN=7
INFO 2026-07-27 15:26:50.135 joltshadow - docs §70.1: slipdense (player) f=1504 w=1 grounded=0 kappa=0.000 fnGround=0 omega=-22.66 | ftGround=0N target=-29.1 limit=149Nm motorNm=-149 tyreNm=0 inertia=1.78 limRot=0/-797/-180 omegaPre=-21.74 posN=3/-11/0 susp=0.0013 springN=13
INFO 2026-07-27 15:26:50.136 joltshadow - docs §70.1: slipdense (player) f=1504 w=2 grounded=0 kappa=0.000 fnGround=0 omega=-18.95 | ftGround=0N target=-29.1 limit=149Nm motorNm=-149 tyreNm=0 inertia=1.82 limRot=0/-2/4 omegaPre=-18.05 posN=-12/-2/0 susp=-0.0005 springN=-6
INFO 2026-07-27 15:26:50.136 joltshadow - docs §70.1: slipdense (player) f=1504 w=3 grounded=0 kappa=0.000 fnGround=0 omega=-20.85 | ftGround=0N target=-29.1 limit=149Nm motorNm=-149 tyreNm=0 inertia=1.82 limRot=0/-2/4 omegaPre=-19.95 posN=-13/-10/0 susp=0.0056 springN=-8
INFO 2026-07-27 15:26:50.136 joltshadow - docs §78: attdense (player) f=1504 joltTilt=19.31 odeTilt=16.58 upDelta=3.22 wBody=(0.21,-0.09,0.20) |w|=0.30 grounded=0
INFO 2026-07-27 15:26:50.174 joltshadow - docs §70.1: slipdense (player) f=1508 w=0 grounded=0 kappa=0.000 fnGround=0 omega=-17.80 | ftGround=0N target=-29.1 limit=149Nm motorNm=-149 tyreNm=0 inertia=1.78 limRot=0/-16/0 omegaPre=-16.96 posN=-12/-15/0 susp=-0.0010 springN=7
INFO 2026-07-27 15:26:50.174 joltshadow - docs §70.1: slipdense (player) f=1508 w=1 grounded=0 kappa=0.000 fnGround=0 omega=-25.30 | ftGround=0N target=-29.1 limit=149Nm motorNm=-149 tyreNm=0 inertia=1.78 limRot=0/-448/0 omegaPre=-24.48 posN=-14/-2/0 susp=0.0006 springN=15
INFO 2026-07-27 15:26:50.174 joltshadow - docs §70.1: slipdense (player) f=1508 w=2 grounded=0 kappa=0.000 fnGround=0 omega=-21.57 | ftGround=0N target=-29.1 limit=149Nm motorNm=-149 tyreNm=0 inertia=1.82 limRot=0/-2/5 omegaPre=-20.74 posN=9/-14/0 susp=0.0012 springN=-16
INFO 2026-07-27 15:26:50.174 joltshadow - docs §70.1: slipdense (player) f=1508 w=3 grounded=0 kappa=0.000 fnGround=0 omega=-23.47 | ftGround=0N target=-29.1 limit=149Nm motorNm=-149 tyreNm=0 inertia=1.82 limRot=0/-2/5 omegaPre=-22.65 posN=7/1/0 susp=0.0052 springN=-8
INFO 2026-07-27 15:26:50.175 joltshadow - docs §78: attdense (player) f=1508 joltTilt=19.71 odeTilt=16.61 upDelta=3.79 wBody=(0.24,-0.08,0.19) |w|=0.31 grounded=0
INFO 2026-07-27 15:26:50.196 joltshadow - docs §82: resync (player) #34 dt=0.50s upMax=4.123 deg posMax=1.451 m odeTiltPath=0.624 deg gain=6.6118
INFO 2026-07-27 15:26:50.196 joltshadow - docs §87: resync landing (player) w=0 pre=0.3924 post=0.0782 m R=0.629 dY=-1.0337 dRotDeg=4.38 |corr|=1.4511 m
INFO 2026-07-27 15:26:50.196 joltshadow - docs §87: resync landing (player) w=1 pre=0.5352 post=0.0342 m R=0.629 dY=-1.0337 dRotDeg=4.38 |corr|=1.4511 m
INFO 2026-07-27 15:26:50.196 joltshadow - docs §87: resync landing (player) w=2 pre=0.3755 post=-0.0031 m R=0.635 dY=-1.0337 dRotDeg=4.38 |corr|=1.4511 m
INFO 2026-07-27 15:26:50.196 joltshadow - docs §87: resync landing (player) w=3 pre=0.6953 post=0.0478 m R=0.635 dY=-1.0337 dRotDeg=4.38 |corr|=1.4511 m
INFO 2026-07-27 15:26:50.196 joltshadow - docs §82: resync RESIDUAL (player) #34 pos=0.0000 m up=0.0198 deg
INFO 2026-07-27 15:26:50.217 joltshadow - docs §70.1: slipdense (player) f=1512 w=0 grounded=0 kappa=0.000 fnGround=0 omega=-20.64 | ftGround=0N target=-29.1 limit=149Nm motorNm=-149 tyreNm=0 inertia=1.78 limRot=0/8/0 omegaPre=-19.72 posN=88/-313/0 susp=-0.4260 springN=873
INFO 2026-07-27 15:26:50.217 joltshadow - docs §70.1: slipdense (player) f=1512 w=1 grounded=1 kappa=-12.076 fnGround=1116 omega=-17.36 | ftGround=-1978N target=-29.1 limit=149Nm motorNm=-149 tyreNm=1213 inertia=1.78 limRot=0/109/0 omegaPre=-22.94 posN=250/1791/0 susp=-0.5318 springN=2685
INFO 2026-07-27 15:26:50.217 joltshadow - docs §70.1: slipdense (player) f=1512 w=2 grounded=1 kappa=-15.197 fnGround=1008 omega=-13.60 | ftGround=-1541N target=-29.1 limit=149Nm motorNm=-149 tyreNm=995 inertia=1.82 limRot=0/94/-159 omegaPre=-18.86 posN=-354/1388/0 susp=-0.5669 springN=2964
INFO 2026-07-27 15:26:50.218 joltshadow - docs §70.1: slipdense (player) f=1512 w=3 grounded=1 kappa=-14.343 fnGround=1114 omega=-14.39 | ftGround=-1664N target=-29.1 limit=149Nm motorNm=-149 tyreNm=1042 inertia=1.82 limRot=0/124/71 omegaPre=-19.71 posN=363/1445/0 susp=-0.5188 springN=2547
INFO 2026-07-27 15:26:50.218 joltshadow - docs §78: attdense (player) f=1512 joltTilt=16.58 odeTilt=16.64 upDelta=0.16 wBody=(0.04,0.05,0.15) |w|=0.16 grounded=3
INFO 2026-07-27 15:26:50.259 joltshadow - docs §70.1: slipdense (player) f=1516 w=0 grounded=1 kappa=-0.093 fnGround=975 omega=-3.21 | ftGround=-186N target=-29.1 limit=149Nm motorNm=-149 tyreNm=128 inertia=1.78 limRot=0/-12/0 omegaPre=-3.08 posN=-187/126/0 susp=-0.3086 springN=923
INFO 2026-07-27 15:26:50.259 joltshadow - docs §70.1: slipdense (player) f=1516 w=1 grounded=1 kappa=-0.096 fnGround=1114 omega=-3.42 | ftGround=-224N target=-29.1 limit=149Nm motorNm=-149 tyreNm=137 inertia=1.78 limRot=0/41/0 omegaPre=-3.32 posN=218/215/0 susp=-0.4413 springN=1573
INFO 2026-07-27 15:26:50.259 joltshadow - docs §70.1: slipdense (player) f=1516 w=2 grounded=1 kappa=-0.099 fnGround=1010 omega=-3.43 | ftGround=-206N target=-29.1 limit=149Nm motorNm=-149 tyreNm=138 inertia=1.82 limRot=0/-11/-22 omegaPre=-3.33 posN=-299/117/0 susp=-0.4808 springN=1804
INFO 2026-07-27 15:26:50.259 joltshadow - docs §70.1: slipdense (player) f=1516 w=3 grounded=1 kappa=-0.093 fnGround=1115 omega=-3.39 | ftGround=-217N target=-29.1 limit=149Nm motorNm=-149 tyreNm=133 inertia=1.82 limRot=0/13/10 omegaPre=-3.26 posN=135/203/0 susp=-0.3966 springN=1181
INFO 2026-07-27 15:26:50.259 joltshadow - docs §78: attdense (player) f=1516 joltTilt=16.49 odeTilt=16.65 upDelta=0.48 wBody=(0.09,0.00,0.12) |w|=0.15 grounded=4
INFO 2026-07-27 15:26:50.303 joltshadow - docs §70.1: slipdense (player) f=1520 w=0 grounded=1 kappa=0.140 fnGround=0 omega=-2.70 | ftGround=0N target=29.1 limit=149Nm motorNm=149 tyreNm=0 inertia=1.78 limRot=0/30/0 omegaPre=-3.66 posN=-1/31/0 susp=-0.1605 springN=-94
INFO 2026-07-27 15:26:50.303 joltshadow - docs §70.1: slipdense (player) f=1520 w=1 grounded=1 kappa=0.061 fnGround=721 omega=-3.19 | ftGround=193N target=29.1 limit=149Nm motorNm=149 tyreNm=-129 inertia=1.78 limRot=0/20/0 omegaPre=-3.70 posN=74/-149/0 susp=-0.2738 springN=524
INFO 2026-07-27 15:26:50.303 joltshadow - docs §70.1: slipdense (player) f=1520 w=2 grounded=1 kappa=0.066 fnGround=812 omega=-3.25 | ftGround=188N target=29.1 limit=149Nm motorNm=149 tyreNm=-140 inertia=1.82 limRot=0/-117/21 omegaPre=-3.72 posN=-319/-232/0 susp=-0.3097 springN=688
INFO 2026-07-27 15:26:50.303 joltshadow - docs §70.1: slipdense (player) f=1520 w=3 grounded=1 kappa=0.059 fnGround=394 omega=-3.11 | ftGround=188N target=29.1 limit=149Nm motorNm=149 tyreNm=-127 inertia=1.82 limRot=0/95/-10 omegaPre=-3.62 posN=207/-148/0 susp=-0.2198 springN=169
INFO 2026-07-27 15:26:50.303 joltshadow - docs §78: attdense (player) f=1520 joltTilt=16.73 odeTilt=16.65 upDelta=0.78 wBody=(0.10,-0.00,0.13) |w|=0.16 grounded=4
INFO 2026-07-27 15:26:50.346 joltshadow - docs §70.1: slipdense (player) f=1524 w=0 grounded=0 kappa=0.000 fnGround=0 omega=0.90 | ftGround=0N target=29.1 limit=149Nm motorNm=149 tyreNm=0 inertia=1.78 limRot=0/-14/0 omegaPre=-0.11 posN=-10/-5/0 susp=-0.0385 springN=-366
INFO 2026-07-27 15:26:50.346 joltshadow - docs §70.1: slipdense (player) f=1524 w=1 grounded=0 kappa=0.000 fnGround=0 omega=-1.20 | ftGround=0N target=29.1 limit=149Nm motorNm=149 tyreNm=0 inertia=1.78 limRot=0/-3/0 omegaPre=-2.20 posN=-6/-7/0 susp=-0.1300 springN=-167
INFO 2026-07-27 15:26:50.346 joltshadow - docs §70.1: slipdense (player) f=1524 w=2 grounded=1 kappa=0.099 fnGround=0 omega=-2.76 | ftGround=0N target=29.1 limit=149Nm motorNm=149 tyreNm=0 inertia=1.82 limRot=0/-2/0 omegaPre=-3.12 posN=-8/-6/0 susp=-0.1638 springN=73
INFO 2026-07-27 15:26:50.346 joltshadow - docs §70.1: slipdense (player) f=1524 w=3 grounded=0 kappa=0.000 fnGround=0 omega=0.01 | ftGround=0N target=29.1 limit=149Nm motorNm=149 tyreNm=0 inertia=1.82 limRot=0/-2/-0 omegaPre=-0.97 posN=-10/-7/0 susp=-0.0751 springN=-363
INFO 2026-07-27 15:26:50.346 joltshadow - docs §78: attdense (player) f=1524 joltTilt=17.02 odeTilt=16.63 upDelta=1.15 wBody=(0.09,-0.02,0.15) |w|=0.18 grounded=1
INFO 2026-07-27 15:26:50.388 joltshadow - docs §70.1: slipdense (player) f=1528 w=0 grounded=0 kappa=0.000 fnGround=0 omega=4.41 | ftGround=0N target=29.1 limit=149Nm motorNm=149 tyreNm=0 inertia=1.78 limRot=0/4/0 omegaPre=3.57 posN=-2/3/0 susp=0.0079 springN=-178
INFO 2026-07-27 15:26:50.388 joltshadow - docs §70.1: slipdense (player) f=1528 w=1 grounded=0 kappa=0.000 fnGround=0 omega=2.31 | ftGround=0N target=29.1 limit=149Nm motorNm=149 tyreNm=0 inertia=1.78 limRot=0/-0/0 omegaPre=1.48 posN=0/1/0 susp=-0.0335 springN=-270
INFO 2026-07-27 15:26:50.389 joltshadow - docs §70.1: slipdense (player) f=1528 w=2 grounded=0 kappa=0.000 fnGround=0 omega=0.69 | ftGround=0N target=29.1 limit=149Nm motorNm=149 tyreNm=0 inertia=1.82 limRot=0/-0/-0 omegaPre=-0.13 posN=1/1/0 susp=-0.0545 springN=-262
INFO 2026-07-27 15:26:50.389 joltshadow - docs §70.1: slipdense (player) f=1528 w=3 grounded=0 kappa=0.000 fnGround=0 omega=3.46 | ftGround=0N target=29.1 limit=149Nm motorNm=149 tyreNm=0 inertia=1.82 limRot=0/-0/-0 omegaPre=2.64 posN=-2/3/0 susp=-0.0057 springN=-231
INFO 2026-07-27 15:26:50.389 joltshadow - docs §78: attdense (player) f=1528 joltTilt=17.27 odeTilt=16.60 upDelta=1.54 wBody=(0.09,-0.02,0.12) |w|=0.15 grounded=0
INFO 2026-07-27 15:26:50.429 joltshadow - docs §70.1: slipdense (player) f=1532 w=0 grounded=0 kappa=0.000 fnGround=0 omega=7.93 | ftGround=0N target=29.1 limit=149Nm motorNm=149 tyreNm=0 inertia=1.78 limRot=0/0/0 omegaPre=7.01 posN=1/7/0 susp=0.0109 springN=-30
INFO 2026-07-27 15:26:50.429 joltshadow - docs §70.1: slipdense (player) f=1532 w=1 grounded=0 kappa=0.000 fnGround=0 omega=5.83 | ftGround=0N target=29.1 limit=149Nm motorNm=149 tyreNm=0 inertia=1.78 limRot=0/0/0 omegaPre=4.91 posN=2/6/0 susp=0.0013 springN=-147
INFO 2026-07-27 15:26:50.429 joltshadow - docs §70.1: slipdense (player) f=1532 w=2 grounded=0 kappa=0.000 fnGround=0 omega=4.14 | ftGround=0N target=29.1 limit=149Nm motorNm=149 tyreNm=0 inertia=1.82 limRot=0/0/-0 omegaPre=3.24 posN=2/6/0 susp=-0.0036 springN=-175
INFO 2026-07-27 15:26:50.429 joltshadow - docs §70.1: slipdense (player) f=1532 w=3 grounded=0 kappa=0.000 fnGround=0 omega=6.91 | ftGround=0N target=29.1 limit=149Nm motorNm=149 tyreNm=0 inertia=1.82 limRot=0/0/-1 omegaPre=6.00 posN=1/7/0 susp=0.0065 springN=-50
INFO 2026-07-27 15:26:50.430 joltshadow - docs §78: attdense (player) f=1532 joltTilt=17.46 odeTilt=16.55 upDelta=1.90 wBody=(0.06,-0.02,0.11) |w|=0.13 grounded=0
INFO 2026-07-27 15:26:50.468 joltshadow - docs §70.1: slipdense (player) f=1536 w=0 grounded=0 kappa=0.000 fnGround=0 omega=11.19 | ftGround=0N target=29.1 limit=149Nm motorNm=149 tyreNm=0 inertia=1.78 limRot=0/1/0 omegaPre=10.44 posN=1/7/0 susp=0.0060 springN=6
INFO 2026-07-27 15:26:50.468 joltshadow - docs §70.1: slipdense (player) f=1536 w=1 grounded=0 kappa=0.000 fnGround=0 omega=9.09 | ftGround=0N target=29.1 limit=149Nm motorNm=149 tyreNm=0 inertia=1.78 limRot=0/1/0 omegaPre=8.34 posN=1/7/0 susp=0.0084 springN=-64
INFO 2026-07-27 15:26:50.469 joltshadow - docs §70.1: slipdense (player) f=1536 w=2 grounded=0 kappa=0.000 fnGround=0 omega=7.34 | ftGround=0N target=29.1 limit=149Nm motorNm=149 tyreNm=0 inertia=1.82 limRot=0/0/-1 omegaPre=6.60 posN=1/7/0 susp=0.0072 springN=-60
INFO 2026-07-27 15:26:50.469 joltshadow - docs §70.1: slipdense (player) f=1536 w=3 grounded=0 kappa=0.000 fnGround=0 omega=10.11 | ftGround=0N target=29.1 limit=149Nm motorNm=149 tyreNm=0 inertia=1.82 limRot=0/0/-1 omegaPre=9.37 posN=0/7/0 susp=0.0028 springN=15
INFO 2026-07-27 15:26:50.469 joltshadow - docs §78: attdense (player) f=1536 joltTilt=17.67 odeTilt=16.49 upDelta=2.22 wBody=(0.04,-0.02,0.12) |w|=0.12 grounded=0
INFO 2026-07-27 15:26:50.511 joltshadow - docs §70.1: slipdense (player) f=1540 w=0 grounded=0 kappa=0.000 fnGround=0 omega=14.79 | ftGround=0N target=29.1 limit=149Nm motorNm=149 tyreNm=0 inertia=1.78 limRot=0/0/0 omegaPre=13.95 posN=1/7/0 susp=0.0035 springN=-3
INFO 2026-07-27 15:26:50.511 joltshadow - docs §70.1: slipdense (player) f=1540 w=1 grounded=0 kappa=0.000 fnGround=0 omega=12.69 | ftGround=0N target=29.1 limit=149Nm motorNm=149 tyreNm=0 inertia=1.78 limRot=0/0/0 omegaPre=11.86 posN=0/7/0 susp=0.0053 springN=-16
INFO 2026-07-27 15:26:50.512 joltshadow - docs §70.1: slipdense (player) f=1540 w=2 grounded=0 kappa=0.000 fnGround=0 omega=10.87 | ftGround=0N target=29.1 limit=149Nm motorNm=149 tyreNm=0 inertia=1.82 limRot=0/0/-1 omegaPre=10.05 posN=1/7/0 susp=0.0042 springN=5
INFO 2026-07-27 15:26:50.512 joltshadow - docs §70.1: slipdense (player) f=1540 w=3 grounded=0 kappa=0.000 fnGround=0 omega=13.64 | ftGround=0N target=29.1 limit=149Nm motorNm=149 tyreNm=0 inertia=1.82 limRot=0/0/-1 omegaPre=12.82 posN=0/7/0 susp=-0.0017 springN=25
INFO 2026-07-27 15:26:50.512 joltshadow - docs §78: attdense (player) f=1540 joltTilt=17.94 odeTilt=16.41 upDelta=2.56 wBody=(0.01,-0.02,0.12) |w|=0.12 grounded=0
INFO 2026-07-27 15:26:50.555 joltshadow - docs §70.1: slipdense (player) f=1544 w=0 grounded=0 kappa=0.000 fnGround=0 omega=18.47 | ftGround=0N target=29.1 limit=149Nm motorNm=149 tyreNm=0 inertia=1.78 limRot=0/-2/0 omegaPre=17.47 posN=-0/7/0 susp=0.0038 springN=-15
INFO 2026-07-27 15:26:50.555 joltshadow - docs §70.1: slipdense (player) f=1544 w=1 grounded=0 kappa=0.000 fnGround=0 omega=16.37 | ftGround=0N target=29.1 limit=149Nm motorNm=149 tyreNm=0 inertia=1.78 limRot=0/-1/0 omegaPre=15.37 posN=-1/7/0 susp=0.0018 springN=-7
INFO 2026-07-27 15:26:50.556 joltshadow - docs §70.1: slipdense (player) f=1544 w=2 grounded=0 kappa=0.000 fnGround=0 omega=14.48 | ftGround=0N target=29.1 limit=149Nm motorNm=149 tyreNm=0 inertia=1.82 limRot=0/0/-2 omegaPre=13.50 posN=-0/6/0 susp=-0.0011 springN=24
INFO 2026-07-27 15:26:50.556 joltshadow - docs §70.1: slipdense (player) f=1544 w=3 grounded=0 kappa=0.000 fnGround=0 omega=17.25 | ftGround=0N target=29.1 limit=149Nm motorNm=149 tyreNm=0 inertia=1.82 limRot=0/0/-2 omegaPre=16.27 posN=-0/7/0 susp=-0.0008 springN=10
INFO 2026-07-27 15:26:50.556 joltshadow - docs §78: attdense (player) f=1544 joltTilt=18.24 odeTilt=16.31 upDelta=2.92 wBody=(-0.02,-0.02,0.12) |w|=0.12 grounded=0
INFO 2026-07-27 15:26:50.559 testharness - Scenario finished
INFO 2026-07-27 15:26:50.598 joltshadow - docs §70.1: slipdense (player) f=1548 w=0 grounded=0 kappa=0.000 fnGround=0 omega=0.12 | ftGround=0N target=0.0 limit=815Nm motorNm=-306 tyreNm=0 inertia=1.78 limRot=0/-1/0 omegaPre=3.38 posN=0/3/0 susp=-0.0014 springN=63
INFO 2026-07-27 15:26:50.598 joltshadow - docs §70.1: slipdense (player) f=1548 w=1 grounded=0 kappa=0.000 fnGround=0 omega=0.12 | ftGround=0N target=0.0 limit=815Nm motorNm=-0 tyreNm=0 inertia=1.78 limRot=0/-0/0 omegaPre=1.28 posN=-0/3/0 susp=-0.0057 springN=73
INFO 2026-07-27 15:26:50.599 joltshadow - docs §70.1: slipdense (player) f=1548 w=2 grounded=0 kappa=0.000 fnGround=0 omega=0.12 | ftGround=0N target=0.0 limit=823Nm motorNm=-0 tyreNm=0 inertia=1.82 limRot=0/-0/-0 omegaPre=0.11 posN=0/3/0 susp=-0.0000 springN=-36
INFO 2026-07-27 15:26:50.599 joltshadow - docs §70.1: slipdense (player) f=1548 w=3 grounded=0 kappa=0.000 fnGround=0 omega=0.12 | ftGround=0N target=0.0 limit=823Nm motorNm=-0 tyreNm=0 inertia=1.82 limRot=0/-0/-0 omegaPre=2.30 posN=-0/3/0 susp=0.0047 springN=-50
INFO 2026-07-27 15:26:50.599 joltshadow - docs §78: attdense (player) f=1548 joltTilt=18.49 odeTilt=16.26 upDelta=3.32 wBody=(0.12,-0.02,0.11) |w|=0.17 grounded=0
INFO 2026-07-27 15:26:50.640 joltshadow - docs §70.1: slipdense (player) f=1552 w=0 grounded=0 kappa=0.000 fnGround=0 omega=0.11 | ftGround=0N target=0.0 limit=815Nm motorNm=-0 tyreNm=0 inertia=1.78 limRot=0/1/0 omegaPre=0.11 posN=1/1/0 susp=-0.0026 springN=12
INFO 2026-07-27 15:26:50.640 joltshadow - docs §70.1: slipdense (player) f=1552 w=1 grounded=0 kappa=0.000 fnGround=0 omega=0.11 | ftGround=0N target=0.0 limit=815Nm motorNm=-0 tyreNm=0 inertia=1.78 limRot=0/-0/0 omegaPre=0.11 posN=0/2/0 susp=-0.0050 springN=8
INFO 2026-07-27 15:26:50.640 joltshadow - docs §70.1: slipdense (player) f=1552 w=2 grounded=0 kappa=0.000 fnGround=0 omega=0.11 | ftGround=0N target=0.0 limit=823Nm motorNm=-0 tyreNm=0 inertia=1.82 limRot=0/-0/0 omegaPre=0.11 posN=0/2/0 susp=0.0014 springN=-10
INFO 2026-07-27 15:26:50.640 joltshadow - docs §70.1: slipdense (player) f=1552 w=3 grounded=0 kappa=0.000 fnGround=0 omega=0.11 | ftGround=0N target=0.0 limit=823Nm motorNm=-0 tyreNm=0 inertia=1.82 limRot=0/-0/0 omegaPre=0.11 posN=-0/2/0 susp=0.0047 springN=-9
INFO 2026-07-27 15:26:50.641 joltshadow - docs §78: attdense (player) f=1552 joltTilt=18.75 odeTilt=16.24 upDelta=3.75 wBody=(0.11,-0.02,0.11) |w|=0.16 grounded=0
INFO 2026-07-27 15:26:50.682 joltshadow - docs §70.1: slipdense (player) f=1556 w=0 grounded=0 kappa=0.000 fnGround=0 omega=0.11 | ftGround=0N target=0.0 limit=815Nm motorNm=0 tyreNm=0 inertia=1.78 limRot=0/-0/0 omegaPre=0.11 posN=1/-0/0 susp=-0.0022 springN=2
INFO 2026-07-27 15:26:50.683 joltshadow - docs §70.1: slipdense (player) f=1556 w=1 grounded=0 kappa=0.000 fnGround=0 omega=0.11 | ftGround=0N target=0.0 limit=815Nm motorNm=0 tyreNm=0 inertia=1.78 limRot=0/0/0 omegaPre=0.11 posN=1/0/0 susp=0.0003 springN=-13
INFO 2026-07-27 15:26:50.683 joltshadow - docs §70.1: slipdense (player) f=1556 w=2 grounded=0 kappa=0.000 fnGround=0 omega=0.11 | ftGround=0N target=0.0 limit=823Nm motorNm=0 tyreNm=0 inertia=1.82 limRot=0/-0/0 omegaPre=0.11 posN=0/0/0 susp=0.0024 springN=-5
INFO 2026-07-27 15:26:50.683 joltshadow - docs §70.1: slipdense (player) f=1556 w=3 grounded=0 kappa=0.000 fnGround=0 omega=0.11 | ftGround=0N target=0.0 limit=823Nm motorNm=0 tyreNm=0 inertia=1.82 limRot=0/-0/0 omegaPre=0.11 posN=-0/1/0 susp=0.0011 springN=9
INFO 2026-07-27 15:26:50.683 joltshadow - docs §78: attdense (player) f=1556 joltTilt=19.01 odeTilt=16.24 upDelta=4.16 wBody=(0.11,-0.02,0.11) |w|=0.16 grounded=0
INFO 2026-07-27 15:26:50.703 joltshadow - docs §82: resync (player) #35 dt=0.51s upMax=4.336 deg posMax=1.488 m odeTiltPath=0.429 deg gain=10.1092
INFO 2026-07-27 15:26:50.703 joltshadow - docs §87: resync landing (player) w=0 pre=0.3965 post=0.1061 m R=0.629 dY=-0.9154 dRotDeg=4.36 |corr|=1.4884 m
INFO 2026-07-27 15:26:50.703 joltshadow - docs §87: resync landing (player) w=1 pre=0.5407 post=0.0339 m R=0.629 dY=-0.9154 dRotDeg=4.36 |corr|=1.4884 m
INFO 2026-07-27 15:26:50.703 joltshadow - docs §87: resync landing (player) w=2 pre=0.3371 post=-0.0031 m R=0.635 dY=-0.9154 dRotDeg=4.36 |corr|=1.4884 m
INFO 2026-07-27 15:26:50.703 joltshadow - docs §87: resync landing (player) w=3 pre=0.7429 post=0.0437 m R=0.635 dY=-0.9154 dRotDeg=4.36 |corr|=1.4884 m
INFO 2026-07-27 15:26:50.703 joltshadow - docs §82: resync RESIDUAL (player) #35 pos=0.0000 m up=0.0000 deg
INFO 2026-07-27 15:26:50.725 joltshadow - docs §70.1: slipdense (player) f=1560 w=0 grounded=0 kappa=0.000 fnGround=0 omega=-0.04 | ftGround=0N target=0.0 limit=815Nm motorNm=2 tyreNm=0 inertia=1.78 limRot=0/13/0 omegaPre=-0.04 posN=32/-11/0 susp=-0.4211 springN=761
INFO 2026-07-27 15:26:50.725 joltshadow - docs §70.1: slipdense (player) f=1560 w=1 grounded=1 kappa=-0.110 fnGround=1106 omega=-0.04 | ftGround=-69N target=0.0 limit=2782Nm motorNm=-41 tyreNm=43 inertia=1.78 limRot=0/16/0 omegaPre=-0.04 posN=227/72/0 susp=-0.5239 springN=2563
INFO 2026-07-27 15:26:50.725 joltshadow - docs §70.1: slipdense (player) f=1560 w=2 grounded=1 kappa=-0.017 fnGround=1019 omega=-0.04 | ftGround=-10N target=0.0 limit=2594Nm motorNm=-4 tyreNm=6 inertia=1.82 limRot=0/88/4 omegaPre=-0.04 posN=-288/-157/0 susp=-0.5624 springN=2953
INFO 2026-07-27 15:26:50.725 joltshadow - docs §70.1: slipdense (player) f=1560 w=3 grounded=1 kappa=-0.115 fnGround=1105 omega=-0.04 | ftGround=-71N target=0.0 limit=2807Nm motorNm=-43 tyreNm=45 inertia=1.82 limRot=0/99/4 omegaPre=-0.04 posN=403/75/0 susp=-0.5251 springN=2629
INFO 2026-07-27 15:26:50.725 joltshadow - docs §78: attdense (player) f=1560 joltTilt=16.21 odeTilt=16.23 upDelta=0.14 wBody=(-0.04,-0.02,0.13) |w|=0.13 grounded=3
INFO 2026-07-27 15:26:50.725 joltshadow - Shadow divergence (player): pos=1.360m vel=1.628m/s angle=0.1deg (jolt com=[4655.9 261.5 1195.2] ode com=[4655.5 260.3 1194.8])
INFO 2026-07-27 15:26:50.725 joltshadow - docs §23.6: driver input (player) realThrottle=-10.00 brake=0.01 handBrake=1 steerRad=0.000
INFO 2026-07-27 15:26:50.725 joltshadow - docs §32: Jolt SHADOW chassis pitch (player) forward=(-0.210, 0.078, -0.975)
INFO 2026-07-27 15:26:50.725 joltshadow - docs §69: tilt (player) jolt=16.2 deg ode=16.2 deg delta=-0.0 deg upDelta=0.14 deg
INFO 2026-07-27 15:26:50.725 joltshadow - docs §32.4: Jolt SHADOW chassis lowest corner (player) = (4657.61,259.60,1198.00) clearanceToGround=-1.000 (no ground found within 20m straight down)
INFO 2026-07-27 15:26:50.726 joltshadow - docs §23.5: wheel state (player) wheel=0 contact=0 suspLen=1.050 (range 0.050-1.050, 0% compressed) angVel=0.00
INFO 2026-07-27 15:26:50.726 joltshadow - docs §38.11: wheel=0 NO contact, worldAxle=(0.937,-0.268,-0.223)
INFO 2026-07-27 15:26:50.726 joltshadow - docs §32: no-contact raycast (player) wheel=0 bodyPos=(4655.63,260.83,1194.86) localMPos=(-1.155,0.060,2.270) origin=(4656.25,260.76,1192.39) dir=(-0.279,-0.960,-0.017) normalRayLen=1.679 groundFoundAt=0.000 shortfallBeyondTravel=-1.679 hitBody=8475716 hitLayer=4 hitMotion=2 hitIsSelfChassis=0
INFO 2026-07-27 15:26:50.726 joltshadow - docs §23.5: wheel state (player) wheel=1 contact=0 suspLen=1.050 (range 0.050-1.050, 0% compressed) angVel=0.00
INFO 2026-07-27 15:26:50.726 joltshadow - docs §38.11: wheel=1 NO contact, worldAxle=(0.937,-0.268,-0.223)
INFO 2026-07-27 15:26:50.726 joltshadow - docs §32: no-contact raycast (player) wheel=1 bodyPos=(4655.63,260.83,1194.86) localMPos=(1.155,0.059,2.270) origin=(4654.09,261.38,1192.91) dir=(-0.279,-0.960,-0.017) normalRayLen=1.679 groundFoundAt=0.000 shortfallBeyondTravel=-1.679 hitBody=8475717 hitLayer=4 hitMotion=2 hitIsSelfChassis=0
INFO 2026-07-27 15:26:50.726 joltshadow - docs §23.5: wheel state (player) wheel=2 contact=0 suspLen=1.050 (range 0.050-1.050, 0% compressed) angVel=0.00
INFO 2026-07-27 15:26:50.726 joltshadow - docs §38.11: wheel=2 NO contact, worldAxle=(0.937,-0.268,-0.223)
INFO 2026-07-27 15:26:50.726 joltshadow - docs §32: no-contact raycast (player) wheel=2 bodyPos=(4655.63,260.83,1194.86) localMPos=(-1.253,0.145,-2.062) origin=(4657.27,260.48,1196.59) dir=(-0.279,-0.960,-0.017) normalRayLen=1.685 groundFoundAt=0.000 shortfallBeyondTravel=-1.685 hitBody=8475718 hitLayer=4 hitMotion=2 hitIsSelfChassis=0
INFO 2026-07-27 15:26:50.726 joltshadow - docs §23.5: wheel state (player) wheel=3 contact=0 suspLen=1.050 (range 0.050-1.050, 0% compressed) angVel=0.00
INFO 2026-07-27 15:26:50.726 joltshadow - docs §38.11: wheel=3 NO contact, worldAxle=(0.937,-0.268,-0.223)
INFO 2026-07-27 15:26:50.726 joltshadow - docs §32: no-contact raycast (player) wheel=3 bodyPos=(4655.63,260.83,1194.86) localMPos=(1.253,0.146,-2.062) origin=(4654.93,261.15,1197.15) dir=(-0.279,-0.960,-0.017) normalRayLen=1.685 groundFoundAt=0.000 shortfallBeyondTravel=-1.685 hitBody=8475719 hitLayer=4 hitMotion=2 hitIsSelfChassis=0
INFO 2026-07-27 15:26:50.726 joltshadow - docs §59/63: harvest (player) wheelsWithContact=3 contactPoints=6 overflow=0 (of 4) | maxNormalF=1106N bound(k_t*tau)=1200N ratio=0.92
INFO 2026-07-27 15:26:50.726 joltshadow - docs §58: wheel body (player) w=0 springF=761N stopF=0N travel=-0.4211 (limits -0.5000..0.5000 rel spawn) kSusp=6000 sagPredicted=0.1268 | frameTrav=-0.4630..-0.4211 frameStopN=0
INFO 2026-07-27 15:26:50.727 joltshadow - docs §66: tyre band (player) w=0 fnGround=0N fnTotal=0N pen=0.00000 penRaw=0.00000 tau=0.01000 pen/tau=0.00 | recs tyre=0 rim=0 survived=0 stale=0 distMax=0.00R
INFO 2026-07-27 15:26:50.727 joltshadow - docs §68: steer (player) w=0 steerable=1 commanded=0.000 rad measured=0.000 rad err=0.01 deg steerSign=-1 steerTq=6Nm cap=815Nm sat=0.01
INFO 2026-07-27 15:26:50.727 joltshadow - docs §70: slip (player) w=0 grounded=0 kappa=0.000 fnGround=0N omega=-0.04
INFO 2026-07-27 15:26:50.727 joltshadow - docs §67: spin (player) w=0 driven=1 omega=-0.04 rad/s surfaceSpeed=-0.03 m/s spinSign=+1 motorTq=2Nm cmdTq=815Nm
INFO 2026-07-27 15:26:50.727 joltshadow - docs §58: wheel body (player) w=1 springF=2563N stopF=0N travel=-0.5239 (limits -0.5000..0.5000 rel spawn) kSusp=6000 sagPredicted=0.4272 | frameTrav=-0.5335..-0.5239 frameStopN=0
INFO 2026-07-27 15:26:50.727 joltshadow - docs §66: tyre band (player) w=1 fnGround=1106N fnTotal=1200N pen=0.01000 penRaw=0.05238 tau=0.01000 pen/tau=1.00 | recs tyre=1 rim=1 survived=1 stale=0 distMax=0.92R
INFO 2026-07-27 15:26:50.727 joltshadow - docs §68: steer (player) w=1 steerable=1 commanded=0.000 rad measured=0.001 rad err=0.03 deg steerSign=-1 steerTq=12Nm cap=2782Nm sat=0.00
INFO 2026-07-27 15:26:50.727 joltshadow - docs §70: slip (player) w=1 grounded=1 kappa=-0.110 fnGround=1106N omega=-0.04
INFO 2026-07-27 15:26:50.727 joltshadow - docs §67: spin (player) w=1 driven=1 omega=-0.04 rad/s surfaceSpeed=-0.03 m/s spinSign=+1 motorTq=-41Nm cmdTq=2782Nm
INFO 2026-07-27 15:26:50.727 joltshadow - docs §58: wheel body (player) w=2 springF=2953N stopF=0N travel=-0.5624 (limits -0.5000..0.5000 rel spawn) kSusp=6000 sagPredicted=0.4922 | frameTrav=-0.5735..-0.5624 frameStopN=0
INFO 2026-07-27 15:26:50.727 joltshadow - docs §66: tyre band (player) w=2 fnGround=1019N fnTotal=1200N pen=0.01000 penRaw=0.08136 tau=0.01000 pen/tau=1.00 | recs tyre=1 rim=1 survived=1 stale=0 distMax=0.87R
INFO 2026-07-27 15:26:50.727 joltshadow - docs §68: steer (player) w=2 steerable=0 commanded=0.000 rad measured=0.000 rad err=0.01 deg steerSign=-1 steerTq=0Nm cap=340282346638528859811704183484516925440Nm sat=0.00
INFO 2026-07-27 15:26:50.727 joltshadow - docs §70: slip (player) w=2 grounded=1 kappa=-0.017 fnGround=1019N omega=-0.04
INFO 2026-07-27 15:26:50.727 joltshadow - docs §67: spin (player) w=2 driven=1 omega=-0.04 rad/s surfaceSpeed=-0.03 m/s spinSign=+1 motorTq=-4Nm cmdTq=2594Nm
INFO 2026-07-27 15:26:50.728 joltshadow - docs §58: wheel body (player) w=3 springF=2629N stopF=0N travel=-0.5251 (limits -0.5000..0.5000 rel spawn) kSusp=6000 sagPredicted=0.4381 | frameTrav=-0.5356..-0.5251 frameStopN=0
INFO 2026-07-27 15:26:50.728 joltshadow - docs §66: tyre band (player) w=3 fnGround=1105N fnTotal=1200N pen=0.01000 penRaw=0.05499 tau=0.01000 pen/tau=1.00 | recs tyre=1 rim=1 survived=1 stale=0 distMax=0.91R
INFO 2026-07-27 15:26:50.728 joltshadow - docs §68: steer (player) w=3 steerable=0 commanded=0.000 rad measured=0.000 rad err=0.00 deg steerSign=-1 steerTq=0Nm cap=340282346638528859811704183484516925440Nm sat=0.00
INFO 2026-07-27 15:26:50.728 joltshadow - docs §70: slip (player) w=3 grounded=1 kappa=-0.115 fnGround=1105N omega=-0.04
INFO 2026-07-27 15:26:50.728 joltshadow - docs §67: spin (player) w=3 driven=1 omega=-0.04 rad/s surfaceSpeed=-0.03 m/s spinSign=+1 motorTq=-43Nm cmdTq=2807Nm
INFO 2026-07-27 15:26:50.728 joltshadow - docs §67: drivetrain (player) gear=0 rpm=9 driveTorque=600Nm perWheel=150Nm driven=4 throttle=-1.00 spin=1 | PRE-STEP brake=0.01 handBrake=1
INFO 2026-07-27 15:26:50.728 joltshadow - docs §66: tyre band SUM (player) fnGroundSum=3231N fnTotalSum=3600N weight=1295N carried=2.78 | penSum=0.03000 recs tyre=3 rim=3 stale=0
INFO 2026-07-27 15:26:50.728 joltshadow - docs §30: REAL ODE chassis COM (player) body=54AA14C8 = (4655.474, 260.300, 1194.847) forward=(-0.209, 0.081, -0.975)
INFO 2026-07-27 15:26:50.728 joltshadow - docs §33: real ODE chassis geom (player) #1 = class 0 (not a transform) pos=(4655.474,260.300,1194.847) radius=4.500
INFO 2026-07-27 15:26:50.728 joltshadow - docs §33: real ODE chassis geom (player) #2 = transform, inner class=1 pos=(0.000,1.095,-0.495)
INFO 2026-07-27 15:26:50.728 joltshadow - docs §33: real ODE chassis geom (player) #3 = transform, inner class=1 pos=(0.353,3.466,0.718)
INFO 2026-07-27 15:26:50.728 joltshadow - docs §33: real ODE chassis geom (player) #4 = transform, inner class=1 pos=(0.000,1.818,1.842)
INFO 2026-07-27 15:26:50.728 joltshadow - docs §33: real ODE chassis geom (player) #5 = transform, inner class=1 pos=(0.006,1.981,-2.113)
INFO 2026-07-27 15:26:50.728 joltshadow - docs §33: real ODE chassis geom (player) #6 = class 0 (not a transform) pos=(4655.474,260.300,1194.847) radius=30.000
INFO 2026-07-27 15:26:50.728 joltshadow - docs §33: real ODE chassis geom (player) #7 = class 0 (not a transform) pos=(4655.474,260.300,1194.847) radius=6.436
INFO 2026-07-27 15:26:50.728 joltshadow - docs §33: real ODE chassis geom (player) #8 = class 0 (not a transform) pos=(4655.474,260.300,1194.847) radius=200.000
INFO 2026-07-27 15:26:50.728 joltshadow - docs §33: real ODE chassis (player) has 8 total geom(s) directly attached (4 transform(s)) - compare against BuildChassisCompoundShape's own part/geom count in the build log
INFO 2026-07-27 15:26:50.728 joltshadow - docs §28: REAL ODE wheel state (player) wheel=0 displacement=-0.0086 range=1.000 (-1% compressed, signed) foreAft=2.270 localZ=2.270 cfm=0.002500 erp=0.2500
INFO 2026-07-27 15:26:50.728 joltshadow - docs §28: REAL ODE wheel state (player) wheel=1 displacement=0.0518 range=1.000 (5% compressed, signed) foreAft=2.270 localZ=2.270 cfm=0.002500 erp=0.2500
INFO 2026-07-27 15:26:50.728 joltshadow - docs §28: REAL ODE wheel state (player) wheel=2 displacement=0.0545 range=1.000 (5% compressed, signed) foreAft=-2.062 localZ=-2.062 cfm=0.002500 erp=0.2500
INFO 2026-07-27 15:26:50.728 joltshadow - docs §28: REAL ODE wheel state (player) wheel=3 displacement=-0.0038 range=1.000 (-0% compressed, signed) foreAft=-2.062 localZ=-2.062 cfm=0.002500 erp=0.2500
INFO 2026-07-27 15:26:50.769 joltshadow - docs §70.1: slipdense (player) f=1564 w=0 grounded=1 kappa=-0.016 fnGround=653 omega=-0.05 | ftGround=-9N target=0.0 limit=2367Nm motorNm=-5 tyreNm=7 inertia=1.78 limRot=0/-22/0 omegaPre=-0.06 posN=-111/-29/0 susp=-0.2655 springN=611
INFO 2026-07-27 15:26:50.769 joltshadow - docs §70.1: slipdense (player) f=1564 w=1 grounded=1 kappa=-0.064 fnGround=1108 omega=-0.05 | ftGround=-40N target=0.0 limit=2783Nm motorNm=-24 tyreNm=26 inertia=1.78 limRot=0/-3/0 omegaPre=-0.06 posN=123/42/0 susp=-0.4064 springN=1245
INFO 2026-07-27 15:26:50.769 joltshadow - docs §70.1: slipdense (player) f=1564 w=2 grounded=1 kappa=-0.022 fnGround=1017 omega=-0.05 | ftGround=-12N target=0.0 limit=2589Nm motorNm=-7 tyreNm=8 inertia=1.82 limRot=0/20/-0 omegaPre=-0.06 posN=-254/-87/0 susp=-0.4794 springN=1880
INFO 2026-07-27 15:26:50.769 joltshadow - docs §70.1: slipdense (player) f=1564 w=3 grounded=1 kappa=-0.066 fnGround=1108 omega=-0.05 | ftGround=-41N target=0.0 limit=2810Nm motorNm=-25 tyreNm=27 inertia=1.82 limRot=0/37/2 omegaPre=-0.06 posN=185/44/0 susp=-0.4092 springN=1327
INFO 2026-07-27 15:26:50.769 joltshadow - docs §78: attdense (player) f=1564 joltTilt=16.34 odeTilt=16.23 upDelta=0.20 wBody=(-0.05,-0.01,0.18) |w|=0.19 grounded=4
INFO 2026-07-27 15:26:50.815 joltshadow - docs §70.1: slipdense (player) f=1568 w=0 grounded=0 kappa=0.000 fnGround=0 omega=0.03 | ftGround=0N target=0.0 limit=815Nm motorNm=4 tyreNm=0 inertia=1.78 limRot=0/10/0 omegaPre=0.00 posN=10/-3/0 susp=-0.1039 springN=-340
INFO 2026-07-27 15:26:50.815 joltshadow - docs §70.1: slipdense (player) f=1568 w=1 grounded=1 kappa=0.103 fnGround=477 omega=0.03 | ftGround=72N target=0.0 limit=1694Nm motorNm=51 tyreNm=-47 inertia=1.78 limRot=0/-2/0 omegaPre=0.00 posN=49/-72/0 susp=-0.2258 springN=289
INFO 2026-07-27 15:26:50.816 joltshadow - docs §70.1: slipdense (player) f=1568 w=2 grounded=1 kappa=0.177 fnGround=866 omega=0.03 | ftGround=112N target=0.0 limit=2551Nm motorNm=83 tyreNm=-80 inertia=1.82 limRot=0/-53/10 omegaPre=0.00 posN=-230/-185/0 susp=-0.3125 springN=770
INFO 2026-07-27 15:26:50.816 joltshadow - docs §70.1: slipdense (player) f=1568 w=3 grounded=1 kappa=0.102 fnGround=485 omega=0.03 | ftGround=71N target=0.0 limit=1795Nm motorNm=51 tyreNm=-47 inertia=1.82 limRot=0/68/-3 omegaPre=0.00 posN=166/-71/0 susp=-0.2298 springN=270
INFO 2026-07-27 15:26:50.816 joltshadow - docs §78: attdense (player) f=1568 joltTilt=16.84 odeTilt=16.24 upDelta=0.65 wBody=(0.03,-0.01,0.19) |w|=0.19 grounded=3
INFO 2026-07-27 15:26:50.860 joltshadow - docs §70.1: slipdense (player) f=1572 w=0 grounded=0 kappa=0.000 fnGround=0 omega=0.10 | ftGround=0N target=0.0 limit=815Nm motorNm=2 tyreNm=0 inertia=1.78 limRot=0/-7/0 omegaPre=0.09 posN=-8/-8/0 susp=-0.0081 springN=-299
INFO 2026-07-27 15:26:50.860 joltshadow - docs §70.1: slipdense (player) f=1572 w=1 grounded=0 kappa=0.000 fnGround=0 omega=0.10 | ftGround=0N target=0.0 limit=815Nm motorNm=2 tyreNm=0 inertia=1.78 limRot=0/0/0 omegaPre=0.09 posN=-2/-8/0 susp=-0.0855 springN=-263
INFO 2026-07-27 15:26:50.860 joltshadow - docs §70.1: slipdense (player) f=1572 w=2 grounded=1 kappa=0.403 fnGround=61 omega=0.10 | ftGround=87N target=0.0 limit=1145Nm motorNm=67 tyreNm=-65 inertia=1.82 limRot=0/-86/7 omegaPre=0.09 posN=-141/-116/0 susp=-0.1670 springN=131
INFO 2026-07-27 15:26:50.860 joltshadow - docs §70.1: slipdense (player) f=1572 w=3 grounded=0 kappa=0.000 fnGround=0 omega=0.10 | ftGround=0N target=0.0 limit=823Nm motorNm=2 tyreNm=0 inertia=1.82 limRot=0/-2/0 omegaPre=0.09 posN=0/-8/0 susp=-0.0812 springN=-338
INFO 2026-07-27 15:26:50.860 joltshadow - docs §78: attdense (player) f=1572 joltTilt=17.24 odeTilt=16.26 upDelta=1.10 wBody=(0.10,-0.02,0.18) |w|=0.21 grounded=1
INFO 2026-07-27 15:26:50.906 joltshadow - docs §70.1: slipdense (player) f=1576 w=0 grounded=0 kappa=0.000 fnGround=0 omega=0.12 | ftGround=0N target=0.0 limit=815Nm motorNm=-0 tyreNm=0 inertia=1.78 limRot=0/3/0 omegaPre=0.12 posN=-3/2/0 susp=0.0125 springN=-70
INFO 2026-07-27 15:26:50.906 joltshadow - docs §70.1: slipdense (player) f=1576 w=1 grounded=0 kappa=0.000 fnGround=0 omega=0.12 | ftGround=0N target=0.0 limit=815Nm motorNm=-0 tyreNm=0 inertia=1.78 limRot=0/-1/0 omegaPre=0.12 posN=-1/-0/0 susp=-0.0122 springN=-188
INFO 2026-07-27 15:26:50.906 joltshadow - docs §70.1: slipdense (player) f=1576 w=2 grounded=0 kappa=0.000 fnGround=0 omega=0.12 | ftGround=0N target=0.0 limit=823Nm motorNm=-0 tyreNm=0 inertia=1.82 limRot=0/-0/-0 omegaPre=0.12 posN=-0/-2/0 susp=-0.0488 springN=-267
INFO 2026-07-27 15:26:50.906 joltshadow - docs §70.1: slipdense (player) f=1576 w=3 grounded=0 kappa=0.000 fnGround=0 omega=0.12 | ftGround=0N target=0.0 limit=823Nm motorNm=-0 tyreNm=0 inertia=1.82 limRot=0/-0/-0 omegaPre=0.12 posN=-3/0/0 susp=-0.0047 springN=-216
INFO 2026-07-27 15:26:50.907 joltshadow - docs §78: attdense (player) f=1576 joltTilt=17.48 odeTilt=16.31 upDelta=1.45 wBody=(0.12,-0.02,0.11) |w|=0.17 grounded=0
INFO 2026-07-27 15:26:50.950 joltshadow - docs §70.1: slipdense (player) f=1580 w=0 grounded=0 kappa=0.000 fnGround=0 omega=0.11 | ftGround=0N target=0.0 limit=815Nm motorNm=-1 tyreNm=0 inertia=1.78 limRot=0/-2/0 omegaPre=0.11 posN=1/3/0 susp=0.0072 springN=19
INFO 2026-07-27 15:26:50.950 joltshadow - docs §70.1: slipdense (player) f=1580 w=1 grounded=0 kappa=0.000 fnGround=0 omega=0.11 | ftGround=0N target=0.0 limit=815Nm motorNm=-1 tyreNm=0 inertia=1.78 limRot=0/0/0 omegaPre=0.11 posN=2/3/0 susp=0.0063 springN=-79
INFO 2026-07-27 15:26:50.950 joltshadow - docs §70.1: slipdense (player) f=1580 w=2 grounded=0 kappa=0.000 fnGround=0 omega=0.11 | ftGround=0N target=0.0 limit=823Nm motorNm=-1 tyreNm=0 inertia=1.82 limRot=0/0/0 omegaPre=0.11 posN=3/2/0 susp=-0.0002 springN=-175
INFO 2026-07-27 15:26:50.950 joltshadow - docs §70.1: slipdense (player) f=1580 w=3 grounded=0 kappa=0.000 fnGround=0 omega=0.11 | ftGround=0N target=0.0 limit=823Nm motorNm=-1 tyreNm=0 inertia=1.82 limRot=0/0/0 omegaPre=0.11 posN=1/3/0 susp=0.0090 springN=-61
INFO 2026-07-27 15:26:50.950 joltshadow - docs §78: attdense (player) f=1580 joltTilt=17.69 odeTilt=16.35 upDelta=1.76 wBody=(0.11,-0.02,0.11) |w|=0.15 grounded=0
INFO 2026-07-27 15:26:50.992 joltshadow - docs §70.1: slipdense (player) f=1584 w=0 grounded=0 kappa=0.000 fnGround=0 omega=0.10 | ftGround=0N target=0.0 limit=815Nm motorNm=-0 tyreNm=0 inertia=1.78 limRot=0/3/0 omegaPre=0.10 posN=2/2/0 susp=0.0003 springN=29
INFO 2026-07-27 15:26:50.992 joltshadow - docs §70.1: slipdense (player) f=1584 w=1 grounded=0 kappa=0.000 fnGround=0 omega=0.10 | ftGround=0N target=0.0 limit=815Nm motorNm=-0 tyreNm=0 inertia=1.78 limRot=0/1/0 omegaPre=0.10 posN=2/2/0 susp=0.0051 springN=-12
INFO 2026-07-27 15:26:50.992 joltshadow - docs §70.1: slipdense (player) f=1584 w=2 grounded=0 kappa=0.000 fnGround=0 omega=0.10 | ftGround=0N target=0.0 limit=823Nm motorNm=-0 tyreNm=0 inertia=1.82 limRot=0/0/0 omegaPre=0.10 posN=2/2/0 susp=0.0097 springN=-59
INFO 2026-07-27 15:26:50.992 joltshadow - docs §70.1: slipdense (player) f=1584 w=3 grounded=0 kappa=0.000 fnGround=0 omega=0.10 | ftGround=0N target=0.0 limit=823Nm motorNm=-0 tyreNm=0 inertia=1.82 limRot=0/0/0 omegaPre=0.10 posN=1/2/0 susp=0.0062 springN=4
INFO 2026-07-27 15:26:50.992 joltshadow - docs §78: attdense (player) f=1584 joltTilt=17.92 odeTilt=16.37 upDelta=2.09 wBody=(0.10,-0.02,0.11) |w|=0.15 grounded=0
INFO 2026-07-27 15:26:51.033 joltshadow - docs §70.1: slipdense (player) f=1588 w=0 grounded=0 kappa=0.000 fnGround=0 omega=0.09 | ftGround=0N target=0.0 limit=815Nm motorNm=-0 tyreNm=0 inertia=1.78 limRot=0/-2/0 omegaPre=0.09 posN=0/-0/0 susp=-0.0019 springN=12
INFO 2026-07-27 15:26:51.034 joltshadow - docs §70.1: slipdense (player) f=1588 w=1 grounded=0 kappa=0.000 fnGround=0 omega=0.09 | ftGround=0N target=0.0 limit=815Nm motorNm=-0 tyreNm=0 inertia=1.78 limRot=0/-0/0 omegaPre=0.09 posN=-0/0/0 susp=0.0038 springN=-1
INFO 2026-07-27 15:26:51.034 joltshadow - docs §70.1: slipdense (player) f=1588 w=2 grounded=0 kappa=0.000 fnGround=0 omega=0.09 | ftGround=0N target=0.0 limit=823Nm motorNm=-0 tyreNm=0 inertia=1.82 limRot=0/-0/0 omegaPre=0.09 posN=-0/1/0 susp=0.0060 springN=-1
INFO 2026-07-27 15:26:51.034 joltshadow - docs §70.1: slipdense (player) f=1588 w=3 grounded=0 kappa=0.000 fnGround=0 omega=0.09 | ftGround=0N target=0.0 limit=823Nm motorNm=-0 tyreNm=0 inertia=1.82 limRot=0/-0/0 omegaPre=0.09 posN=-0/1/0 susp=0.0045 springN=7
INFO 2026-07-27 15:26:51.034 joltshadow - docs §78: attdense (player) f=1588 joltTilt=18.19 odeTilt=16.37 upDelta=2.47 wBody=(0.09,-0.02,0.12) |w|=0.15 grounded=0
INFO 2026-07-27 15:26:51.083 joltshadow - docs §70.1: slipdense (player) f=1592 w=0 grounded=0 kappa=0.000 fnGround=0 omega=0.09 | ftGround=0N target=0.0 limit=815Nm motorNm=0 tyreNm=0 inertia=1.78 limRot=0/-1/0 omegaPre=0.09 posN=1/-1/0 susp=-0.0009 springN=-3
INFO 2026-07-27 15:26:51.083 joltshadow - docs §70.1: slipdense (player) f=1592 w=1 grounded=0 kappa=0.000 fnGround=0 omega=0.09 | ftGround=0N target=0.0 limit=815Nm motorNm=0 tyreNm=0 inertia=1.78 limRot=0/-1/0 omegaPre=0.09 posN=-0/-0/0 susp=0.0028 springN=2
INFO 2026-07-27 15:26:51.083 joltshadow - docs §70.1: slipdense (player) f=1592 w=2 grounded=0 kappa=0.000 fnGround=0 omega=0.09 | ftGround=0N target=0.0 limit=823Nm motorNm=0 tyreNm=0 inertia=1.82 limRot=0/-0/0 omegaPre=0.09 posN=-0/-0/0 susp=0.0022 springN=10
INFO 2026-07-27 15:26:51.083 joltshadow - docs §70.1: slipdense (player) f=1592 w=3 grounded=0 kappa=0.000 fnGround=0 omega=0.09 | ftGround=0N target=0.0 limit=823Nm motorNm=0 tyreNm=0 inertia=1.82 limRot=0/-0/0 omegaPre=0.09 posN=-0/0/0 susp=0.0035 springN=1
INFO 2026-07-27 15:26:51.083 joltshadow - docs §78: attdense (player) f=1592 joltTilt=18.52 odeTilt=16.36 upDelta=2.93 wBody=(0.09,-0.02,0.12) |w|=0.15 grounded=0
INFO 2026-07-27 15:26:51.125 joltshadow - docs §70.1: slipdense (player) f=1596 w=0 grounded=0 kappa=0.000 fnGround=0 omega=0.09 | ftGround=0N target=0.0 limit=815Nm motorNm=0 tyreNm=0 inertia=1.78 limRot=0/0/0 omegaPre=0.09 posN=1/-1/0 susp=-0.0003 springN=-3
INFO 2026-07-27 15:26:51.126 joltshadow - docs §70.1: slipdense (player) f=1596 w=1 grounded=0 kappa=0.000 fnGround=0 omega=0.09 | ftGround=0N target=0.0 limit=815Nm motorNm=0 tyreNm=0 inertia=1.78 limRot=0/0/0 omegaPre=0.09 posN=0/-0/0 susp=0.0036 springN=-1
INFO 2026-07-27 15:26:51.126 joltshadow - docs §70.1: slipdense (player) f=1596 w=2 grounded=0 kappa=0.000 fnGround=0 omega=0.09 | ftGround=0N target=0.0 limit=823Nm motorNm=0 tyreNm=0 inertia=1.82 limRot=0/-0/-0 omegaPre=0.09 posN=-0/-0/0 susp=0.0004 springN=7
INFO 2026-07-27 15:26:51.126 joltshadow - docs §70.1: slipdense (player) f=1596 w=3 grounded=0 kappa=0.000 fnGround=0 omega=0.09 | ftGround=0N target=0.0 limit=823Nm motorNm=0 tyreNm=0 inertia=1.82 limRot=0/-0/-0 omegaPre=0.09 posN=-0/0/0 susp=0.0033 springN=1
INFO 2026-07-27 15:26:51.126 joltshadow - docs §78: attdense (player) f=1596 joltTilt=18.84 odeTilt=16.34 upDelta=3.38 wBody=(0.09,-0.02,0.11) |w|=0.15 grounded=0
INFO 2026-07-27 15:26:51.167 joltshadow - docs §70.1: slipdense (player) f=1600 w=0 grounded=0 kappa=0.000 fnGround=0 omega=0.10 | ftGround=0N target=0.0 limit=815Nm motorNm=-0 tyreNm=0 inertia=1.78 limRot=0/-0/0 omegaPre=0.10 posN=1/-0/0 susp=0.0010 springN=-5
INFO 2026-07-27 15:26:51.167 joltshadow - docs §70.1: slipdense (player) f=1600 w=1 grounded=0 kappa=0.000 fnGround=0 omega=0.10 | ftGround=0N target=0.0 limit=815Nm motorNm=-0 tyreNm=0 inertia=1.78 limRot=0/-0/0 omegaPre=0.10 posN=1/0/0 susp=-0.0007 springN=14
INFO 2026-07-27 15:26:51.167 joltshadow - docs §70.1: slipdense (player) f=1600 w=2 grounded=0 kappa=0.000 fnGround=0 omega=0.10 | ftGround=0N target=0.0 limit=823Nm motorNm=-0 tyreNm=0 inertia=1.82 limRot=0/0/0 omegaPre=0.10 posN=1/0/0 susp=-0.0020 springN=8
INFO 2026-07-27 15:26:51.167 joltshadow - docs §70.1: slipdense (player) f=1600 w=3 grounded=0 kappa=0.000 fnGround=0 omega=0.10 | ftGround=0N target=0.0 limit=823Nm motorNm=-0 tyreNm=0 inertia=1.82 limRot=0/0/0 omegaPre=0.10 posN=1/1/0 susp=0.0016 springN=5
INFO 2026-07-27 15:26:51.168 joltshadow - docs §78: attdense (player) f=1600 joltTilt=19.06 odeTilt=16.32 upDelta=3.75 wBody=(0.10,-0.02,0.11) |w|=0.15 grounded=0
INFO 2026-07-27 15:26:51.203 joltshadow - docs §82: resync (player) #36 dt=0.50s upMax=4.080 deg posMax=1.101 m odeTiltPath=0.220 deg gain=18.5221
INFO 2026-07-27 15:26:51.203 joltshadow - docs §87: resync landing (player) w=0 pre=0.4040 post=0.0900 m R=0.629 dY=-0.9481 dRotDeg=4.10 |corr|=1.1008 m
INFO 2026-07-27 15:26:51.203 joltshadow - docs §87: resync landing (player) w=1 pre=0.5163 post=0.0340 m R=0.629 dY=-0.9481 dRotDeg=4.10 |corr|=1.1008 m
INFO 2026-07-27 15:26:51.203 joltshadow - docs §87: resync landing (player) w=2 pre=0.3307 post=-0.0031 m R=0.635 dY=-0.9481 dRotDeg=4.10 |corr|=1.1008 m
INFO 2026-07-27 15:26:51.203 joltshadow - docs §87: resync landing (player) w=3 pre=0.6881 post=0.0446 m R=0.635 dY=-0.9481 dRotDeg=4.10 |corr|=1.1008 m
INFO 2026-07-27 15:26:51.203 joltshadow - docs §82: resync RESIDUAL (player) #36 pos=0.0000 m up=0.0000 deg
INFO 2026-07-27 15:26:51.213 joltshadow - docs §70.1: slipdense (player) f=1604 w=0 grounded=0 kappa=0.000 fnGround=0 omega=-0.05 | ftGround=0N target=0.0 limit=815Nm motorNm=-5 tyreNm=0 inertia=1.78 limRot=0/7/0 omegaPre=0.09 posN=29/6/0 susp=-0.4921 springN=1887
INFO 2026-07-27 15:26:51.213 joltshadow - docs §70.1: slipdense (player) f=1604 w=1 grounded=1 kappa=-0.098 fnGround=1107 omega=-0.05 | ftGround=-61N target=0.0 limit=815Nm motorNm=-43 tyreNm=38 inertia=1.78 limRot=0/-61/0 omegaPre=0.09 posN=150/93/0 susp=-0.5476 springN=3023
INFO 2026-07-27 15:26:51.213 joltshadow - docs §70.1: slipdense (player) f=1604 w=2 grounded=1 kappa=-0.038 fnGround=1018 omega=-0.05 | ftGround=-22N target=0.0 limit=823Nm motorNm=-21 tyreNm=17 inertia=1.82 limRot=0/0/-2 omegaPre=0.09 posN=-502/-147/0 susp=-0.5907 springN=3403
INFO 2026-07-27 15:26:51.213 joltshadow - docs §70.1: slipdense (player) f=1604 w=3 grounded=1 kappa=-0.101 fnGround=1106 omega=-0.05 | ftGround=-63N target=0.0 limit=823Nm motorNm=-45 tyreNm=40 inertia=1.82 limRot=0/-7/4 omegaPre=0.09 posN=283/96/0 susp=-0.5466 springN=3097
INFO 2026-07-27 15:26:51.213 joltshadow - docs §78: attdense (player) f=1604 joltTilt=16.27 odeTilt=16.29 upDelta=0.07 wBody=(-0.05,-0.01,0.03) |w|=0.06 grounded=3
INFO 2026-07-27 15:26:51.257 joltshadow - docs §70.1: slipdense (player) f=1608 w=0 grounded=1 kappa=-0.075 fnGround=979 omega=-0.08 | ftGround=-52N target=0.0 limit=2562Nm motorNm=-19 tyreNm=19 inertia=1.78 limRot=0/39/0 omegaPre=-0.08 posN=-113/-3/0 susp=-0.3131 springN=920
INFO 2026-07-27 15:26:51.257 joltshadow - docs §70.1: slipdense (player) f=1608 w=1 grounded=1 kappa=-0.110 fnGround=1107 omega=-0.08 | ftGround=-83N target=0.0 limit=2787Nm motorNm=-53 tyreNm=54 inertia=1.78 limRot=0/4/0 omegaPre=-0.08 posN=156/89/0 susp=-0.4552 springN=1632
INFO 2026-07-27 15:26:51.258 joltshadow - docs §70.1: slipdense (player) f=1608 w=2 grounded=1 kappa=-0.060 fnGround=1018 omega=-0.08 | ftGround=-42N target=0.0 limit=2586Nm motorNm=-28 tyreNm=28 inertia=1.82 limRot=0/28/-3 omegaPre=-0.08 posN=-284/-67/0 susp=-0.5100 springN=2165
INFO 2026-07-27 15:26:51.258 joltshadow - docs §70.1: slipdense (player) f=1608 w=3 grounded=1 kappa=-0.108 fnGround=1106 omega=-0.08 | ftGround=-82N target=0.0 limit=2812Nm motorNm=-53 tyreNm=53 inertia=1.82 limRot=0/43/4 omegaPre=-0.08 posN=224/88/0 susp=-0.4511 springN=1713
INFO 2026-07-27 15:26:51.258 joltshadow - docs §78: attdense (player) f=1608 joltTilt=16.21 odeTilt=16.26 upDelta=0.14 wBody=(-0.08,-0.01,0.15) |w|=0.17 grounded=4
INFO 2026-07-27 15:26:51.297 joltshadow - docs §70.1: slipdense (player) f=1612 w=0 grounded=1 kappa=0.063 fnGround=0 omega=-0.03 | ftGround=0N target=0.0 limit=815Nm motorNm=4 tyreNm=0 inertia=1.78 limRot=0/3/0 omegaPre=-0.05 posN=2/-9/0 susp=-0.1681 springN=-112
INFO 2026-07-27 15:26:51.297 joltshadow - docs §70.1: slipdense (player) f=1612 w=1 grounded=1 kappa=0.037 fnGround=750 omega=-0.03 | ftGround=26N target=0.0 limit=2310Nm motorNm=21 tyreNm=-17 inertia=1.78 limRot=0/17/0 omegaPre=-0.05 posN=85/-28/0 susp=-0.2889 springN=551
INFO 2026-07-27 15:26:51.297 joltshadow - docs §70.1: slipdense (player) f=1612 w=2 grounded=1 kappa=0.073 fnGround=1011 omega=-0.03 | ftGround=46N target=0.0 limit=2574Nm motorNm=37 tyreNm=-33 inertia=1.82 limRot=0/-12/5 omegaPre=-0.05 posN=-197/-123/0 susp=-0.3796 springN=1122
INFO 2026-07-27 15:26:51.297 joltshadow - docs §70.1: slipdense (player) f=1612 w=3 grounded=1 kappa=0.037 fnGround=803 omega=-0.03 | ftGround=26N target=0.0 limit=2476Nm motorNm=21 tyreNm=-17 inertia=1.82 limRot=0/40/-1 omegaPre=-0.05 posN=142/-27/0 susp=-0.2934 springN=593
INFO 2026-07-27 15:26:51.297 joltshadow - docs §78: attdense (player) f=1612 joltTilt=16.65 odeTilt=16.24 upDelta=0.43 wBody=(-0.03,-0.01,0.16) |w|=0.16 grounded=4
INFO 2026-07-27 15:26:51.340 joltshadow - docs §70.1: slipdense (player) f=1616 w=0 grounded=0 kappa=0.000 fnGround=0 omega=0.06 | ftGround=0N target=0.0 limit=815Nm motorNm=3 tyreNm=0 inertia=1.78 limRot=0/1/0 omegaPre=0.04 posN=14/-7/0 susp=-0.0411 springN=-390
INFO 2026-07-27 15:26:51.340 joltshadow - docs §70.1: slipdense (player) f=1616 w=1 grounded=0 kappa=0.000 fnGround=0 omega=0.06 | ftGround=0N target=0.0 limit=815Nm motorNm=3 tyreNm=0 inertia=1.78 limRot=0/-3/0 omegaPre=0.04 posN=17/-1/0 susp=-0.1413 springN=-129
INFO 2026-07-27 15:26:51.340 joltshadow - docs §70.1: slipdense (player) f=1616 w=2 grounded=1 kappa=0.313 fnGround=550 omega=0.06 | ftGround=196N target=0.0 limit=1674Nm motorNm=146 tyreNm=-143 inertia=1.82 limRot=0/-132/17 omegaPre=0.04 posN=-290/-271/0 susp=-0.2284 springN=399
INFO 2026-07-27 15:26:51.340 joltshadow - docs §70.1: slipdense (player) f=1616 w=3 grounded=0 kappa=0.000 fnGround=0 omega=0.06 | ftGround=0N target=0.0 limit=823Nm motorNm=3 tyreNm=0 inertia=1.82 limRot=0/-0/0 omegaPre=0.04 posN=26/-0/0 susp=-0.1425 springN=-169
INFO 2026-07-27 15:26:51.340 joltshadow - docs §78: attdense (player) f=1616 joltTilt=17.01 odeTilt=16.21 upDelta=0.86 wBody=(0.06,-0.02,0.17) |w|=0.18 grounded=1
INFO 2026-07-27 15:26:51.385 joltshadow - docs §70.1: slipdense (player) f=1620 w=0 grounded=0 kappa=0.000 fnGround=0 omega=0.11 | ftGround=0N target=0.0 limit=815Nm motorNm=1 tyreNm=0 inertia=1.78 limRot=0/-0/0 omegaPre=0.11 posN=-9/-3/0 susp=0.0087 springN=-169
INFO 2026-07-27 15:26:51.385 joltshadow - docs §70.1: slipdense (player) f=1620 w=1 grounded=0 kappa=0.000 fnGround=0 omega=0.11 | ftGround=0N target=0.0 limit=815Nm motorNm=1 tyreNm=0 inertia=1.78 limRot=0/0/0 omegaPre=0.11 posN=-7/-6/0 susp=-0.0350 springN=-252
INFO 2026-07-27 15:26:51.385 joltshadow - docs §70.1: slipdense (player) f=1620 w=2 grounded=0 kappa=0.000 fnGround=0 omega=0.11 | ftGround=0N target=0.0 limit=823Nm motorNm=1 tyreNm=0 inertia=1.82 limRot=0/-1/-0 omegaPre=0.11 posN=-6/-7/0 susp=-0.0972 springN=-202
INFO 2026-07-27 15:26:51.385 joltshadow - docs §70.1: slipdense (player) f=1620 w=3 grounded=0 kappa=0.000 fnGround=0 omega=0.11 | ftGround=0N target=0.0 limit=823Nm motorNm=1 tyreNm=0 inertia=1.82 limRot=0/-1/-0 omegaPre=0.11 posN=-9/-6/0 susp=-0.0289 springN=-308
INFO 2026-07-27 15:26:51.385 joltshadow - docs §78: attdense (player) f=1620 joltTilt=17.30 odeTilt=16.18 upDelta=1.29 wBody=(0.11,-0.02,0.11) |w|=0.16 grounded=0
INFO 2026-07-27 15:26:51.386 joltshadow - Shadow divergence (player): pos=1.926m vel=3.270m/s angle=1.3deg (jolt com=[4656.1 262.1 1195.2] ode com=[4655.5 260.3 1194.8])
INFO 2026-07-27 15:26:51.386 joltshadow - docs §23.6: driver input (player) realThrottle=10.00 brake=0.01 handBrake=1 steerRad=0.000
INFO 2026-07-27 15:26:51.386 joltshadow - docs §32: Jolt SHADOW chassis pitch (player) forward=(-0.207, 0.072, -0.976)
INFO 2026-07-27 15:26:51.386 joltshadow - docs §69: tilt (player) jolt=17.3 deg ode=16.2 deg delta=+1.1 deg upDelta=1.29 deg
INFO 2026-07-27 15:26:51.386 joltshadow - docs §32.4: Jolt SHADOW chassis lowest corner (player) = (4657.79,260.13,1198.02) clearanceToGround=0.357
INFO 2026-07-27 15:26:51.386 joltshadow - docs §23.5: wheel state (player) wheel=0 contact=0 suspLen=1.050 (range 0.050-1.050, 0% compressed) angVel=0.00
INFO 2026-07-27 15:26:51.386 joltshadow - docs §38.11: wheel=0 NO contact, worldAxle=(0.932,-0.288,-0.219)
INFO 2026-07-27 15:26:51.386 joltshadow - docs §32: no-contact raycast (player) wheel=0 bodyPos=(4655.84,261.37,1194.87) localMPos=(-1.155,0.060,2.270) origin=(4656.46,261.26,1192.40) dir=(-0.297,-0.955,-0.008) normalRayLen=1.679 groundFoundAt=0.000 shortfallBeyondTravel=-1.679 hitBody=8475716 hitLayer=4 hitMotion=2 hitIsSelfChassis=0
INFO 2026-07-27 15:26:51.386 joltshadow - docs §23.5: wheel state (player) wheel=1 contact=0 suspLen=1.050 (range 0.050-1.050, 0% compressed) angVel=0.00
INFO 2026-07-27 15:26:51.386 joltshadow - docs §38.11: wheel=1 NO contact, worldAxle=(0.932,-0.288,-0.219)
INFO 2026-07-27 15:26:51.386 joltshadow - docs §32: no-contact raycast (player) wheel=1 bodyPos=(4655.84,261.37,1194.87) localMPos=(1.155,0.059,2.270) origin=(4654.31,261.93,1192.91) dir=(-0.297,-0.955,-0.008) normalRayLen=1.679 groundFoundAt=0.000 shortfallBeyondTravel=-1.679 hitBody=8475717 hitLayer=4 hitMotion=2 hitIsSelfChassis=0
INFO 2026-07-27 15:26:51.386 joltshadow - docs §23.5: wheel state (player) wheel=2 contact=0 suspLen=1.050 (range 0.050-1.050, 0% compressed) angVel=0.00
INFO 2026-07-27 15:26:51.386 joltshadow - docs §38.11: wheel=2 NO contact, worldAxle=(0.932,-0.288,-0.219)
INFO 2026-07-27 15:26:51.386 joltshadow - docs §32: no-contact raycast (player) wheel=2 bodyPos=(4655.84,261.37,1194.87) localMPos=(-1.253,0.145,-2.062) origin=(4657.47,261.00,1196.61) dir=(-0.297,-0.955,-0.008) normalRayLen=1.685 groundFoundAt=0.000 shortfallBeyondTravel=-1.685 hitBody=8475718 hitLayer=4 hitMotion=2 hitIsSelfChassis=0
INFO 2026-07-27 15:26:51.386 joltshadow - docs §23.5: wheel state (player) wheel=3 contact=0 suspLen=1.050 (range 0.050-1.050, 0% compressed) angVel=0.00
INFO 2026-07-27 15:26:51.386 joltshadow - docs §38.11: wheel=3 NO contact, worldAxle=(0.932,-0.288,-0.219)
INFO 2026-07-27 15:26:51.386 joltshadow - docs §32: no-contact raycast (player) wheel=3 bodyPos=(4655.84,261.37,1194.87) localMPos=(1.253,0.146,-2.062) origin=(4655.14,261.73,1197.15) dir=(-0.297,-0.955,-0.008) normalRayLen=1.685 groundFoundAt=0.000 shortfallBeyondTravel=-1.685 hitBody=8475719 hitLayer=4 hitMotion=2 hitIsSelfChassis=0
INFO 2026-07-27 15:26:51.386 joltshadow - docs §59/63: harvest (player) wheelsWithContact=1 contactPoints=2 overflow=0 (of 4) | maxNormalF=0N bound(k_t*tau)=0N ratio=0.00
INFO 2026-07-27 15:26:51.386 joltshadow - docs §58: wheel body (player) w=0 springF=-169N stopF=0N travel=0.0087 (limits -0.5000..0.5000 rel spawn) kSusp=6000 sagPredicted=-0.0282 | frameTrav=0.0058..0.0087 frameStopN=0
INFO 2026-07-27 15:26:51.387 joltshadow - docs §66: tyre band (player) w=0 fnGround=0N fnTotal=0N pen=0.00000 penRaw=0.00000 tau=0.01000 pen/tau=0.00 | recs tyre=0 rim=0 survived=0 stale=0 distMax=0.00R
INFO 2026-07-27 15:26:51.387 joltshadow - docs §68: steer (player) w=0 steerable=1 commanded=0.000 rad measured=-0.000 rad err=-0.00 deg steerSign=-1 steerTq=1Nm cap=815Nm sat=0.00
INFO 2026-07-27 15:26:51.387 joltshadow - docs §70: slip (player) w=0 grounded=0 kappa=0.000 fnGround=0N omega=0.11
INFO 2026-07-27 15:26:51.387 joltshadow - docs §67: spin (player) w=0 driven=1 omega=0.11 rad/s surfaceSpeed=0.07 m/s spinSign=+1 motorTq=1Nm cmdTq=815Nm
INFO 2026-07-27 15:26:51.387 joltshadow - docs §58: wheel body (player) w=1 springF=-252N stopF=0N travel=-0.0350 (limits -0.5000..0.5000 rel spawn) kSusp=6000 sagPredicted=-0.0420 | frameTrav=-0.0454..-0.0350 frameStopN=0
INFO 2026-07-27 15:26:51.387 joltshadow - docs §66: tyre band (player) w=1 fnGround=0N fnTotal=0N pen=0.00000 penRaw=0.00000 tau=0.01000 pen/tau=0.00 | recs tyre=0 rim=0 survived=0 stale=0 distMax=0.00R
INFO 2026-07-27 15:26:51.387 joltshadow - docs §68: steer (player) w=1 steerable=1 commanded=0.000 rad measured=0.000 rad err=0.01 deg steerSign=-1 steerTq=1Nm cap=815Nm sat=0.00
INFO 2026-07-27 15:26:51.387 joltshadow - docs §70: slip (player) w=1 grounded=0 kappa=0.000 fnGround=0N omega=0.11
INFO 2026-07-27 15:26:51.387 joltshadow - docs §67: spin (player) w=1 driven=1 omega=0.11 rad/s surfaceSpeed=0.07 m/s spinSign=+1 motorTq=1Nm cmdTq=815Nm
INFO 2026-07-27 15:26:51.387 joltshadow - docs §58: wheel body (player) w=2 springF=-202N stopF=0N travel=-0.0972 (limits -0.5000..0.5000 rel spawn) kSusp=6000 sagPredicted=-0.0336 | frameTrav=-0.1148..-0.0972 frameStopN=0
INFO 2026-07-27 15:26:51.387 joltshadow - docs §66: tyre band (player) w=2 fnGround=0N fnTotal=0N pen=0.00000 penRaw=0.00000 tau=0.01000 pen/tau=0.00 | recs tyre=1 rim=1 survived=0 stale=0 distMax=1.01R
INFO 2026-07-27 15:26:51.387 joltshadow - docs §68: steer (player) w=2 steerable=0 commanded=0.000 rad measured=0.000 rad err=0.00 deg steerSign=-1 steerTq=0Nm cap=340282346638528859811704183484516925440Nm sat=0.00
INFO 2026-07-27 15:26:51.387 joltshadow - docs §70: slip (player) w=2 grounded=0 kappa=0.000 fnGround=0N omega=0.11
INFO 2026-07-27 15:26:51.387 joltshadow - docs §67: spin (player) w=2 driven=1 omega=0.11 rad/s surfaceSpeed=0.07 m/s spinSign=+1 motorTq=1Nm cmdTq=823Nm
INFO 2026-07-27 15:26:51.387 joltshadow - docs §58: wheel body (player) w=3 springF=-308N stopF=0N travel=-0.0289 (limits -0.5000..0.5000 rel spawn) kSusp=6000 sagPredicted=-0.0513 | frameTrav=-0.0402..-0.0289 frameStopN=0
INFO 2026-07-27 15:26:51.387 joltshadow - docs §66: tyre band (player) w=3 fnGround=0N fnTotal=0N pen=0.00000 penRaw=0.00000 tau=0.01000 pen/tau=0.00 | recs tyre=0 rim=0 survived=0 stale=0 distMax=0.00R
INFO 2026-07-27 15:26:51.387 joltshadow - docs §68: steer (player) w=3 steerable=0 commanded=0.000 rad measured=0.000 rad err=0.00 deg steerSign=-1 steerTq=0Nm cap=340282346638528859811704183484516925440Nm sat=0.00
INFO 2026-07-27 15:26:51.387 joltshadow - docs §70: slip (player) w=3 grounded=0 kappa=0.000 fnGround=0N omega=0.11
INFO 2026-07-27 15:26:51.387 joltshadow - docs §67: spin (player) w=3 driven=1 omega=0.11 rad/s surfaceSpeed=0.07 m/s spinSign=+1 motorTq=1Nm cmdTq=823Nm
INFO 2026-07-27 15:26:51.387 joltshadow - docs §67: drivetrain (player) gear=0 rpm=22 driveTorque=600Nm perWheel=150Nm driven=4 throttle=1.00 spin=1 | PRE-STEP brake=0.01 handBrake=1
INFO 2026-07-27 15:26:51.387 joltshadow - docs §66: tyre band SUM (player) fnGroundSum=0N fnTotalSum=0N weight=1295N carried=0.00 | penSum=0.00000 recs tyre=1 rim=1 stale=0
INFO 2026-07-27 15:26:51.387 joltshadow - docs §30: REAL ODE chassis COM (player) body=54AA14C8 = (4655.498, 260.292, 1194.847) forward=(-0.207, 0.079, -0.975)
INFO 2026-07-27 15:26:51.388 joltshadow - docs §33: real ODE chassis geom (player) #1 = class 0 (not a transform) pos=(4655.498,260.292,1194.847) radius=4.500
INFO 2026-07-27 15:26:51.388 joltshadow - docs §33: real ODE chassis geom (player) #2 = transform, inner class=1 pos=(0.000,1.095,-0.495)
INFO 2026-07-27 15:26:51.388 joltshadow - docs §33: real ODE chassis geom (player) #3 = transform, inner class=1 pos=(0.353,3.466,0.718)
INFO 2026-07-27 15:26:51.388 joltshadow - docs §33: real ODE chassis geom (player) #4 = transform, inner class=1 pos=(0.000,1.818,1.842)
INFO 2026-07-27 15:26:51.388 joltshadow - docs §33: real ODE chassis geom (player) #5 = transform, inner class=1 pos=(0.006,1.981,-2.113)
INFO 2026-07-27 15:26:51.388 joltshadow - docs §33: real ODE chassis geom (player) #6 = class 0 (not a transform) pos=(4655.498,260.292,1194.847) radius=30.000
INFO 2026-07-27 15:26:51.388 joltshadow - docs §33: real ODE chassis geom (player) #7 = class 0 (not a transform) pos=(4655.498,260.292,1194.847) radius=6.436
INFO 2026-07-27 15:26:51.388 joltshadow - docs §33: real ODE chassis geom (player) #8 = class 0 (not a transform) pos=(4655.498,260.292,1194.847) radius=200.000
INFO 2026-07-27 15:26:51.388 joltshadow - docs §33: real ODE chassis (player) has 8 total geom(s) directly attached (4 transform(s)) - compare against BuildChassisCompoundShape's own part/geom count in the build log
INFO 2026-07-27 15:26:51.388 joltshadow - docs §28: REAL ODE wheel state (player) wheel=0 displacement=-0.0091 range=1.000 (-1% compressed, signed) foreAft=2.270 localZ=2.270 cfm=0.002500 erp=0.2500
INFO 2026-07-27 15:26:51.388 joltshadow - docs §28: REAL ODE wheel state (player) wheel=1 displacement=0.0538 range=1.000 (5% compressed, signed) foreAft=2.270 localZ=2.270 cfm=0.002500 erp=0.2500
INFO 2026-07-27 15:26:51.388 joltshadow - docs §28: REAL ODE wheel state (player) wheel=2 displacement=0.0555 range=1.000 (6% compressed, signed) foreAft=-2.062 localZ=-2.062 cfm=0.002500 erp=0.2500
INFO 2026-07-27 15:26:51.388 joltshadow - docs §28: REAL ODE wheel state (player) wheel=3 displacement=-0.0057 range=1.000 (-1% compressed, signed) foreAft=-2.062 localZ=-2.062 cfm=0.002500 erp=0.2500
INFO 2026-07-27 15:26:51.430 joltshadow - docs §70.1: slipdense (player) f=1624 w=0 grounded=0 kappa=0.000 fnGround=0 omega=0.10 | ftGround=0N target=0.0 limit=815Nm motorNm=-1 tyreNm=0 inertia=1.78 limRot=0/-1/0 omegaPre=0.11 posN=0/4/0 susp=0.0091 springN=-4
INFO 2026-07-27 15:26:51.431 joltshadow - docs §70.1: slipdense (player) f=1624 w=1 grounded=0 kappa=0.000 fnGround=0 omega=0.10 | ftGround=0N target=0.0 limit=815Nm motorNm=-1 tyreNm=0 inertia=1.78 limRot=0/0/0 omegaPre=0.11 posN=1/3/0 susp=0.0027 springN=-121
INFO 2026-07-27 15:26:51.431 joltshadow - docs §70.1: slipdense (player) f=1624 w=2 grounded=0 kappa=0.000 fnGround=0 omega=0.10 | ftGround=0N target=0.0 limit=823Nm motorNm=-1 tyreNm=0 inertia=1.82 limRot=0/0/-0 omegaPre=0.11 posN=2/1/0 susp=-0.0147 springN=-233
INFO 2026-07-27 15:26:51.431 joltshadow - docs §70.1: slipdense (player) f=1624 w=3 grounded=0 kappa=0.000 fnGround=0 omega=0.10 | ftGround=0N target=0.0 limit=823Nm motorNm=-1 tyreNm=0 inertia=1.82 limRot=0/0/-0 omegaPre=0.11 posN=0/3/0 susp=0.0073 springN=-119
INFO 2026-07-27 15:26:51.431 joltshadow - docs §78: attdense (player) f=1624 joltTilt=17.48 odeTilt=16.17 upDelta=1.64 wBody=(0.10,-0.02,0.09) |w|=0.14 grounded=0
INFO 2026-07-27 15:26:51.472 joltshadow - docs §70.1: slipdense (player) f=1628 w=0 grounded=0 kappa=0.000 fnGround=0 omega=0.09 | ftGround=0N target=0.0 limit=815Nm motorNm=-0 tyreNm=0 inertia=1.78 limRot=0/-1/0 omegaPre=0.09 posN=2/2/0 susp=0.0015 springN=29
INFO 2026-07-27 15:26:51.472 joltshadow - docs §70.1: slipdense (player) f=1628 w=1 grounded=0 kappa=0.000 fnGround=0 omega=0.09 | ftGround=0N target=0.0 limit=815Nm motorNm=-0 tyreNm=0 inertia=1.78 limRot=0/-1/0 omegaPre=0.09 posN=2/2/0 susp=0.0067 springN=-37
INFO 2026-07-27 15:26:51.472 joltshadow - docs §70.1: slipdense (player) f=1628 w=2 grounded=0 kappa=0.000 fnGround=0 omega=0.09 | ftGround=0N target=0.0 limit=823Nm motorNm=-0 tyreNm=0 inertia=1.82 limRot=0/0/0 omegaPre=0.09 posN=3/2/0 susp=0.0076 springN=-106
INFO 2026-07-27 15:26:51.472 joltshadow - docs §70.1: slipdense (player) f=1628 w=3 grounded=0 kappa=0.000 fnGround=0 omega=0.09 | ftGround=0N target=0.0 limit=823Nm motorNm=-0 tyreNm=0 inertia=1.82 limRot=0/0/0 omegaPre=0.09 posN=2/3/0 susp=0.0055 springN=-10
INFO 2026-07-27 15:26:51.472 joltshadow - docs §78: attdense (player) f=1628 joltTilt=17.61 odeTilt=16.17 upDelta=1.90 wBody=(0.09,-0.02,0.10) |w|=0.13 grounded=0
INFO 2026-07-27 15:26:51.514 joltshadow - docs §70.1: slipdense (player) f=1632 w=0 grounded=0 kappa=0.000 fnGround=0 omega=0.08 | ftGround=0N target=0.0 limit=815Nm motorNm=-0 tyreNm=0 inertia=1.78 limRot=0/1/0 omegaPre=0.08 posN=1/0/0 susp=-0.0010 springN=16
INFO 2026-07-27 15:26:51.514 joltshadow - docs §70.1: slipdense (player) f=1632 w=1 grounded=0 kappa=0.000 fnGround=0 omega=0.08 | ftGround=0N target=0.0 limit=815Nm motorNm=-0 tyreNm=0 inertia=1.78 limRot=0/0/0 omegaPre=0.08 posN=1/1/0 susp=0.0046 springN=-3
INFO 2026-07-27 15:26:51.514 joltshadow - docs §70.1: slipdense (player) f=1632 w=2 grounded=0 kappa=0.000 fnGround=0 omega=0.08 | ftGround=0N target=0.0 limit=823Nm motorNm=-0 tyreNm=0 inertia=1.82 limRot=0/0/0 omegaPre=0.08 posN=1/1/0 susp=0.0085 springN=-22
INFO 2026-07-27 15:26:51.514 joltshadow - docs §70.1: slipdense (player) f=1632 w=3 grounded=0 kappa=0.000 fnGround=0 omega=0.08 | ftGround=0N target=0.0 limit=823Nm motorNm=-0 tyreNm=0 inertia=1.82 limRot=0/0/0 omegaPre=0.08 posN=1/1/0 susp=0.0002 springN=15
INFO 2026-07-27 15:26:51.515 joltshadow - docs §78: attdense (player) f=1632 joltTilt=17.80 odeTilt=16.16 upDelta=2.20 wBody=(0.08,-0.02,0.10) |w|=0.13 grounded=0
INFO 2026-07-27 15:26:51.559 joltshadow - docs §70.1: slipdense (player) f=1636 w=0 grounded=0 kappa=0.000 fnGround=0 omega=0.08 | ftGround=0N target=0.0 limit=815Nm motorNm=0 tyreNm=0 inertia=1.78 limRot=0/-2/0 omegaPre=0.08 posN=1/-0/0 susp=-0.0018 springN=3
INFO 2026-07-27 15:26:51.559 joltshadow - docs §70.1: slipdense (player) f=1636 w=1 grounded=0 kappa=0.000 fnGround=0 omega=0.08 | ftGround=0N target=0.0 limit=815Nm motorNm=0 tyreNm=0 inertia=1.78 limRot=0/-1/0 omegaPre=0.08 posN=0/0/0 susp=0.0006 springN=9
INFO 2026-07-27 15:26:51.559 joltshadow - docs §70.1: slipdense (player) f=1636 w=2 grounded=0 kappa=0.000 fnGround=0 omega=0.08 | ftGround=0N target=0.0 limit=823Nm motorNm=-0 tyreNm=0 inertia=1.82 limRot=0/0/0 omegaPre=0.08 posN=0/0/0 susp=0.0034 springN=10
INFO 2026-07-27 15:26:51.559 joltshadow - docs §70.1: slipdense (player) f=1636 w=3 grounded=0 kappa=0.000 fnGround=0 omega=0.08 | ftGround=0N target=0.0 limit=823Nm motorNm=-0 tyreNm=0 inertia=1.82 limRot=0/0/0 omegaPre=0.08 posN=0/0/0 susp=-0.0027 springN=10
INFO 2026-07-27 15:26:51.559 joltshadow - docs §78: attdense (player) f=1636 joltTilt=17.98 odeTilt=16.16 upDelta=2.50 wBody=(0.08,-0.02,0.11) |w|=0.14 grounded=0
INFO 2026-07-27 15:26:51.601 joltshadow - docs §70.1: slipdense (player) f=1640 w=0 grounded=0 kappa=0.000 fnGround=0 omega=0.08 | ftGround=0N target=0.0 limit=815Nm motorNm=0 tyreNm=0 inertia=1.78 limRot=0/2/0 omegaPre=0.08 posN=-0/-0/0 susp=-0.0018 springN=-0
INFO 2026-07-27 15:26:51.601 joltshadow - docs §70.1: slipdense (player) f=1640 w=1 grounded=0 kappa=0.000 fnGround=0 omega=0.08 | ftGround=0N target=0.0 limit=815Nm motorNm=0 tyreNm=0 inertia=1.78 limRot=0/1/0 omegaPre=0.08 posN=-0/-0/0 susp=0.0010 springN=2
INFO 2026-07-27 15:26:51.601 joltshadow - docs §70.1: slipdense (player) f=1640 w=2 grounded=0 kappa=0.000 fnGround=0 omega=0.08 | ftGround=0N target=0.0 limit=823Nm motorNm=0 tyreNm=0 inertia=1.82 limRot=0/-0/-0 omegaPre=0.08 posN=-1/0/0 susp=-0.0001 springN=12
INFO 2026-07-27 15:26:51.601 joltshadow - docs §70.1: slipdense (player) f=1640 w=3 grounded=0 kappa=0.000 fnGround=0 omega=0.08 | ftGround=0N target=0.0 limit=823Nm motorNm=0 tyreNm=0 inertia=1.82 limRot=0/-0/-0 omegaPre=0.08 posN=-1/0/0 susp=0.0002 springN=-5
INFO 2026-07-27 15:26:51.602 joltshadow - docs §78: attdense (player) f=1640 joltTilt=18.22 odeTilt=16.16 upDelta=2.83 wBody=(0.08,-0.02,0.10) |w|=0.13 grounded=0
INFO 2026-07-27 15:26:51.639 joltshadow - docs §70.1: slipdense (player) f=1644 w=0 grounded=0 kappa=0.000 fnGround=0 omega=0.08 | ftGround=0N target=0.0 limit=815Nm motorNm=0 tyreNm=0 inertia=1.78 limRot=0/-2/0 omegaPre=0.08 posN=1/-0/0 susp=-0.0004 springN=-5
INFO 2026-07-27 15:26:51.639 joltshadow - docs §70.1: slipdense (player) f=1644 w=1 grounded=0 kappa=0.000 fnGround=0 omega=0.08 | ftGround=0N target=0.0 limit=815Nm motorNm=0 tyreNm=0 inertia=1.78 limRot=0/-1/0 omegaPre=0.08 posN=1/-0/0 susp=0.0001 springN=3
INFO 2026-07-27 15:26:51.640 joltshadow - docs §70.1: slipdense (player) f=1644 w=2 grounded=0 kappa=0.000 fnGround=0 omega=0.08 | ftGround=0N target=0.0 limit=823Nm motorNm=0 tyreNm=0 inertia=1.82 limRot=0/0/0 omegaPre=0.08 posN=1/-0/0 susp=-0.0004 springN=4
INFO 2026-07-27 15:26:51.640 joltshadow - docs §70.1: slipdense (player) f=1644 w=3 grounded=0 kappa=0.000 fnGround=0 omega=0.08 | ftGround=0N target=0.0 limit=823Nm motorNm=0 tyreNm=0 inertia=1.82 limRot=0/0/0 omegaPre=0.08 posN=0/0/0 susp=-0.0005 springN=1
INFO 2026-07-27 15:26:51.640 joltshadow - docs §78: attdense (player) f=1644 joltTilt=18.40 odeTilt=16.15 upDelta=3.11 wBody=(0.08,-0.02,0.10) |w|=0.13 grounded=0
INFO 2026-07-27 15:26:51.679 joltshadow - docs §70.1: slipdense (player) f=1648 w=0 grounded=0 kappa=0.000 fnGround=0 omega=0.08 | ftGround=0N target=0.0 limit=815Nm motorNm=-0 tyreNm=0 inertia=1.78 limRot=0/1/0 omegaPre=0.08 posN=1/-0/0 susp=0.0011 springN=-6
INFO 2026-07-27 15:26:51.680 joltshadow - docs §70.1: slipdense (player) f=1648 w=1 grounded=0 kappa=0.000 fnGround=0 omega=0.08 | ftGround=0N target=0.0 limit=815Nm motorNm=-0 tyreNm=0 inertia=1.78 limRot=0/0/0 omegaPre=0.08 posN=1/0/0 susp=-0.0024 springN=8
INFO 2026-07-27 15:26:51.680 joltshadow - docs §70.1: slipdense (player) f=1648 w=2 grounded=0 kappa=0.000 fnGround=0 omega=0.08 | ftGround=0N target=0.0 limit=823Nm motorNm=-0 tyreNm=0 inertia=1.82 limRot=0/0/0 omegaPre=0.08 posN=1/0/0 susp=-0.0008 springN=1
INFO 2026-07-27 15:26:51.680 joltshadow - docs §70.1: slipdense (player) f=1648 w=3 grounded=0 kappa=0.000 fnGround=0 omega=0.08 | ftGround=0N target=0.0 limit=823Nm motorNm=-0 tyreNm=0 inertia=1.82 limRot=0/0/0 omegaPre=0.08 posN=1/0/0 susp=-0.0019 springN=4
INFO 2026-07-27 15:26:51.680 joltshadow - docs §78: attdense (player) f=1648 joltTilt=18.58 odeTilt=16.14 upDelta=3.40 wBody=(0.08,-0.02,0.10) |w|=0.13 grounded=0
INFO 2026-07-27 15:26:51.710 joltshadow - docs §82: resync (player) #37 dt=0.51s upMax=3.637 deg posMax=1.104 m odeTiltPath=0.174 deg gain=20.9493
INFO 2026-07-27 15:26:51.710 joltshadow - docs §87: resync landing (player) w=0 pre=0.4302 post=0.0973 m R=0.629 dY=-0.9529 dRotDeg=3.66 |corr|=1.1044 m
INFO 2026-07-27 15:26:51.710 joltshadow - docs §87: resync landing (player) w=1 pre=0.5275 post=0.0339 m R=0.629 dY=-0.9529 dRotDeg=3.66 |corr|=1.1044 m
INFO 2026-07-27 15:26:51.710 joltshadow - docs §87: resync landing (player) w=2 pre=0.3380 post=-0.0032 m R=0.635 dY=-0.9529 dRotDeg=3.66 |corr|=1.1044 m
INFO 2026-07-27 15:26:51.710 joltshadow - docs §87: resync landing (player) w=3 pre=0.6794 post=0.0433 m R=0.635 dY=-0.9529 dRotDeg=3.66 |corr|=1.1044 m
INFO 2026-07-27 15:26:51.710 joltshadow - docs §82: resync RESIDUAL (player) #37 pos=0.0000 m up=0.0000 deg
INFO 2026-07-27 15:26:51.721 joltshadow - docs §70.1: slipdense (player) f=1652 w=0 grounded=0 kappa=0.000 fnGround=0 omega=-0.05 | ftGround=0N target=0.0 limit=815Nm motorNm=-4 tyreNm=0 inertia=1.78 limRot=0/7/0 omegaPre=0.08 posN=29/1/0 susp=-0.4853 springN=1759
INFO 2026-07-27 15:26:51.721 joltshadow - docs §70.1: slipdense (player) f=1652 w=1 grounded=1 kappa=-0.101 fnGround=1103 omega=-0.05 | ftGround=-76N target=0.0 limit=815Nm motorNm=-51 tyreNm=47 inertia=1.78 limRot=0/-52/0 omegaPre=0.08 posN=165/102/0 susp=-0.5402 springN=2925
INFO 2026-07-27 15:26:51.721 joltshadow - docs §70.1: slipdense (player) f=1652 w=2 grounded=1 kappa=-0.044 fnGround=1023 omega=-0.05 | ftGround=-31N target=0.0 limit=823Nm motorNm=-25 tyreNm=21 inertia=1.82 limRot=0/4/-3 omegaPre=0.08 posN=-467/-135/0 susp=-0.5804 springN=3279
INFO 2026-07-27 15:26:51.721 joltshadow - docs §70.1: slipdense (player) f=1652 w=3 grounded=1 kappa=-0.104 fnGround=1102 omega=-0.05 | ftGround=-78N target=0.0 limit=823Nm motorNm=-53 tyreNm=49 inertia=1.82 limRot=0/-2/5 omegaPre=0.08 posN=292/105/0 susp=-0.5405 springN=3005
INFO 2026-07-27 15:26:51.721 joltshadow - docs §78: attdense (player) f=1652 joltTilt=16.08 odeTilt=16.11 upDelta=0.09 wBody=(-0.05,-0.01,0.04) |w|=0.06 grounded=3
INFO 2026-07-27 15:26:51.769 joltshadow - docs §70.1: slipdense (player) f=1656 w=0 grounded=1 kappa=-0.051 fnGround=924 omega=-0.07 | ftGround=-29N target=0.0 limit=2573Nm motorNm=-6 tyreNm=6 inertia=1.78 limRot=0/18/0 omegaPre=-0.07 posN=-125/-21/0 susp=-0.2963 springN=820
INFO 2026-07-27 15:26:51.769 joltshadow - docs §70.1: slipdense (player) f=1656 w=1 grounded=1 kappa=-0.100 fnGround=1103 omega=-0.07 | ftGround=-62N target=0.0 limit=2775Nm motorNm=-40 tyreNm=40 inertia=1.78 limRot=0/-7/0 omegaPre=-0.07 posN=141/67/0 susp=-0.4373 springN=1490
INFO 2026-07-27 15:26:51.769 joltshadow - docs §70.1: slipdense (player) f=1656 w=2 grounded=1 kappa=-0.043 fnGround=1021 omega=-0.07 | ftGround=-24N target=0.0 limit=2597Nm motorNm=-15 tyreNm=16 inertia=1.82 limRot=0/25/-1 omegaPre=-0.07 posN=-264/-78/0 susp=-0.5003 springN=2067
INFO 2026-07-27 15:26:51.769 joltshadow - docs §70.1: slipdense (player) f=1656 w=3 grounded=1 kappa=-0.098 fnGround=1103 omega=-0.07 | ftGround=-61N target=0.0 limit=2802Nm motorNm=-39 tyreNm=40 inertia=1.82 limRot=0/42/3 omegaPre=-0.07 posN=219/66/0 susp=-0.4376 springN=1585
INFO 2026-07-27 15:26:51.769 joltshadow - docs §78: attdense (player) f=1656 joltTilt=16.09 odeTilt=16.09 upDelta=0.15 wBody=(-0.07,-0.01,0.17) |w|=0.18 grounded=4
