INFO 2026-07-27 15:23:46.120 crashdiag - crashdiag: armed (hang watchdog 10.0s, minidump on)
INFO 2026-07-27 15:23:46.121 ENTRY - Prepare patches
INFO 2026-07-27 15:23:46.121 fileserver - Feature enabled
INFO 2026-07-27 15:23:46.121 physic - Feature enabled
INFO 2026-07-27 15:23:46.121 autobrakefix - Feature enabled
INFO 2026-07-27 15:23:46.121 objcontupgrade - Feature enabled
INFO 2026-07-27 15:23:46.123 wareuse - Feature enabled
INFO 2026-07-27 15:23:46.123 fastloading - Feature enabled
INFO 2026-07-27 15:23:46.123 cardan - Feature enabled
INFO 2026-07-27 15:23:46.124 tactics - Feature enabled
INFO 2026-07-27 15:23:46.124 tactics - Lock on player enabled
INFO 2026-07-27 15:23:46.124 schwarz - Feature enabled
INFO 2026-07-27 15:23:46.124 skinfix - Feature enabled
INFO 2026-07-27 15:23:46.124 fixcctl - Feature enabled
INFO 2026-07-27 15:23:46.124 locationdebug - Feature enabled
INFO 2026-07-27 15:23:46.124 mortarvolleylauncherfix - Feature enabled
INFO 2026-07-27 15:23:46.124 gunlights - Feature enabled
INFO 2026-07-27 15:23:46.124 bossmetalarm - Feature enabled
INFO 2026-07-27 15:23:46.124 testharness - Feature enabled
INFO 2026-07-27 15:23:46.124 testharness - Auto-load enabled, will load the most recent save once ProcessAllEvents first runs
INFO 2026-07-27 15:23:46.124 testharness - God mode enabled - will apply setGodMode/setImmortalMode(true) to the player vehicle as soon as it exists (bypasses cheats.lua's testcheat() computer-name gate)
INFO 2026-07-27 15:23:46.124 testharness - Perf monitor enabled - logging wall-clock fps/frame-time every 5.0s
INFO 2026-07-27 15:23:46.124 jolt - Feature enabled - initializing Jolt Physics
INFO 2026-07-27 15:23:46.126 jolt - Jolt: speculative contact distance = 0.0200 m
INFO 2026-07-27 15:23:46.126 jolt - Jolt Physics initialized (threads=15, maxBodies=262144)
INFO 2026-07-27 15:23:46.127 jolt - Jolt: static geometry export hooks installed (landscape heightfield + roads + static obstacles via gGlobalSpace walk)
INFO 2026-07-27 15:23:46.127 joltshadow - docs §39 SelfTest[1] flat: F=(0.0,2400.0,0.0) -> PASS
INFO 2026-07-27 15:23:46.127 joltshadow - docs §39 SelfTest[3] wall-climb: F=(0.0,4296.0,3600.0) fpar=-4295.99 -> PASS
INFO 2026-07-27 15:23:46.127 joltshadow - docs §39 SelfTest[4] classify: ground=0 obstacle=1 -> PASS
INFO 2026-07-27 15:23:46.127 joltshadow - docs §39 wheelmodel_core SelfTest overall: PASS
INFO 2026-07-27 15:23:46.127 joltshadow - docs §23.4: ram-damage diagnostic installed (ai::CalcDamageToVehicles @ 0x0088F700)
INFO 2026-07-27 15:23:46.127 joltshadow - Feature enabled - Jolt WILL DRIVE the player's vehicle this run (player_only=1, max_speed=60m/s gate)
INFO 2026-07-27 15:23:46.127 joltshadow - Suspension/friction tuning: susp_frequency=1.00Hz susp_damping=1.00 friction_long=0.93 friction_lat=1.00 (from kraken.ini, autotune disabled)
INFO 2026-07-27 15:23:50.092 jolt - Jolt: exported landscape heightfield as a static body (257x257 samples, 8.0 world units/cell, height range [173.8, 475.4])
INFO 2026-07-27 15:23:50.445 jolt - Jolt: exported roads as a static body (519/555 nodes, 46463 verts, 37346 tris, 36 skipped)
INFO 2026-07-27 15:23:50.676 testharness - God mode: applying to player vehicle 334D21D0
INFO 2026-07-27 15:23:50.676 joltshadow - Shadow: compound chassis shape built - 4 part(s), 4 geom(s) (4 box, 0 sphere, 0 capsule, 0 skipped)
INFO 2026-07-27 15:23:50.676 joltshadow - docs §93: chassis inertia (player) mass=100.0 | JOLT(compound) = (635.3, 232.9, 480.2) | ODE(box 6.00x1.00x3.00) = (83.3, 375.0, 308.3) | ratio = (7.62, 0.62, 1.56)
INFO 2026-07-27 15:23:50.681 joltshadow - docs §54 axis-audit (player) w=0: axis1_local=(-0.000,1.000,0.000) vs assumedSusp -> 0.00 deg | axis2_local=(-1.000,-0.000,-0.000) vs assumedAxle -> 0.00 deg | axis1^axis2 off-perp 0.00 deg || kSusp=7500 N/m cSusp=375 Ns/m range=0.250 R=0.832 mWheel=1.0 driven=1 steer=1
INFO 2026-07-27 15:23:50.682 joltshadow - docs §54 axis-audit (player) w=1: axis1_local=(-0.000,1.000,0.000) vs assumedSusp -> 0.00 deg | axis2_local=(-1.000,-0.000,-0.000) vs assumedAxle -> 0.00 deg | axis1^axis2 off-perp 0.00 deg || kSusp=3000 N/m cSusp=150 Ns/m range=0.250 R=0.832 mWheel=1.0 driven=1 steer=1
INFO 2026-07-27 15:23:50.682 joltshadow - docs §54 axis-audit (player) w=2: axis1_local=(-0.000,1.000,0.000) vs assumedSusp -> 0.00 deg | axis2_local=(-1.000,-0.000,0.000) vs assumedAxle -> 0.00 deg | axis1^axis2 off-perp 0.00 deg || kSusp=3000 N/m cSusp=150 Ns/m range=0.250 R=0.925 mWheel=1.0 driven=1 steer=0
INFO 2026-07-27 15:23:50.682 joltshadow - docs §54 axis-audit (player) w=3: axis1_local=(-0.000,1.000,0.000) vs assumedSusp -> 0.00 deg | axis2_local=(-1.000,-0.000,0.000) vs assumedAxle -> 0.00 deg | axis1^axis2 off-perp 0.00 deg || kSusp=3000 N/m cSusp=150 Ns/m range=0.250 R=0.925 mWheel=1.0 driven=1 steer=0
INFO 2026-07-27 15:23:50.682 joltshadow - docs §54 axis-audit SUMMARY (player): worst susp 0.00 deg, worst axle (unsteered only) 0.00 deg, worst off-perp 0.00 deg -> convention CONFIRMED
INFO 2026-07-27 15:23:50.682 joltshadow - Shadow (player): wheelmodel APPLY mode - VehicleConstraint built but NOT simulated; chassis driven by wheelmodel_core (4 wheels)
INFO 2026-07-27 15:23:50.682 joltshadow - docs §75: constraint frame (player) w=0 axle.fwd=-0.0000 (0.00 deg off perpendicular) | anchorOffsetFromWheelCentre=0.1085 m (restLen)
INFO 2026-07-27 15:23:50.682 joltshadow - docs §75: constraint frame (player) w=1 axle.fwd=-0.0000 (0.00 deg off perpendicular) | anchorOffsetFromWheelCentre=0.1038 m (restLen)
INFO 2026-07-27 15:23:50.682 joltshadow - docs §75: constraint frame (player) w=2 axle.fwd=-0.0000 (0.00 deg off perpendicular) | anchorOffsetFromWheelCentre=0.0850 m (restLen)
INFO 2026-07-27 15:23:50.682 joltshadow - docs §75: constraint frame (player) w=3 axle.fwd=-0.0000 (0.00 deg off perpendicular) | anchorOffsetFromWheelCentre=0.0857 m (restLen)
INFO 2026-07-27 15:23:50.682 joltshadow - docs §58 (player): mode 4 - built 4 wheel bodies + SixDOF constraints (chassisMass=100.0, massFloor=2.50) | docs §95.4 wheelMass=10.0 chassisMassFinal=100.0 total=110.0
INFO 2026-07-27 15:23:50.682 joltshadow - Shadow vehicle #1 built (player): 4 wheels (2 driven axle(s)), mass=100.0, chassis=6.00x1.00x3.00, susp_mult=1.00x/damp=1.00, friction=0.93/1.00
ERROR 2026-07-27 15:24:02.254 crashdiag - === HANG === no frame progress for 10.0s (heartbeat stuck at 4, main thread 7052)
ERROR 2026-07-27 15:24:02.254 crashdiag - Main thread eip=0x75A711DC (win32u.dll+0x11dc) esp=0x00E148A0 ebp=0x00E148E0
ERROR 2026-07-27 15:24:02.254 crashdiag - Main thread stack (EBP chain):
ERROR 2026-07-27 15:24:02.254 crashdiag -   #0 0x0059FA9E (hta.exe+0x19fa9e)
ERROR 2026-07-27 15:24:02.254 crashdiag -   #1 0x10558BEC (RTSSHooks.dll+0x398bec)
ERROR 2026-07-27 15:24:02.498 crashdiag - crashdiag: minidump written -> kraken_hang_20260727_152402.dmp
ERROR 2026-07-27 15:24:02.498 crashdiag - === END HANG REPORT === (still watching; will re-report if it resumes then stalls again)
INFO 2026-07-27 15:24:19.003 joltshadow - docs §70.1: slipdense (player) f=4 w=0 grounded=1 kappa=6.053 fnGround=355 omega=3.96 | ftGround=242N target=33.9 limit=186Nm motorNm=186 tyreNm=-195 inertia=0.86 limRot=0/-71/0 omegaPre=0.69 posN=0/-224/0 susp=-0.0248 springN=322
INFO 2026-07-27 15:24:19.004 joltshadow - docs §70.1: slipdense (player) f=4 w=1 grounded=1 kappa=5.276 fnGround=157 omega=3.59 | ftGround=211N target=33.9 limit=186Nm motorNm=186 tyreNm=-175 inertia=0.86 limRot=0/-4/0 omegaPre=1.08 posN=-2/-192/0 susp=-0.0219 springN=133
INFO 2026-07-27 15:24:19.004 joltshadow - docs §70.1: slipdense (player) f=4 w=2 grounded=1 kappa=4.703 fnGround=166 omega=2.91 | ftGround=188N target=33.9 limit=186Nm motorNm=186 tyreNm=-174 inertia=1.07 limRot=0/1/-0 omegaPre=0.79 posN=2/-169/0 susp=-0.0242 springN=142
INFO 2026-07-27 15:24:19.004 joltshadow - docs §70.1: slipdense (player) f=4 w=3 grounded=1 kappa=4.681 fnGround=182 omega=2.90 | ftGround=187N target=33.9 limit=186Nm motorNm=186 tyreNm=-174 inertia=1.07 limRot=0/5/5 omegaPre=0.77 posN=2/-169/0 susp=-0.0263 springN=159
INFO 2026-07-27 15:24:19.004 joltshadow - docs §78: attdense (player) f=4 joltTilt=0.15 odeTilt=2.24 upDelta=2.12 wBody=(-0.02,-0.00,-0.03) |w|=0.03 grounded=4
INFO 2026-07-27 15:24:19.004 joltshadow - [jolt_profile] ode_step_avg_ms=0.20 jolt_total_avg_ms=2.16 | physics_update_avg_ms=0.83 wheelmodel_avg_ms=0.01 mirror_avg_ms=0.00 applyvehicle_avg_ms=0.00 applyvehicle_calls_per_frame=0.00 | contact_pairs_per_frame=83.2 contact_points_per_frame=83.2 active_bodies_per_frame=4.0 substeps_per_frame=6.40 | frames=5
INFO 2026-07-27 15:24:19.004 testharness - perf: fps=0.1 avg_frame_ms=7082.069 min_ms=1.899 max_ms=27056.081 frames=4 window=28.3s
INFO 2026-07-27 15:24:19.007 testharness - Vehicle switch: changed player vehicle to prototype 'Bug01' (id=715)
INFO 2026-07-27 15:24:19.009 joltshadow - Shadow: compound chassis shape built - 4 part(s), 5 geom(s) (5 box, 0 sphere, 0 capsule, 0 skipped)
INFO 2026-07-27 15:24:19.009 joltshadow - docs §93: chassis inertia (player) mass=132.0 | JOLT(compound) = (54.3, 64.8, 94.9) | ODE(box 3.00x2.00x8.00) = (748.0, 803.0, 143.0) | ratio = (0.07, 0.08, 0.66)
INFO 2026-07-27 15:24:19.009 joltshadow - docs §54 axis-audit (player) w=0: axis1_local=(0.000,1.000,0.000) vs assumedSusp -> 0.00 deg | axis2_local=(-1.000,-0.000,0.000) vs assumedAxle -> 0.00 deg | axis1^axis2 off-perp 0.00 deg || kSusp=6000 N/m cSusp=300 Ns/m range=1.000 R=0.100 mWheel=9.0 driven=1 steer=1
INFO 2026-07-27 15:24:19.009 joltshadow - docs §54 axis-audit (player) w=1: axis1_local=(0.000,1.000,0.000) vs assumedSusp -> 0.00 deg | axis2_local=(-1.000,-0.000,0.000) vs assumedAxle -> 0.00 deg | axis1^axis2 off-perp 0.00 deg || kSusp=6000 N/m cSusp=300 Ns/m range=1.000 R=0.100 mWheel=9.0 driven=1 steer=1
INFO 2026-07-27 15:24:19.010 joltshadow - docs §54 axis-audit (player) w=2: axis1_local=(0.000,1.000,0.000) vs assumedSusp -> 0.00 deg | axis2_local=(-1.000,-0.000,0.000) vs assumedAxle -> 0.00 deg | axis1^axis2 off-perp 0.00 deg || kSusp=6000 N/m cSusp=300 Ns/m range=1.000 R=0.100 mWheel=9.0 driven=1 steer=0
INFO 2026-07-27 15:24:19.010 joltshadow - docs §54 axis-audit (player) w=3: axis1_local=(0.000,1.000,0.000) vs assumedSusp -> 0.00 deg | axis2_local=(-1.000,-0.000,0.000) vs assumedAxle -> 0.00 deg | axis1^axis2 off-perp 0.00 deg || kSusp=6000 N/m cSusp=300 Ns/m range=1.000 R=0.100 mWheel=9.0 driven=1 steer=0
INFO 2026-07-27 15:24:19.010 joltshadow - docs §54 axis-audit SUMMARY (player): worst susp 0.00 deg, worst axle (unsteered only) 0.00 deg, worst off-perp 0.00 deg -> convention CONFIRMED
INFO 2026-07-27 15:24:19.010 joltshadow - Shadow (player): wheelmodel APPLY mode - VehicleConstraint built but NOT simulated; chassis driven by wheelmodel_core (4 wheels)
INFO 2026-07-27 15:24:19.010 joltshadow - docs §75: constraint frame (player) w=0 axle.fwd=+0.0000 (0.00 deg off perpendicular) | anchorOffsetFromWheelCentre=1.0500 m (restLen)
INFO 2026-07-27 15:24:19.010 joltshadow - docs §75: constraint frame (player) w=1 axle.fwd=+0.0000 (0.00 deg off perpendicular) | anchorOffsetFromWheelCentre=1.0500 m (restLen)
INFO 2026-07-27 15:24:19.010 joltshadow - docs §75: constraint frame (player) w=2 axle.fwd=+0.0000 (0.00 deg off perpendicular) | anchorOffsetFromWheelCentre=1.0500 m (restLen)
INFO 2026-07-27 15:24:19.010 joltshadow - docs §75: constraint frame (player) w=3 axle.fwd=+0.0000 (0.00 deg off perpendicular) | anchorOffsetFromWheelCentre=1.0500 m (restLen)
INFO 2026-07-27 15:24:19.010 joltshadow - docs §58 (player): mode 4 - built 4 wheel bodies + SixDOF constraints (chassisMass=132.0, massFloor=3.30) | docs §95.4 wheelMass=36.0 chassisMassFinal=132.0 total=168.0
INFO 2026-07-27 15:24:19.010 joltshadow - Shadow vehicle #2 built (player): 4 wheels (2 driven axle(s)), mass=132.0, chassis=3.00x2.00x8.00, susp_mult=1.00x/damp=1.00, friction=0.93/1.00
INFO 2026-07-27 15:24:19.011 testharness - God mode: applying to player vehicle 0D53B8E0
INFO 2026-07-27 15:24:19.017 joltshadow - docs §70.1: slipdense (player) f=4 w=0 grounded=0 kappa=0.000 fnGround=0 omega=0.00 | ftGround=0N target=0.0 limit=129Nm motorNm=0 tyreNm=0 inertia=0.05 limRot=0/-0/0 omegaPre=0.00 posN=0/0/0 susp=0.0000 springN=-0
INFO 2026-07-27 15:24:19.017 joltshadow - docs §70.1: slipdense (player) f=4 w=1 grounded=0 kappa=0.000 fnGround=0 omega=0.00 | ftGround=0N target=0.0 limit=129Nm motorNm=0 tyreNm=0 inertia=0.05 limRot=0/-0/0 omegaPre=0.00 posN=0/0/0 susp=0.0000 springN=-0
INFO 2026-07-27 15:24:19.017 joltshadow - docs §70.1: slipdense (player) f=4 w=2 grounded=0 kappa=0.000 fnGround=0 omega=0.00 | ftGround=0N target=0.0 limit=129Nm motorNm=0 tyreNm=0 inertia=0.05 limRot=0/-0/-0 omegaPre=0.00 posN=0/0/0 susp=0.0000 springN=-0
INFO 2026-07-27 15:24:19.017 joltshadow - docs §70.1: slipdense (player) f=4 w=3 grounded=0 kappa=0.000 fnGround=0 omega=0.00 | ftGround=0N target=0.0 limit=129Nm motorNm=0 tyreNm=0 inertia=0.05 limRot=0/-0/-0 omegaPre=0.00 posN=0/0/0 susp=0.0000 springN=-0
INFO 2026-07-27 15:24:19.017 joltshadow - docs §78: attdense (player) f=4 joltTilt=2.24 odeTilt=2.24 upDelta=0.00 wBody=(0.00,0.00,-0.00) |w|=0.00 grounded=0
INFO 2026-07-27 15:24:19.022 joltshadow - docs §70.1: slipdense (player) f=8 w=0 grounded=0 kappa=0.000 fnGround=0 omega=0.00 | ftGround=0N target=0.0 limit=129Nm motorNm=0 tyreNm=0 inertia=0.05 limRot=0/-0/0 omegaPre=0.00 posN=0/0/0 susp=0.0000 springN=-0
INFO 2026-07-27 15:24:19.022 joltshadow - docs §70.1: slipdense (player) f=8 w=1 grounded=0 kappa=0.000 fnGround=0 omega=0.00 | ftGround=0N target=0.0 limit=129Nm motorNm=0 tyreNm=0 inertia=0.05 limRot=0/-0/0 omegaPre=0.00 posN=0/0/0 susp=0.0000 springN=-0
INFO 2026-07-27 15:24:19.022 joltshadow - docs §70.1: slipdense (player) f=8 w=2 grounded=0 kappa=0.000 fnGround=0 omega=0.00 | ftGround=0N target=0.0 limit=129Nm motorNm=0 tyreNm=0 inertia=0.05 limRot=0/-0/-0 omegaPre=0.00 posN=0/0/0 susp=0.0000 springN=-0
INFO 2026-07-27 15:24:19.022 joltshadow - docs §70.1: slipdense (player) f=8 w=3 grounded=0 kappa=0.000 fnGround=0 omega=0.00 | ftGround=0N target=0.0 limit=129Nm motorNm=0 tyreNm=0 inertia=0.05 limRot=0/-0/-0 omegaPre=0.00 posN=0/0/0 susp=0.0000 springN=-0
INFO 2026-07-27 15:24:19.022 joltshadow - docs §78: attdense (player) f=8 joltTilt=2.24 odeTilt=2.24 upDelta=0.00 wBody=(0.00,0.00,-0.00) |w|=0.00 grounded=0
INFO 2026-07-27 15:24:19.026 joltshadow - docs §70.1: slipdense (player) f=12 w=0 grounded=0 kappa=0.000 fnGround=0 omega=0.00 | ftGround=0N target=0.0 limit=129Nm motorNm=0 tyreNm=0 inertia=0.05 limRot=0/-0/0 omegaPre=0.00 posN=0/0/0 susp=0.0000 springN=-0
INFO 2026-07-27 15:24:19.026 joltshadow - docs §70.1: slipdense (player) f=12 w=1 grounded=0 kappa=0.000 fnGround=0 omega=0.00 | ftGround=0N target=0.0 limit=129Nm motorNm=0 tyreNm=0 inertia=0.05 limRot=0/-0/0 omegaPre=0.00 posN=0/0/0 susp=0.0000 springN=-0
INFO 2026-07-27 15:24:19.026 joltshadow - docs §70.1: slipdense (player) f=12 w=2 grounded=0 kappa=0.000 fnGround=0 omega=0.00 | ftGround=0N target=0.0 limit=129Nm motorNm=0 tyreNm=0 inertia=0.05 limRot=0/-0/-0 omegaPre=0.00 posN=0/0/0 susp=0.0000 springN=-0
INFO 2026-07-27 15:24:19.026 joltshadow - docs §70.1: slipdense (player) f=12 w=3 grounded=0 kappa=0.000 fnGround=0 omega=0.00 | ftGround=0N target=0.0 limit=129Nm motorNm=0 tyreNm=0 inertia=0.05 limRot=0/-0/-0 omegaPre=0.00 posN=0/0/0 susp=0.0000 springN=-0
INFO 2026-07-27 15:24:19.026 joltshadow - docs §78: attdense (player) f=12 joltTilt=2.24 odeTilt=2.24 upDelta=0.00 wBody=(0.00,0.00,-0.00) |w|=0.00 grounded=0
INFO 2026-07-27 15:24:19.031 joltshadow - docs §70.1: slipdense (player) f=16 w=0 grounded=0 kappa=0.000 fnGround=0 omega=0.00 | ftGround=0N target=0.0 limit=129Nm motorNm=0 tyreNm=0 inertia=0.05 limRot=0/-0/0 omegaPre=0.00 posN=0/0/0 susp=0.0000 springN=-0
INFO 2026-07-27 15:24:19.031 joltshadow - docs §70.1: slipdense (player) f=16 w=1 grounded=0 kappa=0.000 fnGround=0 omega=0.00 | ftGround=0N target=0.0 limit=129Nm motorNm=0 tyreNm=0 inertia=0.05 limRot=0/-0/0 omegaPre=0.00 posN=0/0/0 susp=0.0000 springN=-0
INFO 2026-07-27 15:24:19.031 joltshadow - docs §70.1: slipdense (player) f=16 w=2 grounded=0 kappa=0.000 fnGround=0 omega=0.00 | ftGround=0N target=0.0 limit=129Nm motorNm=0 tyreNm=0 inertia=0.05 limRot=0/-0/-0 omegaPre=0.00 posN=0/0/0 susp=0.0000 springN=-0
INFO 2026-07-27 15:24:19.031 joltshadow - docs §70.1: slipdense (player) f=16 w=3 grounded=0 kappa=0.000 fnGround=0 omega=0.00 | ftGround=0N target=0.0 limit=129Nm motorNm=0 tyreNm=0 inertia=0.05 limRot=0/-0/-0 omegaPre=0.00 posN=0/0/0 susp=0.0000 springN=-0
INFO 2026-07-27 15:24:19.031 joltshadow - docs §78: attdense (player) f=16 joltTilt=2.24 odeTilt=2.24 upDelta=0.00 wBody=(0.00,0.00,-0.00) |w|=0.00 grounded=0
INFO 2026-07-27 15:24:19.035 joltshadow - docs §70.1: slipdense (player) f=20 w=0 grounded=0 kappa=0.000 fnGround=0 omega=0.00 | ftGround=0N target=0.0 limit=129Nm motorNm=0 tyreNm=0 inertia=0.05 limRot=0/-0/0 omegaPre=0.00 posN=0/0/0 susp=0.0000 springN=-0
INFO 2026-07-27 15:24:19.035 joltshadow - docs §70.1: slipdense (player) f=20 w=1 grounded=0 kappa=0.000 fnGround=0 omega=0.00 | ftGround=0N target=0.0 limit=129Nm motorNm=0 tyreNm=0 inertia=0.05 limRot=0/-0/0 omegaPre=0.00 posN=0/0/0 susp=0.0000 springN=-0
INFO 2026-07-27 15:24:19.035 joltshadow - docs §70.1: slipdense (player) f=20 w=2 grounded=0 kappa=0.000 fnGround=0 omega=0.00 | ftGround=0N target=0.0 limit=129Nm motorNm=0 tyreNm=0 inertia=0.05 limRot=0/-0/-0 omegaPre=0.00 posN=0/0/0 susp=0.0000 springN=-0
INFO 2026-07-27 15:24:19.035 joltshadow - docs §70.1: slipdense (player) f=20 w=3 grounded=0 kappa=0.000 fnGround=0 omega=0.00 | ftGround=0N target=0.0 limit=129Nm motorNm=0 tyreNm=0 inertia=0.05 limRot=0/-0/-0 omegaPre=0.00 posN=0/0/0 susp=0.0000 springN=-0
INFO 2026-07-27 15:24:19.035 joltshadow - docs §78: attdense (player) f=20 joltTilt=2.24 odeTilt=2.24 upDelta=0.00 wBody=(0.00,0.00,-0.00) |w|=0.00 grounded=0
INFO 2026-07-27 15:24:19.038 joltshadow - docs §78: attdense (player) f=24 joltTilt=2.24 odeTilt=2.24 upDelta=0.00 wBody=(0.00,0.00,-0.00) |w|=0.00 grounded=0
WARNING 2026-07-27 15:24:19.041 jolt - Jolt: static box shape creation failed: Invalid half extent
WARNING 2026-07-27 15:24:19.071 jolt - Jolt: static box shape creation failed: Invalid half extent
INFO 2026-07-27 15:24:19.084 jolt - Jolt: exported 2415 static obstacles (719 box, 38 sphere, 1600 trimesh, 58 capsule) - 2870 geoms walked total (155 nested sub-space(s) recursed into, 2577 at top level per dSpaceGetNumGeoms), 293 dynamic geoms skipped, 7 body-less geoms of unexported class skipped, 0 skipped (capacity exhausted)
INFO 2026-07-27 15:24:19.085 jolt - Jolt: static obstacle export - 4 body-less geom(s) of unexported ODE class 4 (docs §22.9/§22.13 - classes confirmed by disassembly: 0=sphere, 1=box, 2=capsule, 7=trimesh, 11-14=space (recursed into, not "unexported"); others not confirmed against this binary, treat the raw ID as a lead not a fact)
INFO 2026-07-27 15:24:19.085 jolt - Jolt: static obstacle export - 1 body-less geom(s) of unexported ODE class 8 (docs §22.9/§22.13 - classes confirmed by disassembly: 0=sphere, 1=box, 2=capsule, 7=trimesh, 11-14=space (recursed into, not "unexported"); others not confirmed against this binary, treat the raw ID as a lead not a fact)
INFO 2026-07-27 15:24:19.089 joltshadow - docs §70.1: slipdense (player) f=28 w=0 grounded=0 kappa=0.000 fnGround=0 omega=0.00 | ftGround=0N target=0.0 limit=129Nm motorNm=0 tyreNm=0 inertia=0.05 limRot=0/-0/0 omegaPre=0.00 posN=0/0/0 susp=0.0000 springN=-0
INFO 2026-07-27 15:24:19.089 joltshadow - docs §70.1: slipdense (player) f=28 w=1 grounded=0 kappa=0.000 fnGround=0 omega=0.00 | ftGround=0N target=0.0 limit=129Nm motorNm=0 tyreNm=0 inertia=0.05 limRot=0/-0/0 omegaPre=0.00 posN=0/0/0 susp=0.0000 springN=-0
INFO 2026-07-27 15:24:19.089 joltshadow - docs §70.1: slipdense (player) f=28 w=2 grounded=0 kappa=0.000 fnGround=0 omega=0.00 | ftGround=0N target=0.0 limit=129Nm motorNm=0 tyreNm=0 inertia=0.05 limRot=0/-0/-0 omegaPre=0.00 posN=0/0/0 susp=0.0000 springN=-0
INFO 2026-07-27 15:24:19.089 joltshadow - docs §70.1: slipdense (player) f=28 w=3 grounded=0 kappa=0.000 fnGround=0 omega=0.00 | ftGround=0N target=0.0 limit=129Nm motorNm=0 tyreNm=0 inertia=0.05 limRot=0/-0/-0 omegaPre=0.00 posN=0/0/0 susp=0.0000 springN=-0
INFO 2026-07-27 15:24:19.089 joltshadow - docs §78: attdense (player) f=28 joltTilt=2.24 odeTilt=2.24 upDelta=0.00 wBody=(0.00,0.00,-0.00) |w|=0.00 grounded=0
INFO 2026-07-27 15:24:19.093 joltshadow - docs §70.1: slipdense (player) f=32 w=0 grounded=0 kappa=0.000 fnGround=0 omega=0.00 | ftGround=0N target=0.0 limit=129Nm motorNm=0 tyreNm=0 inertia=0.05 limRot=0/-0/0 omegaPre=0.00 posN=0/0/0 susp=0.0000 springN=-0
INFO 2026-07-27 15:24:19.093 joltshadow - docs §70.1: slipdense (player) f=32 w=1 grounded=0 kappa=0.000 fnGround=0 omega=0.00 | ftGround=0N target=0.0 limit=129Nm motorNm=0 tyreNm=0 inertia=0.05 limRot=0/-0/0 omegaPre=0.00 posN=0/0/0 susp=0.0000 springN=-0
INFO 2026-07-27 15:24:19.093 joltshadow - docs §70.1: slipdense (player) f=32 w=2 grounded=0 kappa=0.000 fnGround=0 omega=0.00 | ftGround=0N target=0.0 limit=129Nm motorNm=0 tyreNm=0 inertia=0.05 limRot=0/-0/-0 omegaPre=0.00 posN=0/0/0 susp=0.0000 springN=-0
INFO 2026-07-27 15:24:19.093 joltshadow - docs §70.1: slipdense (player) f=32 w=3 grounded=0 kappa=0.000 fnGround=0 omega=0.00 | ftGround=0N target=0.0 limit=129Nm motorNm=0 tyreNm=0 inertia=0.05 limRot=0/-0/-0 omegaPre=0.00 posN=0/0/0 susp=0.0000 springN=-0
INFO 2026-07-27 15:24:19.093 joltshadow - docs §78: attdense (player) f=32 joltTilt=2.24 odeTilt=2.24 upDelta=0.00 wBody=(0.00,0.00,-0.00) |w|=0.00 grounded=0
INFO 2026-07-27 15:24:19.097 joltshadow - docs §70.1: slipdense (player) f=36 w=0 grounded=0 kappa=0.000 fnGround=0 omega=0.00 | ftGround=0N target=0.0 limit=129Nm motorNm=0 tyreNm=0 inertia=0.05 limRot=0/-0/0 omegaPre=0.00 posN=0/0/0 susp=0.0000 springN=-0
INFO 2026-07-27 15:24:19.097 joltshadow - docs §70.1: slipdense (player) f=36 w=1 grounded=0 kappa=0.000 fnGround=0 omega=0.00 | ftGround=0N target=0.0 limit=129Nm motorNm=0 tyreNm=0 inertia=0.05 limRot=0/-0/0 omegaPre=0.00 posN=0/0/0 susp=0.0000 springN=-0
INFO 2026-07-27 15:24:19.097 joltshadow - docs §70.1: slipdense (player) f=36 w=2 grounded=0 kappa=0.000 fnGround=0 omega=0.00 | ftGround=0N target=0.0 limit=129Nm motorNm=0 tyreNm=0 inertia=0.05 limRot=0/-0/-0 omegaPre=0.00 posN=0/0/0 susp=0.0000 springN=-0
INFO 2026-07-27 15:24:19.097 joltshadow - docs §70.1: slipdense (player) f=36 w=3 grounded=0 kappa=0.000 fnGround=0 omega=0.00 | ftGround=0N target=0.0 limit=129Nm motorNm=0 tyreNm=0 inertia=0.05 limRot=0/-0/-0 omegaPre=0.00 posN=0/0/0 susp=0.0000 springN=-0
INFO 2026-07-27 15:24:19.098 joltshadow - docs §78: attdense (player) f=36 joltTilt=2.24 odeTilt=2.24 upDelta=0.00 wBody=(0.00,0.00,-0.00) |w|=0.00 grounded=0
INFO 2026-07-27 15:24:19.101 joltshadow - docs §78: attdense (player) f=40 joltTilt=2.24 odeTilt=2.24 upDelta=0.00 wBody=(0.00,0.00,-0.00) |w|=0.00 grounded=0
INFO 2026-07-27 15:24:19.105 joltshadow - docs §70.1: slipdense (player) f=44 w=0 grounded=0 kappa=0.000 fnGround=0 omega=0.00 | ftGround=0N target=0.0 limit=129Nm motorNm=0 tyreNm=0 inertia=0.05 limRot=0/-0/0 omegaPre=0.00 posN=0/0/0 susp=0.0000 springN=-0
INFO 2026-07-27 15:24:19.105 joltshadow - docs §70.1: slipdense (player) f=44 w=1 grounded=0 kappa=0.000 fnGround=0 omega=0.00 | ftGround=0N target=0.0 limit=129Nm motorNm=0 tyreNm=0 inertia=0.05 limRot=0/-0/0 omegaPre=0.00 posN=0/0/0 susp=0.0000 springN=-0
INFO 2026-07-27 15:24:19.105 joltshadow - docs §70.1: slipdense (player) f=44 w=2 grounded=0 kappa=0.000 fnGround=0 omega=0.00 | ftGround=0N target=0.0 limit=129Nm motorNm=0 tyreNm=0 inertia=0.05 limRot=0/-0/-0 omegaPre=0.00 posN=0/0/0 susp=0.0000 springN=-0
INFO 2026-07-27 15:24:19.105 joltshadow - docs §70.1: slipdense (player) f=44 w=3 grounded=0 kappa=0.000 fnGround=0 omega=0.00 | ftGround=0N target=0.0 limit=129Nm motorNm=0 tyreNm=0 inertia=0.05 limRot=0/-0/-0 omegaPre=0.00 posN=0/0/0 susp=0.0000 springN=-0
INFO 2026-07-27 15:24:19.106 joltshadow - docs §78: attdense (player) f=44 joltTilt=2.24 odeTilt=2.24 upDelta=0.00 wBody=(0.00,0.00,-0.00) |w|=0.00 grounded=0
INFO 2026-07-27 15:24:19.110 joltshadow - docs §70.1: slipdense (player) f=48 w=0 grounded=0 kappa=0.000 fnGround=0 omega=0.00 | ftGround=0N target=0.0 limit=129Nm motorNm=0 tyreNm=0 inertia=0.05 limRot=0/-0/0 omegaPre=0.00 posN=0/0/0 susp=0.0000 springN=-0
INFO 2026-07-27 15:24:19.110 joltshadow - docs §70.1: slipdense (player) f=48 w=1 grounded=0 kappa=0.000 fnGround=0 omega=0.00 | ftGround=0N target=0.0 limit=129Nm motorNm=0 tyreNm=0 inertia=0.05 limRot=0/-0/0 omegaPre=0.00 posN=0/0/0 susp=0.0000 springN=-0
INFO 2026-07-27 15:24:19.110 joltshadow - docs §70.1: slipdense (player) f=48 w=2 grounded=0 kappa=0.000 fnGround=0 omega=0.00 | ftGround=0N target=0.0 limit=129Nm motorNm=0 tyreNm=0 inertia=0.05 limRot=0/-0/-0 omegaPre=0.00 posN=0/0/0 susp=0.0000 springN=-0
INFO 2026-07-27 15:24:19.110 joltshadow - docs §70.1: slipdense (player) f=48 w=3 grounded=0 kappa=0.000 fnGround=0 omega=0.00 | ftGround=0N target=0.0 limit=129Nm motorNm=0 tyreNm=0 inertia=0.05 limRot=0/-0/-0 omegaPre=0.00 posN=0/0/0 susp=0.0000 springN=-0
INFO 2026-07-27 15:24:19.110 joltshadow - docs §78: attdense (player) f=48 joltTilt=2.24 odeTilt=2.24 upDelta=0.00 wBody=(0.00,0.00,-0.00) |w|=0.00 grounded=0
INFO 2026-07-27 15:24:19.114 joltshadow - docs §70.1: slipdense (player) f=52 w=0 grounded=0 kappa=0.000 fnGround=0 omega=0.00 | ftGround=0N target=0.0 limit=129Nm motorNm=0 tyreNm=0 inertia=0.05 limRot=0/-0/0 omegaPre=0.00 posN=0/0/0 susp=0.0000 springN=-0
INFO 2026-07-27 15:24:19.114 joltshadow - docs §70.1: slipdense (player) f=52 w=1 grounded=0 kappa=0.000 fnGround=0 omega=0.00 | ftGround=0N target=0.0 limit=129Nm motorNm=0 tyreNm=0 inertia=0.05 limRot=0/-0/0 omegaPre=0.00 posN=0/0/0 susp=0.0000 springN=-0
INFO 2026-07-27 15:24:19.114 joltshadow - docs §70.1: slipdense (player) f=52 w=2 grounded=0 kappa=0.000 fnGround=0 omega=0.00 | ftGround=0N target=0.0 limit=129Nm motorNm=0 tyreNm=0 inertia=0.05 limRot=0/-0/-0 omegaPre=0.00 posN=0/0/0 susp=0.0000 springN=-0
INFO 2026-07-27 15:24:19.114 joltshadow - docs §70.1: slipdense (player) f=52 w=3 grounded=0 kappa=0.000 fnGround=0 omega=0.00 | ftGround=0N target=0.0 limit=129Nm motorNm=0 tyreNm=0 inertia=0.05 limRot=0/-0/-0 omegaPre=0.00 posN=0/0/0 susp=0.0000 springN=-0
INFO 2026-07-27 15:24:19.114 joltshadow - docs §78: attdense (player) f=52 joltTilt=2.24 odeTilt=2.24 upDelta=0.00 wBody=(0.00,0.00,-0.00) |w|=0.00 grounded=0
INFO 2026-07-27 15:24:19.118 joltshadow - docs §70.1: slipdense (player) f=56 w=0 grounded=0 kappa=0.000 fnGround=0 omega=0.00 | ftGround=0N target=0.0 limit=129Nm motorNm=0 tyreNm=0 inertia=0.05 limRot=0/-0/0 omegaPre=0.00 posN=0/0/0 susp=0.0001 springN=-0
INFO 2026-07-27 15:24:19.118 joltshadow - docs §70.1: slipdense (player) f=56 w=1 grounded=0 kappa=0.000 fnGround=0 omega=0.00 | ftGround=0N target=0.0 limit=129Nm motorNm=0 tyreNm=0 inertia=0.05 limRot=0/-0/0 omegaPre=0.00 posN=0/0/0 susp=0.0001 springN=-0
INFO 2026-07-27 15:24:19.118 joltshadow - docs §70.1: slipdense (player) f=56 w=2 grounded=0 kappa=0.000 fnGround=0 omega=0.00 | ftGround=0N target=0.0 limit=129Nm motorNm=0 tyreNm=0 inertia=0.05 limRot=0/-0/-0 omegaPre=0.00 posN=0/0/0 susp=0.0001 springN=-0
INFO 2026-07-27 15:24:19.118 joltshadow - docs §70.1: slipdense (player) f=56 w=3 grounded=0 kappa=0.000 fnGround=0 omega=0.00 | ftGround=0N target=0.0 limit=129Nm motorNm=0 tyreNm=0 inertia=0.05 limRot=0/-0/-0 omegaPre=0.00 posN=0/0/0 susp=0.0001 springN=-0
INFO 2026-07-27 15:24:19.118 joltshadow - docs §78: attdense (player) f=56 joltTilt=2.24 odeTilt=2.24 upDelta=0.00 wBody=(0.00,0.00,-0.00) |w|=0.00 grounded=0
INFO 2026-07-27 15:24:19.123 joltshadow - docs §70.1: slipdense (player) f=60 w=0 grounded=1 kappa=-0.000 fnGround=1260 omega=-0.00 | ftGround=-0N target=0.0 limit=129Nm motorNm=-0 tyreNm=0 inertia=0.05 limRot=0/-0/0 omegaPre=0.00 posN=-4/-34/0 susp=-0.0001 springN=41
INFO 2026-07-27 15:24:19.123 joltshadow - docs §70.1: slipdense (player) f=60 w=1 grounded=1 kappa=-0.000 fnGround=1260 omega=-0.00 | ftGround=-0N target=0.0 limit=129Nm motorNm=-0 tyreNm=0 inertia=0.05 limRot=0/-0/0 omegaPre=0.00 posN=-4/-34/0 susp=-0.0001 springN=41
INFO 2026-07-27 15:24:19.123 joltshadow - docs §70.1: slipdense (player) f=60 w=2 grounded=1 kappa=-0.000 fnGround=1260 omega=-0.00 | ftGround=-0N target=0.0 limit=129Nm motorNm=-0 tyreNm=0 inertia=0.05 limRot=0/-0/-0 omegaPre=0.00 posN=-4/-34/0 susp=-0.0001 springN=41
INFO 2026-07-27 15:24:19.123 joltshadow - docs §70.1: slipdense (player) f=60 w=3 grounded=1 kappa=-0.000 fnGround=1260 omega=-0.00 | ftGround=-0N target=0.0 limit=129Nm motorNm=-0 tyreNm=0 inertia=0.05 limRot=0/-0/-0 omegaPre=0.00 posN=-4/-34/0 susp=-0.0001 springN=41
INFO 2026-07-27 15:24:19.123 joltshadow - docs §78: attdense (player) f=60 joltTilt=2.24 odeTilt=2.24 upDelta=0.00 wBody=(-0.00,-0.00,0.00) |w|=0.00 grounded=4
INFO 2026-07-27 15:24:19.123 joltshadow - Shadow divergence (player): pos=0.025m vel=0.004m/s angle=0.0deg (jolt com=[1671.6 231.8 1497.7] ode com=[1671.6 231.9 1497.7])
INFO 2026-07-27 15:24:19.123 joltshadow - docs §23.6: driver input (player) realThrottle=-10.00 brake=1.00 handBrake=1 steerRad=0.000
INFO 2026-07-27 15:24:19.123 joltshadow - docs §32: Jolt SHADOW chassis pitch (player) forward=(-0.649, 0.039, 0.760)
INFO 2026-07-27 15:24:19.123 joltshadow - docs §69: tilt (player) jolt=2.2 deg ode=2.2 deg delta=+0.0 deg upDelta=0.00 deg
INFO 2026-07-27 15:24:19.123 joltshadow - docs §32.4: Jolt SHADOW chassis lowest corner (player) = (1671.07,232.38,1496.60) clearanceToGround=1.169
INFO 2026-07-27 15:24:19.123 joltshadow - docs §23.5: wheel state (player) wheel=0 contact=0 suspLen=1.050 (range 0.050-1.050, 0% compressed) angVel=0.00
INFO 2026-07-27 15:24:19.123 joltshadow - docs §38.11: wheel=0 NO contact, worldAxle=(-0.760,-0.003,-0.649)
INFO 2026-07-27 15:24:19.123 joltshadow - docs §32: no-contact raycast (player) wheel=0 bodyPos=(1671.56,232.36,1497.71) localMPos=(0.000,0.000,0.000) origin=(1671.56,232.36,1497.71) dir=(-0.023,-0.999,0.031) normalRayLen=1.150 groundFoundAt=0.000 shortfallBeyondTravel=-1.150 hitBody=8388610 hitLayer=1 hitMotion=2 hitIsSelfChassis=0
INFO 2026-07-27 15:24:19.123 joltshadow - docs §23.5: wheel state (player) wheel=1 contact=0 suspLen=1.050 (range 0.050-1.050, 0% compressed) angVel=0.00
INFO 2026-07-27 15:24:19.123 joltshadow - docs §38.11: wheel=1 NO contact, worldAxle=(-0.760,-0.003,-0.649)
INFO 2026-07-27 15:24:19.123 joltshadow - docs §32: no-contact raycast (player) wheel=1 bodyPos=(1671.56,232.36,1497.71) localMPos=(0.000,0.000,0.000) origin=(1671.56,232.36,1497.71) dir=(-0.023,-0.999,0.031) normalRayLen=1.150 groundFoundAt=0.000 shortfallBeyondTravel=-1.150 hitBody=8388610 hitLayer=1 hitMotion=2 hitIsSelfChassis=0
INFO 2026-07-27 15:24:19.124 joltshadow - docs §23.5: wheel state (player) wheel=2 contact=0 suspLen=1.050 (range 0.050-1.050, 0% compressed) angVel=0.00
INFO 2026-07-27 15:24:19.124 joltshadow - docs §38.11: wheel=2 NO contact, worldAxle=(-0.760,-0.003,-0.649)
INFO 2026-07-27 15:24:19.124 joltshadow - docs §32: no-contact raycast (player) wheel=2 bodyPos=(1671.56,232.36,1497.71) localMPos=(0.000,0.000,0.000) origin=(1671.56,232.36,1497.71) dir=(-0.023,-0.999,0.031) normalRayLen=1.150 groundFoundAt=0.000 shortfallBeyondTravel=-1.150 hitBody=8388610 hitLayer=1 hitMotion=2 hitIsSelfChassis=0
INFO 2026-07-27 15:24:19.124 joltshadow - docs §23.5: wheel state (player) wheel=3 contact=0 suspLen=1.050 (range 0.050-1.050, 0% compressed) angVel=0.00
INFO 2026-07-27 15:24:19.124 joltshadow - docs §38.11: wheel=3 NO contact, worldAxle=(-0.760,-0.003,-0.649)
INFO 2026-07-27 15:24:19.124 joltshadow - docs §32: no-contact raycast (player) wheel=3 bodyPos=(1671.56,232.36,1497.71) localMPos=(0.000,0.000,0.000) origin=(1671.56,232.36,1497.71) dir=(-0.023,-0.999,0.031) normalRayLen=1.150 groundFoundAt=0.000 shortfallBeyondTravel=-1.150 hitBody=8388610 hitLayer=1 hitMotion=2 hitIsSelfChassis=0
INFO 2026-07-27 15:24:19.124 joltshadow - docs §59/63: harvest (player) wheelsWithContact=4 contactPoints=16 overflow=0 (of 4) | maxNormalF=1260N bound(k_t*tau)=1200N ratio=1.05  *** EXCEEDS GEOMETRIC BOUND ***
INFO 2026-07-27 15:24:19.124 joltshadow - docs §58: wheel body (player) w=0 springF=41N stopF=0N travel=-0.0001 (limits -0.5000..0.5000 rel spawn) kSusp=6000 sagPredicted=0.0068 | frameTrav=-0.0001..-0.0001 frameStopN=0
INFO 2026-07-27 15:24:19.124 joltshadow - docs §66: tyre band (player) w=0 fnGround=1260N fnTotal=1261N pen=0.00042 penRaw=0.00042 tau=0.01000 pen/tau=0.04 | recs tyre=2 rim=2 survived=2 stale=0 distMax=1.00R
INFO 2026-07-27 15:24:19.124 joltshadow - docs §68: steer (player) w=0 steerable=1 commanded=0.000 rad measured=-0.000 rad err=-0.00 deg steerSign=-1 steerTq=-0Nm cap=129Nm sat=0.00
INFO 2026-07-27 15:24:19.124 joltshadow - docs §70: slip (player) w=0 grounded=1 kappa=-0.000 fnGround=1260N omega=-0.00
INFO 2026-07-27 15:24:19.124 joltshadow - docs §67: spin (player) w=0 driven=1 omega=-0.00 rad/s surfaceSpeed=-0.00 m/s spinSign=+1 motorTq=-0Nm cmdTq=129Nm
INFO 2026-07-27 15:24:19.124 joltshadow - docs §58: wheel body (player) w=1 springF=41N stopF=0N travel=-0.0001 (limits -0.5000..0.5000 rel spawn) kSusp=6000 sagPredicted=0.0068 | frameTrav=-0.0001..-0.0001 frameStopN=0
INFO 2026-07-27 15:24:19.124 joltshadow - docs §66: tyre band (player) w=1 fnGround=1260N fnTotal=1261N pen=0.00042 penRaw=0.00042 tau=0.01000 pen/tau=0.04 | recs tyre=2 rim=2 survived=2 stale=0 distMax=1.00R
INFO 2026-07-27 15:24:19.124 joltshadow - docs §68: steer (player) w=1 steerable=1 commanded=0.000 rad measured=-0.000 rad err=-0.00 deg steerSign=-1 steerTq=-0Nm cap=129Nm sat=0.00
INFO 2026-07-27 15:24:19.124 joltshadow - docs §70: slip (player) w=1 grounded=1 kappa=-0.000 fnGround=1260N omega=-0.00
INFO 2026-07-27 15:24:19.124 joltshadow - docs §67: spin (player) w=1 driven=1 omega=-0.00 rad/s surfaceSpeed=-0.00 m/s spinSign=+1 motorTq=-0Nm cmdTq=129Nm
INFO 2026-07-27 15:24:19.124 joltshadow - docs §58: wheel body (player) w=2 springF=41N stopF=0N travel=-0.0001 (limits -0.5000..0.5000 rel spawn) kSusp=6000 sagPredicted=0.0068 | frameTrav=-0.0001..-0.0001 frameStopN=0
INFO 2026-07-27 15:24:19.124 joltshadow - docs §66: tyre band (player) w=2 fnGround=1260N fnTotal=1261N pen=0.00042 penRaw=0.00042 tau=0.01000 pen/tau=0.04 | recs tyre=2 rim=2 survived=2 stale=0 distMax=1.00R
INFO 2026-07-27 15:24:19.124 joltshadow - docs §68: steer (player) w=2 steerable=0 commanded=0.000 rad measured=0.000 rad err=0.00 deg steerSign=-1 steerTq=0Nm cap=340282346638528859811704183484516925440Nm sat=0.00
INFO 2026-07-27 15:24:19.124 joltshadow - docs §70: slip (player) w=2 grounded=1 kappa=-0.000 fnGround=1260N omega=-0.00
INFO 2026-07-27 15:24:19.124 joltshadow - docs §67: spin (player) w=2 driven=1 omega=-0.00 rad/s surfaceSpeed=-0.00 m/s spinSign=+1 motorTq=-0Nm cmdTq=129Nm
INFO 2026-07-27 15:24:19.124 joltshadow - docs §58: wheel body (player) w=3 springF=41N stopF=0N travel=-0.0001 (limits -0.5000..0.5000 rel spawn) kSusp=6000 sagPredicted=0.0068 | frameTrav=-0.0001..-0.0001 frameStopN=0
INFO 2026-07-27 15:24:19.125 joltshadow - docs §66: tyre band (player) w=3 fnGround=1260N fnTotal=1261N pen=0.00042 penRaw=0.00042 tau=0.01000 pen/tau=0.04 | recs tyre=2 rim=2 survived=2 stale=0 distMax=1.00R
INFO 2026-07-27 15:24:19.125 joltshadow - docs §68: steer (player) w=3 steerable=0 commanded=0.000 rad measured=0.000 rad err=0.00 deg steerSign=-1 steerTq=0Nm cap=340282346638528859811704183484516925440Nm sat=0.00
INFO 2026-07-27 15:24:19.125 joltshadow - docs §70: slip (player) w=3 grounded=1 kappa=-0.000 fnGround=1260N omega=-0.00
INFO 2026-07-27 15:24:19.125 joltshadow - docs §67: spin (player) w=3 driven=1 omega=-0.00 rad/s surfaceSpeed=-0.00 m/s spinSign=+1 motorTq=-0Nm cmdTq=129Nm
INFO 2026-07-27 15:24:19.125 joltshadow - docs §67: drivetrain (player) gear=0 rpm=0 driveTorque=600Nm perWheel=150Nm driven=4 throttle=-1.00 spin=1 | PRE-STEP brake=1.00 handBrake=1
INFO 2026-07-27 15:24:19.125 joltshadow - docs §66: tyre band SUM (player) fnGroundSum=5040N fnTotalSum=5044N weight=1295N carried=3.90 | penSum=0.00168 recs tyre=8 rim=8 stale=0
INFO 2026-07-27 15:24:19.125 joltshadow - docs §30: REAL ODE chassis COM (player) body=3345C810 = (1671.552, 231.851, 1497.727) forward=(-0.649, 0.039, 0.760)
INFO 2026-07-27 15:24:19.125 joltshadow - docs §33: real ODE chassis geom (player) #1 = class 0 (not a transform) pos=(1671.552,231.851,1497.727) radius=4.500
INFO 2026-07-27 15:24:19.125 joltshadow - docs §33: real ODE chassis geom (player) #2 = transform, inner class=1 pos=(0.000,0.500,0.000)
INFO 2026-07-27 15:24:19.125 joltshadow - docs §33: real ODE chassis geom (player) #3 = transform, inner class=1 pos=(-0.000,0.467,0.001)
INFO 2026-07-27 15:24:19.125 joltshadow - docs §33: real ODE chassis geom (player) #4 = transform, inner class=1 pos=(0.000,0.500,0.000)
INFO 2026-07-27 15:24:19.125 joltshadow - docs §33: real ODE chassis geom (player) #5 = transform, inner class=1 pos=(0.000,0.500,0.000)
INFO 2026-07-27 15:24:19.125 joltshadow - docs §33: real ODE chassis geom (player) #6 = transform, inner class=1 pos=(0.000,0.500,0.000)
INFO 2026-07-27 15:24:19.125 joltshadow - docs §33: real ODE chassis geom (player) #7 = class 0 (not a transform) pos=(1671.552,231.851,1497.727) radius=30.000
INFO 2026-07-27 15:24:19.125 joltshadow - docs §33: real ODE chassis geom (player) #8 = class 0 (not a transform) pos=(1671.552,231.851,1497.727) radius=1.000
INFO 2026-07-27 15:24:19.125 joltshadow - docs §33: real ODE chassis geom (player) #9 = class 0 (not a transform) pos=(1671.552,231.851,1497.727) radius=200.000
INFO 2026-07-27 15:24:19.125 joltshadow - docs §33: real ODE chassis (player) has 9 total geom(s) directly attached (5 transform(s)) - compare against BuildChassisCompoundShape's own part/geom count in the build log
INFO 2026-07-27 15:24:19.125 joltshadow - docs §28: REAL ODE wheel state (player) wheel=0 displacement=0.0000 range=1.000 (0% compressed, signed) foreAft=-0.000 localZ=0.000 cfm=0.002500 erp=0.2500
INFO 2026-07-27 15:24:19.125 joltshadow - docs §28: REAL ODE wheel state (player) wheel=1 displacement=0.0000 range=1.000 (0% compressed, signed) foreAft=-0.000 localZ=0.000 cfm=0.002500 erp=0.2500
INFO 2026-07-27 15:24:19.125 joltshadow - docs §28: REAL ODE wheel state (player) wheel=2 displacement=0.0000 range=1.000 (0% compressed, signed) foreAft=-0.000 localZ=0.000 cfm=0.002500 erp=0.2500
INFO 2026-07-27 15:24:19.125 joltshadow - docs §28: REAL ODE wheel state (player) wheel=3 displacement=0.0000 range=1.000 (0% compressed, signed) foreAft=-0.000 localZ=0.000 cfm=0.002500 erp=0.2500
INFO 2026-07-27 15:24:19.131 joltshadow - docs §70.1: slipdense (player) f=64 w=0 grounded=1 kappa=0.027 fnGround=1014 omega=-0.02 | ftGround=30N target=0.0 limit=420Nm motorNm=3 tyreNm=-3 inertia=0.05 limRot=0/-0/0 omegaPre=-0.02 posN=-3/-48/0 susp=-0.0064 springN=331
INFO 2026-07-27 15:24:19.131 joltshadow - docs §70.1: slipdense (player) f=64 w=1 grounded=1 kappa=0.027 fnGround=1014 omega=-0.02 | ftGround=30N target=0.0 limit=420Nm motorNm=3 tyreNm=-3 inertia=0.05 limRot=0/-0/0 omegaPre=-0.02 posN=-3/-48/0 susp=-0.0064 springN=331
INFO 2026-07-27 15:24:19.131 joltshadow - docs §70.1: slipdense (player) f=64 w=2 grounded=1 kappa=0.027 fnGround=1014 omega=-0.02 | ftGround=30N target=0.0 limit=420Nm motorNm=3 tyreNm=-3 inertia=0.05 limRot=0/-0/-0 omegaPre=-0.02 posN=-3/-48/0 susp=-0.0064 springN=331
INFO 2026-07-27 15:24:19.131 joltshadow - docs §70.1: slipdense (player) f=64 w=3 grounded=1 kappa=0.027 fnGround=1014 omega=-0.02 | ftGround=30N target=0.0 limit=420Nm motorNm=3 tyreNm=-3 inertia=0.05 limRot=0/-0/-0 omegaPre=-0.02 posN=-3/-48/0 susp=-0.0064 springN=331
INFO 2026-07-27 15:24:19.131 joltshadow - docs §78: attdense (player) f=64 joltTilt=2.25 odeTilt=2.24 upDelta=0.00 wBody=(-0.02,-0.00,0.00) |w|=0.02 grounded=4
INFO 2026-07-27 15:24:19.136 joltshadow - docs §70.1: slipdense (player) f=68 w=0 grounded=1 kappa=0.022 fnGround=786 omega=-0.03 | ftGround=49N target=0.0 limit=327Nm motorNm=5 tyreNm=-5 inertia=0.05 limRot=0/-0/0 omegaPre=-0.03 posN=-3/-55/0 susp=-0.0120 springN=425
INFO 2026-07-27 15:24:19.136 joltshadow - docs §70.1: slipdense (player) f=68 w=1 grounded=1 kappa=0.022 fnGround=786 omega=-0.03 | ftGround=49N target=0.0 limit=327Nm motorNm=5 tyreNm=-5 inertia=0.05 limRot=0/-0/0 omegaPre=-0.03 posN=-3/-55/0 susp=-0.0120 springN=425
INFO 2026-07-27 15:24:19.136 joltshadow - docs §70.1: slipdense (player) f=68 w=2 grounded=1 kappa=0.022 fnGround=786 omega=-0.03 | ftGround=49N target=0.0 limit=327Nm motorNm=5 tyreNm=-5 inertia=0.05 limRot=0/-0/-0 omegaPre=-0.03 posN=-3/-55/0 susp=-0.0120 springN=425
INFO 2026-07-27 15:24:19.136 joltshadow - docs §70.1: slipdense (player) f=68 w=3 grounded=1 kappa=0.022 fnGround=786 omega=-0.03 | ftGround=49N target=0.0 limit=327Nm motorNm=5 tyreNm=-5 inertia=0.05 limRot=0/-0/-0 omegaPre=-0.03 posN=-3/-55/0 susp=-0.0120 springN=425
INFO 2026-07-27 15:24:19.136 joltshadow - docs §78: attdense (player) f=68 joltTilt=2.27 odeTilt=2.24 upDelta=0.03 wBody=(-0.03,-0.00,0.00) |w|=0.03 grounded=4
INFO 2026-07-27 15:24:19.140 joltshadow - docs §70.1: slipdense (player) f=72 w=0 grounded=1 kappa=0.012 fnGround=680 omega=-0.04 | ftGround=27N target=0.0 limit=281Nm motorNm=2 tyreNm=-3 inertia=0.05 limRot=0/-0/0 omegaPre=-0.04 posN=-2/-38/0 susp=-0.0168 springN=472
INFO 2026-07-27 15:24:19.140 joltshadow - docs §70.1: slipdense (player) f=72 w=1 grounded=1 kappa=0.012 fnGround=680 omega=-0.04 | ftGround=27N target=0.0 limit=281Nm motorNm=2 tyreNm=-3 inertia=0.05 limRot=0/-0/0 omegaPre=-0.04 posN=-2/-38/0 susp=-0.0168 springN=472
INFO 2026-07-27 15:24:19.140 joltshadow - docs §70.1: slipdense (player) f=72 w=2 grounded=1 kappa=0.012 fnGround=680 omega=-0.04 | ftGround=27N target=0.0 limit=281Nm motorNm=2 tyreNm=-3 inertia=0.05 limRot=0/-0/-0 omegaPre=-0.04 posN=-2/-38/0 susp=-0.0168 springN=472
INFO 2026-07-27 15:24:19.141 joltshadow - docs §70.1: slipdense (player) f=72 w=3 grounded=1 kappa=0.012 fnGround=680 omega=-0.04 | ftGround=27N target=0.0 limit=281Nm motorNm=2 tyreNm=-3 inertia=0.05 limRot=0/-0/-0 omegaPre=-0.04 posN=-2/-38/0 susp=-0.0168 springN=472
INFO 2026-07-27 15:24:19.141 joltshadow - docs §78: attdense (player) f=72 joltTilt=2.28 odeTilt=2.24 upDelta=0.04 wBody=(-0.04,-0.00,0.00) |w|=0.04 grounded=4
INFO 2026-07-27 15:24:19.145 joltshadow - docs §70.1: slipdense (player) f=76 w=0 grounded=1 kappa=0.005 fnGround=608 omega=-0.04 | ftGround=10N target=0.0 limit=249Nm motorNm=1 tyreNm=-1 inertia=0.05 limRot=0/-0/0 omegaPre=-0.04 posN=-2/-25/0 susp=-0.0218 springN=502
INFO 2026-07-27 15:24:19.145 joltshadow - docs §70.1: slipdense (player) f=76 w=1 grounded=1 kappa=0.005 fnGround=608 omega=-0.04 | ftGround=10N target=0.0 limit=249Nm motorNm=1 tyreNm=-1 inertia=0.05 limRot=0/-0/0 omegaPre=-0.04 posN=-2/-25/0 susp=-0.0218 springN=502
INFO 2026-07-27 15:24:19.145 joltshadow - docs §70.1: slipdense (player) f=76 w=2 grounded=1 kappa=0.005 fnGround=608 omega=-0.04 | ftGround=10N target=0.0 limit=249Nm motorNm=1 tyreNm=-1 inertia=0.05 limRot=0/-0/-0 omegaPre=-0.04 posN=-2/-25/0 susp=-0.0218 springN=502
INFO 2026-07-27 15:24:19.145 joltshadow - docs §70.1: slipdense (player) f=76 w=3 grounded=1 kappa=0.005 fnGround=608 omega=-0.04 | ftGround=10N target=0.0 limit=249Nm motorNm=1 tyreNm=-1 inertia=0.05 limRot=0/-0/-0 omegaPre=-0.04 posN=-2/-25/0 susp=-0.0218 springN=502
INFO 2026-07-27 15:24:19.145 joltshadow - docs §78: attdense (player) f=76 joltTilt=2.30 odeTilt=2.24 upDelta=0.06 wBody=(-0.04,-0.00,0.00) |w|=0.04 grounded=4
INFO 2026-07-27 15:24:19.150 joltshadow - docs §70.1: slipdense (player) f=80 w=0 grounded=1 kappa=-0.001 fnGround=563 omega=-0.05 | ftGround=-1N target=0.0 limit=227Nm motorNm=-0 tyreNm=0 inertia=0.05 limRot=0/-0/0 omegaPre=-0.05 posN=-1/-16/0 susp=-0.0290 springN=528
INFO 2026-07-27 15:24:19.150 joltshadow - docs §70.1: slipdense (player) f=80 w=1 grounded=1 kappa=-0.001 fnGround=563 omega=-0.05 | ftGround=-1N target=0.0 limit=227Nm motorNm=-0 tyreNm=0 inertia=0.05 limRot=0/-0/0 omegaPre=-0.05 posN=-1/-16/0 susp=-0.0290 springN=528
INFO 2026-07-27 15:24:19.150 joltshadow - docs §70.1: slipdense (player) f=80 w=2 grounded=1 kappa=-0.001 fnGround=563 omega=-0.05 | ftGround=-1N target=0.0 limit=227Nm motorNm=-0 tyreNm=0 inertia=0.05 limRot=0/-0/-0 omegaPre=-0.05 posN=-1/-16/0 susp=-0.0290 springN=528
INFO 2026-07-27 15:24:19.150 joltshadow - docs §70.1: slipdense (player) f=80 w=3 grounded=1 kappa=-0.001 fnGround=563 omega=-0.05 | ftGround=-1N target=0.0 limit=227Nm motorNm=-0 tyreNm=0 inertia=0.05 limRot=0/-0/-0 omegaPre=-0.05 posN=-1/-16/0 susp=-0.0290 springN=528
INFO 2026-07-27 15:24:19.150 joltshadow - docs §78: attdense (player) f=80 joltTilt=2.33 odeTilt=2.24 upDelta=0.09 wBody=(-0.05,-0.00,0.00) |w|=0.05 grounded=4
INFO 2026-07-27 15:24:19.155 joltshadow - docs §70.1: slipdense (player) f=84 w=0 grounded=1 kappa=-0.005 fnGround=560 omega=-0.05 | ftGround=-10N target=0.0 limit=223Nm motorNm=-1 tyreNm=1 inertia=0.05 limRot=0/-0/0 omegaPre=-0.05 posN=-1/-10/0 susp=-0.0336 springN=539
INFO 2026-07-27 15:24:19.155 joltshadow - docs §70.1: slipdense (player) f=84 w=1 grounded=1 kappa=-0.005 fnGround=560 omega=-0.05 | ftGround=-10N target=0.0 limit=223Nm motorNm=-1 tyreNm=1 inertia=0.05 limRot=0/-0/0 omegaPre=-0.05 posN=-1/-10/0 susp=-0.0336 springN=539
INFO 2026-07-27 15:24:19.155 joltshadow - docs §70.1: slipdense (player) f=84 w=2 grounded=1 kappa=-0.005 fnGround=560 omega=-0.05 | ftGround=-10N target=0.0 limit=223Nm motorNm=-1 tyreNm=1 inertia=0.05 limRot=0/-0/-0 omegaPre=-0.05 posN=-1/-10/0 susp=-0.0336 springN=539
INFO 2026-07-27 15:24:19.155 joltshadow - docs §70.1: slipdense (player) f=84 w=3 grounded=1 kappa=-0.005 fnGround=560 omega=-0.05 | ftGround=-10N target=0.0 limit=223Nm motorNm=-1 tyreNm=1 inertia=0.05 limRot=0/-0/-0 omegaPre=-0.05 posN=-1/-10/0 susp=-0.0336 springN=539
INFO 2026-07-27 15:24:19.155 joltshadow - docs §78: attdense (player) f=84 joltTilt=2.35 odeTilt=2.24 upDelta=0.11 wBody=(-0.05,-0.00,0.00) |w|=0.05 grounded=4
INFO 2026-07-27 15:24:19.159 joltshadow - docs §70.1: slipdense (player) f=88 w=0 grounded=1 kappa=-0.007 fnGround=583 omega=-0.05 | ftGround=-15N target=0.0 limit=231Nm motorNm=-1 tyreNm=1 inertia=0.05 limRot=0/-0/0 omegaPre=-0.05 posN=-1/-7/0 susp=-0.0390 springN=551
INFO 2026-07-27 15:24:19.159 joltshadow - docs §70.1: slipdense (player) f=88 w=1 grounded=1 kappa=-0.007 fnGround=583 omega=-0.05 | ftGround=-15N target=0.0 limit=231Nm motorNm=-1 tyreNm=1 inertia=0.05 limRot=0/-0/0 omegaPre=-0.05 posN=-1/-7/0 susp=-0.0390 springN=551
INFO 2026-07-27 15:24:19.159 joltshadow - docs §70.1: slipdense (player) f=88 w=2 grounded=1 kappa=-0.007 fnGround=583 omega=-0.05 | ftGround=-15N target=0.0 limit=231Nm motorNm=-1 tyreNm=1 inertia=0.05 limRot=0/-0/-0 omegaPre=-0.05 posN=-1/-7/0 susp=-0.0390 springN=551
INFO 2026-07-27 15:24:19.159 joltshadow - docs §70.1: slipdense (player) f=88 w=3 grounded=1 kappa=-0.007 fnGround=583 omega=-0.05 | ftGround=-15N target=0.0 limit=231Nm motorNm=-1 tyreNm=1 inertia=0.05 limRot=0/-0/-0 omegaPre=-0.05 posN=-1/-7/0 susp=-0.0390 springN=551
INFO 2026-07-27 15:24:19.160 joltshadow - docs §78: attdense (player) f=88 joltTilt=2.37 odeTilt=2.24 upDelta=0.13 wBody=(-0.05,-0.00,0.00) |w|=0.05 grounded=4
INFO 2026-07-27 15:24:19.164 joltshadow - docs §70.1: slipdense (player) f=92 w=0 grounded=1 kappa=-0.008 fnGround=616 omega=-0.05 | ftGround=-18N target=0.0 limit=240Nm motorNm=-2 tyreNm=2 inertia=0.05 limRot=0/-0/0 omegaPre=-0.05 posN=-1/-7/0 susp=-0.0441 springN=563
INFO 2026-07-27 15:24:19.164 joltshadow - docs §70.1: slipdense (player) f=92 w=1 grounded=1 kappa=-0.008 fnGround=616 omega=-0.05 | ftGround=-18N target=0.0 limit=240Nm motorNm=-2 tyreNm=2 inertia=0.05 limRot=0/-0/0 omegaPre=-0.05 posN=-1/-7/0 susp=-0.0441 springN=563
INFO 2026-07-27 15:24:19.164 joltshadow - docs §70.1: slipdense (player) f=92 w=2 grounded=1 kappa=-0.008 fnGround=616 omega=-0.05 | ftGround=-18N target=0.0 limit=240Nm motorNm=-2 tyreNm=2 inertia=0.05 limRot=0/-0/-0 omegaPre=-0.05 posN=-1/-7/0 susp=-0.0441 springN=563
INFO 2026-07-27 15:24:19.164 joltshadow - docs §70.1: slipdense (player) f=92 w=3 grounded=1 kappa=-0.008 fnGround=616 omega=-0.05 | ftGround=-18N target=0.0 limit=240Nm motorNm=-2 tyreNm=2 inertia=0.05 limRot=0/-0/-0 omegaPre=-0.05 posN=-1/-7/0 susp=-0.0441 springN=563
INFO 2026-07-27 15:24:19.164 joltshadow - docs §78: attdense (player) f=92 joltTilt=2.40 odeTilt=2.24 upDelta=0.15 wBody=(-0.05,-0.00,0.00) |w|=0.05 grounded=4
INFO 2026-07-27 15:24:19.168 joltshadow - docs §70.1: slipdense (player) f=96 w=0 grounded=1 kappa=-0.007 fnGround=642 omega=-0.05 | ftGround=-15N target=0.0 limit=254Nm motorNm=-1 tyreNm=1 inertia=0.05 limRot=0/-0/0 omegaPre=-0.05 posN=-1/-9/0 susp=-0.0480 springN=574
INFO 2026-07-27 15:24:19.168 joltshadow - docs §70.1: slipdense (player) f=96 w=1 grounded=1 kappa=-0.007 fnGround=642 omega=-0.05 | ftGround=-15N target=0.0 limit=254Nm motorNm=-1 tyreNm=1 inertia=0.05 limRot=0/-0/0 omegaPre=-0.05 posN=-1/-9/0 susp=-0.0480 springN=574
INFO 2026-07-27 15:24:19.169 joltshadow - docs §70.1: slipdense (player) f=96 w=2 grounded=1 kappa=-0.007 fnGround=642 omega=-0.05 | ftGround=-15N target=0.0 limit=254Nm motorNm=-1 tyreNm=1 inertia=0.05 limRot=0/-0/-0 omegaPre=-0.05 posN=-1/-9/0 susp=-0.0480 springN=574
INFO 2026-07-27 15:24:19.169 joltshadow - docs §70.1: slipdense (player) f=96 w=3 grounded=1 kappa=-0.007 fnGround=642 omega=-0.05 | ftGround=-15N target=0.0 limit=254Nm motorNm=-1 tyreNm=1 inertia=0.05 limRot=0/-0/-0 omegaPre=-0.05 posN=-1/-9/0 susp=-0.0480 springN=574
INFO 2026-07-27 15:24:19.169 joltshadow - docs §78: attdense (player) f=96 joltTilt=2.42 odeTilt=2.24 upDelta=0.18 wBody=(-0.05,-0.00,0.00) |w|=0.05 grounded=4
INFO 2026-07-27 15:24:19.172 joltshadow - docs §78: attdense (player) f=100 joltTilt=2.44 odeTilt=2.24 upDelta=0.19 wBody=(-0.05,-0.00,0.00) |w|=0.05 grounded=4
INFO 2026-07-27 15:24:19.176 joltshadow - docs §70.1: slipdense (player) f=104 w=0 grounded=1 kappa=-0.006 fnGround=689 omega=-0.05 | ftGround=-14N target=0.0 limit=274Nm motorNm=-1 tyreNm=1 inertia=0.05 limRot=0/-0/0 omegaPre=-0.05 posN=-1/-11/0 susp=-0.0553 springN=597
INFO 2026-07-27 15:24:19.176 joltshadow - docs §70.1: slipdense (player) f=104 w=1 grounded=1 kappa=-0.006 fnGround=689 omega=-0.05 | ftGround=-14N target=0.0 limit=274Nm motorNm=-1 tyreNm=1 inertia=0.05 limRot=0/-0/0 omegaPre=-0.05 posN=-1/-11/0 susp=-0.0553 springN=597
INFO 2026-07-27 15:24:19.176 joltshadow - docs §70.1: slipdense (player) f=104 w=2 grounded=1 kappa=-0.006 fnGround=689 omega=-0.05 | ftGround=-14N target=0.0 limit=274Nm motorNm=-1 tyreNm=1 inertia=0.05 limRot=0/-0/-0 omegaPre=-0.05 posN=-1/-11/0 susp=-0.0553 springN=597
INFO 2026-07-27 15:24:19.176 joltshadow - docs §70.1: slipdense (player) f=104 w=3 grounded=1 kappa=-0.006 fnGround=689 omega=-0.05 | ftGround=-14N target=0.0 limit=274Nm motorNm=-1 tyreNm=1 inertia=0.05 limRot=0/-0/-0 omegaPre=-0.05 posN=-1/-11/0 susp=-0.0553 springN=597
INFO 2026-07-27 15:24:19.176 joltshadow - docs §78: attdense (player) f=104 joltTilt=2.46 odeTilt=2.24 upDelta=0.21 wBody=(-0.05,-0.00,0.00) |w|=0.05 grounded=4
INFO 2026-07-27 15:24:19.180 joltshadow - docs §70.1: slipdense (player) f=108 w=0 grounded=1 kappa=-0.006 fnGround=703 omega=-0.05 | ftGround=-13N target=0.0 limit=280Nm motorNm=-1 tyreNm=1 inertia=0.05 limRot=0/-0/0 omegaPre=-0.05 posN=-1/-13/0 susp=-0.0587 springN=608
INFO 2026-07-27 15:24:19.181 joltshadow - docs §70.1: slipdense (player) f=108 w=1 grounded=1 kappa=-0.006 fnGround=703 omega=-0.05 | ftGround=-13N target=0.0 limit=280Nm motorNm=-1 tyreNm=1 inertia=0.05 limRot=0/-0/0 omegaPre=-0.05 posN=-1/-13/0 susp=-0.0587 springN=608
INFO 2026-07-27 15:24:19.181 joltshadow - docs §70.1: slipdense (player) f=108 w=2 grounded=1 kappa=-0.006 fnGround=703 omega=-0.05 | ftGround=-13N target=0.0 limit=280Nm motorNm=-1 tyreNm=1 inertia=0.05 limRot=0/-0/-0 omegaPre=-0.05 posN=-1/-13/0 susp=-0.0587 springN=608
INFO 2026-07-27 15:24:19.181 joltshadow - docs §70.1: slipdense (player) f=108 w=3 grounded=1 kappa=-0.006 fnGround=703 omega=-0.05 | ftGround=-13N target=0.0 limit=280Nm motorNm=-1 tyreNm=1 inertia=0.05 limRot=0/-0/-0 omegaPre=-0.05 posN=-1/-13/0 susp=-0.0587 springN=608
INFO 2026-07-27 15:24:19.181 joltshadow - docs §78: attdense (player) f=108 joltTilt=2.48 odeTilt=2.24 upDelta=0.24 wBody=(-0.05,-0.00,0.00) |w|=0.05 grounded=4
INFO 2026-07-27 15:24:19.185 joltshadow - docs §70.1: slipdense (player) f=112 w=0 grounded=1 kappa=-0.006 fnGround=717 omega=-0.06 | ftGround=-14N target=0.0 limit=286Nm motorNm=-1 tyreNm=1 inertia=0.05 limRot=0/-0/0 omegaPre=-0.06 posN=-1/-12/0 susp=-0.0629 springN=621
INFO 2026-07-27 15:24:19.186 joltshadow - docs §70.1: slipdense (player) f=112 w=1 grounded=1 kappa=-0.006 fnGround=717 omega=-0.06 | ftGround=-14N target=0.0 limit=286Nm motorNm=-1 tyreNm=1 inertia=0.05 limRot=0/-0/0 omegaPre=-0.06 posN=-1/-12/0 susp=-0.0629 springN=621
INFO 2026-07-27 15:24:19.186 joltshadow - docs §70.1: slipdense (player) f=112 w=2 grounded=1 kappa=-0.006 fnGround=717 omega=-0.06 | ftGround=-14N target=0.0 limit=286Nm motorNm=-1 tyreNm=1 inertia=0.05 limRot=0/-0/-0 omegaPre=-0.06 posN=-1/-12/0 susp=-0.0629 springN=621
INFO 2026-07-27 15:24:19.186 joltshadow - docs §70.1: slipdense (player) f=112 w=3 grounded=1 kappa=-0.006 fnGround=717 omega=-0.06 | ftGround=-14N target=0.0 limit=286Nm motorNm=-1 tyreNm=1 inertia=0.05 limRot=0/-0/-0 omegaPre=-0.06 posN=-1/-12/0 susp=-0.0629 springN=621
INFO 2026-07-27 15:24:19.186 joltshadow - docs §78: attdense (player) f=112 joltTilt=2.50 odeTilt=2.24 upDelta=0.26 wBody=(-0.06,-0.00,0.00) |w|=0.06 grounded=4
INFO 2026-07-27 15:24:19.189 joltshadow - docs §70.1: slipdense (player) f=116 w=0 grounded=1 kappa=-0.007 fnGround=728 omega=-0.06 | ftGround=-15N target=0.0 limit=290Nm motorNm=-2 tyreNm=2 inertia=0.05 limRot=0/-0/0 omegaPre=-0.06 posN=-1/-12/0 susp=-0.0660 springN=630
INFO 2026-07-27 15:24:19.190 joltshadow - docs §70.1: slipdense (player) f=116 w=1 grounded=1 kappa=-0.007 fnGround=728 omega=-0.06 | ftGround=-15N target=0.0 limit=290Nm motorNm=-2 tyreNm=2 inertia=0.05 limRot=0/-0/0 omegaPre=-0.06 posN=-1/-12/0 susp=-0.0660 springN=630
INFO 2026-07-27 15:24:19.190 joltshadow - docs §70.1: slipdense (player) f=116 w=2 grounded=1 kappa=-0.007 fnGround=728 omega=-0.06 | ftGround=-15N target=0.0 limit=290Nm motorNm=-2 tyreNm=2 inertia=0.05 limRot=0/-0/-0 omegaPre=-0.06 posN=-1/-12/0 susp=-0.0660 springN=630
INFO 2026-07-27 15:24:19.190 joltshadow - docs §70.1: slipdense (player) f=116 w=3 grounded=1 kappa=-0.007 fnGround=728 omega=-0.06 | ftGround=-15N target=0.0 limit=290Nm motorNm=-2 tyreNm=2 inertia=0.05 limRot=0/-0/-0 omegaPre=-0.06 posN=-1/-12/0 susp=-0.0660 springN=630
INFO 2026-07-27 15:24:19.190 joltshadow - docs §78: attdense (player) f=116 joltTilt=2.52 odeTilt=2.24 upDelta=0.28 wBody=(-0.06,-0.00,0.00) |w|=0.06 grounded=4
INFO 2026-07-27 15:24:19.194 joltshadow - docs §70.1: slipdense (player) f=120 w=0 grounded=1 kappa=-0.007 fnGround=739 omega=-0.06 | ftGround=-15N target=0.0 limit=295Nm motorNm=-2 tyreNm=2 inertia=0.05 limRot=0/-0/0 omegaPre=-0.06 posN=-1/-12/0 susp=-0.0698 springN=640
INFO 2026-07-27 15:24:19.194 joltshadow - docs §70.1: slipdense (player) f=120 w=1 grounded=1 kappa=-0.007 fnGround=739 omega=-0.06 | ftGround=-15N target=0.0 limit=295Nm motorNm=-2 tyreNm=2 inertia=0.05 limRot=0/-0/0 omegaPre=-0.06 posN=-1/-12/0 susp=-0.0698 springN=640
INFO 2026-07-27 15:24:19.194 joltshadow - docs §70.1: slipdense (player) f=120 w=2 grounded=1 kappa=-0.007 fnGround=739 omega=-0.06 | ftGround=-15N target=0.0 limit=295Nm motorNm=-2 tyreNm=2 inertia=0.05 limRot=0/-0/-0 omegaPre=-0.06 posN=-1/-12/0 susp=-0.0698 springN=640
INFO 2026-07-27 15:24:19.194 joltshadow - docs §70.1: slipdense (player) f=120 w=3 grounded=1 kappa=-0.007 fnGround=739 omega=-0.06 | ftGround=-15N target=0.0 limit=295Nm motorNm=-2 tyreNm=2 inertia=0.05 limRot=0/-0/-0 omegaPre=-0.06 posN=-1/-12/0 susp=-0.0698 springN=640
INFO 2026-07-27 15:24:19.194 joltshadow - docs §78: attdense (player) f=120 joltTilt=2.55 odeTilt=2.24 upDelta=0.30 wBody=(-0.06,-0.00,0.00) |w|=0.06 grounded=4
INFO 2026-07-27 15:24:19.194 joltshadow - Shadow divergence (player): pos=0.011m vel=1.105m/s angle=0.3deg (jolt com=[1671.6 231.8 1497.7] ode com=[1671.6 231.7 1497.7])
INFO 2026-07-27 15:24:19.194 joltshadow - docs §23.6: driver input (player) realThrottle=10.00 brake=1.00 handBrake=1 steerRad=0.000
INFO 2026-07-27 15:24:19.194 joltshadow - docs §32: Jolt SHADOW chassis pitch (player) forward=(-0.649, 0.044, 0.760)
INFO 2026-07-27 15:24:19.195 joltshadow - docs §69: tilt (player) jolt=2.5 deg ode=2.2 deg delta=+0.3 deg upDelta=0.30 deg
INFO 2026-07-27 15:24:19.195 joltshadow - docs §32.4: Jolt SHADOW chassis lowest corner (player) = (1671.07,232.30,1496.60) clearanceToGround=1.091
INFO 2026-07-27 15:24:19.195 joltshadow - docs §23.5: wheel state (player) wheel=0 contact=0 suspLen=1.050 (range 0.050-1.050, 0% compressed) angVel=0.00
INFO 2026-07-27 15:24:19.195 joltshadow - docs §38.11: wheel=0 NO contact, worldAxle=(-0.760,-0.003,-0.649)
INFO 2026-07-27 15:24:19.195 joltshadow - docs §32: no-contact raycast (player) wheel=0 bodyPos=(1671.57,232.28,1497.71) localMPos=(0.000,0.000,0.000) origin=(1671.57,232.28,1497.71) dir=(-0.027,-0.999,0.036) normalRayLen=1.150 groundFoundAt=0.000 shortfallBeyondTravel=-1.150 hitBody=8388610 hitLayer=1 hitMotion=2 hitIsSelfChassis=0
INFO 2026-07-27 15:24:19.195 joltshadow - docs §23.5: wheel state (player) wheel=1 contact=0 suspLen=1.050 (range 0.050-1.050, 0% compressed) angVel=0.00
INFO 2026-07-27 15:24:19.195 joltshadow - docs §38.11: wheel=1 NO contact, worldAxle=(-0.760,-0.003,-0.649)
INFO 2026-07-27 15:24:19.195 joltshadow - docs §32: no-contact raycast (player) wheel=1 bodyPos=(1671.57,232.28,1497.71) localMPos=(0.000,0.000,0.000) origin=(1671.57,232.28,1497.71) dir=(-0.027,-0.999,0.036) normalRayLen=1.150 groundFoundAt=0.000 shortfallBeyondTravel=-1.150 hitBody=8388610 hitLayer=1 hitMotion=2 hitIsSelfChassis=0
INFO 2026-07-27 15:24:19.195 joltshadow - docs §23.5: wheel state (player) wheel=2 contact=0 suspLen=1.050 (range 0.050-1.050, 0% compressed) angVel=0.00
INFO 2026-07-27 15:24:19.195 joltshadow - docs §38.11: wheel=2 NO contact, worldAxle=(-0.760,-0.003,-0.649)
INFO 2026-07-27 15:24:19.195 joltshadow - docs §32: no-contact raycast (player) wheel=2 bodyPos=(1671.57,232.28,1497.71) localMPos=(0.000,0.000,0.000) origin=(1671.57,232.28,1497.71) dir=(-0.027,-0.999,0.036) normalRayLen=1.150 groundFoundAt=0.000 shortfallBeyondTravel=-1.150 hitBody=8388610 hitLayer=1 hitMotion=2 hitIsSelfChassis=0
INFO 2026-07-27 15:24:19.195 joltshadow - docs §23.5: wheel state (player) wheel=3 contact=0 suspLen=1.050 (range 0.050-1.050, 0% compressed) angVel=0.00
INFO 2026-07-27 15:24:19.195 joltshadow - docs §38.11: wheel=3 NO contact, worldAxle=(-0.760,-0.003,-0.649)
INFO 2026-07-27 15:24:19.195 joltshadow - docs §32: no-contact raycast (player) wheel=3 bodyPos=(1671.57,232.28,1497.71) localMPos=(0.000,0.000,0.000) origin=(1671.57,232.28,1497.71) dir=(-0.027,-0.999,0.036) normalRayLen=1.150 groundFoundAt=0.000 shortfallBeyondTravel=-1.150 hitBody=8388610 hitLayer=1 hitMotion=2 hitIsSelfChassis=0
INFO 2026-07-27 15:24:19.195 joltshadow - docs §59/63: harvest (player) wheelsWithContact=4 contactPoints=16 overflow=0 (of 4) | maxNormalF=739N bound(k_t*tau)=1200N ratio=0.62
INFO 2026-07-27 15:24:19.195 joltshadow - docs §58: wheel body (player) w=0 springF=640N stopF=0N travel=-0.0698 (limits -0.5000..0.5000 rel spawn) kSusp=6000 sagPredicted=0.1066 | frameTrav=-0.0698..-0.0698 frameStopN=0
INFO 2026-07-27 15:24:19.195 joltshadow - docs §66: tyre band (player) w=0 fnGround=739N fnTotal=739N pen=0.00596 penRaw=0.00596 tau=0.01000 pen/tau=0.60 | recs tyre=2 rim=2 survived=2 stale=0 distMax=0.94R
INFO 2026-07-27 15:24:19.195 joltshadow - docs §68: steer (player) w=0 steerable=1 commanded=0.000 rad measured=-0.000 rad err=-0.00 deg steerSign=-1 steerTq=-0Nm cap=295Nm sat=0.00
INFO 2026-07-27 15:24:19.195 joltshadow - docs §70: slip (player) w=0 grounded=1 kappa=-0.007 fnGround=739N omega=-0.06
INFO 2026-07-27 15:24:19.195 joltshadow - docs §67: spin (player) w=0 driven=1 omega=-0.06 rad/s surfaceSpeed=-0.01 m/s spinSign=+1 motorTq=-2Nm cmdTq=295Nm
INFO 2026-07-27 15:24:19.195 joltshadow - docs §58: wheel body (player) w=1 springF=640N stopF=0N travel=-0.0698 (limits -0.5000..0.5000 rel spawn) kSusp=6000 sagPredicted=0.1066 | frameTrav=-0.0698..-0.0698 frameStopN=0
INFO 2026-07-27 15:24:19.195 joltshadow - docs §66: tyre band (player) w=1 fnGround=739N fnTotal=739N pen=0.00596 penRaw=0.00596 tau=0.01000 pen/tau=0.60 | recs tyre=2 rim=2 survived=2 stale=0 distMax=0.94R
INFO 2026-07-27 15:24:19.196 joltshadow - docs §68: steer (player) w=1 steerable=1 commanded=0.000 rad measured=-0.000 rad err=-0.00 deg steerSign=-1 steerTq=-0Nm cap=295Nm sat=0.00
INFO 2026-07-27 15:24:19.196 joltshadow - docs §70: slip (player) w=1 grounded=1 kappa=-0.007 fnGround=739N omega=-0.06
INFO 2026-07-27 15:24:19.196 joltshadow - docs §67: spin (player) w=1 driven=1 omega=-0.06 rad/s surfaceSpeed=-0.01 m/s spinSign=+1 motorTq=-2Nm cmdTq=295Nm
INFO 2026-07-27 15:24:19.196 joltshadow - docs §58: wheel body (player) w=2 springF=640N stopF=0N travel=-0.0698 (limits -0.5000..0.5000 rel spawn) kSusp=6000 sagPredicted=0.1066 | frameTrav=-0.0698..-0.0698 frameStopN=0
INFO 2026-07-27 15:24:19.196 joltshadow - docs §66: tyre band (player) w=2 fnGround=739N fnTotal=739N pen=0.00596 penRaw=0.00596 tau=0.01000 pen/tau=0.60 | recs tyre=2 rim=2 survived=2 stale=0 distMax=0.94R
INFO 2026-07-27 15:24:19.196 joltshadow - docs §68: steer (player) w=2 steerable=0 commanded=0.000 rad measured=-0.000 rad err=-0.00 deg steerSign=-1 steerTq=0Nm cap=340282346638528859811704183484516925440Nm sat=0.00
INFO 2026-07-27 15:24:19.196 joltshadow - docs §70: slip (player) w=2 grounded=1 kappa=-0.007 fnGround=739N omega=-0.06
INFO 2026-07-27 15:24:19.196 joltshadow - docs §67: spin (player) w=2 driven=1 omega=-0.06 rad/s surfaceSpeed=-0.01 m/s spinSign=+1 motorTq=-2Nm cmdTq=295Nm
INFO 2026-07-27 15:24:19.196 joltshadow - docs §58: wheel body (player) w=3 springF=640N stopF=0N travel=-0.0698 (limits -0.5000..0.5000 rel spawn) kSusp=6000 sagPredicted=0.1066 | frameTrav=-0.0698..-0.0698 frameStopN=0
INFO 2026-07-27 15:24:19.196 joltshadow - docs §66: tyre band (player) w=3 fnGround=739N fnTotal=739N pen=0.00596 penRaw=0.00596 tau=0.01000 pen/tau=0.60 | recs tyre=2 rim=2 survived=2 stale=0 distMax=0.94R
INFO 2026-07-27 15:24:19.196 joltshadow - docs §68: steer (player) w=3 steerable=0 commanded=0.000 rad measured=-0.000 rad err=-0.00 deg steerSign=-1 steerTq=0Nm cap=340282346638528859811704183484516925440Nm sat=0.00
INFO 2026-07-27 15:24:19.196 joltshadow - docs §70: slip (player) w=3 grounded=1 kappa=-0.007 fnGround=739N omega=-0.06
INFO 2026-07-27 15:24:19.196 joltshadow - docs §67: spin (player) w=3 driven=1 omega=-0.06 rad/s surfaceSpeed=-0.01 m/s spinSign=+1 motorTq=-2Nm cmdTq=295Nm
INFO 2026-07-27 15:24:19.196 joltshadow - docs §67: drivetrain (player) gear=0 rpm=12 driveTorque=600Nm perWheel=150Nm driven=4 throttle=1.00 spin=1 | PRE-STEP brake=1.00 handBrake=1
INFO 2026-07-27 15:24:19.196 joltshadow - docs §66: tyre band SUM (player) fnGroundSum=2955N fnTotalSum=2958N weight=1295N carried=2.28 | penSum=0.02384 recs tyre=8 rim=8 stale=0
INFO 2026-07-27 15:24:19.196 joltshadow - docs §30: REAL ODE chassis COM (player) body=3345C810 = (1671.552, 231.741, 1497.727) forward=(-0.649, 0.039, 0.760)
INFO 2026-07-27 15:24:19.196 joltshadow - docs §33: real ODE chassis geom (player) #1 = class 0 (not a transform) pos=(1671.552,231.741,1497.727) radius=4.500
INFO 2026-07-27 15:24:19.196 joltshadow - docs §33: real ODE chassis geom (player) #2 = transform, inner class=1 pos=(0.000,0.500,0.000)
INFO 2026-07-27 15:24:19.196 joltshadow - docs §33: real ODE chassis geom (player) #3 = transform, inner class=1 pos=(-0.000,0.467,0.001)
INFO 2026-07-27 15:24:19.196 joltshadow - docs §33: real ODE chassis geom (player) #4 = transform, inner class=1 pos=(0.000,0.500,0.000)
INFO 2026-07-27 15:24:19.196 joltshadow - docs §33: real ODE chassis geom (player) #5 = transform, inner class=1 pos=(0.000,0.500,0.000)
INFO 2026-07-27 15:24:19.196 joltshadow - docs §33: real ODE chassis geom (player) #6 = transform, inner class=1 pos=(0.000,0.500,0.000)
INFO 2026-07-27 15:24:19.196 joltshadow - docs §33: real ODE chassis geom (player) #7 = class 0 (not a transform) pos=(1671.552,231.741,1497.727) radius=30.000
INFO 2026-07-27 15:24:19.196 joltshadow - docs §33: real ODE chassis geom (player) #8 = class 0 (not a transform) pos=(1671.552,231.741,1497.727) radius=1.000
INFO 2026-07-27 15:24:19.197 joltshadow - docs §33: real ODE chassis geom (player) #9 = class 0 (not a transform) pos=(1671.552,231.741,1497.727) radius=200.000
INFO 2026-07-27 15:24:19.197 joltshadow - docs §33: real ODE chassis (player) has 9 total geom(s) directly attached (5 transform(s)) - compare against BuildChassisCompoundShape's own part/geom count in the build log
INFO 2026-07-27 15:24:19.197 joltshadow - docs §28: REAL ODE wheel state (player) wheel=0 displacement=0.0000 range=1.000 (0% compressed, signed) foreAft=-0.000 localZ=0.000 cfm=0.002500 erp=0.2500
INFO 2026-07-27 15:24:19.197 joltshadow - docs §28: REAL ODE wheel state (player) wheel=1 displacement=0.0000 range=1.000 (0% compressed, signed) foreAft=-0.000 localZ=0.000 cfm=0.002500 erp=0.2500
INFO 2026-07-27 15:24:19.197 joltshadow - docs §28: REAL ODE wheel state (player) wheel=2 displacement=0.0000 range=1.000 (0% compressed, signed) foreAft=-0.000 localZ=0.000 cfm=0.002500 erp=0.2500
INFO 2026-07-27 15:24:19.197 joltshadow - docs §28: REAL ODE wheel state (player) wheel=3 displacement=0.0000 range=1.000 (0% compressed, signed) foreAft=-0.000 localZ=0.000 cfm=0.002500 erp=0.2500
INFO 2026-07-27 15:24:19.201 joltshadow - docs §70.1: slipdense (player) f=124 w=0 grounded=1 kappa=-0.007 fnGround=746 omega=-0.06 | ftGround=-17N target=0.0 limit=298Nm motorNm=-2 tyreNm=2 inertia=0.05 limRot=0/-0/0 omegaPre=-0.06 posN=-1/-11/0 susp=-0.0747 springN=650
INFO 2026-07-27 15:24:19.201 joltshadow - docs §70.1: slipdense (player) f=124 w=1 grounded=1 kappa=-0.007 fnGround=746 omega=-0.06 | ftGround=-17N target=0.0 limit=298Nm motorNm=-2 tyreNm=2 inertia=0.05 limRot=0/-0/0 omegaPre=-0.06 posN=-1/-11/0 susp=-0.0747 springN=650
INFO 2026-07-27 15:24:19.201 joltshadow - docs §70.1: slipdense (player) f=124 w=2 grounded=1 kappa=-0.007 fnGround=746 omega=-0.06 | ftGround=-17N target=0.0 limit=298Nm motorNm=-2 tyreNm=2 inertia=0.05 limRot=0/-0/-0 omegaPre=-0.06 posN=-1/-11/0 susp=-0.0747 springN=650
INFO 2026-07-27 15:24:19.201 joltshadow - docs §70.1: slipdense (player) f=124 w=3 grounded=1 kappa=-0.007 fnGround=746 omega=-0.06 | ftGround=-17N target=0.0 limit=298Nm motorNm=-2 tyreNm=2 inertia=0.05 limRot=0/-0/-0 omegaPre=-0.06 posN=-1/-11/0 susp=-0.0747 springN=650
INFO 2026-07-27 15:24:19.201 joltshadow - docs §78: attdense (player) f=124 joltTilt=2.58 odeTilt=2.24 upDelta=0.34 wBody=(-0.06,-0.00,0.00) |w|=0.06 grounded=4
INFO 2026-07-27 15:24:19.205 joltshadow - docs §70.1: slipdense (player) f=128 w=0 grounded=1 kappa=-0.007 fnGround=750 omega=-0.06 | ftGround=-15N target=0.0 limit=300Nm motorNm=-2 tyreNm=2 inertia=0.05 limRot=0/-0/0 omegaPre=-0.06 posN=-1/-13/0 susp=-0.0773 springN=655
INFO 2026-07-27 15:24:19.205 joltshadow - docs §70.1: slipdense (player) f=128 w=1 grounded=1 kappa=-0.007 fnGround=750 omega=-0.06 | ftGround=-15N target=0.0 limit=300Nm motorNm=-2 tyreNm=2 inertia=0.05 limRot=0/-0/0 omegaPre=-0.06 posN=-1/-13/0 susp=-0.0773 springN=655
INFO 2026-07-27 15:24:19.205 joltshadow - docs §70.1: slipdense (player) f=128 w=2 grounded=1 kappa=-0.007 fnGround=750 omega=-0.06 | ftGround=-15N target=0.0 limit=300Nm motorNm=-2 tyreNm=2 inertia=0.05 limRot=0/-0/-0 omegaPre=-0.06 posN=-1/-13/0 susp=-0.0773 springN=655
INFO 2026-07-27 15:24:19.205 joltshadow - docs §70.1: slipdense (player) f=128 w=3 grounded=1 kappa=-0.007 fnGround=750 omega=-0.06 | ftGround=-15N target=0.0 limit=300Nm motorNm=-2 tyreNm=2 inertia=0.05 limRot=0/-0/-0 omegaPre=-0.06 posN=-1/-13/0 susp=-0.0773 springN=655
INFO 2026-07-27 15:24:19.206 joltshadow - docs §78: attdense (player) f=128 joltTilt=2.60 odeTilt=2.24 upDelta=0.35 wBody=(-0.06,-0.00,0.00) |w|=0.06 grounded=4
INFO 2026-07-27 15:24:19.209 joltshadow - docs §70.1: slipdense (player) f=132 w=0 grounded=1 kappa=-0.006 fnGround=754 omega=-0.06 | ftGround=-14N target=0.0 limit=301Nm motorNm=-2 tyreNm=2 inertia=0.05 limRot=0/-0/0 omegaPre=-0.06 posN=-1/-13/0 susp=-0.0797 springN=658
INFO 2026-07-27 15:24:19.209 joltshadow - docs §70.1: slipdense (player) f=132 w=1 grounded=1 kappa=-0.006 fnGround=754 omega=-0.06 | ftGround=-14N target=0.0 limit=301Nm motorNm=-2 tyreNm=2 inertia=0.05 limRot=0/-0/0 omegaPre=-0.06 posN=-1/-13/0 susp=-0.0797 springN=658
INFO 2026-07-27 15:24:19.209 joltshadow - docs §70.1: slipdense (player) f=132 w=2 grounded=1 kappa=-0.006 fnGround=754 omega=-0.06 | ftGround=-14N target=0.0 limit=301Nm motorNm=-2 tyreNm=2 inertia=0.05 limRot=0/-0/-0 omegaPre=-0.06 posN=-1/-13/0 susp=-0.0797 springN=658
INFO 2026-07-27 15:24:19.209 joltshadow - docs §70.1: slipdense (player) f=132 w=3 grounded=1 kappa=-0.006 fnGround=754 omega=-0.06 | ftGround=-14N target=0.0 limit=301Nm motorNm=-2 tyreNm=2 inertia=0.05 limRot=0/-0/-0 omegaPre=-0.06 posN=-1/-13/0 susp=-0.0797 springN=658
INFO 2026-07-27 15:24:19.210 joltshadow - docs §78: attdense (player) f=132 joltTilt=2.62 odeTilt=2.24 upDelta=0.37 wBody=(-0.06,-0.00,0.00) |w|=0.06 grounded=4
INFO 2026-07-27 15:24:19.213 joltshadow - docs §70.1: slipdense (player) f=136 w=0 grounded=1 kappa=-0.006 fnGround=754 omega=-0.07 | ftGround=-14N target=0.0 limit=302Nm motorNm=-2 tyreNm=2 inertia=0.05 limRot=0/-0/0 omegaPre=-0.06 posN=-1/-13/0 susp=-0.0820 springN=661
INFO 2026-07-27 15:24:19.213 joltshadow - docs §70.1: slipdense (player) f=136 w=1 grounded=1 kappa=-0.006 fnGround=754 omega=-0.07 | ftGround=-14N target=0.0 limit=302Nm motorNm=-2 tyreNm=2 inertia=0.05 limRot=0/-0/0 omegaPre=-0.06 posN=-1/-13/0 susp=-0.0820 springN=661
INFO 2026-07-27 15:24:19.213 joltshadow - docs §70.1: slipdense (player) f=136 w=2 grounded=1 kappa=-0.006 fnGround=754 omega=-0.07 | ftGround=-14N target=0.0 limit=302Nm motorNm=-2 tyreNm=2 inertia=0.05 limRot=0/-0/-0 omegaPre=-0.06 posN=-1/-13/0 susp=-0.0820 springN=661
INFO 2026-07-27 15:24:19.214 joltshadow - docs §70.1: slipdense (player) f=136 w=3 grounded=1 kappa=-0.006 fnGround=754 omega=-0.07 | ftGround=-14N target=0.0 limit=302Nm motorNm=-2 tyreNm=2 inertia=0.05 limRot=0/-0/-0 omegaPre=-0.06 posN=-1/-13/0 susp=-0.0820 springN=661
INFO 2026-07-27 15:24:19.214 joltshadow - docs §78: attdense (player) f=136 joltTilt=2.64 odeTilt=2.24 upDelta=0.39 wBody=(-0.07,-0.00,0.00) |w|=0.07 grounded=4
INFO 2026-07-27 15:24:19.217 joltshadow - docs §70.1: slipdense (player) f=140 w=0 grounded=1 kappa=-0.006 fnGround=752 omega=-0.07 | ftGround=-14N target=0.0 limit=301Nm motorNm=-2 tyreNm=2 inertia=0.05 limRot=0/-0/0 omegaPre=-0.07 posN=-1/-13/0 susp=-0.0842 springN=662
INFO 2026-07-27 15:24:19.217 joltshadow - docs §70.1: slipdense (player) f=140 w=1 grounded=1 kappa=-0.006 fnGround=752 omega=-0.07 | ftGround=-14N target=0.0 limit=301Nm motorNm=-2 tyreNm=2 inertia=0.05 limRot=0/-0/0 omegaPre=-0.07 posN=-1/-13/0 susp=-0.0842 springN=662
INFO 2026-07-27 15:24:19.217 joltshadow - docs §70.1: slipdense (player) f=140 w=2 grounded=1 kappa=-0.006 fnGround=752 omega=-0.07 | ftGround=-14N target=0.0 limit=301Nm motorNm=-2 tyreNm=2 inertia=0.05 limRot=0/-0/-0 omegaPre=-0.07 posN=-1/-13/0 susp=-0.0842 springN=662
INFO 2026-07-27 15:24:19.218 joltshadow - docs §70.1: slipdense (player) f=140 w=3 grounded=1 kappa=-0.006 fnGround=752 omega=-0.07 | ftGround=-14N target=0.0 limit=301Nm motorNm=-2 tyreNm=2 inertia=0.05 limRot=0/-0/-0 omegaPre=-0.07 posN=-1/-13/0 susp=-0.0842 springN=662
INFO 2026-07-27 15:24:19.218 joltshadow - docs §78: attdense (player) f=140 joltTilt=2.65 odeTilt=2.24 upDelta=0.41 wBody=(-0.07,-0.00,0.00) |w|=0.07 grounded=4
INFO 2026-07-27 15:24:19.222 joltshadow - docs §70.1: slipdense (player) f=144 w=0 grounded=1 kappa=-0.007 fnGround=751 omega=-0.07 | ftGround=-16N target=0.0 limit=300Nm motorNm=-2 tyreNm=2 inertia=0.05 limRot=0/-0/0 omegaPre=-0.07 posN=-1/-12/0 susp=-0.0867 springN=662
INFO 2026-07-27 15:24:19.222 joltshadow - docs §70.1: slipdense (player) f=144 w=1 grounded=1 kappa=-0.007 fnGround=751 omega=-0.07 | ftGround=-16N target=0.0 limit=300Nm motorNm=-2 tyreNm=2 inertia=0.05 limRot=0/-0/0 omegaPre=-0.07 posN=-1/-12/0 susp=-0.0867 springN=662
INFO 2026-07-27 15:24:19.222 joltshadow - docs §70.1: slipdense (player) f=144 w=2 grounded=1 kappa=-0.007 fnGround=751 omega=-0.07 | ftGround=-16N target=0.0 limit=300Nm motorNm=-2 tyreNm=2 inertia=0.05 limRot=0/-0/-0 omegaPre=-0.07 posN=-1/-12/0 susp=-0.0867 springN=662
INFO 2026-07-27 15:24:19.222 joltshadow - docs §70.1: slipdense (player) f=144 w=3 grounded=1 kappa=-0.007 fnGround=751 omega=-0.07 | ftGround=-16N target=0.0 limit=300Nm motorNm=-2 tyreNm=2 inertia=0.05 limRot=0/-0/-0 omegaPre=-0.07 posN=-1/-12/0 susp=-0.0867 springN=662
INFO 2026-07-27 15:24:19.222 joltshadow - docs §78: attdense (player) f=144 joltTilt=2.67 odeTilt=2.24 upDelta=0.43 wBody=(-0.07,-0.00,0.00) |w|=0.07 grounded=4
INFO 2026-07-27 15:24:19.226 joltshadow - docs §70.1: slipdense (player) f=148 w=0 grounded=1 kappa=-0.007 fnGround=750 omega=-0.07 | ftGround=-15N target=0.0 limit=300Nm motorNm=-2 tyreNm=2 inertia=0.05 limRot=0/-0/0 omegaPre=-0.07 posN=-1/-12/0 susp=-0.0885 springN=661
INFO 2026-07-27 15:24:19.226 joltshadow - docs §70.1: slipdense (player) f=148 w=1 grounded=1 kappa=-0.007 fnGround=750 omega=-0.07 | ftGround=-15N target=0.0 limit=300Nm motorNm=-2 tyreNm=2 inertia=0.05 limRot=0/-0/0 omegaPre=-0.07 posN=-1/-12/0 susp=-0.0885 springN=661
INFO 2026-07-27 15:24:19.226 joltshadow - docs §70.1: slipdense (player) f=148 w=2 grounded=1 kappa=-0.007 fnGround=750 omega=-0.07 | ftGround=-15N target=0.0 limit=300Nm motorNm=-2 tyreNm=2 inertia=0.05 limRot=0/-0/-0 omegaPre=-0.07 posN=-1/-12/0 susp=-0.0885 springN=661
INFO 2026-07-27 15:24:19.226 joltshadow - docs §70.1: slipdense (player) f=148 w=3 grounded=1 kappa=-0.007 fnGround=750 omega=-0.07 | ftGround=-15N target=0.0 limit=300Nm motorNm=-2 tyreNm=2 inertia=0.05 limRot=0/-0/-0 omegaPre=-0.07 posN=-1/-12/0 susp=-0.0885 springN=661
INFO 2026-07-27 15:24:19.226 joltshadow - docs §78: attdense (player) f=148 joltTilt=2.69 odeTilt=2.24 upDelta=0.45 wBody=(-0.07,-0.00,0.00) |w|=0.07 grounded=4
INFO 2026-07-27 15:24:19.230 joltshadow - docs §70.1: slipdense (player) f=152 w=0 grounded=1 kappa=-0.007 fnGround=749 omega=-0.07 | ftGround=-15N target=0.0 limit=300Nm motorNm=-2 tyreNm=2 inertia=0.05 limRot=0/-0/0 omegaPre=-0.07 posN=-1/-13/0 susp=-0.0901 springN=659
INFO 2026-07-27 15:24:19.230 joltshadow - docs §70.1: slipdense (player) f=152 w=1 grounded=1 kappa=-0.007 fnGround=749 omega=-0.07 | ftGround=-15N target=0.0 limit=300Nm motorNm=-2 tyreNm=2 inertia=0.05 limRot=0/-0/0 omegaPre=-0.07 posN=-1/-13/0 susp=-0.0901 springN=659
INFO 2026-07-27 15:24:19.230 joltshadow - docs §70.1: slipdense (player) f=152 w=2 grounded=1 kappa=-0.007 fnGround=749 omega=-0.07 | ftGround=-15N target=0.0 limit=300Nm motorNm=-2 tyreNm=2 inertia=0.05 limRot=0/-0/-0 omegaPre=-0.07 posN=-1/-13/0 susp=-0.0901 springN=659
INFO 2026-07-27 15:24:19.230 joltshadow - docs §70.1: slipdense (player) f=152 w=3 grounded=1 kappa=-0.007 fnGround=749 omega=-0.07 | ftGround=-15N target=0.0 limit=300Nm motorNm=-2 tyreNm=2 inertia=0.05 limRot=0/-0/-0 omegaPre=-0.07 posN=-1/-13/0 susp=-0.0901 springN=659
INFO 2026-07-27 15:24:19.230 joltshadow - docs §78: attdense (player) f=152 joltTilt=2.71 odeTilt=2.24 upDelta=0.46 wBody=(-0.07,-0.00,0.00) |w|=0.07 grounded=4
INFO 2026-07-27 15:24:19.235 joltshadow - docs §70.1: slipdense (player) f=156 w=0 grounded=1 kappa=-0.006 fnGround=747 omega=-0.07 | ftGround=-14N target=0.0 limit=299Nm motorNm=-2 tyreNm=2 inertia=0.05 limRot=0/-0/0 omegaPre=-0.07 posN=-1/-13/0 susp=-0.0916 springN=656
INFO 2026-07-27 15:24:19.235 joltshadow - docs §70.1: slipdense (player) f=156 w=1 grounded=1 kappa=-0.006 fnGround=747 omega=-0.07 | ftGround=-14N target=0.0 limit=299Nm motorNm=-2 tyreNm=2 inertia=0.05 limRot=0/-0/0 omegaPre=-0.07 posN=-1/-13/0 susp=-0.0916 springN=656
INFO 2026-07-27 15:24:19.235 joltshadow - docs §70.1: slipdense (player) f=156 w=2 grounded=1 kappa=-0.006 fnGround=747 omega=-0.07 | ftGround=-14N target=0.0 limit=299Nm motorNm=-2 tyreNm=2 inertia=0.05 limRot=0/-0/-0 omegaPre=-0.07 posN=-1/-13/0 susp=-0.0916 springN=656
INFO 2026-07-27 15:24:19.235 joltshadow - docs §70.1: slipdense (player) f=156 w=3 grounded=1 kappa=-0.006 fnGround=747 omega=-0.07 | ftGround=-14N target=0.0 limit=299Nm motorNm=-2 tyreNm=2 inertia=0.05 limRot=0/-0/-0 omegaPre=-0.07 posN=-1/-13/0 susp=-0.0916 springN=656
INFO 2026-07-27 15:24:19.235 joltshadow - docs §78: attdense (player) f=156 joltTilt=2.72 odeTilt=2.24 upDelta=0.48 wBody=(-0.07,-0.00,0.00) |w|=0.07 grounded=4
INFO 2026-07-27 15:24:19.239 joltshadow - docs §70.1: slipdense (player) f=160 w=0 grounded=1 kappa=-0.007 fnGround=745 omega=-0.07 | ftGround=-16N target=0.0 limit=298Nm motorNm=-2 tyreNm=2 inertia=0.05 limRot=0/-0/0 omegaPre=-0.07 posN=-1/-12/0 susp=-0.0932 springN=651
INFO 2026-07-27 15:24:19.239 joltshadow - docs §70.1: slipdense (player) f=160 w=1 grounded=1 kappa=-0.007 fnGround=745 omega=-0.07 | ftGround=-16N target=0.0 limit=298Nm motorNm=-2 tyreNm=2 inertia=0.05 limRot=0/-0/0 omegaPre=-0.07 posN=-1/-12/0 susp=-0.0932 springN=651
INFO 2026-07-27 15:24:19.239 joltshadow - docs §70.1: slipdense (player) f=160 w=2 grounded=1 kappa=-0.007 fnGround=745 omega=-0.07 | ftGround=-16N target=0.0 limit=298Nm motorNm=-2 tyreNm=2 inertia=0.05 limRot=0/-0/-0 omegaPre=-0.07 posN=-1/-12/0 susp=-0.0932 springN=651
INFO 2026-07-27 15:24:19.239 joltshadow - docs §70.1: slipdense (player) f=160 w=3 grounded=1 kappa=-0.007 fnGround=745 omega=-0.07 | ftGround=-16N target=0.0 limit=298Nm motorNm=-2 tyreNm=2 inertia=0.05 limRot=0/-0/-0 omegaPre=-0.07 posN=-1/-12/0 susp=-0.0932 springN=651
INFO 2026-07-27 15:24:19.239 joltshadow - docs §78: attdense (player) f=160 joltTilt=2.74 odeTilt=2.24 upDelta=0.50 wBody=(-0.07,-0.00,0.00) |w|=0.07 grounded=4
INFO 2026-07-27 15:24:19.243 joltshadow - docs §70.1: slipdense (player) f=164 w=0 grounded=1 kappa=-0.006 fnGround=742 omega=-0.07 | ftGround=-15N target=0.0 limit=297Nm motorNm=-2 tyreNm=2 inertia=0.05 limRot=0/-0/0 omegaPre=-0.07 posN=-1/-13/0 susp=-0.0943 springN=647
INFO 2026-07-27 15:24:19.243 joltshadow - docs §70.1: slipdense (player) f=164 w=1 grounded=1 kappa=-0.006 fnGround=742 omega=-0.07 | ftGround=-15N target=0.0 limit=297Nm motorNm=-2 tyreNm=2 inertia=0.05 limRot=0/-0/0 omegaPre=-0.07 posN=-1/-13/0 susp=-0.0943 springN=647
INFO 2026-07-27 15:24:19.244 joltshadow - docs §70.1: slipdense (player) f=164 w=2 grounded=1 kappa=-0.006 fnGround=742 omega=-0.07 | ftGround=-15N target=0.0 limit=297Nm motorNm=-2 tyreNm=2 inertia=0.05 limRot=0/-0/-0 omegaPre=-0.07 posN=-1/-13/0 susp=-0.0943 springN=647
INFO 2026-07-27 15:24:19.244 joltshadow - docs §70.1: slipdense (player) f=164 w=3 grounded=1 kappa=-0.006 fnGround=742 omega=-0.07 | ftGround=-15N target=0.0 limit=297Nm motorNm=-2 tyreNm=2 inertia=0.05 limRot=0/-0/-0 omegaPre=-0.07 posN=-1/-13/0 susp=-0.0943 springN=647
INFO 2026-07-27 15:24:19.244 joltshadow - docs §78: attdense (player) f=164 joltTilt=2.75 odeTilt=2.24 upDelta=0.51 wBody=(-0.07,-0.00,0.00) |w|=0.07 grounded=4
INFO 2026-07-27 15:24:19.248 joltshadow - docs §70.1: slipdense (player) f=168 w=0 grounded=1 kappa=-0.007 fnGround=732 omega=-0.07 | ftGround=-15N target=0.0 limit=294Nm motorNm=-2 tyreNm=2 inertia=0.05 limRot=0/-0/0 omegaPre=-0.07 posN=-1/-12/0 susp=-0.0955 springN=641
INFO 2026-07-27 15:24:19.248 joltshadow - docs §70.1: slipdense (player) f=168 w=1 grounded=1 kappa=-0.007 fnGround=732 omega=-0.07 | ftGround=-15N target=0.0 limit=294Nm motorNm=-2 tyreNm=2 inertia=0.05 limRot=0/-0/0 omegaPre=-0.07 posN=-1/-12/0 susp=-0.0955 springN=641
INFO 2026-07-27 15:24:19.248 joltshadow - docs §70.1: slipdense (player) f=168 w=2 grounded=1 kappa=-0.007 fnGround=732 omega=-0.07 | ftGround=-15N target=0.0 limit=294Nm motorNm=-2 tyreNm=2 inertia=0.05 limRot=0/-0/-0 omegaPre=-0.07 posN=-1/-12/0 susp=-0.0955 springN=641
INFO 2026-07-27 15:24:19.248 joltshadow - docs §70.1: slipdense (player) f=168 w=3 grounded=1 kappa=-0.007 fnGround=732 omega=-0.07 | ftGround=-15N target=0.0 limit=294Nm motorNm=-2 tyreNm=2 inertia=0.05 limRot=0/-0/-0 omegaPre=-0.07 posN=-1/-12/0 susp=-0.0955 springN=641
INFO 2026-07-27 15:24:19.249 joltshadow - docs §78: attdense (player) f=168 joltTilt=2.77 odeTilt=2.24 upDelta=0.53 wBody=(-0.07,-0.00,0.00) |w|=0.07 grounded=4
INFO 2026-07-27 15:24:19.253 joltshadow - docs §70.1: slipdense (player) f=172 w=0 grounded=1 kappa=-0.007 fnGround=723 omega=-0.08 | ftGround=-16N target=0.0 limit=290Nm motorNm=-2 tyreNm=2 inertia=0.05 limRot=0/-0/0 omegaPre=-0.08 posN=-1/-11/0 susp=-0.0965 springN=633
INFO 2026-07-27 15:24:19.253 joltshadow - docs §70.1: slipdense (player) f=172 w=1 grounded=1 kappa=-0.007 fnGround=723 omega=-0.08 | ftGround=-16N target=0.0 limit=290Nm motorNm=-2 tyreNm=2 inertia=0.05 limRot=0/-0/0 omegaPre=-0.08 posN=-1/-11/0 susp=-0.0965 springN=633
INFO 2026-07-27 15:24:19.253 joltshadow - docs §70.1: slipdense (player) f=172 w=2 grounded=1 kappa=-0.007 fnGround=723 omega=-0.08 | ftGround=-16N target=0.0 limit=290Nm motorNm=-2 tyreNm=2 inertia=0.05 limRot=0/-0/-0 omegaPre=-0.08 posN=-1/-11/0 susp=-0.0965 springN=633
INFO 2026-07-27 15:24:19.253 joltshadow - docs §70.1: slipdense (player) f=172 w=3 grounded=1 kappa=-0.007 fnGround=723 omega=-0.08 | ftGround=-16N target=0.0 limit=290Nm motorNm=-2 tyreNm=2 inertia=0.05 limRot=0/-0/-0 omegaPre=-0.08 posN=-1/-11/0 susp=-0.0965 springN=633
INFO 2026-07-27 15:24:19.253 joltshadow - docs §78: attdense (player) f=172 joltTilt=2.78 odeTilt=2.24 upDelta=0.54 wBody=(-0.08,-0.00,0.00) |w|=0.08 grounded=4
INFO 2026-07-27 15:24:19.258 joltshadow - docs §70.1: slipdense (player) f=176 w=0 grounded=1 kappa=-0.007 fnGround=713 omega=-0.08 | ftGround=-16N target=0.0 limit=286Nm motorNm=-2 tyreNm=2 inertia=0.05 limRot=0/-0/0 omegaPre=-0.08 posN=-1/-10/0 susp=-0.0973 springN=624
INFO 2026-07-27 15:24:19.262 joltshadow - docs §70.1: slipdense (player) f=176 w=1 grounded=1 kappa=-0.007 fnGround=713 omega=-0.08 | ftGround=-16N target=0.0 limit=286Nm motorNm=-2 tyreNm=2 inertia=0.05 limRot=0/-0/0 omegaPre=-0.08 posN=-1/-10/0 susp=-0.0973 springN=624
INFO 2026-07-27 15:24:19.262 joltshadow - docs §70.1: slipdense (player) f=176 w=2 grounded=1 kappa=-0.007 fnGround=713 omega=-0.08 | ftGround=-16N target=0.0 limit=286Nm motorNm=-2 tyreNm=2 inertia=0.05 limRot=0/-0/-0 omegaPre=-0.08 posN=-1/-10/0 susp=-0.0973 springN=624
INFO 2026-07-27 15:24:19.262 joltshadow - docs §70.1: slipdense (player) f=176 w=3 grounded=1 kappa=-0.007 fnGround=713 omega=-0.08 | ftGround=-16N target=0.0 limit=286Nm motorNm=-2 tyreNm=2 inertia=0.05 limRot=0/-0/-0 omegaPre=-0.08 posN=-1/-10/0 susp=-0.0973 springN=624
INFO 2026-07-27 15:24:19.262 joltshadow - docs §78: attdense (player) f=176 joltTilt=2.80 odeTilt=2.24 upDelta=0.56 wBody=(-0.08,-0.00,0.00) |w|=0.08 grounded=4
INFO 2026-07-27 15:24:19.267 joltshadow - docs §70.1: slipdense (player) f=180 w=0 grounded=1 kappa=-0.009 fnGround=695 omega=-0.08 | ftGround=-20N target=0.0 limit=280Nm motorNm=-2 tyreNm=2 inertia=0.05 limRot=0/-0/0 omegaPre=-0.08 posN=-1/-7/0 susp=-0.0981 springN=606
INFO 2026-07-27 15:24:19.267 joltshadow - docs §70.1: slipdense (player) f=180 w=1 grounded=1 kappa=-0.009 fnGround=695 omega=-0.08 | ftGround=-20N target=0.0 limit=280Nm motorNm=-2 tyreNm=2 inertia=0.05 limRot=0/-0/0 omegaPre=-0.08 posN=-1/-7/0 susp=-0.0981 springN=606
INFO 2026-07-27 15:24:19.267 joltshadow - docs §70.1: slipdense (player) f=180 w=2 grounded=1 kappa=-0.009 fnGround=695 omega=-0.08 | ftGround=-20N target=0.0 limit=280Nm motorNm=-2 tyreNm=2 inertia=0.05 limRot=0/-0/-0 omegaPre=-0.08 posN=-1/-7/0 susp=-0.0981 springN=606
INFO 2026-07-27 15:24:19.268 joltshadow - docs §70.1: slipdense (player) f=180 w=3 grounded=1 kappa=-0.009 fnGround=695 omega=-0.08 | ftGround=-20N target=0.0 limit=280Nm motorNm=-2 tyreNm=2 inertia=0.05 limRot=0/-0/-0 omegaPre=-0.08 posN=-1/-7/0 susp=-0.0981 springN=606
INFO 2026-07-27 15:24:19.268 joltshadow - docs §78: attdense (player) f=180 joltTilt=2.83 odeTilt=2.24 upDelta=0.59 wBody=(-0.08,-0.00,0.00) |w|=0.08 grounded=4
INFO 2026-07-27 15:24:19.268 joltshadow - Shadow divergence (player): pos=0.145m vel=2.520m/s angle=0.6deg (jolt com=[1671.6 231.7 1497.7] ode com=[1671.6 231.6 1497.7])
INFO 2026-07-27 15:24:19.268 joltshadow - docs §23.6: driver input (player) realThrottle=10.00 brake=1.00 handBrake=1 steerRad=0.000
INFO 2026-07-27 15:24:19.268 joltshadow - docs §32: Jolt SHADOW chassis pitch (player) forward=(-0.649, 0.049, 0.759)
INFO 2026-07-27 15:24:19.268 joltshadow - docs §69: tilt (player) jolt=2.8 deg ode=2.2 deg delta=+0.6 deg upDelta=0.59 deg
INFO 2026-07-27 15:24:19.268 joltshadow - docs §32.4: Jolt SHADOW chassis lowest corner (player) = (1671.08,232.27,1496.60) clearanceToGround=1.060
INFO 2026-07-27 15:24:19.268 joltshadow - docs §23.5: wheel state (player) wheel=0 contact=0 suspLen=1.050 (range 0.050-1.050, 0% compressed) angVel=0.00
INFO 2026-07-27 15:24:19.268 joltshadow - docs §38.11: wheel=0 NO contact, worldAxle=(-0.760,-0.003,-0.649)
INFO 2026-07-27 15:24:19.268 joltshadow - docs §32: no-contact raycast (player) wheel=0 bodyPos=(1671.57,232.26,1497.71) localMPos=(0.000,0.000,0.000) origin=(1671.57,232.26,1497.71) dir=(-0.030,-0.999,0.040) normalRayLen=1.150 groundFoundAt=0.000 shortfallBeyondTravel=-1.150 hitBody=8388610 hitLayer=1 hitMotion=2 hitIsSelfChassis=0
INFO 2026-07-27 15:24:19.268 joltshadow - docs §23.5: wheel state (player) wheel=1 contact=0 suspLen=1.050 (range 0.050-1.050, 0% compressed) angVel=0.00
INFO 2026-07-27 15:24:19.268 joltshadow - docs §38.11: wheel=1 NO contact, worldAxle=(-0.760,-0.003,-0.649)
INFO 2026-07-27 15:24:19.268 joltshadow - docs §32: no-contact raycast (player) wheel=1 bodyPos=(1671.57,232.26,1497.71) localMPos=(0.000,0.000,0.000) origin=(1671.57,232.26,1497.71) dir=(-0.030,-0.999,0.040) normalRayLen=1.150 groundFoundAt=0.000 shortfallBeyondTravel=-1.150 hitBody=8388610 hitLayer=1 hitMotion=2 hitIsSelfChassis=0
INFO 2026-07-27 15:24:19.268 joltshadow - docs §23.5: wheel state (player) wheel=2 contact=0 suspLen=1.050 (range 0.050-1.050, 0% compressed) angVel=0.00
INFO 2026-07-27 15:24:19.268 joltshadow - docs §38.11: wheel=2 NO contact, worldAxle=(-0.760,-0.003,-0.649)
INFO 2026-07-27 15:24:19.268 joltshadow - docs §32: no-contact raycast (player) wheel=2 bodyPos=(1671.57,232.26,1497.71) localMPos=(0.000,0.000,0.000) origin=(1671.57,232.26,1497.71) dir=(-0.030,-0.999,0.040) normalRayLen=1.150 groundFoundAt=0.000 shortfallBeyondTravel=-1.150 hitBody=8388610 hitLayer=1 hitMotion=2 hitIsSelfChassis=0
INFO 2026-07-27 15:24:19.268 joltshadow - docs §23.5: wheel state (player) wheel=3 contact=0 suspLen=1.050 (range 0.050-1.050, 0% compressed) angVel=0.00
INFO 2026-07-27 15:24:19.268 joltshadow - docs §38.11: wheel=3 NO contact, worldAxle=(-0.760,-0.003,-0.649)
INFO 2026-07-27 15:24:19.269 joltshadow - docs §32: no-contact raycast (player) wheel=3 bodyPos=(1671.57,232.26,1497.71) localMPos=(0.000,0.000,0.000) origin=(1671.57,232.26,1497.71) dir=(-0.030,-0.999,0.040) normalRayLen=1.150 groundFoundAt=0.000 shortfallBeyondTravel=-1.150 hitBody=8388610 hitLayer=1 hitMotion=2 hitIsSelfChassis=0
INFO 2026-07-27 15:24:19.269 joltshadow - docs §59/63: harvest (player) wheelsWithContact=4 contactPoints=16 overflow=0 (of 4) | maxNormalF=695N bound(k_t*tau)=1200N ratio=0.58
INFO 2026-07-27 15:24:19.269 joltshadow - docs §58: wheel body (player) w=0 springF=606N stopF=0N travel=-0.0981 (limits -0.5000..0.5000 rel spawn) kSusp=6000 sagPredicted=0.1010 | frameTrav=-0.0981..-0.0981 frameStopN=0
INFO 2026-07-27 15:24:19.269 joltshadow - docs §66: tyre band (player) w=0 fnGround=695N fnTotal=696N pen=0.00593 penRaw=0.00593 tau=0.01000 pen/tau=0.59 | recs tyre=2 rim=2 survived=2 stale=0 distMax=0.94R
INFO 2026-07-27 15:24:19.269 joltshadow - docs §68: steer (player) w=0 steerable=1 commanded=0.000 rad measured=-0.000 rad err=-0.00 deg steerSign=-1 steerTq=-0Nm cap=280Nm sat=0.00
INFO 2026-07-27 15:24:19.269 joltshadow - docs §70: slip (player) w=0 grounded=1 kappa=-0.009 fnGround=695N omega=-0.08
INFO 2026-07-27 15:24:19.269 joltshadow - docs §67: spin (player) w=0 driven=1 omega=-0.08 rad/s surfaceSpeed=-0.01 m/s spinSign=+1 motorTq=-2Nm cmdTq=280Nm
INFO 2026-07-27 15:24:19.269 joltshadow - docs §58: wheel body (player) w=1 springF=606N stopF=0N travel=-0.0981 (limits -0.5000..0.5000 rel spawn) kSusp=6000 sagPredicted=0.1010 | frameTrav=-0.0981..-0.0981 frameStopN=0
INFO 2026-07-27 15:24:19.269 joltshadow - docs §66: tyre band (player) w=1 fnGround=695N fnTotal=696N pen=0.00593 penRaw=0.00593 tau=0.01000 pen/tau=0.59 | recs tyre=2 rim=2 survived=2 stale=0 distMax=0.94R
INFO 2026-07-27 15:24:19.269 joltshadow - docs §68: steer (player) w=1 steerable=1 commanded=0.000 rad measured=-0.000 rad err=-0.00 deg steerSign=-1 steerTq=-0Nm cap=280Nm sat=0.00
INFO 2026-07-27 15:24:19.269 joltshadow - docs §70: slip (player) w=1 grounded=1 kappa=-0.009 fnGround=695N omega=-0.08
INFO 2026-07-27 15:24:19.269 joltshadow - docs §67: spin (player) w=1 driven=1 omega=-0.08 rad/s surfaceSpeed=-0.01 m/s spinSign=+1 motorTq=-2Nm cmdTq=280Nm
INFO 2026-07-27 15:24:19.269 joltshadow - docs §58: wheel body (player) w=2 springF=606N stopF=0N travel=-0.0981 (limits -0.5000..0.5000 rel spawn) kSusp=6000 sagPredicted=0.1010 | frameTrav=-0.0981..-0.0981 frameStopN=0
INFO 2026-07-27 15:24:19.269 joltshadow - docs §66: tyre band (player) w=2 fnGround=695N fnTotal=696N pen=0.00593 penRaw=0.00593 tau=0.01000 pen/tau=0.59 | recs tyre=2 rim=2 survived=2 stale=0 distMax=0.94R
INFO 2026-07-27 15:24:19.269 joltshadow - docs §68: steer (player) w=2 steerable=0 commanded=0.000 rad measured=0.000 rad err=0.00 deg steerSign=-1 steerTq=0Nm cap=340282346638528859811704183484516925440Nm sat=0.00
INFO 2026-07-27 15:24:19.269 joltshadow - docs §70: slip (player) w=2 grounded=1 kappa=-0.009 fnGround=695N omega=-0.08
INFO 2026-07-27 15:24:19.269 joltshadow - docs §67: spin (player) w=2 driven=1 omega=-0.08 rad/s surfaceSpeed=-0.01 m/s spinSign=+1 motorTq=-2Nm cmdTq=280Nm
INFO 2026-07-27 15:24:19.270 joltshadow - docs §58: wheel body (player) w=3 springF=606N stopF=0N travel=-0.0981 (limits -0.5000..0.5000 rel spawn) kSusp=6000 sagPredicted=0.1010 | frameTrav=-0.0981..-0.0981 frameStopN=0
INFO 2026-07-27 15:24:19.270 joltshadow - docs §66: tyre band (player) w=3 fnGround=695N fnTotal=696N pen=0.00593 penRaw=0.00593 tau=0.01000 pen/tau=0.59 | recs tyre=2 rim=2 survived=2 stale=0 distMax=0.94R
INFO 2026-07-27 15:24:19.270 joltshadow - docs §68: steer (player) w=3 steerable=0 commanded=0.000 rad measured=0.000 rad err=0.00 deg steerSign=-1 steerTq=0Nm cap=340282346638528859811704183484516925440Nm sat=0.00
INFO 2026-07-27 15:24:19.270 joltshadow - docs §70: slip (player) w=3 grounded=1 kappa=-0.009 fnGround=695N omega=-0.08
INFO 2026-07-27 15:24:19.270 joltshadow - docs §67: spin (player) w=3 driven=1 omega=-0.08 rad/s surfaceSpeed=-0.01 m/s spinSign=+1 motorTq=-2Nm cmdTq=280Nm
INFO 2026-07-27 15:24:19.270 joltshadow - docs §67: drivetrain (player) gear=0 rpm=16 driveTorque=600Nm perWheel=150Nm driven=4 throttle=1.00 spin=1 | PRE-STEP brake=1.00 handBrake=1
INFO 2026-07-27 15:24:19.270 joltshadow - docs §66: tyre band SUM (player) fnGroundSum=2779N fnTotalSum=2783N weight=1295N carried=2.15 | penSum=0.02373 recs tyre=8 rim=8 stale=0
INFO 2026-07-27 15:24:19.270 joltshadow - docs §30: REAL ODE chassis COM (player) body=3345C810 = (1671.552, 231.579, 1497.727) forward=(-0.649, 0.039, 0.760)
INFO 2026-07-27 15:24:19.270 joltshadow - docs §33: real ODE chassis geom (player) #1 = class 0 (not a transform) pos=(1671.552,231.579,1497.727) radius=4.500
INFO 2026-07-27 15:24:19.270 joltshadow - docs §33: real ODE chassis geom (player) #2 = transform, inner class=1 pos=(0.000,0.500,0.000)
INFO 2026-07-27 15:24:19.270 joltshadow - docs §33: real ODE chassis geom (player) #3 = transform, inner class=1 pos=(-0.000,0.467,0.001)
INFO 2026-07-27 15:24:19.270 joltshadow - docs §33: real ODE chassis geom (player) #4 = transform, inner class=1 pos=(0.000,0.500,0.000)
INFO 2026-07-27 15:24:19.270 joltshadow - docs §33: real ODE chassis geom (player) #5 = transform, inner class=1 pos=(0.000,0.500,0.000)
INFO 2026-07-27 15:24:19.270 joltshadow - docs §33: real ODE chassis geom (player) #6 = transform, inner class=1 pos=(0.000,0.500,0.000)
INFO 2026-07-27 15:24:19.270 joltshadow - docs §33: real ODE chassis geom (player) #7 = class 0 (not a transform) pos=(1671.552,231.579,1497.727) radius=30.000
INFO 2026-07-27 15:24:19.270 joltshadow - docs §33: real ODE chassis geom (player) #8 = class 0 (not a transform) pos=(1671.552,231.579,1497.727) radius=1.000
INFO 2026-07-27 15:24:19.270 joltshadow - docs §33: real ODE chassis geom (player) #9 = class 0 (not a transform) pos=(1671.552,231.579,1497.727) radius=200.000
INFO 2026-07-27 15:24:19.270 joltshadow - docs §33: real ODE chassis (player) has 9 total geom(s) directly attached (5 transform(s)) - compare against BuildChassisCompoundShape's own part/geom count in the build log
INFO 2026-07-27 15:24:19.270 joltshadow - docs §28: REAL ODE wheel state (player) wheel=0 displacement=0.0000 range=1.000 (0% compressed, signed) foreAft=-0.000 localZ=0.000 cfm=0.002500 erp=0.2500
INFO 2026-07-27 15:24:19.270 joltshadow - docs §28: REAL ODE wheel state (player) wheel=1 displacement=0.0000 range=1.000 (0% compressed, signed) foreAft=-0.000 localZ=0.000 cfm=0.002500 erp=0.2500
INFO 2026-07-27 15:24:19.270 joltshadow - docs §28: REAL ODE wheel state (player) wheel=2 displacement=0.0000 range=1.000 (0% compressed, signed) foreAft=-0.000 localZ=0.000 cfm=0.002500 erp=0.2500
INFO 2026-07-27 15:24:19.270 joltshadow - docs §28: REAL ODE wheel state (player) wheel=3 displacement=0.0000 range=1.000 (0% compressed, signed) foreAft=-0.000 localZ=0.000 cfm=0.002500 erp=0.2500
INFO 2026-07-27 15:24:19.276 joltshadow - docs §70.1: slipdense (player) f=184 w=0 grounded=1 kappa=-0.008 fnGround=676 omega=-0.08 | ftGround=-9N target=0.0 limit=271Nm motorNm=-1 tyreNm=1 inertia=0.05 limRot=0/-0/0 omegaPre=-0.08 posN=-1/-14/0 susp=-0.0982 springN=586
INFO 2026-07-27 15:24:19.276 joltshadow - docs §70.1: slipdense (player) f=184 w=1 grounded=1 kappa=-0.008 fnGround=676 omega=-0.08 | ftGround=-9N target=0.0 limit=271Nm motorNm=-1 tyreNm=1 inertia=0.05 limRot=0/-0/0 omegaPre=-0.08 posN=-1/-14/0 susp=-0.0982 springN=586
INFO 2026-07-27 15:24:19.276 joltshadow - docs §70.1: slipdense (player) f=184 w=2 grounded=1 kappa=-0.008 fnGround=676 omega=-0.08 | ftGround=-9N target=0.0 limit=271Nm motorNm=-1 tyreNm=1 inertia=0.05 limRot=0/-0/-0 omegaPre=-0.08 posN=-1/-14/0 susp=-0.0982 springN=586
INFO 2026-07-27 15:24:19.276 joltshadow - docs §70.1: slipdense (player) f=184 w=3 grounded=1 kappa=-0.008 fnGround=676 omega=-0.08 | ftGround=-9N target=0.0 limit=271Nm motorNm=-1 tyreNm=1 inertia=0.05 limRot=0/-0/-0 omegaPre=-0.08 posN=-1/-14/0 susp=-0.0982 springN=586
INFO 2026-07-27 15:24:19.276 joltshadow - docs §78: attdense (player) f=184 joltTilt=2.86 odeTilt=2.24 upDelta=0.62 wBody=(-0.08,-0.00,0.00) |w|=0.08 grounded=4
INFO 2026-07-27 15:24:19.281 joltshadow - docs §70.1: slipdense (player) f=188 w=0 grounded=1 kappa=-0.008 fnGround=661 omega=-0.08 | ftGround=-17N target=0.0 limit=267Nm motorNm=-2 tyreNm=2 inertia=0.05 limRot=0/0/0 omegaPre=-0.08 posN=-1/-8/0 susp=-0.0981 springN=573
INFO 2026-07-27 15:24:19.281 joltshadow - docs §70.1: slipdense (player) f=188 w=1 grounded=1 kappa=-0.008 fnGround=661 omega=-0.08 | ftGround=-17N target=0.0 limit=267Nm motorNm=-2 tyreNm=2 inertia=0.05 limRot=0/0/0 omegaPre=-0.08 posN=-1/-8/0 susp=-0.0981 springN=573
INFO 2026-07-27 15:24:19.281 joltshadow - docs §70.1: slipdense (player) f=188 w=2 grounded=1 kappa=-0.008 fnGround=661 omega=-0.08 | ftGround=-17N target=0.0 limit=267Nm motorNm=-2 tyreNm=2 inertia=0.05 limRot=0/0/-0 omegaPre=-0.08 posN=-1/-8/0 susp=-0.0981 springN=573
INFO 2026-07-27 15:24:19.281 joltshadow - docs §70.1: slipdense (player) f=188 w=3 grounded=1 kappa=-0.008 fnGround=661 omega=-0.08 | ftGround=-17N target=0.0 limit=267Nm motorNm=-2 tyreNm=2 inertia=0.05 limRot=0/0/-0 omegaPre=-0.08 posN=-1/-8/0 susp=-0.0981 springN=573
INFO 2026-07-27 15:24:19.281 joltshadow - docs §78: attdense (player) f=188 joltTilt=2.88 odeTilt=2.24 upDelta=0.63 wBody=(-0.08,-0.00,0.00) |w|=0.08 grounded=4
INFO 2026-07-27 15:24:19.287 joltshadow - docs §70.1: slipdense (player) f=192 w=0 grounded=1 kappa=-0.007 fnGround=649 omega=-0.08 | ftGround=-15N target=0.0 limit=262Nm motorNm=-2 tyreNm=2 inertia=0.05 limRot=0/-0/0 omegaPre=-0.08 posN=-1/-9/0 susp=-0.0977 springN=561
INFO 2026-07-27 15:24:19.287 joltshadow - docs §70.1: slipdense (player) f=192 w=1 grounded=1 kappa=-0.007 fnGround=649 omega=-0.08 | ftGround=-15N target=0.0 limit=262Nm motorNm=-2 tyreNm=2 inertia=0.05 limRot=0/-0/0 omegaPre=-0.08 posN=-1/-9/0 susp=-0.0977 springN=561
INFO 2026-07-27 15:24:19.287 joltshadow - docs §70.1: slipdense (player) f=192 w=2 grounded=1 kappa=-0.007 fnGround=649 omega=-0.08 | ftGround=-15N target=0.0 limit=262Nm motorNm=-2 tyreNm=2 inertia=0.05 limRot=0/-0/-0 omegaPre=-0.08 posN=-1/-9/0 susp=-0.0977 springN=561
INFO 2026-07-27 15:24:19.287 joltshadow - docs §70.1: slipdense (player) f=192 w=3 grounded=1 kappa=-0.007 fnGround=649 omega=-0.08 | ftGround=-15N target=0.0 limit=262Nm motorNm=-2 tyreNm=2 inertia=0.05 limRot=0/-0/-0 omegaPre=-0.08 posN=-1/-9/0 susp=-0.0977 springN=561
INFO 2026-07-27 15:24:19.287 joltshadow - docs §78: attdense (player) f=192 joltTilt=2.89 odeTilt=2.24 upDelta=0.65 wBody=(-0.08,-0.00,0.00) |w|=0.08 grounded=4
INFO 2026-07-27 15:24:19.293 joltshadow - docs §70.1: slipdense (player) f=196 w=0 grounded=1 kappa=-0.007 fnGround=632 omega=-0.08 | ftGround=-15N target=0.0 limit=255Nm motorNm=-2 tyreNm=2 inertia=0.05 limRot=0/-0/0 omegaPre=-0.08 posN=-1/-8/0 susp=-0.0970 springN=545
INFO 2026-07-27 15:24:19.293 joltshadow - docs §70.1: slipdense (player) f=196 w=1 grounded=1 kappa=-0.007 fnGround=632 omega=-0.08 | ftGround=-15N target=0.0 limit=255Nm motorNm=-2 tyreNm=2 inertia=0.05 limRot=0/-0/0 omegaPre=-0.08 posN=-1/-8/0 susp=-0.0970 springN=545
INFO 2026-07-27 15:24:19.293 joltshadow - docs §70.1: slipdense (player) f=196 w=2 grounded=1 kappa=-0.007 fnGround=632 omega=-0.08 | ftGround=-15N target=0.0 limit=255Nm motorNm=-2 tyreNm=2 inertia=0.05 limRot=0/-0/-0 omegaPre=-0.08 posN=-1/-8/0 susp=-0.0970 springN=545
INFO 2026-07-27 15:24:19.293 joltshadow - docs §70.1: slipdense (player) f=196 w=3 grounded=1 kappa=-0.007 fnGround=632 omega=-0.08 | ftGround=-15N target=0.0 limit=255Nm motorNm=-2 tyreNm=2 inertia=0.05 limRot=0/-0/-0 omegaPre=-0.08 posN=-1/-8/0 susp=-0.0970 springN=545
INFO 2026-07-27 15:24:19.293 joltshadow - docs §78: attdense (player) f=196 joltTilt=2.92 odeTilt=2.24 upDelta=0.67 wBody=(-0.08,-0.00,0.00) |w|=0.08 grounded=4
INFO 2026-07-27 15:24:19.298 joltshadow - docs §70.1: slipdense (player) f=200 w=0 grounded=1 kappa=-0.006 fnGround=613 omega=-0.08 | ftGround=-14N target=0.0 limit=247Nm motorNm=-2 tyreNm=2 inertia=0.05 limRot=0/-0/0 omegaPre=-0.08 posN=-1/-8/0 susp=-0.0961 springN=528
INFO 2026-07-27 15:24:19.299 joltshadow - docs §70.1: slipdense (player) f=200 w=1 grounded=1 kappa=-0.006 fnGround=613 omega=-0.08 | ftGround=-14N target=0.0 limit=247Nm motorNm=-2 tyreNm=2 inertia=0.05 limRot=0/-0/0 omegaPre=-0.08 posN=-1/-8/0 susp=-0.0961 springN=528
INFO 2026-07-27 15:24:19.299 joltshadow - docs §70.1: slipdense (player) f=200 w=2 grounded=1 kappa=-0.006 fnGround=613 omega=-0.08 | ftGround=-14N target=0.0 limit=247Nm motorNm=-2 tyreNm=2 inertia=0.05 limRot=0/-0/-0 omegaPre=-0.08 posN=-1/-8/0 susp=-0.0961 springN=528
INFO 2026-07-27 15:24:19.299 joltshadow - docs §70.1: slipdense (player) f=200 w=3 grounded=1 kappa=-0.006 fnGround=613 omega=-0.08 | ftGround=-14N target=0.0 limit=247Nm motorNm=-2 tyreNm=2 inertia=0.05 limRot=0/-0/-0 omegaPre=-0.08 posN=-1/-8/0 susp=-0.0961 springN=528
INFO 2026-07-27 15:24:19.299 joltshadow - docs §78: attdense (player) f=200 joltTilt=2.94 odeTilt=2.24 upDelta=0.70 wBody=(-0.08,-0.00,0.00) |w|=0.09 grounded=4
INFO 2026-07-27 15:24:19.304 joltshadow - docs §70.1: slipdense (player) f=204 w=0 grounded=1 kappa=-0.006 fnGround=598 omega=-0.09 | ftGround=-6N target=0.0 limit=240Nm motorNm=-1 tyreNm=1 inertia=0.05 limRot=0/-0/0 omegaPre=-0.09 posN=-1/-13/0 susp=-0.0950 springN=511
INFO 2026-07-27 15:24:19.304 joltshadow - docs §70.1: slipdense (player) f=204 w=1 grounded=1 kappa=-0.006 fnGround=598 omega=-0.09 | ftGround=-6N target=0.0 limit=240Nm motorNm=-1 tyreNm=1 inertia=0.05 limRot=0/-0/0 omegaPre=-0.09 posN=-1/-13/0 susp=-0.0950 springN=511
INFO 2026-07-27 15:24:19.304 joltshadow - docs §70.1: slipdense (player) f=204 w=2 grounded=1 kappa=-0.006 fnGround=598 omega=-0.09 | ftGround=-6N target=0.0 limit=240Nm motorNm=-1 tyreNm=1 inertia=0.05 limRot=0/-0/-0 omegaPre=-0.09 posN=-1/-13/0 susp=-0.0950 springN=511
INFO 2026-07-27 15:24:19.304 joltshadow - docs §70.1: slipdense (player) f=204 w=3 grounded=1 kappa=-0.006 fnGround=598 omega=-0.09 | ftGround=-6N target=0.0 limit=240Nm motorNm=-1 tyreNm=1 inertia=0.05 limRot=0/-0/-0 omegaPre=-0.09 posN=-1/-13/0 susp=-0.0950 springN=511
INFO 2026-07-27 15:24:19.304 joltshadow - docs §78: attdense (player) f=204 joltTilt=2.96 odeTilt=2.24 upDelta=0.72 wBody=(-0.09,-0.00,0.01) |w|=0.09 grounded=4
INFO 2026-07-27 15:24:19.309 joltshadow - docs §70.1: slipdense (player) f=208 w=0 grounded=1 kappa=-0.005 fnGround=582 omega=-0.09 | ftGround=-12N target=0.0 limit=233Nm motorNm=-2 tyreNm=2 inertia=0.05 limRot=0/-0/0 omegaPre=-0.09 posN=-1/-9/0 susp=-0.0939 springN=496
INFO 2026-07-27 15:24:19.309 joltshadow - docs §70.1: slipdense (player) f=208 w=1 grounded=1 kappa=-0.005 fnGround=582 omega=-0.09 | ftGround=-12N target=0.0 limit=233Nm motorNm=-2 tyreNm=2 inertia=0.05 limRot=0/-0/0 omegaPre=-0.09 posN=-1/-9/0 susp=-0.0939 springN=496
INFO 2026-07-27 15:24:19.309 joltshadow - docs §70.1: slipdense (player) f=208 w=2 grounded=1 kappa=-0.005 fnGround=582 omega=-0.09 | ftGround=-12N target=0.0 limit=233Nm motorNm=-2 tyreNm=2 inertia=0.05 limRot=0/-0/-0 omegaPre=-0.09 posN=-1/-9/0 susp=-0.0939 springN=496
INFO 2026-07-27 15:24:19.309 joltshadow - docs §70.1: slipdense (player) f=208 w=3 grounded=1 kappa=-0.005 fnGround=582 omega=-0.09 | ftGround=-12N target=0.0 limit=233Nm motorNm=-2 tyreNm=2 inertia=0.05 limRot=0/-0/-0 omegaPre=-0.09 posN=-1/-9/0 susp=-0.0939 springN=496
INFO 2026-07-27 15:24:19.309 joltshadow - docs §78: attdense (player) f=208 joltTilt=2.99 odeTilt=2.24 upDelta=0.74 wBody=(-0.09,-0.00,0.01) |w|=0.09 grounded=4
INFO 2026-07-27 15:24:19.314 joltshadow - docs §70.1: slipdense (player) f=212 w=0 grounded=1 kappa=-0.004 fnGround=571 omega=-0.09 | ftGround=-10N target=0.0 limit=230Nm motorNm=-2 tyreNm=2 inertia=0.05 limRot=0/-0/0 omegaPre=-0.09 posN=-1/-10/0 susp=-0.0930 springN=484
INFO 2026-07-27 15:24:19.314 joltshadow - docs §70.1: slipdense (player) f=212 w=1 grounded=1 kappa=-0.004 fnGround=571 omega=-0.09 | ftGround=-10N target=0.0 limit=230Nm motorNm=-2 tyreNm=2 inertia=0.05 limRot=0/-0/0 omegaPre=-0.09 posN=-1/-10/0 susp=-0.0930 springN=484
INFO 2026-07-27 15:24:19.314 joltshadow - docs §70.1: slipdense (player) f=212 w=2 grounded=1 kappa=-0.004 fnGround=573 omega=-0.09 | ftGround=-10N target=0.0 limit=231Nm motorNm=-2 tyreNm=2 inertia=0.05 limRot=0/-0/-0 omegaPre=-0.09 posN=-1/-10/0 susp=-0.0930 springN=484
INFO 2026-07-27 15:24:19.314 joltshadow - docs §70.1: slipdense (player) f=212 w=3 grounded=1 kappa=-0.004 fnGround=573 omega=-0.09 | ftGround=-10N target=0.0 limit=231Nm motorNm=-2 tyreNm=2 inertia=0.05 limRot=0/-0/-0 omegaPre=-0.09 posN=-1/-10/0 susp=-0.0930 springN=484
INFO 2026-07-27 15:24:19.314 joltshadow - docs §78: attdense (player) f=212 joltTilt=3.00 odeTilt=2.24 upDelta=0.75 wBody=(-0.09,-0.00,0.01) |w|=0.09 grounded=4
INFO 2026-07-27 15:24:19.319 joltshadow - docs §70.1: slipdense (player) f=216 w=0 grounded=1 kappa=-0.004 fnGround=554 omega=-0.09 | ftGround=-9N target=0.0 limit=223Nm motorNm=-1 tyreNm=1 inertia=0.05 limRot=0/-0/0 omegaPre=-0.09 posN=-1/-15/0 susp=-0.0917 springN=470
INFO 2026-07-27 15:24:19.319 joltshadow - docs §70.1: slipdense (player) f=216 w=1 grounded=1 kappa=-0.004 fnGround=554 omega=-0.09 | ftGround=-9N target=0.0 limit=223Nm motorNm=-1 tyreNm=1 inertia=0.05 limRot=0/-0/0 omegaPre=-0.09 posN=-1/-15/0 susp=-0.0917 springN=470
INFO 2026-07-27 15:24:19.319 joltshadow - docs §70.1: slipdense (player) f=216 w=2 grounded=1 kappa=-0.004 fnGround=554 omega=-0.09 | ftGround=-9N target=0.0 limit=223Nm motorNm=-1 tyreNm=1 inertia=0.05 limRot=0/-0/-0 omegaPre=-0.09 posN=-1/-15/0 susp=-0.0917 springN=470
INFO 2026-07-27 15:24:19.319 joltshadow - docs §70.1: slipdense (player) f=216 w=3 grounded=1 kappa=-0.004 fnGround=554 omega=-0.09 | ftGround=-9N target=0.0 limit=223Nm motorNm=-1 tyreNm=1 inertia=0.05 limRot=0/-0/-0 omegaPre=-0.09 posN=-1/-15/0 susp=-0.0917 springN=470
INFO 2026-07-27 15:24:19.319 joltshadow - docs §78: attdense (player) f=216 joltTilt=3.02 odeTilt=2.24 upDelta=0.77 wBody=(-0.09,-0.00,0.01) |w|=0.09 grounded=4
INFO 2026-07-27 15:24:19.323 joltshadow - docs §70.1: slipdense (player) f=220 w=0 grounded=1 kappa=-0.006 fnGround=542 omega=-0.09 | ftGround=-13N target=0.0 limit=218Nm motorNm=-1 tyreNm=1 inertia=0.05 limRot=0/-0/0 omegaPre=-0.09 posN=-1/-11/0 susp=-0.0903 springN=455
INFO 2026-07-27 15:24:19.324 joltshadow - docs §70.1: slipdense (player) f=220 w=1 grounded=1 kappa=-0.006 fnGround=542 omega=-0.09 | ftGround=-13N target=0.0 limit=218Nm motorNm=-1 tyreNm=1 inertia=0.05 limRot=0/-0/0 omegaPre=-0.09 posN=-1/-11/0 susp=-0.0903 springN=455
INFO 2026-07-27 15:24:19.324 joltshadow - docs §70.1: slipdense (player) f=220 w=2 grounded=1 kappa=-0.006 fnGround=542 omega=-0.09 | ftGround=-13N target=0.0 limit=218Nm motorNm=-1 tyreNm=1 inertia=0.05 limRot=0/-0/-0 omegaPre=-0.09 posN=-1/-11/0 susp=-0.0903 springN=455
INFO 2026-07-27 15:24:19.324 joltshadow - docs §70.1: slipdense (player) f=220 w=3 grounded=1 kappa=-0.006 fnGround=542 omega=-0.09 | ftGround=-13N target=0.0 limit=218Nm motorNm=-1 tyreNm=1 inertia=0.05 limRot=0/-0/-0 omegaPre=-0.09 posN=-1/-11/0 susp=-0.0903 springN=455
INFO 2026-07-27 15:24:19.324 joltshadow - docs §78: attdense (player) f=220 joltTilt=3.03 odeTilt=2.24 upDelta=0.79 wBody=(-0.09,-0.00,0.01) |w|=0.09 grounded=4
INFO 2026-07-27 15:24:19.328 joltshadow - docs §70.1: slipdense (player) f=224 w=0 grounded=1 kappa=-0.006 fnGround=527 omega=-0.09 | ftGround=-14N target=0.0 limit=212Nm motorNm=-1 tyreNm=1 inertia=0.05 limRot=0/-0/0 omegaPre=-0.09 posN=-1/-10/0 susp=-0.0888 springN=441
INFO 2026-07-27 15:24:19.328 joltshadow - docs §70.1: slipdense (player) f=224 w=1 grounded=1 kappa=-0.006 fnGround=527 omega=-0.09 | ftGround=-14N target=0.0 limit=212Nm motorNm=-1 tyreNm=1 inertia=0.05 limRot=0/-0/0 omegaPre=-0.09 posN=-1/-10/0 susp=-0.0888 springN=441
INFO 2026-07-27 15:24:19.328 joltshadow - docs §70.1: slipdense (player) f=224 w=2 grounded=1 kappa=-0.006 fnGround=527 omega=-0.09 | ftGround=-14N target=0.0 limit=212Nm motorNm=-1 tyreNm=1 inertia=0.05 limRot=0/-0/-0 omegaPre=-0.09 posN=-1/-10/0 susp=-0.0888 springN=441
INFO 2026-07-27 15:24:19.328 joltshadow - docs §70.1: slipdense (player) f=224 w=3 grounded=1 kappa=-0.006 fnGround=527 omega=-0.09 | ftGround=-14N target=0.0 limit=212Nm motorNm=-1 tyreNm=1 inertia=0.05 limRot=0/-0/-0 omegaPre=-0.09 posN=-1/-10/0 susp=-0.0888 springN=441
INFO 2026-07-27 15:24:19.328 joltshadow - docs §78: attdense (player) f=224 joltTilt=3.05 odeTilt=2.24 upDelta=0.81 wBody=(-0.09,-0.00,0.01) |w|=0.09 grounded=4
INFO 2026-07-27 15:24:19.332 joltshadow - docs §70.1: slipdense (player) f=228 w=0 grounded=1 kappa=-0.006 fnGround=515 omega=-0.09 | ftGround=-13N target=0.0 limit=207Nm motorNm=-1 tyreNm=1 inertia=0.05 limRot=0/0/0 omegaPre=-0.09 posN=-1/-10/0 susp=-0.0876 springN=429
INFO 2026-07-27 15:24:19.332 joltshadow - docs §70.1: slipdense (player) f=228 w=1 grounded=1 kappa=-0.006 fnGround=515 omega=-0.09 | ftGround=-13N target=0.0 limit=207Nm motorNm=-1 tyreNm=1 inertia=0.05 limRot=0/0/0 omegaPre=-0.09 posN=-1/-10/0 susp=-0.0876 springN=429
INFO 2026-07-27 15:24:19.332 joltshadow - docs §70.1: slipdense (player) f=228 w=2 grounded=1 kappa=-0.006 fnGround=515 omega=-0.09 | ftGround=-13N target=0.0 limit=207Nm motorNm=-1 tyreNm=1 inertia=0.05 limRot=0/0/-0 omegaPre=-0.09 posN=-1/-10/0 susp=-0.0876 springN=429
INFO 2026-07-27 15:24:19.332 joltshadow - docs §70.1: slipdense (player) f=228 w=3 grounded=1 kappa=-0.006 fnGround=515 omega=-0.09 | ftGround=-13N target=0.0 limit=207Nm motorNm=-1 tyreNm=1 inertia=0.05 limRot=0/0/-0 omegaPre=-0.09 posN=-1/-10/0 susp=-0.0876 springN=429
INFO 2026-07-27 15:24:19.332 joltshadow - docs §78: attdense (player) f=228 joltTilt=3.06 odeTilt=2.24 upDelta=0.82 wBody=(-0.09,-0.00,0.01) |w|=0.09 grounded=4
INFO 2026-07-27 15:24:19.336 joltshadow - docs §70.1: slipdense (player) f=232 w=0 grounded=1 kappa=-0.005 fnGround=507 omega=-0.09 | ftGround=-12N target=0.0 limit=204Nm motorNm=-1 tyreNm=1 inertia=0.05 limRot=0/0/0 omegaPre=-0.09 posN=-1/-11/0 susp=-0.0862 springN=418
INFO 2026-07-27 15:24:19.336 joltshadow - docs §70.1: slipdense (player) f=232 w=1 grounded=1 kappa=-0.005 fnGround=507 omega=-0.09 | ftGround=-12N target=0.0 limit=204Nm motorNm=-1 tyreNm=1 inertia=0.05 limRot=0/0/0 omegaPre=-0.09 posN=-1/-11/0 susp=-0.0862 springN=418
INFO 2026-07-27 15:24:19.336 joltshadow - docs §70.1: slipdense (player) f=232 w=2 grounded=1 kappa=-0.005 fnGround=507 omega=-0.09 | ftGround=-12N target=0.0 limit=204Nm motorNm=-1 tyreNm=1 inertia=0.05 limRot=0/0/0 omegaPre=-0.09 posN=-1/-11/0 susp=-0.0862 springN=418
INFO 2026-07-27 15:24:19.337 joltshadow - docs §70.1: slipdense (player) f=232 w=3 grounded=1 kappa=-0.005 fnGround=507 omega=-0.09 | ftGround=-12N target=0.0 limit=204Nm motorNm=-1 tyreNm=1 inertia=0.05 limRot=0/0/0 omegaPre=-0.09 posN=-1/-11/0 susp=-0.0862 springN=418
INFO 2026-07-27 15:24:19.337 joltshadow - docs §78: attdense (player) f=232 joltTilt=3.08 odeTilt=2.24 upDelta=0.83 wBody=(-0.09,-0.00,0.01) |w|=0.09 grounded=4
INFO 2026-07-27 15:24:19.340 joltshadow - docs §70.1: slipdense (player) f=236 w=0 grounded=1 kappa=-0.005 fnGround=492 omega=-0.09 | ftGround=-11N target=0.0 limit=198Nm motorNm=-1 tyreNm=1 inertia=0.05 limRot=0/0/0 omegaPre=-0.09 posN=-1/-11/0 susp=-0.0849 springN=407
INFO 2026-07-27 15:24:19.340 joltshadow - docs §70.1: slipdense (player) f=236 w=1 grounded=1 kappa=-0.005 fnGround=492 omega=-0.09 | ftGround=-11N target=0.0 limit=198Nm motorNm=-1 tyreNm=1 inertia=0.05 limRot=0/0/0 omegaPre=-0.09 posN=-1/-11/0 susp=-0.0849 springN=407
INFO 2026-07-27 15:24:19.340 joltshadow - docs §70.1: slipdense (player) f=236 w=2 grounded=1 kappa=-0.005 fnGround=492 omega=-0.09 | ftGround=-11N target=0.0 limit=198Nm motorNm=-1 tyreNm=1 inertia=0.05 limRot=0/0/0 omegaPre=-0.09 posN=-1/-11/0 susp=-0.0849 springN=407
INFO 2026-07-27 15:24:19.340 joltshadow - docs §70.1: slipdense (player) f=236 w=3 grounded=1 kappa=-0.005 fnGround=492 omega=-0.09 | ftGround=-11N target=0.0 limit=198Nm motorNm=-1 tyreNm=1 inertia=0.05 limRot=0/0/0 omegaPre=-0.09 posN=-1/-11/0 susp=-0.0849 springN=407
INFO 2026-07-27 15:24:19.340 joltshadow - docs §78: attdense (player) f=236 joltTilt=3.09 odeTilt=2.24 upDelta=0.85 wBody=(-0.09,-0.00,0.01) |w|=0.09 grounded=4
INFO 2026-07-27 15:24:19.344 joltshadow - docs §70.1: slipdense (player) f=240 w=0 grounded=1 kappa=-0.004 fnGround=482 omega=-0.09 | ftGround=-10N target=0.0 limit=194Nm motorNm=-1 tyreNm=1 inertia=0.05 limRot=0/0/0 omegaPre=-0.09 posN=-1/-11/0 susp=-0.0835 springN=395
INFO 2026-07-27 15:24:19.344 joltshadow - docs §70.1: slipdense (player) f=240 w=1 grounded=1 kappa=-0.004 fnGround=482 omega=-0.09 | ftGround=-10N target=0.0 limit=194Nm motorNm=-1 tyreNm=1 inertia=0.05 limRot=0/0/0 omegaPre=-0.09 posN=-1/-11/0 susp=-0.0835 springN=395
INFO 2026-07-27 15:24:19.344 joltshadow - docs §70.1: slipdense (player) f=240 w=2 grounded=1 kappa=-0.004 fnGround=482 omega=-0.09 | ftGround=-10N target=0.0 limit=194Nm motorNm=-1 tyreNm=1 inertia=0.05 limRot=0/0/0 omegaPre=-0.09 posN=-1/-11/0 susp=-0.0835 springN=395
INFO 2026-07-27 15:24:19.344 joltshadow - docs §70.1: slipdense (player) f=240 w=3 grounded=1 kappa=-0.004 fnGround=482 omega=-0.09 | ftGround=-10N target=0.0 limit=194Nm motorNm=-1 tyreNm=1 inertia=0.05 limRot=0/0/0 omegaPre=-0.09 posN=-1/-11/0 susp=-0.0835 springN=395
INFO 2026-07-27 15:24:19.344 joltshadow - docs §78: attdense (player) f=240 joltTilt=3.10 odeTilt=2.24 upDelta=0.86 wBody=(-0.09,0.00,0.01) |w|=0.09 grounded=4
INFO 2026-07-27 15:24:19.344 joltshadow - Shadow divergence (player): pos=0.387m vel=3.670m/s angle=0.9deg (jolt com=[1671.6 231.7 1497.7] ode com=[1671.6 231.4 1497.7])
INFO 2026-07-27 15:24:19.345 joltshadow - docs §23.6: driver input (player) realThrottle=-10.00 brake=1.00 handBrake=1 steerRad=0.000
INFO 2026-07-27 15:24:19.345 joltshadow - docs §32: Jolt SHADOW chassis pitch (player) forward=(-0.649, 0.054, 0.759)
INFO 2026-07-27 15:24:19.345 joltshadow - docs §69: tilt (player) jolt=3.1 deg ode=2.2 deg delta=+0.9 deg upDelta=0.86 deg
INFO 2026-07-27 15:24:19.345 joltshadow - docs §32.4: Jolt SHADOW chassis lowest corner (player) = (1671.08,232.28,1496.59) clearanceToGround=1.072
INFO 2026-07-27 15:24:19.345 joltshadow - docs §23.5: wheel state (player) wheel=0 contact=0 suspLen=1.050 (range 0.050-1.050, 0% compressed) angVel=0.00
INFO 2026-07-27 15:24:19.345 joltshadow - docs §38.11: wheel=0 NO contact, worldAxle=(-0.761,-0.005,-0.649)
INFO 2026-07-27 15:24:19.345 joltshadow - docs §32: no-contact raycast (player) wheel=0 bodyPos=(1671.57,232.27,1497.70) localMPos=(0.000,0.000,0.000) origin=(1671.57,232.27,1497.70) dir=(-0.031,-0.999,0.044) normalRayLen=1.150 groundFoundAt=0.000 shortfallBeyondTravel=-1.150 hitBody=8388610 hitLayer=1 hitMotion=2 hitIsSelfChassis=0
INFO 2026-07-27 15:24:19.345 joltshadow - docs §23.5: wheel state (player) wheel=1 contact=0 suspLen=1.050 (range 0.050-1.050, 0% compressed) angVel=0.00
INFO 2026-07-27 15:24:19.345 joltshadow - docs §38.11: wheel=1 NO contact, worldAxle=(-0.761,-0.005,-0.649)
INFO 2026-07-27 15:24:19.345 joltshadow - docs §32: no-contact raycast (player) wheel=1 bodyPos=(1671.57,232.27,1497.70) localMPos=(0.000,0.000,0.000) origin=(1671.57,232.27,1497.70) dir=(-0.031,-0.999,0.044) normalRayLen=1.150 groundFoundAt=0.000 shortfallBeyondTravel=-1.150 hitBody=8388610 hitLayer=1 hitMotion=2 hitIsSelfChassis=0
INFO 2026-07-27 15:24:19.345 joltshadow - docs §23.5: wheel state (player) wheel=2 contact=0 suspLen=1.050 (range 0.050-1.050, 0% compressed) angVel=0.00
INFO 2026-07-27 15:24:19.345 joltshadow - docs §38.11: wheel=2 NO contact, worldAxle=(-0.761,-0.005,-0.649)
INFO 2026-07-27 15:24:19.345 joltshadow - docs §32: no-contact raycast (player) wheel=2 bodyPos=(1671.57,232.27,1497.70) localMPos=(0.000,0.000,0.000) origin=(1671.57,232.27,1497.70) dir=(-0.031,-0.999,0.044) normalRayLen=1.150 groundFoundAt=0.000 shortfallBeyondTravel=-1.150 hitBody=8388610 hitLayer=1 hitMotion=2 hitIsSelfChassis=0
INFO 2026-07-27 15:24:19.345 joltshadow - docs §23.5: wheel state (player) wheel=3 contact=0 suspLen=1.050 (range 0.050-1.050, 0% compressed) angVel=0.00
INFO 2026-07-27 15:24:19.345 joltshadow - docs §38.11: wheel=3 NO contact, worldAxle=(-0.761,-0.005,-0.649)
INFO 2026-07-27 15:24:19.345 joltshadow - docs §32: no-contact raycast (player) wheel=3 bodyPos=(1671.57,232.27,1497.70) localMPos=(0.000,0.000,0.000) origin=(1671.57,232.27,1497.70) dir=(-0.031,-0.999,0.044) normalRayLen=1.150 groundFoundAt=0.000 shortfallBeyondTravel=-1.150 hitBody=8388610 hitLayer=1 hitMotion=2 hitIsSelfChassis=0
INFO 2026-07-27 15:24:19.345 joltshadow - docs §59/63: harvest (player) wheelsWithContact=4 contactPoints=16 overflow=0 (of 4) | maxNormalF=482N bound(k_t*tau)=1200N ratio=0.40
INFO 2026-07-27 15:24:19.345 joltshadow - docs §58: wheel body (player) w=0 springF=395N stopF=0N travel=-0.0835 (limits -0.5000..0.5000 rel spawn) kSusp=6000 sagPredicted=0.0659 | frameTrav=-0.0835..-0.0835 frameStopN=0
INFO 2026-07-27 15:24:19.345 joltshadow - docs §66: tyre band (player) w=0 fnGround=482N fnTotal=484N pen=0.00422 penRaw=0.00422 tau=0.01000 pen/tau=0.42 | recs tyre=2 rim=2 survived=2 stale=0 distMax=0.96R
INFO 2026-07-27 15:24:19.345 joltshadow - docs §68: steer (player) w=0 steerable=1 commanded=0.000 rad measured=-0.000 rad err=-0.00 deg steerSign=-1 steerTq=0Nm cap=194Nm sat=0.00
INFO 2026-07-27 15:24:19.345 joltshadow - docs §70: slip (player) w=0 grounded=1 kappa=-0.004 fnGround=482N omega=-0.09
INFO 2026-07-27 15:24:19.345 joltshadow - docs §67: spin (player) w=0 driven=1 omega=-0.09 rad/s surfaceSpeed=-0.01 m/s spinSign=+1 motorTq=-1Nm cmdTq=194Nm
INFO 2026-07-27 15:24:19.345 joltshadow - docs §58: wheel body (player) w=1 springF=395N stopF=0N travel=-0.0835 (limits -0.5000..0.5000 rel spawn) kSusp=6000 sagPredicted=0.0659 | frameTrav=-0.0835..-0.0835 frameStopN=0
INFO 2026-07-27 15:24:19.345 joltshadow - docs §66: tyre band (player) w=1 fnGround=482N fnTotal=484N pen=0.00422 penRaw=0.00422 tau=0.01000 pen/tau=0.42 | recs tyre=2 rim=2 survived=2 stale=0 distMax=0.96R
INFO 2026-07-27 15:24:19.346 joltshadow - docs §68: steer (player) w=1 steerable=1 commanded=0.000 rad measured=-0.000 rad err=-0.00 deg steerSign=-1 steerTq=0Nm cap=194Nm sat=0.00
INFO 2026-07-27 15:24:19.346 joltshadow - docs §70: slip (player) w=1 grounded=1 kappa=-0.004 fnGround=482N omega=-0.09
INFO 2026-07-27 15:24:19.346 joltshadow - docs §67: spin (player) w=1 driven=1 omega=-0.09 rad/s surfaceSpeed=-0.01 m/s spinSign=+1 motorTq=-1Nm cmdTq=194Nm
INFO 2026-07-27 15:24:19.346 joltshadow - docs §58: wheel body (player) w=2 springF=395N stopF=0N travel=-0.0835 (limits -0.5000..0.5000 rel spawn) kSusp=6000 sagPredicted=0.0659 | frameTrav=-0.0835..-0.0835 frameStopN=0
INFO 2026-07-27 15:24:19.346 joltshadow - docs §66: tyre band (player) w=2 fnGround=482N fnTotal=484N pen=0.00422 penRaw=0.00422 tau=0.01000 pen/tau=0.42 | recs tyre=2 rim=2 survived=2 stale=0 distMax=0.96R
INFO 2026-07-27 15:24:19.346 joltshadow - docs §68: steer (player) w=2 steerable=0 commanded=0.000 rad measured=-0.000 rad err=-0.00 deg steerSign=-1 steerTq=0Nm cap=340282346638528859811704183484516925440Nm sat=0.00
INFO 2026-07-27 15:24:19.346 joltshadow - docs §70: slip (player) w=2 grounded=1 kappa=-0.004 fnGround=482N omega=-0.09
INFO 2026-07-27 15:24:19.346 joltshadow - docs §67: spin (player) w=2 driven=1 omega=-0.09 rad/s surfaceSpeed=-0.01 m/s spinSign=+1 motorTq=-1Nm cmdTq=194Nm
INFO 2026-07-27 15:24:19.346 joltshadow - docs §58: wheel body (player) w=3 springF=395N stopF=0N travel=-0.0835 (limits -0.5000..0.5000 rel spawn) kSusp=6000 sagPredicted=0.0659 | frameTrav=-0.0835..-0.0835 frameStopN=0
INFO 2026-07-27 15:24:19.346 joltshadow - docs §66: tyre band (player) w=3 fnGround=482N fnTotal=484N pen=0.00422 penRaw=0.00422 tau=0.01000 pen/tau=0.42 | recs tyre=2 rim=2 survived=2 stale=0 distMax=0.96R
INFO 2026-07-27 15:24:19.346 joltshadow - docs §68: steer (player) w=3 steerable=0 commanded=0.000 rad measured=-0.000 rad err=-0.00 deg steerSign=-1 steerTq=0Nm cap=340282346638528859811704183484516925440Nm sat=0.00
INFO 2026-07-27 15:24:19.346 joltshadow - docs §70: slip (player) w=3 grounded=1 kappa=-0.004 fnGround=482N omega=-0.09
INFO 2026-07-27 15:24:19.346 joltshadow - docs §67: spin (player) w=3 driven=1 omega=-0.09 rad/s surfaceSpeed=-0.01 m/s spinSign=+1 motorTq=-1Nm cmdTq=194Nm
INFO 2026-07-27 15:24:19.346 joltshadow - docs §67: drivetrain (player) gear=0 rpm=19 driveTorque=600Nm perWheel=150Nm driven=4 throttle=-1.00 spin=1 | PRE-STEP brake=1.00 handBrake=1
INFO 2026-07-27 15:24:19.346 joltshadow - docs §66: tyre band SUM (player) fnGroundSum=1929N fnTotalSum=1934N weight=1295N carried=1.49 | penSum=0.01689 recs tyre=8 rim=8 stale=0
INFO 2026-07-27 15:24:19.346 joltshadow - docs §30: REAL ODE chassis COM (player) body=3345C810 = (1671.552, 231.353, 1497.727) forward=(-0.649, 0.039, 0.760)
INFO 2026-07-27 15:24:19.346 joltshadow - docs §33: real ODE chassis geom (player) #1 = class 0 (not a transform) pos=(1671.552,231.353,1497.727) radius=4.500
INFO 2026-07-27 15:24:19.346 joltshadow - docs §33: real ODE chassis geom (player) #2 = transform, inner class=1 pos=(0.000,0.500,0.000)
INFO 2026-07-27 15:24:19.346 joltshadow - docs §33: real ODE chassis geom (player) #3 = transform, inner class=1 pos=(-0.000,0.467,0.001)
INFO 2026-07-27 15:24:19.346 joltshadow - docs §33: real ODE chassis geom (player) #4 = transform, inner class=1 pos=(0.000,0.500,0.000)
INFO 2026-07-27 15:24:19.346 joltshadow - docs §33: real ODE chassis geom (player) #5 = transform, inner class=1 pos=(0.000,0.500,0.000)
INFO 2026-07-27 15:24:19.346 joltshadow - docs §33: real ODE chassis geom (player) #6 = transform, inner class=1 pos=(0.000,0.500,0.000)
INFO 2026-07-27 15:24:19.346 joltshadow - docs §33: real ODE chassis geom (player) #7 = class 0 (not a transform) pos=(1671.552,231.353,1497.727) radius=30.000
INFO 2026-07-27 15:24:19.347 joltshadow - docs §33: real ODE chassis geom (player) #8 = class 0 (not a transform) pos=(1671.552,231.353,1497.727) radius=1.000
INFO 2026-07-27 15:24:19.347 joltshadow - docs §33: real ODE chassis geom (player) #9 = class 0 (not a transform) pos=(1671.552,231.353,1497.727) radius=200.000
INFO 2026-07-27 15:24:19.347 joltshadow - docs §33: real ODE chassis (player) has 9 total geom(s) directly attached (5 transform(s)) - compare against BuildChassisCompoundShape's own part/geom count in the build log
INFO 2026-07-27 15:24:19.347 joltshadow - docs §28: REAL ODE wheel state (player) wheel=0 displacement=0.0000 range=1.000 (0% compressed, signed) foreAft=-0.000 localZ=0.000 cfm=0.002500 erp=0.2500
INFO 2026-07-27 15:24:19.347 joltshadow - docs §28: REAL ODE wheel state (player) wheel=1 displacement=0.0000 range=1.000 (0% compressed, signed) foreAft=-0.000 localZ=0.000 cfm=0.002500 erp=0.2500
INFO 2026-07-27 15:24:19.347 joltshadow - docs §28: REAL ODE wheel state (player) wheel=2 displacement=0.0000 range=1.000 (0% compressed, signed) foreAft=-0.000 localZ=0.000 cfm=0.002500 erp=0.2500
INFO 2026-07-27 15:24:19.347 joltshadow - docs §28: REAL ODE wheel state (player) wheel=3 displacement=0.0000 range=1.000 (0% compressed, signed) foreAft=-0.000 localZ=0.000 cfm=0.002500 erp=0.2500
INFO 2026-07-27 15:24:19.351 joltshadow - docs §70.1: slipdense (player) f=244 w=0 grounded=1 kappa=-0.005 fnGround=461 omega=-0.10 | ftGround=-12N target=0.0 limit=186Nm motorNm=-1 tyreNm=1 inertia=0.05 limRot=0/0/0 omegaPre=-0.10 posN=-1/-9/0 susp=-0.0810 springN=377
INFO 2026-07-27 15:24:19.351 joltshadow - docs §70.1: slipdense (player) f=244 w=1 grounded=1 kappa=-0.005 fnGround=461 omega=-0.10 | ftGround=-12N target=0.0 limit=186Nm motorNm=-1 tyreNm=1 inertia=0.05 limRot=0/0/0 omegaPre=-0.10 posN=-1/-9/0 susp=-0.0810 springN=377
INFO 2026-07-27 15:24:19.351 joltshadow - docs §70.1: slipdense (player) f=244 w=2 grounded=1 kappa=-0.005 fnGround=461 omega=-0.10 | ftGround=-12N target=0.0 limit=186Nm motorNm=-1 tyreNm=1 inertia=0.05 limRot=0/0/-0 omegaPre=-0.10 posN=-1/-9/0 susp=-0.0810 springN=377
INFO 2026-07-27 15:24:19.351 joltshadow - docs §70.1: slipdense (player) f=244 w=3 grounded=1 kappa=-0.005 fnGround=461 omega=-0.10 | ftGround=-12N target=0.0 limit=186Nm motorNm=-1 tyreNm=1 inertia=0.05 limRot=0/0/-0 omegaPre=-0.10 posN=-1/-9/0 susp=-0.0810 springN=377
INFO 2026-07-27 15:24:19.351 joltshadow - docs §78: attdense (player) f=244 joltTilt=3.13 odeTilt=2.24 upDelta=0.89 wBody=(-0.10,0.00,0.01) |w|=0.10 grounded=4
INFO 2026-07-27 15:24:19.355 joltshadow - docs §70.1: slipdense (player) f=248 w=0 grounded=1 kappa=-0.005 fnGround=453 omega=-0.10 | ftGround=-11N target=0.0 limit=182Nm motorNm=-1 tyreNm=1 inertia=0.05 limRot=0/0/0 omegaPre=-0.10 posN=-1/-10/0 susp=-0.0795 springN=366
INFO 2026-07-27 15:24:19.355 joltshadow - docs §70.1: slipdense (player) f=248 w=1 grounded=1 kappa=-0.005 fnGround=453 omega=-0.10 | ftGround=-11N target=0.0 limit=182Nm motorNm=-1 tyreNm=1 inertia=0.05 limRot=0/0/0 omegaPre=-0.10 posN=-1/-10/0 susp=-0.0795 springN=366
INFO 2026-07-27 15:24:19.355 joltshadow - docs §70.1: slipdense (player) f=248 w=2 grounded=1 kappa=-0.005 fnGround=453 omega=-0.10 | ftGround=-11N target=0.0 limit=182Nm motorNm=-1 tyreNm=1 inertia=0.05 limRot=0/0/-0 omegaPre=-0.10 posN=-1/-10/0 susp=-0.0795 springN=366
INFO 2026-07-27 15:24:19.355 joltshadow - docs §70.1: slipdense (player) f=248 w=3 grounded=1 kappa=-0.005 fnGround=453 omega=-0.10 | ftGround=-11N target=0.0 limit=182Nm motorNm=-1 tyreNm=1 inertia=0.05 limRot=0/0/-0 omegaPre=-0.10 posN=-1/-10/0 susp=-0.0795 springN=366
INFO 2026-07-27 15:24:19.356 joltshadow - docs §78: attdense (player) f=248 joltTilt=3.14 odeTilt=2.24 upDelta=0.90 wBody=(-0.10,0.00,0.01) |w|=0.10 grounded=4
INFO 2026-07-27 15:24:19.360 joltshadow - docs §70.1: slipdense (player) f=252 w=0 grounded=1 kappa=-0.005 fnGround=439 omega=-0.10 | ftGround=-10N target=0.0 limit=177Nm motorNm=-1 tyreNm=1 inertia=0.05 limRot=0/0/0 omegaPre=-0.10 posN=-1/-9/0 susp=-0.0776 springN=353
INFO 2026-07-27 15:24:19.360 joltshadow - docs §70.1: slipdense (player) f=252 w=1 grounded=1 kappa=-0.005 fnGround=439 omega=-0.10 | ftGround=-10N target=0.0 limit=177Nm motorNm=-1 tyreNm=1 inertia=0.05 limRot=0/0/0 omegaPre=-0.10 posN=-1/-9/0 susp=-0.0776 springN=353
INFO 2026-07-27 15:24:19.360 joltshadow - docs §70.1: slipdense (player) f=252 w=2 grounded=1 kappa=-0.005 fnGround=439 omega=-0.10 | ftGround=-10N target=0.0 limit=177Nm motorNm=-1 tyreNm=1 inertia=0.05 limRot=0/0/0 omegaPre=-0.10 posN=-1/-9/0 susp=-0.0776 springN=353
INFO 2026-07-27 15:24:19.360 joltshadow - docs §70.1: slipdense (player) f=252 w=3 grounded=1 kappa=-0.005 fnGround=439 omega=-0.10 | ftGround=-10N target=0.0 limit=177Nm motorNm=-1 tyreNm=1 inertia=0.05 limRot=0/0/0 omegaPre=-0.10 posN=-1/-9/0 susp=-0.0776 springN=353
INFO 2026-07-27 15:24:19.360 joltshadow - docs §78: attdense (player) f=252 joltTilt=3.16 odeTilt=2.24 upDelta=0.92 wBody=(-0.10,0.00,0.01) |w|=0.10 grounded=4
INFO 2026-07-27 15:24:19.363 joltshadow - docs §78: attdense (player) f=256 joltTilt=3.17 odeTilt=2.24 upDelta=0.93 wBody=(-0.10,0.00,0.01) |w|=0.10 grounded=4
INFO 2026-07-27 15:24:19.367 joltshadow - docs §70.1: slipdense (player) f=260 w=0 grounded=1 kappa=-0.004 fnGround=423 omega=-0.10 | ftGround=-8N target=0.0 limit=170Nm motorNm=-1 tyreNm=1 inertia=0.05 limRot=0/0/0 omegaPre=-0.10 posN=-1/-10/0 susp=-0.0750 springN=336
INFO 2026-07-27 15:24:19.367 joltshadow - docs §70.1: slipdense (player) f=260 w=1 grounded=1 kappa=-0.004 fnGround=423 omega=-0.10 | ftGround=-8N target=0.0 limit=170Nm motorNm=-1 tyreNm=1 inertia=0.05 limRot=0/0/0 omegaPre=-0.10 posN=-1/-10/0 susp=-0.0750 springN=336
INFO 2026-07-27 15:24:19.367 joltshadow - docs §70.1: slipdense (player) f=260 w=2 grounded=1 kappa=-0.004 fnGround=423 omega=-0.10 | ftGround=-8N target=0.0 limit=170Nm motorNm=-1 tyreNm=1 inertia=0.05 limRot=0/0/0 omegaPre=-0.10 posN=-1/-10/0 susp=-0.0750 springN=336
INFO 2026-07-27 15:24:19.368 joltshadow - docs §70.1: slipdense (player) f=260 w=3 grounded=1 kappa=-0.004 fnGround=423 omega=-0.10 | ftGround=-8N target=0.0 limit=170Nm motorNm=-1 tyreNm=1 inertia=0.05 limRot=0/0/0 omegaPre=-0.10 posN=-1/-10/0 susp=-0.0750 springN=336
INFO 2026-07-27 15:24:19.368 joltshadow - docs §78: attdense (player) f=260 joltTilt=3.18 odeTilt=2.24 upDelta=0.94 wBody=(-0.10,0.00,0.01) |w|=0.10 grounded=4
INFO 2026-07-27 15:24:19.372 joltshadow - docs §70.1: slipdense (player) f=264 w=0 grounded=1 kappa=-0.004 fnGround=408 omega=-0.10 | ftGround=-8N target=0.0 limit=165Nm motorNm=-1 tyreNm=1 inertia=0.05 limRot=0/0/0 omegaPre=-0.10 posN=-1/-10/0 susp=-0.0731 springN=324
INFO 2026-07-27 15:24:19.372 joltshadow - docs §70.1: slipdense (player) f=264 w=1 grounded=1 kappa=-0.004 fnGround=408 omega=-0.10 | ftGround=-8N target=0.0 limit=165Nm motorNm=-1 tyreNm=1 inertia=0.05 limRot=0/0/0 omegaPre=-0.10 posN=-1/-10/0 susp=-0.0731 springN=324
INFO 2026-07-27 15:24:19.372 joltshadow - docs §70.1: slipdense (player) f=264 w=2 grounded=1 kappa=-0.004 fnGround=408 omega=-0.10 | ftGround=-8N target=0.0 limit=165Nm motorNm=-1 tyreNm=1 inertia=0.05 limRot=0/0/0 omegaPre=-0.10 posN=-1/-10/0 susp=-0.0731 springN=324
INFO 2026-07-27 15:24:19.372 joltshadow - docs §70.1: slipdense (player) f=264 w=3 grounded=1 kappa=-0.004 fnGround=408 omega=-0.10 | ftGround=-8N target=0.0 limit=165Nm motorNm=-1 tyreNm=1 inertia=0.05 limRot=0/0/-0 omegaPre=-0.10 posN=-1/-10/0 susp=-0.0731 springN=324
INFO 2026-07-27 15:24:19.372 joltshadow - docs §78: attdense (player) f=264 joltTilt=3.20 odeTilt=2.24 upDelta=0.96 wBody=(-0.10,0.00,0.01) |w|=0.10 grounded=4
INFO 2026-07-27 15:24:19.376 joltshadow - docs §70.1: slipdense (player) f=268 w=0 grounded=1 kappa=-0.003 fnGround=401 omega=-0.10 | ftGround=-7N target=0.0 limit=161Nm motorNm=-1 tyreNm=1 inertia=0.05 limRot=0/-0/0 omegaPre=-0.10 posN=-1/-11/0 susp=-0.0716 springN=315
INFO 2026-07-27 15:24:19.376 joltshadow - docs §70.1: slipdense (player) f=268 w=1 grounded=1 kappa=-0.003 fnGround=401 omega=-0.10 | ftGround=-7N target=0.0 limit=161Nm motorNm=-1 tyreNm=1 inertia=0.05 limRot=0/-0/0 omegaPre=-0.10 posN=-1/-11/0 susp=-0.0716 springN=315
INFO 2026-07-27 15:24:19.376 joltshadow - docs §70.1: slipdense (player) f=268 w=2 grounded=1 kappa=-0.003 fnGround=401 omega=-0.10 | ftGround=-7N target=0.0 limit=161Nm motorNm=-1 tyreNm=1 inertia=0.05 limRot=0/-0/-0 omegaPre=-0.10 posN=-1/-11/0 susp=-0.0716 springN=315
INFO 2026-07-27 15:24:19.376 joltshadow - docs §70.1: slipdense (player) f=268 w=3 grounded=1 kappa=-0.003 fnGround=401 omega=-0.10 | ftGround=-7N target=0.0 limit=161Nm motorNm=-1 tyreNm=1 inertia=0.05 limRot=0/-0/-0 omegaPre=-0.10 posN=-1/-11/0 susp=-0.0716 springN=315
INFO 2026-07-27 15:24:19.376 joltshadow - docs §78: attdense (player) f=268 joltTilt=3.22 odeTilt=2.24 upDelta=0.98 wBody=(-0.10,0.00,0.01) |w|=0.10 grounded=4
INFO 2026-07-27 15:24:19.381 joltshadow - docs §70.1: slipdense (player) f=272 w=0 grounded=1 kappa=-0.003 fnGround=390 omega=-0.10 | ftGround=-8N target=0.0 limit=158Nm motorNm=-1 tyreNm=1 inertia=0.05 limRot=0/-0/0 omegaPre=-0.10 posN=-1/-9/0 susp=-0.0697 springN=305
INFO 2026-07-27 15:24:19.381 joltshadow - docs §70.1: slipdense (player) f=272 w=1 grounded=1 kappa=-0.003 fnGround=390 omega=-0.10 | ftGround=-8N target=0.0 limit=158Nm motorNm=-1 tyreNm=1 inertia=0.05 limRot=0/-0/0 omegaPre=-0.10 posN=-1/-9/0 susp=-0.0697 springN=305
INFO 2026-07-27 15:24:19.382 joltshadow - docs §70.1: slipdense (player) f=272 w=2 grounded=1 kappa=-0.003 fnGround=390 omega=-0.10 | ftGround=-8N target=0.0 limit=158Nm motorNm=-1 tyreNm=1 inertia=0.05 limRot=0/-0/-0 omegaPre=-0.10 posN=-1/-9/0 susp=-0.0697 springN=305
INFO 2026-07-27 15:24:19.382 joltshadow - docs §70.1: slipdense (player) f=272 w=3 grounded=1 kappa=-0.003 fnGround=390 omega=-0.10 | ftGround=-8N target=0.0 limit=158Nm motorNm=-1 tyreNm=1 inertia=0.05 limRot=0/-0/-0 omegaPre=-0.10 posN=-1/-9/0 susp=-0.0697 springN=305
INFO 2026-07-27 15:24:19.382 joltshadow - docs §78: attdense (player) f=272 joltTilt=3.24 odeTilt=2.24 upDelta=1.00 wBody=(-0.10,0.00,0.01) |w|=0.10 grounded=4
WARNING 2026-07-27 15:24:19.383 joltshadow - docs §23.4: live ram-damage call involves the PLAYER vehicle (v1=0D53B8E0 v2=00000000 player=0D53B8E0) dSpeed=3.67
WARNING 2026-07-27 15:24:19.384 joltshadow - docs §23.4: live ram-damage call involves the PLAYER vehicle (v1=0D53B8E0 v2=00000000 player=0D53B8E0) dSpeed=0.69
INFO 2026-07-27 15:24:19.387 joltshadow - docs §70.1: slipdense (player) f=276 w=0 grounded=1 kappa=-0.004 fnGround=380 omega=-0.11 | ftGround=-4N target=0.0 limit=153Nm motorNm=-0 tyreNm=0 inertia=0.05 limRot=0/-0/0 omegaPre=-0.10 posN=-1/-12/0 susp=-0.0674 springN=292
INFO 2026-07-27 15:24:19.387 joltshadow - docs §70.1: slipdense (player) f=276 w=1 grounded=1 kappa=-0.004 fnGround=380 omega=-0.11 | ftGround=-4N target=0.0 limit=153Nm motorNm=-0 tyreNm=0 inertia=0.05 limRot=0/-0/0 omegaPre=-0.10 posN=-1/-12/0 susp=-0.0674 springN=292
INFO 2026-07-27 15:24:19.387 joltshadow - docs §70.1: slipdense (player) f=276 w=2 grounded=1 kappa=-0.004 fnGround=380 omega=-0.11 | ftGround=-4N target=0.0 limit=153Nm motorNm=-0 tyreNm=0 inertia=0.05 limRot=0/-0/-0 omegaPre=-0.10 posN=-1/-12/0 susp=-0.0674 springN=292
INFO 2026-07-27 15:24:19.387 joltshadow - docs §70.1: slipdense (player) f=276 w=3 grounded=1 kappa=-0.004 fnGround=380 omega=-0.11 | ftGround=-4N target=0.0 limit=153Nm motorNm=-0 tyreNm=0 inertia=0.05 limRot=0/-0/-0 omegaPre=-0.10 posN=-1/-12/0 susp=-0.0674 springN=292
INFO 2026-07-27 15:24:19.387 joltshadow - docs §78: attdense (player) f=276 joltTilt=3.27 odeTilt=2.18 upDelta=1.09 wBody=(-0.11,0.00,0.01) |w|=0.11 grounded=4
WARNING 2026-07-27 15:24:19.387 joltshadow - docs §23.4: live ram-damage call involves the PLAYER vehicle (v1=0D53B8E0 v2=00000000 player=0D53B8E0) dSpeed=0.26
INFO 2026-07-27 15:24:19.392 joltshadow - docs §70.1: slipdense (player) f=280 w=0 grounded=1 kappa=-0.003 fnGround=370 omega=-0.11 | ftGround=-7N target=0.0 limit=148Nm motorNm=-1 tyreNm=1 inertia=0.05 limRot=0/-0/0 omegaPre=-0.11 posN=-1/-9/0 susp=-0.0659 springN=284
INFO 2026-07-27 15:24:19.392 joltshadow - docs §70.1: slipdense (player) f=280 w=1 grounded=1 kappa=-0.003 fnGround=370 omega=-0.11 | ftGround=-7N target=0.0 limit=148Nm motorNm=-1 tyreNm=1 inertia=0.05 limRot=0/-0/0 omegaPre=-0.11 posN=-1/-9/0 susp=-0.0659 springN=284
INFO 2026-07-27 15:24:19.392 joltshadow - docs §70.1: slipdense (player) f=280 w=2 grounded=1 kappa=-0.003 fnGround=370 omega=-0.11 | ftGround=-7N target=0.0 limit=148Nm motorNm=-1 tyreNm=1 inertia=0.05 limRot=0/-0/-0 omegaPre=-0.11 posN=-1/-9/0 susp=-0.0659 springN=284
INFO 2026-07-27 15:24:19.392 joltshadow - docs §70.1: slipdense (player) f=280 w=3 grounded=1 kappa=-0.003 fnGround=370 omega=-0.11 | ftGround=-7N target=0.0 limit=148Nm motorNm=-1 tyreNm=1 inertia=0.05 limRot=0/-0/-0 omegaPre=-0.11 posN=-1/-9/0 susp=-0.0659 springN=284
INFO 2026-07-27 15:24:19.392 joltshadow - docs §78: attdense (player) f=280 joltTilt=3.30 odeTilt=2.12 upDelta=1.19 wBody=(-0.11,0.00,0.01) |w|=0.11 grounded=4
WARNING 2026-07-27 15:24:19.392 joltshadow - docs §23.4: live ram-damage call involves the PLAYER vehicle (v1=0D53B8E0 v2=00000000 player=0D53B8E0) dSpeed=0.37
WARNING 2026-07-27 15:24:19.393 joltshadow - docs §23.4: live ram-damage call involves the PLAYER vehicle (v1=0D53B8E0 v2=00000000 player=0D53B8E0) dSpeed=0.02
WARNING 2026-07-27 15:24:19.395 joltshadow - docs §23.4: live ram-damage call involves the PLAYER vehicle (v1=0D53B8E0 v2=00000000 player=0D53B8E0) dSpeed=0.01
WARNING 2026-07-27 15:24:19.396 joltshadow - docs §23.4: live ram-damage call involves the PLAYER vehicle (v1=0D53B8E0 v2=00000000 player=0D53B8E0) dSpeed=0.04
INFO 2026-07-27 15:24:19.397 joltshadow - docs §70.1: slipdense (player) f=284 w=0 grounded=1 kappa=-0.003 fnGround=356 omega=-0.11 | ftGround=-8N target=0.0 limit=144Nm motorNm=-1 tyreNm=1 inertia=0.05 limRot=0/-0/0 omegaPre=-0.11 posN=-1/-8/0 susp=-0.0637 springN=273
INFO 2026-07-27 15:24:19.397 joltshadow - docs §70.1: slipdense (player) f=284 w=1 grounded=1 kappa=-0.003 fnGround=356 omega=-0.11 | ftGround=-8N target=0.0 limit=144Nm motorNm=-1 tyreNm=1 inertia=0.05 limRot=0/-0/0 omegaPre=-0.11 posN=-1/-8/0 susp=-0.0637 springN=273
INFO 2026-07-27 15:24:19.397 joltshadow - docs §70.1: slipdense (player) f=284 w=2 grounded=1 kappa=-0.003 fnGround=356 omega=-0.11 | ftGround=-8N target=0.0 limit=144Nm motorNm=-1 tyreNm=1 inertia=0.05 limRot=0/-0/-0 omegaPre=-0.11 posN=-1/-8/0 susp=-0.0637 springN=273
INFO 2026-07-27 15:24:19.397 joltshadow - docs §70.1: slipdense (player) f=284 w=3 grounded=1 kappa=-0.003 fnGround=356 omega=-0.11 | ftGround=-8N target=0.0 limit=144Nm motorNm=-1 tyreNm=1 inertia=0.05 limRot=0/-0/-0 omegaPre=-0.11 posN=-1/-8/0 susp=-0.0637 springN=273
INFO 2026-07-27 15:24:19.397 joltshadow - docs §78: attdense (player) f=284 joltTilt=3.35 odeTilt=2.01 upDelta=1.34 wBody=(-0.11,0.00,0.01) |w|=0.11 grounded=4
WARNING 2026-07-27 15:24:19.398 joltshadow - docs §23.4: live ram-damage call involves the PLAYER vehicle (v1=0D53B8E0 v2=00000000 player=0D53B8E0) dSpeed=0.03
WARNING 2026-07-27 15:24:19.407 joltshadow - docs §23.4: live ram-damage call involves the PLAYER vehicle (v1=0D53B8E0 v2=00000000 player=0D53B8E0) dSpeed=0.17
WARNING 2026-07-27 15:24:19.413 joltshadow - docs §23.4: live ram-damage call involves the PLAYER vehicle (v1=0D53B8E0 v2=00000000 player=0D53B8E0) dSpeed=0.06
INFO 2026-07-27 15:24:19.418 joltshadow - docs §70.1: slipdense (player) f=288 w=0 grounded=1 kappa=4.034 fnGround=352 omega=25.66 | ftGround=688N target=46.5 limit=82Nm motorNm=82 tyreNm=-67 inertia=0.05 limRot=0/1/0 omegaPre=23.62 posN=2/-484/0 susp=-0.0560 springN=229
INFO 2026-07-27 15:24:19.418 joltshadow - docs §70.1: slipdense (player) f=288 w=1 grounded=1 kappa=4.034 fnGround=352 omega=25.66 | ftGround=688N target=46.5 limit=82Nm motorNm=82 tyreNm=-67 inertia=0.05 limRot=0/1/0 omegaPre=23.62 posN=2/-484/0 susp=-0.0560 springN=229
INFO 2026-07-27 15:24:19.418 joltshadow - docs §70.1: slipdense (player) f=288 w=2 grounded=1 kappa=4.033 fnGround=352 omega=25.66 | ftGround=689N target=46.5 limit=82Nm motorNm=82 tyreNm=-67 inertia=0.05 limRot=0/-0/0 omegaPre=23.62 posN=-2/-484/0 susp=-0.0560 springN=229
INFO 2026-07-27 15:24:19.419 joltshadow - docs §70.1: slipdense (player) f=288 w=3 grounded=1 kappa=4.033 fnGround=352 omega=25.66 | ftGround=689N target=46.5 limit=82Nm motorNm=82 tyreNm=-67 inertia=0.05 limRot=0/-0/0 omegaPre=23.62 posN=-2/-484/0 susp=-0.0560 springN=229
INFO 2026-07-27 15:24:19.419 joltshadow - docs §78: attdense (player) f=288 joltTilt=3.78 odeTilt=1.61 upDelta=2.17 wBody=(-0.56,0.00,0.01) |w|=0.56 grounded=4
WARNING 2026-07-27 15:24:19.419 joltshadow - docs §23.4: live ram-damage call involves the PLAYER vehicle (v1=0D53B8E0 v2=00000000 player=0D53B8E0) dSpeed=0.08
INFO 2026-07-27 15:24:19.424 joltshadow - docs §82: resync (player) #0 dt=0.50s upMax=2.444 deg posMax=0.595 m odeTiltPath=2.808 deg gain=0.8701
INFO 2026-07-27 15:24:19.429 joltshadow - docs §87: resync landing (player) w=0 pre=-0.0029 post=0.3727 m R=0.100 dY=-0.5942 dRotDeg=2.44 |corr|=0.5948 m
INFO 2026-07-27 15:24:19.429 joltshadow - docs §87: resync landing (player) w=1 pre=-0.0029 post=0.3727 m R=0.100 dY=-0.5942 dRotDeg=2.44 |corr|=0.5948 m
INFO 2026-07-27 15:24:19.429 joltshadow - docs §87: resync landing (player) w=2 pre=-0.0029 post=0.3727 m R=0.100 dY=-0.5942 dRotDeg=2.44 |corr|=0.5948 m
INFO 2026-07-27 15:24:19.429 joltshadow - docs §87: resync landing (player) w=3 pre=-0.0029 post=0.3727 m R=0.100 dY=-0.5942 dRotDeg=2.44 |corr|=0.5948 m
INFO 2026-07-27 15:24:19.429 joltshadow - docs §82: resync RESIDUAL (player) #0 pos=0.0000 m up=0.0198 deg
WARNING 2026-07-27 15:24:19.430 joltshadow - docs §23.4: live ram-damage call involves the PLAYER vehicle (v1=0D53B8E0 v2=00000000 player=0D53B8E0) dSpeed=0.08
WARNING 2026-07-27 15:24:19.435 joltshadow - docs §23.4: live ram-damage call involves the PLAYER vehicle (v1=0D53B8E0 v2=00000000 player=0D53B8E0) dSpeed=0.08
WARNING 2026-07-27 15:24:19.440 joltshadow - docs §23.4: live ram-damage call involves the PLAYER vehicle (v1=0D53B8E0 v2=00000000 player=0D53B8E0) dSpeed=0.07
INFO 2026-07-27 15:24:19.445 joltshadow - docs §70.1: slipdense (player) f=292 w=0 grounded=1 kappa=3.173 fnGround=1198 omega=25.73 | ftGround=2367N target=46.5 limit=83Nm motorNm=83 tyreNm=-161 inertia=0.05 limRot=0/4/0 omegaPre=34.58 posN=53/-2024/0 susp=-0.5018 springN=2520
INFO 2026-07-27 15:24:19.445 joltshadow - docs §70.1: slipdense (player) f=292 w=1 grounded=1 kappa=2.388 fnGround=1198 omega=20.81 | ftGround=2147N target=46.5 limit=83Nm motorNm=83 tyreNm=-146 inertia=0.05 limRot=0/3/0 omegaPre=28.93 posN=53/-1803/0 susp=-0.5018 springN=2521
INFO 2026-07-27 15:24:19.445 joltshadow - docs §70.1: slipdense (player) f=292 w=2 grounded=1 kappa=1.612 fnGround=1199 omega=17.80 | ftGround=1450N target=46.5 limit=83Nm motorNm=83 tyreNm=-98 inertia=0.05 limRot=0/-1/-0 omegaPre=23.17 posN=-16/-1106/0 susp=-0.5019 springN=2521
INFO 2026-07-27 15:24:19.445 joltshadow - docs §70.1: slipdense (player) f=292 w=3 grounded=1 kappa=1.565 fnGround=1199 omega=17.57 | ftGround=1407N target=46.5 limit=83Nm motorNm=83 tyreNm=-96 inertia=0.05 limRot=0/-1/0 omegaPre=22.51 posN=-16/-1063/0 susp=-0.5019 springN=2522
INFO 2026-07-27 15:24:19.445 joltshadow - docs §78: attdense (player) f=292 joltTilt=1.22 odeTilt=1.15 upDelta=0.07 wBody=(0.19,0.00,0.00) |w|=0.19 grounded=4
WARNING 2026-07-27 15:24:19.445 joltshadow - docs §23.4: live ram-damage call involves the PLAYER vehicle (v1=0D53B8E0 v2=00000000 player=0D53B8E0) dSpeed=0.07
WARNING 2026-07-27 15:24:19.450 joltshadow - docs §23.4: live ram-damage call involves the PLAYER vehicle (v1=0D53B8E0 v2=00000000 player=0D53B8E0) dSpeed=0.07
INFO 2026-07-27 15:24:19.454 testharness - Auto-load: CMiracle3d this=00E14990 vtable=009C66A8, loading 'data\profiles\�����\saves\00000009\maps'
INFO 2026-07-27 15:24:21.235 jolt - Jolt: exported landscape heightfield as a static body (1025x1025 samples, 8.0 world units/cell, height range [0.0, 702.9])
INFO 2026-07-27 15:24:22.257 jolt - Jolt: exported roads as a static body (1931/2019 nodes, 99678 verts, 96713 tris, 88 skipped)
INFO 2026-07-27 15:24:24.553 testharness - Auto-load: LoadSavedGame returned 1
INFO 2026-07-27 15:24:24.554 joltshadow - Shadow: compound chassis shape built - 4 part(s), 4 geom(s) (4 box, 0 sphere, 0 capsule, 0 skipped)
ERROR 2026-07-27 15:24:24.554 jolt - Assert failed: F:\Kraken\extern\joltphysics\Jolt\Core\Reference.h:77: (old_value != 0 && old_value != cEmbedded) Too many calls to Release
INFO 2026-07-27 15:24:24.554 joltshadow - docs §93: chassis inertia (player) mass=167.0 | JOLT(compound) = (1285.8, 968.4, 552.7) | ODE(box 3.50x2.50x9.00) = (1214.2, 1297.7, 257.5) | ratio = (1.06, 0.75, 2.15)
INFO 2026-07-27 15:24:24.554 joltshadow - docs §54 axis-audit (player) w=0: axis1_local=(0.000,1.000,-0.000) vs assumedSusp -> 0.00 deg | axis2_local=(-1.000,-0.001,-0.001) vs assumedAxle -> 0.06 deg | axis1^axis2 off-perp 0.04 deg || kSusp=6000 N/m cSusp=300 Ns/m range=1.000 R=0.727 mWheel=11.0 driven=1 steer=1
INFO 2026-07-27 15:24:24.554 joltshadow - docs §54 axis-audit (player) w=1: axis1_local=(0.000,1.000,-0.000) vs assumedSusp -> 0.00 deg | axis2_local=(-1.000,0.000,0.001) vs assumedAxle -> 0.04 deg | axis1^axis2 off-perp 0.02 deg || kSusp=6000 N/m cSusp=300 Ns/m range=1.000 R=0.727 mWheel=11.0 driven=1 steer=1
INFO 2026-07-27 15:24:24.554 joltshadow - docs §54 axis-audit (player) w=2: axis1_local=(0.000,1.000,-0.000) vs assumedSusp -> 0.00 deg | axis2_local=(-1.000,0.000,-0.000) vs assumedAxle -> 0.03 deg | axis1^axis2 off-perp 0.03 deg || kSusp=7500 N/m cSusp=375 Ns/m range=1.000 R=0.727 mWheel=11.0 driven=1 steer=0
INFO 2026-07-27 15:24:24.554 joltshadow - docs §54 axis-audit (player) w=3: axis1_local=(0.000,1.000,-0.000) vs assumedSusp -> 0.00 deg | axis2_local=(-1.000,-0.000,-0.000) vs assumedAxle -> 0.03 deg | axis1^axis2 off-perp 0.02 deg || kSusp=7500 N/m cSusp=375 Ns/m range=1.000 R=0.727 mWheel=11.0 driven=1 steer=0
INFO 2026-07-27 15:24:24.554 joltshadow - docs §54 axis-audit SUMMARY (player): worst susp 0.00 deg, worst axle (unsteered only) 0.03 deg, worst off-perp 0.04 deg -> convention CONFIRMED
INFO 2026-07-27 15:24:24.554 joltshadow - Shadow (player): wheelmodel APPLY mode - VehicleConstraint built but NOT simulated; chassis driven by wheelmodel_core (4 wheels)
INFO 2026-07-27 15:24:24.554 joltshadow - docs §75: constraint frame (player) w=0 axle.fwd=+0.0000 (0.00 deg off perpendicular) | anchorOffsetFromWheelCentre=0.0500 m (restLen)
INFO 2026-07-27 15:24:24.555 joltshadow - docs §75: constraint frame (player) w=1 axle.fwd=+0.0000 (0.00 deg off perpendicular) | anchorOffsetFromWheelCentre=0.0500 m (restLen)
INFO 2026-07-27 15:24:24.555 joltshadow - docs §75: constraint frame (player) w=2 axle.fwd=+0.0000 (0.00 deg off perpendicular) | anchorOffsetFromWheelCentre=0.0500 m (restLen)
INFO 2026-07-27 15:24:24.555 joltshadow - docs §75: constraint frame (player) w=3 axle.fwd=+0.0000 (0.00 deg off perpendicular) | anchorOffsetFromWheelCentre=0.0500 m (restLen)
INFO 2026-07-27 15:24:24.555 joltshadow - docs §58 (player): mode 4 - built 4 wheel bodies + SixDOF constraints (chassisMass=167.0, massFloor=4.18) | docs §95.4 wheelMass=44.0 chassisMassFinal=167.0 total=211.0
INFO 2026-07-27 15:24:24.555 joltshadow - Shadow vehicle #3 built (player): 4 wheels (2 driven axle(s)), mass=167.0, chassis=3.50x2.50x9.00, susp_mult=1.00x/damp=1.00, friction=0.93/1.00
INFO 2026-07-27 15:24:24.555 joltshadow - Shadow: compound chassis shape built - 4 part(s), 4 geom(s) (4 box, 0 sphere, 0 capsule, 0 skipped)
INFO 2026-07-27 15:24:24.555 joltshadow - Shadow: compound chassis shape built - 4 part(s), 4 geom(s) (4 box, 0 sphere, 0 capsule, 0 skipped)
INFO 2026-07-27 15:24:24.555 joltshadow - Shadow: compound chassis shape built - 3 part(s), 3 geom(s) (3 box, 0 sphere, 0 capsule, 0 skipped)
INFO 2026-07-27 15:24:24.555 joltshadow - Shadow: compound chassis shape built - 4 part(s), 4 geom(s) (4 box, 0 sphere, 0 capsule, 0 skipped)
INFO 2026-07-27 15:24:24.555 joltshadow - Shadow: compound chassis shape built - 4 part(s), 4 geom(s) (4 box, 0 sphere, 0 capsule, 0 skipped)
INFO 2026-07-27 15:24:24.555 joltshadow - Shadow: compound chassis shape built - 4 part(s), 4 geom(s) (4 box, 0 sphere, 0 capsule, 0 skipped)
INFO 2026-07-27 15:24:24.555 joltshadow - Shadow: compound chassis shape built - 4 part(s), 4 geom(s) (4 box, 0 sphere, 0 capsule, 0 skipped)
INFO 2026-07-27 15:24:24.555 joltshadow - Shadow: compound chassis shape built - 5 part(s), 5 geom(s) (5 box, 0 sphere, 0 capsule, 0 skipped)
INFO 2026-07-27 15:24:24.556 joltshadow - [jolt_profile] ode_step_avg_ms=0.12 jolt_total_avg_ms=0.47 | physics_update_avg_ms=0.30 wheelmodel_avg_ms=0.00 mirror_avg_ms=0.00 applyvehicle_avg_ms=0.00 applyvehicle_calls_per_frame=0.00 | contact_pairs_per_frame=42.9 contact_points_per_frame=42.9 active_bodies_per_frame=10.0 substeps_per_frame=1.10 | frames=294
INFO 2026-07-27 15:24:24.558 testharness - God mode: applying to player vehicle 4BE52680
INFO 2026-07-27 15:24:24.558 testharness - perf: fps=52.9 avg_frame_ms=18.889 min_ms=0.641 max_ms=5107.678 frames=294 window=5.6s
INFO 2026-07-27 15:24:24.630 joltshadow - docs §70.1: slipdense (player) f=4 w=0 grounded=1 kappa=-0.059 fnGround=157 omega=-0.06 | ftGround=-60N target=0.0 limit=1192Nm motorNm=-44 tyreNm=44 inertia=2.91 limRot=0/-0/0 omegaPre=-0.06 posN=-0/49/0 susp=-0.0621 springN=333
INFO 2026-07-27 15:24:24.630 joltshadow - docs §70.1: slipdense (player) f=4 w=1 grounded=1 kappa=-0.059 fnGround=155 omega=-0.06 | ftGround=-60N target=0.0 limit=1192Nm motorNm=-44 tyreNm=44 inertia=2.91 limRot=0/-0/0 omegaPre=-0.06 posN=-0/49/0 susp=-0.0617 springN=329
INFO 2026-07-27 15:24:24.630 joltshadow - docs §70.1: slipdense (player) f=4 w=2 grounded=1 kappa=-0.057 fnGround=590 omega=-0.06 | ftGround=-58N target=0.0 limit=2167Nm motorNm=-42 tyreNm=42 inertia=2.91 limRot=0/-0/-0 omegaPre=-0.06 posN=-0/45/0 susp=-0.0698 springN=645
INFO 2026-07-27 15:24:24.630 joltshadow - docs §70.1: slipdense (player) f=4 w=3 grounded=1 kappa=-0.057 fnGround=577 omega=-0.06 | ftGround=-58N target=0.0 limit=2160Nm motorNm=-42 tyreNm=42 inertia=2.91 limRot=0/-0/-0 omegaPre=-0.06 posN=-0/45/0 susp=-0.0694 springN=641
INFO 2026-07-27 15:24:24.630 joltshadow - docs §78: attdense (player) f=4 joltTilt=0.15 odeTilt=0.00 upDelta=0.14 wBody=(-0.06,0.00,-0.00) |w|=0.06 grounded=4
INFO 2026-07-27 15:24:24.664 joltshadow - docs §70.1: slipdense (player) f=8 w=0 grounded=1 kappa=-0.018 fnGround=344 omega=-0.06 | ftGround=-19N target=0.0 limit=1192Nm motorNm=-14 tyreNm=14 inertia=2.91 limRot=0/-0/0 omegaPre=-0.06 posN=-0/14/0 susp=-0.0519 springN=217
INFO 2026-07-27 15:24:24.664 joltshadow - docs §70.1: slipdense (player) f=8 w=1 grounded=1 kappa=-0.018 fnGround=343 omega=-0.06 | ftGround=-19N target=0.0 limit=1192Nm motorNm=-14 tyreNm=14 inertia=2.91 limRot=0/-0/0 omegaPre=-0.06 posN=-0/14/0 susp=-0.0515 springN=216
INFO 2026-07-27 15:24:24.665 joltshadow - docs §70.1: slipdense (player) f=8 w=2 grounded=1 kappa=-0.016 fnGround=617 omega=-0.06 | ftGround=-17N target=0.0 limit=1675Nm motorNm=-12 tyreNm=12 inertia=2.91 limRot=0/-0/-0 omegaPre=-0.06 posN=-0/11/0 susp=-0.0713 springN=516
INFO 2026-07-27 15:24:24.665 joltshadow - docs §70.1: slipdense (player) f=8 w=3 grounded=1 kappa=-0.016 fnGround=617 omega=-0.06 | ftGround=-16N target=0.0 limit=1668Nm motorNm=-12 tyreNm=12 inertia=2.91 limRot=0/-0/-0 omegaPre=-0.06 posN=-0/10/0 susp=-0.0708 springN=514
INFO 2026-07-27 15:24:24.665 joltshadow - docs §78: attdense (player) f=8 joltTilt=0.27 odeTilt=0.02 upDelta=0.24 wBody=(-0.06,0.00,-0.00) |w|=0.06 grounded=4
INFO 2026-07-27 15:24:24.704 joltshadow - docs §70.1: slipdense (player) f=12 w=0 grounded=1 kappa=-0.001 fnGround=281 omega=-0.06 | ftGround=-0N target=0.0 limit=1192Nm motorNm=0 tyreNm=0 inertia=2.91 limRot=0/-0/0 omegaPre=-0.06 posN=-0/-1/0 susp=-0.0410 springN=175
INFO 2026-07-27 15:24:24.704 joltshadow - docs §70.1: slipdense (player) f=12 w=1 grounded=1 kappa=-0.000 fnGround=281 omega=-0.06 | ftGround=-0N target=0.0 limit=1192Nm motorNm=0 tyreNm=0 inertia=2.91 limRot=0/-0/0 omegaPre=-0.06 posN=-0/-1/0 susp=-0.0408 springN=175
INFO 2026-07-27 15:24:24.704 joltshadow - docs §70.1: slipdense (player) f=12 w=2 grounded=1 kappa=0.003 fnGround=639 omega=-0.06 | ftGround=2N target=0.0 limit=1857Nm motorNm=2 tyreNm=-2 inertia=2.91 limRot=0/-0/-0 omegaPre=-0.06 posN=-0/-7/0 susp=-0.0707 springN=534
INFO 2026-07-27 15:24:24.704 joltshadow - docs §70.1: slipdense (player) f=12 w=3 grounded=1 kappa=0.003 fnGround=641 omega=-0.06 | ftGround=2N target=0.0 limit=1851Nm motorNm=2 tyreNm=-2 inertia=2.91 limRot=0/-0/-0 omegaPre=-0.06 posN=-0/-7/0 susp=-0.0704 springN=533
INFO 2026-07-27 15:24:24.704 joltshadow - docs §78: attdense (player) f=12 joltTilt=0.40 odeTilt=0.03 upDelta=0.37 wBody=(-0.06,0.00,-0.00) |w|=0.06 grounded=4
INFO 2026-07-27 15:24:24.734 joltshadow - docs §70.1: slipdense (player) f=16 w=0 grounded=1 kappa=0.010 fnGround=263 omega=-0.05 | ftGround=8N target=0.0 limit=1192Nm motorNm=7 tyreNm=-6 inertia=2.91 limRot=0/0/0 omegaPre=-0.05 posN=0/-9/0 susp=-0.0345 springN=154
INFO 2026-07-27 15:24:24.734 joltshadow - docs §70.1: slipdense (player) f=16 w=1 grounded=1 kappa=0.010 fnGround=265 omega=-0.05 | ftGround=8N target=0.0 limit=1192Nm motorNm=7 tyreNm=-6 inertia=2.91 limRot=0/0/0 omegaPre=-0.05 posN=0/-9/0 susp=-0.0346 springN=155
INFO 2026-07-27 15:24:24.735 joltshadow - docs §70.1: slipdense (player) f=16 w=2 grounded=1 kappa=0.014 fnGround=661 omega=-0.05 | ftGround=11N target=0.0 limit=1902Nm motorNm=9 tyreNm=-8 inertia=2.91 limRot=0/0/0 omegaPre=-0.05 posN=0/-15/0 susp=-0.0714 springN=550
INFO 2026-07-27 15:24:24.735 joltshadow - docs §70.1: slipdense (player) f=16 w=3 grounded=1 kappa=0.014 fnGround=659 omega=-0.05 | ftGround=11N target=0.0 limit=1910Nm motorNm=9 tyreNm=-8 inertia=2.91 limRot=0/0/0 omegaPre=-0.05 posN=0/-15/0 susp=-0.0714 springN=551
INFO 2026-07-27 15:24:24.735 joltshadow - docs §78: attdense (player) f=16 joltTilt=0.50 odeTilt=0.04 upDelta=0.45 wBody=(-0.05,0.00,-0.00) |w|=0.05 grounded=4
INFO 2026-07-27 15:24:24.758 joltshadow - docs §70.1: slipdense (player) f=20 w=0 grounded=1 kappa=0.015 fnGround=255 omega=-0.04 | ftGround=14N target=0.0 limit=1192Nm motorNm=11 tyreNm=-10 inertia=2.91 limRot=0/0/0 omegaPre=-0.04 posN=0/-14/0 susp=-0.0309 springN=150
INFO 2026-07-27 15:24:24.759 joltshadow - docs §70.1: slipdense (player) f=20 w=1 grounded=1 kappa=0.015 fnGround=260 omega=-0.04 | ftGround=14N target=0.0 limit=1192Nm motorNm=11 tyreNm=-10 inertia=2.91 limRot=0/0/0 omegaPre=-0.04 posN=0/-14/0 susp=-0.0312 springN=152
INFO 2026-07-27 15:24:24.759 joltshadow - docs §70.1: slipdense (player) f=20 w=2 grounded=1 kappa=0.019 fnGround=673 omega=-0.04 | ftGround=17N target=0.0 limit=1940Nm motorNm=14 tyreNm=-13 inertia=2.91 limRot=0/0/0 omegaPre=-0.04 posN=0/-21/0 susp=-0.0725 springN=566
INFO 2026-07-27 15:24:24.759 joltshadow - docs §70.1: slipdense (player) f=20 w=3 grounded=1 kappa=0.019 fnGround=676 omega=-0.04 | ftGround=17N target=0.0 limit=1952Nm motorNm=14 tyreNm=-13 inertia=2.91 limRot=0/0/0 omegaPre=-0.04 posN=0/-21/0 susp=-0.0728 springN=569
INFO 2026-07-27 15:24:24.759 joltshadow - docs §78: attdense (player) f=20 joltTilt=0.56 odeTilt=0.04 upDelta=0.51 wBody=(-0.04,-0.00,-0.00) |w|=0.04 grounded=4
INFO 2026-07-27 15:24:24.783 joltshadow - docs §70.1: slipdense (player) f=24 w=0 grounded=1 kappa=0.019 fnGround=258 omega=-0.03 | ftGround=17N target=0.0 limit=1192Nm motorNm=14 tyreNm=-12 inertia=2.91 limRot=0/0/0 omegaPre=-0.04 posN=0/-17/0 susp=-0.0286 springN=151
INFO 2026-07-27 15:24:24.783 joltshadow - docs §70.1: slipdense (player) f=24 w=1 grounded=1 kappa=0.019 fnGround=260 omega=-0.03 | ftGround=17N target=0.0 limit=1192Nm motorNm=13 tyreNm=-12 inertia=2.91 limRot=0/0/0 omegaPre=-0.04 posN=0/-16/0 susp=-0.0291 springN=154
INFO 2026-07-27 15:24:24.783 joltshadow - docs §70.1: slipdense (player) f=24 w=2 grounded=1 kappa=0.022 fnGround=693 omega=-0.03 | ftGround=20N target=0.0 limit=2003Nm motorNm=16 tyreNm=-15 inertia=2.91 limRot=0/0/0 omegaPre=-0.04 posN=1/-24/0 susp=-0.0741 springN=584
INFO 2026-07-27 15:24:24.783 joltshadow - docs §70.1: slipdense (player) f=24 w=3 grounded=1 kappa=0.022 fnGround=692 omega=-0.03 | ftGround=20N target=0.0 limit=2012Nm motorNm=15 tyreNm=-14 inertia=2.91 limRot=0/0/0 omegaPre=-0.04 posN=1/-24/0 susp=-0.0746 springN=588
INFO 2026-07-27 15:24:24.783 joltshadow - docs §78: attdense (player) f=24 joltTilt=0.61 odeTilt=0.04 upDelta=0.57 wBody=(-0.03,-0.00,-0.00) |w|=0.03 grounded=4
INFO 2026-07-27 15:24:24.807 joltshadow - docs §70.1: slipdense (player) f=28 w=0 grounded=1 kappa=0.021 fnGround=263 omega=-0.02 | ftGround=19N target=0.0 limit=1192Nm motorNm=15 tyreNm=-14 inertia=2.91 limRot=0/0/0 omegaPre=-0.03 posN=0/-19/0 susp=-0.0275 springN=158
INFO 2026-07-27 15:24:24.807 joltshadow - docs §70.1: slipdense (player) f=28 w=1 grounded=1 kappa=0.021 fnGround=266 omega=-0.02 | ftGround=19N target=0.0 limit=1192Nm motorNm=15 tyreNm=-14 inertia=2.91 limRot=0/0/0 omegaPre=-0.03 posN=0/-18/0 susp=-0.0282 springN=161
INFO 2026-07-27 15:24:24.807 joltshadow - docs §70.1: slipdense (player) f=28 w=2 grounded=1 kappa=0.024 fnGround=711 omega=-0.02 | ftGround=22N target=0.0 limit=2058Nm motorNm=17 tyreNm=-16 inertia=2.91 limRot=0/1/0 omegaPre=-0.03 posN=1/-26/0 susp=-0.0761 springN=602
INFO 2026-07-27 15:24:24.807 joltshadow - docs §70.1: slipdense (player) f=28 w=3 grounded=1 kappa=0.024 fnGround=715 omega=-0.02 | ftGround=22N target=0.0 limit=2066Nm motorNm=17 tyreNm=-16 inertia=2.91 limRot=0/1/0 omegaPre=-0.03 posN=1/-26/0 susp=-0.0767 springN=607
INFO 2026-07-27 15:24:24.807 joltshadow - docs §78: attdense (player) f=28 joltTilt=0.65 odeTilt=0.03 upDelta=0.62 wBody=(-0.02,-0.00,-0.00) |w|=0.02 grounded=4
WARNING 2026-07-27 15:24:24.829 jolt - Jolt: static box shape creation failed: Invalid half extent
WARNING 2026-07-27 15:24:24.904 jolt - Jolt: static box shape creation failed: Invalid half extent
WARNING 2026-07-27 15:24:24.918 jolt - Jolt: static box shape creation failed: Invalid half extent
WARNING 2026-07-27 15:24:24.922 jolt - Jolt: static box shape creation failed: Invalid half extent
WARNING 2026-07-27 15:24:24.923 jolt - Jolt: static box shape creation failed: Invalid half extent
WARNING 2026-07-27 15:24:24.930 jolt - Jolt: static box shape creation failed: Invalid half extent
WARNING 2026-07-27 15:24:24.959 jolt - Jolt: static box shape creation failed: Invalid half extent
WARNING 2026-07-27 15:24:24.959 jolt - Jolt: static box shape creation failed: Invalid half extent
WARNING 2026-07-27 15:24:24.959 jolt - Jolt: static box shape creation failed: Invalid half extent
WARNING 2026-07-27 15:24:24.959 jolt - Jolt: static box shape creation failed: Invalid half extent
WARNING 2026-07-27 15:24:24.959 jolt - Jolt: static box shape creation failed: Invalid half extent
INFO 2026-07-27 15:24:25.035 jolt - Jolt: exported 87082 static obstacles (80845 box, 16 sphere, 5990 trimesh, 231 capsule) - 116442 geoms walked total (9050 nested sub-space(s) recursed into, 96234 at top level per dSpaceGetNumGeoms), 20208 dynamic geoms skipped, 102 body-less geoms of unexported class skipped, 0 skipped (capacity exhausted)
INFO 2026-07-27 15:24:25.035 jolt - Jolt: static obstacle export - 4 body-less geom(s) of unexported ODE class 4 (docs §22.9/§22.13 - classes confirmed by disassembly: 0=sphere, 1=box, 2=capsule, 7=trimesh, 11-14=space (recursed into, not "unexported"); others not confirmed against this binary, treat the raw ID as a lead not a fact)
INFO 2026-07-27 15:24:25.035 jolt - Jolt: static obstacle export - 86 body-less geom(s) of unexported ODE class 6 (docs §22.9/§22.13 - classes confirmed by disassembly: 0=sphere, 1=box, 2=capsule, 7=trimesh, 11-14=space (recursed into, not "unexported"); others not confirmed against this binary, treat the raw ID as a lead not a fact)
INFO 2026-07-27 15:24:25.035 jolt - Jolt: static obstacle export - 1 body-less geom(s) of unexported ODE class 8 (docs §22.9/§22.13 - classes confirmed by disassembly: 0=sphere, 1=box, 2=capsule, 7=trimesh, 11-14=space (recursed into, not "unexported"); others not confirmed against this binary, treat the raw ID as a lead not a fact)
INFO 2026-07-27 15:24:25.072 joltshadow - docs §70.1: slipdense (player) f=32 w=0 grounded=1 kappa=0.032 fnGround=304 omega=-0.00 | ftGround=25N target=0.0 limit=1192Nm motorNm=19 tyreNm=-18 inertia=2.91 limRot=0/1/0 omegaPre=-0.00 posN=1/-23/0 susp=-0.0292 springN=193
INFO 2026-07-27 15:24:25.072 joltshadow - docs §70.1: slipdense (player) f=32 w=1 grounded=1 kappa=0.032 fnGround=308 omega=-0.00 | ftGround=25N target=0.0 limit=1192Nm motorNm=19 tyreNm=-18 inertia=2.91 limRot=0/1/0 omegaPre=-0.00 posN=1/-23/0 susp=-0.0301 springN=198
INFO 2026-07-27 15:24:25.072 joltshadow - docs §70.1: slipdense (player) f=32 w=2 grounded=1 kappa=0.033 fnGround=746 omega=-0.00 | ftGround=26N target=0.0 limit=2166Nm motorNm=19 tyreNm=-19 inertia=2.91 limRot=0/1/0 omegaPre=-0.00 posN=2/-29/0 susp=-0.0815 springN=638
INFO 2026-07-27 15:24:25.072 joltshadow - docs §70.1: slipdense (player) f=32 w=3 grounded=1 kappa=0.032 fnGround=752 omega=-0.00 | ftGround=25N target=0.0 limit=2183Nm motorNm=19 tyreNm=-18 inertia=2.91 limRot=0/1/0 omegaPre=-0.00 posN=2/-29/0 susp=-0.0824 springN=644
INFO 2026-07-27 15:24:25.072 joltshadow - docs §78: attdense (player) f=32 joltTilt=0.69 odeTilt=0.00 upDelta=0.68 wBody=(-0.00,-0.00,0.00) |w|=0.00 grounded=4
INFO 2026-07-27 15:24:25.094 joltshadow - docs §70.1: slipdense (player) f=36 w=0 grounded=1 kappa=0.021 fnGround=309 omega=0.00 | ftGround=23N target=0.0 limit=1192Nm motorNm=17 tyreNm=-16 inertia=2.91 limRot=0/1/0 omegaPre=0.00 posN=1/-21/0 susp=-0.0305 springN=203
INFO 2026-07-27 15:24:25.094 joltshadow - docs §70.1: slipdense (player) f=36 w=1 grounded=1 kappa=0.020 fnGround=313 omega=0.00 | ftGround=22N target=0.0 limit=1192Nm motorNm=17 tyreNm=-16 inertia=2.91 limRot=0/1/0 omegaPre=0.00 posN=1/-21/0 susp=-0.0316 springN=208
INFO 2026-07-27 15:24:25.095 joltshadow - docs §70.1: slipdense (player) f=36 w=2 grounded=1 kappa=0.021 fnGround=751 omega=0.00 | ftGround=23N target=0.0 limit=2185Nm motorNm=17 tyreNm=-16 inertia=2.91 limRot=0/1/0 omegaPre=0.00 posN=2/-26/0 susp=-0.0828 springN=643
INFO 2026-07-27 15:24:25.095 joltshadow - docs §70.1: slipdense (player) f=36 w=3 grounded=1 kappa=0.020 fnGround=755 omega=0.00 | ftGround=22N target=0.0 limit=2195Nm motorNm=16 tyreNm=-16 inertia=2.91 limRot=0/1/0 omegaPre=0.00 posN=2/-26/0 susp=-0.0839 springN=649
INFO 2026-07-27 15:24:25.095 joltshadow - docs §78: attdense (player) f=36 joltTilt=0.69 odeTilt=0.00 upDelta=0.68 wBody=(0.00,-0.00,0.00) |w|=0.00 grounded=4
INFO 2026-07-27 15:24:25.116 joltshadow - docs §70.1: slipdense (player) f=40 w=0 grounded=1 kappa=0.015 fnGround=318 omega=0.01 | ftGround=17N target=0.0 limit=1192Nm motorNm=13 tyreNm=-12 inertia=2.91 limRot=0/1/0 omegaPre=0.01 posN=1/-17/0 susp=-0.0320 springN=213
INFO 2026-07-27 15:24:25.116 joltshadow - docs §70.1: slipdense (player) f=40 w=1 grounded=1 kappa=0.015 fnGround=326 omega=0.01 | ftGround=16N target=0.0 limit=1192Nm motorNm=12 tyreNm=-12 inertia=2.91 limRot=0/1/0 omegaPre=0.01 posN=1/-16/0 susp=-0.0331 springN=218
INFO 2026-07-27 15:24:25.116 joltshadow - docs §70.1: slipdense (player) f=40 w=2 grounded=1 kappa=0.015 fnGround=753 omega=0.01 | ftGround=16N target=0.0 limit=2192Nm motorNm=12 tyreNm=-12 inertia=2.91 limRot=0/1/0 omegaPre=0.01 posN=2/-21/0 susp=-0.0839 springN=645
INFO 2026-07-27 15:24:25.116 joltshadow - docs §70.1: slipdense (player) f=40 w=3 grounded=1 kappa=0.014 fnGround=760 omega=0.01 | ftGround=16N target=0.0 limit=2213Nm motorNm=12 tyreNm=-11 inertia=2.91 limRot=0/1/0 omegaPre=0.01 posN=2/-21/0 susp=-0.0851 springN=652
INFO 2026-07-27 15:24:25.116 joltshadow - docs §78: attdense (player) f=40 joltTilt=0.69 odeTilt=0.00 upDelta=0.68 wBody=(0.01,-0.00,0.00) |w|=0.01 grounded=4
INFO 2026-07-27 15:24:25.139 joltshadow - docs §70.1: slipdense (player) f=44 w=0 grounded=1 kappa=0.012 fnGround=330 omega=0.01 | ftGround=11N target=0.0 limit=1192Nm motorNm=9 tyreNm=-8 inertia=2.91 limRot=0/1/0 omegaPre=0.01 posN=1/-12/0 susp=-0.0334 springN=221
INFO 2026-07-27 15:24:25.139 joltshadow - docs §70.1: slipdense (player) f=44 w=1 grounded=1 kappa=0.012 fnGround=333 omega=0.01 | ftGround=11N target=0.0 limit=1192Nm motorNm=8 tyreNm=-8 inertia=2.91 limRot=0/1/0 omegaPre=0.01 posN=1/-12/0 susp=-0.0347 springN=227
INFO 2026-07-27 15:24:25.139 joltshadow - docs §70.1: slipdense (player) f=44 w=2 grounded=1 kappa=0.011 fnGround=753 omega=0.01 | ftGround=10N target=0.0 limit=2192Nm motorNm=8 tyreNm=-7 inertia=2.91 limRot=0/1/0 omegaPre=0.01 posN=2/-16/0 susp=-0.0847 springN=644
INFO 2026-07-27 15:24:25.139 joltshadow - docs §70.1: slipdense (player) f=44 w=3 grounded=1 kappa=0.011 fnGround=760 omega=0.01 | ftGround=10N target=0.0 limit=2211Nm motorNm=8 tyreNm=-7 inertia=2.91 limRot=0/1/0 omegaPre=0.01 posN=2/-16/0 susp=-0.0859 springN=651
INFO 2026-07-27 15:24:25.139 joltshadow - docs §78: attdense (player) f=44 joltTilt=0.68 odeTilt=0.02 upDelta=0.66 wBody=(0.01,-0.00,0.00) |w|=0.01 grounded=4
INFO 2026-07-27 15:24:25.163 joltshadow - docs §70.1: slipdense (player) f=48 w=0 grounded=1 kappa=0.010 fnGround=337 omega=0.01 | ftGround=9N target=0.0 limit=1192Nm motorNm=7 tyreNm=-7 inertia=2.91 limRot=0/1/0 omegaPre=0.01 posN=1/-11/0 susp=-0.0350 springN=229
INFO 2026-07-27 15:24:25.163 joltshadow - docs §70.1: slipdense (player) f=48 w=1 grounded=1 kappa=0.009 fnGround=341 omega=0.01 | ftGround=9N target=0.0 limit=1192Nm motorNm=7 tyreNm=-6 inertia=2.91 limRot=0/1/0 omegaPre=0.01 posN=1/-10/0 susp=-0.0363 springN=234
INFO 2026-07-27 15:24:25.163 joltshadow - docs §70.1: slipdense (player) f=48 w=2 grounded=1 kappa=0.009 fnGround=750 omega=0.01 | ftGround=8N target=0.0 limit=2186Nm motorNm=6 tyreNm=-6 inertia=2.91 limRot=0/1/0 omegaPre=0.01 posN=2/-14/0 susp=-0.0850 springN=641
INFO 2026-07-27 15:24:25.163 joltshadow - docs §70.1: slipdense (player) f=48 w=3 grounded=1 kappa=0.008 fnGround=757 omega=0.01 | ftGround=8N target=0.0 limit=2205Nm motorNm=6 tyreNm=-6 inertia=2.91 limRot=0/1/0 omegaPre=0.01 posN=2/-14/0 susp=-0.0862 springN=647
INFO 2026-07-27 15:24:25.163 joltshadow - docs §78: attdense (player) f=48 joltTilt=0.66 odeTilt=0.02 upDelta=0.64 wBody=(0.01,-0.00,0.00) |w|=0.01 grounded=4
INFO 2026-07-27 15:24:25.189 joltshadow - docs §70.1: slipdense (player) f=52 w=0 grounded=1 kappa=0.008 fnGround=343 omega=0.01 | ftGround=9N target=0.0 limit=1192Nm motorNm=7 tyreNm=-6 inertia=2.91 limRot=0/1/0 omegaPre=0.01 posN=1/-10/0 susp=-0.0364 springN=235
INFO 2026-07-27 15:24:25.189 joltshadow - docs §70.1: slipdense (player) f=52 w=1 grounded=1 kappa=0.007 fnGround=346 omega=0.01 | ftGround=8N target=0.0 limit=1192Nm motorNm=6 tyreNm=-6 inertia=2.91 limRot=0/1/0 omegaPre=0.01 posN=1/-9/0 susp=-0.0376 springN=239
INFO 2026-07-27 15:24:25.189 joltshadow - docs §70.1: slipdense (player) f=52 w=2 grounded=1 kappa=0.007 fnGround=745 omega=0.01 | ftGround=7N target=0.0 limit=2172Nm motorNm=6 tyreNm=-5 inertia=2.91 limRot=0/1/0 omegaPre=0.01 posN=2/-13/0 susp=-0.0849 springN=635
INFO 2026-07-27 15:24:25.189 joltshadow - docs §70.1: slipdense (player) f=52 w=3 grounded=1 kappa=0.006 fnGround=751 omega=0.01 | ftGround=7N target=0.0 limit=2189Nm motorNm=5 tyreNm=-5 inertia=2.91 limRot=0/1/0 omegaPre=0.01 posN=2/-13/0 susp=-0.0861 springN=641
INFO 2026-07-27 15:24:25.189 joltshadow - docs §78: attdense (player) f=52 joltTilt=0.64 odeTilt=0.02 upDelta=0.62 wBody=(0.01,-0.00,0.00) |w|=0.01 grounded=4
INFO 2026-07-27 15:24:25.212 joltshadow - docs §70.1: slipdense (player) f=56 w=0 grounded=1 kappa=0.006 fnGround=345 omega=0.02 | ftGround=6N target=0.0 limit=1192Nm motorNm=5 tyreNm=-5 inertia=2.91 limRot=0/0/0 omegaPre=0.02 posN=1/-8/0 susp=-0.0375 springN=238
INFO 2026-07-27 15:24:25.212 joltshadow - docs §70.1: slipdense (player) f=56 w=1 grounded=1 kappa=0.005 fnGround=351 omega=0.02 | ftGround=6N target=0.0 limit=1192Nm motorNm=4 tyreNm=-4 inertia=2.91 limRot=0/0/0 omegaPre=0.02 posN=1/-7/0 susp=-0.0387 springN=242
INFO 2026-07-27 15:24:25.212 joltshadow - docs §70.1: slipdense (player) f=56 w=2 grounded=1 kappa=0.004 fnGround=736 omega=0.02 | ftGround=5N target=0.0 limit=2144Nm motorNm=4 tyreNm=-4 inertia=2.91 limRot=0/1/0 omegaPre=0.02 posN=1/-11/0 susp=-0.0844 springN=626
INFO 2026-07-27 15:24:25.212 joltshadow - docs §70.1: slipdense (player) f=56 w=3 grounded=1 kappa=0.004 fnGround=740 omega=0.02 | ftGround=4N target=0.0 limit=2155Nm motorNm=3 tyreNm=-3 inertia=2.91 limRot=0/1/0 omegaPre=0.02 posN=1/-10/0 susp=-0.0855 springN=630
INFO 2026-07-27 15:24:25.212 joltshadow - docs §78: attdense (player) f=56 joltTilt=0.62 odeTilt=0.02 upDelta=0.60 wBody=(0.02,-0.00,0.00) |w|=0.02 grounded=4
INFO 2026-07-27 15:24:25.228 joltshadow - docs §82: resync (player) #1 dt=0.50s upMax=0.684 deg posMax=0.132 m odeTiltPath=1.430 deg gain=0.4786
INFO 2026-07-27 15:24:25.228 joltshadow - docs §87: resync landing (player) w=0 pre=-0.0028 post=-0.0095 m R=0.727 dY=-0.0020 dRotDeg=0.59 |corr|=0.0125 m
INFO 2026-07-27 15:24:25.229 joltshadow - docs §87: resync landing (player) w=1 pre=-0.0029 post=-0.0090 m R=0.727 dY=-0.0020 dRotDeg=0.59 |corr|=0.0125 m
INFO 2026-07-27 15:24:25.229 joltshadow - docs §87: resync landing (player) w=2 pre=-0.0061 post=-0.0096 m R=0.727 dY=-0.0020 dRotDeg=0.59 |corr|=0.0125 m
INFO 2026-07-27 15:24:25.229 joltshadow - docs §87: resync landing (player) w=3 pre=-0.0061 post=-0.0092 m R=0.727 dY=-0.0020 dRotDeg=0.59 |corr|=0.0125 m
INFO 2026-07-27 15:24:25.229 joltshadow - docs §82: resync RESIDUAL (player) #1 pos=0.0000 m up=0.0000 deg
INFO 2026-07-27 15:24:25.234 joltshadow - docs §70.1: slipdense (player) f=60 w=0 grounded=1 kappa=-0.006 fnGround=940 omega=-0.00 | ftGround=-7N target=0.0 limit=1192Nm motorNm=-8 tyreNm=5 inertia=2.91 limRot=0/-1/0 omegaPre=0.02 posN=-1/10/0 susp=-0.0625 springN=437
INFO 2026-07-27 15:24:25.234 joltshadow - docs §70.1: slipdense (player) f=60 w=1 grounded=1 kappa=-0.006 fnGround=900 omega=-0.00 | ftGround=-6N target=0.0 limit=1192Nm motorNm=-8 tyreNm=5 inertia=2.91 limRot=0/-1/0 omegaPre=0.02 posN=-1/9/0 susp=-0.0624 springN=431
INFO 2026-07-27 15:24:25.234 joltshadow - docs §70.1: slipdense (player) f=60 w=2 grounded=1 kappa=-0.006 fnGround=983 omega=-0.00 | ftGround=-7N target=0.0 limit=2107Nm motorNm=-8 tyreNm=5 inertia=2.91 limRot=0/-1/-0 omegaPre=0.02 posN=-1/10/0 susp=-0.0641 springN=553
INFO 2026-07-27 15:24:25.234 joltshadow - docs §70.1: slipdense (player) f=60 w=3 grounded=1 kappa=-0.006 fnGround=943 omega=-0.00 | ftGround=-6N target=0.0 limit=2130Nm motorNm=-8 tyreNm=5 inertia=2.91 limRot=0/-1/-0 omegaPre=0.02 posN=-1/9/0 susp=-0.0640 springN=545
INFO 2026-07-27 15:24:25.234 joltshadow - docs §78: attdense (player) f=60 joltTilt=0.02 odeTilt=0.02 upDelta=0.00 wBody=(-0.00,0.00,-0.00) |w|=0.00 grounded=4
INFO 2026-07-27 15:24:25.234 joltshadow - Shadow divergence (player): pos=1.605m vel=0.011m/s angle=0.0deg (jolt com=[4668.6 259.2 1252.1] ode com=[4668.5 257.7 1251.5])
INFO 2026-07-27 15:24:25.234 joltshadow - docs §23.6: driver input (player) realThrottle=-10.00 brake=0.01 handBrake=1 steerRad=0.000
INFO 2026-07-27 15:24:25.235 joltshadow - docs §32: Jolt SHADOW chassis pitch (player) forward=(-0.223, 0.000, -0.975)
INFO 2026-07-27 15:24:25.235 joltshadow - docs §69: tilt (player) jolt=0.0 deg ode=0.0 deg delta=+0.0 deg upDelta=0.00 deg
INFO 2026-07-27 15:24:25.235 joltshadow - docs §32.4: Jolt SHADOW chassis lowest corner (player) = (4670.80,259.07,1255.03) clearanceToGround=1.070
INFO 2026-07-27 15:24:25.235 joltshadow - docs §23.5: wheel state (player) wheel=0 contact=0 suspLen=1.050 (range 0.050-1.050, 0% compressed) angVel=0.00
INFO 2026-07-27 15:24:25.235 joltshadow - docs §38.11: wheel=0 NO contact, worldAxle=(0.975,-0.000,-0.223)
INFO 2026-07-27 15:24:25.235 joltshadow - docs §32: no-contact raycast (player) wheel=0 bodyPos=(4668.45,259.14,1251.49) localMPos=(-1.367,-0.436,2.663) origin=(4669.19,258.71,1248.59) dir=(-0.000,-1.000,-0.000) normalRayLen=1.777 groundFoundAt=0.000 shortfallBeyondTravel=-1.777 hitBody=8391036 hitLayer=4 hitMotion=2 hitIsSelfChassis=0
INFO 2026-07-27 15:24:25.235 joltshadow - docs §23.5: wheel state (player) wheel=1 contact=0 suspLen=1.050 (range 0.050-1.050, 0% compressed) angVel=0.00
INFO 2026-07-27 15:24:25.235 joltshadow - docs §38.11: wheel=1 NO contact, worldAxle=(0.975,-0.000,-0.223)
INFO 2026-07-27 15:24:25.235 joltshadow - docs §32: no-contact raycast (player) wheel=1 bodyPos=(4668.45,259.14,1251.49) localMPos=(1.369,-0.436,2.663) origin=(4666.53,258.71,1249.20) dir=(-0.000,-1.000,-0.000) normalRayLen=1.777 groundFoundAt=0.000 shortfallBeyondTravel=-1.777 hitBody=8391037 hitLayer=4 hitMotion=2 hitIsSelfChassis=0
INFO 2026-07-27 15:24:25.235 joltshadow - docs §23.5: wheel state (player) wheel=2 contact=0 suspLen=1.050 (range 0.050-1.050, 0% compressed) angVel=0.00
INFO 2026-07-27 15:24:25.235 joltshadow - docs §38.11: wheel=2 NO contact, worldAxle=(0.975,-0.000,-0.223)
INFO 2026-07-27 15:24:25.235 joltshadow - docs §32: no-contact raycast (player) wheel=2 bodyPos=(4668.45,259.14,1251.49) localMPos=(-1.367,-0.436,-1.944) origin=(4670.22,258.70,1253.08) dir=(-0.000,-1.000,-0.000) normalRayLen=1.777 groundFoundAt=0.000 shortfallBeyondTravel=-1.777 hitBody=8391038 hitLayer=4 hitMotion=2 hitIsSelfChassis=0
INFO 2026-07-27 15:24:25.235 joltshadow - docs §23.5: wheel state (player) wheel=3 contact=0 suspLen=1.050 (range 0.050-1.050, 0% compressed) angVel=0.00
INFO 2026-07-27 15:24:25.235 joltshadow - docs §38.11: wheel=3 NO contact, worldAxle=(0.975,-0.000,-0.223)
INFO 2026-07-27 15:24:25.235 joltshadow - docs §32: no-contact raycast (player) wheel=3 bodyPos=(4668.45,259.14,1251.49) localMPos=(1.369,-0.436,-1.944) origin=(4667.55,258.70,1253.69) dir=(-0.000,-1.000,-0.000) normalRayLen=1.777 groundFoundAt=0.000 shortfallBeyondTravel=-1.777 hitBody=8391039 hitLayer=4 hitMotion=2 hitIsSelfChassis=0
INFO 2026-07-27 15:24:25.235 joltshadow - docs §59/63: harvest (player) wheelsWithContact=4 contactPoints=8 overflow=0 (of 4) | maxNormalF=983N bound(k_t*tau)=1229N ratio=0.80
INFO 2026-07-27 15:24:25.235 joltshadow - docs §58: wheel body (player) w=0 springF=437N stopF=0N travel=-0.0625 (limits -0.5000..0.5000 rel spawn) kSusp=6000 sagPredicted=0.0729 | frameTrav=-0.0625..-0.0620 frameStopN=0
INFO 2026-07-27 15:24:25.235 joltshadow - docs §66: tyre band (player) w=0 fnGround=940N fnTotal=940N pen=0.00914 penRaw=0.00914 tau=0.01024 pen/tau=0.89 | recs tyre=1 rim=1 survived=1 stale=0 distMax=0.99R
INFO 2026-07-27 15:24:25.235 joltshadow - docs §68: steer (player) w=0 steerable=1 commanded=0.000 rad measured=0.000 rad err=0.00 deg steerSign=-1 steerTq=-0Nm cap=1192Nm sat=0.00
INFO 2026-07-27 15:24:25.235 joltshadow - docs §70: slip (player) w=0 grounded=1 kappa=-0.006 fnGround=940N omega=-0.00
INFO 2026-07-27 15:24:25.235 joltshadow - docs §67: spin (player) w=0 driven=1 omega=-0.00 rad/s surfaceSpeed=-0.00 m/s spinSign=+1 motorTq=-8Nm cmdTq=1192Nm
INFO 2026-07-27 15:24:25.235 joltshadow - docs §58: wheel body (player) w=1 springF=431N stopF=0N travel=-0.0624 (limits -0.5000..0.5000 rel spawn) kSusp=6000 sagPredicted=0.0718 | frameTrav=-0.0624..-0.0620 frameStopN=0
INFO 2026-07-27 15:24:25.235 joltshadow - docs §66: tyre band (player) w=1 fnGround=900N fnTotal=900N pen=0.00868 penRaw=0.00868 tau=0.01024 pen/tau=0.85 | recs tyre=1 rim=1 survived=1 stale=0 distMax=0.99R
INFO 2026-07-27 15:24:25.235 joltshadow - docs §68: steer (player) w=1 steerable=1 commanded=0.000 rad measured=0.000 rad err=0.00 deg steerSign=-1 steerTq=-0Nm cap=1192Nm sat=0.00
INFO 2026-07-27 15:24:25.235 joltshadow - docs §70: slip (player) w=1 grounded=1 kappa=-0.006 fnGround=900N omega=-0.00
INFO 2026-07-27 15:24:25.235 joltshadow - docs §67: spin (player) w=1 driven=1 omega=-0.00 rad/s surfaceSpeed=-0.00 m/s spinSign=+1 motorTq=-8Nm cmdTq=1192Nm
INFO 2026-07-27 15:24:25.235 joltshadow - docs §58: wheel body (player) w=2 springF=553N stopF=0N travel=-0.0641 (limits -0.5000..0.5000 rel spawn) kSusp=7500 sagPredicted=0.0737 | frameTrav=-0.0641..-0.0636 frameStopN=0
INFO 2026-07-27 15:24:25.235 joltshadow - docs §66: tyre band (player) w=2 fnGround=983N fnTotal=983N pen=0.00935 penRaw=0.00935 tau=0.01024 pen/tau=0.91 | recs tyre=1 rim=1 survived=1 stale=0 distMax=0.99R
INFO 2026-07-27 15:24:25.236 joltshadow - docs §68: steer (player) w=2 steerable=0 commanded=0.000 rad measured=0.000 rad err=0.00 deg steerSign=-1 steerTq=0Nm cap=340282346638528859811704183484516925440Nm sat=0.00
INFO 2026-07-27 15:24:25.236 joltshadow - docs §70: slip (player) w=2 grounded=1 kappa=-0.006 fnGround=983N omega=-0.00
INFO 2026-07-27 15:24:25.236 joltshadow - docs §67: spin (player) w=2 driven=1 omega=-0.00 rad/s surfaceSpeed=-0.00 m/s spinSign=+1 motorTq=-8Nm cmdTq=2107Nm
INFO 2026-07-27 15:24:25.236 joltshadow - docs §58: wheel body (player) w=3 springF=545N stopF=0N travel=-0.0640 (limits -0.5000..0.5000 rel spawn) kSusp=7500 sagPredicted=0.0727 | frameTrav=-0.0640..-0.0636 frameStopN=0
INFO 2026-07-27 15:24:25.236 joltshadow - docs §66: tyre band (player) w=3 fnGround=943N fnTotal=943N pen=0.00890 penRaw=0.00890 tau=0.01024 pen/tau=0.87 | recs tyre=1 rim=1 survived=1 stale=0 distMax=0.99R
INFO 2026-07-27 15:24:25.236 joltshadow - docs §68: steer (player) w=3 steerable=0 commanded=0.000 rad measured=0.000 rad err=0.00 deg steerSign=-1 steerTq=0Nm cap=340282346638528859811704183484516925440Nm sat=0.00
INFO 2026-07-27 15:24:25.236 joltshadow - docs §70: slip (player) w=3 grounded=1 kappa=-0.006 fnGround=943N omega=-0.00
INFO 2026-07-27 15:24:25.236 joltshadow - docs §67: spin (player) w=3 driven=1 omega=-0.00 rad/s surfaceSpeed=-0.00 m/s spinSign=+1 motorTq=-8Nm cmdTq=2130Nm
INFO 2026-07-27 15:24:25.236 joltshadow - docs §67: drivetrain (player) gear=0 rpm=7 driveTorque=2880Nm perWheel=720Nm driven=4 throttle=-1.00 spin=1 | PRE-STEP brake=0.01 handBrake=1
INFO 2026-07-27 15:24:25.236 joltshadow - docs §66: tyre band SUM (player) fnGroundSum=3765N fnTotalSum=3766N weight=1638N carried=2.30 | penSum=0.03607 recs tyre=4 rim=4 stale=0
INFO 2026-07-27 15:24:25.236 joltshadow - docs §30: REAL ODE chassis COM (player) body=53396828 = (4668.453, 257.741, 1251.491) forward=(-0.223, 0.000, -0.975)
INFO 2026-07-27 15:24:25.236 joltshadow - docs §33: real ODE chassis geom (player) #1 = class 0 (not a transform) pos=(4668.453,257.741,1251.491) radius=4.000
INFO 2026-07-27 15:24:25.236 joltshadow - docs §33: real ODE chassis geom (player) #2 = transform, inner class=1 pos=(0.000,3.010,-1.827)
INFO 2026-07-27 15:24:25.236 joltshadow - docs §33: real ODE chassis geom (player) #3 = transform, inner class=1 pos=(0.013,2.455,4.253)
INFO 2026-07-27 15:24:25.236 joltshadow - docs §33: real ODE chassis geom (player) #4 = transform, inner class=1 pos=(0.000,2.778,2.038)
INFO 2026-07-27 15:24:25.236 joltshadow - docs §33: real ODE chassis geom (player) #5 = transform, inner class=1 pos=(0.000,1.675,0.000)
INFO 2026-07-27 15:24:25.236 joltshadow - docs §33: real ODE chassis geom (player) #6 = class 0 (not a transform) pos=(4668.453,257.741,1251.491) radius=30.000
INFO 2026-07-27 15:24:25.236 joltshadow - docs §33: real ODE chassis geom (player) #7 = class 0 (not a transform) pos=(4668.453,257.741,1251.491) radius=8.161
INFO 2026-07-27 15:24:25.236 joltshadow - docs §33: real ODE chassis geom (player) #8 = class 0 (not a transform) pos=(4668.453,257.741,1251.491) radius=200.000
INFO 2026-07-27 15:24:25.236 joltshadow - docs §33: real ODE chassis (player) has 8 total geom(s) directly attached (4 transform(s)) - compare against BuildChassisCompoundShape's own part/geom count in the build log
INFO 2026-07-27 15:24:25.236 joltshadow - docs §28: REAL ODE wheel state (player) wheel=0 displacement=0.0117 range=1.000 (1% compressed, signed) foreAft=2.663 localZ=2.663 cfm=0.002500 erp=0.2500
INFO 2026-07-27 15:24:25.236 joltshadow - docs §28: REAL ODE wheel state (player) wheel=1 displacement=0.0117 range=1.000 (1% compressed, signed) foreAft=2.663 localZ=2.663 cfm=0.002500 erp=0.2500
INFO 2026-07-27 15:24:25.236 joltshadow - docs §28: REAL ODE wheel state (player) wheel=2 displacement=0.0133 range=1.000 (1% compressed, signed) foreAft=-1.944 localZ=-1.944 cfm=0.002000 erp=0.2500
INFO 2026-07-27 15:24:25.236 joltshadow - docs §28: REAL ODE wheel state (player) wheel=3 displacement=0.0133 range=1.000 (1% compressed, signed) foreAft=-1.944 localZ=-1.944 cfm=0.002000 erp=0.2500
INFO 2026-07-27 15:24:25.258 joltshadow - docs §70.1: slipdense (player) f=64 w=0 grounded=1 kappa=-0.035 fnGround=357 omega=-0.03 | ftGround=-39N target=0.0 limit=1192Nm motorNm=-30 tyreNm=28 inertia=2.91 limRot=0/-1/0 omegaPre=-0.02 posN=-1/33/0 susp=-0.0652 springN=373
INFO 2026-07-27 15:24:25.258 joltshadow - docs §70.1: slipdense (player) f=64 w=1 grounded=1 kappa=-0.035 fnGround=362 omega=-0.03 | ftGround=-38N target=0.0 limit=1192Nm motorNm=-30 tyreNm=28 inertia=2.91 limRot=0/-1/0 omegaPre=-0.02 posN=-1/33/0 susp=-0.0647 springN=369
INFO 2026-07-27 15:24:25.258 joltshadow - docs §70.1: slipdense (player) f=64 w=2 grounded=1 kappa=-0.035 fnGround=526 omega=-0.03 | ftGround=-39N target=0.0 limit=1488Nm motorNm=-30 tyreNm=28 inertia=2.91 limRot=0/-1/-0 omegaPre=-0.02 posN=-1/33/0 susp=-0.0677 springN=521
INFO 2026-07-27 15:24:25.258 joltshadow - docs §70.1: slipdense (player) f=64 w=3 grounded=1 kappa=-0.035 fnGround=532 omega=-0.03 | ftGround=-38N target=0.0 limit=1520Nm motorNm=-30 tyreNm=28 inertia=2.91 limRot=0/-1/-0 omegaPre=-0.02 posN=-1/33/0 susp=-0.0671 springN=517
INFO 2026-07-27 15:24:25.258 joltshadow - docs §78: attdense (player) f=64 joltTilt=0.04 odeTilt=0.02 upDelta=0.03 wBody=(-0.03,0.00,-0.00) |w|=0.03 grounded=4
INFO 2026-07-27 15:24:25.282 joltshadow - docs §70.1: slipdense (player) f=68 w=0 grounded=1 kappa=-0.035 fnGround=426 omega=-0.04 | ftGround=-39N target=0.0 limit=1238Nm motorNm=-29 tyreNm=28 inertia=2.91 limRot=0/-0/0 omegaPre=-0.04 posN=-0/32/0 susp=-0.0616 springN=315
INFO 2026-07-27 15:24:25.282 joltshadow - docs §70.1: slipdense (player) f=68 w=1 grounded=1 kappa=-0.035 fnGround=425 omega=-0.04 | ftGround=-39N target=0.0 limit=1235Nm motorNm=-29 tyreNm=28 inertia=2.91 limRot=0/-0/0 omegaPre=-0.04 posN=-0/32/0 susp=-0.0611 springN=313
INFO 2026-07-27 15:24:25.282 joltshadow - docs §70.1: slipdense (player) f=68 w=2 grounded=1 kappa=-0.035 fnGround=612 omega=-0.04 | ftGround=-38N target=0.0 limit=1755Nm motorNm=-29 tyreNm=28 inertia=2.91 limRot=0/-1/0 omegaPre=-0.04 posN=-1/32/0 susp=-0.0675 springN=500
INFO 2026-07-27 15:24:25.282 joltshadow - docs §70.1: slipdense (player) f=68 w=3 grounded=1 kappa=-0.035 fnGround=609 omega=-0.04 | ftGround=-38N target=0.0 limit=1749Nm motorNm=-29 tyreNm=28 inertia=2.91 limRot=0/-1/0 omegaPre=-0.04 posN=-1/31/0 susp=-0.0670 springN=498
INFO 2026-07-27 15:24:25.282 joltshadow - docs §78: attdense (player) f=68 joltTilt=0.09 odeTilt=0.02 upDelta=0.07 wBody=(-0.04,0.00,-0.00) |w|=0.04 grounded=4
INFO 2026-07-27 15:24:25.306 joltshadow - docs §70.1: slipdense (player) f=72 w=0 grounded=1 kappa=-0.029 fnGround=393 omega=-0.05 | ftGround=-32N target=0.0 limit=1192Nm motorNm=-24 tyreNm=23 inertia=2.91 limRot=0/-0/0 omegaPre=-0.05 posN=-0/26/0 susp=-0.0571 springN=284
INFO 2026-07-27 15:24:25.306 joltshadow - docs §70.1: slipdense (player) f=72 w=1 grounded=1 kappa=-0.029 fnGround=390 omega=-0.05 | ftGround=-32N target=0.0 limit=1192Nm motorNm=-24 tyreNm=23 inertia=2.91 limRot=0/-0/0 omegaPre=-0.05 posN=-0/26/0 susp=-0.0566 springN=282
INFO 2026-07-27 15:24:25.306 joltshadow - docs §70.1: slipdense (player) f=72 w=2 grounded=1 kappa=-0.028 fnGround=617 omega=-0.05 | ftGround=-31N target=0.0 limit=1795Nm motorNm=-23 tyreNm=22 inertia=2.91 limRot=0/-0/-0 omegaPre=-0.05 posN=-1/24/0 susp=-0.0675 springN=510
INFO 2026-07-27 15:24:25.306 joltshadow - docs §70.1: slipdense (player) f=72 w=3 grounded=1 kappa=-0.028 fnGround=613 omega=-0.05 | ftGround=-31N target=0.0 limit=1783Nm motorNm=-23 tyreNm=22 inertia=2.91 limRot=0/-0/-0 omegaPre=-0.05 posN=-1/24/0 susp=-0.0671 springN=507
INFO 2026-07-27 15:24:25.306 joltshadow - docs §78: attdense (player) f=72 joltTilt=0.15 odeTilt=0.02 upDelta=0.13 wBody=(-0.05,0.00,-0.00) |w|=0.05 grounded=4
INFO 2026-07-27 15:24:25.328 joltshadow - docs §70.1: slipdense (player) f=76 w=0 grounded=1 kappa=-0.021 fnGround=363 omega=-0.05 | ftGround=-19N target=0.0 limit=1192Nm motorNm=-14 tyreNm=14 inertia=2.91 limRot=0/-0/0 omegaPre=-0.05 posN=-0/15/0 susp=-0.0527 springN=256
INFO 2026-07-27 15:24:25.328 joltshadow - docs §70.1: slipdense (player) f=76 w=1 grounded=1 kappa=-0.021 fnGround=361 omega=-0.05 | ftGround=-19N target=0.0 limit=1192Nm motorNm=-14 tyreNm=14 inertia=2.91 limRot=0/-0/0 omegaPre=-0.05 posN=-0/15/0 susp=-0.0523 springN=254
INFO 2026-07-27 15:24:25.328 joltshadow - docs §70.1: slipdense (player) f=76 w=2 grounded=1 kappa=-0.019 fnGround=628 omega=-0.05 | ftGround=-17N target=0.0 limit=1804Nm motorNm=-13 tyreNm=13 inertia=2.91 limRot=0/-0/-0 omegaPre=-0.05 posN=-0/13/0 susp=-0.0678 springN=518
INFO 2026-07-27 15:24:25.328 joltshadow - docs §70.1: slipdense (player) f=76 w=3 grounded=1 kappa=-0.019 fnGround=627 omega=-0.05 | ftGround=-17N target=0.0 limit=1807Nm motorNm=-13 tyreNm=12 inertia=2.91 limRot=0/-0/-0 omegaPre=-0.05 posN=-0/13/0 susp=-0.0675 springN=516
INFO 2026-07-27 15:24:25.328 joltshadow - docs §78: attdense (player) f=76 joltTilt=0.21 odeTilt=0.02 upDelta=0.20 wBody=(-0.05,0.00,-0.00) |w|=0.05 grounded=4
INFO 2026-07-27 15:24:25.349 joltshadow - docs §70.1: slipdense (player) f=80 w=0 grounded=1 kappa=-0.013 fnGround=337 omega=-0.05 | ftGround=-12N target=0.0 limit=1192Nm motorNm=-9 tyreNm=9 inertia=2.91 limRot=0/-0/0 omegaPre=-0.05 posN=-0/9/0 susp=-0.0483 springN=231
INFO 2026-07-27 15:24:25.349 joltshadow - docs §70.1: slipdense (player) f=80 w=1 grounded=1 kappa=-0.013 fnGround=336 omega=-0.05 | ftGround=-12N target=0.0 limit=1192Nm motorNm=-9 tyreNm=9 inertia=2.91 limRot=0/-0/0 omegaPre=-0.05 posN=-0/9/0 susp=-0.0481 springN=230
INFO 2026-07-27 15:24:25.349 joltshadow - docs §70.1: slipdense (player) f=80 w=2 grounded=1 kappa=-0.011 fnGround=639 omega=-0.05 | ftGround=-10N target=0.0 limit=1835Nm motorNm=-7 tyreNm=7 inertia=2.91 limRot=0/-0/-0 omegaPre=-0.05 posN=-0/5/0 susp=-0.0686 springN=529
INFO 2026-07-27 15:24:25.350 joltshadow - docs §70.1: slipdense (player) f=80 w=3 grounded=1 kappa=-0.011 fnGround=639 omega=-0.05 | ftGround=-10N target=0.0 limit=1839Nm motorNm=-7 tyreNm=7 inertia=2.91 limRot=0/-0/-0 omegaPre=-0.05 posN=-0/5/0 susp=-0.0683 springN=528
INFO 2026-07-27 15:24:25.350 joltshadow - docs §78: attdense (player) f=80 joltTilt=0.28 odeTilt=0.02 upDelta=0.26 wBody=(-0.05,0.00,-0.00) |w|=0.05 grounded=4
INFO 2026-07-27 15:24:25.374 joltshadow - docs §70.1: slipdense (player) f=84 w=0 grounded=1 kappa=-0.006 fnGround=321 omega=-0.05 | ftGround=-7N target=0.0 limit=1192Nm motorNm=-5 tyreNm=5 inertia=2.91 limRot=0/0/0 omegaPre=-0.05 posN=0/4/0 susp=-0.0438 springN=210
INFO 2026-07-27 15:24:25.374 joltshadow - docs §70.1: slipdense (player) f=84 w=1 grounded=1 kappa=-0.006 fnGround=318 omega=-0.05 | ftGround=-7N target=0.0 limit=1192Nm motorNm=-5 tyreNm=5 inertia=2.91 limRot=0/0/0 omegaPre=-0.05 posN=0/4/0 susp=-0.0437 springN=210
INFO 2026-07-27 15:24:25.374 joltshadow - docs §70.1: slipdense (player) f=84 w=2 grounded=1 kappa=-0.003 fnGround=649 omega=-0.05 | ftGround=-4N target=0.0 limit=1884Nm motorNm=-2 tyreNm=2 inertia=2.91 limRot=0/-0/0 omegaPre=-0.05 posN=-0/-1/0 susp=-0.0698 springN=545
INFO 2026-07-27 15:24:25.374 joltshadow - docs §70.1: slipdense (player) f=84 w=3 grounded=1 kappa=-0.003 fnGround=652 omega=-0.05 | ftGround=-4N target=0.0 limit=1886Nm motorNm=-2 tyreNm=2 inertia=2.91 limRot=0/-0/0 omegaPre=-0.05 posN=-0/-1/0 susp=-0.0696 springN=545
INFO 2026-07-27 15:24:25.374 joltshadow - docs §78: attdense (player) f=84 joltTilt=0.35 odeTilt=0.02 upDelta=0.34 wBody=(-0.05,0.00,-0.00) |w|=0.05 grounded=4
INFO 2026-07-27 15:24:25.395 joltshadow - docs §70.1: slipdense (player) f=88 w=0 grounded=1 kappa=0.000 fnGround=303 omega=-0.05 | ftGround=0N target=0.0 limit=1192Nm motorNm=1 tyreNm=-0 inertia=2.91 limRot=0/0/0 omegaPre=-0.05 posN=0/-2/0 susp=-0.0402 springN=195
INFO 2026-07-27 15:24:25.396 joltshadow - docs §70.1: slipdense (player) f=88 w=1 grounded=1 kappa=0.000 fnGround=303 omega=-0.05 | ftGround=0N target=0.0 limit=1192Nm motorNm=1 tyreNm=-0 inertia=2.91 limRot=0/0/0 omegaPre=-0.05 posN=0/-2/0 susp=-0.0403 springN=196
INFO 2026-07-27 15:24:25.396 joltshadow - docs §70.1: slipdense (player) f=88 w=2 grounded=1 kappa=0.003 fnGround=668 omega=-0.05 | ftGround=3N target=0.0 limit=1929Nm motorNm=3 tyreNm=-2 inertia=2.91 limRot=0/0/0 omegaPre=-0.05 posN=0/-7/0 susp=-0.0712 springN=561
INFO 2026-07-27 15:24:25.396 joltshadow - docs §70.1: slipdense (player) f=88 w=3 grounded=1 kappa=0.003 fnGround=669 omega=-0.05 | ftGround=3N target=0.0 limit=1933Nm motorNm=3 tyreNm=-2 inertia=2.91 limRot=0/0/0 omegaPre=-0.05 posN=0/-7/0 susp=-0.0712 springN=561
INFO 2026-07-27 15:24:25.396 joltshadow - docs §78: attdense (player) f=88 joltTilt=0.42 odeTilt=0.02 upDelta=0.40 wBody=(-0.05,-0.00,-0.00) |w|=0.05 grounded=4
INFO 2026-07-27 15:24:25.419 joltshadow - docs §70.1: slipdense (player) f=92 w=0 grounded=1 kappa=0.006 fnGround=294 omega=-0.05 | ftGround=6N target=0.0 limit=1192Nm motorNm=5 tyreNm=-5 inertia=2.91 limRot=0/0/0 omegaPre=-0.05 posN=0/-7/0 susp=-0.0369 springN=184
INFO 2026-07-27 15:24:25.419 joltshadow - docs §70.1: slipdense (player) f=92 w=1 grounded=1 kappa=0.006 fnGround=296 omega=-0.05 | ftGround=6N target=0.0 limit=1192Nm motorNm=5 tyreNm=-5 inertia=2.91 limRot=0/0/0 omegaPre=-0.05 posN=0/-7/0 susp=-0.0371 springN=187
INFO 2026-07-27 15:24:25.419 joltshadow - docs §70.1: slipdense (player) f=92 w=2 grounded=1 kappa=0.009 fnGround=685 omega=-0.05 | ftGround=10N target=0.0 limit=1984Nm motorNm=8 tyreNm=-7 inertia=2.91 limRot=0/0/0 omegaPre=-0.05 posN=0/-14/0 susp=-0.0729 springN=578
INFO 2026-07-27 15:24:25.419 joltshadow - docs §70.1: slipdense (player) f=92 w=3 grounded=1 kappa=0.009 fnGround=686 omega=-0.05 | ftGround=10N target=0.0 limit=1982Nm motorNm=8 tyreNm=-7 inertia=2.91 limRot=0/0/0 omegaPre=-0.05 posN=0/-14/0 susp=-0.0731 springN=579
INFO 2026-07-27 15:24:25.419 joltshadow - docs §78: attdense (player) f=92 joltTilt=0.48 odeTilt=0.02 upDelta=0.47 wBody=(-0.05,-0.00,-0.00) |w|=0.05 grounded=4
INFO 2026-07-27 15:24:25.443 joltshadow - docs §70.1: slipdense (player) f=96 w=0 grounded=1 kappa=0.010 fnGround=287 omega=-0.04 | ftGround=8N target=0.0 limit=1192Nm motorNm=7 tyreNm=-6 inertia=2.91 limRot=0/0/0 omegaPre=-0.04 posN=0/-9/0 susp=-0.0343 springN=178
INFO 2026-07-27 15:24:25.443 joltshadow - docs §70.1: slipdense (player) f=96 w=1 grounded=1 kappa=0.010 fnGround=290 omega=-0.04 | ftGround=8N target=0.0 limit=1192Nm motorNm=7 tyreNm=-6 inertia=2.91 limRot=0/0/0 omegaPre=-0.04 posN=0/-9/0 susp=-0.0347 springN=181
INFO 2026-07-27 15:24:25.443 joltshadow - docs §70.1: slipdense (player) f=96 w=2 grounded=1 kappa=0.014 fnGround=701 omega=-0.04 | ftGround=11N target=0.0 limit=2025Nm motorNm=9 tyreNm=-8 inertia=2.91 limRot=0/0/0 omegaPre=-0.04 posN=1/-16/0 susp=-0.0748 springN=594
INFO 2026-07-27 15:24:25.443 joltshadow - docs §70.1: slipdense (player) f=96 w=3 grounded=1 kappa=0.014 fnGround=705 omega=-0.04 | ftGround=11N target=0.0 limit=2039Nm motorNm=9 tyreNm=-8 inertia=2.91 limRot=0/0/0 omegaPre=-0.04 posN=1/-16/0 susp=-0.0752 springN=598
INFO 2026-07-27 15:24:25.443 joltshadow - docs §78: attdense (player) f=96 joltTilt=0.54 odeTilt=0.02 upDelta=0.52 wBody=(-0.04,-0.00,-0.00) |w|=0.04 grounded=4
INFO 2026-07-27 15:24:25.469 joltshadow - docs §70.1: slipdense (player) f=100 w=0 grounded=1 kappa=0.014 fnGround=285 omega=-0.03 | ftGround=16N target=0.0 limit=1192Nm motorNm=12 tyreNm=-11 inertia=2.91 limRot=0/0/0 omegaPre=-0.04 posN=0/-15/0 susp=-0.0323 springN=177
INFO 2026-07-27 15:24:25.469 joltshadow - docs §70.1: slipdense (player) f=100 w=1 grounded=1 kappa=0.014 fnGround=288 omega=-0.03 | ftGround=15N target=0.0 limit=1192Nm motorNm=12 tyreNm=-11 inertia=2.91 limRot=0/0/0 omegaPre=-0.04 posN=0/-15/0 susp=-0.0329 springN=180
INFO 2026-07-27 15:24:25.469 joltshadow - docs §70.1: slipdense (player) f=100 w=2 grounded=1 kappa=0.017 fnGround=719 omega=-0.03 | ftGround=19N target=0.0 limit=2078Nm motorNm=15 tyreNm=-14 inertia=2.91 limRot=0/1/0 omegaPre=-0.04 posN=1/-23/0 susp=-0.0772 springN=612
INFO 2026-07-27 15:24:25.469 joltshadow - docs §70.1: slipdense (player) f=100 w=3 grounded=1 kappa=0.017 fnGround=723 omega=-0.03 | ftGround=19N target=0.0 limit=2089Nm motorNm=14 tyreNm=-14 inertia=2.91 limRot=0/1/0 omegaPre=-0.04 posN=1/-23/0 susp=-0.0777 springN=616
INFO 2026-07-27 15:24:25.469 joltshadow - docs §78: attdense (player) f=100 joltTilt=0.60 odeTilt=0.02 upDelta=0.58 wBody=(-0.03,-0.00,-0.00) |w|=0.03 grounded=4
INFO 2026-07-27 15:24:25.490 joltshadow - docs §70.1: slipdense (player) f=104 w=0 grounded=1 kappa=0.015 fnGround=284 omega=-0.03 | ftGround=16N target=0.0 limit=1192Nm motorNm=13 tyreNm=-12 inertia=2.91 limRot=0/0/0 omegaPre=-0.03 posN=1/-16/0 susp=-0.0312 springN=177
INFO 2026-07-27 15:24:25.490 joltshadow - docs §70.1: slipdense (player) f=104 w=1 grounded=1 kappa=0.015 fnGround=289 omega=-0.03 | ftGround=16N target=0.0 limit=1192Nm motorNm=13 tyreNm=-12 inertia=2.91 limRot=0/0/0 omegaPre=-0.03 posN=1/-16/0 susp=-0.0320 springN=182
INFO 2026-07-27 15:24:25.490 joltshadow - docs §70.1: slipdense (player) f=104 w=2 grounded=1 kappa=0.018 fnGround=730 omega=-0.03 | ftGround=19N target=0.0 limit=2125Nm motorNm=15 tyreNm=-14 inertia=2.91 limRot=0/1/0 omegaPre=-0.03 posN=1/-24/0 susp=-0.0789 springN=624
INFO 2026-07-27 15:24:25.490 joltshadow - docs §70.1: slipdense (player) f=104 w=3 grounded=1 kappa=0.017 fnGround=734 omega=-0.03 | ftGround=19N target=0.0 limit=2131Nm motorNm=15 tyreNm=-14 inertia=2.91 limRot=0/1/0 omegaPre=-0.03 posN=1/-24/0 susp=-0.0796 springN=629
INFO 2026-07-27 15:24:25.490 joltshadow - docs §78: attdense (player) f=104 joltTilt=0.64 odeTilt=0.02 upDelta=0.62 wBody=(-0.03,-0.00,-0.00) |w|=0.03 grounded=4
INFO 2026-07-27 15:24:25.514 joltshadow - docs §70.1: slipdense (player) f=108 w=0 grounded=1 kappa=0.017 fnGround=288 omega=-0.02 | ftGround=16N target=0.0 limit=1192Nm motorNm=12 tyreNm=-12 inertia=2.91 limRot=0/1/0 omegaPre=-0.02 posN=1/-16/0 susp=-0.0307 springN=181
INFO 2026-07-27 15:24:25.514 joltshadow - docs §70.1: slipdense (player) f=108 w=1 grounded=1 kappa=0.017 fnGround=292 omega=-0.02 | ftGround=16N target=0.0 limit=1192Nm motorNm=12 tyreNm=-11 inertia=2.91 limRot=0/1/0 omegaPre=-0.02 posN=1/-16/0 susp=-0.0317 springN=186
INFO 2026-07-27 15:24:25.514 joltshadow - docs §70.1: slipdense (player) f=108 w=2 grounded=1 kappa=0.019 fnGround=744 omega=-0.02 | ftGround=18N target=0.0 limit=2151Nm motorNm=14 tyreNm=-13 inertia=2.91 limRot=0/1/0 omegaPre=-0.02 posN=1/-23/0 susp=-0.0808 springN=636
INFO 2026-07-27 15:24:25.514 joltshadow - docs §70.1: slipdense (player) f=108 w=3 grounded=1 kappa=0.019 fnGround=751 omega=-0.02 | ftGround=18N target=0.0 limit=2172Nm motorNm=14 tyreNm=-13 inertia=2.91 limRot=0/1/0 omegaPre=-0.02 posN=1/-23/0 susp=-0.0818 springN=642
INFO 2026-07-27 15:24:25.514 joltshadow - docs §78: attdense (player) f=108 joltTilt=0.67 odeTilt=0.02 upDelta=0.65 wBody=(-0.02,-0.00,0.00) |w|=0.02 grounded=4
INFO 2026-07-27 15:24:25.539 joltshadow - docs §70.1: slipdense (player) f=112 w=0 grounded=1 kappa=0.019 fnGround=292 omega=-0.01 | ftGround=17N target=0.0 limit=1192Nm motorNm=13 tyreNm=-13 inertia=2.91 limRot=0/1/0 omegaPre=-0.01 posN=1/-17/0 susp=-0.0306 springN=186
INFO 2026-07-27 15:24:25.539 joltshadow - docs §70.1: slipdense (player) f=112 w=1 grounded=1 kappa=0.018 fnGround=301 omega=-0.01 | ftGround=17N target=0.0 limit=1192Nm motorNm=13 tyreNm=-12 inertia=2.91 limRot=0/1/0 omegaPre=-0.01 posN=1/-17/0 susp=-0.0317 springN=192
INFO 2026-07-27 15:24:25.539 joltshadow - docs §70.1: slipdense (player) f=112 w=2 grounded=1 kappa=0.020 fnGround=750 omega=-0.01 | ftGround=19N target=0.0 limit=2180Nm motorNm=14 tyreNm=-13 inertia=2.91 limRot=0/1/0 omegaPre=-0.01 posN=2/-24/0 susp=-0.0825 springN=644
INFO 2026-07-27 15:24:25.539 joltshadow - docs §70.1: slipdense (player) f=112 w=3 grounded=1 kappa=0.020 fnGround=757 omega=-0.01 | ftGround=18N target=0.0 limit=2201Nm motorNm=14 tyreNm=-13 inertia=2.91 limRot=0/1/0 omegaPre=-0.01 posN=2/-24/0 susp=-0.0836 springN=651
INFO 2026-07-27 15:24:25.539 joltshadow - docs §78: attdense (player) f=112 joltTilt=0.69 odeTilt=0.02 upDelta=0.67 wBody=(-0.01,-0.00,0.00) |w|=0.01 grounded=4
INFO 2026-07-27 15:24:25.564 joltshadow - docs §70.1: slipdense (player) f=116 w=0 grounded=1 kappa=0.019 fnGround=300 omega=-0.01 | ftGround=17N target=0.0 limit=1192Nm motorNm=13 tyreNm=-12 inertia=2.91 limRot=0/1/0 omegaPre=-0.01 posN=1/-17/0 susp=-0.0310 springN=193
INFO 2026-07-27 15:24:25.564 joltshadow - docs §70.1: slipdense (player) f=116 w=1 grounded=1 kappa=0.018 fnGround=308 omega=-0.01 | ftGround=17N target=0.0 limit=1192Nm motorNm=13 tyreNm=-12 inertia=2.91 limRot=0/1/0 omegaPre=-0.01 posN=1/-17/0 susp=-0.0323 springN=200
INFO 2026-07-27 15:24:25.564 joltshadow - docs §70.1: slipdense (player) f=116 w=2 grounded=1 kappa=0.020 fnGround=756 omega=-0.01 | ftGround=18N target=0.0 limit=2199Nm motorNm=14 tyreNm=-13 inertia=2.91 limRot=0/1/0 omegaPre=-0.01 posN=2/-23/0 susp=-0.0839 springN=649
INFO 2026-07-27 15:24:25.564 joltshadow - docs §70.1: slipdense (player) f=116 w=3 grounded=1 kappa=0.019 fnGround=763 omega=-0.01 | ftGround=17N target=0.0 limit=2220Nm motorNm=13 tyreNm=-13 inertia=2.91 limRot=0/1/0 omegaPre=-0.01 posN=2/-23/0 susp=-0.0852 springN=656
INFO 2026-07-27 15:24:25.564 joltshadow - docs §78: attdense (player) f=116 joltTilt=0.70 odeTilt=0.02 upDelta=0.69 wBody=(-0.01,-0.00,0.00) |w|=0.01 grounded=4
INFO 2026-07-27 15:24:25.588 joltshadow - docs §70.1: slipdense (player) f=120 w=0 grounded=1 kappa=0.018 fnGround=307 omega=0.00 | ftGround=16N target=0.0 limit=1192Nm motorNm=12 tyreNm=-12 inertia=2.91 limRot=0/1/0 omegaPre=-0.00 posN=1/-16/0 susp=-0.0317 springN=200
INFO 2026-07-27 15:24:25.588 joltshadow - docs §70.1: slipdense (player) f=120 w=1 grounded=1 kappa=0.017 fnGround=315 omega=0.00 | ftGround=16N target=0.0 limit=1192Nm motorNm=12 tyreNm=-11 inertia=2.91 limRot=0/1/0 omegaPre=-0.00 posN=1/-16/0 susp=-0.0331 springN=207
INFO 2026-07-27 15:24:25.589 joltshadow - docs §70.1: slipdense (player) f=120 w=2 grounded=1 kappa=0.018 fnGround=757 omega=0.00 | ftGround=16N target=0.0 limit=2202Nm motorNm=12 tyreNm=-12 inertia=2.91 limRot=0/1/0 omegaPre=-0.00 posN=2/-22/0 susp=-0.0849 springN=649
INFO 2026-07-27 15:24:25.589 joltshadow - docs §70.1: slipdense (player) f=120 w=3 grounded=1 kappa=0.017 fnGround=765 omega=0.00 | ftGround=16N target=0.0 limit=2224Nm motorNm=12 tyreNm=-11 inertia=2.91 limRot=0/1/0 omegaPre=-0.00 posN=2/-21/0 susp=-0.0862 springN=657
INFO 2026-07-27 15:24:25.589 joltshadow - docs §78: attdense (player) f=120 joltTilt=0.71 odeTilt=0.02 upDelta=0.69 wBody=(0.00,-0.00,0.00) |w|=0.00 grounded=4
INFO 2026-07-27 15:24:25.589 joltshadow - Shadow divergence (player): pos=1.611m vel=0.030m/s angle=0.7deg (jolt com=[4668.6 259.2 1252.1] ode com=[4668.5 257.7 1251.5])
INFO 2026-07-27 15:24:25.589 joltshadow - docs §23.6: driver input (player) realThrottle=10.00 brake=0.01 handBrake=1 steerRad=0.000
INFO 2026-07-27 15:24:25.589 joltshadow - docs §32: Jolt SHADOW chassis pitch (player) forward=(-0.222, 0.012, -0.975)
INFO 2026-07-27 15:24:25.589 joltshadow - docs §69: tilt (player) jolt=0.7 deg ode=0.0 deg delta=+0.7 deg upDelta=0.69 deg
INFO 2026-07-27 15:24:25.589 joltshadow - docs §32.4: Jolt SHADOW chassis lowest corner (player) = (4667.87,259.03,1255.71) clearanceToGround=1.026
INFO 2026-07-27 15:24:25.589 joltshadow - docs §23.5: wheel state (player) wheel=0 contact=0 suspLen=1.050 (range 0.050-1.050, 0% compressed) angVel=0.00
INFO 2026-07-27 15:24:25.589 joltshadow - docs §38.11: wheel=0 NO contact, worldAxle=(0.975,0.001,-0.222)
INFO 2026-07-27 15:24:25.589 joltshadow - docs §32: no-contact raycast (player) wheel=0 bodyPos=(4668.45,259.14,1251.50) localMPos=(-1.367,-0.436,2.663) origin=(4669.19,258.74,1248.60) dir=(-0.002,-1.000,-0.012) normalRayLen=1.777 groundFoundAt=0.000 shortfallBeyondTravel=-1.777 hitBody=8391036 hitLayer=4 hitMotion=2 hitIsSelfChassis=0
INFO 2026-07-27 15:24:25.589 joltshadow - docs §23.5: wheel state (player) wheel=1 contact=0 suspLen=1.050 (range 0.050-1.050, 0% compressed) angVel=0.00
INFO 2026-07-27 15:24:25.589 joltshadow - docs §38.11: wheel=1 NO contact, worldAxle=(0.975,0.001,-0.222)
INFO 2026-07-27 15:24:25.589 joltshadow - docs §32: no-contact raycast (player) wheel=1 bodyPos=(4668.45,259.14,1251.50) localMPos=(1.369,-0.436,2.663) origin=(4666.53,258.74,1249.21) dir=(-0.002,-1.000,-0.012) normalRayLen=1.777 groundFoundAt=0.000 shortfallBeyondTravel=-1.777 hitBody=8391037 hitLayer=4 hitMotion=2 hitIsSelfChassis=0
INFO 2026-07-27 15:24:25.589 joltshadow - docs §23.5: wheel state (player) wheel=2 contact=0 suspLen=1.050 (range 0.050-1.050, 0% compressed) angVel=0.00
INFO 2026-07-27 15:24:25.589 joltshadow - docs §38.11: wheel=2 NO contact, worldAxle=(0.975,0.001,-0.222)
INFO 2026-07-27 15:24:25.589 joltshadow - docs §32: no-contact raycast (player) wheel=2 bodyPos=(4668.45,259.14,1251.50) localMPos=(-1.367,-0.436,-1.944) origin=(4670.22,258.69,1253.09) dir=(-0.002,-1.000,-0.012) normalRayLen=1.777 groundFoundAt=0.000 shortfallBeyondTravel=-1.777 hitBody=8391038 hitLayer=4 hitMotion=2 hitIsSelfChassis=0
INFO 2026-07-27 15:24:25.589 joltshadow - docs §23.5: wheel state (player) wheel=3 contact=0 suspLen=1.050 (range 0.050-1.050, 0% compressed) angVel=0.00
INFO 2026-07-27 15:24:25.589 joltshadow - docs §38.11: wheel=3 NO contact, worldAxle=(0.975,0.001,-0.222)
INFO 2026-07-27 15:24:25.589 joltshadow - docs §32: no-contact raycast (player) wheel=3 bodyPos=(4668.45,259.14,1251.50) localMPos=(1.369,-0.436,-1.944) origin=(4667.55,258.68,1253.70) dir=(-0.002,-1.000,-0.012) normalRayLen=1.777 groundFoundAt=0.000 shortfallBeyondTravel=-1.777 hitBody=8391039 hitLayer=4 hitMotion=2 hitIsSelfChassis=0
INFO 2026-07-27 15:24:25.589 joltshadow - docs §59/63: harvest (player) wheelsWithContact=4 contactPoints=8 overflow=0 (of 4) | maxNormalF=765N bound(k_t*tau)=1229N ratio=0.62
INFO 2026-07-27 15:24:25.589 joltshadow - docs §58: wheel body (player) w=0 springF=200N stopF=0N travel=-0.0317 (limits -0.5000..0.5000 rel spawn) kSusp=6000 sagPredicted=0.0334 | frameTrav=-0.0317..-0.0316 frameStopN=0
INFO 2026-07-27 15:24:25.589 joltshadow - docs §66: tyre band (player) w=0 fnGround=307N fnTotal=308N pen=0.00252 penRaw=0.00252 tau=0.01024 pen/tau=0.25 | recs tyre=1 rim=1 survived=1 stale=0 distMax=1.00R
INFO 2026-07-27 15:24:25.589 joltshadow - docs §68: steer (player) w=0 steerable=1 commanded=0.000 rad measured=-0.000 rad err=-0.00 deg steerSign=-1 steerTq=-0Nm cap=1192Nm sat=0.00
INFO 2026-07-27 15:24:25.589 joltshadow - docs §70: slip (player) w=0 grounded=1 kappa=0.018 fnGround=307N omega=0.00
INFO 2026-07-27 15:24:25.590 joltshadow - docs §67: spin (player) w=0 driven=1 omega=0.00 rad/s surfaceSpeed=0.00 m/s spinSign=+1 motorTq=12Nm cmdTq=1192Nm
INFO 2026-07-27 15:24:25.590 joltshadow - docs §58: wheel body (player) w=1 springF=207N stopF=0N travel=-0.0331 (limits -0.5000..0.5000 rel spawn) kSusp=6000 sagPredicted=0.0345 | frameTrav=-0.0331..-0.0330 frameStopN=0
INFO 2026-07-27 15:24:25.590 joltshadow - docs §66: tyre band (player) w=1 fnGround=315N fnTotal=315N pen=0.00258 penRaw=0.00258 tau=0.01024 pen/tau=0.25 | recs tyre=1 rim=1 survived=1 stale=0 distMax=1.00R
INFO 2026-07-27 15:24:25.590 joltshadow - docs §68: steer (player) w=1 steerable=1 commanded=0.000 rad measured=-0.000 rad err=-0.00 deg steerSign=-1 steerTq=-0Nm cap=1192Nm sat=0.00
INFO 2026-07-27 15:24:25.590 joltshadow - docs §70: slip (player) w=1 grounded=1 kappa=0.017 fnGround=315N omega=0.00
INFO 2026-07-27 15:24:25.590 joltshadow - docs §67: spin (player) w=1 driven=1 omega=0.00 rad/s surfaceSpeed=0.00 m/s spinSign=+1 motorTq=12Nm cmdTq=1192Nm
INFO 2026-07-27 15:24:25.590 joltshadow - docs §58: wheel body (player) w=2 springF=649N stopF=0N travel=-0.0849 (limits -0.5000..0.5000 rel spawn) kSusp=7500 sagPredicted=0.0866 | frameTrav=-0.0849..-0.0848 frameStopN=0
INFO 2026-07-27 15:24:25.590 joltshadow - docs §66: tyre band (player) w=2 fnGround=757N fnTotal=757N pen=0.00627 penRaw=0.00627 tau=0.01024 pen/tau=0.61 | recs tyre=1 rim=1 survived=1 stale=0 distMax=0.99R
INFO 2026-07-27 15:24:25.590 joltshadow - docs §68: steer (player) w=2 steerable=0 commanded=0.000 rad measured=-0.000 rad err=-0.00 deg steerSign=-1 steerTq=0Nm cap=340282346638528859811704183484516925440Nm sat=0.00
INFO 2026-07-27 15:24:25.590 joltshadow - docs §70: slip (player) w=2 grounded=1 kappa=0.018 fnGround=757N omega=0.00
INFO 2026-07-27 15:24:25.590 joltshadow - docs §67: spin (player) w=2 driven=1 omega=0.00 rad/s surfaceSpeed=0.00 m/s spinSign=+1 motorTq=12Nm cmdTq=2202Nm
INFO 2026-07-27 15:24:25.590 joltshadow - docs §58: wheel body (player) w=3 springF=657N stopF=0N travel=-0.0862 (limits -0.5000..0.5000 rel spawn) kSusp=7500 sagPredicted=0.0876 | frameTrav=-0.0862..-0.0862 frameStopN=0
INFO 2026-07-27 15:24:25.590 joltshadow - docs §66: tyre band (player) w=3 fnGround=765N fnTotal=765N pen=0.00633 penRaw=0.00633 tau=0.01024 pen/tau=0.62 | recs tyre=1 rim=1 survived=1 stale=0 distMax=0.99R
INFO 2026-07-27 15:24:25.590 joltshadow - docs §68: steer (player) w=3 steerable=0 commanded=0.000 rad measured=-0.000 rad err=-0.00 deg steerSign=-1 steerTq=0Nm cap=340282346638528859811704183484516925440Nm sat=0.00
INFO 2026-07-27 15:24:25.590 joltshadow - docs §70: slip (player) w=3 grounded=1 kappa=0.017 fnGround=765N omega=0.00
INFO 2026-07-27 15:24:25.590 joltshadow - docs §67: spin (player) w=3 driven=1 omega=0.00 rad/s surfaceSpeed=0.00 m/s spinSign=+1 motorTq=12Nm cmdTq=2224Nm
INFO 2026-07-27 15:24:25.590 joltshadow - docs §67: drivetrain (player) gear=0 rpm=0 driveTorque=2880Nm perWheel=720Nm driven=4 throttle=1.00 spin=1 | PRE-STEP brake=0.01 handBrake=1
INFO 2026-07-27 15:24:25.590 joltshadow - docs §66: tyre band SUM (player) fnGroundSum=2144N fnTotalSum=2145N weight=1638N carried=1.31 | penSum=0.01770 recs tyre=4 rim=4 stale=0
INFO 2026-07-27 15:24:25.590 joltshadow - docs §30: REAL ODE chassis COM (player) body=53396828 = (4668.453, 257.737, 1251.491) forward=(-0.223, 0.000, -0.975)
INFO 2026-07-27 15:24:25.590 joltshadow - docs §33: real ODE chassis geom (player) #1 = class 0 (not a transform) pos=(4668.453,257.737,1251.491) radius=4.000
INFO 2026-07-27 15:24:25.591 joltshadow - docs §33: real ODE chassis geom (player) #2 = transform, inner class=1 pos=(0.000,3.010,-1.827)
INFO 2026-07-27 15:24:25.591 joltshadow - docs §33: real ODE chassis geom (player) #3 = transform, inner class=1 pos=(0.013,2.455,4.253)
INFO 2026-07-27 15:24:25.591 joltshadow - docs §33: real ODE chassis geom (player) #4 = transform, inner class=1 pos=(0.000,2.778,2.038)
INFO 2026-07-27 15:24:25.591 joltshadow - docs §33: real ODE chassis geom (player) #5 = transform, inner class=1 pos=(0.000,1.675,0.000)
INFO 2026-07-27 15:24:25.591 joltshadow - docs §33: real ODE chassis geom (player) #6 = class 0 (not a transform) pos=(4668.453,257.737,1251.491) radius=30.000
INFO 2026-07-27 15:24:25.591 joltshadow - docs §33: real ODE chassis geom (player) #7 = class 0 (not a transform) pos=(4668.453,257.737,1251.491) radius=8.161
INFO 2026-07-27 15:24:25.591 joltshadow - docs §33: real ODE chassis geom (player) #8 = class 0 (not a transform) pos=(4668.453,257.737,1251.491) radius=200.000
INFO 2026-07-27 15:24:25.591 joltshadow - docs §33: real ODE chassis (player) has 8 total geom(s) directly attached (4 transform(s)) - compare against BuildChassisCompoundShape's own part/geom count in the build log
INFO 2026-07-27 15:24:25.591 joltshadow - docs §28: REAL ODE wheel state (player) wheel=0 displacement=0.0157 range=1.000 (2% compressed, signed) foreAft=2.663 localZ=2.663 cfm=0.002500 erp=0.2500
INFO 2026-07-27 15:24:25.591 joltshadow - docs §28: REAL ODE wheel state (player) wheel=1 displacement=0.0157 range=1.000 (2% compressed, signed) foreAft=2.663 localZ=2.663 cfm=0.002500 erp=0.2500
INFO 2026-07-27 15:24:25.591 joltshadow - docs §28: REAL ODE wheel state (player) wheel=2 displacement=0.0172 range=1.000 (2% compressed, signed) foreAft=-1.943 localZ=-1.944 cfm=0.002000 erp=0.2500
INFO 2026-07-27 15:24:25.591 joltshadow - docs §28: REAL ODE wheel state (player) wheel=3 displacement=0.0172 range=1.000 (2% compressed, signed) foreAft=-1.944 localZ=-1.944 cfm=0.002000 erp=0.2500
INFO 2026-07-27 15:24:25.616 joltshadow - docs §70.1: slipdense (player) f=124 w=0 grounded=1 kappa=0.016 fnGround=314 omega=0.01 | ftGround=14N target=0.0 limit=1192Nm motorNm=11 tyreNm=-10 inertia=2.91 limRot=0/1/0 omegaPre=0.01 posN=1/-15/0 susp=-0.0327 springN=208
INFO 2026-07-27 15:24:25.616 joltshadow - docs §70.1: slipdense (player) f=124 w=1 grounded=1 kappa=0.015 fnGround=321 omega=0.01 | ftGround=14N target=0.0 limit=1192Nm motorNm=11 tyreNm=-10 inertia=2.91 limRot=0/1/0 omegaPre=0.01 posN=1/-14/0 susp=-0.0341 springN=215
INFO 2026-07-27 15:24:25.616 joltshadow - docs §70.1: slipdense (player) f=124 w=2 grounded=1 kappa=0.015 fnGround=755 omega=0.01 | ftGround=14N target=0.0 limit=2199Nm motorNm=11 tyreNm=-10 inertia=2.91 limRot=0/1/0 omegaPre=0.01 posN=2/-20/0 susp=-0.0855 springN=646
INFO 2026-07-27 15:24:25.616 joltshadow - docs §70.1: slipdense (player) f=124 w=3 grounded=1 kappa=0.015 fnGround=763 omega=0.01 | ftGround=13N target=0.0 limit=2221Nm motorNm=10 tyreNm=-10 inertia=2.91 limRot=0/1/0 omegaPre=0.01 posN=2/-19/0 susp=-0.0869 springN=654
INFO 2026-07-27 15:24:25.616 joltshadow - docs §78: attdense (player) f=124 joltTilt=0.70 odeTilt=0.02 upDelta=0.68 wBody=(0.01,-0.00,0.00) |w|=0.01 grounded=4
INFO 2026-07-27 15:24:25.637 joltshadow - docs §70.1: slipdense (player) f=128 w=0 grounded=1 kappa=0.013 fnGround=321 omega=0.01 | ftGround=14N target=0.0 limit=1192Nm motorNm=11 tyreNm=-10 inertia=2.91 limRot=0/1/0 omegaPre=0.01 posN=1/-15/0 susp=-0.0335 springN=214
INFO 2026-07-27 15:24:25.637 joltshadow - docs §70.1: slipdense (player) f=128 w=1 grounded=1 kappa=0.012 fnGround=326 omega=0.01 | ftGround=13N target=0.0 limit=1192Nm motorNm=10 tyreNm=-10 inertia=2.91 limRot=0/1/0 omegaPre=0.01 posN=1/-14/0 susp=-0.0350 springN=220
INFO 2026-07-27 15:24:25.637 joltshadow - docs §70.1: slipdense (player) f=128 w=2 grounded=1 kappa=0.012 fnGround=752 omega=0.01 | ftGround=13N target=0.0 limit=2191Nm motorNm=10 tyreNm=-9 inertia=2.91 limRot=0/1/0 omegaPre=0.01 posN=2/-19/0 susp=-0.0855 springN=642
INFO 2026-07-27 15:24:25.637 joltshadow - docs §70.1: slipdense (player) f=128 w=3 grounded=1 kappa=0.011 fnGround=759 omega=0.01 | ftGround=12N target=0.0 limit=2212Nm motorNm=9 tyreNm=-9 inertia=2.91 limRot=0/1/0 omegaPre=0.01 posN=2/-18/0 susp=-0.0869 springN=649
INFO 2026-07-27 15:24:25.637 joltshadow - docs §78: attdense (player) f=128 joltTilt=0.69 odeTilt=0.02 upDelta=0.67 wBody=(0.01,-0.00,0.00) |w|=0.01 grounded=4
INFO 2026-07-27 15:24:25.658 joltshadow - docs §70.1: slipdense (player) f=132 w=0 grounded=1 kappa=0.011 fnGround=327 omega=0.01 | ftGround=12N target=0.0 limit=1192Nm motorNm=9 tyreNm=-9 inertia=2.91 limRot=0/1/0 omegaPre=0.01 posN=1/-13/0 susp=-0.0344 springN=219
INFO 2026-07-27 15:24:25.658 joltshadow - docs §70.1: slipdense (player) f=132 w=1 grounded=1 kappa=0.010 fnGround=332 omega=0.01 | ftGround=11N target=0.0 limit=1192Nm motorNm=8 tyreNm=-8 inertia=2.91 limRot=0/1/0 omegaPre=0.01 posN=1/-12/0 susp=-0.0358 springN=225
INFO 2026-07-27 15:24:25.658 joltshadow - docs §70.1: slipdense (player) f=132 w=2 grounded=1 kappa=0.010 fnGround=747 omega=0.01 | ftGround=10N target=0.0 limit=2177Nm motorNm=8 tyreNm=-8 inertia=2.91 limRot=0/1/0 omegaPre=0.01 posN=2/-16/0 susp=-0.0853 springN=636
INFO 2026-07-27 15:24:25.658 joltshadow - docs §70.1: slipdense (player) f=132 w=3 grounded=1 kappa=0.009 fnGround=754 omega=0.01 | ftGround=10N target=0.0 limit=2198Nm motorNm=7 tyreNm=-7 inertia=2.91 limRot=0/1/0 omegaPre=0.01 posN=2/-16/0 susp=-0.0867 springN=643
INFO 2026-07-27 15:24:25.658 joltshadow - docs §78: attdense (player) f=132 joltTilt=0.68 odeTilt=0.02 upDelta=0.66 wBody=(0.01,-0.00,0.00) |w|=0.01 grounded=4
INFO 2026-07-27 15:24:25.681 joltshadow - docs §70.1: slipdense (player) f=136 w=0 grounded=1 kappa=0.009 fnGround=331 omega=0.02 | ftGround=10N target=0.0 limit=1192Nm motorNm=8 tyreNm=-7 inertia=2.91 limRot=0/1/0 omegaPre=0.02 posN=1/-11/0 susp=-0.0353 springN=224
INFO 2026-07-27 15:24:25.682 joltshadow - docs §70.1: slipdense (player) f=136 w=1 grounded=1 kappa=0.009 fnGround=336 omega=0.02 | ftGround=9N target=0.0 limit=1192Nm motorNm=7 tyreNm=-7 inertia=2.91 limRot=0/1/0 omegaPre=0.02 posN=1/-11/0 susp=-0.0367 springN=229
INFO 2026-07-27 15:24:25.682 joltshadow - docs §70.1: slipdense (player) f=136 w=2 grounded=1 kappa=0.008 fnGround=736 omega=0.02 | ftGround=9N target=0.0 limit=2139Nm motorNm=6 tyreNm=-6 inertia=2.91 limRot=0/1/0 omegaPre=0.02 posN=2/-14/0 susp=-0.0847 springN=627
INFO 2026-07-27 15:24:25.682 joltshadow - docs §70.1: slipdense (player) f=136 w=3 grounded=1 kappa=0.007 fnGround=740 omega=0.02 | ftGround=8N target=0.0 limit=2158Nm motorNm=6 tyreNm=-6 inertia=2.91 limRot=0/1/0 omegaPre=0.02 posN=2/-14/0 susp=-0.0861 springN=633
INFO 2026-07-27 15:24:25.682 joltshadow - docs §78: attdense (player) f=136 joltTilt=0.66 odeTilt=0.02 upDelta=0.64 wBody=(0.02,-0.00,0.00) |w|=0.02 grounded=4
INFO 2026-07-27 15:24:25.704 joltshadow - docs §70.1: slipdense (player) f=140 w=0 grounded=1 kappa=0.007 fnGround=338 omega=0.02 | ftGround=7N target=0.0 limit=1192Nm motorNm=5 tyreNm=-5 inertia=2.91 limRot=0/1/0 omegaPre=0.02 posN=1/-8/0 susp=-0.0362 springN=228
INFO 2026-07-27 15:24:25.704 joltshadow - docs §70.1: slipdense (player) f=140 w=1 grounded=1 kappa=0.007 fnGround=340 omega=0.02 | ftGround=6N target=0.0 limit=1192Nm motorNm=5 tyreNm=-4 inertia=2.91 limRot=0/1/0 omegaPre=0.02 posN=1/-8/0 susp=-0.0375 springN=233
INFO 2026-07-27 15:24:25.704 joltshadow - docs §70.1: slipdense (player) f=140 w=2 grounded=1 kappa=0.006 fnGround=724 omega=0.02 | ftGround=5N target=0.0 limit=2120Nm motorNm=4 tyreNm=-4 inertia=2.91 limRot=0/1/0 omegaPre=0.02 posN=2/-11/0 susp=-0.0840 springN=617
INFO 2026-07-27 15:24:25.704 joltshadow - docs §70.1: slipdense (player) f=140 w=3 grounded=1 kappa=0.005 fnGround=730 omega=0.02 | ftGround=5N target=0.0 limit=2140Nm motorNm=4 tyreNm=-4 inertia=2.91 limRot=0/1/0 omegaPre=0.02 posN=2/-11/0 susp=-0.0852 springN=623
INFO 2026-07-27 15:24:25.704 joltshadow - docs §78: attdense (player) f=140 joltTilt=0.63 odeTilt=0.02 upDelta=0.62 wBody=(0.02,-0.00,0.00) |w|=0.02 grounded=4
INFO 2026-07-27 15:24:25.728 joltshadow - docs §70.1: slipdense (player) f=144 w=0 grounded=1 kappa=0.006 fnGround=340 omega=0.02 | ftGround=5N target=0.0 limit=1192Nm motorNm=4 tyreNm=-4 inertia=2.91 limRot=0/0/0 omegaPre=0.02 posN=1/-7/0 susp=-0.0371 springN=233
INFO 2026-07-27 15:24:25.728 joltshadow - docs §70.1: slipdense (player) f=144 w=1 grounded=1 kappa=0.005 fnGround=347 omega=0.02 | ftGround=5N target=0.0 limit=1192Nm motorNm=3 tyreNm=-3 inertia=2.91 limRot=0/0/0 omegaPre=0.02 posN=1/-6/0 susp=-0.0382 springN=236
INFO 2026-07-27 15:24:25.728 joltshadow - docs §70.1: slipdense (player) f=144 w=2 grounded=1 kappa=0.004 fnGround=714 omega=0.02 | ftGround=4N target=0.0 limit=2085Nm motorNm=3 tyreNm=-3 inertia=2.91 limRot=0/1/0 omegaPre=0.02 posN=1/-9/0 susp=-0.0830 springN=606
INFO 2026-07-27 15:24:25.728 joltshadow - docs §70.1: slipdense (player) f=144 w=3 grounded=1 kappa=0.003 fnGround=717 omega=0.02 | ftGround=3N target=0.0 limit=2096Nm motorNm=2 tyreNm=-2 inertia=2.91 limRot=0/1/0 omegaPre=0.02 posN=1/-9/0 susp=-0.0841 springN=610
INFO 2026-07-27 15:24:25.728 joltshadow - docs §78: attdense (player) f=144 joltTilt=0.61 odeTilt=0.02 upDelta=0.59 wBody=(0.02,-0.00,0.00) |w|=0.02 grounded=4
INFO 2026-07-27 15:24:25.735 joltshadow - docs §82: resync (player) #2 dt=0.51s upMax=0.689 deg posMax=0.016 m odeTiltPath=0.000 deg gain=-1.0000
INFO 2026-07-27 15:24:25.735 joltshadow - docs §87: resync landing (player) w=0 pre=-0.0028 post=-0.0095 m R=0.727 dY=-0.0049 dRotDeg=0.58 |corr|=0.0134 m
INFO 2026-07-27 15:24:25.735 joltshadow - docs §87: resync landing (player) w=1 pre=-0.0028 post=-0.0090 m R=0.727 dY=-0.0049 dRotDeg=0.58 |corr|=0.0134 m
INFO 2026-07-27 15:24:25.735 joltshadow - docs §87: resync landing (player) w=2 pre=-0.0059 post=-0.0096 m R=0.727 dY=-0.0049 dRotDeg=0.58 |corr|=0.0134 m
INFO 2026-07-27 15:24:25.735 joltshadow - docs §87: resync landing (player) w=3 pre=-0.0060 post=-0.0092 m R=0.727 dY=-0.0049 dRotDeg=0.58 |corr|=0.0134 m
INFO 2026-07-27 15:24:25.735 joltshadow - docs §82: resync RESIDUAL (player) #2 pos=0.0000 m up=0.0198 deg
INFO 2026-07-27 15:24:25.754 joltshadow - docs §70.1: slipdense (player) f=148 w=0 grounded=1 kappa=-0.031 fnGround=386 omega=-0.02 | ftGround=-28N target=0.0 limit=1575Nm motorNm=-23 tyreNm=20 inertia=2.91 limRot=0/-1/0 omegaPre=-0.01 posN=-1/26/0 susp=-0.0671 springN=435
INFO 2026-07-27 15:24:25.754 joltshadow - docs §70.1: slipdense (player) f=148 w=1 grounded=1 kappa=-0.031 fnGround=394 omega=-0.02 | ftGround=-28N target=0.0 limit=1564Nm motorNm=-23 tyreNm=20 inertia=2.91 limRot=0/-1/0 omegaPre=-0.01 posN=-1/26/0 susp=-0.0667 springN=428
INFO 2026-07-27 15:24:25.754 joltshadow - docs §70.1: slipdense (player) f=148 w=2 grounded=1 kappa=-0.031 fnGround=548 omega=-0.02 | ftGround=-28N target=0.0 limit=1937Nm motorNm=-23 tyreNm=20 inertia=2.91 limRot=0/-1/-0 omegaPre=-0.01 posN=-1/26/0 susp=-0.0687 springN=573
INFO 2026-07-27 15:24:25.754 joltshadow - docs §70.1: slipdense (player) f=148 w=3 grounded=1 kappa=-0.031 fnGround=553 omega=-0.02 | ftGround=-28N target=0.0 limit=1911Nm motorNm=-23 tyreNm=20 inertia=2.91 limRot=0/-1/-0 omegaPre=-0.01 posN=-1/26/0 susp=-0.0682 springN=564
INFO 2026-07-27 15:24:25.754 joltshadow - docs §78: attdense (player) f=148 joltTilt=0.03 odeTilt=0.02 upDelta=0.02 wBody=(-0.02,0.00,-0.00) |w|=0.02 grounded=4
INFO 2026-07-27 15:24:25.780 joltshadow - docs §70.1: slipdense (player) f=152 w=0 grounded=1 kappa=-0.041 fnGround=432 omega=-0.04 | ftGround=-37N target=0.0 limit=1205Nm motorNm=-29 tyreNm=27 inertia=2.91 limRot=0/-0/0 omegaPre=-0.03 posN=-0/32/0 susp=-0.0647 springN=335
INFO 2026-07-27 15:24:25.780 joltshadow - docs §70.1: slipdense (player) f=152 w=1 grounded=1 kappa=-0.041 fnGround=428 omega=-0.04 | ftGround=-37N target=0.0 limit=1210Nm motorNm=-28 tyreNm=27 inertia=2.91 limRot=0/-0/0 omegaPre=-0.03 posN=-0/31/0 susp=-0.0642 springN=334
INFO 2026-07-27 15:24:25.780 joltshadow - docs §70.1: slipdense (player) f=152 w=2 grounded=1 kappa=-0.040 fnGround=611 omega=-0.04 | ftGround=-37N target=0.0 limit=1713Nm motorNm=-28 tyreNm=27 inertia=2.91 limRot=0/-1/-0 omegaPre=-0.03 posN=-1/31/0 susp=-0.0694 springN=514
INFO 2026-07-27 15:24:25.780 joltshadow - docs §70.1: slipdense (player) f=152 w=3 grounded=1 kappa=-0.040 fnGround=609 omega=-0.04 | ftGround=-37N target=0.0 limit=1712Nm motorNm=-28 tyreNm=27 inertia=2.91 limRot=0/-1/-0 omegaPre=-0.03 posN=-1/31/0 susp=-0.0689 springN=511
INFO 2026-07-27 15:24:25.780 joltshadow - docs §78: attdense (player) f=152 joltTilt=0.07 odeTilt=0.02 upDelta=0.06 wBody=(-0.04,0.00,-0.00) |w|=0.04 grounded=4
INFO 2026-07-27 15:24:25.805 joltshadow - docs §70.1: slipdense (player) f=156 w=0 grounded=1 kappa=-0.034 fnGround=411 omega=-0.05 | ftGround=-31N target=0.0 limit=1230Nm motorNm=-24 tyreNm=23 inertia=2.91 limRot=0/-0/0 omegaPre=-0.04 posN=-0/26/0 susp=-0.0598 springN=299
INFO 2026-07-27 15:24:25.805 joltshadow - docs §70.1: slipdense (player) f=156 w=1 grounded=1 kappa=-0.034 fnGround=408 omega=-0.05 | ftGround=-31N target=0.0 limit=1217Nm motorNm=-24 tyreNm=23 inertia=2.91 limRot=0/-0/0 omegaPre=-0.04 posN=-0/26/0 susp=-0.0594 springN=297
INFO 2026-07-27 15:24:25.805 joltshadow - docs §70.1: slipdense (player) f=156 w=2 grounded=1 kappa=-0.033 fnGround=628 omega=-0.05 | ftGround=-31N target=0.0 limit=1839Nm motorNm=-23 tyreNm=22 inertia=2.91 limRot=0/-0/-0 omegaPre=-0.04 posN=-0/24/0 susp=-0.0692 springN=519
INFO 2026-07-27 15:24:25.805 joltshadow - docs §70.1: slipdense (player) f=156 w=3 grounded=1 kappa=-0.033 fnGround=624 omega=-0.05 | ftGround=-30N target=0.0 limit=1821Nm motorNm=-23 tyreNm=22 inertia=2.91 limRot=0/-0/-0 omegaPre=-0.04 posN=-0/24/0 susp=-0.0687 springN=516
INFO 2026-07-27 15:24:25.805 joltshadow - docs §78: attdense (player) f=156 joltTilt=0.13 odeTilt=0.02 upDelta=0.12 wBody=(-0.05,0.00,-0.00) |w|=0.05 grounded=4
INFO 2026-07-27 15:24:25.829 joltshadow - docs §70.1: slipdense (player) f=160 w=0 grounded=1 kappa=-0.025 fnGround=372 omega=-0.05 | ftGround=-27N target=0.0 limit=1192Nm motorNm=-20 tyreNm=19 inertia=2.91 limRot=0/-0/0 omegaPre=-0.05 posN=-0/22/0 susp=-0.0551 springN=266
INFO 2026-07-27 15:24:25.829 joltshadow - docs §70.1: slipdense (player) f=160 w=1 grounded=1 kappa=-0.024 fnGround=370 omega=-0.05 | ftGround=-27N target=0.0 limit=1192Nm motorNm=-20 tyreNm=19 inertia=2.91 limRot=0/-0/0 omegaPre=-0.05 posN=-0/21/0 susp=-0.0547 springN=264
INFO 2026-07-27 15:24:25.829 joltshadow - docs §70.1: slipdense (player) f=160 w=2 grounded=1 kappa=-0.023 fnGround=630 omega=-0.05 | ftGround=-25N target=0.0 limit=1830Nm motorNm=-19 tyreNm=18 inertia=2.91 limRot=0/-0/-0 omegaPre=-0.05 posN=-0/19/0 susp=-0.0694 springN=525
INFO 2026-07-27 15:24:25.829 joltshadow - docs §70.1: slipdense (player) f=160 w=3 grounded=1 kappa=-0.023 fnGround=627 omega=-0.05 | ftGround=-25N target=0.0 limit=1822Nm motorNm=-19 tyreNm=18 inertia=2.91 limRot=0/-0/-0 omegaPre=-0.05 posN=-0/19/0 susp=-0.0690 springN=522
INFO 2026-07-27 15:24:25.829 joltshadow - docs §78: attdense (player) f=160 joltTilt=0.20 odeTilt=0.02 upDelta=0.18 wBody=(-0.05,0.00,-0.00) |w|=0.05 grounded=4
INFO 2026-07-27 15:24:25.851 joltshadow - docs §70.1: slipdense (player) f=164 w=0 grounded=1 kappa=-0.015 fnGround=343 omega=-0.06 | ftGround=-17N target=0.0 limit=1192Nm motorNm=-12 tyreNm=12 inertia=2.91 limRot=0/-0/0 omegaPre=-0.05 posN=-0/13/0 susp=-0.0501 springN=237
INFO 2026-07-27 15:24:25.851 joltshadow - docs §70.1: slipdense (player) f=164 w=1 grounded=1 kappa=-0.015 fnGround=341 omega=-0.06 | ftGround=-17N target=0.0 limit=1192Nm motorNm=-12 tyreNm=12 inertia=2.91 limRot=0/-0/0 omegaPre=-0.05 posN=-0/13/0 susp=-0.0498 springN=235
INFO 2026-07-27 15:24:25.851 joltshadow - docs §70.1: slipdense (player) f=164 w=2 grounded=1 kappa=-0.013 fnGround=640 omega=-0.06 | ftGround=-15N target=0.0 limit=1861Nm motorNm=-11 tyreNm=10 inertia=2.91 limRot=0/-0/-0 omegaPre=-0.05 posN=-0/9/0 susp=-0.0698 springN=534
INFO 2026-07-27 15:24:25.852 joltshadow - docs §70.1: slipdense (player) f=164 w=3 grounded=1 kappa=-0.013 fnGround=637 omega=-0.06 | ftGround=-15N target=0.0 limit=1852Nm motorNm=-11 tyreNm=10 inertia=2.91 limRot=0/-0/-0 omegaPre=-0.05 posN=-0/9/0 susp=-0.0696 springN=532
INFO 2026-07-27 15:24:25.852 joltshadow - docs §78: attdense (player) f=164 joltTilt=0.27 odeTilt=0.02 upDelta=0.25 wBody=(-0.06,0.00,-0.00) |w|=0.06 grounded=4
INFO 2026-07-27 15:24:25.875 joltshadow - docs §70.1: slipdense (player) f=168 w=0 grounded=1 kappa=-0.007 fnGround=317 omega=-0.06 | ftGround=-7N target=0.0 limit=1192Nm motorNm=-5 tyreNm=5 inertia=2.91 limRot=0/-0/0 omegaPre=-0.06 posN=-0/4/0 susp=-0.0451 springN=211
INFO 2026-07-27 15:24:25.875 joltshadow - docs §70.1: slipdense (player) f=168 w=1 grounded=1 kappa=-0.007 fnGround=316 omega=-0.06 | ftGround=-7N target=0.0 limit=1192Nm motorNm=-5 tyreNm=5 inertia=2.91 limRot=0/-0/0 omegaPre=-0.06 posN=-0/4/0 susp=-0.0450 springN=211
INFO 2026-07-27 15:24:25.876 joltshadow - docs §70.1: slipdense (player) f=168 w=2 grounded=1 kappa=-0.005 fnGround=656 omega=-0.06 | ftGround=-4N target=0.0 limit=1887Nm motorNm=-3 tyreNm=3 inertia=2.91 limRot=0/-0/-0 omegaPre=-0.06 posN=-0/-1/0 susp=-0.0706 springN=546
INFO 2026-07-27 15:24:25.876 joltshadow - docs §70.1: slipdense (player) f=168 w=3 grounded=1 kappa=-0.005 fnGround=652 omega=-0.06 | ftGround=-4N target=0.0 limit=1886Nm motorNm=-3 tyreNm=3 inertia=2.91 limRot=0/-0/-0 omegaPre=-0.06 posN=-0/-1/0 susp=-0.0705 springN=545
INFO 2026-07-27 15:24:25.876 joltshadow - docs §78: attdense (player) f=168 joltTilt=0.35 odeTilt=0.02 upDelta=0.33 wBody=(-0.06,0.00,-0.00) |w|=0.06 grounded=4
INFO 2026-07-27 15:24:25.900 joltshadow - docs §70.1: slipdense (player) f=172 w=0 grounded=1 kappa=0.001 fnGround=299 omega=-0.05 | ftGround=0N target=0.0 limit=1192Nm motorNm=1 tyreNm=-0 inertia=2.91 limRot=0/0/0 omegaPre=-0.05 posN=0/-2/0 susp=-0.0404 springN=191
INFO 2026-07-27 15:24:25.900 joltshadow - docs §70.1: slipdense (player) f=172 w=1 grounded=1 kappa=0.001 fnGround=299 omega=-0.05 | ftGround=0N target=0.0 limit=1192Nm motorNm=1 tyreNm=-0 inertia=2.91 limRot=0/0/0 omegaPre=-0.05 posN=0/-2/0 susp=-0.0405 springN=192
INFO 2026-07-27 15:24:25.900 joltshadow - docs §70.1: slipdense (player) f=172 w=2 grounded=1 kappa=0.004 fnGround=669 omega=-0.05 | ftGround=3N target=0.0 limit=1933Nm motorNm=3 tyreNm=-3 inertia=2.91 limRot=0/0/0 omegaPre=-0.05 posN=0/-8/0 susp=-0.0718 springN=560
INFO 2026-07-27 15:24:25.900 joltshadow - docs §70.1: slipdense (player) f=172 w=3 grounded=1 kappa=0.004 fnGround=671 omega=-0.05 | ftGround=4N target=0.0 limit=1944Nm motorNm=3 tyreNm=-3 inertia=2.91 limRot=0/0/0 omegaPre=-0.05 posN=0/-8/0 susp=-0.0718 springN=561
INFO 2026-07-27 15:24:25.900 joltshadow - docs §78: attdense (player) f=172 joltTilt=0.43 odeTilt=0.02 upDelta=0.40 wBody=(-0.05,0.00,-0.00) |w|=0.05 grounded=4
INFO 2026-07-27 15:24:25.921 joltshadow - docs §70.1: slipdense (player) f=176 w=0 grounded=1 kappa=0.006 fnGround=290 omega=-0.05 | ftGround=6N target=0.0 limit=1192Nm motorNm=5 tyreNm=-5 inertia=2.91 limRot=0/0/0 omegaPre=-0.05 posN=0/-7/0 susp=-0.0371 springN=180
INFO 2026-07-27 15:24:25.921 joltshadow - docs §70.1: slipdense (player) f=176 w=1 grounded=1 kappa=0.006 fnGround=292 omega=-0.05 | ftGround=6N target=0.0 limit=1192Nm motorNm=5 tyreNm=-5 inertia=2.91 limRot=0/0/0 omegaPre=-0.05 posN=0/-7/0 susp=-0.0373 springN=182
INFO 2026-07-27 15:24:25.921 joltshadow - docs §70.1: slipdense (player) f=176 w=2 grounded=1 kappa=0.009 fnGround=683 omega=-0.05 | ftGround=10N target=0.0 limit=1975Nm motorNm=8 tyreNm=-7 inertia=2.91 limRot=0/0/0 omegaPre=-0.05 posN=0/-14/0 susp=-0.0731 springN=574
INFO 2026-07-27 15:24:25.921 joltshadow - docs §70.1: slipdense (player) f=176 w=3 grounded=1 kappa=0.009 fnGround=682 omega=-0.05 | ftGround=10N target=0.0 limit=1987Nm motorNm=8 tyreNm=-7 inertia=2.91 limRot=0/0/0 omegaPre=-0.05 posN=0/-14/0 susp=-0.0733 springN=576
INFO 2026-07-27 15:24:25.921 joltshadow - docs §78: attdense (player) f=176 joltTilt=0.49 odeTilt=0.02 upDelta=0.46 wBody=(-0.05,-0.00,-0.00) |w|=0.05 grounded=4
INFO 2026-07-27 15:24:25.945 joltshadow - docs §70.1: slipdense (player) f=180 w=0 grounded=1 kappa=0.011 fnGround=282 omega=-0.04 | ftGround=10N target=0.0 limit=1192Nm motorNm=8 tyreNm=-7 inertia=2.91 limRot=0/0/0 omegaPre=-0.04 posN=0/-11/0 susp=-0.0341 springN=173
INFO 2026-07-27 15:24:25.945 joltshadow - docs §70.1: slipdense (player) f=180 w=1 grounded=1 kappa=0.011 fnGround=284 omega=-0.04 | ftGround=10N target=0.0 limit=1192Nm motorNm=8 tyreNm=-7 inertia=2.91 limRot=0/0/0 omegaPre=-0.04 posN=0/-11/0 susp=-0.0345 springN=176
INFO 2026-07-27 15:24:25.945 joltshadow - docs §70.1: slipdense (player) f=180 w=2 grounded=1 kappa=0.015 fnGround=700 omega=-0.04 | ftGround=13N target=0.0 limit=2014Nm motorNm=11 tyreNm=-10 inertia=2.91 limRot=0/0/0 omegaPre=-0.04 posN=1/-18/0 susp=-0.0748 springN=590
INFO 2026-07-27 15:24:25.945 joltshadow - docs §70.1: slipdense (player) f=180 w=3 grounded=1 kappa=0.014 fnGround=700 omega=-0.04 | ftGround=13N target=0.0 limit=2025Nm motorNm=10 tyreNm=-10 inertia=2.91 limRot=0/0/0 omegaPre=-0.04 posN=1/-18/0 susp=-0.0752 springN=593
INFO 2026-07-27 15:24:25.945 joltshadow - docs §78: attdense (player) f=180 joltTilt=0.55 odeTilt=0.02 upDelta=0.53 wBody=(-0.04,-0.00,-0.00) |w|=0.04 grounded=4
INFO 2026-07-27 15:24:25.945 joltshadow - Shadow divergence (player): pos=1.614m vel=0.074m/s angle=0.5deg (jolt com=[4668.6 259.2 1252.1] ode com=[4668.5 257.7 1251.5])
INFO 2026-07-27 15:24:25.945 joltshadow - docs §23.6: driver input (player) realThrottle=-10.00 brake=0.01 handBrake=1 steerRad=0.000
INFO 2026-07-27 15:24:25.946 joltshadow - docs §32: Jolt SHADOW chassis pitch (player) forward=(-0.222, 0.010, -0.975)
INFO 2026-07-27 15:24:25.946 joltshadow - docs §69: tilt (player) jolt=0.5 deg ode=0.0 deg delta=+0.5 deg upDelta=0.53 deg
INFO 2026-07-27 15:24:25.946 joltshadow - docs §32.4: Jolt SHADOW chassis lowest corner (player) = (4667.87,259.04,1255.70) clearanceToGround=1.044
INFO 2026-07-27 15:24:25.946 joltshadow - docs §23.5: wheel state (player) wheel=0 contact=0 suspLen=1.050 (range 0.050-1.050, 0% compressed) angVel=0.00
INFO 2026-07-27 15:24:25.946 joltshadow - docs §38.11: wheel=0 NO contact, worldAxle=(0.975,0.000,-0.222)
INFO 2026-07-27 15:24:25.946 joltshadow - docs §32: no-contact raycast (player) wheel=0 bodyPos=(4668.45,259.15,1251.50) localMPos=(-1.367,-0.436,2.663) origin=(4669.19,258.74,1248.60) dir=(-0.002,-1.000,-0.009) normalRayLen=1.777 groundFoundAt=0.000 shortfallBeyondTravel=-1.777 hitBody=8391036 hitLayer=4 hitMotion=2 hitIsSelfChassis=0
INFO 2026-07-27 15:24:25.946 joltshadow - docs §23.5: wheel state (player) wheel=1 contact=0 suspLen=1.050 (range 0.050-1.050, 0% compressed) angVel=0.00
INFO 2026-07-27 15:24:25.946 joltshadow - docs §38.11: wheel=1 NO contact, worldAxle=(0.975,0.000,-0.222)
INFO 2026-07-27 15:24:25.946 joltshadow - docs §32: no-contact raycast (player) wheel=1 bodyPos=(4668.45,259.15,1251.50) localMPos=(1.369,-0.436,2.663) origin=(4666.53,258.74,1249.20) dir=(-0.002,-1.000,-0.009) normalRayLen=1.777 groundFoundAt=0.000 shortfallBeyondTravel=-1.777 hitBody=8391037 hitLayer=4 hitMotion=2 hitIsSelfChassis=0
INFO 2026-07-27 15:24:25.946 joltshadow - docs §23.5: wheel state (player) wheel=2 contact=0 suspLen=1.050 (range 0.050-1.050, 0% compressed) angVel=0.00
INFO 2026-07-27 15:24:25.946 joltshadow - docs §38.11: wheel=2 NO contact, worldAxle=(0.975,0.000,-0.222)
INFO 2026-07-27 15:24:25.946 joltshadow - docs §32: no-contact raycast (player) wheel=2 bodyPos=(4668.45,259.15,1251.50) localMPos=(-1.367,-0.436,-1.944) origin=(4670.22,258.70,1253.09) dir=(-0.002,-1.000,-0.009) normalRayLen=1.777 groundFoundAt=0.000 shortfallBeyondTravel=-1.777 hitBody=8391038 hitLayer=4 hitMotion=2 hitIsSelfChassis=0
INFO 2026-07-27 15:24:25.946 joltshadow - docs §23.5: wheel state (player) wheel=3 contact=0 suspLen=1.050 (range 0.050-1.050, 0% compressed) angVel=0.00
INFO 2026-07-27 15:24:25.946 joltshadow - docs §38.11: wheel=3 NO contact, worldAxle=(0.975,0.000,-0.222)
INFO 2026-07-27 15:24:25.946 joltshadow - docs §32: no-contact raycast (player) wheel=3 bodyPos=(4668.45,259.15,1251.50) localMPos=(1.369,-0.436,-1.944) origin=(4667.55,258.70,1253.69) dir=(-0.002,-1.000,-0.009) normalRayLen=1.777 groundFoundAt=0.000 shortfallBeyondTravel=-1.777 hitBody=8391039 hitLayer=4 hitMotion=2 hitIsSelfChassis=0
INFO 2026-07-27 15:24:25.946 joltshadow - docs §59/63: harvest (player) wheelsWithContact=4 contactPoints=8 overflow=0 (of 4) | maxNormalF=700N bound(k_t*tau)=1229N ratio=0.57
INFO 2026-07-27 15:24:25.946 joltshadow - docs §58: wheel body (player) w=0 springF=173N stopF=0N travel=-0.0341 (limits -0.5000..0.5000 rel spawn) kSusp=6000 sagPredicted=0.0289 | frameTrav=-0.0344..-0.0341 frameStopN=0
INFO 2026-07-27 15:24:25.946 joltshadow - docs §66: tyre band (player) w=0 fnGround=282N fnTotal=283N pen=0.00240 penRaw=0.00240 tau=0.01024 pen/tau=0.23 | recs tyre=1 rim=1 survived=1 stale=0 distMax=1.00R
INFO 2026-07-27 15:24:25.946 joltshadow - docs §68: steer (player) w=0 steerable=1 commanded=0.000 rad measured=0.000 rad err=0.00 deg steerSign=-1 steerTq=-0Nm cap=1192Nm sat=0.00
INFO 2026-07-27 15:24:25.946 joltshadow - docs §70: slip (player) w=0 grounded=1 kappa=0.011 fnGround=282N omega=-0.04
INFO 2026-07-27 15:24:25.946 joltshadow - docs §67: spin (player) w=0 driven=1 omega=-0.04 rad/s surfaceSpeed=-0.03 m/s spinSign=+1 motorTq=8Nm cmdTq=1192Nm
INFO 2026-07-27 15:24:25.947 joltshadow - docs §58: wheel body (player) w=1 springF=176N stopF=0N travel=-0.0345 (limits -0.5000..0.5000 rel spawn) kSusp=6000 sagPredicted=0.0293 | frameTrav=-0.0348..-0.0345 frameStopN=0
INFO 2026-07-27 15:24:25.947 joltshadow - docs §66: tyre band (player) w=1 fnGround=284N fnTotal=284N pen=0.00240 penRaw=0.00240 tau=0.01024 pen/tau=0.23 | recs tyre=1 rim=1 survived=1 stale=0 distMax=1.00R
INFO 2026-07-27 15:24:25.947 joltshadow - docs §68: steer (player) w=1 steerable=1 commanded=0.000 rad measured=0.000 rad err=0.00 deg steerSign=-1 steerTq=-0Nm cap=1192Nm sat=0.00
INFO 2026-07-27 15:24:25.947 joltshadow - docs §70: slip (player) w=1 grounded=1 kappa=0.011 fnGround=284N omega=-0.04
INFO 2026-07-27 15:24:25.947 joltshadow - docs §67: spin (player) w=1 driven=1 omega=-0.04 rad/s surfaceSpeed=-0.03 m/s spinSign=+1 motorTq=8Nm cmdTq=1192Nm
INFO 2026-07-27 15:24:25.947 joltshadow - docs §58: wheel body (player) w=2 springF=590N stopF=0N travel=-0.0748 (limits -0.5000..0.5000 rel spawn) kSusp=7500 sagPredicted=0.0787 | frameTrav=-0.0748..-0.0746 frameStopN=0
INFO 2026-07-27 15:24:25.947 joltshadow - docs §66: tyre band (player) w=2 fnGround=700N fnTotal=700N pen=0.00578 penRaw=0.00578 tau=0.01024 pen/tau=0.56 | recs tyre=1 rim=1 survived=1 stale=0 distMax=0.99R
INFO 2026-07-27 15:24:25.947 joltshadow - docs §68: steer (player) w=2 steerable=0 commanded=0.000 rad measured=0.000 rad err=0.00 deg steerSign=-1 steerTq=0Nm cap=340282346638528859811704183484516925440Nm sat=0.00
INFO 2026-07-27 15:24:25.947 joltshadow - docs §70: slip (player) w=2 grounded=1 kappa=0.015 fnGround=700N omega=-0.04
INFO 2026-07-27 15:24:25.947 joltshadow - docs §67: spin (player) w=2 driven=1 omega=-0.04 rad/s surfaceSpeed=-0.03 m/s spinSign=+1 motorTq=11Nm cmdTq=2014Nm
INFO 2026-07-27 15:24:25.947 joltshadow - docs §58: wheel body (player) w=3 springF=593N stopF=0N travel=-0.0752 (limits -0.5000..0.5000 rel spawn) kSusp=7500 sagPredicted=0.0791 | frameTrav=-0.0752..-0.0749 frameStopN=0
INFO 2026-07-27 15:24:25.947 joltshadow - docs §66: tyre band (player) w=3 fnGround=700N fnTotal=700N pen=0.00578 penRaw=0.00578 tau=0.01024 pen/tau=0.56 | recs tyre=1 rim=1 survived=1 stale=0 distMax=0.99R
INFO 2026-07-27 15:24:25.947 joltshadow - docs §68: steer (player) w=3 steerable=0 commanded=0.000 rad measured=0.000 rad err=0.00 deg steerSign=-1 steerTq=0Nm cap=340282346638528859811704183484516925440Nm sat=0.00
INFO 2026-07-27 15:24:25.947 joltshadow - docs §70: slip (player) w=3 grounded=1 kappa=0.014 fnGround=700N omega=-0.04
INFO 2026-07-27 15:24:25.947 joltshadow - docs §67: spin (player) w=3 driven=1 omega=-0.04 rad/s surfaceSpeed=-0.03 m/s spinSign=+1 motorTq=10Nm cmdTq=2025Nm
INFO 2026-07-27 15:24:25.947 joltshadow - docs §67: drivetrain (player) gear=0 rpm=18 driveTorque=2880Nm perWheel=720Nm driven=4 throttle=-1.00 spin=1 | PRE-STEP brake=0.01 handBrake=1
INFO 2026-07-27 15:24:25.947 joltshadow - docs §66: tyre band SUM (player) fnGroundSum=1966N fnTotalSum=1966N weight=1638N carried=1.20 | penSum=0.01636 recs tyre=4 rim=4 stale=0
INFO 2026-07-27 15:24:25.947 joltshadow - docs §30: REAL ODE chassis COM (player) body=53396828 = (4668.453, 257.739, 1251.491) forward=(-0.223, 0.000, -0.975)
INFO 2026-07-27 15:24:25.947 joltshadow - docs §33: real ODE chassis geom (player) #1 = class 0 (not a transform) pos=(4668.453,257.739,1251.491) radius=4.000
INFO 2026-07-27 15:24:25.947 joltshadow - docs §33: real ODE chassis geom (player) #2 = transform, inner class=1 pos=(0.000,3.010,-1.827)
INFO 2026-07-27 15:24:25.947 joltshadow - docs §33: real ODE chassis geom (player) #3 = transform, inner class=1 pos=(0.013,2.455,4.253)
INFO 2026-07-27 15:24:25.947 joltshadow - docs §33: real ODE chassis geom (player) #4 = transform, inner class=1 pos=(0.000,2.778,2.038)
INFO 2026-07-27 15:24:25.947 joltshadow - docs §33: real ODE chassis geom (player) #5 = transform, inner class=1 pos=(0.000,1.675,0.000)
INFO 2026-07-27 15:24:25.947 joltshadow - docs §33: real ODE chassis geom (player) #6 = class 0 (not a transform) pos=(4668.453,257.739,1251.491) radius=30.000
INFO 2026-07-27 15:24:25.947 joltshadow - docs §33: real ODE chassis geom (player) #7 = class 0 (not a transform) pos=(4668.453,257.739,1251.491) radius=8.161
INFO 2026-07-27 15:24:25.947 joltshadow - docs §33: real ODE chassis geom (player) #8 = class 0 (not a transform) pos=(4668.453,257.739,1251.491) radius=200.000
INFO 2026-07-27 15:24:25.947 joltshadow - docs §33: real ODE chassis (player) has 8 total geom(s) directly attached (4 transform(s)) - compare against BuildChassisCompoundShape's own part/geom count in the build log
INFO 2026-07-27 15:24:25.947 joltshadow - docs §28: REAL ODE wheel state (player) wheel=0 displacement=0.0140 range=1.000 (1% compressed, signed) foreAft=2.663 localZ=2.663 cfm=0.002500 erp=0.2500
INFO 2026-07-27 15:24:25.947 joltshadow - docs §28: REAL ODE wheel state (player) wheel=1 displacement=0.0140 range=1.000 (1% compressed, signed) foreAft=2.663 localZ=2.663 cfm=0.002500 erp=0.2500
INFO 2026-07-27 15:24:25.948 joltshadow - docs §28: REAL ODE wheel state (player) wheel=2 displacement=0.0156 range=1.000 (2% compressed, signed) foreAft=-1.944 localZ=-1.944 cfm=0.002000 erp=0.2500
INFO 2026-07-27 15:24:25.948 joltshadow - docs §28: REAL ODE wheel state (player) wheel=3 displacement=0.0156 range=1.000 (2% compressed, signed) foreAft=-1.944 localZ=-1.944 cfm=0.002000 erp=0.2500
INFO 2026-07-27 15:24:25.972 joltshadow - docs §70.1: slipdense (player) f=184 w=0 grounded=1 kappa=0.015 fnGround=279 omega=-0.03 | ftGround=17N target=0.0 limit=1192Nm motorNm=13 tyreNm=-12 inertia=2.91 limRot=0/0/0 omegaPre=-0.04 posN=0/-16/0 susp=-0.0317 springN=171
INFO 2026-07-27 15:24:25.972 joltshadow - docs §70.1: slipdense (player) f=184 w=1 grounded=1 kappa=0.015 fnGround=283 omega=-0.03 | ftGround=17N target=0.0 limit=1192Nm motorNm=13 tyreNm=-12 inertia=2.91 limRot=0/0/0 omegaPre=-0.04 posN=0/-16/0 susp=-0.0323 springN=175
INFO 2026-07-27 15:24:25.972 joltshadow - docs §70.1: slipdense (player) f=184 w=2 grounded=1 kappa=0.018 fnGround=715 omega=-0.03 | ftGround=20N target=0.0 limit=2071Nm motorNm=16 tyreNm=-15 inertia=2.91 limRot=0/1/0 omegaPre=-0.04 posN=1/-24/0 susp=-0.0769 springN=607
INFO 2026-07-27 15:24:25.973 joltshadow - docs §70.1: slipdense (player) f=184 w=3 grounded=1 kappa=0.018 fnGround=718 omega=-0.03 | ftGround=20N target=0.0 limit=2090Nm motorNm=16 tyreNm=-15 inertia=2.91 limRot=0/1/0 omegaPre=-0.04 posN=1/-24/0 susp=-0.0775 springN=612
INFO 2026-07-27 15:24:25.973 joltshadow - docs §78: attdense (player) f=184 joltTilt=0.60 odeTilt=0.02 upDelta=0.59 wBody=(-0.03,-0.00,-0.00) |w|=0.03 grounded=4
INFO 2026-07-27 15:24:25.995 joltshadow - docs §70.1: slipdense (player) f=188 w=0 grounded=1 kappa=0.017 fnGround=280 omega=-0.03 | ftGround=19N target=0.0 limit=1192Nm motorNm=15 tyreNm=-14 inertia=2.91 limRot=0/0/0 omegaPre=-0.03 posN=1/-18/0 susp=-0.0305 springN=173
INFO 2026-07-27 15:24:25.995 joltshadow - docs §70.1: slipdense (player) f=188 w=1 grounded=1 kappa=0.017 fnGround=284 omega=-0.03 | ftGround=19N target=0.0 limit=1192Nm motorNm=14 tyreNm=-14 inertia=2.91 limRot=0/0/0 omegaPre=-0.03 posN=1/-18/0 susp=-0.0313 springN=177
INFO 2026-07-27 15:24:25.995 joltshadow - docs §70.1: slipdense (player) f=188 w=2 grounded=1 kappa=0.020 fnGround=725 omega=-0.03 | ftGround=22N target=0.0 limit=2108Nm motorNm=17 tyreNm=-16 inertia=2.91 limRot=0/1/0 omegaPre=-0.03 posN=1/-26/0 susp=-0.0787 springN=620
INFO 2026-07-27 15:24:25.995 joltshadow - docs §70.1: slipdense (player) f=188 w=3 grounded=1 kappa=0.020 fnGround=733 omega=-0.03 | ftGround=22N target=0.0 limit=2121Nm motorNm=16 tyreNm=-16 inertia=2.91 limRot=0/1/0 omegaPre=-0.03 posN=1/-26/0 susp=-0.0794 springN=626
INFO 2026-07-27 15:24:25.995 joltshadow - docs §78: attdense (player) f=188 joltTilt=0.64 odeTilt=0.02 upDelta=0.63 wBody=(-0.03,-0.00,0.00) |w|=0.03 grounded=4
INFO 2026-07-27 15:24:26.018 joltshadow - docs §70.1: slipdense (player) f=192 w=0 grounded=1 kappa=0.018 fnGround=283 omega=-0.02 | ftGround=20N target=0.0 limit=1192Nm motorNm=15 tyreNm=-15 inertia=2.91 limRot=0/1/0 omegaPre=-0.02 posN=1/-19/0 susp=-0.0299 springN=177
INFO 2026-07-27 15:24:26.018 joltshadow - docs §70.1: slipdense (player) f=192 w=1 grounded=1 kappa=0.018 fnGround=288 omega=-0.02 | ftGround=20N target=0.0 limit=1192Nm motorNm=15 tyreNm=-14 inertia=2.91 limRot=0/1/0 omegaPre=-0.02 posN=1/-19/0 susp=-0.0309 springN=182
INFO 2026-07-27 15:24:26.018 joltshadow - docs §70.1: slipdense (player) f=192 w=2 grounded=1 kappa=0.020 fnGround=736 omega=-0.02 | ftGround=22N target=0.0 limit=2141Nm motorNm=17 tyreNm=-16 inertia=2.91 limRot=0/1/0 omegaPre=-0.02 posN=1/-27/0 susp=-0.0804 springN=630
INFO 2026-07-27 15:24:26.018 joltshadow - docs §70.1: slipdense (player) f=192 w=3 grounded=1 kappa=0.020 fnGround=743 omega=-0.02 | ftGround=22N target=0.0 limit=2164Nm motorNm=17 tyreNm=-16 inertia=2.91 limRot=0/1/0 omegaPre=-0.02 posN=1/-26/0 susp=-0.0813 springN=637
INFO 2026-07-27 15:24:26.019 joltshadow - docs §78: attdense (player) f=192 joltTilt=0.67 odeTilt=0.02 upDelta=0.66 wBody=(-0.02,-0.00,0.00) |w|=0.02 grounded=4
INFO 2026-07-27 15:24:26.042 joltshadow - docs §70.1: slipdense (player) f=196 w=0 grounded=1 kappa=0.019 fnGround=288 omega=-0.01 | ftGround=17N target=0.0 limit=1192Nm motorNm=13 tyreNm=-13 inertia=2.91 limRot=0/1/0 omegaPre=-0.01 posN=1/-17/0 susp=-0.0298 springN=182
INFO 2026-07-27 15:24:26.042 joltshadow - docs §70.1: slipdense (player) f=196 w=1 grounded=1 kappa=0.019 fnGround=293 omega=-0.01 | ftGround=17N target=0.0 limit=1192Nm motorNm=13 tyreNm=-12 inertia=2.91 limRot=0/1/0 omegaPre=-0.01 posN=1/-17/0 susp=-0.0309 springN=188
INFO 2026-07-27 15:24:26.042 joltshadow - docs §70.1: slipdense (player) f=196 w=2 grounded=1 kappa=0.020 fnGround=745 omega=-0.01 | ftGround=19N target=0.0 limit=2169Nm motorNm=14 tyreNm=-13 inertia=2.91 limRot=0/1/0 omegaPre=-0.01 posN=2/-24/0 susp=-0.0819 springN=639
INFO 2026-07-27 15:24:26.042 joltshadow - docs §70.1: slipdense (player) f=196 w=3 grounded=1 kappa=0.020 fnGround=755 omega=-0.01 | ftGround=18N target=0.0 limit=2183Nm motorNm=14 tyreNm=-13 inertia=2.91 limRot=0/1/0 omegaPre=-0.01 posN=2/-24/0 susp=-0.0830 springN=645
INFO 2026-07-27 15:24:26.042 joltshadow - docs §78: attdense (player) f=196 joltTilt=0.69 odeTilt=0.02 upDelta=0.68 wBody=(-0.01,-0.00,0.00) |w|=0.01 grounded=4
INFO 2026-07-27 15:24:26.066 joltshadow - docs §70.1: slipdense (player) f=200 w=0 grounded=1 kappa=0.019 fnGround=296 omega=-0.00 | ftGround=17N target=0.0 limit=1192Nm motorNm=13 tyreNm=-13 inertia=2.91 limRot=0/1/0 omegaPre=-0.01 posN=1/-17/0 susp=-0.0303 springN=190
INFO 2026-07-27 15:24:26.066 joltshadow - docs §70.1: slipdense (player) f=200 w=1 grounded=1 kappa=0.018 fnGround=304 omega=-0.00 | ftGround=17N target=0.0 limit=1192Nm motorNm=13 tyreNm=-12 inertia=2.91 limRot=0/1/0 omegaPre=-0.01 posN=1/-17/0 susp=-0.0315 springN=196
INFO 2026-07-27 15:24:26.066 joltshadow - docs §70.1: slipdense (player) f=200 w=2 grounded=1 kappa=0.019 fnGround=750 omega=-0.00 | ftGround=18N target=0.0 limit=2183Nm motorNm=14 tyreNm=-13 inertia=2.91 limRot=0/1/0 omegaPre=-0.01 posN=2/-23/0 susp=-0.0833 springN=644
INFO 2026-07-27 15:24:26.066 joltshadow - docs §70.1: slipdense (player) f=200 w=3 grounded=1 kappa=0.019 fnGround=758 omega=-0.00 | ftGround=17N target=0.0 limit=2203Nm motorNm=13 tyreNm=-13 inertia=2.91 limRot=0/1/0 omegaPre=-0.01 posN=2/-23/0 susp=-0.0845 springN=651
INFO 2026-07-27 15:24:26.066 joltshadow - docs §78: attdense (player) f=200 joltTilt=0.70 odeTilt=0.02 upDelta=0.69 wBody=(-0.00,-0.00,0.00) |w|=0.01 grounded=4
INFO 2026-07-27 15:24:26.090 joltshadow - docs §70.1: slipdense (player) f=204 w=0 grounded=1 kappa=0.018 fnGround=304 omega=0.00 | ftGround=19N target=0.0 limit=1192Nm motorNm=15 tyreNm=-14 inertia=2.91 limRot=0/1/0 omegaPre=-0.00 posN=1/-19/0 susp=-0.0310 springN=198
INFO 2026-07-27 15:24:26.090 joltshadow - docs §70.1: slipdense (player) f=204 w=1 grounded=1 kappa=0.017 fnGround=311 omega=0.00 | ftGround=19N target=0.0 limit=1192Nm motorNm=14 tyreNm=-14 inertia=2.91 limRot=0/1/0 omegaPre=-0.00 posN=1/-18/0 susp=-0.0324 springN=205
INFO 2026-07-27 15:24:26.090 joltshadow - docs §70.1: slipdense (player) f=204 w=2 grounded=1 kappa=0.018 fnGround=754 omega=0.00 | ftGround=19N target=0.0 limit=2196Nm motorNm=15 tyreNm=-14 inertia=2.91 limRot=0/1/0 omegaPre=-0.00 posN=2/-24/0 susp=-0.0842 springN=646
INFO 2026-07-27 15:24:26.090 joltshadow - docs §70.1: slipdense (player) f=204 w=3 grounded=1 kappa=0.017 fnGround=762 omega=0.00 | ftGround=19N target=0.0 limit=2218Nm motorNm=14 tyreNm=-14 inertia=2.91 limRot=0/1/0 omegaPre=-0.00 posN=2/-24/0 susp=-0.0855 springN=654
INFO 2026-07-27 15:24:26.090 joltshadow - docs §78: attdense (player) f=204 joltTilt=0.71 odeTilt=0.02 upDelta=0.69 wBody=(0.00,-0.00,0.00) |w|=0.00 grounded=4
INFO 2026-07-27 15:24:26.121 joltshadow - docs §70.1: slipdense (player) f=208 w=0 grounded=1 kappa=0.015 fnGround=319 omega=0.01 | ftGround=13N target=0.0 limit=1192Nm motorNm=10 tyreNm=-10 inertia=2.91 limRot=0/1/0 omegaPre=0.01 posN=1/-14/0 susp=-0.0325 springN=210
INFO 2026-07-27 15:24:26.122 joltshadow - docs §70.1: slipdense (player) f=208 w=1 grounded=1 kappa=0.014 fnGround=327 omega=0.01 | ftGround=13N target=0.0 limit=1192Nm motorNm=10 tyreNm=-9 inertia=2.91 limRot=0/1/0 omegaPre=0.01 posN=1/-14/0 susp=-0.0338 springN=215
INFO 2026-07-27 15:24:26.122 joltshadow - docs §70.1: slipdense (player) f=208 w=2 grounded=1 kappa=0.014 fnGround=753 omega=0.01 | ftGround=13N target=0.0 limit=2193Nm motorNm=10 tyreNm=-9 inertia=2.91 limRot=0/1/0 omegaPre=0.01 posN=2/-19/0 susp=-0.0850 springN=645
INFO 2026-07-27 15:24:26.122 joltshadow - docs §70.1: slipdense (player) f=208 w=3 grounded=1 kappa=0.013 fnGround=760 omega=0.01 | ftGround=12N target=0.0 limit=2214Nm motorNm=9 tyreNm=-9 inertia=2.91 limRot=0/1/0 omegaPre=0.01 posN=2/-18/0 susp=-0.0863 springN=652
INFO 2026-07-27 15:24:26.122 joltshadow - docs §78: attdense (player) f=208 joltTilt=0.70 odeTilt=0.02 upDelta=0.68 wBody=(0.01,-0.00,0.00) |w|=0.01 grounded=4
INFO 2026-07-27 15:24:26.158 joltshadow - docs §70.1: slipdense (player) f=212 w=0 grounded=1 kappa=0.012 fnGround=328 omega=0.01 | ftGround=11N target=0.0 limit=1192Nm motorNm=8 tyreNm=-8 inertia=2.91 limRot=0/1/0 omegaPre=0.01 posN=1/-12/0 susp=-0.0344 springN=221
INFO 2026-07-27 15:24:26.159 joltshadow - docs §70.1: slipdense (player) f=212 w=1 grounded=1 kappa=0.012 fnGround=333 omega=0.01 | ftGround=11N target=0.0 limit=1192Nm motorNm=8 tyreNm=-8 inertia=2.91 limRot=0/1/0 omegaPre=0.01 posN=1/-12/0 susp=-0.0356 springN=226
INFO 2026-07-27 15:24:26.159 joltshadow - docs §70.1: slipdense (player) f=212 w=2 grounded=1 kappa=0.011 fnGround=747 omega=0.01 | ftGround=10N target=0.0 limit=2181Nm motorNm=8 tyreNm=-7 inertia=2.91 limRot=0/1/0 omegaPre=0.01 posN=2/-16/0 susp=-0.0851 springN=638
INFO 2026-07-27 15:24:26.159 joltshadow - docs §70.1: slipdense (player) f=212 w=3 grounded=1 kappa=0.010 fnGround=750 omega=0.01 | ftGround=9N target=0.0 limit=2199Nm motorNm=7 tyreNm=-7 inertia=2.91 limRot=0/1/0 omegaPre=0.01 posN=2/-15/0 susp=-0.0864 springN=643
INFO 2026-07-27 15:24:26.159 joltshadow - docs §78: attdense (player) f=212 joltTilt=0.67 odeTilt=0.02 upDelta=0.65 wBody=(0.01,-0.00,0.00) |w|=0.01 grounded=4
INFO 2026-07-27 15:24:26.189 joltshadow - docs §70.1: slipdense (player) f=216 w=0 grounded=1 kappa=0.009 fnGround=338 omega=0.02 | ftGround=7N target=0.0 limit=1192Nm motorNm=5 tyreNm=-5 inertia=2.91 limRot=0/0/0 omegaPre=0.02 posN=1/-8/0 susp=-0.0358 springN=228
INFO 2026-07-27 15:24:26.189 joltshadow - docs §70.1: slipdense (player) f=216 w=1 grounded=1 kappa=0.008 fnGround=344 omega=0.02 | ftGround=6N target=0.0 limit=1192Nm motorNm=5 tyreNm=-5 inertia=2.91 limRot=0/0/0 omegaPre=0.02 posN=1/-8/0 susp=-0.0370 springN=232
INFO 2026-07-27 15:24:26.189 joltshadow - docs §70.1: slipdense (player) f=216 w=2 grounded=1 kappa=0.007 fnGround=731 omega=0.02 | ftGround=6N target=0.0 limit=2149Nm motorNm=4 tyreNm=-4 inertia=2.91 limRot=0/1/0 omegaPre=0.02 posN=1/-12/0 susp=-0.0846 springN=626
INFO 2026-07-27 15:24:26.189 joltshadow - docs §70.1: slipdense (player) f=216 w=3 grounded=1 kappa=0.007 fnGround=738 omega=0.02 | ftGround=5N target=0.0 limit=2161Nm motorNm=4 tyreNm=-4 inertia=2.91 limRot=0/1/0 omegaPre=0.02 posN=1/-11/0 susp=-0.0857 springN=631
INFO 2026-07-27 15:24:26.189 joltshadow - docs §78: attdense (player) f=216 joltTilt=0.65 odeTilt=0.02 upDelta=0.62 wBody=(0.02,-0.00,0.00) |w|=0.02 grounded=4
INFO 2026-07-27 15:24:26.213 joltshadow - docs §70.1: slipdense (player) f=220 w=0 grounded=1 kappa=0.007 fnGround=340 omega=0.02 | ftGround=5N target=0.0 limit=1192Nm motorNm=4 tyreNm=-4 inertia=2.91 limRot=0/0/0 omegaPre=0.02 posN=1/-7/0 susp=-0.0369 springN=233
INFO 2026-07-27 15:24:26.213 joltshadow - docs §70.1: slipdense (player) f=220 w=1 grounded=1 kappa=0.006 fnGround=343 omega=0.02 | ftGround=5N target=0.0 limit=1192Nm motorNm=4 tyreNm=-3 inertia=2.91 limRot=0/0/0 omegaPre=0.02 posN=1/-7/0 susp=-0.0379 springN=236
INFO 2026-07-27 15:24:26.214 joltshadow - docs §70.1: slipdense (player) f=220 w=2 grounded=1 kappa=0.005 fnGround=721 omega=0.02 | ftGround=4N target=0.0 limit=2121Nm motorNm=3 tyreNm=-3 inertia=2.91 limRot=0/1/0 omegaPre=0.02 posN=1/-10/0 susp=-0.0838 springN=615
INFO 2026-07-27 15:24:26.214 joltshadow - docs §70.1: slipdense (player) f=220 w=3 grounded=1 kappa=0.004 fnGround=724 omega=0.02 | ftGround=3N target=0.0 limit=2131Nm motorNm=3 tyreNm=-3 inertia=2.91 limRot=0/1/0 omegaPre=0.02 posN=1/-9/0 susp=-0.0848 springN=619
INFO 2026-07-27 15:24:26.214 joltshadow - docs §78: attdense (player) f=220 joltTilt=0.62 odeTilt=0.03 upDelta=0.60 wBody=(0.02,-0.00,0.00) |w|=0.02 grounded=4
INFO 2026-07-27 15:24:26.235 joltshadow - docs §70.1: slipdense (player) f=224 w=0 grounded=1 kappa=0.004 fnGround=344 omega=0.02 | ftGround=5N target=0.0 limit=1192Nm motorNm=3 tyreNm=-3 inertia=2.91 limRot=0/0/0 omegaPre=0.02 posN=0/-6/0 susp=-0.0378 springN=237
INFO 2026-07-27 15:24:26.235 joltshadow - docs §70.1: slipdense (player) f=224 w=1 grounded=1 kappa=0.004 fnGround=347 omega=0.02 | ftGround=4N target=0.0 limit=1192Nm motorNm=3 tyreNm=-3 inertia=2.91 limRot=0/0/0 omegaPre=0.02 posN=0/-6/0 susp=-0.0386 springN=239
INFO 2026-07-27 15:24:26.235 joltshadow - docs §70.1: slipdense (player) f=224 w=2 grounded=1 kappa=0.003 fnGround=717 omega=0.02 | ftGround=3N target=0.0 limit=2090Nm motorNm=2 tyreNm=-2 inertia=2.91 limRot=0/1/0 omegaPre=0.02 posN=1/-9/0 susp=-0.0829 springN=606
INFO 2026-07-27 15:24:26.235 joltshadow - docs §70.1: slipdense (player) f=224 w=3 grounded=1 kappa=0.002 fnGround=716 omega=0.02 | ftGround=2N target=0.0 limit=2098Nm motorNm=2 tyreNm=-2 inertia=2.91 limRot=0/1/0 omegaPre=0.02 posN=1/-8/0 susp=-0.0838 springN=608
INFO 2026-07-27 15:24:26.235 joltshadow - docs §78: attdense (player) f=224 joltTilt=0.60 odeTilt=0.03 upDelta=0.57 wBody=(0.02,-0.00,0.00) |w|=0.02 grounded=4
INFO 2026-07-27 15:24:26.235 joltshadow - docs §82: resync (player) #3 dt=0.50s upMax=0.689 deg posMax=0.018 m odeTiltPath=0.008 deg gain=-1.0000
INFO 2026-07-27 15:24:26.236 joltshadow - docs §87: resync landing (player) w=0 pre=-0.0028 post=-0.0095 m R=0.727 dY=-0.0111 dRotDeg=0.57 |corr|=0.0165 m
INFO 2026-07-27 15:24:26.236 joltshadow - docs §87: resync landing (player) w=1 pre=-0.0028 post=-0.0090 m R=0.727 dY=-0.0111 dRotDeg=0.57 |corr|=0.0165 m
INFO 2026-07-27 15:24:26.236 joltshadow - docs §87: resync landing (player) w=2 pre=-0.0060 post=-0.0096 m R=0.727 dY=-0.0111 dRotDeg=0.57 |corr|=0.0165 m
INFO 2026-07-27 15:24:26.236 joltshadow - docs §87: resync landing (player) w=3 pre=-0.0060 post=-0.0092 m R=0.727 dY=-0.0111 dRotDeg=0.57 |corr|=0.0165 m
INFO 2026-07-27 15:24:26.236 joltshadow - docs §82: resync RESIDUAL (player) #3 pos=0.0000 m up=0.0198 deg
INFO 2026-07-27 15:24:26.259 joltshadow - docs §70.1: slipdense (player) f=228 w=0 grounded=1 kappa=-0.035 fnGround=335 omega=-0.02 | ftGround=-39N target=0.0 limit=1192Nm motorNm=-30 tyreNm=28 inertia=2.91 limRot=0/-1/0 omegaPre=-0.02 posN=-1/34/0 susp=-0.0703 springN=381
INFO 2026-07-27 15:24:26.260 joltshadow - docs §70.1: slipdense (player) f=228 w=1 grounded=1 kappa=-0.035 fnGround=342 omega=-0.02 | ftGround=-39N target=0.0 limit=1192Nm motorNm=-30 tyreNm=28 inertia=2.91 limRot=0/-1/0 omegaPre=-0.02 posN=-1/34/0 susp=-0.0699 springN=376
INFO 2026-07-27 15:24:26.260 joltshadow - docs §70.1: slipdense (player) f=228 w=2 grounded=1 kappa=-0.035 fnGround=512 omega=-0.02 | ftGround=-39N target=0.0 limit=1499Nm motorNm=-30 tyreNm=28 inertia=2.91 limRot=0/-1/-0 omegaPre=-0.02 posN=-1/34/0 susp=-0.0731 springN=528
INFO 2026-07-27 15:24:26.260 joltshadow - docs §70.1: slipdense (player) f=228 w=3 grounded=1 kappa=-0.035 fnGround=518 omega=-0.02 | ftGround=-39N target=0.0 limit=1516Nm motorNm=-30 tyreNm=28 inertia=2.91 limRot=0/-1/-0 omegaPre=-0.02 posN=-1/33/0 susp=-0.0725 springN=522
INFO 2026-07-27 15:24:26.260 joltshadow - docs §78: attdense (player) f=228 joltTilt=0.04 odeTilt=0.03 upDelta=0.02 wBody=(-0.02,0.00,-0.00) |w|=0.02 grounded=4
INFO 2026-07-27 15:24:26.289 joltshadow - docs §70.1: slipdense (player) f=232 w=0 grounded=1 kappa=-0.036 fnGround=407 omega=-0.04 | ftGround=-30N target=0.0 limit=1192Nm motorNm=-23 tyreNm=22 inertia=2.91 limRot=0/-0/0 omegaPre=-0.03 posN=-0/25/0 susp=-0.0625 springN=289
INFO 2026-07-27 15:24:26.290 joltshadow - docs §70.1: slipdense (player) f=232 w=1 grounded=1 kappa=-0.036 fnGround=402 omega=-0.04 | ftGround=-30N target=0.0 limit=1192Nm motorNm=-23 tyreNm=22 inertia=2.91 limRot=0/-0/0 omegaPre=-0.03 posN=-0/25/0 susp=-0.0620 springN=288
INFO 2026-07-27 15:24:26.290 joltshadow - docs §70.1: slipdense (player) f=232 w=2 grounded=1 kappa=-0.036 fnGround=589 omega=-0.04 | ftGround=-30N target=0.0 limit=1684Nm motorNm=-23 tyreNm=21 inertia=2.91 limRot=0/-0/-0 omegaPre=-0.03 posN=-1/24/0 susp=-0.0695 springN=477
INFO 2026-07-27 15:24:26.290 joltshadow - docs §70.1: slipdense (player) f=232 w=3 grounded=1 kappa=-0.036 fnGround=586 omega=-0.04 | ftGround=-30N target=0.0 limit=1679Nm motorNm=-22 tyreNm=21 inertia=2.91 limRot=0/-0/-0 omegaPre=-0.03 posN=-1/24/0 susp=-0.0690 springN=474
INFO 2026-07-27 15:24:26.290 joltshadow - docs §78: attdense (player) f=232 joltTilt=0.10 odeTilt=0.02 upDelta=0.08 wBody=(-0.04,0.00,-0.00) |w|=0.04 grounded=4
INFO 2026-07-27 15:24:26.325 joltshadow - docs §70.1: slipdense (player) f=236 w=0 grounded=1 kappa=-0.022 fnGround=340 omega=-0.05 | ftGround=-21N target=0.0 limit=1192Nm motorNm=-15 tyreNm=15 inertia=2.91 limRot=0/-0/0 omegaPre=-0.05 posN=-0/16/0 susp=-0.0524 springN=234
INFO 2026-07-27 15:24:26.325 joltshadow - docs §70.1: slipdense (player) f=236 w=1 grounded=1 kappa=-0.022 fnGround=340 omega=-0.05 | ftGround=-21N target=0.0 limit=1192Nm motorNm=-15 tyreNm=15 inertia=2.91 limRot=0/-0/0 omegaPre=-0.05 posN=-0/16/0 susp=-0.0520 springN=232
INFO 2026-07-27 15:24:26.325 joltshadow - docs §70.1: slipdense (player) f=236 w=2 grounded=1 kappa=-0.021 fnGround=582 omega=-0.05 | ftGround=-19N target=0.0 limit=1693Nm motorNm=-14 tyreNm=14 inertia=2.91 limRot=0/-0/-0 omegaPre=-0.05 posN=-0/14/0 susp=-0.0663 springN=474
INFO 2026-07-27 15:24:26.325 joltshadow - docs §70.1: slipdense (player) f=236 w=3 grounded=1 kappa=-0.021 fnGround=579 omega=-0.05 | ftGround=-19N target=0.0 limit=1686Nm motorNm=-14 tyreNm=14 inertia=2.91 limRot=0/-0/-0 omegaPre=-0.05 posN=-0/14/0 susp=-0.0659 springN=472
INFO 2026-07-27 15:24:26.325 joltshadow - docs §78: attdense (player) f=236 joltTilt=0.19 odeTilt=0.02 upDelta=0.17 wBody=(-0.05,0.00,-0.00) |w|=0.05 grounded=4
INFO 2026-07-27 15:24:26.351 joltshadow - docs §70.1: slipdense (player) f=240 w=0 grounded=1 kappa=-0.012 fnGround=308 omega=-0.05 | ftGround=-14N target=0.0 limit=1192Nm motorNm=-10 tyreNm=10 inertia=2.91 limRot=0/-0/0 omegaPre=-0.05 posN=-0/10/0 susp=-0.0458 springN=203
INFO 2026-07-27 15:24:26.351 joltshadow - docs §70.1: slipdense (player) f=240 w=1 grounded=1 kappa=-0.012 fnGround=307 omega=-0.05 | ftGround=-13N target=0.0 limit=1192Nm motorNm=-10 tyreNm=10 inertia=2.91 limRot=0/-0/0 omegaPre=-0.05 posN=-0/10/0 susp=-0.0456 springN=203
INFO 2026-07-27 15:24:26.351 joltshadow - docs §70.1: slipdense (player) f=240 w=2 grounded=1 kappa=-0.010 fnGround=585 omega=-0.05 | ftGround=-11N target=0.0 limit=1699Nm motorNm=-8 tyreNm=8 inertia=2.91 limRot=0/-0/-0 omegaPre=-0.05 posN=-0/7/0 susp=-0.0652 springN=480
INFO 2026-07-27 15:24:26.352 joltshadow - docs §70.1: slipdense (player) f=240 w=3 grounded=1 kappa=-0.010 fnGround=583 omega=-0.05 | ftGround=-11N target=0.0 limit=1693Nm motorNm=-8 tyreNm=8 inertia=2.91 limRot=0/-0/-0 omegaPre=-0.05 posN=-0/7/0 susp=-0.0649 springN=479
INFO 2026-07-27 15:24:26.352 joltshadow - docs §78: attdense (player) f=240 joltTilt=0.27 odeTilt=0.02 upDelta=0.25 wBody=(-0.05,0.00,-0.00) |w|=0.05 grounded=4
INFO 2026-07-27 15:24:26.352 joltshadow - Shadow divergence (player): pos=1.619m vel=0.143m/s angle=0.2deg (jolt com=[4668.6 259.2 1252.1] ode com=[4668.5 257.7 1251.5])
INFO 2026-07-27 15:24:26.352 joltshadow - docs §23.6: driver input (player) realThrottle=-10.00 brake=0.01 handBrake=1 steerRad=0.000
INFO 2026-07-27 15:24:26.352 joltshadow - docs §32: Jolt SHADOW chassis pitch (player) forward=(-0.223, 0.005, -0.975)
INFO 2026-07-27 15:24:26.352 joltshadow - docs §69: tilt (player) jolt=0.3 deg ode=0.0 deg delta=+0.2 deg upDelta=0.25 deg
INFO 2026-07-27 15:24:26.352 joltshadow - docs §32.4: Jolt SHADOW chassis lowest corner (player) = (4667.87,259.06,1255.70) clearanceToGround=1.065
INFO 2026-07-27 15:24:26.352 joltshadow - docs §23.5: wheel state (player) wheel=0 contact=0 suspLen=1.050 (range 0.050-1.050, 0% compressed) angVel=0.00
INFO 2026-07-27 15:24:26.352 joltshadow - docs §38.11: wheel=0 NO contact, worldAxle=(0.975,0.000,-0.223)
INFO 2026-07-27 15:24:26.352 joltshadow - docs §32: no-contact raycast (player) wheel=0 bodyPos=(4668.45,259.15,1251.49) localMPos=(-1.367,-0.436,2.663) origin=(4669.19,258.73,1248.59) dir=(-0.001,-1.000,-0.005) normalRayLen=1.777 groundFoundAt=0.000 shortfallBeyondTravel=-1.777 hitBody=8391036 hitLayer=4 hitMotion=2 hitIsSelfChassis=0
INFO 2026-07-27 15:24:26.352 joltshadow - docs §23.5: wheel state (player) wheel=1 contact=0 suspLen=1.050 (range 0.050-1.050, 0% compressed) angVel=0.00
INFO 2026-07-27 15:24:26.352 joltshadow - docs §38.11: wheel=1 NO contact, worldAxle=(0.975,0.000,-0.223)
INFO 2026-07-27 15:24:26.352 joltshadow - docs §32: no-contact raycast (player) wheel=1 bodyPos=(4668.45,259.15,1251.49) localMPos=(1.369,-0.436,2.663) origin=(4666.53,258.73,1249.20) dir=(-0.001,-1.000,-0.005) normalRayLen=1.777 groundFoundAt=0.000 shortfallBeyondTravel=-1.777 hitBody=8391037 hitLayer=4 hitMotion=2 hitIsSelfChassis=0
INFO 2026-07-27 15:24:26.352 joltshadow - docs §23.5: wheel state (player) wheel=2 contact=0 suspLen=1.050 (range 0.050-1.050, 0% compressed) angVel=0.00
INFO 2026-07-27 15:24:26.352 joltshadow - docs §38.11: wheel=2 NO contact, worldAxle=(0.975,0.000,-0.223)
INFO 2026-07-27 15:24:26.352 joltshadow - docs §32: no-contact raycast (player) wheel=2 bodyPos=(4668.45,259.15,1251.49) localMPos=(-1.367,-0.436,-1.944) origin=(4670.22,258.71,1253.08) dir=(-0.001,-1.000,-0.005) normalRayLen=1.777 groundFoundAt=0.000 shortfallBeyondTravel=-1.777 hitBody=8391038 hitLayer=4 hitMotion=2 hitIsSelfChassis=0
INFO 2026-07-27 15:24:26.352 joltshadow - docs §23.5: wheel state (player) wheel=3 contact=0 suspLen=1.050 (range 0.050-1.050, 0% compressed) angVel=0.00
INFO 2026-07-27 15:24:26.352 joltshadow - docs §38.11: wheel=3 NO contact, worldAxle=(0.975,0.000,-0.223)
INFO 2026-07-27 15:24:26.352 joltshadow - docs §32: no-contact raycast (player) wheel=3 bodyPos=(4668.45,259.15,1251.49) localMPos=(1.369,-0.436,-1.944) origin=(4667.55,258.71,1253.69) dir=(-0.001,-1.000,-0.005) normalRayLen=1.777 groundFoundAt=0.000 shortfallBeyondTravel=-1.777 hitBody=8391039 hitLayer=4 hitMotion=2 hitIsSelfChassis=0
INFO 2026-07-27 15:24:26.352 joltshadow - docs §59/63: harvest (player) wheelsWithContact=4 contactPoints=8 overflow=0 (of 4) | maxNormalF=585N bound(k_t*tau)=1229N ratio=0.48
INFO 2026-07-27 15:24:26.352 joltshadow - docs §58: wheel body (player) w=0 springF=203N stopF=0N travel=-0.0458 (limits -0.5000..0.5000 rel spawn) kSusp=6000 sagPredicted=0.0339 | frameTrav=-0.0464..-0.0458 frameStopN=0
INFO 2026-07-27 15:24:26.352 joltshadow - docs §66: tyre band (player) w=0 fnGround=308N fnTotal=308N pen=0.00267 penRaw=0.00267 tau=0.01024 pen/tau=0.26 | recs tyre=1 rim=1 survived=1 stale=0 distMax=1.00R
INFO 2026-07-27 15:24:26.352 joltshadow - docs §68: steer (player) w=0 steerable=1 commanded=0.000 rad measured=0.000 rad err=0.00 deg steerSign=-1 steerTq=0Nm cap=1192Nm sat=0.00
INFO 2026-07-27 15:24:26.352 joltshadow - docs §70: slip (player) w=0 grounded=1 kappa=-0.012 fnGround=308N omega=-0.05
INFO 2026-07-27 15:24:26.353 joltshadow - docs §67: spin (player) w=0 driven=1 omega=-0.05 rad/s surfaceSpeed=-0.04 m/s spinSign=+1 motorTq=-10Nm cmdTq=1192Nm
INFO 2026-07-27 15:24:26.353 joltshadow - docs §58: wheel body (player) w=1 springF=203N stopF=0N travel=-0.0456 (limits -0.5000..0.5000 rel spawn) kSusp=6000 sagPredicted=0.0338 | frameTrav=-0.0461..-0.0456 frameStopN=0
INFO 2026-07-27 15:24:26.353 joltshadow - docs §66: tyre band (player) w=1 fnGround=307N fnTotal=307N pen=0.00267 penRaw=0.00267 tau=0.01024 pen/tau=0.26 | recs tyre=1 rim=1 survived=1 stale=0 distMax=1.00R
INFO 2026-07-27 15:24:26.353 joltshadow - docs §68: steer (player) w=1 steerable=1 commanded=0.000 rad measured=0.000 rad err=0.00 deg steerSign=-1 steerTq=0Nm cap=1192Nm sat=0.00
INFO 2026-07-27 15:24:26.353 joltshadow - docs §70: slip (player) w=1 grounded=1 kappa=-0.012 fnGround=307N omega=-0.05
INFO 2026-07-27 15:24:26.353 joltshadow - docs §67: spin (player) w=1 driven=1 omega=-0.05 rad/s surfaceSpeed=-0.04 m/s spinSign=+1 motorTq=-10Nm cmdTq=1192Nm
INFO 2026-07-27 15:24:26.353 joltshadow - docs §58: wheel body (player) w=2 springF=480N stopF=0N travel=-0.0652 (limits -0.5000..0.5000 rel spawn) kSusp=7500 sagPredicted=0.0640 | frameTrav=-0.0653..-0.0652 frameStopN=0
INFO 2026-07-27 15:24:26.353 joltshadow - docs §66: tyre band (player) w=2 fnGround=585N fnTotal=585N pen=0.00487 penRaw=0.00487 tau=0.01024 pen/tau=0.48 | recs tyre=1 rim=1 survived=1 stale=0 distMax=0.99R
INFO 2026-07-27 15:24:26.353 joltshadow - docs §68: steer (player) w=2 steerable=0 commanded=0.000 rad measured=0.000 rad err=0.00 deg steerSign=-1 steerTq=0Nm cap=340282346638528859811704183484516925440Nm sat=0.00
INFO 2026-07-27 15:24:26.353 joltshadow - docs §70: slip (player) w=2 grounded=1 kappa=-0.010 fnGround=585N omega=-0.05
INFO 2026-07-27 15:24:26.353 joltshadow - docs §67: spin (player) w=2 driven=1 omega=-0.05 rad/s surfaceSpeed=-0.04 m/s spinSign=+1 motorTq=-8Nm cmdTq=1699Nm
INFO 2026-07-27 15:24:26.353 joltshadow - docs §58: wheel body (player) w=3 springF=479N stopF=0N travel=-0.0649 (limits -0.5000..0.5000 rel spawn) kSusp=7500 sagPredicted=0.0638 | frameTrav=-0.0650..-0.0649 frameStopN=0
INFO 2026-07-27 15:24:26.353 joltshadow - docs §66: tyre band (player) w=3 fnGround=583N fnTotal=584N pen=0.00484 penRaw=0.00484 tau=0.01024 pen/tau=0.47 | recs tyre=1 rim=1 survived=1 stale=0 distMax=0.99R
INFO 2026-07-27 15:24:26.353 joltshadow - docs §68: steer (player) w=3 steerable=0 commanded=0.000 rad measured=0.000 rad err=0.00 deg steerSign=-1 steerTq=0Nm cap=340282346638528859811704183484516925440Nm sat=0.00
INFO 2026-07-27 15:24:26.353 joltshadow - docs §70: slip (player) w=3 grounded=1 kappa=-0.010 fnGround=583N omega=-0.05
INFO 2026-07-27 15:24:26.353 joltshadow - docs §67: spin (player) w=3 driven=1 omega=-0.05 rad/s surfaceSpeed=-0.04 m/s spinSign=+1 motorTq=-8Nm cmdTq=1693Nm
INFO 2026-07-27 15:24:26.353 joltshadow - docs §67: drivetrain (player) gear=0 rpm=20 driveTorque=2880Nm perWheel=720Nm driven=4 throttle=-1.00 spin=1 | PRE-STEP brake=0.01 handBrake=1
INFO 2026-07-27 15:24:26.353 joltshadow - docs §66: tyre band SUM (player) fnGroundSum=1783N fnTotalSum=1783N weight=1638N carried=1.09 | penSum=0.01505 recs tyre=4 rim=4 stale=0
INFO 2026-07-27 15:24:26.353 joltshadow - docs §30: REAL ODE chassis COM (player) body=53396828 = (4668.453, 257.735, 1251.491) forward=(-0.223, 0.000, -0.975)
INFO 2026-07-27 15:24:26.353 joltshadow - docs §33: real ODE chassis geom (player) #1 = class 0 (not a transform) pos=(4668.453,257.735,1251.491) radius=4.000
INFO 2026-07-27 15:24:26.353 joltshadow - docs §33: real ODE chassis geom (player) #2 = transform, inner class=1 pos=(0.000,3.010,-1.827)
INFO 2026-07-27 15:24:26.353 joltshadow - docs §33: real ODE chassis geom (player) #3 = transform, inner class=1 pos=(0.013,2.455,4.253)
INFO 2026-07-27 15:24:26.353 joltshadow - docs §33: real ODE chassis geom (player) #4 = transform, inner class=1 pos=(0.000,2.778,2.038)
INFO 2026-07-27 15:24:26.353 joltshadow - docs §33: real ODE chassis geom (player) #5 = transform, inner class=1 pos=(0.000,1.675,0.000)
INFO 2026-07-27 15:24:26.354 joltshadow - docs §33: real ODE chassis geom (player) #6 = class 0 (not a transform) pos=(4668.453,257.735,1251.491) radius=30.000
INFO 2026-07-27 15:24:26.354 joltshadow - docs §33: real ODE chassis geom (player) #7 = class 0 (not a transform) pos=(4668.453,257.735,1251.491) radius=8.161
INFO 2026-07-27 15:24:26.354 joltshadow - docs §33: real ODE chassis geom (player) #8 = class 0 (not a transform) pos=(4668.453,257.735,1251.491) radius=200.000
INFO 2026-07-27 15:24:26.354 joltshadow - docs §33: real ODE chassis (player) has 8 total geom(s) directly attached (4 transform(s)) - compare against BuildChassisCompoundShape's own part/geom count in the build log
INFO 2026-07-27 15:24:26.354 joltshadow - docs §28: REAL ODE wheel state (player) wheel=0 displacement=0.0174 range=1.000 (2% compressed, signed) foreAft=2.663 localZ=2.663 cfm=0.002500 erp=0.2500
INFO 2026-07-27 15:24:26.354 joltshadow - docs §28: REAL ODE wheel state (player) wheel=1 displacement=0.0173 range=1.000 (2% compressed, signed) foreAft=2.663 localZ=2.663 cfm=0.002500 erp=0.2500
INFO 2026-07-27 15:24:26.354 joltshadow - docs §28: REAL ODE wheel state (player) wheel=2 displacement=0.0188 range=1.000 (2% compressed, signed) foreAft=-1.943 localZ=-1.944 cfm=0.002000 erp=0.2500
INFO 2026-07-27 15:24:26.354 joltshadow - docs §28: REAL ODE wheel state (player) wheel=3 displacement=0.0188 range=1.000 (2% compressed, signed) foreAft=-1.944 localZ=-1.944 cfm=0.002000 erp=0.2500
INFO 2026-07-27 15:24:26.376 joltshadow - docs §70.1: slipdense (player) f=244 w=0 grounded=1 kappa=-0.004 fnGround=293 omega=-0.05 | ftGround=-4N target=0.0 limit=1192Nm motorNm=-3 tyreNm=3 inertia=2.91 limRot=0/0/0 omegaPre=-0.05 posN=0/2/0 susp=-0.0404 springN=183
INFO 2026-07-27 15:24:26.376 joltshadow - docs §70.1: slipdense (player) f=244 w=1 grounded=1 kappa=-0.004 fnGround=293 omega=-0.05 | ftGround=-4N target=0.0 limit=1192Nm motorNm=-3 tyreNm=3 inertia=2.91 limRot=0/-0/0 omegaPre=-0.05 posN=0/2/0 susp=-0.0402 springN=183
INFO 2026-07-27 15:24:26.376 joltshadow - docs §70.1: slipdense (player) f=244 w=2 grounded=1 kappa=-0.001 fnGround=598 omega=-0.05 | ftGround=-2N target=0.0 limit=1739Nm motorNm=-1 tyreNm=1 inertia=2.91 limRot=0/-0/0 omegaPre=-0.05 posN=-0/-2/0 susp=-0.0651 springN=493
INFO 2026-07-27 15:24:26.376 joltshadow - docs §70.1: slipdense (player) f=244 w=3 grounded=1 kappa=-0.001 fnGround=598 omega=-0.05 | ftGround=-2N target=0.0 limit=1737Nm motorNm=-1 tyreNm=1 inertia=2.91 limRot=0/-0/0 omegaPre=-0.05 posN=-0/-2/0 susp=-0.0649 springN=493
INFO 2026-07-27 15:24:26.376 joltshadow - docs §78: attdense (player) f=244 joltTilt=0.34 odeTilt=0.02 upDelta=0.32 wBody=(-0.05,0.00,-0.00) |w|=0.05 grounded=4
INFO 2026-07-27 15:24:26.402 joltshadow - docs §70.1: slipdense (player) f=248 w=0 grounded=1 kappa=0.003 fnGround=278 omega=-0.04 | ftGround=2N target=0.0 limit=1192Nm motorNm=2 tyreNm=-2 inertia=2.91 limRot=0/0/0 omegaPre=-0.05 posN=0/-3/0 susp=-0.0359 springN=172
INFO 2026-07-27 15:24:26.402 joltshadow - docs §70.1: slipdense (player) f=248 w=1 grounded=1 kappa=0.003 fnGround=279 omega=-0.04 | ftGround=2N target=0.0 limit=1192Nm motorNm=2 tyreNm=-2 inertia=2.91 limRot=0/0/0 omegaPre=-0.05 posN=0/-3/0 susp=-0.0360 springN=173
INFO 2026-07-27 15:24:26.402 joltshadow - docs §70.1: slipdense (player) f=248 w=2 grounded=1 kappa=0.005 fnGround=620 omega=-0.04 | ftGround=4N target=0.0 limit=1790Nm motorNm=4 tyreNm=-3 inertia=2.91 limRot=0/0/0 omegaPre=-0.05 posN=0/-8/0 susp=-0.0659 springN=514
INFO 2026-07-27 15:24:26.402 joltshadow - docs §70.1: slipdense (player) f=248 w=3 grounded=1 kappa=0.005 fnGround=623 omega=-0.04 | ftGround=4N target=0.0 limit=1791Nm motorNm=4 tyreNm=-3 inertia=2.91 limRot=0/0/0 omegaPre=-0.05 posN=0/-8/0 susp=-0.0659 springN=515
INFO 2026-07-27 15:24:26.402 joltshadow - docs §78: attdense (player) f=248 joltTilt=0.40 odeTilt=0.02 upDelta=0.39 wBody=(-0.04,-0.00,-0.00) |w|=0.04 grounded=4
INFO 2026-07-27 15:24:26.425 joltshadow - docs §70.1: slipdense (player) f=252 w=0 grounded=1 kappa=0.007 fnGround=274 omega=-0.04 | ftGround=7N target=0.0 limit=1192Nm motorNm=6 tyreNm=-5 inertia=2.91 limRot=0/0/0 omegaPre=-0.04 posN=0/-7/0 susp=-0.0330 springN=170
INFO 2026-07-27 15:24:26.425 joltshadow - docs §70.1: slipdense (player) f=252 w=1 grounded=1 kappa=0.007 fnGround=279 omega=-0.04 | ftGround=7N target=0.0 limit=1192Nm motorNm=5 tyreNm=-5 inertia=2.91 limRot=0/0/0 omegaPre=-0.04 posN=0/-7/0 susp=-0.0332 springN=171
INFO 2026-07-27 15:24:26.425 joltshadow - docs §70.1: slipdense (player) f=252 w=2 grounded=1 kappa=0.010 fnGround=643 omega=-0.04 | ftGround=9N target=0.0 limit=1856Nm motorNm=7 tyreNm=-7 inertia=2.91 limRot=0/0/0 omegaPre=-0.04 posN=0/-13/0 susp=-0.0674 springN=536
INFO 2026-07-27 15:24:26.426 joltshadow - docs §70.1: slipdense (player) f=252 w=3 grounded=1 kappa=0.010 fnGround=644 omega=-0.04 | ftGround=9N target=0.0 limit=1847Nm motorNm=7 tyreNm=-7 inertia=2.91 limRot=0/0/0 omegaPre=-0.04 posN=0/-13/0 susp=-0.0676 springN=537
INFO 2026-07-27 15:24:26.426 joltshadow - docs §78: attdense (player) f=252 joltTilt=0.46 odeTilt=0.02 upDelta=0.44 wBody=(-0.04,-0.00,-0.00) |w|=0.04 grounded=4
INFO 2026-07-27 15:24:26.449 joltshadow - docs §70.1: slipdense (player) f=256 w=0 grounded=1 kappa=0.010 fnGround=278 omega=-0.04 | ftGround=9N target=0.0 limit=1192Nm motorNm=8 tyreNm=-7 inertia=2.91 limRot=0/0/0 omegaPre=-0.04 posN=0/-10/0 susp=-0.0312 springN=171
INFO 2026-07-27 15:24:26.449 joltshadow - docs §70.1: slipdense (player) f=256 w=1 grounded=1 kappa=0.010 fnGround=281 omega=-0.04 | ftGround=9N target=0.0 limit=1192Nm motorNm=8 tyreNm=-7 inertia=2.91 limRot=0/0/0 omegaPre=-0.04 posN=0/-10/0 susp=-0.0316 springN=174
INFO 2026-07-27 15:24:26.449 joltshadow - docs §70.1: slipdense (player) f=256 w=2 grounded=1 kappa=0.013 fnGround=668 omega=-0.04 | ftGround=12N target=0.0 limit=1922Nm motorNm=9 tyreNm=-9 inertia=2.91 limRot=0/0/0 omegaPre=-0.04 posN=1/-16/0 susp=-0.0694 springN=559
INFO 2026-07-27 15:24:26.449 joltshadow - docs §70.1: slipdense (player) f=256 w=3 grounded=1 kappa=0.013 fnGround=671 omega=-0.04 | ftGround=12N target=0.0 limit=1935Nm motorNm=9 tyreNm=-9 inertia=2.91 limRot=0/0/0 omegaPre=-0.04 posN=1/-16/0 susp=-0.0698 springN=562
INFO 2026-07-27 15:24:26.449 joltshadow - docs §78: attdense (player) f=256 joltTilt=0.51 odeTilt=0.02 upDelta=0.49 wBody=(-0.04,-0.00,-0.00) |w|=0.04 grounded=4
INFO 2026-07-27 15:24:26.482 joltshadow - docs §70.1: slipdense (player) f=260 w=0 grounded=1 kappa=0.014 fnGround=284 omega=-0.03 | ftGround=12N target=0.0 limit=1192Nm motorNm=10 tyreNm=-9 inertia=2.91 limRot=0/0/0 omegaPre=-0.03 posN=0/-13/0 susp=-0.0302 springN=179
INFO 2026-07-27 15:24:26.483 joltshadow - docs §70.1: slipdense (player) f=260 w=1 grounded=1 kappa=0.013 fnGround=288 omega=-0.03 | ftGround=12N target=0.0 limit=1192Nm motorNm=10 tyreNm=-9 inertia=2.91 limRot=0/0/0 omegaPre=-0.03 posN=0/-12/0 susp=-0.0308 springN=182
INFO 2026-07-27 15:24:26.483 joltshadow - docs §70.1: slipdense (player) f=260 w=2 grounded=1 kappa=0.016 fnGround=700 omega=-0.03 | ftGround=15N target=0.0 limit=2008Nm motorNm=11 tyreNm=-11 inertia=2.91 limRot=0/1/0 omegaPre=-0.03 posN=1/-19/0 susp=-0.0729 springN=591
INFO 2026-07-27 15:24:26.483 joltshadow - docs §70.1: slipdense (player) f=260 w=3 grounded=1 kappa=0.016 fnGround=704 omega=-0.03 | ftGround=15N target=0.0 limit=2019Nm motorNm=11 tyreNm=-11 inertia=2.91 limRot=0/1/0 omegaPre=-0.03 posN=1/-19/0 susp=-0.0734 springN=595
INFO 2026-07-27 15:24:26.483 joltshadow - docs §78: attdense (player) f=260 joltTilt=0.57 odeTilt=0.02 upDelta=0.55 wBody=(-0.03,-0.00,-0.00) |w|=0.03 grounded=4
INFO 2026-07-27 15:24:26.524 joltshadow - docs §70.1: slipdense (player) f=264 w=0 grounded=1 kappa=0.016 fnGround=303 omega=-0.02 | ftGround=12N target=0.0 limit=1192Nm motorNm=10 tyreNm=-9 inertia=2.91 limRot=0/0/0 omegaPre=-0.02 posN=1/-13/0 susp=-0.0307 springN=194
INFO 2026-07-27 15:24:26.524 joltshadow - docs §70.1: slipdense (player) f=264 w=1 grounded=1 kappa=0.016 fnGround=306 omega=-0.02 | ftGround=12N target=0.0 limit=1192Nm motorNm=9 tyreNm=-9 inertia=2.91 limRot=0/0/0 omegaPre=-0.02 posN=1/-12/0 susp=-0.0315 springN=199
INFO 2026-07-27 15:24:26.524 joltshadow - docs §70.1: slipdense (player) f=264 w=2 grounded=1 kappa=0.018 fnGround=728 omega=-0.02 | ftGround=14N target=0.0 limit=2110Nm motorNm=11 tyreNm=-10 inertia=2.91 limRot=0/1/0 omegaPre=-0.02 posN=1/-19/0 susp=-0.0773 springN=623
INFO 2026-07-27 15:24:26.524 joltshadow - docs §70.1: slipdense (player) f=264 w=3 grounded=1 kappa=0.018 fnGround=735 omega=-0.02 | ftGround=13N target=0.0 limit=2122Nm motorNm=10 tyreNm=-10 inertia=2.91 limRot=0/1/0 omegaPre=-0.02 posN=1/-18/0 susp=-0.0781 springN=629
INFO 2026-07-27 15:24:26.524 joltshadow - docs §78: attdense (player) f=264 joltTilt=0.62 odeTilt=0.02 upDelta=0.60 wBody=(-0.02,-0.00,0.00) |w|=0.02 grounded=4
INFO 2026-07-27 15:24:26.559 joltshadow - docs §70.1: slipdense (player) f=268 w=0 grounded=1 kappa=0.014 fnGround=315 omega=-0.01 | ftGround=14N target=0.0 limit=1192Nm motorNm=11 tyreNm=-11 inertia=2.91 limRot=0/1/0 omegaPre=-0.01 posN=1/-15/0 susp=-0.0320 springN=207
INFO 2026-07-27 15:24:26.559 joltshadow - docs §70.1: slipdense (player) f=268 w=1 grounded=1 kappa=0.014 fnGround=320 omega=-0.01 | ftGround=14N target=0.0 limit=1192Nm motorNm=11 tyreNm=-10 inertia=2.91 limRot=0/1/0 omegaPre=-0.01 posN=1/-14/0 susp=-0.0330 springN=212
INFO 2026-07-27 15:24:26.559 joltshadow - docs §70.1: slipdense (player) f=268 w=2 grounded=1 kappa=0.015 fnGround=750 omega=-0.01 | ftGround=16N target=0.0 limit=2177Nm motorNm=12 tyreNm=-11 inertia=2.91 limRot=0/1/0 omegaPre=-0.01 posN=2/-21/0 susp=-0.0808 springN=643
INFO 2026-07-27 15:24:26.559 joltshadow - docs §70.1: slipdense (player) f=268 w=3 grounded=1 kappa=0.015 fnGround=755 omega=-0.01 | ftGround=15N target=0.0 limit=2189Nm motorNm=12 tyreNm=-11 inertia=2.91 limRot=0/1/0 omegaPre=-0.01 posN=2/-20/0 susp=-0.0819 springN=648
INFO 2026-07-27 15:24:26.559 joltshadow - docs §78: attdense (player) f=268 joltTilt=0.65 odeTilt=0.02 upDelta=0.63 wBody=(-0.01,-0.00,0.00) |w|=0.01 grounded=4
INFO 2026-07-27 15:24:26.597 joltshadow - docs §70.1: slipdense (player) f=272 w=0 grounded=1 kappa=0.013 fnGround=325 omega=-0.00 | ftGround=12N target=0.0 limit=1192Nm motorNm=9 tyreNm=-9 inertia=2.91 limRot=0/1/0 omegaPre=-0.00 posN=1/-13/0 susp=-0.0340 springN=219
INFO 2026-07-27 15:24:26.597 joltshadow - docs §70.1: slipdense (player) f=272 w=1 grounded=1 kappa=0.013 fnGround=334 omega=-0.00 | ftGround=12N target=0.0 limit=1192Nm motorNm=9 tyreNm=-8 inertia=2.91 limRot=0/1/0 omegaPre=-0.00 posN=1/-13/0 susp=-0.0351 springN=224
INFO 2026-07-27 15:24:26.597 joltshadow - docs §70.1: slipdense (player) f=272 w=2 grounded=1 kappa=0.014 fnGround=761 omega=-0.00 | ftGround=12N target=0.0 limit=2213Nm motorNm=10 tyreNm=-9 inertia=2.91 limRot=0/1/0 omegaPre=-0.00 posN=2/-18/0 susp=-0.0840 springN=654
INFO 2026-07-27 15:24:26.597 joltshadow - docs §70.1: slipdense (player) f=272 w=3 grounded=1 kappa=0.013 fnGround=768 omega=-0.00 | ftGround=12N target=0.0 limit=2225Nm motorNm=9 tyreNm=-9 inertia=2.91 limRot=0/1/0 omegaPre=-0.00 posN=2/-18/0 susp=-0.0851 springN=660
INFO 2026-07-27 15:24:26.597 joltshadow - docs §78: attdense (player) f=272 joltTilt=0.67 odeTilt=0.03 upDelta=0.64 wBody=(-0.00,-0.00,0.00) |w|=0.00 grounded=4
INFO 2026-07-27 15:24:26.631 joltshadow - docs §70.1: slipdense (player) f=276 w=0 grounded=1 kappa=0.011 fnGround=337 omega=0.00 | ftGround=9N target=0.0 limit=1192Nm motorNm=7 tyreNm=-6 inertia=2.91 limRot=0/1/0 omegaPre=0.00 posN=1/-10/0 susp=-0.0355 springN=225
INFO 2026-07-27 15:24:26.631 joltshadow - docs §70.1: slipdense (player) f=276 w=1 grounded=1 kappa=0.011 fnGround=341 omega=0.00 | ftGround=8N target=0.0 limit=1192Nm motorNm=6 tyreNm=-6 inertia=2.91 limRot=0/1/0 omegaPre=0.00 posN=1/-10/0 susp=-0.0367 springN=231
INFO 2026-07-27 15:24:26.632 joltshadow - docs §70.1: slipdense (player) f=276 w=2 grounded=1 kappa=0.011 fnGround=762 omega=0.00 | ftGround=9N target=0.0 limit=2219Nm motorNm=7 tyreNm=-6 inertia=2.91 limRot=0/1/0 omegaPre=0.00 posN=2/-15/0 susp=-0.0855 springN=654
INFO 2026-07-27 15:24:26.632 joltshadow - docs §70.1: slipdense (player) f=276 w=3 grounded=1 kappa=0.010 fnGround=768 omega=0.00 | ftGround=8N target=0.0 limit=2236Nm motorNm=6 tyreNm=-6 inertia=2.91 limRot=0/1/0 omegaPre=0.00 posN=2/-15/0 susp=-0.0867 springN=660
INFO 2026-07-27 15:24:26.632 joltshadow - docs §78: attdense (player) f=276 joltTilt=0.67 odeTilt=0.03 upDelta=0.63 wBody=(0.00,-0.00,0.00) |w|=0.00 grounded=4
INFO 2026-07-27 15:24:26.668 joltshadow - docs §70.1: slipdense (player) f=280 w=0 grounded=1 kappa=0.010 fnGround=336 omega=0.01 | ftGround=8N target=0.0 limit=1192Nm motorNm=6 tyreNm=-5 inertia=2.91 limRot=0/1/0 omegaPre=0.01 posN=1/-9/0 susp=-0.0367 springN=229
INFO 2026-07-27 15:24:26.668 joltshadow - docs §70.1: slipdense (player) f=280 w=1 grounded=1 kappa=0.009 fnGround=342 omega=0.01 | ftGround=7N target=0.0 limit=1192Nm motorNm=6 tyreNm=-5 inertia=2.91 limRot=0/1/0 omegaPre=0.01 posN=1/-9/0 susp=-0.0379 springN=234
INFO 2026-07-27 15:24:26.668 joltshadow - docs §70.1: slipdense (player) f=280 w=2 grounded=1 kappa=0.009 fnGround=758 omega=0.01 | ftGround=7N target=0.0 limit=2208Nm motorNm=5 tyreNm=-5 inertia=2.91 limRot=0/1/0 omegaPre=0.01 posN=2/-14/0 susp=-0.0860 springN=648
INFO 2026-07-27 15:24:26.668 joltshadow - docs §70.1: slipdense (player) f=280 w=3 grounded=1 kappa=0.008 fnGround=763 omega=0.01 | ftGround=7N target=0.0 limit=2224Nm motorNm=5 tyreNm=-5 inertia=2.91 limRot=0/1/0 omegaPre=0.01 posN=2/-13/0 susp=-0.0872 springN=653
INFO 2026-07-27 15:24:26.668 joltshadow - docs §78: attdense (player) f=280 joltTilt=0.66 odeTilt=0.03 upDelta=0.62 wBody=(0.01,-0.00,0.00) |w|=0.01 grounded=4
INFO 2026-07-27 15:24:26.706 joltshadow - docs §70.1: slipdense (player) f=284 w=0 grounded=1 kappa=0.008 fnGround=339 omega=0.01 | ftGround=7N target=0.0 limit=1192Nm motorNm=5 tyreNm=-5 inertia=2.91 limRot=0/0/0 omegaPre=0.01 posN=1/-9/0 susp=-0.0376 springN=231
INFO 2026-07-27 15:24:26.706 joltshadow - docs §70.1: slipdense (player) f=284 w=1 grounded=1 kappa=0.007 fnGround=343 omega=0.01 | ftGround=6N target=0.0 limit=1192Nm motorNm=5 tyreNm=-5 inertia=2.91 limRot=0/0/0 omegaPre=0.01 posN=1/-8/0 susp=-0.0388 springN=235
INFO 2026-07-27 15:24:26.706 joltshadow - docs §70.1: slipdense (player) f=284 w=2 grounded=1 kappa=0.007 fnGround=739 omega=0.01 | ftGround=6N target=0.0 limit=2172Nm motorNm=5 tyreNm=-4 inertia=2.91 limRot=0/1/0 omegaPre=0.01 posN=1/-12/0 susp=-0.0854 springN=632
INFO 2026-07-27 15:24:26.706 joltshadow - docs §70.1: slipdense (player) f=284 w=3 grounded=1 kappa=0.006 fnGround=742 omega=0.01 | ftGround=6N target=0.0 limit=2183Nm motorNm=4 tyreNm=-4 inertia=2.91 limRot=0/1/0 omegaPre=0.01 posN=1/-12/0 susp=-0.0865 springN=637
INFO 2026-07-27 15:24:26.707 joltshadow - docs §78: attdense (player) f=284 joltTilt=0.64 odeTilt=0.03 upDelta=0.60 wBody=(0.01,-0.00,0.00) |w|=0.01 grounded=4
INFO 2026-07-27 15:24:26.739 joltshadow - docs §70.1: slipdense (player) f=288 w=0 grounded=1 kappa=0.006 fnGround=339 omega=0.01 | ftGround=5N target=0.0 limit=1192Nm motorNm=4 tyreNm=-4 inertia=2.91 limRot=0/0/0 omegaPre=0.01 posN=1/-7/0 susp=-0.0381 springN=231
INFO 2026-07-27 15:24:26.739 joltshadow - docs §70.1: slipdense (player) f=288 w=1 grounded=1 kappa=0.005 fnGround=342 omega=0.01 | ftGround=5N target=0.0 limit=1192Nm motorNm=4 tyreNm=-4 inertia=2.91 limRot=0/0/0 omegaPre=0.01 posN=1/-7/0 susp=-0.0391 springN=234
INFO 2026-07-27 15:24:26.739 joltshadow - docs §70.1: slipdense (player) f=288 w=2 grounded=1 kappa=0.005 fnGround=725 omega=0.01 | ftGround=4N target=0.0 limit=2121Nm motorNm=3 tyreNm=-3 inertia=2.91 limRot=0/1/0 omegaPre=0.01 posN=1/-10/0 susp=-0.0841 springN=616
INFO 2026-07-27 15:24:26.739 joltshadow - docs §70.1: slipdense (player) f=288 w=3 grounded=1 kappa=0.004 fnGround=729 omega=0.01 | ftGround=4N target=0.0 limit=2120Nm motorNm=3 tyreNm=-3 inertia=2.91 limRot=0/1/0 omegaPre=0.01 posN=1/-10/0 susp=-0.0851 springN=619
INFO 2026-07-27 15:24:26.739 joltshadow - docs §78: attdense (player) f=288 joltTilt=0.61 odeTilt=0.03 upDelta=0.58 wBody=(0.01,-0.00,0.00) |w|=0.01 grounded=4
INFO 2026-07-27 15:24:26.739 joltshadow - docs §82: resync (player) #4 dt=0.50s upMax=0.638 deg posMax=0.022 m odeTiltPath=0.023 deg gain=-1.0000
INFO 2026-07-27 15:24:26.739 joltshadow - docs §87: resync landing (player) w=0 pre=-0.0028 post=-0.0095 m R=0.727 dY=-0.0134 dRotDeg=0.58 |corr|=0.0176 m
INFO 2026-07-27 15:24:26.739 joltshadow - docs §87: resync landing (player) w=1 pre=-0.0028 post=-0.0090 m R=0.727 dY=-0.0134 dRotDeg=0.58 |corr|=0.0176 m
INFO 2026-07-27 15:24:26.739 joltshadow - docs §87: resync landing (player) w=2 pre=-0.0061 post=-0.0097 m R=0.727 dY=-0.0134 dRotDeg=0.58 |corr|=0.0176 m
INFO 2026-07-27 15:24:26.739 joltshadow - docs §87: resync landing (player) w=3 pre=-0.0061 post=-0.0092 m R=0.727 dY=-0.0134 dRotDeg=0.58 |corr|=0.0176 m
INFO 2026-07-27 15:24:26.739 joltshadow - docs §82: resync RESIDUAL (player) #4 pos=0.0000 m up=0.0198 deg
INFO 2026-07-27 15:24:26.772 joltshadow - docs §70.1: slipdense (player) f=292 w=0 grounded=1 kappa=-0.037 fnGround=405 omega=-0.03 | ftGround=-39N target=0.0 limit=1192Nm motorNm=-30 tyreNm=28 inertia=2.91 limRot=0/-0/0 omegaPre=-0.02 posN=-1/33/0 susp=-0.0732 springN=383
INFO 2026-07-27 15:24:26.772 joltshadow - docs §70.1: slipdense (player) f=292 w=1 grounded=1 kappa=-0.037 fnGround=412 omega=-0.03 | ftGround=-38N target=0.0 limit=1192Nm motorNm=-30 tyreNm=28 inertia=2.91 limRot=0/-0/0 omegaPre=-0.02 posN=-1/33/0 susp=-0.0727 springN=380
INFO 2026-07-27 15:24:26.772 joltshadow - docs §70.1: slipdense (player) f=292 w=2 grounded=1 kappa=-0.037 fnGround=592 omega=-0.03 | ftGround=-38N target=0.0 limit=1672Nm motorNm=-30 tyreNm=28 inertia=2.91 limRot=0/-1/-0 omegaPre=-0.02 posN=-1/33/0 susp=-0.0771 springN=553
INFO 2026-07-27 15:24:26.772 joltshadow - docs §70.1: slipdense (player) f=292 w=3 grounded=1 kappa=-0.037 fnGround=596 omega=-0.03 | ftGround=-38N target=0.0 limit=1696Nm motorNm=-29 tyreNm=27 inertia=2.91 limRot=0/-1/-0 omegaPre=-0.02 posN=-1/32/0 susp=-0.0765 springN=549
INFO 2026-07-27 15:24:26.772 joltshadow - docs §78: attdense (player) f=292 joltTilt=0.06 odeTilt=0.03 upDelta=0.03 wBody=(-0.03,0.00,-0.00) |w|=0.03 grounded=4
INFO 2026-07-27 15:24:26.801 joltshadow - docs §70.1: slipdense (player) f=296 w=0 grounded=1 kappa=-0.037 fnGround=425 omega=-0.04 | ftGround=-29N target=0.0 limit=1279Nm motorNm=-22 tyreNm=21 inertia=2.91 limRot=0/-0/0 omegaPre=-0.04 posN=-0/24/0 susp=-0.0654 springN=308
INFO 2026-07-27 15:24:26.801 joltshadow - docs §70.1: slipdense (player) f=296 w=1 grounded=1 kappa=-0.037 fnGround=420 omega=-0.04 | ftGround=-29N target=0.0 limit=1253Nm motorNm=-22 tyreNm=21 inertia=2.91 limRot=0/-0/0 omegaPre=-0.04 posN=-0/24/0 susp=-0.0649 springN=305
INFO 2026-07-27 15:24:26.801 joltshadow - docs §70.1: slipdense (player) f=296 w=2 grounded=1 kappa=-0.036 fnGround=634 omega=-0.04 | ftGround=-28N target=0.0 limit=1850Nm motorNm=-22 tyreNm=20 inertia=2.91 limRot=0/-0/-0 omegaPre=-0.04 posN=-1/23/0 susp=-0.0743 springN=523
INFO 2026-07-27 15:24:26.801 joltshadow - docs §70.1: slipdense (player) f=296 w=3 grounded=1 kappa=-0.036 fnGround=632 omega=-0.04 | ftGround=-28N target=0.0 limit=1843Nm motorNm=-21 tyreNm=20 inertia=2.91 limRot=0/-0/-0 omegaPre=-0.04 posN=-1/23/0 susp=-0.0738 springN=521
INFO 2026-07-27 15:24:26.801 joltshadow - docs §78: attdense (player) f=296 joltTilt=0.13 odeTilt=0.03 upDelta=0.10 wBody=(-0.04,0.00,-0.00) |w|=0.04 grounded=4
INFO 2026-07-27 15:24:26.832 joltshadow - docs §70.1: slipdense (player) f=300 w=0 grounded=1 kappa=-0.024 fnGround=362 omega=-0.05 | ftGround=-25N target=0.0 limit=1192Nm motorNm=-18 tyreNm=18 inertia=2.91 limRot=0/-0/0 omegaPre=-0.05 posN=-0/20/0 susp=-0.0567 springN=252
INFO 2026-07-27 15:24:26.832 joltshadow - docs §70.1: slipdense (player) f=300 w=1 grounded=1 kappa=-0.024 fnGround=359 omega=-0.05 | ftGround=-25N target=0.0 limit=1192Nm motorNm=-18 tyreNm=18 inertia=2.91 limRot=0/-0/0 omegaPre=-0.05 posN=-0/20/0 susp=-0.0563 springN=250
INFO 2026-07-27 15:24:26.832 joltshadow - docs §70.1: slipdense (player) f=300 w=2 grounded=1 kappa=-0.022 fnGround=621 omega=-0.05 | ftGround=-23N target=0.0 limit=1824Nm motorNm=-17 tyreNm=17 inertia=2.91 limRot=0/-0/-0 omegaPre=-0.05 posN=-0/17/0 susp=-0.0720 springN=515
INFO 2026-07-27 15:24:26.832 joltshadow - docs §70.1: slipdense (player) f=300 w=3 grounded=1 kappa=-0.022 fnGround=622 omega=-0.05 | ftGround=-23N target=0.0 limit=1811Nm motorNm=-17 tyreNm=17 inertia=2.91 limRot=0/-0/-0 omegaPre=-0.05 posN=-0/17/0 susp=-0.0716 springN=513
INFO 2026-07-27 15:24:26.832 joltshadow - docs §78: attdense (player) f=300 joltTilt=0.21 odeTilt=0.02 upDelta=0.19 wBody=(-0.05,0.00,-0.00) |w|=0.05 grounded=4
INFO 2026-07-27 15:24:26.832 joltshadow - Shadow divergence (player): pos=1.612m vel=0.113m/s angle=0.2deg (jolt com=[4668.6 259.2 1252.1] ode com=[4668.5 257.7 1251.5])
INFO 2026-07-27 15:24:26.832 joltshadow - docs §23.6: driver input (player) realThrottle=-10.00 brake=0.01 handBrake=1 steerRad=0.000
INFO 2026-07-27 15:24:26.833 joltshadow - docs §32: Jolt SHADOW chassis pitch (player) forward=(-0.223, 0.004, -0.975)
INFO 2026-07-27 15:24:26.833 joltshadow - docs §69: tilt (player) jolt=0.2 deg ode=0.0 deg delta=+0.2 deg upDelta=0.19 deg
INFO 2026-07-27 15:24:26.833 joltshadow - docs §32.4: Jolt SHADOW chassis lowest corner (player) = (4667.87,259.06,1255.70) clearanceToGround=1.060
INFO 2026-07-27 15:24:26.833 joltshadow - docs §23.5: wheel state (player) wheel=0 contact=0 suspLen=1.050 (range 0.050-1.050, 0% compressed) angVel=0.00
INFO 2026-07-27 15:24:26.833 joltshadow - docs §38.11: wheel=0 NO contact, worldAxle=(0.975,0.000,-0.223)
INFO 2026-07-27 15:24:26.833 joltshadow - docs §32: no-contact raycast (player) wheel=0 bodyPos=(4668.45,259.14,1251.49) localMPos=(-1.367,-0.436,2.663) origin=(4669.19,258.72,1248.59) dir=(-0.001,-1.000,-0.004) normalRayLen=1.777 groundFoundAt=0.000 shortfallBeyondTravel=-1.777 hitBody=8391036 hitLayer=4 hitMotion=2 hitIsSelfChassis=0
INFO 2026-07-27 15:24:26.833 joltshadow - docs §23.5: wheel state (player) wheel=1 contact=0 suspLen=1.050 (range 0.050-1.050, 0% compressed) angVel=0.00
INFO 2026-07-27 15:24:26.833 joltshadow - docs §38.11: wheel=1 NO contact, worldAxle=(0.975,0.000,-0.223)
INFO 2026-07-27 15:24:26.833 joltshadow - docs §32: no-contact raycast (player) wheel=1 bodyPos=(4668.45,259.14,1251.49) localMPos=(1.369,-0.436,2.663) origin=(4666.53,258.72,1249.20) dir=(-0.001,-1.000,-0.004) normalRayLen=1.777 groundFoundAt=0.000 shortfallBeyondTravel=-1.777 hitBody=8391037 hitLayer=4 hitMotion=2 hitIsSelfChassis=0
INFO 2026-07-27 15:24:26.833 joltshadow - docs §23.5: wheel state (player) wheel=2 contact=0 suspLen=1.050 (range 0.050-1.050, 0% compressed) angVel=0.00
INFO 2026-07-27 15:24:26.833 joltshadow - docs §38.11: wheel=2 NO contact, worldAxle=(0.975,0.000,-0.223)
INFO 2026-07-27 15:24:26.833 joltshadow - docs §32: no-contact raycast (player) wheel=2 bodyPos=(4668.45,259.14,1251.49) localMPos=(-1.367,-0.436,-1.944) origin=(4670.22,258.70,1253.08) dir=(-0.001,-1.000,-0.004) normalRayLen=1.777 groundFoundAt=0.000 shortfallBeyondTravel=-1.777 hitBody=8391038 hitLayer=4 hitMotion=2 hitIsSelfChassis=0
INFO 2026-07-27 15:24:26.833 joltshadow - docs §23.5: wheel state (player) wheel=3 contact=0 suspLen=1.050 (range 0.050-1.050, 0% compressed) angVel=0.00
INFO 2026-07-27 15:24:26.833 joltshadow - docs §38.11: wheel=3 NO contact, worldAxle=(0.975,0.000,-0.223)
INFO 2026-07-27 15:24:26.833 joltshadow - docs §32: no-contact raycast (player) wheel=3 bodyPos=(4668.45,259.14,1251.49) localMPos=(1.369,-0.436,-1.944) origin=(4667.55,258.70,1253.69) dir=(-0.001,-1.000,-0.004) normalRayLen=1.777 groundFoundAt=0.000 shortfallBeyondTravel=-1.777 hitBody=8391039 hitLayer=4 hitMotion=2 hitIsSelfChassis=0
INFO 2026-07-27 15:24:26.834 joltshadow - docs §59/63: harvest (player) wheelsWithContact=4 contactPoints=8 overflow=0 (of 4) | maxNormalF=622N bound(k_t*tau)=1229N ratio=0.51
INFO 2026-07-27 15:24:26.834 joltshadow - docs §58: wheel body (player) w=0 springF=252N stopF=0N travel=-0.0567 (limits -0.5000..0.5000 rel spawn) kSusp=6000 sagPredicted=0.0420 | frameTrav=-0.0583..-0.0567 frameStopN=0
INFO 2026-07-27 15:24:26.834 joltshadow - docs §66: tyre band (player) w=0 fnGround=362N fnTotal=362N pen=0.00316 penRaw=0.00316 tau=0.01024 pen/tau=0.31 | recs tyre=1 rim=1 survived=1 stale=0 distMax=1.00R
INFO 2026-07-27 15:24:26.834 joltshadow - docs §68: steer (player) w=0 steerable=1 commanded=0.000 rad measured=0.000 rad err=0.00 deg steerSign=-1 steerTq=0Nm cap=1192Nm sat=0.00
INFO 2026-07-27 15:24:26.834 joltshadow - docs §70: slip (player) w=0 grounded=1 kappa=-0.024 fnGround=362N omega=-0.05
INFO 2026-07-27 15:24:26.834 joltshadow - docs §67: spin (player) w=0 driven=1 omega=-0.05 rad/s surfaceSpeed=-0.04 m/s spinSign=+1 motorTq=-18Nm cmdTq=1192Nm
INFO 2026-07-27 15:24:26.834 joltshadow - docs §58: wheel body (player) w=1 springF=250N stopF=0N travel=-0.0563 (limits -0.5000..0.5000 rel spawn) kSusp=6000 sagPredicted=0.0417 | frameTrav=-0.0579..-0.0563 frameStopN=0
INFO 2026-07-27 15:24:26.834 joltshadow - docs §66: tyre band (player) w=1 fnGround=359N fnTotal=359N pen=0.00313 penRaw=0.00313 tau=0.01024 pen/tau=0.31 | recs tyre=1 rim=1 survived=1 stale=0 distMax=1.00R
INFO 2026-07-27 15:24:26.834 joltshadow - docs §68: steer (player) w=1 steerable=1 commanded=0.000 rad measured=0.000 rad err=0.00 deg steerSign=-1 steerTq=0Nm cap=1192Nm sat=0.00
INFO 2026-07-27 15:24:26.834 joltshadow - docs §70: slip (player) w=1 grounded=1 kappa=-0.024 fnGround=359N omega=-0.05
INFO 2026-07-27 15:24:26.834 joltshadow - docs §67: spin (player) w=1 driven=1 omega=-0.05 rad/s surfaceSpeed=-0.04 m/s spinSign=+1 motorTq=-18Nm cmdTq=1192Nm
INFO 2026-07-27 15:24:26.834 joltshadow - docs §58: wheel body (player) w=2 springF=515N stopF=0N travel=-0.0720 (limits -0.5000..0.5000 rel spawn) kSusp=7500 sagPredicted=0.0687 | frameTrav=-0.0723..-0.0720 frameStopN=0
INFO 2026-07-27 15:24:26.834 joltshadow - docs §66: tyre band (player) w=2 fnGround=621N fnTotal=621N pen=0.00523 penRaw=0.00523 tau=0.01024 pen/tau=0.51 | recs tyre=1 rim=1 survived=1 stale=0 distMax=0.99R
INFO 2026-07-27 15:24:26.834 joltshadow - docs §68: steer (player) w=2 steerable=0 commanded=0.000 rad measured=0.000 rad err=0.00 deg steerSign=-1 steerTq=0Nm cap=340282346638528859811704183484516925440Nm sat=0.00
INFO 2026-07-27 15:24:26.834 joltshadow - docs §70: slip (player) w=2 grounded=1 kappa=-0.022 fnGround=621N omega=-0.05
INFO 2026-07-27 15:24:26.834 joltshadow - docs §67: spin (player) w=2 driven=1 omega=-0.05 rad/s surfaceSpeed=-0.04 m/s spinSign=+1 motorTq=-17Nm cmdTq=1824Nm
INFO 2026-07-27 15:24:26.834 joltshadow - docs §58: wheel body (player) w=3 springF=513N stopF=0N travel=-0.0716 (limits -0.5000..0.5000 rel spawn) kSusp=7500 sagPredicted=0.0684 | frameTrav=-0.0719..-0.0716 frameStopN=0
INFO 2026-07-27 15:24:26.834 joltshadow - docs §66: tyre band (player) w=3 fnGround=622N fnTotal=622N pen=0.00523 penRaw=0.00523 tau=0.01024 pen/tau=0.51 | recs tyre=1 rim=1 survived=1 stale=0 distMax=0.99R
INFO 2026-07-27 15:24:26.834 joltshadow - docs §68: steer (player) w=3 steerable=0 commanded=0.000 rad measured=0.000 rad err=0.00 deg steerSign=-1 steerTq=0Nm cap=340282346638528859811704183484516925440Nm sat=0.00
INFO 2026-07-27 15:24:26.834 joltshadow - docs §70: slip (player) w=3 grounded=1 kappa=-0.022 fnGround=622N omega=-0.05
INFO 2026-07-27 15:24:26.834 joltshadow - docs §67: spin (player) w=3 driven=1 omega=-0.05 rad/s surfaceSpeed=-0.04 m/s spinSign=+1 motorTq=-17Nm cmdTq=1811Nm
INFO 2026-07-27 15:24:26.835 joltshadow - docs §67: drivetrain (player) gear=0 rpm=21 driveTorque=2880Nm perWheel=720Nm driven=4 throttle=-1.00 spin=1 | PRE-STEP brake=0.01 handBrake=1
INFO 2026-07-27 15:24:26.835 joltshadow - docs §66: tyre band SUM (player) fnGroundSum=1963N fnTotalSum=1964N weight=1638N carried=1.20 | penSum=0.01676 recs tyre=4 rim=4 stale=0
INFO 2026-07-27 15:24:26.835 joltshadow - docs §30: REAL ODE chassis COM (player) body=53396828 = (4668.453, 257.734, 1251.491) forward=(-0.223, 0.000, -0.975)
INFO 2026-07-27 15:24:26.835 joltshadow - docs §33: real ODE chassis geom (player) #1 = class 0 (not a transform) pos=(4668.453,257.734,1251.491) radius=4.000
INFO 2026-07-27 15:24:26.835 joltshadow - docs §33: real ODE chassis geom (player) #2 = transform, inner class=1 pos=(0.000,3.010,-1.827)
INFO 2026-07-27 15:24:26.835 joltshadow - docs §33: real ODE chassis geom (player) #3 = transform, inner class=1 pos=(0.013,2.455,4.253)
INFO 2026-07-27 15:24:26.835 joltshadow - docs §33: real ODE chassis geom (player) #4 = transform, inner class=1 pos=(0.000,2.778,2.038)
INFO 2026-07-27 15:24:26.835 joltshadow - docs §33: real ODE chassis geom (player) #5 = transform, inner class=1 pos=(0.000,1.675,0.000)
INFO 2026-07-27 15:24:26.835 joltshadow - docs §33: real ODE chassis geom (player) #6 = class 0 (not a transform) pos=(4668.453,257.734,1251.491) radius=30.000
INFO 2026-07-27 15:24:26.835 joltshadow - docs §33: real ODE chassis geom (player) #7 = class 0 (not a transform) pos=(4668.453,257.734,1251.491) radius=8.161
INFO 2026-07-27 15:24:26.835 joltshadow - docs §33: real ODE chassis geom (player) #8 = class 0 (not a transform) pos=(4668.453,257.734,1251.491) radius=200.000
INFO 2026-07-27 15:24:26.835 joltshadow - docs §33: real ODE chassis (player) has 8 total geom(s) directly attached (4 transform(s)) - compare against BuildChassisCompoundShape's own part/geom count in the build log
INFO 2026-07-27 15:24:26.835 joltshadow - docs §28: REAL ODE wheel state (player) wheel=0 displacement=0.0185 range=1.000 (2% compressed, signed) foreAft=2.663 localZ=2.663 cfm=0.002500 erp=0.2500
INFO 2026-07-27 15:24:26.835 joltshadow - docs §28: REAL ODE wheel state (player) wheel=1 displacement=0.0184 range=1.000 (2% compressed, signed) foreAft=2.663 localZ=2.663 cfm=0.002500 erp=0.2500
INFO 2026-07-27 15:24:26.835 joltshadow - docs §28: REAL ODE wheel state (player) wheel=2 displacement=0.0202 range=1.000 (2% compressed, signed) foreAft=-1.944 localZ=-1.944 cfm=0.002000 erp=0.2500
INFO 2026-07-27 15:24:26.835 joltshadow - docs §28: REAL ODE wheel state (player) wheel=3 displacement=0.0202 range=1.000 (2% compressed, signed) foreAft=-1.944 localZ=-1.944 cfm=0.002000 erp=0.2500
INFO 2026-07-27 15:24:26.877 joltshadow - docs §70.1: slipdense (player) f=304 w=0 grounded=1 kappa=-0.007 fnGround=296 omega=-0.05 | ftGround=-5N target=0.0 limit=1192Nm motorNm=-3 tyreNm=4 inertia=2.91 limRot=0/-0/0 omegaPre=-0.05 posN=-0/3/0 susp=-0.0439 springN=189
INFO 2026-07-27 15:24:26.878 joltshadow - docs §70.1: slipdense (player) f=304 w=1 grounded=1 kappa=-0.007 fnGround=296 omega=-0.05 | ftGround=-5N target=0.0 limit=1192Nm motorNm=-3 tyreNm=4 inertia=2.91 limRot=0/-0/0 omegaPre=-0.05 posN=-0/3/0 susp=-0.0438 springN=189
INFO 2026-07-27 15:24:26.878 joltshadow - docs §70.1: slipdense (player) f=304 w=2 grounded=1 kappa=-0.004 fnGround=623 omega=-0.05 | ftGround=-3N target=0.0 limit=1807Nm motorNm=-2 tyreNm=2 inertia=2.91 limRot=0/-0/-0 omegaPre=-0.05 posN=-0/-1/0 susp=-0.0699 springN=517
INFO 2026-07-27 15:24:26.878 joltshadow - docs §70.1: slipdense (player) f=304 w=3 grounded=1 kappa=-0.004 fnGround=621 omega=-0.05 | ftGround=-3N target=0.0 limit=1803Nm motorNm=-2 tyreNm=2 inertia=2.91 limRot=0/-0/-0 omegaPre=-0.05 posN=-0/-1/0 susp=-0.0697 springN=516
INFO 2026-07-27 15:24:26.878 joltshadow - docs §78: attdense (player) f=304 joltTilt=0.35 odeTilt=0.02 upDelta=0.33 wBody=(-0.05,0.00,-0.00) |w|=0.05 grounded=4
INFO 2026-07-27 15:24:26.911 joltshadow - docs §70.1: slipdense (player) f=308 w=0 grounded=1 kappa=0.005 fnGround=272 omega=-0.05 | ftGround=4N target=0.0 limit=1192Nm motorNm=4 tyreNm=-3 inertia=2.91 limRot=0/0/0 omegaPre=-0.05 posN=0/-5/0 susp=-0.0365 springN=163
INFO 2026-07-27 15:24:26.911 joltshadow - docs §70.1: slipdense (player) f=308 w=1 grounded=1 kappa=0.005 fnGround=273 omega=-0.05 | ftGround=4N target=0.0 limit=1192Nm motorNm=4 tyreNm=-3 inertia=2.91 limRot=0/0/0 omegaPre=-0.05 posN=0/-5/0 susp=-0.0366 springN=164
INFO 2026-07-27 15:24:26.911 joltshadow - docs §70.1: slipdense (player) f=308 w=2 grounded=1 kappa=0.008 fnGround=637 omega=-0.05 | ftGround=7N target=0.0 limit=1829Nm motorNm=6 tyreNm=-5 inertia=2.91 limRot=0/0/0 omegaPre=-0.05 posN=0/-11/0 susp=-0.0698 springN=529
INFO 2026-07-27 15:24:26.911 joltshadow - docs §70.1: slipdense (player) f=308 w=3 grounded=1 kappa=0.008 fnGround=642 omega=-0.05 | ftGround=7N target=0.0 limit=1839Nm motorNm=6 tyreNm=-5 inertia=2.91 limRot=0/0/0 omegaPre=-0.05 posN=0/-11/0 susp=-0.0698 springN=531
INFO 2026-07-27 15:24:26.911 joltshadow - docs §78: attdense (player) f=308 joltTilt=0.45 odeTilt=0.02 upDelta=0.43 wBody=(-0.05,0.00,-0.00) |w|=0.05 grounded=4
INFO 2026-07-27 15:24:26.946 joltshadow - docs §70.1: slipdense (player) f=312 w=0 grounded=1 kappa=0.013 fnGround=264 omega=-0.04 | ftGround=12N target=0.0 limit=1192Nm motorNm=9 tyreNm=-9 inertia=2.91 limRot=0/0/0 omegaPre=-0.04 posN=0/-12/0 susp=-0.0313 springN=156
INFO 2026-07-27 15:24:26.946 joltshadow - docs §70.1: slipdense (player) f=312 w=1 grounded=1 kappa=0.013 fnGround=266 omega=-0.04 | ftGround=12N target=0.0 limit=1192Nm motorNm=9 tyreNm=-8 inertia=2.91 limRot=0/0/0 omegaPre=-0.04 posN=0/-12/0 susp=-0.0317 springN=159
INFO 2026-07-27 15:24:26.947 joltshadow - docs §70.1: slipdense (player) f=312 w=2 grounded=1 kappa=0.016 fnGround=659 omega=-0.04 | ftGround=15N target=0.0 limit=1896Nm motorNm=11 tyreNm=-11 inertia=2.91 limRot=0/0/0 omegaPre=-0.04 posN=1/-18/0 susp=-0.0710 springN=552
INFO 2026-07-27 15:24:26.947 joltshadow - docs §70.1: slipdense (player) f=312 w=3 grounded=1 kappa=0.016 fnGround=663 omega=-0.04 | ftGround=14N target=0.0 limit=1920Nm motorNm=11 tyreNm=-10 inertia=2.91 limRot=0/0/0 omegaPre=-0.04 posN=1/-18/0 susp=-0.0713 springN=556
INFO 2026-07-27 15:24:26.947 joltshadow - docs §78: attdense (player) f=312 joltTilt=0.53 odeTilt=0.02 upDelta=0.51 wBody=(-0.04,-0.00,-0.00) |w|=0.04 grounded=4
INFO 2026-07-27 15:24:26.979 joltshadow - docs §70.1: slipdense (player) f=316 w=0 grounded=1 kappa=0.016 fnGround=267 omega=-0.03 | ftGround=16N target=0.0 limit=1192Nm motorNm=13 tyreNm=-12 inertia=2.91 limRot=0/0/0 omegaPre=-0.03 posN=0/-16/0 susp=-0.0288 springN=161
INFO 2026-07-27 15:24:26.979 joltshadow - docs §70.1: slipdense (player) f=316 w=1 grounded=1 kappa=0.015 fnGround=270 omega=-0.03 | ftGround=16N target=0.0 limit=1192Nm motorNm=12 tyreNm=-12 inertia=2.91 limRot=0/0/0 omegaPre=-0.03 posN=0/-15/0 susp=-0.0295 springN=164
INFO 2026-07-27 15:24:26.980 joltshadow - docs §70.1: slipdense (player) f=316 w=2 grounded=1 kappa=0.018 fnGround=683 omega=-0.03 | ftGround=19N target=0.0 limit=1970Nm motorNm=14 tyreNm=-13 inertia=2.91 limRot=0/1/0 omegaPre=-0.03 posN=1/-22/0 susp=-0.0730 springN=576
INFO 2026-07-27 15:24:26.980 joltshadow - docs §70.1: slipdense (player) f=316 w=3 grounded=1 kappa=0.018 fnGround=690 omega=-0.03 | ftGround=18N target=0.0 limit=1982Nm motorNm=14 tyreNm=-13 inertia=2.91 limRot=0/1/0 omegaPre=-0.03 posN=1/-22/0 susp=-0.0736 springN=581
INFO 2026-07-27 15:24:26.980 joltshadow - docs §78: attdense (player) f=316 joltTilt=0.59 odeTilt=0.03 upDelta=0.56 wBody=(-0.03,-0.00,-0.00) |w|=0.03 grounded=4
INFO 2026-07-27 15:24:27.017 joltshadow - docs §70.1: slipdense (player) f=320 w=0 grounded=1 kappa=0.018 fnGround=285 omega=-0.02 | ftGround=15N target=0.0 limit=1192Nm motorNm=12 tyreNm=-11 inertia=2.91 limRot=0/1/0 omegaPre=-0.02 posN=1/-15/0 susp=-0.0284 springN=174
INFO 2026-07-27 15:24:27.017 joltshadow - docs §70.1: slipdense (player) f=320 w=1 grounded=1 kappa=0.018 fnGround=289 omega=-0.02 | ftGround=15N target=0.0 limit=1192Nm motorNm=12 tyreNm=-11 inertia=2.91 limRot=0/1/0 omegaPre=-0.02 posN=1/-15/0 susp=-0.0292 springN=179
INFO 2026-07-27 15:24:27.017 joltshadow - docs §70.1: slipdense (player) f=320 w=2 grounded=1 kappa=0.020 fnGround=712 omega=-0.02 | ftGround=17N target=0.0 limit=2043Nm motorNm=13 tyreNm=-12 inertia=2.91 limRot=0/1/0 omegaPre=-0.02 posN=1/-21/0 susp=-0.0760 springN=603
INFO 2026-07-27 15:24:27.017 joltshadow - docs §70.1: slipdense (player) f=320 w=3 grounded=1 kappa=0.020 fnGround=718 omega=-0.02 | ftGround=16N target=0.0 limit=2066Nm motorNm=13 tyreNm=-12 inertia=2.91 limRot=0/1/0 omegaPre=-0.02 posN=1/-21/0 susp=-0.0769 springN=609
INFO 2026-07-27 15:24:27.017 joltshadow - docs §78: attdense (player) f=320 joltTilt=0.64 odeTilt=0.03 upDelta=0.61 wBody=(-0.02,-0.00,0.00) |w|=0.02 grounded=4
INFO 2026-07-27 15:24:27.053 joltshadow - docs §70.1: slipdense (player) f=324 w=0 grounded=1 kappa=0.017 fnGround=299 omega=-0.01 | ftGround=18N target=0.0 limit=1192Nm motorNm=13 tyreNm=-13 inertia=2.91 limRot=0/1/0 omegaPre=-0.01 posN=1/-17/0 susp=-0.0295 springN=193
INFO 2026-07-27 15:24:27.053 joltshadow - docs §70.1: slipdense (player) f=324 w=1 grounded=1 kappa=0.017 fnGround=304 omega=-0.01 | ftGround=17N target=0.0 limit=1192Nm motorNm=13 tyreNm=-12 inertia=2.91 limRot=0/1/0 omegaPre=-0.01 posN=1/-17/0 susp=-0.0307 springN=198
INFO 2026-07-27 15:24:27.053 joltshadow - docs §70.1: slipdense (player) f=324 w=2 grounded=1 kappa=0.018 fnGround=732 omega=-0.01 | ftGround=18N target=0.0 limit=2124Nm motorNm=14 tyreNm=-13 inertia=2.91 limRot=0/1/0 omegaPre=-0.01 posN=2/-23/0 susp=-0.0791 springN=625
INFO 2026-07-27 15:24:27.053 joltshadow - docs §70.1: slipdense (player) f=324 w=3 grounded=1 kappa=0.017 fnGround=736 omega=-0.01 | ftGround=18N target=0.0 limit=2139Nm motorNm=14 tyreNm=-13 inertia=2.91 limRot=0/1/0 omegaPre=-0.01 posN=2/-22/0 susp=-0.0802 springN=631
INFO 2026-07-27 15:24:27.053 joltshadow - docs §78: attdense (player) f=324 joltTilt=0.66 odeTilt=0.03 upDelta=0.63 wBody=(-0.01,-0.00,0.00) |w|=0.01 grounded=4
INFO 2026-07-27 15:24:27.083 joltshadow - docs §70.1: slipdense (player) f=328 w=0 grounded=1 kappa=0.015 fnGround=315 omega=-0.00 | ftGround=12N target=0.0 limit=1192Nm motorNm=9 tyreNm=-8 inertia=2.91 limRot=0/1/0 omegaPre=-0.00 posN=1/-13/0 susp=-0.0312 springN=207
INFO 2026-07-27 15:24:27.083 joltshadow - docs §70.1: slipdense (player) f=328 w=1 grounded=1 kappa=0.014 fnGround=323 omega=-0.00 | ftGround=11N target=0.0 limit=1192Nm motorNm=9 tyreNm=-8 inertia=2.91 limRot=0/1/0 omegaPre=-0.00 posN=1/-12/0 susp=-0.0324 springN=213
INFO 2026-07-27 15:24:27.083 joltshadow - docs §70.1: slipdense (player) f=328 w=2 grounded=1 kappa=0.015 fnGround=742 omega=-0.00 | ftGround=12N target=0.0 limit=2158Nm motorNm=9 tyreNm=-9 inertia=2.91 limRot=0/1/0 omegaPre=-0.00 posN=2/-18/0 susp=-0.0813 springN=636
INFO 2026-07-27 15:24:27.083 joltshadow - docs §70.1: slipdense (player) f=328 w=3 grounded=1 kappa=0.014 fnGround=754 omega=-0.00 | ftGround=11N target=0.0 limit=2174Nm motorNm=9 tyreNm=-8 inertia=2.91 limRot=0/1/0 omegaPre=-0.00 posN=2/-17/0 susp=-0.0824 springN=643
INFO 2026-07-27 15:24:27.083 joltshadow - docs §78: attdense (player) f=328 joltTilt=0.67 odeTilt=0.03 upDelta=0.64 wBody=(-0.00,-0.00,0.00) |w|=0.00 grounded=4
INFO 2026-07-27 15:24:27.118 joltshadow - docs §70.1: slipdense (player) f=332 w=0 grounded=1 kappa=0.012 fnGround=329 omega=0.00 | ftGround=10N target=0.0 limit=1192Nm motorNm=7 tyreNm=-7 inertia=2.91 limRot=0/1/0 omegaPre=0.00 posN=1/-11/0 susp=-0.0334 springN=221
INFO 2026-07-27 15:24:27.119 joltshadow - docs §70.1: slipdense (player) f=332 w=1 grounded=1 kappa=0.011 fnGround=338 omega=0.00 | ftGround=9N target=0.0 limit=1192Nm motorNm=7 tyreNm=-7 inertia=2.91 limRot=0/1/0 omegaPre=0.00 posN=1/-10/0 susp=-0.0348 springN=227
INFO 2026-07-27 15:24:27.119 joltshadow - docs §70.1: slipdense (player) f=332 w=2 grounded=1 kappa=0.011 fnGround=754 omega=0.00 | ftGround=9N target=0.0 limit=2174Nm motorNm=7 tyreNm=-7 inertia=2.91 limRot=0/1/0 omegaPre=0.00 posN=2/-15/0 susp=-0.0832 springN=641
INFO 2026-07-27 15:24:27.119 joltshadow - docs §70.1: slipdense (player) f=332 w=3 grounded=1 kappa=0.011 fnGround=758 omega=0.00 | ftGround=9N target=0.0 limit=2195Nm motorNm=7 tyreNm=-6 inertia=2.91 limRot=0/1/0 omegaPre=0.00 posN=2/-15/0 susp=-0.0845 springN=648
INFO 2026-07-27 15:24:27.119 joltshadow - docs §78: attdense (player) f=332 joltTilt=0.66 odeTilt=0.03 upDelta=0.63 wBody=(0.00,-0.00,0.00) |w|=0.01 grounded=4
INFO 2026-07-27 15:24:27.163 joltshadow - docs §70.1: slipdense (player) f=336 w=0 grounded=1 kappa=0.009 fnGround=344 omega=0.01 | ftGround=7N target=0.0 limit=1192Nm motorNm=5 tyreNm=-5 inertia=2.91 limRot=0/1/0 omegaPre=0.01 posN=1/-8/0 susp=-0.0361 springN=233
INFO 2026-07-27 15:24:27.163 joltshadow - docs §70.1: slipdense (player) f=336 w=1 grounded=1 kappa=0.008 fnGround=347 omega=0.01 | ftGround=6N target=0.0 limit=1192Nm motorNm=5 tyreNm=-5 inertia=2.91 limRot=0/1/0 omegaPre=0.01 posN=1/-8/0 susp=-0.0374 springN=238
INFO 2026-07-27 15:24:27.164 joltshadow - docs §70.1: slipdense (player) f=336 w=2 grounded=1 kappa=0.008 fnGround=748 omega=0.01 | ftGround=6N target=0.0 limit=2180Nm motorNm=5 tyreNm=-4 inertia=2.91 limRot=0/1/0 omegaPre=0.01 posN=2/-12/0 susp=-0.0844 springN=639
INFO 2026-07-27 15:24:27.164 joltshadow - docs §70.1: slipdense (player) f=336 w=3 grounded=1 kappa=0.007 fnGround=754 omega=0.01 | ftGround=5N target=0.0 limit=2198Nm motorNm=4 tyreNm=-4 inertia=2.91 limRot=0/1/0 omegaPre=0.01 posN=2/-12/0 susp=-0.0857 springN=644
INFO 2026-07-27 15:24:27.164 joltshadow - docs §78: attdense (player) f=336 joltTilt=0.64 odeTilt=0.03 upDelta=0.62 wBody=(0.01,-0.00,0.00) |w|=0.01 grounded=4
INFO 2026-07-27 15:24:27.200 joltshadow - docs §70.1: slipdense (player) f=340 w=0 grounded=1 kappa=0.006 fnGround=345 omega=0.01 | ftGround=6N target=0.0 limit=1192Nm motorNm=4 tyreNm=-4 inertia=2.91 limRot=0/0/0 omegaPre=0.01 posN=1/-8/0 susp=-0.0378 springN=238
INFO 2026-07-27 15:24:27.201 joltshadow - docs §70.1: slipdense (player) f=340 w=1 grounded=1 kappa=0.005 fnGround=350 omega=0.01 | ftGround=5N target=0.0 limit=1192Nm motorNm=4 tyreNm=-4 inertia=2.91 limRot=0/0/0 omegaPre=0.01 posN=1/-7/0 susp=-0.0389 springN=242
INFO 2026-07-27 15:24:27.201 joltshadow - docs §70.1: slipdense (player) f=340 w=2 grounded=1 kappa=0.005 fnGround=739 omega=0.01 | ftGround=5N target=0.0 limit=2150Nm motorNm=4 tyreNm=-4 inertia=2.91 limRot=0/1/0 omegaPre=0.01 posN=1/-11/0 susp=-0.0843 springN=630
INFO 2026-07-27 15:24:27.201 joltshadow - docs §70.1: slipdense (player) f=340 w=3 grounded=1 kappa=0.004 fnGround=743 omega=0.01 | ftGround=4N target=0.0 limit=2174Nm motorNm=3 tyreNm=-3 inertia=2.91 limRot=0/1/0 omegaPre=0.01 posN=1/-10/0 susp=-0.0854 springN=634
INFO 2026-07-27 15:24:27.201 joltshadow - docs §78: attdense (player) f=340 joltTilt=0.62 odeTilt=0.03 upDelta=0.59 wBody=(0.01,-0.00,0.00) |w|=0.01 grounded=4
INFO 2026-07-27 15:24:27.239 joltshadow - docs §70.1: slipdense (player) f=344 w=0 grounded=1 kappa=0.003 fnGround=348 omega=0.01 | ftGround=3N target=0.0 limit=1192Nm motorNm=2 tyreNm=-2 inertia=2.91 limRot=0/0/0 omegaPre=0.01 posN=0/-5/0 susp=-0.0389 springN=241
INFO 2026-07-27 15:24:27.239 joltshadow - docs §70.1: slipdense (player) f=344 w=1 grounded=1 kappa=0.003 fnGround=350 omega=0.01 | ftGround=2N target=0.0 limit=1192Nm motorNm=2 tyreNm=-2 inertia=2.91 limRot=0/0/0 omegaPre=0.01 posN=0/-5/0 susp=-0.0399 springN=243
INFO 2026-07-27 15:24:27.239 joltshadow - docs §70.1: slipdense (player) f=344 w=2 grounded=1 kappa=0.002 fnGround=722 omega=0.01 | ftGround=2N target=0.0 limit=2109Nm motorNm=1 tyreNm=-1 inertia=2.91 limRot=0/1/0 omegaPre=0.01 posN=1/-8/0 susp=-0.0833 springN=613
INFO 2026-07-27 15:24:27.240 joltshadow - docs §70.1: slipdense (player) f=344 w=3 grounded=1 kappa=0.002 fnGround=725 omega=0.01 | ftGround=2N target=0.0 limit=2118Nm motorNm=1 tyreNm=-1 inertia=2.91 limRot=0/1/0 omegaPre=0.01 posN=1/-8/0 susp=-0.0843 springN=616
INFO 2026-07-27 15:24:27.240 joltshadow - docs §78: attdense (player) f=344 joltTilt=0.59 odeTilt=0.03 upDelta=0.56 wBody=(0.01,-0.00,0.00) |w|=0.01 grounded=4
INFO 2026-07-27 15:24:27.240 joltshadow - docs §82: resync (player) #5 dt=0.50s upMax=0.636 deg posMax=0.028 m odeTiltPath=0.016 deg gain=-1.0000
INFO 2026-07-27 15:24:27.240 joltshadow - docs §87: resync landing (player) w=0 pre=-0.0029 post=-0.0095 m R=0.727 dY=-0.0163 dRotDeg=0.56 |corr|=0.0207 m
INFO 2026-07-27 15:24:27.240 joltshadow - docs §87: resync landing (player) w=1 pre=-0.0029 post=-0.0090 m R=0.727 dY=-0.0163 dRotDeg=0.56 |corr|=0.0207 m
INFO 2026-07-27 15:24:27.240 joltshadow - docs §87: resync landing (player) w=2 pre=-0.0060 post=-0.0097 m R=0.727 dY=-0.0163 dRotDeg=0.56 |corr|=0.0207 m
INFO 2026-07-27 15:24:27.240 joltshadow - docs §87: resync landing (player) w=3 pre=-0.0061 post=-0.0092 m R=0.727 dY=-0.0163 dRotDeg=0.56 |corr|=0.0207 m
INFO 2026-07-27 15:24:27.240 joltshadow - docs §82: resync RESIDUAL (player) #5 pos=0.0000 m up=0.0198 deg
INFO 2026-07-27 15:24:27.242 testharness - Scenario started
INFO 2026-07-27 15:24:27.284 joltshadow - docs §70.1: slipdense (player) f=348 w=0 grounded=1 kappa=2.036 fnGround=311 omega=3.14 | ftGround=619N target=14.5 limit=716Nm motorNm=716 tyreNm=-448 inertia=2.91 limRot=0/-1/0 omegaPre=2.26 posN=-1/-448/0 susp=-0.0656 springN=213
INFO 2026-07-27 15:24:27.284 joltshadow - docs §70.1: slipdense (player) f=348 w=1 grounded=1 kappa=1.973 fnGround=311 omega=3.08 | ftGround=621N target=14.5 limit=716Nm motorNm=716 tyreNm=-449 inertia=2.91 limRot=0/-1/0 omegaPre=2.22 posN=-1/-449/0 susp=-0.0650 springN=211
INFO 2026-07-27 15:24:27.285 joltshadow - docs §70.1: slipdense (player) f=348 w=2 grounded=1 kappa=0.815 fnGround=765 omega=1.77 | ftGround=906N target=14.5 limit=716Nm motorNm=716 tyreNm=-652 inertia=2.91 limRot=0/0/0 omegaPre=1.56 posN=0/-738/0 susp=-0.0842 springN=668
INFO 2026-07-27 15:24:27.285 joltshadow - docs §70.1: slipdense (player) f=348 w=3 grounded=1 kappa=0.815 fnGround=765 omega=1.77 | ftGround=906N target=14.5 limit=716Nm motorNm=716 tyreNm=-652 inertia=2.91 limRot=0/0/0 omegaPre=1.56 posN=0/-738/0 susp=-0.0836 springN=665
INFO 2026-07-27 15:24:27.285 joltshadow - docs §78: attdense (player) f=348 joltTilt=0.27 odeTilt=0.03 upDelta=0.24 wBody=(-0.17,-0.00,-0.00) |w|=0.17 grounded=4
INFO 2026-07-27 15:24:27.318 joltshadow - docs §70.1: slipdense (player) f=352 w=0 grounded=1 kappa=3.564 fnGround=119 omega=7.79 | ftGround=234N target=14.5 limit=716Nm motorNm=716 tyreNm=-169 inertia=2.91 limRot=0/0/0 omegaPre=6.52 posN=0/-104/0 susp=-0.0413 springN=6
INFO 2026-07-27 15:24:27.318 joltshadow - docs §70.1: slipdense (player) f=352 w=1 grounded=1 kappa=3.559 fnGround=119 omega=7.78 | ftGround=234N target=14.5 limit=716Nm motorNm=716 tyreNm=-169 inertia=2.91 limRot=0/0/0 omegaPre=6.51 posN=0/-104/0 susp=-0.0409 springN=5
INFO 2026-07-27 15:24:27.318 joltshadow - docs §70.1: slipdense (player) f=352 w=2 grounded=1 kappa=0.530 fnGround=855 omega=2.44 | ftGround=937N target=14.5 limit=716Nm motorNm=716 tyreNm=-672 inertia=2.91 limRot=0/-0/0 omegaPre=2.14 posN=-1/-818/0 susp=-0.0891 springN=740
INFO 2026-07-27 15:24:27.318 joltshadow - docs §70.1: slipdense (player) f=352 w=3 grounded=1 kappa=0.530 fnGround=853 omega=2.44 | ftGround=936N target=14.5 limit=716Nm motorNm=716 tyreNm=-672 inertia=2.91 limRot=0/-0/0 omegaPre=2.14 posN=-1/-818/0 susp=-0.0886 springN=739
INFO 2026-07-27 15:24:27.318 joltshadow - docs §78: attdense (player) f=352 joltTilt=0.66 odeTilt=0.03 upDelta=0.63 wBody=(-0.23,0.00,-0.00) |w|=0.23 grounded=4
INFO 2026-07-27 15:24:27.351 joltshadow - docs §70.1: slipdense (player) f=356 w=0 grounded=0 kappa=0.000 fnGround=0 omega=14.29 | ftGround=0N target=14.5 limit=716Nm motorNm=2 tyreNm=0 inertia=2.91 limRot=0/-0/0 omegaPre=13.75 posN=-0/98/0 susp=-0.0132 springN=-155
INFO 2026-07-27 15:24:27.351 joltshadow - docs §70.1: slipdense (player) f=356 w=1 grounded=0 kappa=0.000 fnGround=0 omega=14.29 | ftGround=0N target=14.5 limit=716Nm motorNm=2 tyreNm=0 inertia=2.91 limRot=0/-0/0 omegaPre=13.77 posN=-0/98/0 susp=-0.0126 springN=-157
INFO 2026-07-27 15:24:27.351 joltshadow - docs §70.1: slipdense (player) f=356 w=2 grounded=1 kappa=0.313 fnGround=952 omega=2.72 | ftGround=951N target=14.5 limit=716Nm motorNm=716 tyreNm=-681 inertia=2.91 limRot=0/-0/0 omegaPre=2.77 posN=-1/-873/0 susp=-0.0971 springN=825
INFO 2026-07-27 15:24:27.351 joltshadow - docs §70.1: slipdense (player) f=356 w=3 grounded=1 kappa=0.313 fnGround=947 omega=2.72 | ftGround=951N target=14.5 limit=716Nm motorNm=716 tyreNm=-681 inertia=2.91 limRot=0/-0/0 omegaPre=2.77 posN=-1/-873/0 susp=-0.0965 springN=822
INFO 2026-07-27 15:24:27.351 joltshadow - docs §78: attdense (player) f=356 joltTilt=1.15 odeTilt=0.03 upDelta=1.12 wBody=(-0.25,0.00,-0.00) |w|=0.25 grounded=2
INFO 2026-07-27 15:24:27.390 joltshadow - docs §70.1: slipdense (player) f=360 w=0 grounded=0 kappa=0.000 fnGround=0 omega=9.15 | ftGround=0N target=-14.5 limit=716Nm motorNm=-716 tyreNm=0 inertia=2.91 limRot=0/0/0 omegaPre=11.36 posN=0/-120/0 susp=0.0060 springN=-96
INFO 2026-07-27 15:24:27.391 joltshadow - docs §70.1: slipdense (player) f=360 w=1 grounded=0 kappa=0.000 fnGround=0 omega=9.15 | ftGround=0N target=-14.5 limit=716Nm motorNm=-716 tyreNm=0 inertia=2.91 limRot=0/0/0 omegaPre=11.36 posN=0/-120/0 susp=0.0064 springN=-96
INFO 2026-07-27 15:24:27.391 joltshadow - docs §70.1: slipdense (player) f=360 w=2 grounded=1 kappa=-0.338 fnGround=956 omega=1.33 | ftGround=-928N target=-14.5 limit=716Nm motorNm=-716 tyreNm=672 inertia=2.91 limRot=0/-0/-0 omegaPre=1.47 posN=-0/788/0 susp=-0.1063 springN=867
INFO 2026-07-27 15:24:27.391 joltshadow - docs §70.1: slipdense (player) f=360 w=3 grounded=1 kappa=-0.338 fnGround=953 omega=1.33 | ftGround=-928N target=-14.5 limit=716Nm motorNm=-716 tyreNm=672 inertia=2.91 limRot=0/-0/-0 omegaPre=1.47 posN=-0/788/0 susp=-0.1058 springN=865
INFO 2026-07-27 15:24:27.391 joltshadow - docs §78: attdense (player) f=360 joltTilt=1.59 odeTilt=0.03 upDelta=1.56 wBody=(-0.13,0.00,-0.00) |w|=0.13 grounded=2
INFO 2026-07-27 15:24:27.391 joltshadow - Shadow divergence (player): pos=1.561m vel=1.406m/s angle=1.6deg (jolt com=[4668.6 259.2 1252.0] ode com=[4668.5 257.7 1251.5])
INFO 2026-07-27 15:24:27.391 joltshadow - docs §23.6: driver input (player) realThrottle=-10.00 brake=0.01 handBrake=0 steerRad=0.000
INFO 2026-07-27 15:24:27.391 joltshadow - docs §32: Jolt SHADOW chassis pitch (player) forward=(-0.222, 0.028, -0.975)
INFO 2026-07-27 15:24:27.391 joltshadow - docs §69: tilt (player) jolt=1.6 deg ode=0.0 deg delta=+1.6 deg upDelta=1.56 deg
INFO 2026-07-27 15:24:27.391 joltshadow - docs §32.4: Jolt SHADOW chassis lowest corner (player) = (4670.77,258.97,1254.88) clearanceToGround=0.973
INFO 2026-07-27 15:24:27.391 joltshadow - docs §23.5: wheel state (player) wheel=0 contact=0 suspLen=1.050 (range 0.050-1.050, 0% compressed) angVel=0.00
INFO 2026-07-27 15:24:27.391 joltshadow - docs §38.11: wheel=0 NO contact, worldAxle=(0.975,-0.000,-0.223)
INFO 2026-07-27 15:24:27.391 joltshadow - docs §32: no-contact raycast (player) wheel=0 bodyPos=(4668.42,259.15,1251.35) localMPos=(-1.367,-0.436,2.663) origin=(4669.16,258.79,1248.44) dir=(-0.006,-1.000,-0.027) normalRayLen=1.777 groundFoundAt=0.000 shortfallBeyondTravel=-1.777 hitBody=8391036 hitLayer=4 hitMotion=2 hitIsSelfChassis=0
INFO 2026-07-27 15:24:27.391 joltshadow - docs §23.5: wheel state (player) wheel=1 contact=0 suspLen=1.050 (range 0.050-1.050, 0% compressed) angVel=0.00
INFO 2026-07-27 15:24:27.391 joltshadow - docs §38.11: wheel=1 NO contact, worldAxle=(0.975,-0.000,-0.223)
INFO 2026-07-27 15:24:27.391 joltshadow - docs §32: no-contact raycast (player) wheel=1 bodyPos=(4668.42,259.15,1251.35) localMPos=(1.369,-0.436,2.663) origin=(4666.49,258.79,1249.05) dir=(-0.006,-1.000,-0.027) normalRayLen=1.777 groundFoundAt=0.000 shortfallBeyondTravel=-1.777 hitBody=8391037 hitLayer=4 hitMotion=2 hitIsSelfChassis=0
INFO 2026-07-27 15:24:27.391 joltshadow - docs §23.5: wheel state (player) wheel=2 contact=0 suspLen=1.050 (range 0.050-1.050, 0% compressed) angVel=0.00
INFO 2026-07-27 15:24:27.391 joltshadow - docs §38.11: wheel=2 NO contact, worldAxle=(0.975,-0.000,-0.223)
INFO 2026-07-27 15:24:27.391 joltshadow - docs §32: no-contact raycast (player) wheel=2 bodyPos=(4668.42,259.15,1251.35) localMPos=(-1.367,-0.436,-1.944) origin=(4670.18,258.66,1252.93) dir=(-0.006,-1.000,-0.027) normalRayLen=1.777 groundFoundAt=0.000 shortfallBeyondTravel=-1.777 hitBody=8391038 hitLayer=4 hitMotion=2 hitIsSelfChassis=0
INFO 2026-07-27 15:24:27.392 joltshadow - docs §23.5: wheel state (player) wheel=3 contact=0 suspLen=1.050 (range 0.050-1.050, 0% compressed) angVel=0.00
INFO 2026-07-27 15:24:27.392 joltshadow - docs §38.11: wheel=3 NO contact, worldAxle=(0.975,-0.000,-0.223)
INFO 2026-07-27 15:24:27.392 joltshadow - docs §32: no-contact raycast (player) wheel=3 bodyPos=(4668.42,259.15,1251.35) localMPos=(1.369,-0.436,-1.944) origin=(4667.52,258.66,1253.54) dir=(-0.006,-1.000,-0.027) normalRayLen=1.777 groundFoundAt=0.000 shortfallBeyondTravel=-1.777 hitBody=8391039 hitLayer=4 hitMotion=2 hitIsSelfChassis=0
INFO 2026-07-27 15:24:27.392 joltshadow - docs §59/63: harvest (player) wheelsWithContact=4 contactPoints=8 overflow=0 (of 4) | maxNormalF=956N bound(k_t*tau)=1229N ratio=0.78
INFO 2026-07-27 15:24:27.392 joltshadow - docs §58: wheel body (player) w=0 springF=-96N stopF=0N travel=0.0060 (limits -0.5000..0.5000 rel spawn) kSusp=6000 sagPredicted=-0.0161 | frameTrav=0.0047..0.0060 frameStopN=0
INFO 2026-07-27 15:24:27.392 joltshadow - docs §66: tyre band (player) w=0 fnGround=0N fnTotal=0N pen=0.00000 penRaw=0.00000 tau=0.01024 pen/tau=0.00 | recs tyre=1 rim=1 survived=0 stale=0 distMax=1.01R
INFO 2026-07-27 15:24:27.392 joltshadow - docs §68: steer (player) w=0 steerable=1 commanded=0.000 rad measured=0.000 rad err=0.00 deg steerSign=-1 steerTq=0Nm cap=1192Nm sat=0.00
INFO 2026-07-27 15:24:27.392 joltshadow - docs §70: slip (player) w=0 grounded=0 kappa=0.000 fnGround=0N omega=9.15
INFO 2026-07-27 15:24:27.392 joltshadow - docs §67: spin (player) w=0 driven=1 omega=9.15 rad/s surfaceSpeed=6.65 m/s spinSign=+1 motorTq=-716Nm cmdTq=716Nm
INFO 2026-07-27 15:24:27.392 joltshadow - docs §58: wheel body (player) w=1 springF=-96N stopF=0N travel=0.0064 (limits -0.5000..0.5000 rel spawn) kSusp=6000 sagPredicted=-0.0160 | frameTrav=0.0051..0.0064 frameStopN=0
INFO 2026-07-27 15:24:27.392 joltshadow - docs §66: tyre band (player) w=1 fnGround=0N fnTotal=0N pen=0.00000 penRaw=0.00000 tau=0.01024 pen/tau=0.00 | recs tyre=1 rim=1 survived=0 stale=0 distMax=1.01R
INFO 2026-07-27 15:24:27.392 joltshadow - docs §68: steer (player) w=1 steerable=1 commanded=0.000 rad measured=0.000 rad err=0.00 deg steerSign=-1 steerTq=0Nm cap=1192Nm sat=0.00
INFO 2026-07-27 15:24:27.392 joltshadow - docs §70: slip (player) w=1 grounded=0 kappa=0.000 fnGround=0N omega=9.15
INFO 2026-07-27 15:24:27.392 joltshadow - docs §67: spin (player) w=1 driven=1 omega=9.15 rad/s surfaceSpeed=6.65 m/s spinSign=+1 motorTq=-716Nm cmdTq=716Nm
INFO 2026-07-27 15:24:27.392 joltshadow - docs §58: wheel body (player) w=2 springF=867N stopF=0N travel=-0.1063 (limits -0.5000..0.5000 rel spawn) kSusp=7500 sagPredicted=0.1156 | frameTrav=-0.1063..-0.1052 frameStopN=0
INFO 2026-07-27 15:24:27.392 joltshadow - docs §66: tyre band (player) w=2 fnGround=956N fnTotal=956N pen=0.00810 penRaw=0.00810 tau=0.01024 pen/tau=0.79 | recs tyre=1 rim=1 survived=1 stale=0 distMax=0.99R
INFO 2026-07-27 15:24:27.392 joltshadow - docs §68: steer (player) w=2 steerable=0 commanded=0.000 rad measured=0.000 rad err=0.00 deg steerSign=-1 steerTq=0Nm cap=340282346638528859811704183484516925440Nm sat=0.00
INFO 2026-07-27 15:24:27.392 joltshadow - docs §70: slip (player) w=2 grounded=1 kappa=-0.338 fnGround=956N omega=1.33
INFO 2026-07-27 15:24:27.392 joltshadow - docs §67: spin (player) w=2 driven=1 omega=1.33 rad/s surfaceSpeed=0.97 m/s spinSign=+1 motorTq=-716Nm cmdTq=716Nm
INFO 2026-07-27 15:24:27.392 joltshadow - docs §58: wheel body (player) w=3 springF=865N stopF=0N travel=-0.1058 (limits -0.5000..0.5000 rel spawn) kSusp=7500 sagPredicted=0.1153 | frameTrav=-0.1058..-0.1047 frameStopN=0
INFO 2026-07-27 15:24:27.392 joltshadow - docs §66: tyre band (player) w=3 fnGround=953N fnTotal=953N pen=0.00807 penRaw=0.00807 tau=0.01024 pen/tau=0.79 | recs tyre=1 rim=1 survived=1 stale=0 distMax=0.99R
INFO 2026-07-27 15:24:27.392 joltshadow - docs §68: steer (player) w=3 steerable=0 commanded=0.000 rad measured=0.000 rad err=0.00 deg steerSign=-1 steerTq=0Nm cap=340282346638528859811704183484516925440Nm sat=0.00
INFO 2026-07-27 15:24:27.393 joltshadow - docs §70: slip (player) w=3 grounded=1 kappa=-0.338 fnGround=953N omega=1.33
INFO 2026-07-27 15:24:27.393 joltshadow - docs §67: spin (player) w=3 driven=1 omega=1.33 rad/s surfaceSpeed=0.97 m/s spinSign=+1 motorTq=-716Nm cmdTq=716Nm
INFO 2026-07-27 15:24:27.393 joltshadow - docs §67: drivetrain (player) gear=0 rpm=2645 driveTorque=2880Nm perWheel=720Nm driven=4 throttle=-1.00 spin=1 | PRE-STEP brake=0.01 handBrake=0
INFO 2026-07-27 15:24:27.393 joltshadow - docs §66: tyre band SUM (player) fnGroundSum=1909N fnTotalSum=1909N weight=1638N carried=1.17 | penSum=0.01618 recs tyre=4 rim=4 stale=0
INFO 2026-07-27 15:24:27.393 joltshadow - docs §30: REAL ODE chassis COM (player) body=53396828 = (4668.453, 257.730, 1251.491) forward=(-0.223, 0.001, -0.975)
INFO 2026-07-27 15:24:27.393 joltshadow - docs §33: real ODE chassis geom (player) #1 = class 0 (not a transform) pos=(4668.453,257.730,1251.491) radius=4.000
INFO 2026-07-27 15:24:27.393 joltshadow - docs §33: real ODE chassis geom (player) #2 = transform, inner class=1 pos=(0.000,3.010,-1.827)
INFO 2026-07-27 15:24:27.393 joltshadow - docs §33: real ODE chassis geom (player) #3 = transform, inner class=1 pos=(0.013,2.455,4.253)
INFO 2026-07-27 15:24:27.393 joltshadow - docs §33: real ODE chassis geom (player) #4 = transform, inner class=1 pos=(0.000,2.778,2.038)
INFO 2026-07-27 15:24:27.393 joltshadow - docs §33: real ODE chassis geom (player) #5 = transform, inner class=1 pos=(0.000,1.675,0.000)
INFO 2026-07-27 15:24:27.393 joltshadow - docs §33: real ODE chassis geom (player) #6 = class 0 (not a transform) pos=(4668.453,257.730,1251.491) radius=30.000
INFO 2026-07-27 15:24:27.393 joltshadow - docs §33: real ODE chassis geom (player) #7 = class 0 (not a transform) pos=(4668.453,257.730,1251.491) radius=8.161
INFO 2026-07-27 15:24:27.393 joltshadow - docs §33: real ODE chassis geom (player) #8 = class 0 (not a transform) pos=(4668.453,257.730,1251.491) radius=200.000
INFO 2026-07-27 15:24:27.393 joltshadow - docs §33: real ODE chassis (player) has 8 total geom(s) directly attached (4 transform(s)) - compare against BuildChassisCompoundShape's own part/geom count in the build log
INFO 2026-07-27 15:24:27.393 joltshadow - docs §28: REAL ODE wheel state (player) wheel=0 displacement=0.0222 range=1.000 (2% compressed, signed) foreAft=2.663 localZ=2.663 cfm=0.002500 erp=0.2500
INFO 2026-07-27 15:24:27.393 joltshadow - docs §28: REAL ODE wheel state (player) wheel=1 displacement=0.0221 range=1.000 (2% compressed, signed) foreAft=2.663 localZ=2.663 cfm=0.002500 erp=0.2500
INFO 2026-07-27 15:24:27.393 joltshadow - docs §28: REAL ODE wheel state (player) wheel=2 displacement=0.0245 range=1.000 (2% compressed, signed) foreAft=-1.944 localZ=-1.944 cfm=0.002000 erp=0.2500
INFO 2026-07-27 15:24:27.393 joltshadow - docs §28: REAL ODE wheel state (player) wheel=3 displacement=0.0245 range=1.000 (2% compressed, signed) foreAft=-1.944 localZ=-1.944 cfm=0.002000 erp=0.2500
INFO 2026-07-27 15:24:27.428 joltshadow - docs §70.1: slipdense (player) f=364 w=0 grounded=0 kappa=0.000 fnGround=0 omega=-0.44 | ftGround=0N target=-14.5 limit=716Nm motorNm=-716 tyreNm=0 inertia=2.91 limRot=0/-0/0 omegaPre=1.52 posN=0/-117/0 susp=0.0054 springN=8
INFO 2026-07-27 15:24:27.428 joltshadow - docs §70.1: slipdense (player) f=364 w=1 grounded=0 kappa=0.000 fnGround=0 omega=-0.44 | ftGround=0N target=-14.5 limit=716Nm motorNm=-716 tyreNm=0 inertia=2.91 limRot=0/-0/0 omegaPre=1.52 posN=0/-117/0 susp=0.0054 springN=9
INFO 2026-07-27 15:24:27.429 joltshadow - docs §70.1: slipdense (player) f=364 w=2 grounded=1 kappa=-0.418 fnGround=894 omega=0.83 | ftGround=-932N target=-14.5 limit=716Nm motorNm=-716 tyreNm=673 inertia=2.91 limRot=0/-0/0 omegaPre=0.95 posN=0/794/0 susp=-0.1089 springN=806
INFO 2026-07-27 15:24:27.429 joltshadow - docs §70.1: slipdense (player) f=364 w=3 grounded=1 kappa=-0.418 fnGround=892 omega=0.83 | ftGround=-932N target=-14.5 limit=716Nm motorNm=-716 tyreNm=673 inertia=2.91 limRot=0/-0/0 omegaPre=0.95 posN=0/794/0 susp=-0.1085 springN=804
INFO 2026-07-27 15:24:27.429 joltshadow - docs §78: attdense (player) f=364 joltTilt=1.66 odeTilt=0.03 upDelta=1.63 wBody=(0.05,0.00,-0.00) |w|=0.05 grounded=2
INFO 2026-07-27 15:24:27.462 joltshadow - docs §70.1: slipdense (player) f=368 w=0 grounded=0 kappa=0.000 fnGround=0 omega=-8.81 | ftGround=0N target=-14.5 limit=716Nm motorNm=-716 tyreNm=0 inertia=2.91 limRot=0/-1/0 omegaPre=-6.59 posN=0/-116/0 susp=-0.0001 springN=49
INFO 2026-07-27 15:24:27.462 joltshadow - docs §70.1: slipdense (player) f=368 w=1 grounded=0 kappa=0.000 fnGround=0 omega=-8.81 | ftGround=0N target=-14.5 limit=716Nm motorNm=-716 tyreNm=0 inertia=2.91 limRot=0/-1/0 omegaPre=-6.59 posN=0/-116/0 susp=-0.0003 springN=50
INFO 2026-07-27 15:24:27.462 joltshadow - docs §70.1: slipdense (player) f=368 w=2 grounded=1 kappa=-0.694 fnGround=806 omega=0.27 | ftGround=-933N target=-14.5 limit=716Nm motorNm=-716 tyreNm=674 inertia=2.91 limRot=0/0/0 omegaPre=0.29 posN=0/802/0 susp=-0.1048 springN=717
INFO 2026-07-27 15:24:27.463 joltshadow - docs §70.1: slipdense (player) f=368 w=3 grounded=1 kappa=-0.694 fnGround=806 omega=0.27 | ftGround=-933N target=-14.5 limit=716Nm motorNm=-716 tyreNm=674 inertia=2.91 limRot=0/0/0 omegaPre=0.29 posN=0/802/0 susp=-0.1047 springN=717
INFO 2026-07-27 15:24:27.463 joltshadow - docs §78: attdense (player) f=368 joltTilt=1.42 odeTilt=0.03 upDelta=1.39 wBody=(0.19,0.00,-0.00) |w|=0.19 grounded=2
INFO 2026-07-27 15:24:27.500 joltshadow - docs §70.1: slipdense (player) f=372 w=0 grounded=1 kappa=-13.866 fnGround=529 omega=-9.56 | ftGround=-938N target=-14.5 limit=716Nm motorNm=-716 tyreNm=678 inertia=2.91 limRot=0/2/0 omegaPre=-9.40 posN=2/733/0 susp=-0.0269 springN=461
INFO 2026-07-27 15:24:27.500 joltshadow - docs §70.1: slipdense (player) f=372 w=1 grounded=1 kappa=-13.867 fnGround=533 omega=-9.56 | ftGround=-946N target=-14.5 limit=716Nm motorNm=-716 tyreNm=684 inertia=2.91 limRot=0/2/0 omegaPre=-9.43 posN=2/741/0 susp=-0.0271 springN=463
INFO 2026-07-27 15:24:27.500 joltshadow - docs §70.1: slipdense (player) f=372 w=2 grounded=1 kappa=-1.079 fnGround=666 omega=-0.73 | ftGround=-890N target=-14.5 limit=716Nm motorNm=-716 tyreNm=643 inertia=2.91 limRot=0/-0/0 omegaPre=-0.48 posN=-0/681/0 susp=-0.0939 springN=566
INFO 2026-07-27 15:24:27.500 joltshadow - docs §70.1: slipdense (player) f=372 w=3 grounded=1 kappa=-1.079 fnGround=670 omega=-0.73 | ftGround=-890N target=-14.5 limit=716Nm motorNm=-716 tyreNm=642 inertia=2.91 limRot=0/-0/0 omegaPre=-0.48 posN=-0/680/0 susp=-0.0941 springN=569
INFO 2026-07-27 15:24:27.500 joltshadow - docs §78: attdense (player) f=372 joltTilt=0.85 odeTilt=0.03 upDelta=0.82 wBody=(0.31,0.00,-0.00) |w|=0.31 grounded=4
INFO 2026-07-27 15:24:27.532 joltshadow - docs §70.1: slipdense (player) f=376 w=0 grounded=1 kappa=-9.104 fnGround=772 omega=-8.03 | ftGround=-1429N target=-14.5 limit=716Nm motorNm=-716 tyreNm=1030 inertia=2.91 limRot=0/1/0 omegaPre=-8.79 posN=1/1185/0 susp=-0.0594 springN=668
INFO 2026-07-27 15:24:27.533 joltshadow - docs §70.1: slipdense (player) f=376 w=1 grounded=1 kappa=-9.063 fnGround=774 omega=-7.99 | ftGround=-1433N target=-14.5 limit=716Nm motorNm=-716 tyreNm=1033 inertia=2.91 limRot=0/1/0 omegaPre=-8.76 posN=1/1189/0 susp=-0.0600 springN=671
INFO 2026-07-27 15:24:27.533 joltshadow - docs §70.1: slipdense (player) f=376 w=2 grounded=1 kappa=-0.722 fnGround=507 omega=-1.47 | ftGround=-869N target=-14.5 limit=716Nm motorNm=-716 tyreNm=628 inertia=2.91 limRot=0/-0/0 omegaPre=-1.30 posN=-0/621/0 susp=-0.0794 springN=403
INFO 2026-07-27 15:24:27.533 joltshadow - docs §70.1: slipdense (player) f=376 w=3 grounded=1 kappa=-0.722 fnGround=512 omega=-1.47 | ftGround=-870N target=-14.5 limit=716Nm motorNm=-716 tyreNm=628 inertia=2.91 limRot=0/0/-1 omegaPre=-1.30 posN=-0/622/0 susp=-0.0800 springN=407
INFO 2026-07-27 15:24:27.533 joltshadow - docs §78: attdense (player) f=376 joltTilt=0.23 odeTilt=0.03 upDelta=0.20 wBody=(0.36,0.00,-0.00) |w|=0.36 grounded=4
INFO 2026-07-27 15:24:27.569 joltshadow - docs §70.1: slipdense (player) f=380 w=0 grounded=1 kappa=-0.315 fnGround=992 omega=-2.64 | ftGround=-920N target=-14.5 limit=716Nm motorNm=-716 tyreNm=658 inertia=2.91 limRot=0/-1/0 omegaPre=-3.14 posN=-0/774/0 susp=-0.0958 springN=865
INFO 2026-07-27 15:24:27.569 joltshadow - docs §70.1: slipdense (player) f=380 w=1 grounded=1 kappa=-0.315 fnGround=995 omega=-2.64 | ftGround=-919N target=-14.5 limit=716Nm motorNm=-716 tyreNm=658 inertia=2.91 limRot=0/-1/0 omegaPre=-3.02 posN=-0/773/0 susp=-0.0966 springN=870
INFO 2026-07-27 15:24:27.570 joltshadow - docs §70.1: slipdense (player) f=380 w=2 grounded=1 kappa=-0.673 fnGround=308 omega=-3.54 | ftGround=-614N target=-14.5 limit=716Nm motorNm=-716 tyreNm=444 inertia=2.91 limRot=0/1/0 omegaPre=-2.84 posN=1/457/0 susp=-0.0584 springN=198
INFO 2026-07-27 15:24:27.570 joltshadow - docs §70.1: slipdense (player) f=380 w=3 grounded=1 kappa=-0.642 fnGround=314 omega=-3.47 | ftGround=-625N target=-14.5 limit=716Nm motorNm=-716 tyreNm=452 inertia=2.91 limRot=0/1/0 omegaPre=-2.79 posN=1/467/0 susp=-0.0591 springN=204
INFO 2026-07-27 15:24:27.570 joltshadow - docs §78: attdense (player) f=380 joltTilt=0.53 odeTilt=0.03 upDelta=0.56 wBody=(0.37,-0.00,-0.00) |w|=0.37 grounded=4
INFO 2026-07-27 15:24:27.605 joltshadow - docs §70.1: slipdense (player) f=384 w=0 grounded=1 kappa=0.273 fnGround=1009 omega=-1.59 | ftGround=911N target=14.5 limit=716Nm motorNm=716 tyreNm=-660 inertia=2.91 limRot=0/-1/0 omegaPre=-1.63 posN=-0/-739/0 susp=-0.1245 springN=890
INFO 2026-07-27 15:24:27.605 joltshadow - docs §70.1: slipdense (player) f=384 w=1 grounded=1 kappa=0.273 fnGround=1015 omega=-1.59 | ftGround=910N target=14.5 limit=716Nm motorNm=716 tyreNm=-659 inertia=2.91 limRot=0/-1/0 omegaPre=-1.63 posN=-0/-738/0 susp=-0.1253 springN=894
INFO 2026-07-27 15:24:27.605 joltshadow - docs §70.1: slipdense (player) f=384 w=2 grounded=1 kappa=0.288 fnGround=149 omega=-1.14 | ftGround=289N target=14.5 limit=716Nm motorNm=716 tyreNm=-210 inertia=2.91 limRot=0/1/-0 omegaPre=-2.97 posN=1/-130/0 susp=-0.0349 springN=54
INFO 2026-07-27 15:24:27.605 joltshadow - docs §70.1: slipdense (player) f=384 w=3 grounded=1 kappa=0.341 fnGround=152 omega=-1.03 | ftGround=296N target=14.5 limit=716Nm motorNm=716 tyreNm=-216 inertia=2.91 limRot=0/1/-0 omegaPre=-2.81 posN=1/-137/0 susp=-0.0357 springN=60
INFO 2026-07-27 15:24:27.605 joltshadow - docs §78: attdense (player) f=384 joltTilt=1.20 odeTilt=0.03 upDelta=1.23 wBody=(0.22,-0.00,0.00) |w|=0.22 grounded=4
INFO 2026-07-27 15:24:27.639 joltshadow - docs §70.1: slipdense (player) f=388 w=0 grounded=1 kappa=0.379 fnGround=786 omega=-0.95 | ftGround=913N target=14.5 limit=716Nm motorNm=716 tyreNm=-660 inertia=2.91 limRot=0/-1/0 omegaPre=-1.03 posN=-1/-747/0 susp=-0.1272 springN=694
INFO 2026-07-27 15:24:27.639 joltshadow - docs §70.1: slipdense (player) f=388 w=1 grounded=1 kappa=0.380 fnGround=789 omega=-0.95 | ftGround=913N target=14.5 limit=716Nm motorNm=716 tyreNm=-660 inertia=2.91 limRot=0/-1/0 omegaPre=-1.03 posN=-1/-747/0 susp=-0.1277 springN=697
INFO 2026-07-27 15:24:27.639 joltshadow - docs §70.1: slipdense (player) f=388 w=2 grounded=1 kappa=3.607 fnGround=149 omega=4.66 | ftGround=293N target=14.5 limit=716Nm motorNm=716 tyreNm=-213 inertia=2.91 limRot=0/2/-0 omegaPre=3.27 posN=3/-134/0 susp=-0.0214 springN=53
INFO 2026-07-27 15:24:27.639 joltshadow - docs §70.1: slipdense (player) f=388 w=3 grounded=1 kappa=3.643 fnGround=152 omega=4.71 | ftGround=299N target=14.5 limit=716Nm motorNm=716 tyreNm=-218 inertia=2.91 limRot=0/2/-0 omegaPre=3.34 posN=3/-141/0 susp=-0.0219 springN=56
INFO 2026-07-27 15:24:27.639 joltshadow - docs §78: attdense (player) f=388 joltTilt=1.39 odeTilt=0.03 upDelta=1.42 wBody=(-0.00,-0.00,0.00) |w|=0.00 grounded=4
INFO 2026-07-27 15:24:27.680 joltshadow - docs §70.1: slipdense (player) f=392 w=0 grounded=1 kappa=0.911 fnGround=465 omega=-0.01 | ftGround=907N target=14.5 limit=716Nm motorNm=716 tyreNm=-656 inertia=2.91 limRot=0/-0/0 omegaPre=-0.28 posN=-0/-736/0 susp=-0.1034 springN=370
INFO 2026-07-27 15:24:27.680 joltshadow - docs §70.1: slipdense (player) f=392 w=1 grounded=1 kappa=0.911 fnGround=465 omega=-0.01 | ftGround=907N target=14.5 limit=716Nm motorNm=716 tyreNm=-656 inertia=2.91 limRot=0/-0/0 omegaPre=-0.28 posN=-0/-736/0 susp=-0.1035 springN=370
INFO 2026-07-27 15:24:27.680 joltshadow - docs §70.1: slipdense (player) f=392 w=2 grounded=1 kappa=13.939 fnGround=262 omega=10.89 | ftGround=465N target=14.5 limit=716Nm motorNm=716 tyreNm=-338 inertia=2.91 limRot=0/1/-0 omegaPre=9.54 posN=1/-296/0 susp=-0.0181 springN=168
INFO 2026-07-27 15:24:27.680 joltshadow - docs §70.1: slipdense (player) f=392 w=3 grounded=1 kappa=13.997 fnGround=262 omega=10.93 | ftGround=465N target=14.5 limit=716Nm motorNm=716 tyreNm=-338 inertia=2.91 limRot=0/1/-0 omegaPre=9.59 posN=1/-295/0 susp=-0.0181 springN=167
INFO 2026-07-27 15:24:27.680 joltshadow - docs §78: attdense (player) f=392 joltTilt=1.09 odeTilt=0.03 upDelta=1.12 wBody=(-0.22,-0.00,0.00) |w|=0.22 grounded=4
INFO 2026-07-27 15:24:27.714 joltshadow - docs §70.1: slipdense (player) f=396 w=0 grounded=1 kappa=4.216 fnGround=191 omega=3.19 | ftGround=374N target=14.5 limit=716Nm motorNm=716 tyreNm=-271 inertia=2.91 limRot=0/0/0 omegaPre=1.92 posN=0/-241/0 susp=-0.0686 springN=85
INFO 2026-07-27 15:24:27.715 joltshadow - docs §70.1: slipdense (player) f=396 w=1 grounded=1 kappa=4.234 fnGround=190 omega=3.21 | ftGround=372N target=14.5 limit=716Nm motorNm=716 tyreNm=-270 inertia=2.91 limRot=0/0/0 omegaPre=1.93 posN=0/-239/0 susp=-0.0684 springN=83
INFO 2026-07-27 15:24:27.715 joltshadow - docs §70.1: slipdense (player) f=396 w=2 grounded=1 kappa=20.464 fnGround=441 omega=14.16 | ftGround=750N target=14.5 limit=716Nm motorNm=716 tyreNm=-544 inertia=2.91 limRot=0/-0/-0 omegaPre=13.56 posN=-1/-619/0 susp=-0.0270 springN=346
INFO 2026-07-27 15:24:27.715 joltshadow - docs §70.1: slipdense (player) f=396 w=3 grounded=1 kappa=20.567 fnGround=439 omega=14.20 | ftGround=745N target=14.5 limit=716Nm motorNm=687 tyreNm=-540 inertia=2.91 limRot=0/-0/-0 omegaPre=13.63 posN=-0/-614/0 susp=-0.0268 springN=343
INFO 2026-07-27 15:24:27.715 joltshadow - docs §78: attdense (player) f=396 joltTilt=0.50 odeTilt=0.03 upDelta=0.53 wBody=(-0.34,0.00,0.00) |w|=0.34 grounded=4
INFO 2026-07-27 15:24:27.743 joltshadow - docs §82: resync (player) #6 dt=0.50s upMax=1.651 deg posMax=0.240 m odeTiltPath=0.000 deg gain=-1.0000
INFO 2026-07-27 15:24:27.743 joltshadow - docs §87: resync landing (player) w=0 pre=-0.0003 post=-0.0095 m R=0.727 dY=-0.0422 dRotDeg=0.04 |corr|=0.0643 m
INFO 2026-07-27 15:24:27.743 joltshadow - docs §87: resync landing (player) w=1 pre=-0.0003 post=-0.0090 m R=0.727 dY=-0.0422 dRotDeg=0.04 |corr|=0.0643 m
INFO 2026-07-27 15:24:27.743 joltshadow - docs §87: resync landing (player) w=2 pre=-0.0049 post=-0.0097 m R=0.727 dY=-0.0422 dRotDeg=0.04 |corr|=0.0643 m
INFO 2026-07-27 15:24:27.743 joltshadow - docs §87: resync landing (player) w=3 pre=-0.0048 post=-0.0092 m R=0.727 dY=-0.0422 dRotDeg=0.04 |corr|=0.0643 m
INFO 2026-07-27 15:24:27.743 joltshadow - docs §82: resync RESIDUAL (player) #6 pos=0.0000 m up=0.0000 deg
INFO 2026-07-27 15:24:27.753 joltshadow - docs §70.1: slipdense (player) f=400 w=0 grounded=1 kappa=10.488 fnGround=676 omega=7.43 | ftGround=1234N target=14.5 limit=716Nm motorNm=716 tyreNm=-888 inertia=2.91 limRot=0/5/0 omegaPre=9.03 posN=7/-941/0 susp=-0.0746 springN=471
INFO 2026-07-27 15:24:27.753 joltshadow - docs §70.1: slipdense (player) f=400 w=1 grounded=1 kappa=10.748 fnGround=660 omega=7.63 | ftGround=1202N target=14.5 limit=716Nm motorNm=716 tyreNm=-865 inertia=2.91 limRot=0/5/0 omegaPre=9.06 posN=7/-909/0 susp=-0.0744 springN=462
INFO 2026-07-27 15:24:27.753 joltshadow - docs §70.1: slipdense (player) f=400 w=2 grounded=1 kappa=17.712 fnGround=824 omega=12.31 | ftGround=1423N target=14.5 limit=716Nm motorNm=716 tyreNm=-1022 inertia=2.91 limRot=0/-5/-0 omegaPre=14.07 posN=-7/-1130/0 susp=-0.0779 springN=672
INFO 2026-07-27 15:24:27.754 joltshadow - docs §70.1: slipdense (player) f=400 w=3 grounded=1 kappa=17.923 fnGround=805 omega=12.47 | ftGround=1390N target=14.5 limit=716Nm motorNm=716 tyreNm=-999 inertia=2.91 limRot=0/-5/-0 omegaPre=14.08 posN=-7/-1097/0 susp=-0.0777 springN=662
INFO 2026-07-27 15:24:27.754 joltshadow - docs §78: attdense (player) f=400 joltTilt=0.05 odeTilt=0.03 upDelta=0.02 wBody=(-0.05,0.00,-0.00) |w|=0.05 grounded=4
INFO 2026-07-27 15:24:27.791 joltshadow - docs §70.1: slipdense (player) f=404 w=0 grounded=1 kappa=6.544 fnGround=269 omega=10.88 | ftGround=511N target=14.5 limit=716Nm motorNm=716 tyreNm=-370 inertia=2.91 limRot=0/0/0 omegaPre=9.85 posN=0/-291/0 susp=-0.0600 springN=159
INFO 2026-07-27 15:24:27.791 joltshadow - docs §70.1: slipdense (player) f=404 w=1 grounded=1 kappa=6.634 fnGround=268 omega=11.00 | ftGround=510N target=14.5 limit=716Nm motorNm=716 tyreNm=-369 inertia=2.91 limRot=0/0/0 omegaPre=9.97 posN=0/-290/0 susp=-0.0596 springN=158
INFO 2026-07-27 15:24:27.791 joltshadow - docs §70.1: slipdense (player) f=404 w=2 grounded=1 kappa=6.139 fnGround=776 omega=9.61 | ftGround=1483N target=14.5 limit=716Nm motorNm=716 tyreNm=-1067 inertia=2.91 limRot=0/-1/-0 omegaPre=10.63 posN=-1/-1268/0 susp=-0.0831 springN=669
INFO 2026-07-27 15:24:27.791 joltshadow - docs §70.1: slipdense (player) f=404 w=3 grounded=1 kappa=6.244 fnGround=772 omega=9.77 | ftGround=1474N target=14.5 limit=716Nm motorNm=716 tyreNm=-1061 inertia=2.91 limRot=0/-1/-0 omegaPre=10.76 posN=-1/-1259/0 susp=-0.0826 springN=666
INFO 2026-07-27 15:24:27.791 joltshadow - docs §78: attdense (player) f=404 joltTilt=0.33 odeTilt=0.03 upDelta=0.30 wBody=(-0.19,0.00,-0.00) |w|=0.19 grounded=4
INFO 2026-07-27 15:24:27.830 joltshadow - docs §70.1: slipdense (player) f=408 w=0 grounded=1 kappa=4.924 fnGround=22 omega=14.30 | ftGround=43N target=14.5 limit=716Nm motorNm=31 tyreNm=-31 inertia=2.91 limRot=0/0/0 omegaPre=14.30 posN=-5/141/0 susp=-0.0291 springN=-75
INFO 2026-07-27 15:24:27.830 joltshadow - docs §70.1: slipdense (player) f=408 w=1 grounded=1 kappa=4.927 fnGround=21 omega=14.30 | ftGround=40N target=14.5 limit=716Nm motorNm=28 tyreNm=-29 inertia=2.91 limRot=0/0/0 omegaPre=14.30 posN=-5/148/0 susp=-0.0290 springN=-76
INFO 2026-07-27 15:24:27.830 joltshadow - docs §70.1: slipdense (player) f=408 w=2 grounded=1 kappa=0.570 fnGround=897 omega=3.27 | ftGround=1639N target=14.5 limit=716Nm motorNm=716 tyreNm=-1175 inertia=2.91 limRot=0/-1/0 omegaPre=5.05 posN=1/-1470/0 susp=-0.0903 springN=765
INFO 2026-07-27 15:24:27.830 joltshadow - docs §70.1: slipdense (player) f=408 w=3 grounded=1 kappa=0.652 fnGround=895 omega=3.35 | ftGround=1782N target=14.5 limit=716Nm motorNm=716 tyreNm=-1278 inertia=2.91 limRot=0/-1/0 omegaPre=5.24 posN=1/-1608/0 susp=-0.0901 springN=763
INFO 2026-07-27 15:24:27.830 joltshadow - docs §78: attdense (player) f=408 joltTilt=0.84 odeTilt=0.03 upDelta=0.81 wBody=(-0.25,-0.00,-0.00) |w|=0.25 grounded=4
INFO 2026-07-27 15:24:27.862 joltshadow - docs §70.1: slipdense (player) f=412 w=0 grounded=0 kappa=0.000 fnGround=0 omega=14.32 | ftGround=0N target=14.5 limit=716Nm motorNm=3 tyreNm=0 inertia=2.91 limRot=0/1/0 omegaPre=14.31 posN=-0/98/0 susp=-0.0045 springN=-161
INFO 2026-07-27 15:24:27.862 joltshadow - docs §70.1: slipdense (player) f=412 w=1 grounded=0 kappa=0.000 fnGround=0 omega=14.32 | ftGround=0N target=14.5 limit=716Nm motorNm=3 tyreNm=0 inertia=2.91 limRot=0/1/0 omegaPre=14.31 posN=-0/98/0 susp=-0.0045 springN=-161
INFO 2026-07-27 15:24:27.862 joltshadow - docs §70.1: slipdense (player) f=412 w=2 grounded=1 kappa=0.224 fnGround=966 omega=3.54 | ftGround=953N target=14.5 limit=716Nm motorNm=716 tyreNm=-681 inertia=2.91 limRot=0/1/0 omegaPre=3.64 posN=1/-878/0 susp=-0.0985 springN=836
INFO 2026-07-27 15:24:27.862 joltshadow - docs §70.1: slipdense (player) f=412 w=3 grounded=1 kappa=0.224 fnGround=967 omega=3.55 | ftGround=953N target=14.5 limit=716Nm motorNm=716 tyreNm=-681 inertia=2.91 limRot=0/1/0 omegaPre=3.64 posN=1/-878/0 susp=-0.0986 springN=838
INFO 2026-07-27 15:24:27.863 joltshadow - docs §78: attdense (player) f=412 joltTilt=1.29 odeTilt=0.03 upDelta=1.26 wBody=(-0.23,-0.00,-0.00) |w|=0.23 grounded=2
INFO 2026-07-27 15:24:27.897 joltshadow - docs §70.1: slipdense (player) f=416 w=0 grounded=0 kappa=0.000 fnGround=0 omega=9.66 | ftGround=0N target=-14.5 limit=716Nm motorNm=-716 tyreNm=0 inertia=2.91 limRot=0/-2/0 omegaPre=11.88 posN=0/-120/0 susp=0.0089 springN=-90
INFO 2026-07-27 15:24:27.897 joltshadow - docs §70.1: slipdense (player) f=416 w=1 grounded=0 kappa=0.000 fnGround=0 omega=9.66 | ftGround=0N target=-14.5 limit=716Nm motorNm=-716 tyreNm=0 inertia=2.91 limRot=0/-1/0 omegaPre=11.88 posN=0/-120/0 susp=0.0090 springN=-91
INFO 2026-07-27 15:24:27.897 joltshadow - docs §70.1: slipdense (player) f=416 w=2 grounded=1 kappa=-0.240 fnGround=963 omega=2.18 | ftGround=-926N target=-14.5 limit=716Nm motorNm=-716 tyreNm=672 inertia=2.91 limRot=0/-0/0 omegaPre=2.24 posN=-0/784/0 susp=-0.1071 springN=874
INFO 2026-07-27 15:24:27.898 joltshadow - docs §70.1: slipdense (player) f=416 w=3 grounded=1 kappa=-0.240 fnGround=963 omega=2.18 | ftGround=-926N target=-14.5 limit=716Nm motorNm=-716 tyreNm=672 inertia=2.91 limRot=0/-0/0 omegaPre=2.24 posN=-0/784/0 susp=-0.1070 springN=874
INFO 2026-07-27 15:24:27.898 joltshadow - docs §78: attdense (player) f=416 joltTilt=1.66 odeTilt=0.03 upDelta=1.63 wBody=(-0.12,-0.00,-0.00) |w|=0.12 grounded=2
INFO 2026-07-27 15:24:27.936 joltshadow - docs §70.1: slipdense (player) f=420 w=0 grounded=0 kappa=0.000 fnGround=0 omega=0.32 | ftGround=0N target=-14.5 limit=716Nm motorNm=-716 tyreNm=0 inertia=2.91 limRot=0/-7/0 omegaPre=2.53 posN=0/-116/0 susp=0.0062 springN=14
INFO 2026-07-27 15:24:27.936 joltshadow - docs §70.1: slipdense (player) f=420 w=1 grounded=0 kappa=0.000 fnGround=0 omega=0.32 | ftGround=0N target=-14.5 limit=716Nm motorNm=-716 tyreNm=0 inertia=2.91 limRot=0/-6/0 omegaPre=2.53 posN=0/-117/0 susp=0.0063 springN=14
INFO 2026-07-27 15:24:27.936 joltshadow - docs §70.1: slipdense (player) f=420 w=2 grounded=1 kappa=-0.298 fnGround=895 omega=1.62 | ftGround=-929N target=-14.5 limit=716Nm motorNm=-716 tyreNm=673 inertia=2.91 limRot=0/-0/0 omegaPre=1.75 posN=-0/791/0 susp=-0.1097 springN=812
INFO 2026-07-27 15:24:27.936 joltshadow - docs §70.1: slipdense (player) f=420 w=3 grounded=1 kappa=-0.298 fnGround=897 omega=1.62 | ftGround=-929N target=-14.5 limit=716Nm motorNm=-716 tyreNm=673 inertia=2.91 limRot=0/-0/0 omegaPre=1.75 posN=-0/790/0 susp=-0.1096 springN=812
INFO 2026-07-27 15:24:27.937 joltshadow - docs §78: attdense (player) f=420 joltTilt=1.70 odeTilt=0.03 upDelta=1.67 wBody=(0.06,-0.00,-0.00) |w|=0.06 grounded=2
INFO 2026-07-27 15:24:27.937 joltshadow - Shadow divergence (player): pos=1.522m vel=1.700m/s angle=1.7deg (jolt com=[4668.5 259.2 1251.8] ode com=[4668.5 257.7 1251.5])
INFO 2026-07-27 15:24:27.937 joltshadow - docs §23.6: driver input (player) realThrottle=-10.00 brake=0.01 handBrake=0 steerRad=0.000
INFO 2026-07-27 15:24:27.937 joltshadow - docs §32: Jolt SHADOW chassis pitch (player) forward=(-0.222, 0.030, -0.974)
INFO 2026-07-27 15:24:27.937 joltshadow - docs §69: tilt (player) jolt=1.7 deg ode=0.0 deg delta=+1.7 deg upDelta=1.67 deg
INFO 2026-07-27 15:24:27.937 joltshadow - docs §32.4: Jolt SHADOW chassis lowest corner (player) = (4667.81,258.97,1255.41) clearanceToGround=0.967
INFO 2026-07-27 15:24:27.937 joltshadow - docs §23.5: wheel state (player) wheel=0 contact=0 suspLen=1.050 (range 0.050-1.050, 0% compressed) angVel=0.00
INFO 2026-07-27 15:24:27.937 joltshadow - docs §38.11: wheel=0 NO contact, worldAxle=(0.975,0.000,-0.223)
INFO 2026-07-27 15:24:27.937 joltshadow - docs §32: no-contact raycast (player) wheel=0 bodyPos=(4668.39,259.15,1251.21) localMPos=(-1.367,-0.436,2.663) origin=(4669.13,258.80,1248.30) dir=(-0.006,-1.000,-0.029) normalRayLen=1.777 groundFoundAt=0.000 shortfallBeyondTravel=-1.777 hitBody=8391036 hitLayer=4 hitMotion=2 hitIsSelfChassis=0
INFO 2026-07-27 15:24:27.937 joltshadow - docs §23.5: wheel state (player) wheel=1 contact=0 suspLen=1.050 (range 0.050-1.050, 0% compressed) angVel=0.00
INFO 2026-07-27 15:24:27.937 joltshadow - docs §38.11: wheel=1 NO contact, worldAxle=(0.975,0.000,-0.223)
INFO 2026-07-27 15:24:27.937 joltshadow - docs §32: no-contact raycast (player) wheel=1 bodyPos=(4668.39,259.15,1251.21) localMPos=(1.369,-0.436,2.663) origin=(4666.46,258.80,1248.91) dir=(-0.006,-1.000,-0.029) normalRayLen=1.777 groundFoundAt=0.000 shortfallBeyondTravel=-1.777 hitBody=8391037 hitLayer=4 hitMotion=2 hitIsSelfChassis=0
INFO 2026-07-27 15:24:27.937 joltshadow - docs §23.5: wheel state (player) wheel=2 contact=0 suspLen=1.050 (range 0.050-1.050, 0% compressed) angVel=0.00
INFO 2026-07-27 15:24:27.937 joltshadow - docs §38.11: wheel=2 NO contact, worldAxle=(0.975,0.000,-0.223)
INFO 2026-07-27 15:24:27.937 joltshadow - docs §32: no-contact raycast (player) wheel=2 bodyPos=(4668.39,259.15,1251.21) localMPos=(-1.367,-0.436,-1.944) origin=(4670.15,258.66,1252.79) dir=(-0.006,-1.000,-0.029) normalRayLen=1.777 groundFoundAt=0.000 shortfallBeyondTravel=-1.777 hitBody=8391038 hitLayer=4 hitMotion=2 hitIsSelfChassis=0
INFO 2026-07-27 15:24:27.938 joltshadow - docs §23.5: wheel state (player) wheel=3 contact=0 suspLen=1.050 (range 0.050-1.050, 0% compressed) angVel=0.00
INFO 2026-07-27 15:24:27.938 joltshadow - docs §38.11: wheel=3 NO contact, worldAxle=(0.975,0.000,-0.223)
INFO 2026-07-27 15:24:27.938 joltshadow - docs §32: no-contact raycast (player) wheel=3 bodyPos=(4668.39,259.15,1251.21) localMPos=(1.369,-0.436,-1.944) origin=(4667.48,258.66,1253.40) dir=(-0.006,-1.000,-0.029) normalRayLen=1.777 groundFoundAt=0.000 shortfallBeyondTravel=-1.777 hitBody=8391039 hitLayer=4 hitMotion=2 hitIsSelfChassis=0
INFO 2026-07-27 15:24:27.938 joltshadow - docs §59/63: harvest (player) wheelsWithContact=4 contactPoints=6 overflow=0 (of 4) | maxNormalF=897N bound(k_t*tau)=1229N ratio=0.73
INFO 2026-07-27 15:24:27.938 joltshadow - docs §58: wheel body (player) w=0 springF=14N stopF=0N travel=0.0062 (limits -0.5000..0.5000 rel spawn) kSusp=6000 sagPredicted=0.0023 | frameTrav=0.0062..0.0071 frameStopN=0
INFO 2026-07-27 15:24:27.938 joltshadow - docs §66: tyre band (player) w=0 fnGround=0N fnTotal=0N pen=0.00000 penRaw=0.00000 tau=0.01024 pen/tau=0.00 | recs tyre=1 rim=0 survived=0 stale=0 distMax=1.02R
INFO 2026-07-27 15:24:27.938 joltshadow - docs §68: steer (player) w=0 steerable=1 commanded=0.000 rad measured=-0.003 rad err=-0.15 deg steerSign=-1 steerTq=-11Nm cap=1192Nm sat=0.01
INFO 2026-07-27 15:24:27.938 joltshadow - docs §70: slip (player) w=0 grounded=0 kappa=0.000 fnGround=0N omega=0.32
INFO 2026-07-27 15:24:27.938 joltshadow - docs §67: spin (player) w=0 driven=1 omega=0.32 rad/s surfaceSpeed=0.23 m/s spinSign=+1 motorTq=-716Nm cmdTq=716Nm
INFO 2026-07-27 15:24:27.938 joltshadow - docs §58: wheel body (player) w=1 springF=14N stopF=0N travel=0.0063 (limits -0.5000..0.5000 rel spawn) kSusp=6000 sagPredicted=0.0023 | frameTrav=0.0063..0.0072 frameStopN=0
INFO 2026-07-27 15:24:27.938 joltshadow - docs §66: tyre band (player) w=1 fnGround=0N fnTotal=0N pen=0.00000 penRaw=0.00000 tau=0.01024 pen/tau=0.00 | recs tyre=1 rim=0 survived=0 stale=0 distMax=1.02R
INFO 2026-07-27 15:24:27.938 joltshadow - docs §68: steer (player) w=1 steerable=1 commanded=0.000 rad measured=-0.003 rad err=-0.14 deg steerSign=-1 steerTq=-10Nm cap=1192Nm sat=0.01
INFO 2026-07-27 15:24:27.938 joltshadow - docs §70: slip (player) w=1 grounded=0 kappa=0.000 fnGround=0N omega=0.32
INFO 2026-07-27 15:24:27.938 joltshadow - docs §67: spin (player) w=1 driven=1 omega=0.32 rad/s surfaceSpeed=0.23 m/s spinSign=+1 motorTq=-716Nm cmdTq=716Nm
INFO 2026-07-27 15:24:27.938 joltshadow - docs §58: wheel body (player) w=2 springF=812N stopF=0N travel=-0.1097 (limits -0.5000..0.5000 rel spawn) kSusp=7500 sagPredicted=0.1083 | frameTrav=-0.1098..-0.1097 frameStopN=0
INFO 2026-07-27 15:24:27.938 joltshadow - docs §66: tyre band (player) w=2 fnGround=895N fnTotal=895N pen=0.00761 penRaw=0.00761 tau=0.01024 pen/tau=0.74 | recs tyre=1 rim=1 survived=1 stale=0 distMax=0.99R
INFO 2026-07-27 15:24:27.938 joltshadow - docs §68: steer (player) w=2 steerable=0 commanded=0.000 rad measured=0.000 rad err=0.00 deg steerSign=-1 steerTq=0Nm cap=340282346638528859811704183484516925440Nm sat=0.00
INFO 2026-07-27 15:24:27.938 joltshadow - docs §70: slip (player) w=2 grounded=1 kappa=-0.298 fnGround=895N omega=1.62
INFO 2026-07-27 15:24:27.938 joltshadow - docs §67: spin (player) w=2 driven=1 omega=1.62 rad/s surfaceSpeed=1.18 m/s spinSign=+1 motorTq=-716Nm cmdTq=716Nm
INFO 2026-07-27 15:24:27.938 joltshadow - docs §58: wheel body (player) w=3 springF=812N stopF=0N travel=-0.1096 (limits -0.5000..0.5000 rel spawn) kSusp=7500 sagPredicted=0.1083 | frameTrav=-0.1098..-0.1096 frameStopN=0
INFO 2026-07-27 15:24:27.938 joltshadow - docs §66: tyre band (player) w=3 fnGround=897N fnTotal=897N pen=0.00761 penRaw=0.00761 tau=0.01024 pen/tau=0.74 | recs tyre=1 rim=1 survived=1 stale=0 distMax=0.99R
INFO 2026-07-27 15:24:27.938 joltshadow - docs §68: steer (player) w=3 steerable=0 commanded=0.000 rad measured=0.000 rad err=0.00 deg steerSign=-1 steerTq=0Nm cap=340282346638528859811704183484516925440Nm sat=0.00
INFO 2026-07-27 15:24:27.938 joltshadow - docs §70: slip (player) w=3 grounded=1 kappa=-0.298 fnGround=897N omega=1.62
INFO 2026-07-27 15:24:27.938 joltshadow - docs §67: spin (player) w=3 driven=1 omega=1.62 rad/s surfaceSpeed=1.18 m/s spinSign=+1 motorTq=-716Nm cmdTq=716Nm
INFO 2026-07-27 15:24:27.938 joltshadow - docs §67: drivetrain (player) gear=0 rpm=883 driveTorque=2880Nm perWheel=720Nm driven=4 throttle=-1.00 spin=1 | PRE-STEP brake=0.01 handBrake=0
INFO 2026-07-27 15:24:27.939 joltshadow - docs §66: tyre band SUM (player) fnGroundSum=1792N fnTotalSum=1792N weight=1638N carried=1.09 | penSum=0.01523 recs tyre=4 rim=2 stale=0
INFO 2026-07-27 15:24:27.939 joltshadow - docs §30: REAL ODE chassis COM (player) body=53396828 = (4668.453, 257.730, 1251.491) forward=(-0.223, 0.000, -0.975)
INFO 2026-07-27 15:24:27.939 joltshadow - docs §33: real ODE chassis geom (player) #1 = class 0 (not a transform) pos=(4668.453,257.730,1251.491) radius=4.000
INFO 2026-07-27 15:24:27.939 joltshadow - docs §33: real ODE chassis geom (player) #2 = transform, inner class=1 pos=(0.000,3.010,-1.827)
INFO 2026-07-27 15:24:27.939 joltshadow - docs §33: real ODE chassis geom (player) #3 = transform, inner class=1 pos=(0.013,2.455,4.253)
INFO 2026-07-27 15:24:27.939 joltshadow - docs §33: real ODE chassis geom (player) #4 = transform, inner class=1 pos=(0.000,2.778,2.038)
INFO 2026-07-27 15:24:27.939 joltshadow - docs §33: real ODE chassis geom (player) #5 = transform, inner class=1 pos=(0.000,1.675,0.000)
INFO 2026-07-27 15:24:27.939 joltshadow - docs §33: real ODE chassis geom (player) #6 = class 0 (not a transform) pos=(4668.453,257.730,1251.491) radius=30.000
INFO 2026-07-27 15:24:27.939 joltshadow - docs §33: real ODE chassis geom (player) #7 = class 0 (not a transform) pos=(4668.453,257.730,1251.491) radius=8.161
INFO 2026-07-27 15:24:27.939 joltshadow - docs §33: real ODE chassis geom (player) #8 = class 0 (not a transform) pos=(4668.453,257.730,1251.491) radius=200.000
INFO 2026-07-27 15:24:27.939 joltshadow - docs §33: real ODE chassis (player) has 8 total geom(s) directly attached (4 transform(s)) - compare against BuildChassisCompoundShape's own part/geom count in the build log
INFO 2026-07-27 15:24:27.939 joltshadow - docs §28: REAL ODE wheel state (player) wheel=0 displacement=0.0222 range=1.000 (2% compressed, signed) foreAft=2.663 localZ=2.663 cfm=0.002500 erp=0.2500
INFO 2026-07-27 15:24:27.939 joltshadow - docs §28: REAL ODE wheel state (player) wheel=1 displacement=0.0222 range=1.000 (2% compressed, signed) foreAft=2.663 localZ=2.663 cfm=0.002500 erp=0.2500
INFO 2026-07-27 15:24:27.939 joltshadow - docs §28: REAL ODE wheel state (player) wheel=2 displacement=0.0244 range=1.000 (2% compressed, signed) foreAft=-1.944 localZ=-1.944 cfm=0.002000 erp=0.2500
INFO 2026-07-27 15:24:27.939 joltshadow - docs §28: REAL ODE wheel state (player) wheel=3 displacement=0.0244 range=1.000 (2% compressed, signed) foreAft=-1.944 localZ=-1.944 cfm=0.002000 erp=0.2500
INFO 2026-07-27 15:24:27.977 joltshadow - docs §70.1: slipdense (player) f=424 w=0 grounded=0 kappa=0.000 fnGround=0 omega=-10.01 | ftGround=0N target=-14.5 limit=716Nm motorNm=-716 tyreNm=0 inertia=2.91 limRot=0/-110/0 omegaPre=-7.55 posN=4/-114/0 susp=-0.0015 springN=58
INFO 2026-07-27 15:24:27.977 joltshadow - docs §70.1: slipdense (player) f=424 w=1 grounded=0 kappa=0.000 fnGround=0 omega=-10.01 | ftGround=0N target=-14.5 limit=716Nm motorNm=-716 tyreNm=0 inertia=2.91 limRot=0/-104/0 omegaPre=-7.55 posN=4/-117/0 susp=-0.0013 springN=57
INFO 2026-07-27 15:24:27.977 joltshadow - docs §70.1: slipdense (player) f=424 w=2 grounded=1 kappa=-0.442 fnGround=788 omega=0.94 | ftGround=-931N target=-14.5 limit=716Nm motorNm=-716 tyreNm=675 inertia=2.91 limRot=0/-2/-0 omegaPre=1.05 posN=-4/803/0 susp=-0.1041 springN=698
INFO 2026-07-27 15:24:27.977 joltshadow - docs §70.1: slipdense (player) f=424 w=3 grounded=1 kappa=-0.443 fnGround=784 omega=0.94 | ftGround=-930N target=-14.5 limit=716Nm motorNm=-716 tyreNm=673 inertia=2.91 limRot=0/-2/-0 omegaPre=1.04 posN=-4/798/0 susp=-0.1040 springN=697
INFO 2026-07-27 15:24:27.977 joltshadow - docs §78: attdense (player) f=424 joltTilt=1.34 odeTilt=0.03 upDelta=1.31 wBody=(0.23,0.00,0.00) |w|=0.23 grounded=2
INFO 2026-07-27 15:24:28.014 joltshadow - docs §70.1: slipdense (player) f=428 w=0 grounded=1 kappa=-2.966 fnGround=493 omega=-0.84 | ftGround=-754N target=14.5 limit=716Nm motorNm=716 tyreNm=547 inertia=2.91 limRot=0/-1157/0 omegaPre=-4.77 posN=213/818/0 susp=-0.0306 springN=414
INFO 2026-07-27 15:24:28.014 joltshadow - docs §70.1: slipdense (player) f=428 w=1 grounded=1 kappa=-2.683 fnGround=507 omega=-0.63 | ftGround=-788N target=14.5 limit=716Nm motorNm=716 tyreNm=572 inertia=2.91 limRot=0/-1170/0 omegaPre=-4.63 posN=200/862/0 susp=-0.0311 springN=431
INFO 2026-07-27 15:24:28.014 joltshadow - docs §70.1: slipdense (player) f=428 w=2 grounded=1 kappa=0.664 fnGround=697 omega=1.87 | ftGround=983N target=14.5 limit=716Nm motorNm=716 tyreNm=-707 inertia=2.91 limRot=0/-93/-1 omegaPre=1.85 posN=-134/-969/0 susp=-0.0932 springN=574
INFO 2026-07-27 15:24:28.014 joltshadow - docs §70.1: slipdense (player) f=428 w=3 grounded=1 kappa=0.620 fnGround=713 omega=1.94 | ftGround=976N target=14.5 limit=716Nm motorNm=716 tyreNm=-703 inertia=2.91 limRot=0/-93/-1 omegaPre=1.90 posN=-134/-950/0 susp=-0.0936 springN=596
INFO 2026-07-27 15:24:28.014 joltshadow - docs §78: attdense (player) f=428 joltTilt=0.80 odeTilt=0.03 upDelta=0.77 wBody=(0.24,-0.02,-0.02) |w|=0.24 grounded=4
INFO 2026-07-27 15:24:28.050 joltshadow - docs §70.1: slipdense (player) f=432 w=0 grounded=1 kappa=1.050 fnGround=463 omega=3.65 | ftGround=816N target=14.5 limit=716Nm motorNm=716 tyreNm=-591 inertia=2.91 limRot=0/-1460/-645 omegaPre=3.17 posN=112/-690/0 susp=-0.0469 springN=343
INFO 2026-07-27 15:24:28.050 joltshadow - docs §70.1: slipdense (player) f=432 w=1 grounded=1 kappa=0.476 fnGround=542 omega=3.38 | ftGround=830N target=14.5 limit=716Nm motorNm=716 tyreNm=-599 inertia=2.91 limRot=0/-910/-736 omegaPre=3.01 posN=910/-75/0 susp=-0.0515 springN=428
INFO 2026-07-27 15:24:28.050 joltshadow - docs §70.1: slipdense (player) f=432 w=2 grounded=1 kappa=0.514 fnGround=611 omega=2.10 | ftGround=1098N target=14.5 limit=716Nm motorNm=716 tyreNm=-793 inertia=2.91 limRot=0/-58/1 omegaPre=2.12 posN=-107/-969/0 susp=-0.0820 springN=499
INFO 2026-07-27 15:24:28.050 joltshadow - docs §70.1: slipdense (player) f=432 w=3 grounded=1 kappa=0.249 fnGround=710 omega=2.71 | ftGround=756N target=14.5 limit=716Nm motorNm=716 tyreNm=-544 inertia=2.91 limRot=0/-57/2 omegaPre=2.41 posN=-106/-561/0 susp=-0.0865 springN=604
INFO 2026-07-27 15:24:28.050 joltshadow - docs §78: attdense (player) f=432 joltTilt=0.46 odeTilt=0.03 upDelta=0.44 wBody=(0.11,-0.17,-0.08) |w|=0.21 grounded=4
INFO 2026-07-27 15:24:28.083 joltshadow - docs §70.1: slipdense (player) f=436 w=0 grounded=1 kappa=1.476 fnGround=325 omega=6.39 | ftGround=547N target=14.5 limit=716Nm motorNm=716 tyreNm=-395 inertia=2.91 limRot=0/-1217/-698 omegaPre=5.65 posN=-82/-528/0 susp=-0.0457 springN=208
INFO 2026-07-27 15:24:28.083 joltshadow - docs §70.1: slipdense (player) f=436 w=1 grounded=1 kappa=0.500 fnGround=486 omega=4.94 | ftGround=755N target=14.5 limit=716Nm motorNm=716 tyreNm=-542 inertia=2.91 limRot=0/-743/-832 omegaPre=4.53 posN=827/-81/0 susp=-0.0584 springN=368
INFO 2026-07-27 15:24:28.083 joltshadow - docs §70.1: slipdense (player) f=436 w=2 grounded=1 kappa=0.423 fnGround=564 omega=2.83 | ftGround=934N target=14.5 limit=716Nm motorNm=716 tyreNm=-675 inertia=2.91 limRot=0/-114/-1 omegaPre=2.53 posN=-157/-816/0 susp=-0.0728 springN=457
INFO 2026-07-27 15:24:28.083 joltshadow - docs §70.1: slipdense (player) f=436 w=3 grounded=1 kappa=0.282 fnGround=754 omega=3.72 | ftGround=904N target=14.5 limit=716Nm motorNm=716 tyreNm=-650 inertia=2.91 limRot=0/-110/-1 omegaPre=3.37 posN=-151/-724/0 susp=-0.0853 springN=652
INFO 2026-07-27 15:24:28.083 joltshadow - docs §78: attdense (player) f=436 joltTilt=0.47 odeTilt=0.03 upDelta=0.45 wBody=(-0.00,-0.24,-0.11) |w|=0.26 grounded=4
INFO 2026-07-27 15:24:28.118 joltshadow - docs §70.1: slipdense (player) f=440 w=0 grounded=1 kappa=1.810 fnGround=153 omega=7.70 | ftGround=254N target=-14.5 limit=716Nm motorNm=-716 tyreNm=-184 inertia=2.91 limRot=0/-838/-952 omegaPre=10.20 posN=-79/-424/0 susp=-0.0322 springN=74
INFO 2026-07-27 15:24:28.118 joltshadow - docs §70.1: slipdense (player) f=440 w=1 grounded=1 kappa=0.232 fnGround=389 omega=3.87 | ftGround=591N target=-14.5 limit=716Nm motorNm=-716 tyreNm=-426 inertia=2.91 limRot=0/-434/-869 omegaPre=7.03 posN=672/-257/0 susp=-0.0557 springN=296
INFO 2026-07-27 15:24:28.118 joltshadow - docs §70.1: slipdense (player) f=440 w=2 grounded=1 kappa=-0.260 fnGround=545 omega=1.73 | ftGround=-918N target=-14.5 limit=716Nm motorNm=-716 tyreNm=672 inertia=2.91 limRot=0/-42/8 omegaPre=3.11 posN=-52/812/0 susp=-0.0661 springN=439
INFO 2026-07-27 15:24:28.118 joltshadow - docs §70.1: slipdense (player) f=440 w=3 grounded=1 kappa=-0.180 fnGround=828 omega=2.91 | ftGround=-947N target=-14.5 limit=716Nm motorNm=-716 tyreNm=694 inertia=2.91 limRot=0/-31/9 omegaPre=4.23 posN=-39/894/0 susp=-0.0891 springN=712
INFO 2026-07-27 15:24:28.118 joltshadow - docs §78: attdense (player) f=440 joltTilt=0.71 odeTilt=0.03 upDelta=0.69 wBody=(-0.05,-0.31,-0.11) |w|=0.34 grounded=4
INFO 2026-07-27 15:24:28.158 joltshadow - docs §70.1: slipdense (player) f=444 w=0 grounded=1 kappa=-1.445 fnGround=275 omega=-1.52 | ftGround=-415N target=-14.5 limit=716Nm motorNm=-716 tyreNm=304 inertia=2.91 limRot=0/-877/-1028 omegaPre=-0.06 posN=-430/1/0 susp=-0.0261 springN=178
INFO 2026-07-27 15:24:28.158 joltshadow - docs §70.1: slipdense (player) f=444 w=1 grounded=1 kappa=-0.828 fnGround=472 omega=0.38 | ftGround=-779N target=-14.5 limit=716Nm motorNm=-716 tyreNm=570 inertia=2.91 limRot=0/-411/-1012 omegaPre=0.92 posN=95/745/0 susp=-0.0562 springN=375
INFO 2026-07-27 15:24:28.158 joltshadow - docs §70.1: slipdense (player) f=444 w=2 grounded=1 kappa=-0.434 fnGround=488 omega=0.95 | ftGround=-911N target=-14.5 limit=716Nm motorNm=-716 tyreNm=669 inertia=2.91 limRot=0/91/6 omegaPre=1.19 posN=113/791/0 susp=-0.0597 springN=390
INFO 2026-07-27 15:24:28.158 joltshadow - docs §70.1: slipdense (player) f=444 w=3 grounded=1 kappa=-0.268 fnGround=731 omega=1.95 | ftGround=-877N target=-14.5 limit=716Nm motorNm=-716 tyreNm=644 inertia=2.91 limRot=0/95/6 omegaPre=2.26 posN=118/686/0 susp=-0.0895 springN=633
INFO 2026-07-27 15:24:28.159 joltshadow - docs §78: attdense (player) f=444 joltTilt=0.81 odeTilt=0.03 upDelta=0.80 wBody=(0.06,-0.25,-0.02) |w|=0.26 grounded=4
INFO 2026-07-27 15:24:28.199 joltshadow - docs §70.1: slipdense (player) f=448 w=0 grounded=1 kappa=-4.660 fnGround=460 omega=-5.59 | ftGround=-743N target=-14.5 limit=716Nm motorNm=-716 tyreNm=544 inertia=2.91 limRot=0/-1005/-932 omegaPre=-5.00 posN=-558/299/0 susp=-0.0378 springN=362
INFO 2026-07-27 15:24:28.199 joltshadow - docs §70.1: slipdense (player) f=448 w=1 grounded=1 kappa=-1.359 fnGround=584 omega=-0.74 | ftGround=-920N target=-14.5 limit=716Nm motorNm=-716 tyreNm=672 inertia=2.91 limRot=0/-644/-1264 omegaPre=-0.59 posN=32/840/0 susp=-0.0655 springN=485
INFO 2026-07-27 15:24:28.199 joltshadow - docs §70.1: slipdense (player) f=448 w=2 grounded=1 kappa=-1.258 fnGround=445 omega=-0.45 | ftGround=-775N target=-14.5 limit=716Nm motorNm=-716 tyreNm=568 inertia=2.91 limRot=0/128/3 omegaPre=-0.01 posN=159/654/0 susp=-0.0536 springN=342
INFO 2026-07-27 15:24:28.199 joltshadow - docs §70.1: slipdense (player) f=448 w=3 grounded=1 kappa=-0.384 fnGround=595 omega=0.98 | ftGround=-869N target=-14.5 limit=716Nm motorNm=-716 tyreNm=637 inertia=2.91 limRot=0/124/4 omegaPre=1.08 posN=154/660/0 susp=-0.0810 springN=495
INFO 2026-07-27 15:24:28.199 joltshadow - docs §78: attdense (player) f=448 joltTilt=0.64 odeTilt=0.03 upDelta=0.64 wBody=(0.14,-0.14,0.06) |w|=0.21 grounded=4
INFO 2026-07-27 15:24:28.230 joltshadow - docs §70.1: slipdense (player) f=452 w=0 grounded=1 kappa=-1.183 fnGround=568 omega=1.57 | ftGround=-1020N target=14.5 limit=716Nm motorNm=716 tyreNm=744 inertia=2.91 limRot=0/-1327/-1104 omegaPre=-1.93 posN=-752/851/0 susp=-0.0535 springN=437
INFO 2026-07-27 15:24:28.231 joltshadow - docs §70.1: slipdense (player) f=452 w=1 grounded=1 kappa=0.649 fnGround=648 omega=2.15 | ftGround=930N target=14.5 limit=716Nm motorNm=716 tyreNm=-674 inertia=2.91 limRot=0/-948/-1469 omegaPre=1.85 posN=735/-457/0 susp=-0.0754 springN=520
INFO 2026-07-27 15:24:28.231 joltshadow - docs §70.1: slipdense (player) f=452 w=2 grounded=1 kappa=1.088 fnGround=409 omega=1.89 | ftGround=723N target=14.5 limit=716Nm motorNm=716 tyreNm=-527 inertia=2.91 limRot=0/66/-2 omegaPre=1.42 posN=101/-660/0 susp=-0.0485 springN=311
INFO 2026-07-27 15:24:28.231 joltshadow - docs §70.1: slipdense (player) f=452 w=3 grounded=1 kappa=0.730 fnGround=501 omega=2.01 | ftGround=935N target=14.5 limit=716Nm motorNm=716 tyreNm=-680 inertia=2.91 limRot=0/63/-3 omegaPre=1.81 posN=98/-824/0 susp=-0.0702 springN=416
INFO 2026-07-27 15:24:28.231 joltshadow - docs §78: attdense (player) f=452 joltTilt=0.49 odeTilt=0.03 upDelta=0.50 wBody=(0.12,-0.09,0.06) |w|=0.16 grounded=4
INFO 2026-07-27 15:24:28.243 joltshadow - docs §82: resync (player) #7 dt=0.50s upMax=1.699 deg posMax=0.719 m odeTiltPath=0.000 deg gain=-1.0000
INFO 2026-07-27 15:24:28.243 joltshadow - docs §87: resync landing (player) w=0 pre=-0.0045 post=-0.0095 m R=0.727 dY=-0.0191 dRotDeg=2.55 |corr|=0.7189 m
INFO 2026-07-27 15:24:28.243 joltshadow - docs §87: resync landing (player) w=1 pre=-0.0052 post=-0.0090 m R=0.727 dY=-0.0191 dRotDeg=2.55 |corr|=0.7189 m
INFO 2026-07-27 15:24:28.243 joltshadow - docs §87: resync landing (player) w=2 pre=-0.0035 post=-0.0097 m R=0.727 dY=-0.0191 dRotDeg=2.55 |corr|=0.7189 m
INFO 2026-07-27 15:24:28.243 joltshadow - docs §87: resync landing (player) w=3 pre=-0.0043 post=-0.0092 m R=0.727 dY=-0.0191 dRotDeg=2.55 |corr|=0.7189 m
INFO 2026-07-27 15:24:28.243 joltshadow - docs §82: resync RESIDUAL (player) #7 pos=0.0000 m up=0.0000 deg
INFO 2026-07-27 15:24:28.270 joltshadow - docs §70.1: slipdense (player) f=456 w=0 grounded=1 kappa=1.598 fnGround=300 omega=2.24 | ftGround=509N target=14.5 limit=716Nm motorNm=716 tyreNm=-368 inertia=2.91 limRot=0/-1116/-1038 omegaPre=1.32 posN=106/-367/0 susp=-0.0718 springN=343
INFO 2026-07-27 15:24:28.270 joltshadow - docs §70.1: slipdense (player) f=456 w=1 grounded=1 kappa=1.091 fnGround=348 omega=2.30 | ftGround=541N target=14.5 limit=716Nm motorNm=716 tyreNm=-391 inertia=2.91 limRot=0/-673/-1260 omegaPre=1.45 posN=450/-110/0 susp=-0.0730 springN=377
INFO 2026-07-27 15:24:28.270 joltshadow - docs §70.1: slipdense (player) f=456 w=2 grounded=1 kappa=1.015 fnGround=627 omega=1.30 | ftGround=930N target=14.5 limit=716Nm motorNm=716 tyreNm=-670 inertia=2.91 limRot=0/-128/2 omegaPre=1.15 posN=-168/-810/0 susp=-0.0799 springN=649
INFO 2026-07-27 15:24:28.270 joltshadow - docs §70.1: slipdense (player) f=456 w=3 grounded=1 kappa=0.838 fnGround=679 omega=1.57 | ftGround=902N target=14.5 limit=716Nm motorNm=716 tyreNm=-649 inertia=2.91 limRot=0/-138/2 omegaPre=1.34 posN=-182/-727/0 susp=-0.0811 springN=688
INFO 2026-07-27 15:24:28.270 joltshadow - docs §78: attdense (player) f=456 joltTilt=0.13 odeTilt=0.03 upDelta=0.10 wBody=(-0.11,-0.07,-0.04) |w|=0.14 grounded=4
INFO 2026-07-27 15:24:28.306 joltshadow - docs §70.1: slipdense (player) f=460 w=0 grounded=1 kappa=4.036 fnGround=166 omega=7.40 | ftGround=316N target=14.5 limit=716Nm motorNm=716 tyreNm=-229 inertia=2.91 limRot=0/-748/-979 omegaPre=6.12 posN=31/-213/0 susp=-0.0483 springN=50
INFO 2026-07-27 15:24:28.306 joltshadow - docs §70.1: slipdense (player) f=460 w=1 grounded=1 kappa=2.719 fnGround=260 omega=7.10 | ftGround=390N target=14.5 limit=716Nm motorNm=716 tyreNm=-283 inertia=2.91 limRot=0/-247/-1076 omegaPre=5.95 posN=438/28/0 susp=-0.0550 springN=148
INFO 2026-07-27 15:24:28.306 joltshadow - docs §70.1: slipdense (player) f=460 w=2 grounded=1 kappa=0.584 fnGround=737 omega=1.75 | ftGround=938N target=14.5 limit=716Nm motorNm=716 tyreNm=-677 inertia=2.91 limRot=0/-139/-1 omegaPre=1.64 posN=-178/-842/0 susp=-0.0814 springN=625
INFO 2026-07-27 15:24:28.306 joltshadow - docs §70.1: slipdense (player) f=460 w=3 grounded=1 kappa=0.386 fnGround=862 omega=2.27 | ftGround=916N target=14.5 limit=716Nm motorNm=716 tyreNm=-659 inertia=2.91 limRot=0/-137/-1 omegaPre=2.11 posN=-175/-773/0 susp=-0.0878 springN=745
INFO 2026-07-27 15:24:28.306 joltshadow - docs §78: attdense (player) f=460 joltTilt=0.49 odeTilt=0.03 upDelta=0.47 wBody=(-0.19,-0.14,-0.08) |w|=0.25 grounded=4
INFO 2026-07-27 15:24:28.342 joltshadow - docs §70.1: slipdense (player) f=464 w=0 grounded=0 kappa=0.000 fnGround=0 omega=14.30 | ftGround=0N target=14.5 limit=716Nm motorNm=1 tyreNm=0 inertia=2.91 limRot=0/-229/-2310 omegaPre=12.87 posN=-83/64/0 susp=-0.0183 springN=-150
INFO 2026-07-27 15:24:28.342 joltshadow - docs §70.1: slipdense (player) f=464 w=1 grounded=1 kappa=4.458 fnGround=98 omega=13.48 | ftGround=143N target=14.5 limit=716Nm motorNm=716 tyreNm=-104 inertia=2.91 limRot=0/36/-2364 omegaPre=11.63 posN=110/100/0 susp=-0.0324 springN=-4
INFO 2026-07-27 15:24:28.342 joltshadow - docs §70.1: slipdense (player) f=464 w=2 grounded=1 kappa=0.470 fnGround=784 omega=2.26 | ftGround=931N target=14.5 limit=716Nm motorNm=716 tyreNm=-672 inertia=2.91 limRot=0/-92/-1 omegaPre=2.26 posN=-77/-884/0 susp=-0.0840 springN=667
INFO 2026-07-27 15:24:28.342 joltshadow - docs §70.1: slipdense (player) f=464 w=3 grounded=1 kappa=0.335 fnGround=977 omega=2.92 | ftGround=950N target=14.5 limit=716Nm motorNm=716 tyreNm=-683 inertia=2.91 limRot=0/-88/-2 omegaPre=2.91 posN=-71/-830/0 susp=-0.0980 springN=861
INFO 2026-07-27 15:24:28.342 joltshadow - docs §78: attdense (player) f=464 joltTilt=0.96 odeTilt=0.03 upDelta=0.93 wBody=(-0.23,-0.18,-0.10) |w|=0.31 grounded=3
INFO 2026-07-27 15:24:28.376 joltshadow - docs §70.1: slipdense (player) f=468 w=0 grounded=0 kappa=0.000 fnGround=0 omega=7.91 | ftGround=0N target=-14.5 limit=716Nm motorNm=-716 tyreNm=0 inertia=2.91 limRot=0/248/0 omegaPre=10.13 posN=39/-94/0 susp=0.0017 springN=-91
INFO 2026-07-27 15:24:28.377 joltshadow - docs §70.1: slipdense (player) f=468 w=1 grounded=1 kappa=2.492 fnGround=81 omega=7.34 | ftGround=123N target=-14.5 limit=716Nm motorNm=-716 tyreNm=-90 inertia=2.91 limRot=0/480/0 omegaPre=9.80 posN=197/-181/0 susp=-0.0139 springN=-19
INFO 2026-07-27 15:24:28.377 joltshadow - docs §70.1: slipdense (player) f=468 w=2 grounded=1 kappa=-0.516 fnGround=771 omega=0.62 | ftGround=-923N target=-14.5 limit=716Nm motorNm=-716 tyreNm=673 inertia=2.91 limRot=0/77/5 omegaPre=0.82 posN=70/825/0 susp=-0.0877 springN=689
INFO 2026-07-27 15:24:28.377 joltshadow - docs §70.1: slipdense (player) f=468 w=3 grounded=1 kappa=-0.340 fnGround=972 omega=1.33 | ftGround=-925N target=-14.5 limit=716Nm motorNm=-716 tyreNm=675 inertia=2.91 limRot=0/81/6 omegaPre=1.53 posN=76/777/0 susp=-0.1082 springN=887
INFO 2026-07-27 15:24:28.377 joltshadow - docs §78: attdense (player) f=468 joltTilt=1.35 odeTilt=0.03 upDelta=1.33 wBody=(-0.11,-0.18,-0.05) |w|=0.22 grounded=3
INFO 2026-07-27 15:24:28.418 joltshadow - docs §70.1: slipdense (player) f=472 w=0 grounded=0 kappa=0.000 fnGround=0 omega=-2.42 | ftGround=0N target=-14.5 limit=716Nm motorNm=-716 tyreNm=0 inertia=2.91 limRot=0/397/-1125 omegaPre=-0.20 posN=58/-105/0 susp=0.0028 springN=15
INFO 2026-07-27 15:24:28.418 joltshadow - docs §70.1: slipdense (player) f=472 w=1 grounded=1 kappa=-1.832 fnGround=212 omega=-1.93 | ftGround=-379N target=-14.5 limit=716Nm motorNm=-716 tyreNm=277 inertia=2.91 limRot=0/371/-1084 omegaPre=-0.56 posN=-316/53/0 susp=-0.0111 springN=112
INFO 2026-07-27 15:24:28.419 joltshadow - docs §70.1: slipdense (player) f=472 w=2 grounded=1 kappa=-0.933 fnGround=739 omega=0.01 | ftGround=-930N target=-14.5 limit=716Nm motorNm=-716 tyreNm=677 inertia=2.91 limRot=0/110/7 omegaPre=-0.01 posN=144/821/0 susp=-0.0888 springN=658
INFO 2026-07-27 15:24:28.419 joltshadow - docs §70.1: slipdense (player) f=472 w=3 grounded=1 kappa=-0.485 fnGround=891 omega=0.68 | ftGround=-910N target=-14.5 limit=716Nm motorNm=-716 tyreNm=664 inertia=2.91 limRot=0/109/7 omegaPre=0.70 posN=144/758/0 susp=-0.1106 springN=805
INFO 2026-07-27 15:24:28.419 joltshadow - docs §78: attdense (player) f=472 joltTilt=1.40 odeTilt=0.03 upDelta=1.38 wBody=(0.06,-0.17,0.02) |w|=0.18 grounded=3
INFO 2026-07-27 15:24:28.458 joltshadow - docs §70.1: slipdense (player) f=476 w=0 grounded=1 kappa=-14.121 fnGround=543 omega=-9.40 | ftGround=-729N target=-14.5 limit=716Nm motorNm=-716 tyreNm=532 inertia=2.91 limRot=0/-281/-1767 omegaPre=-8.87 posN=-718/168/0 susp=-0.0071 springN=244
INFO 2026-07-27 15:24:28.458 joltshadow - docs §70.1: slipdense (player) f=476 w=1 grounded=1 kappa=-8.888 fnGround=377 omega=-6.90 | ftGround=-590N target=-14.5 limit=716Nm motorNm=-716 tyreNm=431 inertia=2.91 limRot=0/187/-1160 omegaPre=-5.83 posN=-300/180/0 susp=-0.0239 springN=273
INFO 2026-07-27 15:24:28.458 joltshadow - docs §70.1: slipdense (player) f=476 w=2 grounded=1 kappa=-1.157 fnGround=721 omega=-0.50 | ftGround=-949N target=-14.5 limit=716Nm motorNm=-716 tyreNm=689 inertia=2.91 limRot=0/176/3 omegaPre=-0.42 posN=235/860/0 susp=-0.0868 springN=630
INFO 2026-07-27 15:24:28.458 joltshadow - docs §70.1: slipdense (player) f=476 w=3 grounded=1 kappa=-1.080 fnGround=745 omega=-0.16 | ftGround=-885N target=-14.5 limit=716Nm motorNm=-716 tyreNm=643 inertia=2.91 limRot=0/202/3 omegaPre=0.08 posN=271/682/0 susp=-0.1027 springN=648
INFO 2026-07-27 15:24:28.458 joltshadow - docs §78: attdense (player) f=476 joltTilt=1.08 odeTilt=0.03 upDelta=1.06 wBody=(0.18,-0.07,0.11) |w|=0.22 grounded=4
INFO 2026-07-27 15:24:28.488 joltshadow - docs §70.1: slipdense (player) f=480 w=0 grounded=1 kappa=-4.311 fnGround=456 omega=-1.28 | ftGround=-678N target=14.5 limit=716Nm motorNm=716 tyreNm=493 inertia=2.91 limRot=0/-66/-1327 omegaPre=-4.25 posN=-200/729/0 susp=-0.0297 springN=359
INFO 2026-07-27 15:24:28.488 joltshadow - docs §70.1: slipdense (player) f=480 w=1 grounded=1 kappa=-0.674 fnGround=440 omega=1.10 | ftGround=-527N target=14.5 limit=716Nm motorNm=716 tyreNm=384 inertia=2.91 limRot=0/280/-1284 omegaPre=-1.69 posN=-110/576/0 susp=-0.0374 springN=333
INFO 2026-07-27 15:24:28.488 joltshadow - docs §70.1: slipdense (player) f=480 w=2 grounded=1 kappa=1.218 fnGround=720 omega=1.16 | ftGround=954N target=14.5 limit=716Nm motorNm=716 tyreNm=-690 inertia=2.91 limRot=0/56/-3 omegaPre=1.10 posN=70/-901/0 susp=-0.0840 springN=594
INFO 2026-07-27 15:24:28.488 joltshadow - docs §70.1: slipdense (player) f=480 w=3 grounded=1 kappa=1.253 fnGround=679 omega=1.16 | ftGround=981N target=14.5 limit=716Nm motorNm=716 tyreNm=-710 inertia=2.91 limRot=0/54/-3 omegaPre=1.14 posN=68/-959/0 susp=-0.0918 springN=567
INFO 2026-07-27 15:24:28.488 joltshadow - docs §78: attdense (player) f=480 joltTilt=0.72 odeTilt=0.03 upDelta=0.69 wBody=(0.15,0.00,0.08) |w|=0.17 grounded=4
INFO 2026-07-27 15:24:28.488 joltshadow - Shadow divergence (player): pos=1.549m vel=0.300m/s angle=1.9deg (jolt com=[4668.6 259.2 1251.9] ode com=[4668.5 257.7 1251.5])
INFO 2026-07-27 15:24:28.488 joltshadow - docs §23.6: driver input (player) realThrottle=10.00 brake=0.01 handBrake=0 steerRad=0.000
INFO 2026-07-27 15:24:28.488 joltshadow - docs §32: Jolt SHADOW chassis pitch (player) forward=(-0.192, 0.012, -0.981)
INFO 2026-07-27 15:24:28.488 joltshadow - docs §69: tilt (player) jolt=0.7 deg ode=0.0 deg delta=+0.7 deg upDelta=0.69 deg
INFO 2026-07-27 15:24:28.489 joltshadow - docs §32.4: Jolt SHADOW chassis lowest corner (player) = (4667.75,259.02,1255.48) clearanceToGround=1.021
INFO 2026-07-27 15:24:28.489 joltshadow - docs §23.5: wheel state (player) wheel=0 contact=0 suspLen=1.050 (range 0.050-1.050, 0% compressed) angVel=0.00
INFO 2026-07-27 15:24:28.489 joltshadow - docs §38.11: wheel=0 NO contact, worldAxle=(0.981,0.003,-0.192)
INFO 2026-07-27 15:24:28.489 joltshadow - docs §32: no-contact raycast (player) wheel=0 bodyPos=(4668.46,259.14,1251.29) localMPos=(-1.367,-0.436,2.663) origin=(4669.30,258.74,1248.41) dir=(0.001,-1.000,-0.013) normalRayLen=1.777 groundFoundAt=0.000 shortfallBeyondTravel=-1.777 hitBody=8391036 hitLayer=4 hitMotion=2 hitIsSelfChassis=0
INFO 2026-07-27 15:24:28.489 joltshadow - docs §23.5: wheel state (player) wheel=1 contact=0 suspLen=1.050 (range 0.050-1.050, 0% compressed) angVel=0.00
INFO 2026-07-27 15:24:28.489 joltshadow - docs §38.11: wheel=1 NO contact, worldAxle=(0.981,0.003,-0.192)
INFO 2026-07-27 15:24:28.489 joltshadow - docs §32: no-contact raycast (player) wheel=1 bodyPos=(4668.46,259.14,1251.29) localMPos=(1.369,-0.436,2.663) origin=(4666.61,258.74,1248.94) dir=(0.001,-1.000,-0.013) normalRayLen=1.777 groundFoundAt=0.000 shortfallBeyondTravel=-1.777 hitBody=8391037 hitLayer=4 hitMotion=2 hitIsSelfChassis=0
INFO 2026-07-27 15:24:28.489 joltshadow - docs §23.5: wheel state (player) wheel=2 contact=0 suspLen=1.050 (range 0.050-1.050, 0% compressed) angVel=0.00
INFO 2026-07-27 15:24:28.489 joltshadow - docs §38.11: wheel=2 NO contact, worldAxle=(0.981,0.003,-0.192)
INFO 2026-07-27 15:24:28.489 joltshadow - docs §32: no-contact raycast (player) wheel=2 bodyPos=(4668.46,259.14,1251.29) localMPos=(-1.367,-0.436,-1.944) origin=(4670.18,258.69,1252.93) dir=(0.001,-1.000,-0.013) normalRayLen=1.777 groundFoundAt=0.000 shortfallBeyondTravel=-1.777 hitBody=8391038 hitLayer=4 hitMotion=2 hitIsSelfChassis=0
INFO 2026-07-27 15:24:28.489 joltshadow - docs §23.5: wheel state (player) wheel=3 contact=0 suspLen=1.050 (range 0.050-1.050, 0% compressed) angVel=0.00
INFO 2026-07-27 15:24:28.489 joltshadow - docs §38.11: wheel=3 NO contact, worldAxle=(0.981,0.003,-0.192)
INFO 2026-07-27 15:24:28.489 joltshadow - docs §32: no-contact raycast (player) wheel=3 bodyPos=(4668.46,259.14,1251.29) localMPos=(1.369,-0.436,-1.944) origin=(4667.49,258.68,1253.46) dir=(0.001,-1.000,-0.013) normalRayLen=1.777 groundFoundAt=0.000 shortfallBeyondTravel=-1.777 hitBody=8391039 hitLayer=4 hitMotion=2 hitIsSelfChassis=0
INFO 2026-07-27 15:24:28.489 joltshadow - docs §59/63: harvest (player) wheelsWithContact=4 contactPoints=8 overflow=0 (of 4) | maxNormalF=720N bound(k_t*tau)=1229N ratio=0.59
INFO 2026-07-27 15:24:28.489 joltshadow - docs §58: wheel body (player) w=0 springF=359N stopF=0N travel=-0.0297 (limits -0.5000..0.5000 rel spawn) kSusp=6000 sagPredicted=0.0598 | frameTrav=-0.0297..-0.0276 frameStopN=0
INFO 2026-07-27 15:24:28.489 joltshadow - docs §66: tyre band (player) w=0 fnGround=456N fnTotal=459N pen=0.00383 penRaw=0.00383 tau=0.01024 pen/tau=0.37 | recs tyre=1 rim=1 survived=1 stale=0 distMax=0.99R
INFO 2026-07-27 15:24:28.489 joltshadow - docs §68: steer (player) w=0 steerable=1 commanded=0.000 rad measured=-0.612 rad err=-35.07 deg steerSign=-1 steerTq=-1340Nm cap=1340Nm sat=1.00
INFO 2026-07-27 15:24:28.489 joltshadow - docs §70: slip (player) w=0 grounded=1 kappa=-4.311 fnGround=456N omega=-1.28
INFO 2026-07-27 15:24:28.489 joltshadow - docs §67: spin (player) w=0 driven=1 omega=-1.28 rad/s surfaceSpeed=-0.93 m/s spinSign=+1 motorTq=716Nm cmdTq=716Nm
INFO 2026-07-27 15:24:28.489 joltshadow - docs §58: wheel body (player) w=1 springF=333N stopF=0N travel=-0.0374 (limits -0.5000..0.5000 rel spawn) kSusp=6000 sagPredicted=0.0556 | frameTrav=-0.0374..-0.0361 frameStopN=0
INFO 2026-07-27 15:24:28.489 joltshadow - docs §66: tyre band (player) w=1 fnGround=440N fnTotal=442N pen=0.00362 penRaw=0.00362 tau=0.01024 pen/tau=0.35 | recs tyre=1 rim=1 survived=1 stale=0 distMax=1.00R
INFO 2026-07-27 15:24:28.489 joltshadow - docs §68: steer (player) w=1 steerable=1 commanded=0.000 rad measured=-0.613 rad err=-35.10 deg steerSign=-1 steerTq=-1290Nm cap=1290Nm sat=1.00
INFO 2026-07-27 15:24:28.489 joltshadow - docs §70: slip (player) w=1 grounded=1 kappa=-0.674 fnGround=440N omega=1.10
INFO 2026-07-27 15:24:28.489 joltshadow - docs §67: spin (player) w=1 driven=1 omega=1.10 rad/s surfaceSpeed=0.80 m/s spinSign=+1 motorTq=716Nm cmdTq=716Nm
INFO 2026-07-27 15:24:28.489 joltshadow - docs §58: wheel body (player) w=2 springF=594N stopF=0N travel=-0.0840 (limits -0.5000..0.5000 rel spawn) kSusp=7500 sagPredicted=0.0792 | frameTrav=-0.0844..-0.0840 frameStopN=0
INFO 2026-07-27 15:24:28.489 joltshadow - docs §66: tyre band (player) w=2 fnGround=720N fnTotal=722N pen=0.00600 penRaw=0.00600 tau=0.01024 pen/tau=0.59 | recs tyre=1 rim=1 survived=1 stale=0 distMax=0.99R
INFO 2026-07-27 15:24:28.489 joltshadow - docs §68: steer (player) w=2 steerable=0 commanded=0.000 rad measured=0.000 rad err=0.00 deg steerSign=-1 steerTq=0Nm cap=340282346638528859811704183484516925440Nm sat=0.00
INFO 2026-07-27 15:24:28.489 joltshadow - docs §70: slip (player) w=2 grounded=1 kappa=1.218 fnGround=720N omega=1.16
INFO 2026-07-27 15:24:28.489 joltshadow - docs §67: spin (player) w=2 driven=1 omega=1.16 rad/s surfaceSpeed=0.84 m/s spinSign=+1 motorTq=716Nm cmdTq=716Nm
INFO 2026-07-27 15:24:28.489 joltshadow - docs §58: wheel body (player) w=3 springF=567N stopF=0N travel=-0.0918 (limits -0.5000..0.5000 rel spawn) kSusp=7500 sagPredicted=0.0756 | frameTrav=-0.0929..-0.0918 frameStopN=0
INFO 2026-07-27 15:24:28.489 joltshadow - docs §66: tyre band (player) w=3 fnGround=679N fnTotal=681N pen=0.00575 penRaw=0.00575 tau=0.01024 pen/tau=0.56 | recs tyre=1 rim=1 survived=1 stale=0 distMax=0.99R
INFO 2026-07-27 15:24:28.489 joltshadow - docs §68: steer (player) w=3 steerable=0 commanded=0.000 rad measured=0.000 rad err=0.00 deg steerSign=-1 steerTq=0Nm cap=340282346638528859811704183484516925440Nm sat=0.00
INFO 2026-07-27 15:24:28.489 joltshadow - docs §70: slip (player) w=3 grounded=1 kappa=1.253 fnGround=679N omega=1.16
INFO 2026-07-27 15:24:28.489 joltshadow - docs §67: spin (player) w=3 driven=1 omega=1.16 rad/s surfaceSpeed=0.84 m/s spinSign=+1 motorTq=716Nm cmdTq=716Nm
INFO 2026-07-27 15:24:28.490 joltshadow - docs §67: drivetrain (player) gear=0 rpm=844 driveTorque=2880Nm perWheel=720Nm driven=4 throttle=1.00 spin=1 | PRE-STEP brake=0.01 handBrake=0
INFO 2026-07-27 15:24:28.490 joltshadow - docs §66: tyre band SUM (player) fnGroundSum=2295N fnTotalSum=2303N weight=1638N carried=1.41 | penSum=0.01920 recs tyre=4 rim=4 stale=0
INFO 2026-07-27 15:24:28.490 joltshadow - docs §30: REAL ODE chassis COM (player) body=53396828 = (4668.453, 257.728, 1251.491) forward=(-0.223, 0.000, -0.975)
INFO 2026-07-27 15:24:28.490 joltshadow - docs §33: real ODE chassis geom (player) #1 = class 0 (not a transform) pos=(4668.453,257.728,1251.491) radius=4.000
INFO 2026-07-27 15:24:28.490 joltshadow - docs §33: real ODE chassis geom (player) #2 = transform, inner class=1 pos=(0.000,3.010,-1.827)
INFO 2026-07-27 15:24:28.490 joltshadow - docs §33: real ODE chassis geom (player) #3 = transform, inner class=1 pos=(0.013,2.455,4.253)
INFO 2026-07-27 15:24:28.490 joltshadow - docs §33: real ODE chassis geom (player) #4 = transform, inner class=1 pos=(0.000,2.778,2.038)
INFO 2026-07-27 15:24:28.490 joltshadow - docs §33: real ODE chassis geom (player) #5 = transform, inner class=1 pos=(0.000,1.675,0.000)
INFO 2026-07-27 15:24:28.490 joltshadow - docs §33: real ODE chassis geom (player) #6 = class 0 (not a transform) pos=(4668.453,257.728,1251.491) radius=30.000
INFO 2026-07-27 15:24:28.490 joltshadow - docs §33: real ODE chassis geom (player) #7 = class 0 (not a transform) pos=(4668.453,257.728,1251.491) radius=8.161
INFO 2026-07-27 15:24:28.490 joltshadow - docs §33: real ODE chassis geom (player) #8 = class 0 (not a transform) pos=(4668.453,257.728,1251.491) radius=200.000
INFO 2026-07-27 15:24:28.490 joltshadow - docs §33: real ODE chassis (player) has 8 total geom(s) directly attached (4 transform(s)) - compare against BuildChassisCompoundShape's own part/geom count in the build log
INFO 2026-07-27 15:24:28.490 joltshadow - docs §28: REAL ODE wheel state (player) wheel=0 displacement=0.0243 range=1.000 (2% compressed, signed) foreAft=2.663 localZ=2.663 cfm=0.002500 erp=0.2500
INFO 2026-07-27 15:24:28.490 joltshadow - docs §28: REAL ODE wheel state (player) wheel=1 displacement=0.0242 range=1.000 (2% compressed, signed) foreAft=2.663 localZ=2.663 cfm=0.002500 erp=0.2500
INFO 2026-07-27 15:24:28.490 joltshadow - docs §28: REAL ODE wheel state (player) wheel=2 displacement=0.0264 range=1.000 (3% compressed, signed) foreAft=-1.944 localZ=-1.944 cfm=0.002000 erp=0.2500
INFO 2026-07-27 15:24:28.490 joltshadow - docs §28: REAL ODE wheel state (player) wheel=3 displacement=0.0264 range=1.000 (3% compressed, signed) foreAft=-1.944 localZ=-1.944 cfm=0.002000 erp=0.2500
INFO 2026-07-27 15:24:28.523 joltshadow - docs §70.1: slipdense (player) f=484 w=0 grounded=1 kappa=1.593 fnGround=400 omega=2.60 | ftGround=788N target=14.5 limit=716Nm motorNm=716 tyreNm=-572 inertia=2.91 limRot=0/-164/-1236 omegaPre=2.25 posN=260/-572/0 susp=-0.0411 springN=284
INFO 2026-07-27 15:24:28.523 joltshadow - docs §70.1: slipdense (player) f=484 w=1 grounded=1 kappa=2.260 fnGround=408 omega=4.03 | ftGround=621N target=14.5 limit=716Nm motorNm=716 tyreNm=-451 inertia=2.91 limRot=0/567/-2418 omegaPre=3.33 posN=561/-45/0 susp=-0.0450 springN=294
INFO 2026-07-27 15:24:28.524 joltshadow - docs §70.1: slipdense (player) f=484 w=2 grounded=1 kappa=0.804 fnGround=687 omega=1.45 | ftGround=935N target=14.5 limit=716Nm motorNm=716 tyreNm=-675 inertia=2.91 limRot=0/-187/2 omegaPre=1.51 posN=-233/-841/0 susp=-0.0805 springN=574
INFO 2026-07-27 15:24:28.524 joltshadow - docs §70.1: slipdense (player) f=484 w=3 grounded=1 kappa=0.568 fnGround=697 omega=1.72 | ftGround=887N target=14.5 limit=716Nm motorNm=716 tyreNm=-640 inertia=2.91 limRot=0/-187/2 omegaPre=1.70 posN=-233/-684/0 susp=-0.0844 springN=583
INFO 2026-07-27 15:24:28.524 joltshadow - docs §78: attdense (player) f=484 joltTilt=0.52 odeTilt=0.03 upDelta=0.50 wBody=(0.04,-0.08,0.01) |w|=0.09 grounded=4
INFO 2026-07-27 15:24:28.563 joltshadow - docs §70.1: slipdense (player) f=488 w=0 grounded=1 kappa=-2.796 fnGround=438 omega=-1.76 | ftGround=-678N target=-14.5 limit=716Nm motorNm=-716 tyreNm=494 inertia=2.91 limRot=0/-258/-1193 omegaPre=-0.96 posN=-501/278/0 susp=-0.0456 springN=346
INFO 2026-07-27 15:24:28.563 joltshadow - docs §70.1: slipdense (player) f=488 w=1 grounded=1 kappa=-1.564 fnGround=407 omega=-0.91 | ftGround=-629N target=-14.5 limit=716Nm motorNm=-716 tyreNm=458 inertia=2.91 limRot=0/523/-2307 omegaPre=-0.06 posN=-50/505/0 susp=-0.0472 springN=315
INFO 2026-07-27 15:24:28.563 joltshadow - docs §70.1: slipdense (player) f=488 w=2 grounded=1 kappa=-1.131 fnGround=651 omega=-0.19 | ftGround=-932N target=-14.5 limit=716Nm motorNm=-716 tyreNm=674 inertia=2.91 limRot=0/39/-0 omegaPre=0.04 posN=71/781/0 susp=-0.0775 springN=549
INFO 2026-07-27 15:24:28.563 joltshadow - docs §70.1: slipdense (player) f=488 w=3 grounded=1 kappa=-0.779 fnGround=615 omega=0.12 | ftGround=-885N target=-14.5 limit=716Nm motorNm=-716 tyreNm=641 inertia=2.91 limRot=0/40/-1 omegaPre=0.44 posN=72/703/0 susp=-0.0791 springN=509
INFO 2026-07-27 15:24:28.563 joltshadow - docs §78: attdense (player) f=488 joltTilt=0.42 odeTilt=0.03 upDelta=0.39 wBody=(0.08,-0.08,0.06) |w|=0.13 grounded=4
INFO 2026-07-27 15:24:28.603 joltshadow - docs §70.1: slipdense (player) f=492 w=0 grounded=1 kappa=-3.449 fnGround=630 omega=-2.33 | ftGround=-1187N target=-14.5 limit=716Nm motorNm=-716 tyreNm=861 inertia=2.91 limRot=0/-288/-1682 omegaPre=-2.65 posN=-472/869/0 susp=-0.0615 springN=526
INFO 2026-07-27 15:24:28.603 joltshadow - docs §70.1: slipdense (player) f=492 w=1 grounded=1 kappa=-3.119 fnGround=517 omega=-2.27 | ftGround=-1021N target=-14.5 limit=716Nm motorNm=-716 tyreNm=741 inertia=2.91 limRot=0/256/0 omegaPre=-2.29 posN=-410/590/0 susp=-0.0554 springN=413
INFO 2026-07-27 15:24:28.603 joltshadow - docs §70.1: slipdense (player) f=492 w=2 grounded=1 kappa=-1.088 fnGround=593 omega=-0.88 | ftGround=-901N target=-14.5 limit=716Nm motorNm=-716 tyreNm=652 inertia=2.91 limRot=0/115/-7 omegaPre=-0.72 posN=142/775/0 susp=-0.0725 springN=487
INFO 2026-07-27 15:24:28.603 joltshadow - docs §70.1: slipdense (player) f=492 w=3 grounded=1 kappa=-1.749 fnGround=455 omega=-1.54 | ftGround=-691N target=-14.5 limit=716Nm motorNm=-716 tyreNm=501 inertia=2.91 limRot=0/121/-7 omegaPre=-0.93 posN=151/447/0 susp=-0.0665 springN=348
INFO 2026-07-27 15:24:28.603 joltshadow - docs §78: attdense (player) f=492 joltTilt=0.19 odeTilt=0.03 upDelta=0.17 wBody=(0.16,0.03,0.10) |w|=0.19 grounded=4
INFO 2026-07-27 15:24:28.641 joltshadow - docs §70.1: slipdense (player) f=496 w=0 grounded=1 kappa=0.796 fnGround=782 omega=-0.12 | ftGround=907N target=14.5 limit=716Nm motorNm=716 tyreNm=-657 inertia=2.91 limRot=0/-390/-2154 omegaPre=-1.62 posN=633/-483/0 susp=-0.0834 springN=641
INFO 2026-07-27 15:24:28.642 joltshadow - docs §70.1: slipdense (player) f=496 w=1 grounded=1 kappa=0.564 fnGround=609 omega=-0.44 | ftGround=881N target=14.5 limit=716Nm motorNm=716 tyreNm=-640 inertia=2.91 limRot=0/-55/-1726 omegaPre=-2.23 posN=148/-771/0 susp=-0.0674 springN=481
INFO 2026-07-27 15:24:28.642 joltshadow - docs §70.1: slipdense (player) f=496 w=2 grounded=1 kappa=1.055 fnGround=517 omega=0.16 | ftGround=899N target=14.5 limit=716Nm motorNm=716 tyreNm=-655 inertia=2.91 limRot=0/68/5 omegaPre=-1.93 posN=34/-798/0 susp=-0.0650 springN=413
INFO 2026-07-27 15:24:28.642 joltshadow - docs §70.1: slipdense (player) f=496 w=3 grounded=1 kappa=-1.308 fnGround=301 omega=-1.21 | ftGround=-553N target=14.5 limit=716Nm motorNm=716 tyreNm=402 inertia=2.91 limRot=0/73/-2 omegaPre=-4.59 posN=41/685/0 susp=-0.0494 springN=215
INFO 2026-07-27 15:24:28.642 joltshadow - docs §78: attdense (player) f=496 joltTilt=0.44 odeTilt=0.03 upDelta=0.45 wBody=(0.15,0.10,0.08) |w|=0.20 grounded=4
INFO 2026-07-27 15:24:28.680 joltshadow - docs §70.1: slipdense (player) f=500 w=0 grounded=1 kappa=0.876 fnGround=577 omega=0.64 | ftGround=902N target=14.5 limit=716Nm motorNm=716 tyreNm=-653 inertia=2.91 limRot=0/-428/0 omegaPre=0.61 posN=466/-573/0 susp=-0.0879 springN=478
INFO 2026-07-27 15:24:28.680 joltshadow - docs §70.1: slipdense (player) f=500 w=1 grounded=1 kappa=1.406 fnGround=460 omega=0.97 | ftGround=851N target=14.5 limit=716Nm motorNm=716 tyreNm=-617 inertia=2.91 limRot=0/114/-1435 omegaPre=0.68 posN=370/-545/0 susp=-0.0686 springN=360
INFO 2026-07-27 15:24:28.680 joltshadow - docs §70.1: slipdense (player) f=500 w=2 grounded=1 kappa=2.401 fnGround=508 omega=1.80 | ftGround=755N target=14.5 limit=716Nm motorNm=716 tyreNm=-550 inertia=2.91 limRot=0/-138/7 omegaPre=1.34 posN=-211/-613/0 susp=-0.0593 springN=412
INFO 2026-07-27 15:24:28.680 joltshadow - docs §70.1: slipdense (player) f=500 w=3 grounded=1 kappa=5.080 fnGround=364 omega=3.71 | ftGround=535N target=14.5 limit=716Nm motorNm=716 tyreNm=-390 inertia=2.91 limRot=0/-150/5 omegaPre=2.81 posN=-227/-357/0 susp=-0.0404 springN=266
INFO 2026-07-27 15:24:28.680 joltshadow - docs §78: attdense (player) f=500 joltTilt=0.55 odeTilt=0.03 upDelta=0.57 wBody=(-0.03,0.02,-0.00) |w|=0.03 grounded=4
INFO 2026-07-27 15:24:28.719 joltshadow - docs §70.1: slipdense (player) f=504 w=0 grounded=1 kappa=2.077 fnGround=338 omega=2.58 | ftGround=625N target=14.5 limit=716Nm motorNm=716 tyreNm=-454 inertia=2.91 limRot=0/-279/-1165 omegaPre=1.76 posN=222/-446/0 susp=-0.0701 springN=232
INFO 2026-07-27 15:24:28.720 joltshadow - docs §70.1: slipdense (player) f=504 w=1 grounded=1 kappa=3.110 fnGround=284 omega=4.35 | ftGround=433N target=14.5 limit=716Nm motorNm=716 tyreNm=-314 inertia=2.91 limRot=0/427/-1167 omegaPre=3.04 posN=395/-31/0 susp=-0.0544 springN=179
INFO 2026-07-27 15:24:28.720 joltshadow - docs §70.1: slipdense (player) f=504 w=2 grounded=1 kappa=4.398 fnGround=576 omega=3.73 | ftGround=843N target=14.5 limit=716Nm motorNm=716 tyreNm=-612 inertia=2.91 limRot=0/-194/7 omegaPre=3.34 posN=-255/-742/0 susp=-0.0590 springN=472
INFO 2026-07-27 15:24:28.720 joltshadow - docs §70.1: slipdense (player) f=504 w=3 grounded=1 kappa=7.645 fnGround=506 omega=7.29 | ftGround=740N target=14.5 limit=716Nm motorNm=716 tyreNm=-537 inertia=2.91 limRot=0/-209/7 omegaPre=6.60 posN=-275/-580/0 susp=-0.0435 springN=404
INFO 2026-07-27 15:24:28.720 joltshadow - docs §78: attdense (player) f=504 joltTilt=0.35 odeTilt=0.03 upDelta=0.36 wBody=(-0.17,-0.07,-0.06) |w|=0.19 grounded=4
INFO 2026-07-27 15:24:28.744 joltshadow - docs §82: resync (player) #8 dt=0.50s upMax=1.407 deg posMax=0.262 m odeTiltPath=0.000 deg gain=-1.0000
INFO 2026-07-27 15:24:28.744 joltshadow - docs §87: resync landing (player) w=0 pre=-0.0019 post=-0.0095 m R=0.727 dY=-0.0298 dRotDeg=2.18 |corr|=0.2624 m
INFO 2026-07-27 15:24:28.744 joltshadow - docs §87: resync landing (player) w=1 pre=-0.0017 post=-0.0090 m R=0.727 dY=-0.0298 dRotDeg=2.18 |corr|=0.2624 m
INFO 2026-07-27 15:24:28.744 joltshadow - docs §87: resync landing (player) w=2 pre=-0.0052 post=-0.0097 m R=0.727 dY=-0.0298 dRotDeg=2.18 |corr|=0.2624 m
INFO 2026-07-27 15:24:28.744 joltshadow - docs §87: resync landing (player) w=3 pre=-0.0050 post=-0.0092 m R=0.727 dY=-0.0298 dRotDeg=2.18 |corr|=0.2624 m
INFO 2026-07-27 15:24:28.744 joltshadow - docs §82: resync RESIDUAL (player) #8 pos=0.0000 m up=0.0000 deg
INFO 2026-07-27 15:24:28.754 joltshadow - docs §70.1: slipdense (player) f=508 w=0 grounded=1 kappa=5.390 fnGround=644 omega=3.93 | ftGround=1174N target=14.5 limit=716Nm motorNm=716 tyreNm=-844 inertia=2.91 limRot=0/-95/-1186 omegaPre=5.75 posN=459/-790/0 susp=-0.0757 springN=463
INFO 2026-07-27 15:24:28.754 joltshadow - docs §70.1: slipdense (player) f=508 w=1 grounded=1 kappa=9.339 fnGround=637 omega=6.82 | ftGround=1102N target=14.5 limit=716Nm motorNm=716 tyreNm=-793 inertia=2.91 limRot=0/542/-1083 omegaPre=8.42 posN=525/-564/0 susp=-0.0758 springN=471
INFO 2026-07-27 15:24:28.754 joltshadow - docs §70.1: slipdense (player) f=508 w=2 grounded=1 kappa=3.106 fnGround=788 omega=2.15 | ftGround=1316N target=14.5 limit=716Nm motorNm=716 tyreNm=-946 inertia=2.91 limRot=0/-69/4 omegaPre=4.17 posN=-108/-1113/0 susp=-0.0790 springN=657
INFO 2026-07-27 15:24:28.754 joltshadow - docs §70.1: slipdense (player) f=508 w=3 grounded=1 kappa=8.395 fnGround=780 omega=5.96 | ftGround=1279N target=14.5 limit=716Nm motorNm=716 tyreNm=-919 inertia=2.91 limRot=0/-74/4 omegaPre=7.83 posN=-114/-983/0 susp=-0.0791 springN=667
INFO 2026-07-27 15:24:28.754 joltshadow - docs §78: attdense (player) f=508 joltTilt=0.05 odeTilt=0.03 upDelta=0.02 wBody=(-0.05,-0.04,-0.02) |w|=0.07 grounded=4
INFO 2026-07-27 15:24:28.792 joltshadow - docs §70.1: slipdense (player) f=512 w=0 grounded=1 kappa=1.764 fnGround=314 omega=3.30 | ftGround=476N target=14.5 limit=716Nm motorNm=716 tyreNm=-345 inertia=2.91 limRot=0/-104/-1186 omegaPre=1.90 posN=-39/-427/0 susp=-0.0620 springN=200
INFO 2026-07-27 15:24:28.798 joltshadow - docs §70.1: slipdense (player) f=512 w=1 grounded=1 kappa=3.135 fnGround=360 omega=6.09 | ftGround=587N target=14.5 limit=716Nm motorNm=716 tyreNm=-424 inertia=2.91 limRot=0/919/-929 omegaPre=5.00 posN=469/-171/0 susp=-0.0649 springN=248
INFO 2026-07-27 15:24:28.798 joltshadow - docs §70.1: slipdense (player) f=512 w=2 grounded=1 kappa=1.145 fnGround=690 omega=1.66 | ftGround=917N target=14.5 limit=716Nm motorNm=716 tyreNm=-661 inertia=2.91 limRot=0/-48/1 omegaPre=-0.06 posN=-72/-784/0 susp=-0.0800 springN=587
INFO 2026-07-27 15:24:28.798 joltshadow - docs §70.1: slipdense (player) f=512 w=3 grounded=1 kappa=0.709 fnGround=744 omega=2.10 | ftGround=903N target=14.5 limit=716Nm motorNm=716 tyreNm=-650 inertia=2.91 limRot=0/-48/0 omegaPre=0.74 posN=-71/-736/0 susp=-0.0827 springN=646
INFO 2026-07-27 15:24:28.799 joltshadow - docs §78: attdense (player) f=512 joltTilt=0.27 odeTilt=0.03 upDelta=0.24 wBody=(-0.13,-0.12,-0.04) |w|=0.18 grounded=4
INFO 2026-07-27 15:24:28.839 joltshadow - docs §70.1: slipdense (player) f=516 w=0 grounded=1 kappa=-6.705 fnGround=352 omega=-4.55 | ftGround=-511N target=-14.5 limit=716Nm motorNm=-716 tyreNm=372 inertia=2.91 limRot=0/-126/0 omegaPre=-3.34 posN=-351/174/0 susp=-0.0467 springN=251
INFO 2026-07-27 15:24:28.839 joltshadow - docs §70.1: slipdense (player) f=516 w=1 grounded=1 kappa=-4.295 fnGround=334 omega=-2.60 | ftGround=-617N target=-14.5 limit=716Nm motorNm=-716 tyreNm=449 inertia=2.91 limRot=0/820/-910 omegaPre=-1.56 posN=-161/340/0 susp=-0.0492 springN=237
INFO 2026-07-27 15:24:28.839 joltshadow - docs §70.1: slipdense (player) f=516 w=2 grounded=1 kappa=-1.121 fnGround=662 omega=-0.53 | ftGround=-924N target=-14.5 limit=716Nm motorNm=-716 tyreNm=668 inertia=2.91 limRot=0/88/-3 omegaPre=-0.39 posN=100/820/0 susp=-0.0781 springN=562
INFO 2026-07-27 15:24:28.839 joltshadow - docs §70.1: slipdense (player) f=516 w=3 grounded=1 kappa=-1.097 fnGround=647 omega=-0.28 | ftGround=-904N target=-14.5 limit=716Nm motorNm=-716 tyreNm=654 inertia=2.91 limRot=0/100/-3 omegaPre=-0.06 posN=115/703/0 susp=-0.0806 springN=546
INFO 2026-07-27 15:24:28.839 joltshadow - docs §78: attdense (player) f=516 joltTilt=0.43 odeTilt=0.03 upDelta=0.40 wBody=(-0.00,-0.06,0.04) |w|=0.07 grounded=4
INFO 2026-07-27 15:24:28.876 joltshadow - docs §70.1: slipdense (player) f=520 w=0 grounded=1 kappa=2.979 fnGround=222 omega=3.73 | ftGround=420N target=14.5 limit=716Nm motorNm=716 tyreNm=-305 inertia=2.91 limRot=0/32/-1187 omegaPre=2.29 posN=120/-267/0 susp=-0.0373 springN=111
INFO 2026-07-27 15:24:28.876 joltshadow - docs §70.1: slipdense (player) f=520 w=1 grounded=1 kappa=3.238 fnGround=250 omega=4.93 | ftGround=378N target=14.5 limit=716Nm motorNm=716 tyreNm=-275 inertia=2.91 limRot=0/1043/-848 omegaPre=3.32 posN=379/10/0 susp=-0.0394 springN=139
INFO 2026-07-27 15:24:28.876 joltshadow - docs §70.1: slipdense (player) f=520 w=2 grounded=1 kappa=1.246 fnGround=678 omega=1.55 | ftGround=934N target=14.5 limit=716Nm motorNm=716 tyreNm=-674 inertia=2.91 limRot=0/-93/1 omegaPre=1.24 posN=-127/-830/0 susp=-0.0762 springN=564
INFO 2026-07-27 15:24:28.876 joltshadow - docs §70.1: slipdense (player) f=520 w=3 grounded=1 kappa=0.929 fnGround=709 omega=1.82 | ftGround=912N target=14.5 limit=716Nm motorNm=716 tyreNm=-657 inertia=2.91 limRot=0/-95/1 omegaPre=1.46 posN=-130/-764/0 susp=-0.0783 springN=599
INFO 2026-07-27 15:24:28.876 joltshadow - docs §78: attdense (player) f=520 joltTilt=0.53 odeTilt=0.03 upDelta=0.50 wBody=(-0.09,-0.08,-0.03) |w|=0.12 grounded=4
INFO 2026-07-27 15:24:28.911 joltshadow - docs §70.1: slipdense (player) f=524 w=0 grounded=1 kappa=6.022 fnGround=63 omega=10.10 | ftGround=120N target=14.5 limit=716Nm motorNm=716 tyreNm=-88 inertia=2.91 limRot=0/350/-1141 omegaPre=8.62 posN=41/8/0 susp=-0.0203 springN=-45
INFO 2026-07-27 15:24:28.911 joltshadow - docs §70.1: slipdense (player) f=524 w=1 grounded=1 kappa=5.095 fnGround=140 omega=11.10 | ftGround=205N target=14.5 limit=716Nm motorNm=716 tyreNm=-149 inertia=2.91 limRot=0/1169/-597 omegaPre=9.75 posN=229/67/0 susp=-0.0262 springN=36
INFO 2026-07-27 15:24:28.911 joltshadow - docs §70.1: slipdense (player) f=524 w=2 grounded=1 kappa=0.778 fnGround=715 omega=1.95 | ftGround=949N target=14.5 limit=716Nm motorNm=716 tyreNm=-684 inertia=2.91 limRot=0/-94/-2 omegaPre=1.76 posN=-119/-864/0 susp=-0.0770 springN=601
INFO 2026-07-27 15:24:28.912 joltshadow - docs §70.1: slipdense (player) f=524 w=3 grounded=1 kappa=0.535 fnGround=810 omega=2.42 | ftGround=933N target=14.5 limit=716Nm motorNm=716 tyreNm=-671 inertia=2.91 limRot=0/-93/-1 omegaPre=2.19 posN=-118/-818/0 susp=-0.0828 springN=699
INFO 2026-07-27 15:24:28.912 joltshadow - docs §78: attdense (player) f=524 joltTilt=0.78 odeTilt=0.03 upDelta=0.75 wBody=(-0.14,-0.13,-0.06) |w|=0.20 grounded=4
INFO 2026-07-27 15:24:28.943 joltshadow - docs §70.1: slipdense (player) f=528 w=0 grounded=0 kappa=0.000 fnGround=0 omega=12.16 | ftGround=0N target=-14.5 limit=716Nm motorNm=-716 tyreNm=0 inertia=2.91 limRot=0/797/-1845 omegaPre=14.37 posN=-38/-134/0 susp=-0.0029 springN=-102
INFO 2026-07-27 15:24:28.943 joltshadow - docs §70.1: slipdense (player) f=528 w=1 grounded=1 kappa=5.129 fnGround=75 omega=11.92 | ftGround=108N target=-14.5 limit=716Nm motorNm=-716 tyreNm=-79 inertia=2.91 limRot=0/1263/-113 omegaPre=14.37 posN=110/-128/0 susp=-0.0136 springN=-11
INFO 2026-07-27 15:24:28.944 joltshadow - docs §70.1: slipdense (player) f=528 w=2 grounded=1 kappa=-0.512 fnGround=758 omega=0.63 | ftGround=-927N target=-14.5 limit=716Nm motorNm=-716 tyreNm=673 inertia=2.91 limRot=0/-1/5 omegaPre=2.03 posN=18/787/0 susp=-0.0802 springN=647
INFO 2026-07-27 15:24:28.944 joltshadow - docs §70.1: slipdense (player) f=528 w=3 grounded=1 kappa=-0.363 fnGround=897 omega=1.18 | ftGround=-922N target=-14.5 limit=716Nm motorNm=-716 tyreNm=671 inertia=2.91 limRot=0/1/5 omegaPre=2.58 posN=20/816/0 susp=-0.0911 springN=778
INFO 2026-07-27 15:24:28.944 joltshadow - docs §78: attdense (player) f=528 joltTilt=1.08 odeTilt=0.03 upDelta=1.05 wBody=(-0.12,-0.15,-0.05) |w|=0.20 grounded=3
INFO 2026-07-27 15:24:28.974 joltshadow - docs §70.1: slipdense (player) f=532 w=0 grounded=0 kappa=0.000 fnGround=0 omega=4.54 | ftGround=0N target=-14.5 limit=716Nm motorNm=-716 tyreNm=0 inertia=2.91 limRot=0/986/-668 omegaPre=6.26 posN=-44/-114/0 susp=0.0024 springN=-23
INFO 2026-07-27 15:24:28.974 joltshadow - docs §70.1: slipdense (player) f=532 w=1 grounded=1 kappa=1.058 fnGround=191 omega=2.59 | ftGround=380N target=-14.5 limit=716Nm motorNm=-716 tyreNm=-277 inertia=2.91 limRot=0/1205/0 omegaPre=4.92 posN=210/-381/0 susp=-0.0104 springN=79
INFO 2026-07-27 15:24:28.974 joltshadow - docs §70.1: slipdense (player) f=532 w=2 grounded=1 kappa=-0.893 fnGround=737 omega=0.05 | ftGround=-926N target=-14.5 limit=716Nm motorNm=-716 tyreNm=673 inertia=2.91 limRot=0/70/6 omegaPre=0.15 posN=94/807/0 susp=-0.0831 springN=650
INFO 2026-07-27 15:24:28.974 joltshadow - docs §70.1: slipdense (player) f=532 w=3 grounded=1 kappa=-0.539 fnGround=847 omega=0.67 | ftGround=-937N target=-14.5 limit=716Nm motorNm=-716 tyreNm=682 inertia=2.91 limRot=0/71/6 omegaPre=0.76 posN=95/842/0 susp=-0.0964 springN=758
INFO 2026-07-27 15:24:28.974 joltshadow - docs §78: attdense (player) f=532 joltTilt=1.18 odeTilt=0.03 upDelta=1.15 wBody=(0.00,-0.17,-0.01) |w|=0.17 grounded=3
INFO 2026-07-27 15:24:28.998 joltshadow - docs §70.1: slipdense (player) f=536 w=0 grounded=1 kappa=-1.580 fnGround=246 omega=-1.04 | ftGround=-353N target=-14.5 limit=716Nm motorNm=-716 tyreNm=259 inertia=2.91 limRot=0/763/-638 omegaPre=-0.09 posN=-354/4/0 susp=-0.0023 springN=128
INFO 2026-07-27 15:24:28.998 joltshadow - docs §70.1: slipdense (player) f=536 w=1 grounded=1 kappa=-1.898 fnGround=274 omega=-1.69 | ftGround=-404N target=-14.5 limit=716Nm motorNm=-716 tyreNm=296 inertia=2.91 limRot=0/916/0 omegaPre=-0.82 posN=-394/-2/0 susp=-0.0149 springN=171
INFO 2026-07-27 15:24:28.998 joltshadow - docs §70.1: slipdense (player) f=536 w=2 grounded=1 kappa=-1.034 fnGround=739 omega=-0.10 | ftGround=-943N target=-14.5 limit=716Nm motorNm=-716 tyreNm=684 inertia=2.91 limRot=0/148/2 omegaPre=-0.04 posN=200/852/0 susp=-0.0844 springN=650
INFO 2026-07-27 15:24:28.998 joltshadow - docs §70.1: slipdense (player) f=536 w=3 grounded=1 kappa=-0.598 fnGround=798 omega=0.40 | ftGround=-904N target=-14.5 limit=716Nm motorNm=-716 tyreNm=657 inertia=2.91 limRot=0/151/3 omegaPre=0.52 posN=204/733/0 susp=-0.0967 springN=704
INFO 2026-07-27 15:24:28.998 joltshadow - docs §78: attdense (player) f=536 joltTilt=1.11 odeTilt=0.03 upDelta=1.08 wBody=(0.08,-0.12,0.04) |w|=0.15 grounded=4
INFO 2026-07-27 15:24:29.029 joltshadow - docs §70.1: slipdense (player) f=540 w=0 grounded=1 kappa=-7.080 fnGround=413 omega=-4.69 | ftGround=-724N target=-14.5 limit=716Nm motorNm=-716 tyreNm=528 inertia=2.91 limRot=0/900/-724 omegaPre=-3.81 posN=-334/441/0 susp=-0.0190 springN=318
INFO 2026-07-27 15:24:29.029 joltshadow - docs §70.1: slipdense (player) f=540 w=1 grounded=1 kappa=-8.217 fnGround=394 omega=-5.49 | ftGround=-542N target=-14.5 limit=716Nm motorNm=-716 tyreNm=394 inertia=2.91 limRot=0/844/0 omegaPre=-4.34 posN=-562/128/0 susp=-0.0261 springN=290
INFO 2026-07-27 15:24:29.029 joltshadow - docs §70.1: slipdense (player) f=540 w=2 grounded=1 kappa=-1.139 fnGround=729 omega=-0.50 | ftGround=-937N target=-14.5 limit=716Nm motorNm=-716 tyreNm=678 inertia=2.91 limRot=0/153/1 omegaPre=-0.23 posN=208/821/0 susp=-0.0849 springN=636
INFO 2026-07-27 15:24:29.029 joltshadow - docs §70.1: slipdense (player) f=540 w=3 grounded=1 kappa=-1.085 fnGround=704 omega=-0.33 | ftGround=-892N target=-14.5 limit=716Nm motorNm=-716 tyreNm=646 inertia=2.91 limRot=0/164/0 omegaPre=0.04 posN=223/690/0 susp=-0.0921 springN=602
INFO 2026-07-27 15:24:29.029 joltshadow - docs §78: attdense (player) f=540 joltTilt=0.87 odeTilt=0.02 upDelta=0.85 wBody=(0.16,-0.03,0.09) |w|=0.19 grounded=4
INFO 2026-07-27 15:24:29.029 joltshadow - Shadow divergence (player): pos=1.546m vel=0.369m/s angle=1.9deg (jolt com=[4668.6 259.2 1251.9] ode com=[4668.5 257.7 1251.5])
INFO 2026-07-27 15:24:29.029 joltshadow - docs §23.6: driver input (player) realThrottle=-10.00 brake=0.01 handBrake=0 steerRad=0.000
INFO 2026-07-27 15:24:29.029 joltshadow - docs §32: Jolt SHADOW chassis pitch (player) forward=(-0.194, 0.015, -0.981)
INFO 2026-07-27 15:24:29.029 joltshadow - docs §69: tilt (player) jolt=0.9 deg ode=0.0 deg delta=+0.8 deg upDelta=0.85 deg
INFO 2026-07-27 15:24:29.029 joltshadow - docs §32.4: Jolt SHADOW chassis lowest corner (player) = (4667.76,259.01,1255.49) clearanceToGround=1.015
INFO 2026-07-27 15:24:29.029 joltshadow - docs §23.5: wheel state (player) wheel=0 contact=0 suspLen=1.050 (range 0.050-1.050, 0% compressed) angVel=0.00
INFO 2026-07-27 15:24:29.029 joltshadow - docs §38.11: wheel=0 NO contact, worldAxle=(0.981,0.003,-0.194)
INFO 2026-07-27 15:24:29.029 joltshadow - docs §32: no-contact raycast (player) wheel=0 bodyPos=(4668.47,259.15,1251.30) localMPos=(-1.367,-0.436,2.663) origin=(4669.29,258.75,1248.42) dir=(-0.000,-1.000,-0.015) normalRayLen=1.777 groundFoundAt=0.000 shortfallBeyondTravel=-1.777 hitBody=8391036 hitLayer=4 hitMotion=2 hitIsSelfChassis=0
INFO 2026-07-27 15:24:29.029 joltshadow - docs §23.5: wheel state (player) wheel=1 contact=0 suspLen=1.050 (range 0.050-1.050, 0% compressed) angVel=0.00
INFO 2026-07-27 15:24:29.030 joltshadow - docs §38.11: wheel=1 NO contact, worldAxle=(0.981,0.003,-0.194)
INFO 2026-07-27 15:24:29.030 joltshadow - docs §32: no-contact raycast (player) wheel=1 bodyPos=(4668.47,259.15,1251.30) localMPos=(1.369,-0.436,2.663) origin=(4666.61,258.75,1248.95) dir=(-0.000,-1.000,-0.015) normalRayLen=1.777 groundFoundAt=0.000 shortfallBeyondTravel=-1.777 hitBody=8391037 hitLayer=4 hitMotion=2 hitIsSelfChassis=0
INFO 2026-07-27 15:24:29.030 joltshadow - docs §23.5: wheel state (player) wheel=2 contact=0 suspLen=1.050 (range 0.050-1.050, 0% compressed) angVel=0.00
INFO 2026-07-27 15:24:29.030 joltshadow - docs §38.11: wheel=2 NO contact, worldAxle=(0.981,0.003,-0.194)
INFO 2026-07-27 15:24:29.030 joltshadow - docs §32: no-contact raycast (player) wheel=2 bodyPos=(4668.47,259.15,1251.30) localMPos=(-1.367,-0.436,-1.944) origin=(4670.18,258.69,1252.94) dir=(-0.000,-1.000,-0.015) normalRayLen=1.777 groundFoundAt=0.000 shortfallBeyondTravel=-1.777 hitBody=8391038 hitLayer=4 hitMotion=2 hitIsSelfChassis=0
INFO 2026-07-27 15:24:29.030 joltshadow - docs §23.5: wheel state (player) wheel=3 contact=0 suspLen=1.050 (range 0.050-1.050, 0% compressed) angVel=0.00
INFO 2026-07-27 15:24:29.030 joltshadow - docs §38.11: wheel=3 NO contact, worldAxle=(0.981,0.003,-0.194)
INFO 2026-07-27 15:24:29.030 joltshadow - docs §32: no-contact raycast (player) wheel=3 bodyPos=(4668.47,259.15,1251.30) localMPos=(1.369,-0.436,-1.944) origin=(4667.50,258.68,1253.47) dir=(-0.000,-1.000,-0.015) normalRayLen=1.777 groundFoundAt=0.000 shortfallBeyondTravel=-1.777 hitBody=8391039 hitLayer=4 hitMotion=2 hitIsSelfChassis=0
INFO 2026-07-27 15:24:29.030 joltshadow - docs §59/63: harvest (player) wheelsWithContact=4 contactPoints=8 overflow=0 (of 4) | maxNormalF=729N bound(k_t*tau)=1229N ratio=0.59
INFO 2026-07-27 15:24:29.030 joltshadow - docs §58: wheel body (player) w=0 springF=318N stopF=0N travel=-0.0190 (limits -0.5000..0.5000 rel spawn) kSusp=6000 sagPredicted=0.0531 | frameTrav=-0.0190..-0.0145 frameStopN=0
INFO 2026-07-27 15:24:29.030 joltshadow - docs §66: tyre band (player) w=0 fnGround=413N fnTotal=416N pen=0.00295 penRaw=0.00295 tau=0.01024 pen/tau=0.29 | recs tyre=1 rim=1 survived=1 stale=0 distMax=1.00R
INFO 2026-07-27 15:24:29.030 joltshadow - docs §68: steer (player) w=0 steerable=1 commanded=0.000 rad measured=-0.611 rad err=-35.00 deg steerSign=-1 steerTq=-1192Nm cap=1192Nm sat=1.00
INFO 2026-07-27 15:24:29.030 joltshadow - docs §70: slip (player) w=0 grounded=1 kappa=-7.080 fnGround=413N omega=-4.69
INFO 2026-07-27 15:24:29.030 joltshadow - docs §67: spin (player) w=0 driven=1 omega=-4.69 rad/s surfaceSpeed=-3.42 m/s spinSign=+1 motorTq=-716Nm cmdTq=716Nm
INFO 2026-07-27 15:24:29.030 joltshadow - docs §58: wheel body (player) w=1 springF=290N stopF=0N travel=-0.0261 (limits -0.5000..0.5000 rel spawn) kSusp=6000 sagPredicted=0.0484 | frameTrav=-0.0261..-0.0231 frameStopN=0
INFO 2026-07-27 15:24:29.030 joltshadow - docs §66: tyre band (player) w=1 fnGround=394N fnTotal=395N pen=0.00298 penRaw=0.00298 tau=0.01024 pen/tau=0.29 | recs tyre=1 rim=1 survived=1 stale=0 distMax=1.00R
INFO 2026-07-27 15:24:29.030 joltshadow - docs §68: steer (player) w=1 steerable=1 commanded=0.000 rad measured=-0.314 rad err=-17.96 deg steerSign=-1 steerTq=-1192Nm cap=1192Nm sat=1.00
INFO 2026-07-27 15:24:29.030 joltshadow - docs §70: slip (player) w=1 grounded=1 kappa=-8.217 fnGround=394N omega=-5.49
INFO 2026-07-27 15:24:29.031 joltshadow - docs §67: spin (player) w=1 driven=1 omega=-5.49 rad/s surfaceSpeed=-3.99 m/s spinSign=+1 motorTq=-716Nm cmdTq=716Nm
INFO 2026-07-27 15:24:29.031 joltshadow - docs §58: wheel body (player) w=2 springF=636N stopF=0N travel=-0.0849 (limits -0.5000..0.5000 rel spawn) kSusp=7500 sagPredicted=0.0848 | frameTrav=-0.0849..-0.0849 frameStopN=0
INFO 2026-07-27 15:24:29.031 joltshadow - docs §66: tyre band (player) w=2 fnGround=729N fnTotal=731N pen=0.00615 penRaw=0.00615 tau=0.01024 pen/tau=0.60 | recs tyre=1 rim=1 survived=1 stale=0 distMax=0.99R
INFO 2026-07-27 15:24:29.031 joltshadow - docs §68: steer (player) w=2 steerable=0 commanded=0.000 rad measured=0.000 rad err=0.00 deg steerSign=-1 steerTq=0Nm cap=340282346638528859811704183484516925440Nm sat=0.00
INFO 2026-07-27 15:24:29.031 joltshadow - docs §70: slip (player) w=2 grounded=1 kappa=-1.139 fnGround=729N omega=-0.50
INFO 2026-07-27 15:24:29.031 joltshadow - docs §67: spin (player) w=2 driven=1 omega=-0.50 rad/s surfaceSpeed=-0.36 m/s spinSign=+1 motorTq=-716Nm cmdTq=716Nm
INFO 2026-07-27 15:24:29.031 joltshadow - docs §58: wheel body (player) w=3 springF=602N stopF=0N travel=-0.0921 (limits -0.5000..0.5000 rel spawn) kSusp=7500 sagPredicted=0.0803 | frameTrav=-0.0935..-0.0921 frameStopN=0
INFO 2026-07-27 15:24:29.031 joltshadow - docs §66: tyre band (player) w=3 fnGround=704N fnTotal=706N pen=0.00618 penRaw=0.00618 tau=0.01024 pen/tau=0.60 | recs tyre=1 rim=1 survived=1 stale=0 distMax=0.99R
INFO 2026-07-27 15:24:29.031 joltshadow - docs §68: steer (player) w=3 steerable=0 commanded=0.000 rad measured=0.000 rad err=0.00 deg steerSign=-1 steerTq=0Nm cap=340282346638528859811704183484516925440Nm sat=0.00
INFO 2026-07-27 15:24:29.031 joltshadow - docs §70: slip (player) w=3 grounded=1 kappa=-1.085 fnGround=704N omega=-0.33
INFO 2026-07-27 15:24:29.031 joltshadow - docs §67: spin (player) w=3 driven=1 omega=-0.33 rad/s surfaceSpeed=-0.24 m/s spinSign=+1 motorTq=-716Nm cmdTq=716Nm
INFO 2026-07-27 15:24:29.031 joltshadow - docs §67: drivetrain (player) gear=0 rpm=869 driveTorque=2880Nm perWheel=720Nm driven=4 throttle=-1.00 spin=1 | PRE-STEP brake=0.01 handBrake=0
INFO 2026-07-27 15:24:29.031 joltshadow - docs §66: tyre band SUM (player) fnGroundSum=2240N fnTotalSum=2248N weight=1638N carried=1.37 | penSum=0.01825 recs tyre=4 rim=4 stale=0
INFO 2026-07-27 15:24:29.031 joltshadow - docs §30: REAL ODE chassis COM (player) body=53396828 = (4668.453, 257.737, 1251.491) forward=(-0.223, 0.000, -0.975)
INFO 2026-07-27 15:24:29.031 joltshadow - docs §33: real ODE chassis geom (player) #1 = class 0 (not a transform) pos=(4668.453,257.737,1251.491) radius=4.000
INFO 2026-07-27 15:24:29.031 joltshadow - docs §33: real ODE chassis geom (player) #2 = transform, inner class=1 pos=(0.000,3.010,-1.827)
INFO 2026-07-27 15:24:29.031 joltshadow - docs §33: real ODE chassis geom (player) #3 = transform, inner class=1 pos=(0.013,2.455,4.253)
INFO 2026-07-27 15:24:29.031 joltshadow - docs §33: real ODE chassis geom (player) #4 = transform, inner class=1 pos=(0.000,2.778,2.038)
INFO 2026-07-27 15:24:29.031 joltshadow - docs §33: real ODE chassis geom (player) #5 = transform, inner class=1 pos=(0.000,1.675,0.000)
INFO 2026-07-27 15:24:29.032 joltshadow - docs §33: real ODE chassis geom (player) #6 = class 0 (not a transform) pos=(4668.453,257.737,1251.491) radius=30.000
INFO 2026-07-27 15:24:29.032 joltshadow - docs §33: real ODE chassis geom (player) #7 = class 0 (not a transform) pos=(4668.453,257.737,1251.491) radius=8.161
INFO 2026-07-27 15:24:29.032 joltshadow - docs §33: real ODE chassis geom (player) #8 = class 0 (not a transform) pos=(4668.453,257.737,1251.491) radius=200.000
INFO 2026-07-27 15:24:29.032 joltshadow - docs §33: real ODE chassis (player) has 8 total geom(s) directly attached (4 transform(s)) - compare against BuildChassisCompoundShape's own part/geom count in the build log
INFO 2026-07-27 15:24:29.032 joltshadow - docs §28: REAL ODE wheel state (player) wheel=0 displacement=0.0159 range=1.000 (2% compressed, signed) foreAft=2.663 localZ=2.663 cfm=0.002500 erp=0.2500
INFO 2026-07-27 15:24:29.032 joltshadow - docs §28: REAL ODE wheel state (player) wheel=1 displacement=0.0159 range=1.000 (2% compressed, signed) foreAft=2.663 localZ=2.663 cfm=0.002500 erp=0.2500
INFO 2026-07-27 15:24:29.032 joltshadow - docs §28: REAL ODE wheel state (player) wheel=2 displacement=0.0177 range=1.000 (2% compressed, signed) foreAft=-1.944 localZ=-1.944 cfm=0.002000 erp=0.2500
INFO 2026-07-27 15:24:29.032 joltshadow - docs §28: REAL ODE wheel state (player) wheel=3 displacement=0.0177 range=1.000 (2% compressed, signed) foreAft=-1.944 localZ=-1.944 cfm=0.002000 erp=0.2500
INFO 2026-07-27 15:24:29.070 joltshadow - docs §70.1: slipdense (player) f=544 w=0 grounded=1 kappa=-5.550 fnGround=694 omega=-4.33 | ftGround=-1067N target=-14.5 limit=716Nm motorNm=-716 tyreNm=774 inertia=2.91 limRot=0/1070/-1429 omegaPre=-4.68 posN=-756/597/0 susp=-0.0535 springN=591
INFO 2026-07-27 15:24:29.070 joltshadow - docs §70.1: slipdense (player) f=544 w=1 grounded=1 kappa=-10.879 fnGround=590 omega=-8.31 | ftGround=-805N target=-14.5 limit=716Nm motorNm=-716 tyreNm=582 inertia=2.91 limRot=0/2069/0 omegaPre=-7.92 posN=651/654/0 susp=-0.0494 springN=487
INFO 2026-07-27 15:24:29.070 joltshadow - docs §70.1: slipdense (player) f=544 w=2 grounded=1 kappa=-0.877 fnGround=652 omega=-1.11 | ftGround=-903N target=-14.5 limit=716Nm motorNm=-716 tyreNm=652 inertia=2.91 limRot=0/99/-1 omegaPre=-1.08 posN=108/736/0 susp=-0.0814 springN=548
INFO 2026-07-27 15:24:29.071 joltshadow - docs §70.1: slipdense (player) f=544 w=3 grounded=1 kappa=-1.284 fnGround=521 omega=-1.62 | ftGround=-851N target=-14.5 limit=716Nm motorNm=-716 tyreNm=616 inertia=2.91 limRot=0/115/-1 omegaPre=-1.33 posN=131/651/0 susp=-0.0775 springN=420
INFO 2026-07-27 15:24:29.071 joltshadow - docs §78: attdense (player) f=544 joltTilt=0.36 odeTilt=0.02 upDelta=0.34 wBody=(0.25,0.06,0.10) |w|=0.27 grounded=4
INFO 2026-07-27 15:24:29.100 joltshadow - docs §70.1: slipdense (player) f=548 w=0 grounded=1 kappa=-2.033 fnGround=859 omega=-3.25 | ftGround=-1243N target=-14.5 limit=716Nm motorNm=-716 tyreNm=896 inertia=2.91 limRot=0/802/-2023 omegaPre=-3.61 posN=-1232/452/0 susp=-0.0803 springN=746
INFO 2026-07-27 15:24:29.100 joltshadow - docs §70.1: slipdense (player) f=548 w=1 grounded=1 kappa=-5.030 fnGround=712 omega=-8.84 | ftGround=-1003N target=-14.5 limit=716Nm motorNm=-716 tyreNm=725 inertia=2.91 limRot=0/1663/0 omegaPre=-8.85 posN=972/916/0 susp=-0.0691 springN=608
INFO 2026-07-27 15:24:29.100 joltshadow - docs §70.1: slipdense (player) f=548 w=2 grounded=1 kappa=-0.666 fnGround=557 omega=-1.79 | ftGround=-912N target=-14.5 limit=716Nm motorNm=-716 tyreNm=661 inertia=2.91 limRot=0/-23/-5 omegaPre=-1.60 posN=-38/763/0 susp=-0.0742 springN=451
INFO 2026-07-27 15:24:29.100 joltshadow - docs §70.1: slipdense (player) f=548 w=3 grounded=1 kappa=-0.656 fnGround=391 omega=-2.46 | ftGround=-778N target=-14.5 limit=716Nm motorNm=-716 tyreNm=564 inertia=2.91 limRot=0/-21/-4 omegaPre=-2.17 posN=-34/574/0 susp=-0.0632 springN=281
INFO 2026-07-27 15:24:29.100 joltshadow - docs §78: attdense (player) f=548 joltTilt=0.27 odeTilt=0.02 upDelta=0.28 wBody=(0.27,0.10,0.09) |w|=0.30 grounded=4
INFO 2026-07-27 15:24:29.123 joltshadow - docs §70.1: slipdense (player) f=552 w=0 grounded=1 kappa=0.556 fnGround=885 omega=-0.59 | ftGround=983N target=14.5 limit=716Nm motorNm=716 tyreNm=-711 inertia=2.91 limRot=0/1274/-2255 omegaPre=-0.73 posN=457/-674/0 susp=-0.0973 springN=751
INFO 2026-07-27 15:24:29.123 joltshadow - docs §70.1: slipdense (player) f=552 w=1 grounded=1 kappa=0.392 fnGround=742 omega=-1.15 | ftGround=983N target=14.5 limit=716Nm motorNm=716 tyreNm=-715 inertia=2.91 limRot=0/1308/0 omegaPre=-3.00 posN=-57/-888/0 susp=-0.0811 springN=597
INFO 2026-07-27 15:24:29.123 joltshadow - docs §70.1: slipdense (player) f=552 w=2 grounded=1 kappa=0.760 fnGround=498 omega=-0.12 | ftGround=790N target=14.5 limit=716Nm motorNm=716 tyreNm=-576 inertia=2.91 limRot=0/-201/6 omegaPre=-0.39 posN=-265/-603/0 susp=-0.0677 springN=409
INFO 2026-07-27 15:24:29.123 joltshadow - docs §70.1: slipdense (player) f=552 w=3 grounded=1 kappa=0.907 fnGround=313 omega=0.18 | ftGround=537N target=14.5 limit=716Nm motorNm=716 tyreNm=-393 inertia=2.91 limRot=0/-197/5 omegaPre=-0.48 posN=-259/-332/0 susp=-0.0518 springN=222
INFO 2026-07-27 15:24:29.123 joltshadow - docs §78: attdense (player) f=552 joltTilt=0.54 odeTilt=0.02 upDelta=0.55 wBody=(0.18,0.15,0.07) |w|=0.24 grounded=4
INFO 2026-07-27 15:24:29.145 joltshadow - docs §70.1: slipdense (player) f=556 w=0 grounded=1 kappa=0.693 fnGround=768 omega=-0.19 | ftGround=894N target=14.5 limit=716Nm motorNm=716 tyreNm=-646 inertia=2.91 limRot=0/1301/-1999 omegaPre=-0.31 posN=561/-462/0 susp=-0.1042 springN=660
INFO 2026-07-27 15:24:29.145 joltshadow - docs §70.1: slipdense (player) f=556 w=1 grounded=1 kappa=0.495 fnGround=607 omega=-0.48 | ftGround=870N target=14.5 limit=716Nm motorNm=716 tyreNm=-630 inertia=2.91 limRot=0/1088/-1178 omegaPre=-0.63 posN=8/-762/0 susp=-0.0843 springN=505
INFO 2026-07-27 15:24:29.146 joltshadow - docs §70.1: slipdense (player) f=556 w=2 grounded=1 kappa=1.431 fnGround=504 omega=0.40 | ftGround=904N target=14.5 limit=716Nm motorNm=716 tyreNm=-660 inertia=2.91 limRot=0/-75/8 omegaPre=0.32 posN=-108/-752/0 susp=-0.0632 springN=409
INFO 2026-07-27 15:24:29.146 joltshadow - docs §70.1: slipdense (player) f=556 w=3 grounded=1 kappa=3.197 fnGround=312 omega=2.42 | ftGround=589N target=14.5 limit=716Nm motorNm=716 tyreNm=-431 inertia=2.91 limRot=0/-73/7 omegaPre=1.94 posN=-104/-375/0 susp=-0.0436 springN=218
INFO 2026-07-27 15:24:29.146 joltshadow - docs §78: attdense (player) f=556 joltTilt=0.70 odeTilt=0.02 upDelta=0.71 wBody=(0.05,0.09,0.04) |w|=0.11 grounded=4
INFO 2026-07-27 15:24:29.170 joltshadow - docs §70.1: slipdense (player) f=560 w=0 grounded=1 kappa=0.987 fnGround=608 omega=0.47 | ftGround=903N target=14.5 limit=716Nm motorNm=716 tyreNm=-653 inertia=2.91 limRot=0/1014/-1619 omegaPre=0.34 posN=465/-562/0 susp=-0.1005 springN=505
INFO 2026-07-27 15:24:29.170 joltshadow - docs §70.1: slipdense (player) f=560 w=1 grounded=1 kappa=1.327 fnGround=482 omega=0.65 | ftGround=816N target=14.5 limit=716Nm motorNm=716 tyreNm=-591 inertia=2.91 limRot=0/1073/-946 omegaPre=0.39 posN=263/-526/0 susp=-0.0795 springN=379
INFO 2026-07-27 15:24:29.171 joltshadow - docs §70.1: slipdense (player) f=560 w=2 grounded=1 kappa=2.205 fnGround=518 omega=1.46 | ftGround=786N target=14.5 limit=716Nm motorNm=716 tyreNm=-573 inertia=2.91 limRot=0/-132/9 omegaPre=1.16 posN=-181/-661/0 susp=-0.0600 springN=418
INFO 2026-07-27 15:24:29.171 joltshadow - docs §70.1: slipdense (player) f=560 w=3 grounded=1 kappa=7.585 fnGround=362 omega=5.20 | ftGround=537N target=14.5 limit=716Nm motorNm=716 tyreNm=-393 inertia=2.91 limRot=0/-145/8 omegaPre=4.53 posN=-198/-339/0 susp=-0.0393 springN=263
INFO 2026-07-27 15:24:29.171 joltshadow - docs §78: attdense (player) f=560 joltTilt=0.69 odeTilt=0.02 upDelta=0.70 wBody=(-0.07,0.03,-0.00) |w|=0.07 grounded=4
INFO 2026-07-27 15:24:29.195 joltshadow - docs §70.1: slipdense (player) f=564 w=0 grounded=1 kappa=1.011 fnGround=423 omega=1.07 | ftGround=836N target=14.5 limit=716Nm motorNm=716 tyreNm=-606 inertia=2.91 limRot=0/698/-1152 omegaPre=0.88 posN=365/-575/0 susp=-0.0873 springN=324
INFO 2026-07-27 15:24:29.195 joltshadow - docs §70.1: slipdense (player) f=564 w=1 grounded=1 kappa=2.119 fnGround=348 omega=2.05 | ftGround=625N target=14.5 limit=716Nm motorNm=716 tyreNm=-454 inertia=2.91 limRot=0/990/-728 omegaPre=1.55 posN=314/-289/0 susp=-0.0682 springN=243
INFO 2026-07-27 15:24:29.195 joltshadow - docs §70.1: slipdense (player) f=564 w=2 grounded=1 kappa=3.392 fnGround=547 omega=2.66 | ftGround=801N target=14.5 limit=716Nm motorNm=716 tyreNm=-583 inertia=2.91 limRot=0/-176/9 omegaPre=2.39 posN=-234/-685/0 susp=-0.0590 springN=449
INFO 2026-07-27 15:24:29.195 joltshadow - docs §70.1: slipdense (player) f=564 w=3 grounded=1 kappa=10.421 fnGround=446 omega=7.71 | ftGround=629N target=14.5 limit=716Nm motorNm=716 tyreNm=-458 inertia=2.91 limRot=0/-187/8 omegaPre=7.17 posN=-249/-447/0 susp=-0.0402 springN=346
INFO 2026-07-27 15:24:29.195 joltshadow - docs §78: attdense (player) f=564 joltTilt=0.53 odeTilt=0.02 upDelta=0.55 wBody=(-0.16,-0.02,-0.04) |w|=0.17 grounded=4
INFO 2026-07-27 15:24:29.236 joltshadow - docs §70.1: slipdense (player) f=568 w=0 grounded=1 kappa=-3.082 fnGround=318 omega=-2.26 | ftGround=-486N target=-14.5 limit=716Nm motorNm=-716 tyreNm=354 inertia=2.91 limRot=0/512/-1017 omegaPre=-0.90 posN=-329/189/0 susp=-0.0618 springN=228
INFO 2026-07-27 15:24:29.237 joltshadow - docs §70.1: slipdense (player) f=568 w=1 grounded=1 kappa=-3.689 fnGround=246 omega=-2.56 | ftGround=-430N target=-14.5 limit=716Nm motorNm=-716 tyreNm=313 inertia=2.91 limRot=0/1003/-724 omegaPre=-0.97 posN=-104/230/0 susp=-0.0468 springN=152
INFO 2026-07-27 15:24:29.237 joltshadow - docs §70.1: slipdense (player) f=568 w=2 grounded=1 kappa=-1.236 fnGround=602 omega=-0.73 | ftGround=-921N target=-14.5 limit=716Nm motorNm=-716 tyreNm=670 inertia=2.91 limRot=0/38/-6 omegaPre=-0.43 posN=53/805/0 susp=-0.0616 springN=495
INFO 2026-07-27 15:24:29.237 joltshadow - docs §70.1: slipdense (player) f=568 w=3 grounded=1 kappa=-1.206 fnGround=515 omega=-0.52 | ftGround=-900N target=-14.5 limit=716Nm motorNm=-716 tyreNm=655 inertia=2.91 limRot=0/41/-6 omegaPre=-0.17 posN=57/737/0 susp=-0.0467 springN=402
INFO 2026-07-27 15:24:29.237 joltshadow - docs §78: attdense (player) f=568 joltTilt=0.32 odeTilt=0.02 upDelta=0.32 wBody=(-0.13,-0.05,-0.02) |w|=0.14 grounded=4
INFO 2026-07-27 15:24:29.246 joltshadow - docs §82: resync (player) #9 dt=0.50s upMax=1.152 deg posMax=0.194 m odeTiltPath=0.008 deg gain=-1.0000
INFO 2026-07-27 15:24:29.246 joltshadow - docs §87: resync landing (player) w=0 pre=-0.0028 post=-0.0095 m R=0.727 dY=-0.0207 dRotDeg=1.29 |corr|=0.1375 m
INFO 2026-07-27 15:24:29.247 joltshadow - docs §87: resync landing (player) w=1 pre=-0.0021 post=-0.0090 m R=0.727 dY=-0.0207 dRotDeg=1.29 |corr|=0.1375 m
INFO 2026-07-27 15:24:29.247 joltshadow - docs §87: resync landing (player) w=2 pre=-0.0051 post=-0.0096 m R=0.727 dY=-0.0207 dRotDeg=1.29 |corr|=0.1375 m
INFO 2026-07-27 15:24:29.247 joltshadow - docs §87: resync landing (player) w=3 pre=-0.0042 post=-0.0092 m R=0.727 dY=-0.0207 dRotDeg=1.29 |corr|=0.1375 m
INFO 2026-07-27 15:24:29.247 joltshadow - docs §82: resync RESIDUAL (player) #9 pos=0.0000 m up=0.0000 deg
INFO 2026-07-27 15:24:29.273 joltshadow - docs §70.1: slipdense (player) f=572 w=0 grounded=1 kappa=0.877 fnGround=501 omega=0.14 | ftGround=747N target=14.5 limit=716Nm motorNm=716 tyreNm=-540 inertia=2.91 limRot=0/913/-1340 omegaPre=-2.19 posN=517/-290/0 susp=-0.0760 springN=497
INFO 2026-07-27 15:24:29.273 joltshadow - docs §70.1: slipdense (player) f=572 w=1 grounded=1 kappa=0.721 fnGround=485 omega=-0.16 | ftGround=877N target=14.5 limit=716Nm motorNm=716 tyreNm=-634 inertia=2.91 limRot=0/1019/-989 omegaPre=-1.83 posN=248/-561/0 susp=-0.0742 springN=480
INFO 2026-07-27 15:24:29.273 joltshadow - docs §70.1: slipdense (player) f=572 w=2 grounded=1 kappa=0.924 fnGround=589 omega=0.22 | ftGround=952N target=14.5 limit=716Nm motorNm=716 tyreNm=-688 inertia=2.91 limRot=0/65/4 omegaPre=-1.13 posN=58/-810/0 susp=-0.0744 springN=592
INFO 2026-07-27 15:24:29.273 joltshadow - docs §70.1: slipdense (player) f=572 w=3 grounded=1 kappa=0.913 fnGround=565 omega=-0.04 | ftGround=954N target=14.5 limit=716Nm motorNm=716 tyreNm=-690 inertia=2.91 limRot=0/77/4 omegaPre=-1.35 posN=76/-735/0 susp=-0.0726 springN=570
INFO 2026-07-27 15:24:29.273 joltshadow - docs §78: attdense (player) f=572 joltTilt=0.03 odeTilt=0.02 upDelta=0.04 wBody=(0.01,0.06,0.01) |w|=0.06 grounded=4
INFO 2026-07-27 15:24:29.311 joltshadow - docs §70.1: slipdense (player) f=576 w=0 grounded=1 kappa=1.802 fnGround=371 omega=1.73 | ftGround=730N target=14.5 limit=716Nm motorNm=716 tyreNm=-529 inertia=2.91 limRot=0/599/-1097 omegaPre=1.27 posN=313/-469/0 susp=-0.0668 springN=255
INFO 2026-07-27 15:24:29.311 joltshadow - docs §70.1: slipdense (player) f=576 w=1 grounded=1 kappa=1.104 fnGround=415 omega=1.36 | ftGround=700N target=14.5 limit=716Nm motorNm=716 tyreNm=-507 inertia=2.91 limRot=0/1084/0 omegaPre=0.84 posN=398/-324/0 susp=-0.0674 springN=298
INFO 2026-07-27 15:24:29.312 joltshadow - docs §70.1: slipdense (player) f=576 w=2 grounded=1 kappa=1.007 fnGround=691 omega=0.97 | ftGround=923N target=14.5 limit=716Nm motorNm=716 tyreNm=-666 inertia=2.91 limRot=0/-118/2 omegaPre=0.81 posN=-168/-782/0 susp=-0.0756 springN=581
INFO 2026-07-27 15:24:29.312 joltshadow - docs §70.1: slipdense (player) f=576 w=3 grounded=1 kappa=0.968 fnGround=745 omega=1.07 | ftGround=887N target=14.5 limit=716Nm motorNm=716 tyreNm=-639 inertia=2.91 limRot=0/-127/2 omegaPre=0.83 posN=-180/-698/0 susp=-0.0760 springN=632
INFO 2026-07-27 15:24:29.312 joltshadow - docs §78: attdense (player) f=576 joltTilt=0.14 odeTilt=0.02 upDelta=0.11 wBody=(-0.13,-0.03,-0.05) |w|=0.14 grounded=4
INFO 2026-07-27 15:24:29.350 joltshadow - docs §70.1: slipdense (player) f=580 w=0 grounded=1 kappa=5.445 fnGround=118 omega=6.87 | ftGround=228N target=14.5 limit=716Nm motorNm=716 tyreNm=-166 inertia=2.91 limRot=0/691/-942 omegaPre=5.24 posN=27/-117/0 susp=-0.0413 springN=10
INFO 2026-07-27 15:24:29.350 joltshadow - docs §70.1: slipdense (player) f=580 w=1 grounded=1 kappa=3.514 fnGround=222 omega=6.28 | ftGround=330N target=14.5 limit=716Nm motorNm=716 tyreNm=-239 inertia=2.91 limRot=0/1215/-646 omegaPre=4.86 posN=372/42/0 susp=-0.0486 springN=117
INFO 2026-07-27 15:24:29.350 joltshadow - docs §70.1: slipdense (player) f=580 w=2 grounded=1 kappa=0.940 fnGround=739 omega=1.51 | ftGround=941N target=14.5 limit=716Nm motorNm=716 tyreNm=-679 inertia=2.91 limRot=0/-133/-1 omegaPre=1.54 posN=-168/-851/0 susp=-0.0785 springN=628
INFO 2026-07-27 15:24:29.350 joltshadow - docs §70.1: slipdense (player) f=580 w=3 grounded=1 kappa=0.616 fnGround=872 omega=1.89 | ftGround=919N target=14.5 limit=716Nm motorNm=716 tyreNm=-662 inertia=2.91 limRot=0/-131/-1 omegaPre=1.86 posN=-165/-787/0 susp=-0.0855 springN=760
INFO 2026-07-27 15:24:29.350 joltshadow - docs §78: attdense (player) f=580 joltTilt=0.55 odeTilt=0.03 upDelta=0.52 wBody=(-0.21,-0.10,-0.08) |w|=0.25 grounded=4
INFO 2026-07-27 15:24:29.387 joltshadow - docs §70.1: slipdense (player) f=584 w=0 grounded=0 kappa=0.000 fnGround=0 omega=14.29 | ftGround=0N target=14.5 limit=716Nm motorNm=1 tyreNm=0 inertia=2.91 limRot=0/1047/-572 omegaPre=13.32 posN=-17/95/0 susp=-0.0097 springN=-177
INFO 2026-07-27 15:24:29.388 joltshadow - docs §70.1: slipdense (player) f=584 w=1 grounded=1 kappa=5.957 fnGround=68 omega=13.72 | ftGround=98N target=14.5 limit=716Nm motorNm=716 tyreNm=-71 inertia=2.91 limRot=0/1237/-248 omegaPre=11.55 posN=118/82/0 susp=-0.0251 springN=-34
INFO 2026-07-27 15:24:29.388 joltshadow - docs §70.1: slipdense (player) f=584 w=2 grounded=1 kappa=0.669 fnGround=804 omega=2.03 | ftGround=944N target=14.5 limit=716Nm motorNm=716 tyreNm=-682 inertia=2.91 limRot=0/-46/-4 omegaPre=1.84 posN=-52/-869/0 susp=-0.0837 springN=689
INFO 2026-07-27 15:24:29.388 joltshadow - docs §70.1: slipdense (player) f=584 w=3 grounded=1 kappa=0.465 fnGround=1021 omega=2.56 | ftGround=939N target=14.5 limit=716Nm motorNm=716 tyreNm=-675 inertia=2.91 limRot=0/-42/-4 omegaPre=2.34 posN=-46/-855/0 susp=-0.0996 springN=902
INFO 2026-07-27 15:24:29.388 joltshadow - docs §78: attdense (player) f=584 joltTilt=1.09 odeTilt=0.03 upDelta=1.06 wBody=(-0.24,-0.14,-0.10) |w|=0.29 grounded=3
INFO 2026-07-27 15:24:29.423 joltshadow - docs §70.1: slipdense (player) f=588 w=0 grounded=0 kappa=0.000 fnGround=0 omega=14.33 | ftGround=0N target=14.5 limit=716Nm motorNm=3 tyreNm=0 inertia=2.91 limRot=0/1195/0 omegaPre=14.32 posN=-9/94/0 susp=0.0102 springN=-176
INFO 2026-07-27 15:24:29.423 joltshadow - docs §70.1: slipdense (player) f=588 w=1 grounded=0 kappa=0.000 fnGround=0 omega=14.32 | ftGround=0N target=14.5 limit=716Nm motorNm=3 tyreNm=0 inertia=2.91 limRot=0/1095/0 omegaPre=14.32 posN=-10/99/0 susp=-0.0049 springN=-127
INFO 2026-07-27 15:24:29.423 joltshadow - docs §70.1: slipdense (player) f=588 w=2 grounded=1 kappa=0.446 fnGround=872 omega=2.37 | ftGround=941N target=14.5 limit=716Nm motorNm=716 tyreNm=-681 inertia=2.91 limRot=0/41/-4 omegaPre=2.26 posN=61/-877/0 susp=-0.0902 springN=752
INFO 2026-07-27 15:24:29.423 joltshadow - docs §70.1: slipdense (player) f=588 w=3 grounded=1 kappa=0.335 fnGround=1127 omega=2.92 | ftGround=945N target=14.5 limit=716Nm motorNm=716 tyreNm=-680 inertia=2.91 limRot=0/47/-4 omegaPre=2.81 posN=71/-882/0 susp=-0.1140 springN=1004
INFO 2026-07-27 15:24:29.423 joltshadow - docs §78: attdense (player) f=588 joltTilt=1.57 odeTilt=0.03 upDelta=1.54 wBody=(-0.21,-0.14,-0.08) |w|=0.27 grounded=2
INFO 2026-07-27 15:24:29.450 joltshadow - docs §70.1: slipdense (player) f=592 w=0 grounded=0 kappa=0.000 fnGround=0 omega=14.35 | ftGround=0N target=14.5 limit=716Nm motorNm=4 tyreNm=0 inertia=2.91 limRot=0/1004/0 omegaPre=14.35 posN=-32/86/0 susp=0.0167 springN=-139
INFO 2026-07-27 15:24:29.450 joltshadow - docs §70.1: slipdense (player) f=592 w=1 grounded=0 kappa=0.000 fnGround=0 omega=14.34 | ftGround=0N target=14.5 limit=716Nm motorNm=11 tyreNm=0 inertia=2.91 limRot=0/649/0 omegaPre=14.34 posN=-33/108/0 susp=0.0071 springN=-150
INFO 2026-07-27 15:24:29.450 joltshadow - docs §70.1: slipdense (player) f=592 w=2 grounded=1 kappa=0.443 fnGround=924 omega=2.80 | ftGround=949N target=14.5 limit=716Nm motorNm=716 tyreNm=-686 inertia=2.91 limRot=0/82/-3 omegaPre=2.61 posN=123/-900/0 susp=-0.0959 springN=797
INFO 2026-07-27 15:24:29.450 joltshadow - docs §70.1: slipdense (player) f=592 w=3 grounded=1 kappa=0.338 fnGround=1190 omega=3.40 | ftGround=945N target=14.5 limit=716Nm motorNm=716 tyreNm=-678 inertia=2.91 limRot=0/86/-3 omegaPre=3.19 posN=132/-883/0 susp=-0.1246 springN=1068
INFO 2026-07-27 15:24:29.451 joltshadow - docs §78: attdense (player) f=592 joltTilt=1.91 odeTilt=0.03 upDelta=1.88 wBody=(-0.19,-0.16,-0.06) |w|=0.25 grounded=2
INFO 2026-07-27 15:24:29.483 joltshadow - docs §70.1: slipdense (player) f=596 w=0 grounded=0 kappa=0.000 fnGround=0 omega=6.16 | ftGround=0N target=-14.5 limit=716Nm motorNm=-716 tyreNm=0 inertia=2.91 limRot=0/-898/0 omegaPre=8.40 posN=42/-96/0 susp=0.0125 springN=3
INFO 2026-07-27 15:24:29.483 joltshadow - docs §70.1: slipdense (player) f=596 w=1 grounded=0 kappa=0.000 fnGround=0 omega=6.11 | ftGround=0N target=-14.5 limit=716Nm motorNm=-716 tyreNm=0 inertia=2.91 limRot=0/-591/0 omegaPre=8.33 posN=41/-142/0 susp=0.0109 springN=-50
INFO 2026-07-27 15:24:29.484 joltshadow - docs §70.1: slipdense (player) f=596 w=2 grounded=1 kappa=-0.443 fnGround=854 omega=0.86 | ftGround=-928N target=-14.5 limit=716Nm motorNm=-716 tyreNm=680 inertia=2.91 limRot=0/82/9 omegaPre=0.90 posN=87/821/0 susp=-0.1010 springN=786
INFO 2026-07-27 15:24:29.484 joltshadow - docs §70.1: slipdense (player) f=596 w=3 grounded=1 kappa=-0.322 fnGround=1104 omega=1.43 | ftGround=-911N target=-14.5 limit=716Nm motorNm=-716 tyreNm=667 inertia=2.91 limRot=0/85/9 omegaPre=1.50 posN=93/749/0 susp=-0.1325 springN=1041
INFO 2026-07-27 15:24:29.484 joltshadow - docs §78: attdense (player) f=596 joltTilt=2.11 odeTilt=0.03 upDelta=2.08 wBody=(-0.03,-0.14,-0.02) |w|=0.15 grounded=2
INFO 2026-07-27 15:24:29.521 joltshadow - docs §70.1: slipdense (player) f=600 w=0 grounded=0 kappa=0.000 fnGround=0 omega=-2.96 | ftGround=0N target=-14.5 limit=716Nm motorNm=-716 tyreNm=0 inertia=2.91 limRot=0/-151/0 omegaPre=-0.75 posN=5/-115/0 susp=0.0021 springN=67
INFO 2026-07-27 15:24:29.521 joltshadow - docs §70.1: slipdense (player) f=600 w=1 grounded=0 kappa=0.000 fnGround=0 omega=-2.98 | ftGround=0N target=-14.5 limit=716Nm motorNm=-716 tyreNm=0 inertia=2.91 limRot=0/19/0 omegaPre=-0.77 posN=5/-117/0 susp=0.0054 springN=23
INFO 2026-07-27 15:24:29.521 joltshadow - docs §70.1: slipdense (player) f=600 w=2 grounded=1 kappa=-0.629 fnGround=770 omega=0.38 | ftGround=-922N target=-14.5 limit=716Nm motorNm=-716 tyreNm=675 inertia=2.91 limRot=0/-7/8 omegaPre=0.57 posN=0/798/0 susp=-0.0995 springN=697
INFO 2026-07-27 15:24:29.521 joltshadow - docs §70.1: slipdense (player) f=600 w=3 grounded=1 kappa=-0.445 fnGround=1019 omega=0.84 | ftGround=-919N target=-14.5 limit=716Nm motorNm=-716 tyreNm=673 inertia=2.91 limRot=0/-6/8 omegaPre=1.05 posN=5/786/0 susp=-0.1322 springN=946
INFO 2026-07-27 15:24:29.521 joltshadow - docs §78: attdense (player) f=600 joltTilt=2.00 odeTilt=0.03 upDelta=1.98 wBody=(0.13,-0.12,-0.01) |w|=0.18 grounded=2
INFO 2026-07-27 15:24:29.521 joltshadow - Shadow divergence (player): pos=1.536m vel=1.017m/s angle=2.4deg (jolt com=[4668.6 259.2 1251.9] ode com=[4668.5 257.7 1251.5])
INFO 2026-07-27 15:24:29.521 joltshadow - docs §23.6: driver input (player) realThrottle=-10.00 brake=0.01 handBrake=0 steerRad=0.000
INFO 2026-07-27 15:24:29.521 joltshadow - docs §32: Jolt SHADOW chassis pitch (player) forward=(-0.198, 0.032, -0.980)
INFO 2026-07-27 15:24:29.521 joltshadow - docs §69: tilt (player) jolt=2.0 deg ode=0.0 deg delta=+2.0 deg upDelta=1.98 deg
INFO 2026-07-27 15:24:29.521 joltshadow - docs §32.4: Jolt SHADOW chassis lowest corner (player) = (4667.76,258.93,1255.47) clearanceToGround=0.936
INFO 2026-07-27 15:24:29.521 joltshadow - docs §23.5: wheel state (player) wheel=0 contact=0 suspLen=1.050 (range 0.050-1.050, 0% compressed) angVel=0.00
INFO 2026-07-27 15:24:29.522 joltshadow - docs §38.11: wheel=0 NO contact, worldAxle=(0.980,0.013,-0.198)
INFO 2026-07-27 15:24:29.522 joltshadow - docs §32: no-contact raycast (player) wheel=0 bodyPos=(4668.44,259.15,1251.28) localMPos=(-1.367,-0.436,2.663) origin=(4669.26,258.82,1248.39) dir=(0.006,-0.999,-0.034) normalRayLen=1.777 groundFoundAt=0.000 shortfallBeyondTravel=-1.777 hitBody=8391036 hitLayer=4 hitMotion=2 hitIsSelfChassis=0
INFO 2026-07-27 15:24:29.522 joltshadow - docs §23.5: wheel state (player) wheel=1 contact=0 suspLen=1.050 (range 0.050-1.050, 0% compressed) angVel=0.00
INFO 2026-07-27 15:24:29.522 joltshadow - docs §38.11: wheel=1 NO contact, worldAxle=(0.980,0.013,-0.198)
INFO 2026-07-27 15:24:29.522 joltshadow - docs §32: no-contact raycast (player) wheel=1 bodyPos=(4668.44,259.15,1251.28) localMPos=(1.369,-0.436,2.663) origin=(4666.58,258.79,1248.93) dir=(0.006,-0.999,-0.034) normalRayLen=1.777 groundFoundAt=0.000 shortfallBeyondTravel=-1.777 hitBody=8391037 hitLayer=4 hitMotion=2 hitIsSelfChassis=0
INFO 2026-07-27 15:24:29.522 joltshadow - docs §23.5: wheel state (player) wheel=2 contact=0 suspLen=1.050 (range 0.050-1.050, 0% compressed) angVel=0.00
INFO 2026-07-27 15:24:29.522 joltshadow - docs §38.11: wheel=2 NO contact, worldAxle=(0.980,0.013,-0.198)
INFO 2026-07-27 15:24:29.522 joltshadow - docs §32: no-contact raycast (player) wheel=2 bodyPos=(4668.44,259.15,1251.28) localMPos=(-1.367,-0.436,-1.944) origin=(4670.17,258.67,1252.90) dir=(0.006,-0.999,-0.034) normalRayLen=1.777 groundFoundAt=0.000 shortfallBeyondTravel=-1.777 hitBody=8391038 hitLayer=4 hitMotion=2 hitIsSelfChassis=0
INFO 2026-07-27 15:24:29.522 joltshadow - docs §23.5: wheel state (player) wheel=3 contact=0 suspLen=1.050 (range 0.050-1.050, 0% compressed) angVel=0.00
INFO 2026-07-27 15:24:29.522 joltshadow - docs §38.11: wheel=3 NO contact, worldAxle=(0.980,0.013,-0.198)
INFO 2026-07-27 15:24:29.522 joltshadow - docs §32: no-contact raycast (player) wheel=3 bodyPos=(4668.44,259.15,1251.28) localMPos=(1.369,-0.436,-1.944) origin=(4667.49,258.64,1253.44) dir=(0.006,-0.999,-0.034) normalRayLen=1.777 groundFoundAt=0.000 shortfallBeyondTravel=-1.777 hitBody=8391039 hitLayer=4 hitMotion=2 hitIsSelfChassis=0
INFO 2026-07-27 15:24:29.522 joltshadow - docs §59/63: harvest (player) wheelsWithContact=3 contactPoints=6 overflow=0 (of 4) | maxNormalF=1019N bound(k_t*tau)=1229N ratio=0.83
INFO 2026-07-27 15:24:29.522 joltshadow - docs §58: wheel body (player) w=0 springF=67N stopF=0N travel=0.0021 (limits -0.5000..0.5000 rel spawn) kSusp=6000 sagPredicted=0.0112 | frameTrav=0.0021..0.0037 frameStopN=0
INFO 2026-07-27 15:24:29.522 joltshadow - docs §66: tyre band (player) w=0 fnGround=0N fnTotal=0N pen=0.00000 penRaw=0.00000 tau=0.01024 pen/tau=0.00 | recs tyre=0 rim=0 survived=0 stale=0 distMax=0.00R
INFO 2026-07-27 15:24:29.522 joltshadow - docs §68: steer (player) w=0 steerable=1 commanded=0.000 rad measured=0.046 rad err=2.64 deg steerSign=-1 steerTq=212Nm cap=1192Nm sat=0.18
INFO 2026-07-27 15:24:29.522 joltshadow - docs §70: slip (player) w=0 grounded=0 kappa=0.000 fnGround=0N omega=-2.96
INFO 2026-07-27 15:24:29.522 joltshadow - docs §67: spin (player) w=0 driven=1 omega=-2.96 rad/s surfaceSpeed=-2.15 m/s spinSign=+1 motorTq=-716Nm cmdTq=716Nm
INFO 2026-07-27 15:24:29.522 joltshadow - docs §58: wheel body (player) w=1 springF=23N stopF=0N travel=0.0054 (limits -0.5000..0.5000 rel spawn) kSusp=6000 sagPredicted=0.0039 | frameTrav=0.0054..0.0065 frameStopN=0
INFO 2026-07-27 15:24:29.522 joltshadow - docs §66: tyre band (player) w=1 fnGround=0N fnTotal=0N pen=0.00000 penRaw=0.00000 tau=0.01024 pen/tau=0.00 | recs tyre=1 rim=1 survived=0 stale=0 distMax=1.01R
INFO 2026-07-27 15:24:29.523 joltshadow - docs §68: steer (player) w=1 steerable=1 commanded=0.000 rad measured=0.002 rad err=0.12 deg steerSign=-1 steerTq=-48Nm cap=1192Nm sat=0.04
INFO 2026-07-27 15:24:29.523 joltshadow - docs §70: slip (player) w=1 grounded=0 kappa=0.000 fnGround=0N omega=-2.98
INFO 2026-07-27 15:24:29.523 joltshadow - docs §67: spin (player) w=1 driven=1 omega=-2.98 rad/s surfaceSpeed=-2.17 m/s spinSign=+1 motorTq=-716Nm cmdTq=716Nm
INFO 2026-07-27 15:24:29.523 joltshadow - docs §58: wheel body (player) w=2 springF=697N stopF=0N travel=-0.0995 (limits -0.5000..0.5000 rel spawn) kSusp=7500 sagPredicted=0.0929 | frameTrav=-0.1003..-0.0995 frameStopN=0
INFO 2026-07-27 15:24:29.523 joltshadow - docs §66: tyre band (player) w=2 fnGround=770N fnTotal=780N pen=0.00667 penRaw=0.00667 tau=0.01024 pen/tau=0.65 | recs tyre=1 rim=1 survived=1 stale=0 distMax=0.99R
INFO 2026-07-27 15:24:29.523 joltshadow - docs §68: steer (player) w=2 steerable=0 commanded=0.000 rad measured=-0.000 rad err=-0.00 deg steerSign=-1 steerTq=0Nm cap=340282346638528859811704183484516925440Nm sat=0.00
INFO 2026-07-27 15:24:29.523 joltshadow - docs §70: slip (player) w=2 grounded=1 kappa=-0.629 fnGround=770N omega=0.38
INFO 2026-07-27 15:24:29.523 joltshadow - docs §67: spin (player) w=2 driven=1 omega=0.38 rad/s surfaceSpeed=0.27 m/s spinSign=+1 motorTq=-716Nm cmdTq=716Nm
INFO 2026-07-27 15:24:29.523 joltshadow - docs §58: wheel body (player) w=3 springF=946N stopF=0N travel=-0.1322 (limits -0.5000..0.5000 rel spawn) kSusp=7500 sagPredicted=0.1261 | frameTrav=-0.1329..-0.1322 frameStopN=0
INFO 2026-07-27 15:24:29.523 joltshadow - docs §66: tyre band (player) w=3 fnGround=1019N fnTotal=1032N pen=0.00877 penRaw=0.00877 tau=0.01024 pen/tau=0.86 | recs tyre=1 rim=1 survived=1 stale=0 distMax=0.99R
INFO 2026-07-27 15:24:29.523 joltshadow - docs §68: steer (player) w=3 steerable=0 commanded=0.000 rad measured=-0.000 rad err=-0.00 deg steerSign=-1 steerTq=0Nm cap=340282346638528859811704183484516925440Nm sat=0.00
INFO 2026-07-27 15:24:29.523 joltshadow - docs §70: slip (player) w=3 grounded=1 kappa=-0.445 fnGround=1019N omega=0.84
INFO 2026-07-27 15:24:29.523 joltshadow - docs §67: spin (player) w=3 driven=1 omega=0.84 rad/s surfaceSpeed=0.61 m/s spinSign=+1 motorTq=-716Nm cmdTq=716Nm
INFO 2026-07-27 15:24:29.523 joltshadow - docs §67: drivetrain (player) gear=0 rpm=324 driveTorque=2880Nm perWheel=720Nm driven=4 throttle=-1.00 spin=1 | PRE-STEP brake=0.01 handBrake=0
INFO 2026-07-27 15:24:29.523 joltshadow - docs §66: tyre band SUM (player) fnGroundSum=1788N fnTotalSum=1811N weight=1638N carried=1.11 | penSum=0.01544 recs tyre=3 rim=3 stale=0
INFO 2026-07-27 15:24:29.523 joltshadow - docs §30: REAL ODE chassis COM (player) body=53396828 = (4668.453, 257.733, 1251.491) forward=(-0.223, 0.000, -0.975)
INFO 2026-07-27 15:24:29.523 joltshadow - docs §33: real ODE chassis geom (player) #1 = class 0 (not a transform) pos=(4668.453,257.733,1251.491) radius=4.000
INFO 2026-07-27 15:24:29.523 joltshadow - docs §33: real ODE chassis geom (player) #2 = transform, inner class=1 pos=(0.000,3.010,-1.827)
INFO 2026-07-27 15:24:29.523 joltshadow - docs §33: real ODE chassis geom (player) #3 = transform, inner class=1 pos=(0.013,2.455,4.253)
INFO 2026-07-27 15:24:29.523 joltshadow - docs §33: real ODE chassis geom (player) #4 = transform, inner class=1 pos=(0.000,2.778,2.038)
INFO 2026-07-27 15:24:29.523 joltshadow - docs §33: real ODE chassis geom (player) #5 = transform, inner class=1 pos=(0.000,1.675,0.000)
INFO 2026-07-27 15:24:29.523 joltshadow - docs §33: real ODE chassis geom (player) #6 = class 0 (not a transform) pos=(4668.453,257.733,1251.491) radius=30.000
INFO 2026-07-27 15:24:29.524 joltshadow - docs §33: real ODE chassis geom (player) #7 = class 0 (not a transform) pos=(4668.453,257.733,1251.491) radius=8.161
INFO 2026-07-27 15:24:29.524 joltshadow - docs §33: real ODE chassis geom (player) #8 = class 0 (not a transform) pos=(4668.453,257.733,1251.491) radius=200.000
INFO 2026-07-27 15:24:29.524 joltshadow - docs §33: real ODE chassis (player) has 8 total geom(s) directly attached (4 transform(s)) - compare against BuildChassisCompoundShape's own part/geom count in the build log
INFO 2026-07-27 15:24:29.524 joltshadow - docs §28: REAL ODE wheel state (player) wheel=0 displacement=0.0189 range=1.000 (2% compressed, signed) foreAft=2.663 localZ=2.663 cfm=0.002500 erp=0.2500
INFO 2026-07-27 15:24:29.524 joltshadow - docs §28: REAL ODE wheel state (player) wheel=1 displacement=0.0189 range=1.000 (2% compressed, signed) foreAft=2.663 localZ=2.663 cfm=0.002500 erp=0.2500
INFO 2026-07-27 15:24:29.524 joltshadow - docs §28: REAL ODE wheel state (player) wheel=2 displacement=0.0210 range=1.000 (2% compressed, signed) foreAft=-1.943 localZ=-1.944 cfm=0.002000 erp=0.2500
INFO 2026-07-27 15:24:29.524 joltshadow - docs §28: REAL ODE wheel state (player) wheel=3 displacement=0.0209 range=1.000 (2% compressed, signed) foreAft=-1.944 localZ=-1.944 cfm=0.002000 erp=0.2500
INFO 2026-07-27 15:24:29.557 joltshadow - docs §70.1: slipdense (player) f=604 w=0 grounded=0 kappa=0.000 fnGround=0 omega=-12.06 | ftGround=0N target=-14.5 limit=716Nm motorNm=-716 tyreNm=0 inertia=2.91 limRot=0/102/0 omegaPre=-9.35 posN=100/-110/0 susp=-0.0057 springN=78
INFO 2026-07-27 15:24:29.557 joltshadow - docs §70.1: slipdense (player) f=604 w=1 grounded=1 kappa=-9.811 fnGround=414 omega=-7.84 | ftGround=-564N target=-14.5 limit=716Nm motorNm=-716 tyreNm=414 inertia=2.91 limRot=0/-433/0 omegaPre=-6.74 posN=-508/391/0 susp=-0.0131 springN=324
INFO 2026-07-27 15:24:29.558 joltshadow - docs §70.1: slipdense (player) f=604 w=2 grounded=1 kappa=-1.247 fnGround=671 omega=-0.30 | ftGround=-924N target=-14.5 limit=716Nm motorNm=-716 tyreNm=676 inertia=2.91 limRot=0/73/8 omegaPre=-0.11 posN=100/812/0 susp=-0.0919 springN=593
INFO 2026-07-27 15:24:29.558 joltshadow - docs §70.1: slipdense (player) f=604 w=3 grounded=1 kappa=-0.939 fnGround=872 omega=-0.03 | ftGround=-893N target=-14.5 limit=716Nm motorNm=-716 tyreNm=653 inertia=2.91 limRot=0/73/7 omegaPre=0.25 posN=101/714/0 susp=-0.1228 springN=786
INFO 2026-07-27 15:24:29.558 joltshadow - docs §78: attdense (player) f=604 joltTilt=1.58 odeTilt=0.02 upDelta=1.56 wBody=(0.27,-0.06,0.04) |w|=0.28 grounded=3
INFO 2026-07-27 15:24:29.558 joltshadow - [jolt_profile] ode_step_avg_ms=0.20 jolt_total_avg_ms=1.06 | physics_update_avg_ms=0.84 wheelmodel_avg_ms=0.01 mirror_avg_ms=0.05 applyvehicle_avg_ms=0.00 applyvehicle_calls_per_frame=0.00 | contact_pairs_per_frame=22.7 contact_points_per_frame=22.7 active_bodies_per_frame=23.0 substeps_per_frame=2.58 | frames=603
INFO 2026-07-27 15:24:29.559 testharness - perf: fps=120.6 avg_frame_ms=8.295 min_ms=4.939 max_ms=245.119 frames=603 window=5.0s
INFO 2026-07-27 15:24:29.595 joltshadow - docs §70.1: slipdense (player) f=608 w=0 grounded=1 kappa=-15.555 fnGround=1102 omega=-10.47 | ftGround=-1623N target=-14.5 limit=716Nm motorNm=-716 tyreNm=1178 inertia=2.91 limRot=0/-206/0 omegaPre=-12.85 posN=-115/1395/0 susp=-0.0206 springN=523
INFO 2026-07-27 15:24:29.595 joltshadow - docs §70.1: slipdense (player) f=608 w=1 grounded=1 kappa=-13.961 fnGround=679 omega=-9.71 | ftGround=-1035N target=-14.5 limit=716Nm motorNm=-716 tyreNm=755 inertia=2.91 limRot=0/-96/0 omegaPre=-9.74 posN=-99/799/0 susp=-0.0481 springN=589
INFO 2026-07-27 15:24:29.595 joltshadow - docs §70.1: slipdense (player) f=608 w=2 grounded=1 kappa=-1.045 fnGround=571 omega=-0.98 | ftGround=-854N target=-14.5 limit=716Nm motorNm=-716 tyreNm=622 inertia=2.91 limRot=0/94/7 omegaPre=-0.63 posN=132/621/0 susp=-0.0804 springN=469
INFO 2026-07-27 15:24:29.595 joltshadow - docs §70.1: slipdense (player) f=608 w=3 grounded=1 kappa=-1.049 fnGround=662 omega=-0.89 | ftGround=-857N target=-14.5 limit=716Nm motorNm=-716 tyreNm=624 inertia=2.91 limRot=0/85/7 omegaPre=-0.56 posN=120/615/0 susp=-0.1043 springN=562
INFO 2026-07-27 15:24:29.596 joltshadow - docs §78: attdense (player) f=608 joltTilt=0.88 odeTilt=0.02 upDelta=0.87 wBody=(0.37,-0.02,0.09) |w|=0.38 grounded=4
INFO 2026-07-27 15:24:29.629 joltshadow - docs §70.1: slipdense (player) f=612 w=0 grounded=1 kappa=-1.706 fnGround=783 omega=-0.29 | ftGround=-1541N target=14.5 limit=716Nm motorNm=716 tyreNm=1117 inertia=2.91 limRot=0/-407/0 omegaPre=-4.64 posN=6/1564/0 susp=-0.0648 springN=694
INFO 2026-07-27 15:24:29.629 joltshadow - docs §70.1: slipdense (player) f=612 w=1 grounded=1 kappa=0.077 fnGround=850 omega=-0.03 | ftGround=77N target=14.5 limit=716Nm motorNm=716 tyreNm=-58 inertia=2.91 limRot=0/-44/0 omegaPre=-3.15 posN=-85/-8/0 susp=-0.0806 springN=719
INFO 2026-07-27 15:24:29.629 joltshadow - docs §70.1: slipdense (player) f=612 w=2 grounded=1 kappa=0.991 fnGround=440 omega=0.10 | ftGround=864N target=14.5 limit=716Nm motorNm=716 tyreNm=-630 inertia=2.91 limRot=0/25/-1 omegaPre=-0.11 posN=63/-860/0 susp=-0.0664 springN=344
INFO 2026-07-27 15:24:29.629 joltshadow - docs §70.1: slipdense (player) f=612 w=3 grounded=1 kappa=1.020 fnGround=472 omega=0.06 | ftGround=930N target=14.5 limit=716Nm motorNm=716 tyreNm=-678 inertia=2.91 limRot=0/21/-2 omegaPre=-0.14 posN=59/-872/0 susp=-0.0823 springN=376
INFO 2026-07-27 15:24:29.629 joltshadow - docs §78: attdense (player) f=612 joltTilt=0.35 odeTilt=0.02 upDelta=0.35 wBody=(0.32,-0.01,0.09) |w|=0.33 grounded=4
INFO 2026-07-27 15:24:29.664 joltshadow - docs §70.1: slipdense (player) f=616 w=0 grounded=1 kappa=0.868 fnGround=730 omega=0.56 | ftGround=894N target=14.5 limit=716Nm motorNm=716 tyreNm=-646 inertia=2.91 limRot=0/-2092/0 omegaPre=0.59 posN=-33/-700/0 susp=-0.0869 springN=619
INFO 2026-07-27 15:24:29.664 joltshadow - docs §70.1: slipdense (player) f=616 w=1 grounded=1 kappa=0.864 fnGround=701 omega=0.64 | ftGround=889N target=14.5 limit=716Nm motorNm=716 tyreNm=-643 inertia=2.91 limRot=0/-22/0 omegaPre=0.65 posN=-67/-689/0 susp=-0.0948 springN=596
INFO 2026-07-27 15:24:29.664 joltshadow - docs §70.1: slipdense (player) f=616 w=2 grounded=1 kappa=2.379 fnGround=424 omega=1.70 | ftGround=801N target=14.5 limit=716Nm motorNm=716 tyreNm=-581 inertia=2.91 limRot=0/28/-2 omegaPre=1.33 posN=41/-602/0 susp=-0.0552 springN=327
INFO 2026-07-27 15:24:29.664 joltshadow - docs §70.1: slipdense (player) f=616 w=3 grounded=1 kappa=2.186 fnGround=396 omega=1.64 | ftGround=751N target=14.5 limit=716Nm motorNm=716 tyreNm=-545 inertia=2.91 limRot=0/25/-2 omegaPre=1.18 posN=38/-552/0 susp=-0.0631 springN=300
INFO 2026-07-27 15:24:29.665 joltshadow - docs §78: attdense (player) f=616 joltTilt=0.46 odeTilt=0.02 upDelta=0.48 wBody=(0.11,-0.01,0.09) |w|=0.15 grounded=4
INFO 2026-07-27 15:24:29.702 joltshadow - docs §70.1: slipdense (player) f=620 w=0 grounded=1 kappa=1.007 fnGround=549 omega=1.72 | ftGround=781N target=14.5 limit=716Nm motorNm=716 tyreNm=-566 inertia=2.91 limRot=0/-2224/-325 omegaPre=1.39 posN=-1012/-24/0 susp=-0.0865 springN=446
INFO 2026-07-27 15:24:29.702 joltshadow - docs §70.1: slipdense (player) f=620 w=1 grounded=1 kappa=1.254 fnGround=472 omega=1.93 | ftGround=680N target=14.5 limit=716Nm motorNm=716 tyreNm=-491 inertia=2.91 limRot=0/344/0 omegaPre=1.47 posN=539/-542/0 susp=-0.0855 springN=364
INFO 2026-07-27 15:24:29.702 joltshadow - docs §70.1: slipdense (player) f=620 w=2 grounded=1 kappa=2.615 fnGround=483 omega=3.15 | ftGround=960N target=14.5 limit=716Nm motorNm=716 tyreNm=-693 inertia=2.91 limRot=0/-1/-2 omegaPre=2.99 posN=15/-787/0 susp=-0.0514 springN=388
INFO 2026-07-27 15:24:29.702 joltshadow - docs §70.1: slipdense (player) f=620 w=3 grounded=1 kappa=4.348 fnGround=389 omega=4.15 | ftGround=758N target=14.5 limit=716Nm motorNm=716 tyreNm=-549 inertia=2.91 limRot=0/-1/-2 omegaPre=3.68 posN=15/-619/0 susp=-0.0504 springN=287
INFO 2026-07-27 15:24:29.702 joltshadow - docs §78: attdense (player) f=620 joltTilt=0.45 odeTilt=0.03 upDelta=0.48 wBody=(-0.07,0.04,0.10) |w|=0.12 grounded=4
INFO 2026-07-27 15:24:29.734 joltshadow - docs §70.1: slipdense (player) f=624 w=0 grounded=1 kappa=1.833 fnGround=378 omega=4.46 | ftGround=538N target=14.5 limit=716Nm motorNm=716 tyreNm=-391 inertia=2.91 limRot=0/-1614/-111 omegaPre=3.60 posN=-689/24/0 susp=-0.0726 springN=272
INFO 2026-07-27 15:24:29.735 joltshadow - docs §70.1: slipdense (player) f=624 w=1 grounded=1 kappa=3.335 fnGround=237 omega=6.04 | ftGround=337N target=14.5 limit=716Nm motorNm=716 tyreNm=-244 inertia=2.91 limRot=0/243/0 omegaPre=4.79 posN=392/-213/0 susp=-0.0629 springN=133
INFO 2026-07-27 15:24:29.735 joltshadow - docs §70.1: slipdense (player) f=624 w=2 grounded=1 kappa=0.691 fnGround=592 omega=2.51 | ftGround=1174N target=14.5 limit=716Nm motorNm=716 tyreNm=-850 inertia=2.91 limRot=0/35/1 omegaPre=2.84 posN=43/-1016/0 susp=-0.0554 springN=496
INFO 2026-07-27 15:24:29.735 joltshadow - docs §70.1: slipdense (player) f=624 w=3 grounded=1 kappa=3.402 fnGround=420 omega=5.83 | ftGround=827N target=14.5 limit=716Nm motorNm=716 tyreNm=-600 inertia=2.91 limRot=0/39/-1 omegaPre=5.49 posN=50/-705/0 susp=-0.0458 springN=324
INFO 2026-07-27 15:24:29.735 joltshadow - docs §78: attdense (player) f=624 joltTilt=0.30 odeTilt=0.03 upDelta=0.31 wBody=(-0.18,0.07,0.10) |w|=0.22 grounded=4
INFO 2026-07-27 15:24:29.752 joltshadow - docs §82: resync (player) #10 dt=0.51s upMax=2.083 deg posMax=0.297 m odeTiltPath=0.037 deg gain=-1.0000
INFO 2026-07-27 15:24:29.753 joltshadow - docs §87: resync landing (player) w=0 pre=-0.0027 post=-0.0095 m R=0.727 dY=-0.0258 dRotDeg=1.59 |corr|=0.2974 m
INFO 2026-07-27 15:24:29.753 joltshadow - docs §87: resync landing (player) w=1 pre=-0.0013 post=-0.0090 m R=0.727 dY=-0.0258 dRotDeg=1.59 |corr|=0.2974 m
INFO 2026-07-27 15:24:29.753 joltshadow - docs §87: resync landing (player) w=2 pre=-0.0054 post=-0.0097 m R=0.727 dY=-0.0258 dRotDeg=1.59 |corr|=0.2974 m
INFO 2026-07-27 15:24:29.753 joltshadow - docs §87: resync landing (player) w=3 pre=-0.0038 post=-0.0092 m R=0.727 dY=-0.0258 dRotDeg=1.59 |corr|=0.2974 m
INFO 2026-07-27 15:24:29.753 joltshadow - docs §82: resync RESIDUAL (player) #10 pos=0.0000 m up=0.0000 deg
INFO 2026-07-27 15:24:29.774 joltshadow - docs §70.1: slipdense (player) f=628 w=0 grounded=1 kappa=8.181 fnGround=333 omega=6.68 | ftGround=460N target=14.5 limit=716Nm motorNm=716 tyreNm=-332 inertia=2.91 limRot=0/-2059/0 omegaPre=5.57 posN=-628/46/0 susp=-0.0723 springN=379
INFO 2026-07-27 15:24:29.774 joltshadow - docs §70.1: slipdense (player) f=628 w=1 grounded=1 kappa=12.131 fnGround=337 omega=9.35 | ftGround=464N target=14.5 limit=716Nm motorNm=716 tyreNm=-335 inertia=2.91 limRot=0/245/0 omegaPre=8.23 posN=391/-327/0 susp=-0.0714 springN=360
INFO 2026-07-27 15:24:29.774 joltshadow - docs §70.1: slipdense (player) f=628 w=2 grounded=1 kappa=1.105 fnGround=621 omega=1.43 | ftGround=912N target=14.5 limit=716Nm motorNm=716 tyreNm=-656 inertia=2.91 limRot=0/66/-0 omegaPre=1.27 posN=89/-759/0 susp=-0.0786 springN=643
INFO 2026-07-27 15:24:29.774 joltshadow - docs §70.1: slipdense (player) f=628 w=3 grounded=1 kappa=4.687 fnGround=613 omega=3.72 | ftGround=1057N target=14.5 limit=716Nm motorNm=716 tyreNm=-762 inertia=2.91 limRot=0/64/-0 omegaPre=4.01 posN=86/-919/0 susp=-0.0777 springN=620
INFO 2026-07-27 15:24:29.774 joltshadow - docs §78: attdense (player) f=628 joltTilt=0.10 odeTilt=0.03 upDelta=0.07 wBody=(-0.09,0.02,0.01) |w|=0.09 grounded=4
INFO 2026-07-27 15:24:29.807 joltshadow - docs §70.1: slipdense (player) f=632 w=0 grounded=1 kappa=4.111 fnGround=306 omega=4.04 | ftGround=432N target=-14.5 limit=716Nm motorNm=-716 tyreNm=-313 inertia=2.91 limRot=0/-1351/0 omegaPre=6.51 posN=-556/-268/0 susp=-0.0574 springN=211
INFO 2026-07-27 15:24:29.807 joltshadow - docs §70.1: slipdense (player) f=632 w=1 grounded=1 kappa=7.952 fnGround=283 omega=6.93 | ftGround=398N target=-14.5 limit=716Nm motorNm=-716 tyreNm=-288 inertia=2.91 limRot=0/291/0 omegaPre=9.34 posN=426/-490/0 susp=-0.0552 springN=195
INFO 2026-07-27 15:24:29.807 joltshadow - docs §70.1: slipdense (player) f=632 w=2 grounded=1 kappa=-0.827 fnGround=740 omega=0.15 | ftGround=-961N target=-14.5 limit=716Nm motorNm=-716 tyreNm=696 inertia=2.91 limRot=0/20/-1 omegaPre=0.41 posN=21/887/0 susp=-0.0811 springN=619
INFO 2026-07-27 15:24:29.807 joltshadow - docs §70.1: slipdense (player) f=632 w=3 grounded=1 kappa=-0.923 fnGround=718 omega=0.04 | ftGround=-951N target=-14.5 limit=716Nm motorNm=-716 tyreNm=689 inertia=2.91 limRot=0/20/-1 omegaPre=0.31 posN=21/858/0 susp=-0.0789 springN=600
INFO 2026-07-27 15:24:29.807 joltshadow - docs §78: attdense (player) f=632 joltTilt=0.34 odeTilt=0.03 upDelta=0.31 wBody=(-0.11,0.03,0.00) |w|=0.11 grounded=4
INFO 2026-07-27 15:24:29.838 joltshadow - docs §70.1: slipdense (player) f=636 w=0 grounded=1 kappa=-3.119 fnGround=329 omega=-1.99 | ftGround=-472N target=-14.5 limit=716Nm motorNm=-716 tyreNm=343 inertia=2.91 limRot=0/1360/0 omegaPre=-0.95 posN=376/270/0 susp=-0.0480 springN=231
INFO 2026-07-27 15:24:29.838 joltshadow - docs §70.1: slipdense (player) f=636 w=1 grounded=1 kappa=-1.910 fnGround=338 omega=-1.03 | ftGround=-672N target=-14.5 limit=716Nm motorNm=-716 tyreNm=488 inertia=2.91 limRot=0/-11/0 omegaPre=-0.30 posN=-72/522/0 susp=-0.0463 springN=238
INFO 2026-07-27 15:24:29.839 joltshadow - docs §70.1: slipdense (player) f=636 w=2 grounded=1 kappa=-0.870 fnGround=669 omega=-0.15 | ftGround=-896N target=-14.5 limit=716Nm motorNm=-716 tyreNm=648 inertia=2.91 limRot=0/-60/1 omegaPre=0.04 posN=-76/707/0 susp=-0.0803 springN=566
INFO 2026-07-27 15:24:29.839 joltshadow - docs §70.1: slipdense (player) f=636 w=3 grounded=1 kappa=-0.891 fnGround=674 omega=-0.16 | ftGround=-918N target=-14.5 limit=716Nm motorNm=-716 tyreNm=664 inertia=2.91 limRot=0/-60/1 omegaPre=-0.02 posN=-76/767/0 susp=-0.0786 springN=573
INFO 2026-07-27 15:24:29.839 joltshadow - docs §78: attdense (player) f=636 joltTilt=0.44 odeTilt=0.03 upDelta=0.41 wBody=(-0.01,0.00,-0.02) |w|=0.03 grounded=4
INFO 2026-07-27 15:24:29.872 joltshadow - docs §70.1: slipdense (player) f=640 w=0 grounded=1 kappa=-7.177 fnGround=419 omega=-5.29 | ftGround=-791N target=-14.5 limit=716Nm motorNm=-716 tyreNm=574 inertia=2.91 limRot=0/1081/0 omegaPre=-4.83 posN=-220/575/0 susp=-0.0475 springN=321
INFO 2026-07-27 15:24:29.872 joltshadow - docs §70.1: slipdense (player) f=640 w=1 grounded=1 kappa=-5.392 fnGround=430 omega=-4.08 | ftGround=-715N target=-14.5 limit=716Nm motorNm=-716 tyreNm=518 inertia=2.91 limRot=0/-67/0 omegaPre=-3.46 posN=-58/522/0 susp=-0.0470 springN=328
INFO 2026-07-27 15:24:29.872 joltshadow - docs §70.1: slipdense (player) f=640 w=2 grounded=1 kappa=-0.876 fnGround=593 omega=-0.87 | ftGround=-903N target=-14.5 limit=716Nm motorNm=-716 tyreNm=652 inertia=2.91 limRot=0/28/-1 omegaPre=-0.70 posN=45/728/0 susp=-0.0754 springN=492
INFO 2026-07-27 15:24:29.872 joltshadow - docs §70.1: slipdense (player) f=640 w=3 grounded=1 kappa=-0.870 fnGround=605 omega=-0.83 | ftGround=-897N target=-14.5 limit=716Nm motorNm=-716 tyreNm=648 inertia=2.91 limRot=0/27/-1 omegaPre=-0.65 posN=44/704/0 susp=-0.0749 springN=500
INFO 2026-07-27 15:24:29.872 joltshadow - docs §78: attdense (player) f=640 joltTilt=0.37 odeTilt=0.03 upDelta=0.34 wBody=(0.08,-0.01,-0.01) |w|=0.08 grounded=4
INFO 2026-07-27 15:24:29.912 joltshadow - docs §70.1: slipdense (player) f=644 w=0 grounded=1 kappa=-6.573 fnGround=572 omega=-7.71 | ftGround=-811N target=-14.5 limit=716Nm motorNm=-716 tyreNm=585 inertia=2.91 limRot=0/1164/0 omegaPre=-7.21 posN=-774/386/0 susp=-0.0588 springN=469
INFO 2026-07-27 15:24:29.912 joltshadow - docs §70.1: slipdense (player) f=644 w=1 grounded=1 kappa=-4.240 fnGround=565 omega=-5.94 | ftGround=-819N target=-14.5 limit=716Nm motorNm=-716 tyreNm=591 inertia=2.91 limRot=0/376/0 omegaPre=-5.47 posN=563/631/0 susp=-0.0581 springN=459
INFO 2026-07-27 15:24:29.912 joltshadow - docs §70.1: slipdense (player) f=644 w=2 grounded=1 kappa=-0.773 fnGround=499 omega=-1.82 | ftGround=-913N target=-14.5 limit=716Nm motorNm=-716 tyreNm=659 inertia=2.91 limRot=0/46/-2 omegaPre=-1.56 posN=55/757/0 susp=-0.0660 springN=393
INFO 2026-07-27 15:24:29.912 joltshadow - docs §70.1: slipdense (player) f=644 w=3 grounded=1 kappa=-0.681 fnGround=487 omega=-1.93 | ftGround=-897N target=-14.5 limit=716Nm motorNm=-716 tyreNm=647 inertia=2.91 limRot=0/46/-2 omegaPre=-1.63 posN=55/708/0 susp=-0.0653 springN=380
INFO 2026-07-27 15:24:29.912 joltshadow - docs §78: attdense (player) f=644 joltTilt=0.08 odeTilt=0.02 upDelta=0.06 wBody=(0.16,0.03,0.01) |w|=0.16 grounded=4
INFO 2026-07-27 15:24:29.949 joltshadow - docs §70.1: slipdense (player) f=648 w=0 grounded=1 kappa=-3.668 fnGround=723 omega=-8.15 | ftGround=-1048N target=-14.5 limit=716Nm motorNm=-716 tyreNm=755 inertia=2.91 limRot=0/1134/0 omegaPre=-8.23 posN=-1271/382/0 susp=-0.0763 springN=608
INFO 2026-07-27 15:24:29.949 joltshadow - docs §70.1: slipdense (player) f=648 w=1 grounded=1 kappa=-2.271 fnGround=692 omega=-6.60 | ftGround=-1005N target=-14.5 limit=716Nm motorNm=-716 tyreNm=723 inertia=2.91 limRot=0/702/0 omegaPre=-6.60 posN=1036/823/0 susp=-0.0742 springN=581
INFO 2026-07-27 15:24:29.950 joltshadow - docs §70.1: slipdense (player) f=648 w=2 grounded=1 kappa=-0.638 fnGround=395 omega=-3.00 | ftGround=-786N target=-14.5 limit=716Nm motorNm=-716 tyreNm=568 inertia=2.91 limRot=0/1/-3 omegaPre=-2.62 posN=-8/655/0 susp=-0.0545 springN=287
INFO 2026-07-27 15:24:29.950 joltshadow - docs §70.1: slipdense (player) f=648 w=3 grounded=1 kappa=-0.635 fnGround=366 omega=-3.47 | ftGround=-728N target=-14.5 limit=716Nm motorNm=-716 tyreNm=526 inertia=2.91 limRot=0/1/-3 omegaPre=-2.98 posN=-7/543/0 susp=-0.0523 springN=254
INFO 2026-07-27 15:24:29.950 joltshadow - docs §78: attdense (player) f=648 joltTilt=0.31 odeTilt=0.02 upDelta=0.33 wBody=(0.19,0.08,0.02) |w|=0.21 grounded=4
INFO 2026-07-27 15:24:29.987 joltshadow - docs §70.1: slipdense (player) f=652 w=0 grounded=1 kappa=0.455 fnGround=645 omega=-0.81 | ftGround=885N target=14.5 limit=716Nm motorNm=716 tyreNm=-644 inertia=2.91 limRot=0/1234/-911 omegaPre=-0.99 posN=-305/-1058/0 susp=-0.0882 springN=538
INFO 2026-07-27 15:24:29.987 joltshadow - docs §70.1: slipdense (player) f=652 w=1 grounded=1 kappa=0.373 fnGround=628 omega=-1.14 | ftGround=872N target=14.5 limit=716Nm motorNm=716 tyreNm=-633 inertia=2.91 limRot=0/650/0 omegaPre=-1.35 posN=809/-645/0 susp=-0.0847 springN=518
INFO 2026-07-27 15:24:29.988 joltshadow - docs §70.1: slipdense (player) f=652 w=2 grounded=1 kappa=1.094 fnGround=358 omega=0.39 | ftGround=697N target=14.5 limit=716Nm motorNm=716 tyreNm=-507 inertia=2.91 limRot=0/-59/3 omegaPre=-0.32 posN=-89/-506/0 susp=-0.0443 springN=265
INFO 2026-07-27 15:24:29.988 joltshadow - docs §70.1: slipdense (player) f=652 w=3 grounded=1 kappa=0.952 fnGround=331 omega=0.18 | ftGround=649N target=14.5 limit=716Nm motorNm=716 tyreNm=-472 inertia=2.91 limRot=0/-59/3 omegaPre=-0.68 posN=-89/-422/0 susp=-0.0408 springN=241
INFO 2026-07-27 15:24:29.988 joltshadow - docs §78: attdense (player) f=652 joltTilt=0.59 odeTilt=0.03 upDelta=0.61 wBody=(0.03,0.09,-0.01) |w|=0.09 grounded=4
INFO 2026-07-27 15:24:30.027 joltshadow - docs §70.1: slipdense (player) f=656 w=0 grounded=1 kappa=2.866 fnGround=388 omega=1.77 | ftGround=559N target=14.5 limit=716Nm motorNm=716 tyreNm=-406 inertia=2.91 limRot=0/862/-571 omegaPre=0.79 posN=-109/-575/0 susp=-0.0756 springN=286
INFO 2026-07-27 15:24:30.027 joltshadow - docs §70.1: slipdense (player) f=656 w=1 grounded=1 kappa=2.151 fnGround=406 omega=1.38 | ftGround=590N target=14.5 limit=716Nm motorNm=716 tyreNm=-428 inertia=2.91 limRot=0/346/0 omegaPre=0.46 posN=427/-404/0 susp=-0.0742 springN=300
INFO 2026-07-27 15:24:30.027 joltshadow - docs §70.1: slipdense (player) f=656 w=2 grounded=1 kappa=4.838 fnGround=445 omega=3.12 | ftGround=742N target=14.5 limit=716Nm motorNm=716 tyreNm=-538 inertia=2.91 limRot=0/-91/3 omegaPre=2.49 posN=-115/-590/0 susp=-0.0426 springN=347
INFO 2026-07-27 15:24:30.028 joltshadow - docs §70.1: slipdense (player) f=656 w=3 grounded=1 kappa=3.884 fnGround=462 omega=2.78 | ftGround=798N target=14.5 limit=716Nm motorNm=716 tyreNm=-579 inertia=2.91 limRot=0/-91/3 omegaPre=2.27 posN=-116/-611/0 susp=-0.0411 springN=364
INFO 2026-07-27 15:24:30.028 joltshadow - docs §78: attdense (player) f=656 joltTilt=0.41 odeTilt=0.03 upDelta=0.44 wBody=(-0.15,0.04,-0.03) |w|=0.16 grounded=4
INFO 2026-07-27 15:24:30.063 joltshadow - docs §70.1: slipdense (player) f=660 w=0 grounded=1 kappa=9.026 fnGround=161 omega=6.72 | ftGround=258N target=14.5 limit=716Nm motorNm=716 tyreNm=-187 inertia=2.91 limRot=0/1205/-361 omegaPre=5.52 posN=188/-16/0 susp=-0.0501 springN=51
INFO 2026-07-27 15:24:30.063 joltshadow - docs §70.1: slipdense (player) f=660 w=1 grounded=1 kappa=7.972 fnGround=207 omega=5.87 | ftGround=388N target=14.5 limit=716Nm motorNm=716 tyreNm=-282 inertia=2.91 limRot=0/-23/0 omegaPre=4.86 posN=-64/-221/0 susp=-0.0523 springN=100
INFO 2026-07-27 15:24:30.063 joltshadow - docs §70.1: slipdense (player) f=660 w=2 grounded=1 kappa=6.067 fnGround=575 omega=4.01 | ftGround=1038N target=14.5 limit=716Nm motorNm=716 tyreNm=-751 inertia=2.91 limRot=0/-38/1 omegaPre=4.05 posN=-43/-901/0 susp=-0.0490 springN=471
INFO 2026-07-27 15:24:30.063 joltshadow - docs §70.1: slipdense (player) f=660 w=3 grounded=1 kappa=4.810 fnGround=629 omega=3.05 | ftGround=1138N target=14.5 limit=716Nm motorNm=716 tyreNm=-823 inertia=2.91 limRot=0/-39/1 omegaPre=3.25 posN=-43/-973/0 susp=-0.0512 springN=529
INFO 2026-07-27 15:24:30.063 joltshadow - docs §78: attdense (player) f=660 joltTilt=0.07 odeTilt=0.03 upDelta=0.06 wBody=(-0.26,-0.00,-0.05) |w|=0.26 grounded=4
INFO 2026-07-27 15:24:30.063 joltshadow - Shadow divergence (player): pos=1.683m vel=0.200m/s angle=0.6deg (jolt com=[4668.6 259.2 1252.2] ode com=[4668.5 257.7 1251.5])
INFO 2026-07-27 15:24:30.063 joltshadow - docs §23.6: driver input (player) realThrottle=10.00 brake=0.01 handBrake=0 steerRad=0.000
INFO 2026-07-27 15:24:30.063 joltshadow - docs §32: Jolt SHADOW chassis pitch (player) forward=(-0.233, 0.000, -0.972)
INFO 2026-07-27 15:24:30.063 joltshadow - docs §69: tilt (player) jolt=0.1 deg ode=0.0 deg delta=+0.0 deg upDelta=0.06 deg
INFO 2026-07-27 15:24:30.063 joltshadow - docs §32.4: Jolt SHADOW chassis lowest corner (player) = (4667.92,259.09,1255.82) clearanceToGround=1.087
INFO 2026-07-27 15:24:30.063 joltshadow - docs §23.5: wheel state (player) wheel=0 contact=0 suspLen=1.050 (range 0.050-1.050, 0% compressed) angVel=0.00
INFO 2026-07-27 15:24:30.063 joltshadow - docs §38.11: wheel=0 NO contact, worldAxle=(0.972,0.001,-0.233)
INFO 2026-07-27 15:24:30.063 joltshadow - docs §32: no-contact raycast (player) wheel=0 bodyPos=(4668.46,259.16,1251.61) localMPos=(-1.367,-0.436,2.663) origin=(4669.17,258.73,1248.70) dir=(0.001,-1.000,-0.001) normalRayLen=1.777 groundFoundAt=0.000 shortfallBeyondTravel=-1.777 hitBody=8391036 hitLayer=4 hitMotion=2 hitIsSelfChassis=0
INFO 2026-07-27 15:24:30.063 joltshadow - docs §23.5: wheel state (player) wheel=1 contact=0 suspLen=1.050 (range 0.050-1.050, 0% compressed) angVel=0.00
INFO 2026-07-27 15:24:30.063 joltshadow - docs §38.11: wheel=1 NO contact, worldAxle=(0.972,0.001,-0.233)
INFO 2026-07-27 15:24:30.063 joltshadow - docs §32: no-contact raycast (player) wheel=1 bodyPos=(4668.46,259.16,1251.61) localMPos=(1.369,-0.436,2.663) origin=(4666.51,258.72,1249.34) dir=(0.001,-1.000,-0.001) normalRayLen=1.777 groundFoundAt=0.000 shortfallBeyondTravel=-1.777 hitBody=8391037 hitLayer=4 hitMotion=2 hitIsSelfChassis=0
INFO 2026-07-27 15:24:30.063 joltshadow - docs §23.5: wheel state (player) wheel=2 contact=0 suspLen=1.050 (range 0.050-1.050, 0% compressed) angVel=0.00
INFO 2026-07-27 15:24:30.063 joltshadow - docs §38.11: wheel=2 NO contact, worldAxle=(0.972,0.001,-0.233)
INFO 2026-07-27 15:24:30.063 joltshadow - docs §32: no-contact raycast (player) wheel=2 bodyPos=(4668.46,259.16,1251.61) localMPos=(-1.367,-0.436,-1.944) origin=(4670.24,258.72,1253.18) dir=(0.001,-1.000,-0.001) normalRayLen=1.777 groundFoundAt=0.000 shortfallBeyondTravel=-1.777 hitBody=8391038 hitLayer=4 hitMotion=2 hitIsSelfChassis=0
INFO 2026-07-27 15:24:30.063 joltshadow - docs §23.5: wheel state (player) wheel=3 contact=0 suspLen=1.050 (range 0.050-1.050, 0% compressed) angVel=0.00
INFO 2026-07-27 15:24:30.064 joltshadow - docs §38.11: wheel=3 NO contact, worldAxle=(0.972,0.001,-0.233)
INFO 2026-07-27 15:24:30.064 joltshadow - docs §32: no-contact raycast (player) wheel=3 bodyPos=(4668.46,259.16,1251.61) localMPos=(1.369,-0.436,-1.944) origin=(4667.58,258.72,1253.82) dir=(0.001,-1.000,-0.001) normalRayLen=1.777 groundFoundAt=0.000 shortfallBeyondTravel=-1.777 hitBody=8391039 hitLayer=4 hitMotion=2 hitIsSelfChassis=0
INFO 2026-07-27 15:24:30.064 joltshadow - docs §59/63: harvest (player) wheelsWithContact=4 contactPoints=8 overflow=0 (of 4) | maxNormalF=629N bound(k_t*tau)=1229N ratio=0.51
INFO 2026-07-27 15:24:30.064 joltshadow - docs §58: wheel body (player) w=0 springF=51N stopF=0N travel=-0.0501 (limits -0.5000..0.5000 rel spawn) kSusp=6000 sagPredicted=0.0084 | frameTrav=-0.0530..-0.0501 frameStopN=0
INFO 2026-07-27 15:24:30.064 joltshadow - docs §66: tyre band (player) w=0 fnGround=161N fnTotal=161N pen=0.00185 penRaw=0.00185 tau=0.01024 pen/tau=0.18 | recs tyre=1 rim=1 survived=1 stale=0 distMax=1.00R
INFO 2026-07-27 15:24:30.064 joltshadow - docs §68: steer (player) w=0 steerable=1 commanded=0.000 rad measured=-0.611 rad err=-35.03 deg steerSign=-1 steerTq=-1192Nm cap=1192Nm sat=1.00
INFO 2026-07-27 15:24:30.064 joltshadow - docs §70: slip (player) w=0 grounded=1 kappa=9.026 fnGround=161N omega=6.72
INFO 2026-07-27 15:24:30.064 joltshadow - docs §67: spin (player) w=0 driven=1 omega=6.72 rad/s surfaceSpeed=4.89 m/s spinSign=+1 motorTq=716Nm cmdTq=716Nm
INFO 2026-07-27 15:24:30.064 joltshadow - docs §58: wheel body (player) w=1 springF=100N stopF=0N travel=-0.0523 (limits -0.5000..0.5000 rel spawn) kSusp=6000 sagPredicted=0.0167 | frameTrav=-0.0548..-0.0523 frameStopN=0
INFO 2026-07-27 15:24:30.064 joltshadow - docs §66: tyre band (player) w=1 fnGround=207N fnTotal=208N pen=0.00221 penRaw=0.00221 tau=0.01024 pen/tau=0.22 | recs tyre=1 rim=1 survived=1 stale=0 distMax=1.00R
INFO 2026-07-27 15:24:30.064 joltshadow - docs §68: steer (player) w=1 steerable=1 commanded=0.000 rad measured=0.000 rad err=0.01 deg steerSign=-1 steerTq=4Nm cap=1192Nm sat=0.00
INFO 2026-07-27 15:24:30.064 joltshadow - docs §70: slip (player) w=1 grounded=1 kappa=7.972 fnGround=207N omega=5.87
INFO 2026-07-27 15:24:30.064 joltshadow - docs §67: spin (player) w=1 driven=1 omega=5.87 rad/s surfaceSpeed=4.27 m/s spinSign=+1 motorTq=716Nm cmdTq=716Nm
INFO 2026-07-27 15:24:30.064 joltshadow - docs §58: wheel body (player) w=2 springF=471N stopF=0N travel=-0.0490 (limits -0.5000..0.5000 rel spawn) kSusp=7500 sagPredicted=0.0628 | frameTrav=-0.0490..-0.0481 frameStopN=0
INFO 2026-07-27 15:24:30.064 joltshadow - docs §66: tyre band (player) w=2 fnGround=575N fnTotal=576N pen=0.00450 penRaw=0.00450 tau=0.01024 pen/tau=0.44 | recs tyre=1 rim=1 survived=1 stale=0 distMax=0.99R
INFO 2026-07-27 15:24:30.064 joltshadow - docs §68: steer (player) w=2 steerable=0 commanded=0.000 rad measured=0.000 rad err=0.00 deg steerSign=-1 steerTq=0Nm cap=340282346638528859811704183484516925440Nm sat=0.00
INFO 2026-07-27 15:24:30.064 joltshadow - docs §70: slip (player) w=2 grounded=1 kappa=6.067 fnGround=575N omega=4.01
INFO 2026-07-27 15:24:30.064 joltshadow - docs §67: spin (player) w=2 driven=1 omega=4.01 rad/s surfaceSpeed=2.92 m/s spinSign=+1 motorTq=716Nm cmdTq=716Nm
INFO 2026-07-27 15:24:30.064 joltshadow - docs §58: wheel body (player) w=3 springF=529N stopF=0N travel=-0.0512 (limits -0.5000..0.5000 rel spawn) kSusp=7500 sagPredicted=0.0705 | frameTrav=-0.0512..-0.0498 frameStopN=0
INFO 2026-07-27 15:24:30.064 joltshadow - docs §66: tyre band (player) w=3 fnGround=629N fnTotal=629N pen=0.00484 penRaw=0.00484 tau=0.01024 pen/tau=0.47 | recs tyre=1 rim=1 survived=1 stale=0 distMax=0.99R
INFO 2026-07-27 15:24:30.064 joltshadow - docs §68: steer (player) w=3 steerable=0 commanded=0.000 rad measured=0.000 rad err=0.00 deg steerSign=-1 steerTq=0Nm cap=340282346638528859811704183484516925440Nm sat=0.00
INFO 2026-07-27 15:24:30.064 joltshadow - docs §70: slip (player) w=3 grounded=1 kappa=4.810 fnGround=629N omega=3.05
INFO 2026-07-27 15:24:30.064 joltshadow - docs §67: spin (player) w=3 driven=1 omega=3.05 rad/s surfaceSpeed=2.22 m/s spinSign=+1 motorTq=716Nm cmdTq=716Nm
INFO 2026-07-27 15:24:30.064 joltshadow - docs §67: drivetrain (player) gear=0 rpm=1825 driveTorque=2880Nm perWheel=720Nm driven=4 throttle=1.00 spin=1 | PRE-STEP brake=0.01 handBrake=0
INFO 2026-07-27 15:24:30.064 joltshadow - docs §66: tyre band SUM (player) fnGroundSum=1572N fnTotalSum=1573N weight=1638N carried=0.96 | penSum=0.01340 recs tyre=4 rim=4 stale=0
INFO 2026-07-27 15:24:30.064 joltshadow - docs §30: REAL ODE chassis COM (player) body=53396828 = (4668.453, 257.726, 1251.491) forward=(-0.223, 0.001, -0.975)
INFO 2026-07-27 15:24:30.065 joltshadow - docs §33: real ODE chassis geom (player) #1 = class 0 (not a transform) pos=(4668.453,257.726,1251.491) radius=4.000
INFO 2026-07-27 15:24:30.065 joltshadow - docs §33: real ODE chassis geom (player) #2 = transform, inner class=1 pos=(0.000,3.010,-1.827)
INFO 2026-07-27 15:24:30.065 joltshadow - docs §33: real ODE chassis geom (player) #3 = transform, inner class=1 pos=(0.013,2.455,4.253)
INFO 2026-07-27 15:24:30.065 joltshadow - docs §33: real ODE chassis geom (player) #4 = transform, inner class=1 pos=(0.000,2.778,2.038)
INFO 2026-07-27 15:24:30.065 joltshadow - docs §33: real ODE chassis geom (player) #5 = transform, inner class=1 pos=(0.000,1.675,0.000)
INFO 2026-07-27 15:24:30.065 joltshadow - docs §33: real ODE chassis geom (player) #6 = class 0 (not a transform) pos=(4668.453,257.726,1251.491) radius=30.000
INFO 2026-07-27 15:24:30.065 joltshadow - docs §33: real ODE chassis geom (player) #7 = class 0 (not a transform) pos=(4668.453,257.726,1251.491) radius=8.161
INFO 2026-07-27 15:24:30.065 joltshadow - docs §33: real ODE chassis geom (player) #8 = class 0 (not a transform) pos=(4668.453,257.726,1251.491) radius=200.000
INFO 2026-07-27 15:24:30.065 joltshadow - docs §33: real ODE chassis (player) has 8 total geom(s) directly attached (4 transform(s)) - compare against BuildChassisCompoundShape's own part/geom count in the build log
INFO 2026-07-27 15:24:30.065 joltshadow - docs §28: REAL ODE wheel state (player) wheel=0 displacement=0.0258 range=1.000 (3% compressed, signed) foreAft=2.663 localZ=2.663 cfm=0.002500 erp=0.2500
INFO 2026-07-27 15:24:30.065 joltshadow - docs §28: REAL ODE wheel state (player) wheel=1 displacement=0.0257 range=1.000 (3% compressed, signed) foreAft=2.663 localZ=2.663 cfm=0.002500 erp=0.2500
INFO 2026-07-27 15:24:30.065 joltshadow - docs §28: REAL ODE wheel state (player) wheel=2 displacement=0.0281 range=1.000 (3% compressed, signed) foreAft=-1.944 localZ=-1.944 cfm=0.002000 erp=0.2500
INFO 2026-07-27 15:24:30.065 joltshadow - docs §28: REAL ODE wheel state (player) wheel=3 displacement=0.0280 range=1.000 (3% compressed, signed) foreAft=-1.944 localZ=-1.944 cfm=0.002000 erp=0.2500
INFO 2026-07-27 15:24:30.096 joltshadow - docs §70.1: slipdense (player) f=664 w=0 grounded=0 kappa=0.000 fnGround=0 omega=14.26 | ftGround=0N target=14.5 limit=716Nm motorNm=473 tyreNm=0 inertia=2.91 limRot=0/1190/0 omegaPre=12.52 posN=21/141/0 susp=-0.0198 springN=-148
INFO 2026-07-27 15:24:30.096 joltshadow - docs §70.1: slipdense (player) f=664 w=1 grounded=1 kappa=17.001 fnGround=31 omega=12.84 | ftGround=47N target=14.5 limit=716Nm motorNm=716 tyreNm=-34 inertia=2.91 limRot=0/-32/0 omegaPre=10.99 posN=-24/79/0 susp=-0.0264 springN=-77
INFO 2026-07-27 15:24:30.096 joltshadow - docs §70.1: slipdense (player) f=664 w=2 grounded=1 kappa=2.122 fnGround=739 omega=1.64 | ftGround=1456N target=14.5 limit=716Nm motorNm=716 tyreNm=-1053 inertia=2.91 limRot=0/-19/-3 omegaPre=2.52 posN=-27/-1330/0 susp=-0.0613 springN=620
INFO 2026-07-27 15:24:30.096 joltshadow - docs §70.1: slipdense (player) f=664 w=3 grounded=1 kappa=0.904 fnGround=831 omega=1.18 | ftGround=930N target=14.5 limit=716Nm motorNm=716 tyreNm=-671 inertia=2.91 limRot=0/-18/-2 omegaPre=1.06 posN=-26/-818/0 susp=-0.0678 springN=720
INFO 2026-07-27 15:24:30.096 joltshadow - docs §78: attdense (player) f=664 joltTilt=0.61 odeTilt=0.03 upDelta=0.58 wBody=(-0.31,-0.01,-0.05) |w|=0.32 grounded=3
INFO 2026-07-27 15:24:30.140 joltshadow - docs §70.1: slipdense (player) f=668 w=0 grounded=0 kappa=0.000 fnGround=0 omega=14.26 | ftGround=0N target=14.5 limit=716Nm motorNm=7 tyreNm=0 inertia=2.91 limRot=0/702/0 omegaPre=14.27 posN=-19/90/0 susp=0.0079 springN=-173
INFO 2026-07-27 15:24:30.140 joltshadow - docs §70.1: slipdense (player) f=668 w=1 grounded=0 kappa=0.000 fnGround=0 omega=14.26 | ftGround=0N target=14.5 limit=716Nm motorNm=3 tyreNm=0 inertia=2.91 limRot=0/1/0 omegaPre=14.25 posN=-19/104/0 susp=0.0019 springN=-162
INFO 2026-07-27 15:24:30.141 joltshadow - docs §70.1: slipdense (player) f=668 w=2 grounded=1 kappa=0.900 fnGround=934 omega=1.90 | ftGround=948N target=14.5 limit=716Nm motorNm=716 tyreNm=-683 inertia=2.91 limRot=0/45/-1 omegaPre=1.78 posN=67/-884/0 susp=-0.0823 springN=811
INFO 2026-07-27 15:24:30.141 joltshadow - docs §70.1: slipdense (player) f=668 w=3 grounded=1 kappa=0.849 fnGround=1050 omega=1.96 | ftGround=944N target=14.5 limit=716Nm motorNm=716 tyreNm=-679 inertia=2.91 limRot=0/46/-1 omegaPre=1.82 posN=69/-869/0 susp=-0.0933 springN=925
INFO 2026-07-27 15:24:30.141 joltshadow - docs §78: attdense (player) f=668 joltTilt=1.35 odeTilt=0.03 upDelta=1.32 wBody=(-0.28,-0.02,-0.03) |w|=0.29 grounded=2
INFO 2026-07-27 15:24:30.181 joltshadow - docs §70.1: slipdense (player) f=672 w=0 grounded=0 kappa=0.000 fnGround=0 omega=4.06 | ftGround=0N target=-14.5 limit=716Nm motorNm=-716 tyreNm=0 inertia=2.91 limRot=0/-252/0 omegaPre=6.28 posN=12/-115/0 susp=0.0097 springN=-12
INFO 2026-07-27 15:24:30.181 joltshadow - docs §70.1: slipdense (player) f=672 w=1 grounded=0 kappa=0.000 fnGround=0 omega=4.18 | ftGround=0N target=-14.5 limit=716Nm motorNm=-716 tyreNm=0 inertia=2.91 limRot=0/-0/0 omegaPre=6.39 posN=12/-123/0 susp=0.0084 springN=-33
INFO 2026-07-27 15:24:30.181 joltshadow - docs §70.1: slipdense (player) f=672 w=2 grounded=1 kappa=-1.022 fnGround=948 omega=-0.19 | ftGround=-933N target=-14.5 limit=716Nm motorNm=-716 tyreNm=676 inertia=2.91 limRot=0/-11/3 omegaPre=-0.18 posN=-14/799/0 susp=-0.1001 springN=870
INFO 2026-07-27 15:24:30.181 joltshadow - docs §70.1: slipdense (player) f=672 w=3 grounded=1 kappa=-1.015 fnGround=1059 omega=-0.19 | ftGround=-926N target=-14.5 limit=716Nm motorNm=-716 tyreNm=670 inertia=2.91 limRot=0/-11/3 omegaPre=-0.16 posN=-13/781/0 susp=-0.1130 springN=980
INFO 2026-07-27 15:24:30.181 joltshadow - docs §78: attdense (player) f=672 joltTilt=1.77 odeTilt=0.03 upDelta=1.74 wBody=(-0.08,0.00,-0.01) |w|=0.09 grounded=2
INFO 2026-07-27 15:24:30.221 joltshadow - docs §70.1: slipdense (player) f=676 w=0 grounded=0 kappa=0.000 fnGround=0 omega=-0.85 | ftGround=0N target=14.5 limit=716Nm motorNm=716 tyreNm=0 inertia=2.91 limRot=0/13/0 omegaPre=-3.31 posN=-1/106/0 susp=0.0023 springN=7
INFO 2026-07-27 15:24:30.221 joltshadow - docs §70.1: slipdense (player) f=676 w=1 grounded=0 kappa=0.000 fnGround=0 omega=-0.74 | ftGround=0N target=14.5 limit=716Nm motorNm=716 tyreNm=0 inertia=2.91 limRot=0/0/0 omegaPre=-3.20 posN=-1/106/0 susp=0.0039 springN=-14
INFO 2026-07-27 15:24:30.221 joltshadow - docs §70.1: slipdense (player) f=676 w=2 grounded=1 kappa=1.139 fnGround=944 omega=0.93 | ftGround=935N target=14.5 limit=716Nm motorNm=716 tyreNm=-676 inertia=2.91 limRot=0/7/-4 omegaPre=-0.70 posN=14/-864/0 susp=-0.1077 springN=845
INFO 2026-07-27 15:24:30.221 joltshadow - docs §70.1: slipdense (player) f=676 w=3 grounded=1 kappa=1.141 fnGround=1053 omega=0.93 | ftGround=936N target=14.5 limit=716Nm motorNm=716 tyreNm=-676 inertia=2.91 limRot=0/7/-4 omegaPre=-0.71 posN=14/-868/0 susp=-0.1213 springN=954
INFO 2026-07-27 15:24:30.221 joltshadow - docs §78: attdense (player) f=676 joltTilt=1.76 odeTilt=0.03 upDelta=1.73 wBody=(0.04,0.00,-0.01) |w|=0.05 grounded=2
INFO 2026-07-27 15:24:30.261 joltshadow - docs §70.1: slipdense (player) f=680 w=0 grounded=0 kappa=0.000 fnGround=0 omega=-0.61 | ftGround=0N target=14.5 limit=716Nm motorNm=716 tyreNm=0 inertia=2.91 limRot=0/0/0 omegaPre=-3.31 posN=-28/125/0 susp=0.0015 springN=-56
INFO 2026-07-27 15:24:30.261 joltshadow - docs §70.1: slipdense (player) f=680 w=1 grounded=1 kappa=1.654 fnGround=341 omega=1.49 | ftGround=577N target=14.5 limit=716Nm motorNm=716 tyreNm=-420 inertia=2.91 limRot=0/57/0 omegaPre=0.20 posN=50/-438/0 susp=-0.0088 springN=198
INFO 2026-07-27 15:24:30.261 joltshadow - docs §70.1: slipdense (player) f=680 w=2 grounded=1 kappa=1.243 fnGround=937 omega=0.94 | ftGround=927N target=14.5 limit=716Nm motorNm=716 tyreNm=-671 inertia=2.91 limRot=0/5/-2 omegaPre=0.71 posN=21/-833/0 susp=-0.1088 springN=814
INFO 2026-07-27 15:24:30.262 joltshadow - docs §70.1: slipdense (player) f=680 w=3 grounded=1 kappa=1.226 fnGround=1033 omega=0.91 | ftGround=915N target=14.5 limit=716Nm motorNm=716 tyreNm=-661 inertia=2.91 limRot=0/4/-2 omegaPre=0.68 posN=21/-799/0 susp=-0.1221 springN=906
INFO 2026-07-27 15:24:30.262 joltshadow - docs §78: attdense (player) f=680 joltTilt=1.51 odeTilt=0.03 upDelta=1.48 wBody=(0.11,0.00,0.01) |w|=0.11 grounded=3
INFO 2026-07-27 15:24:30.262 joltshadow - docs §82: resync (player) #11 dt=0.51s upMax=1.777 deg posMax=0.124 m odeTiltPath=0.029 deg gain=-1.0000
INFO 2026-07-27 15:24:30.262 joltshadow - docs §87: resync landing (player) w=0 pre=0.0011 post=-0.0095 m R=0.727 dY=-0.0133 dRotDeg=1.60 |corr|=0.0718 m
INFO 2026-07-27 15:24:30.262 joltshadow - docs §87: resync landing (player) w=1 pre=-0.0028 post=-0.0090 m R=0.727 dY=-0.0133 dRotDeg=1.60 |corr|=0.0718 m
INFO 2026-07-27 15:24:30.262 joltshadow - docs §87: resync landing (player) w=2 pre=-0.0078 post=-0.0097 m R=0.727 dY=-0.0133 dRotDeg=1.60 |corr|=0.0718 m
INFO 2026-07-27 15:24:30.262 joltshadow - docs §87: resync landing (player) w=3 pre=-0.0086 post=-0.0092 m R=0.727 dY=-0.0133 dRotDeg=1.60 |corr|=0.0718 m
INFO 2026-07-27 15:24:30.262 joltshadow - docs §82: resync RESIDUAL (player) #11 pos=0.0000 m up=0.0000 deg
INFO 2026-07-27 15:24:30.303 joltshadow - docs §70.1: slipdense (player) f=684 w=0 grounded=1 kappa=2.068 fnGround=322 omega=3.07 | ftGround=642N target=14.5 limit=716Nm motorNm=716 tyreNm=-464 inertia=2.91 limRot=0/-8/0 omegaPre=2.39 posN=-10/-467/0 susp=-0.0681 springN=237
INFO 2026-07-27 15:24:30.303 joltshadow - docs §70.1: slipdense (player) f=684 w=1 grounded=1 kappa=2.016 fnGround=323 omega=3.04 | ftGround=644N target=14.5 limit=716Nm motorNm=716 tyreNm=-466 inertia=2.91 limRot=0/-8/0 omegaPre=2.37 posN=-9/-472/0 susp=-0.0673 springN=233
INFO 2026-07-27 15:24:30.304 joltshadow - docs §70.1: slipdense (player) f=684 w=2 grounded=1 kappa=0.656 fnGround=757 omega=1.59 | ftGround=904N target=14.5 limit=716Nm motorNm=716 tyreNm=-651 inertia=2.91 limRot=0/12/0 omegaPre=1.49 posN=14/-732/0 susp=-0.0845 springN=667
INFO 2026-07-27 15:24:30.304 joltshadow - docs §70.1: slipdense (player) f=684 w=3 grounded=1 kappa=0.653 fnGround=753 omega=1.60 | ftGround=905N target=14.5 limit=716Nm motorNm=716 tyreNm=-652 inertia=2.91 limRot=0/12/0 omegaPre=1.50 posN=14/-736/0 susp=-0.0838 springN=662
INFO 2026-07-27 15:24:30.304 joltshadow - docs §78: attdense (player) f=684 joltTilt=0.24 odeTilt=0.04 upDelta=0.20 wBody=(-0.16,-0.00,0.00) |w|=0.16 grounded=4
INFO 2026-07-27 15:24:30.335 joltshadow - docs §70.1: slipdense (player) f=688 w=0 grounded=1 kappa=3.372 fnGround=133 omega=7.38 | ftGround=262N target=14.5 limit=716Nm motorNm=716 tyreNm=-189 inertia=2.91 limRot=0/-1/0 omegaPre=6.01 posN=-1/-129/0 susp=-0.0445 springN=26
INFO 2026-07-27 15:24:30.335 joltshadow - docs §70.1: slipdense (player) f=688 w=1 grounded=1 kappa=3.393 fnGround=133 omega=7.42 | ftGround=261N target=14.5 limit=716Nm motorNm=716 tyreNm=-189 inertia=2.91 limRot=0/-1/0 omegaPre=6.04 posN=-1/-129/0 susp=-0.0439 springN=23
INFO 2026-07-27 15:24:30.335 joltshadow - docs §70.1: slipdense (player) f=688 w=2 grounded=1 kappa=0.396 fnGround=853 omega=2.25 | ftGround=928N target=14.5 limit=716Nm motorNm=716 tyreNm=-666 inertia=2.91 limRot=0/0/-0 omegaPre=2.29 posN=1/-806/0 susp=-0.0890 springN=734
INFO 2026-07-27 15:24:30.335 joltshadow - docs §70.1: slipdense (player) f=688 w=3 grounded=1 kappa=0.396 fnGround=848 omega=2.25 | ftGround=928N target=14.5 limit=716Nm motorNm=716 tyreNm=-667 inertia=2.91 limRot=0/0/-0 omegaPre=2.29 posN=1/-807/0 susp=-0.0884 springN=731
INFO 2026-07-27 15:24:30.335 joltshadow - docs §78: attdense (player) f=688 joltTilt=0.62 odeTilt=0.21 upDelta=0.40 wBody=(-0.23,-0.00,-0.00) |w|=0.23 grounded=4
INFO 2026-07-27 15:24:30.372 joltshadow - docs §70.1: slipdense (player) f=692 w=0 grounded=0 kappa=0.000 fnGround=0 omega=14.29 | ftGround=0N target=14.5 limit=716Nm motorNm=2 tyreNm=0 inertia=2.91 limRot=0/0/0 omegaPre=13.62 posN=0/99/0 susp=-0.0144 springN=-152
INFO 2026-07-27 15:24:30.372 joltshadow - docs §70.1: slipdense (player) f=692 w=1 grounded=0 kappa=0.000 fnGround=0 omega=14.29 | ftGround=0N target=14.5 limit=716Nm motorNm=2 tyreNm=0 inertia=2.91 limRot=0/1/0 omegaPre=13.70 posN=0/99/0 susp=-0.0141 springN=-152
INFO 2026-07-27 15:24:30.372 joltshadow - docs §70.1: slipdense (player) f=692 w=2 grounded=1 kappa=0.308 fnGround=949 omega=2.75 | ftGround=951N target=14.5 limit=716Nm motorNm=716 tyreNm=-681 inertia=2.91 limRot=0/-0/0 omegaPre=2.84 posN=-1/-872/0 susp=-0.0969 springN=821
INFO 2026-07-27 15:24:30.372 joltshadow - docs §70.1: slipdense (player) f=692 w=3 grounded=1 kappa=0.308 fnGround=946 omega=2.75 | ftGround=951N target=14.5 limit=716Nm motorNm=716 tyreNm=-681 inertia=2.91 limRot=0/-0/0 omegaPre=2.84 posN=-1/-872/0 susp=-0.0965 springN=819
INFO 2026-07-27 15:24:30.372 joltshadow - docs §78: attdense (player) f=692 joltTilt=1.13 odeTilt=0.42 upDelta=0.71 wBody=(-0.25,0.00,-0.00) |w|=0.25 grounded=2
INFO 2026-07-27 15:24:30.408 joltshadow - docs §70.1: slipdense (player) f=696 w=0 grounded=0 kappa=0.000 fnGround=0 omega=14.33 | ftGround=0N target=14.5 limit=716Nm motorNm=3 tyreNm=0 inertia=2.91 limRot=0/0/0 omegaPre=14.32 posN=-0/97/0 susp=0.0078 springN=-170
INFO 2026-07-27 15:24:30.408 joltshadow - docs §70.1: slipdense (player) f=696 w=1 grounded=0 kappa=0.000 fnGround=0 omega=14.33 | ftGround=0N target=14.5 limit=716Nm motorNm=3 tyreNm=0 inertia=2.91 limRot=0/1/0 omegaPre=14.32 posN=-0/97/0 susp=0.0074 springN=-168
INFO 2026-07-27 15:24:30.408 joltshadow - docs §70.1: slipdense (player) f=696 w=2 grounded=1 kappa=0.255 fnGround=1021 omega=3.19 | ftGround=953N target=14.5 limit=716Nm motorNm=716 tyreNm=-681 inertia=2.91 limRot=0/0/-0 omegaPre=3.10 posN=1/-884/0 susp=-0.1062 springN=892
INFO 2026-07-27 15:24:30.408 joltshadow - docs §70.1: slipdense (player) f=696 w=3 grounded=1 kappa=0.255 fnGround=1025 omega=3.19 | ftGround=954N target=14.5 limit=716Nm motorNm=716 tyreNm=-681 inertia=2.91 limRot=0/0/-0 omegaPre=3.10 posN=1/-885/0 susp=-0.1064 springN=895
INFO 2026-07-27 15:24:30.408 joltshadow - docs §78: attdense (player) f=696 joltTilt=1.62 odeTilt=0.51 upDelta=1.11 wBody=(-0.21,0.00,-0.00) |w|=0.21 grounded=2
INFO 2026-07-27 15:24:30.442 joltshadow - docs §70.1: slipdense (player) f=700 w=0 grounded=0 kappa=0.000 fnGround=0 omega=14.37 | ftGround=0N target=14.5 limit=716Nm motorNm=3 tyreNm=0 inertia=2.91 limRot=0/0/0 omegaPre=14.35 posN=-0/97/0 susp=0.0163 springN=-138
INFO 2026-07-27 15:24:30.443 joltshadow - docs §70.1: slipdense (player) f=700 w=1 grounded=0 kappa=0.000 fnGround=0 omega=14.37 | ftGround=0N target=14.5 limit=716Nm motorNm=3 tyreNm=0 inertia=2.91 limRot=0/-1/0 omegaPre=14.35 posN=-0/97/0 susp=0.0160 springN=-138
INFO 2026-07-27 15:24:30.443 joltshadow - docs §70.1: slipdense (player) f=700 w=2 grounded=1 kappa=0.249 fnGround=1079 omega=3.68 | ftGround=956N target=14.5 limit=716Nm motorNm=716 tyreNm=-681 inertia=2.91 limRot=0/1/-0 omegaPre=3.54 posN=1/-894/0 susp=-0.1143 springN=941
INFO 2026-07-27 15:24:30.443 joltshadow - docs §70.1: slipdense (player) f=700 w=3 grounded=1 kappa=0.249 fnGround=1082 omega=3.68 | ftGround=956N target=14.5 limit=716Nm motorNm=716 tyreNm=-681 inertia=2.91 limRot=0/1/-0 omegaPre=3.54 posN=1/-895/0 susp=-0.1146 springN=945
INFO 2026-07-27 15:24:30.443 joltshadow - docs §78: attdense (player) f=700 joltTilt=2.00 odeTilt=0.48 upDelta=1.52 wBody=(-0.18,0.00,-0.00) |w|=0.18 grounded=2
INFO 2026-07-27 15:24:30.475 joltshadow - docs §70.1: slipdense (player) f=704 w=0 grounded=0 kappa=0.000 fnGround=0 omega=14.40 | ftGround=0N target=14.5 limit=716Nm motorNm=3 tyreNm=0 inertia=2.91 limRot=0/1/0 omegaPre=14.39 posN=0/98/0 susp=0.0182 springN=-109
INFO 2026-07-27 15:24:30.475 joltshadow - docs §70.1: slipdense (player) f=704 w=1 grounded=0 kappa=0.000 fnGround=0 omega=14.40 | ftGround=0N target=14.5 limit=716Nm motorNm=3 tyreNm=0 inertia=2.91 limRot=0/-1/0 omegaPre=14.39 posN=0/98/0 susp=0.0178 springN=-109
INFO 2026-07-27 15:24:30.475 joltshadow - docs §70.1: slipdense (player) f=704 w=2 grounded=1 kappa=0.194 fnGround=1117 omega=4.01 | ftGround=957N target=14.5 limit=716Nm motorNm=716 tyreNm=-680 inertia=2.91 limRot=0/0/-0 omegaPre=3.91 posN=1/-901/0 susp=-0.1206 springN=969
INFO 2026-07-27 15:24:30.475 joltshadow - docs §70.1: slipdense (player) f=704 w=3 grounded=1 kappa=0.194 fnGround=1119 omega=4.01 | ftGround=957N target=14.5 limit=716Nm motorNm=716 tyreNm=-680 inertia=2.91 limRot=0/0/-0 omegaPre=3.91 posN=1/-901/0 susp=-0.1212 springN=973
INFO 2026-07-27 15:24:30.475 joltshadow - docs §78: attdense (player) f=704 joltTilt=2.30 odeTilt=0.37 upDelta=1.94 wBody=(-0.15,0.00,-0.00) |w|=0.15 grounded=2
INFO 2026-07-27 15:24:30.505 joltshadow - docs §70.1: slipdense (player) f=708 w=0 grounded=0 kappa=0.000 fnGround=0 omega=14.42 | ftGround=0N target=14.5 limit=716Nm motorNm=2 tyreNm=0 inertia=2.91 limRot=0/3/0 omegaPre=14.42 posN=0/99/0 susp=0.0175 springN=-93
INFO 2026-07-27 15:24:30.505 joltshadow - docs §70.1: slipdense (player) f=708 w=1 grounded=0 kappa=0.000 fnGround=0 omega=14.42 | ftGround=0N target=14.5 limit=716Nm motorNm=2 tyreNm=0 inertia=2.91 limRot=0/1/0 omegaPre=14.42 posN=0/99/0 susp=0.0170 springN=-92
INFO 2026-07-27 15:24:30.505 joltshadow - docs §70.1: slipdense (player) f=708 w=2 grounded=1 kappa=0.175 fnGround=1127 omega=4.37 | ftGround=958N target=14.5 limit=716Nm motorNm=716 tyreNm=-681 inertia=2.91 limRot=0/1/-0 omegaPre=4.47 posN=1/-906/0 susp=-0.1246 springN=975
INFO 2026-07-27 15:24:30.505 joltshadow - docs §70.1: slipdense (player) f=708 w=3 grounded=1 kappa=0.175 fnGround=1132 omega=4.37 | ftGround=958N target=14.5 limit=716Nm motorNm=716 tyreNm=-681 inertia=2.91 limRot=0/1/-0 omegaPre=4.47 posN=1/-907/0 susp=-0.1255 springN=981
INFO 2026-07-27 15:24:30.505 joltshadow - docs §78: attdense (player) f=708 joltTilt=2.53 odeTilt=0.22 upDelta=2.31 wBody=(-0.12,0.00,-0.00) |w|=0.12 grounded=2
INFO 2026-07-27 15:24:30.534 joltshadow - docs §70.1: slipdense (player) f=712 w=0 grounded=0 kappa=0.000 fnGround=0 omega=14.45 | ftGround=0N target=14.5 limit=716Nm motorNm=2 tyreNm=0 inertia=2.91 limRot=0/3/0 omegaPre=14.44 posN=1/100/0 susp=0.0164 springN=-86
INFO 2026-07-27 15:24:30.535 joltshadow - docs §70.1: slipdense (player) f=712 w=1 grounded=0 kappa=0.000 fnGround=0 omega=14.45 | ftGround=0N target=14.5 limit=716Nm motorNm=2 tyreNm=0 inertia=2.91 limRot=0/15/0 omegaPre=14.44 posN=1/99/0 susp=0.0159 springN=-86
INFO 2026-07-27 15:24:30.535 joltshadow - docs §70.1: slipdense (player) f=712 w=2 grounded=1 kappa=0.160 fnGround=1121 omega=4.73 | ftGround=959N target=14.5 limit=716Nm motorNm=716 tyreNm=-680 inertia=2.91 limRot=0/0/-0 omegaPre=4.82 posN=0/-909/0 susp=-0.1266 springN=967
INFO 2026-07-27 15:24:30.535 joltshadow - docs §70.1: slipdense (player) f=712 w=3 grounded=1 kappa=0.160 fnGround=1128 omega=4.73 | ftGround=959N target=14.5 limit=716Nm motorNm=716 tyreNm=-680 inertia=2.91 limRot=0/0/-0 omegaPre=4.82 posN=0/-911/0 susp=-0.1277 springN=974
INFO 2026-07-27 15:24:30.535 joltshadow - docs §78: attdense (player) f=712 joltTilt=2.71 odeTilt=0.08 upDelta=2.63 wBody=(-0.10,0.00,-0.00) |w|=0.10 grounded=2
INFO 2026-07-27 15:24:30.574 joltshadow - docs §70.1: slipdense (player) f=716 w=0 grounded=0 kappa=0.000 fnGround=0 omega=14.48 | ftGround=0N target=14.5 limit=716Nm motorNm=2 tyreNm=0 inertia=2.91 limRot=0/-2/0 omegaPre=14.47 posN=6/103/0 susp=0.0150 springN=-82
INFO 2026-07-27 15:24:30.574 joltshadow - docs §70.1: slipdense (player) f=716 w=1 grounded=0 kappa=0.000 fnGround=0 omega=14.48 | ftGround=0N target=14.5 limit=716Nm motorNm=2 tyreNm=0 inertia=2.91 limRot=0/290/0 omegaPre=14.47 posN=6/98/0 susp=0.0150 springN=-84
INFO 2026-07-27 15:24:30.574 joltshadow - docs §70.1: slipdense (player) f=716 w=2 grounded=1 kappa=0.161 fnGround=1089 omega=5.28 | ftGround=960N target=14.5 limit=716Nm motorNm=716 tyreNm=-679 inertia=2.91 limRot=0/-8/-1 omegaPre=5.10 posN=-11/-910/0 susp=-0.1269 springN=939
INFO 2026-07-27 15:24:30.574 joltshadow - docs §70.1: slipdense (player) f=716 w=3 grounded=1 kappa=0.162 fnGround=1096 omega=5.28 | ftGround=962N target=14.5 limit=716Nm motorNm=716 tyreNm=-681 inertia=2.91 limRot=0/-8/-1 omegaPre=5.09 posN=-11/-917/0 susp=-0.1277 springN=946
INFO 2026-07-27 15:24:30.574 joltshadow - docs §78: attdense (player) f=716 joltTilt=2.90 odeTilt=0.03 upDelta=2.93 wBody=(-0.07,0.00,-0.00) |w|=0.07 grounded=2
INFO 2026-07-27 15:24:30.602 joltshadow - docs §70.1: slipdense (player) f=720 w=0 grounded=0 kappa=0.000 fnGround=0 omega=14.50 | ftGround=0N target=14.5 limit=716Nm motorNm=2 tyreNm=0 inertia=2.91 limRot=0/-32/0 omegaPre=14.49 posN=10/104/0 susp=0.0144 springN=-83
INFO 2026-07-27 15:24:30.602 joltshadow - docs §70.1: slipdense (player) f=720 w=1 grounded=0 kappa=0.000 fnGround=0 omega=14.48 | ftGround=0N target=14.5 limit=716Nm motorNm=10 tyreNm=0 inertia=2.91 limRot=0/1350/0 omegaPre=14.48 posN=10/98/0 susp=0.0145 springN=-81
INFO 2026-07-27 15:24:30.602 joltshadow - docs §70.1: slipdense (player) f=720 w=2 grounded=1 kappa=0.175 fnGround=1062 omega=5.77 | ftGround=962N target=14.5 limit=716Nm motorNm=716 tyreNm=-679 inertia=2.91 limRot=0/-30/-2 omegaPre=5.68 posN=-40/-911/0 susp=-0.1251 springN=907
INFO 2026-07-27 15:24:30.602 joltshadow - docs §70.1: slipdense (player) f=720 w=3 grounded=1 kappa=0.177 fnGround=1072 omega=5.73 | ftGround=966N target=14.5 limit=716Nm motorNm=716 tyreNm=-682 inertia=2.91 limRot=0/-30/-3 omegaPre=5.65 posN=-40/-922/0 susp=-0.1260 springN=918
INFO 2026-07-27 15:24:30.602 joltshadow - docs §78: attdense (player) f=720 joltTilt=2.99 odeTilt=0.06 upDelta=3.05 wBody=(-0.05,0.01,-0.00) |w|=0.05 grounded=2
INFO 2026-07-27 15:24:30.602 joltshadow - Shadow divergence (player): pos=1.558m vel=0.581m/s angle=3.0deg (jolt com=[4668.4 259.2 1251.5] ode com=[4668.3 257.7 1251.0])
INFO 2026-07-27 15:24:30.602 joltshadow - docs §23.6: driver input (player) realThrottle=1.00 brake=0.01 handBrake=0 steerRad=0.000
INFO 2026-07-27 15:24:30.602 joltshadow - docs §32: Jolt SHADOW chassis pitch (player) forward=(-0.222, 0.052, -0.974)
INFO 2026-07-27 15:24:30.603 joltshadow - docs §69: tilt (player) jolt=3.0 deg ode=0.1 deg delta=+2.9 deg upDelta=3.05 deg
INFO 2026-07-27 15:24:30.603 joltshadow - docs §32.4: Jolt SHADOW chassis lowest corner (player) = (4667.73,258.90,1255.05) clearanceToGround=0.903
INFO 2026-07-27 15:24:30.603 joltshadow - docs §23.5: wheel state (player) wheel=0 contact=0 suspLen=1.050 (range 0.050-1.050, 0% compressed) angVel=0.00
INFO 2026-07-27 15:24:30.603 joltshadow - docs §38.11: wheel=0 NO contact, worldAxle=(0.975,0.001,-0.223)
INFO 2026-07-27 15:24:30.603 joltshadow - docs §32: no-contact raycast (player) wheel=0 bodyPos=(4668.31,259.18,1250.85) localMPos=(-1.367,-0.436,2.663) origin=(4669.04,258.88,1247.93) dir=(-0.011,-0.999,-0.051) normalRayLen=1.777 groundFoundAt=0.000 shortfallBeyondTravel=-1.777 hitBody=8391036 hitLayer=4 hitMotion=2 hitIsSelfChassis=0
INFO 2026-07-27 15:24:30.603 joltshadow - docs §23.5: wheel state (player) wheel=1 contact=0 suspLen=1.050 (range 0.050-1.050, 0% compressed) angVel=0.00
INFO 2026-07-27 15:24:30.603 joltshadow - docs §38.11: wheel=1 NO contact, worldAxle=(0.975,0.001,-0.223)
INFO 2026-07-27 15:24:30.603 joltshadow - docs §32: no-contact raycast (player) wheel=1 bodyPos=(4668.31,259.18,1250.85) localMPos=(1.369,-0.436,2.663) origin=(4666.38,258.88,1248.54) dir=(-0.011,-0.999,-0.051) normalRayLen=1.777 groundFoundAt=0.000 shortfallBeyondTravel=-1.777 hitBody=8391037 hitLayer=4 hitMotion=2 hitIsSelfChassis=0
INFO 2026-07-27 15:24:30.603 joltshadow - docs §23.5: wheel state (player) wheel=2 contact=0 suspLen=1.050 (range 0.050-1.050, 0% compressed) angVel=0.00
INFO 2026-07-27 15:24:30.603 joltshadow - docs §38.11: wheel=2 NO contact, worldAxle=(0.975,0.001,-0.223)
INFO 2026-07-27 15:24:30.603 joltshadow - docs §32: no-contact raycast (player) wheel=2 bodyPos=(4668.31,259.18,1250.85) localMPos=(-1.367,-0.436,-1.944) origin=(4670.07,258.64,1252.42) dir=(-0.011,-0.999,-0.051) normalRayLen=1.777 groundFoundAt=0.000 shortfallBeyondTravel=-1.777 hitBody=8391038 hitLayer=4 hitMotion=2 hitIsSelfChassis=0
INFO 2026-07-27 15:24:30.603 joltshadow - docs §23.5: wheel state (player) wheel=3 contact=0 suspLen=1.050 (range 0.050-1.050, 0% compressed) angVel=0.00
INFO 2026-07-27 15:24:30.603 joltshadow - docs §38.11: wheel=3 NO contact, worldAxle=(0.975,0.001,-0.223)
INFO 2026-07-27 15:24:30.603 joltshadow - docs §32: no-contact raycast (player) wheel=3 bodyPos=(4668.31,259.18,1250.85) localMPos=(1.369,-0.436,-1.944) origin=(4667.40,258.64,1253.02) dir=(-0.011,-0.999,-0.051) normalRayLen=1.777 groundFoundAt=0.000 shortfallBeyondTravel=-1.777 hitBody=8391039 hitLayer=4 hitMotion=2 hitIsSelfChassis=0
INFO 2026-07-27 15:24:30.603 joltshadow - docs §59/63: harvest (player) wheelsWithContact=2 contactPoints=4 overflow=0 (of 4) | maxNormalF=1072N bound(k_t*tau)=1229N ratio=0.87
INFO 2026-07-27 15:24:30.603 joltshadow - docs §58: wheel body (player) w=0 springF=-83N stopF=0N travel=0.0144 (limits -0.5000..0.5000 rel spawn) kSusp=6000 sagPredicted=-0.0139 | frameTrav=0.0144..0.0145 frameStopN=0
INFO 2026-07-27 15:24:30.603 joltshadow - docs §66: tyre band (player) w=0 fnGround=0N fnTotal=0N pen=0.00000 penRaw=0.00000 tau=0.01024 pen/tau=0.00 | recs tyre=0 rim=0 survived=0 stale=0 distMax=0.00R
INFO 2026-07-27 15:24:30.603 joltshadow - docs §68: steer (player) w=0 steerable=1 commanded=0.000 rad measured=0.028 rad err=1.58 deg steerSign=-1 steerTq=62Nm cap=1192Nm sat=0.05
INFO 2026-07-27 15:24:30.603 joltshadow - docs §70: slip (player) w=0 grounded=0 kappa=0.000 fnGround=0N omega=14.50
INFO 2026-07-27 15:24:30.603 joltshadow - docs §67: spin (player) w=0 driven=1 omega=14.50 rad/s surfaceSpeed=10.55 m/s spinSign=+1 motorTq=2Nm cmdTq=716Nm
INFO 2026-07-27 15:24:30.604 joltshadow - docs §58: wheel body (player) w=1 springF=-81N stopF=0N travel=0.0145 (limits -0.5000..0.5000 rel spawn) kSusp=6000 sagPredicted=-0.0136 | frameTrav=0.0145..0.0146 frameStopN=0
INFO 2026-07-27 15:24:30.604 joltshadow - docs §66: tyre band (player) w=1 fnGround=0N fnTotal=0N pen=0.00000 penRaw=0.00000 tau=0.01024 pen/tau=0.00 | recs tyre=0 rim=0 survived=0 stale=0 distMax=0.00R
INFO 2026-07-27 15:24:30.604 joltshadow - docs §68: steer (player) w=1 steerable=1 commanded=0.000 rad measured=-0.306 rad err=-17.51 deg steerSign=-1 steerTq=-1192Nm cap=1192Nm sat=1.00
INFO 2026-07-27 15:24:30.604 joltshadow - docs §70: slip (player) w=1 grounded=0 kappa=0.000 fnGround=0N omega=14.48
INFO 2026-07-27 15:24:30.604 joltshadow - docs §67: spin (player) w=1 driven=1 omega=14.48 rad/s surfaceSpeed=10.54 m/s spinSign=+1 motorTq=10Nm cmdTq=716Nm
INFO 2026-07-27 15:24:30.604 joltshadow - docs §58: wheel body (player) w=2 springF=907N stopF=0N travel=-0.1251 (limits -0.5000..0.5000 rel spawn) kSusp=7500 sagPredicted=0.1210 | frameTrav=-0.1254..-0.1251 frameStopN=0
INFO 2026-07-27 15:24:30.604 joltshadow - docs §66: tyre band (player) w=2 fnGround=1062N fnTotal=1062N pen=0.00896 penRaw=0.00896 tau=0.01024 pen/tau=0.87 | recs tyre=1 rim=1 survived=1 stale=0 distMax=0.99R
INFO 2026-07-27 15:24:30.604 joltshadow - docs §68: steer (player) w=2 steerable=0 commanded=0.000 rad measured=-0.000 rad err=-0.00 deg steerSign=-1 steerTq=0Nm cap=340282346638528859811704183484516925440Nm sat=0.00
INFO 2026-07-27 15:24:30.604 joltshadow - docs §70: slip (player) w=2 grounded=1 kappa=0.175 fnGround=1062N omega=5.77
INFO 2026-07-27 15:24:30.604 joltshadow - docs §67: spin (player) w=2 driven=1 omega=5.77 rad/s surfaceSpeed=4.20 m/s spinSign=+1 motorTq=716Nm cmdTq=716Nm
INFO 2026-07-27 15:24:30.604 joltshadow - docs §58: wheel body (player) w=3 springF=918N stopF=0N travel=-0.1260 (limits -0.5000..0.5000 rel spawn) kSusp=7500 sagPredicted=0.1225 | frameTrav=-0.1263..-0.1260 frameStopN=0
INFO 2026-07-27 15:24:30.604 joltshadow - docs §66: tyre band (player) w=3 fnGround=1072N fnTotal=1072N pen=0.00902 penRaw=0.00902 tau=0.01024 pen/tau=0.88 | recs tyre=1 rim=1 survived=1 stale=0 distMax=0.99R
INFO 2026-07-27 15:24:30.604 joltshadow - docs §68: steer (player) w=3 steerable=0 commanded=0.000 rad measured=-0.000 rad err=-0.00 deg steerSign=-1 steerTq=0Nm cap=340282346638528859811704183484516925440Nm sat=0.00
INFO 2026-07-27 15:24:30.604 joltshadow - docs §70: slip (player) w=3 grounded=1 kappa=0.177 fnGround=1072N omega=5.73
INFO 2026-07-27 15:24:30.604 joltshadow - docs §67: spin (player) w=3 driven=1 omega=5.73 rad/s surfaceSpeed=4.17 m/s spinSign=+1 motorTq=716Nm cmdTq=716Nm
INFO 2026-07-27 15:24:30.604 joltshadow - docs §67: drivetrain (player) gear=0 rpm=4157 driveTorque=2880Nm perWheel=720Nm driven=4 throttle=1.00 spin=1 | PRE-STEP brake=0.01 handBrake=0
INFO 2026-07-27 15:24:30.604 joltshadow - docs §66: tyre band SUM (player) fnGroundSum=2134N fnTotalSum=2135N weight=1638N carried=1.30 | penSum=0.01798 recs tyre=2 rim=2 stale=0
INFO 2026-07-27 15:24:30.604 joltshadow - docs §30: REAL ODE chassis COM (player) body=53396828 = (4668.348, 257.732, 1251.028) forward=(-0.223, -0.001, -0.975)
INFO 2026-07-27 15:24:30.604 joltshadow - docs §33: real ODE chassis geom (player) #1 = class 0 (not a transform) pos=(4668.348,257.732,1251.028) radius=4.000
INFO 2026-07-27 15:24:30.604 joltshadow - docs §33: real ODE chassis geom (player) #2 = transform, inner class=1 pos=(0.000,3.010,-1.827)
INFO 2026-07-27 15:24:30.604 joltshadow - docs §33: real ODE chassis geom (player) #3 = transform, inner class=1 pos=(0.013,2.455,4.253)
INFO 2026-07-27 15:24:30.604 joltshadow - docs §33: real ODE chassis geom (player) #4 = transform, inner class=1 pos=(0.000,2.778,2.038)
INFO 2026-07-27 15:24:30.604 joltshadow - docs §33: real ODE chassis geom (player) #5 = transform, inner class=1 pos=(0.000,1.675,0.000)
INFO 2026-07-27 15:24:30.604 joltshadow - docs §33: real ODE chassis geom (player) #6 = class 0 (not a transform) pos=(4668.348,257.732,1251.028) radius=30.000
INFO 2026-07-27 15:24:30.604 joltshadow - docs §33: real ODE chassis geom (player) #7 = class 0 (not a transform) pos=(4668.348,257.732,1251.028) radius=8.161
INFO 2026-07-27 15:24:30.605 joltshadow - docs §33: real ODE chassis geom (player) #8 = class 0 (not a transform) pos=(4668.348,257.732,1251.028) radius=200.000
INFO 2026-07-27 15:24:30.605 joltshadow - docs §33: real ODE chassis (player) has 8 total geom(s) directly attached (4 transform(s)) - compare against BuildChassisCompoundShape's own part/geom count in the build log
INFO 2026-07-27 15:24:30.605 joltshadow - docs §28: REAL ODE wheel state (player) wheel=0 displacement=0.0239 range=1.000 (2% compressed, signed) foreAft=2.663 localZ=2.663 cfm=0.002500 erp=0.2500
INFO 2026-07-27 15:24:30.605 joltshadow - docs §28: REAL ODE wheel state (player) wheel=1 displacement=0.0239 range=1.000 (2% compressed, signed) foreAft=2.663 localZ=2.663 cfm=0.002500 erp=0.2500
INFO 2026-07-27 15:24:30.605 joltshadow - docs §28: REAL ODE wheel state (player) wheel=2 displacement=0.0195 range=1.000 (2% compressed, signed) foreAft=-1.944 localZ=-1.944 cfm=0.002000 erp=0.2500
INFO 2026-07-27 15:24:30.605 joltshadow - docs §28: REAL ODE wheel state (player) wheel=3 displacement=0.0195 range=1.000 (2% compressed, signed) foreAft=-1.944 localZ=-1.944 cfm=0.002000 erp=0.2500
INFO 2026-07-27 15:24:30.640 joltshadow - docs §70.1: slipdense (player) f=724 w=0 grounded=0 kappa=0.000 fnGround=0 omega=14.52 | ftGround=0N target=14.5 limit=716Nm motorNm=3 tyreNm=0 inertia=2.91 limRot=0/-517/0 omegaPre=14.51 posN=-17/97/0 susp=0.0140 springN=-81
INFO 2026-07-27 15:24:30.641 joltshadow - docs §70.1: slipdense (player) f=724 w=1 grounded=0 kappa=0.000 fnGround=0 omega=14.52 | ftGround=0N target=14.5 limit=716Nm motorNm=1 tyreNm=0 inertia=2.91 limRot=0/1149/0 omegaPre=14.51 posN=-17/107/0 susp=0.0140 springN=-80
INFO 2026-07-27 15:24:30.641 joltshadow - docs §70.1: slipdense (player) f=724 w=2 grounded=1 kappa=0.170 fnGround=1012 omega=6.22 | ftGround=966N target=14.5 limit=716Nm motorNm=716 tyreNm=-681 inertia=2.91 limRot=0/43/3 omegaPre=5.97 posN=60/-922/0 susp=-0.1210 springN=859
INFO 2026-07-27 15:24:30.641 joltshadow - docs §70.1: slipdense (player) f=724 w=3 grounded=1 kappa=0.168 fnGround=1030 omega=6.26 | ftGround=964N target=14.5 limit=716Nm motorNm=716 tyreNm=-679 inertia=2.91 limRot=0/43/3 omegaPre=5.93 posN=60/-910/0 susp=-0.1224 springN=876
INFO 2026-07-27 15:24:30.641 joltshadow - docs §78: attdense (player) f=724 joltTilt=3.07 odeTilt=0.10 upDelta=3.08 wBody=(-0.02,-0.01,-0.01) |w|=0.03 grounded=2
INFO 2026-07-27 15:24:30.679 joltshadow - docs §70.1: slipdense (player) f=728 w=0 grounded=0 kappa=0.000 fnGround=0 omega=14.54 | ftGround=0N target=14.5 limit=716Nm motorNm=1 tyreNm=0 inertia=2.91 limRot=0/-1069/-288 omegaPre=14.52 posN=-23/90/0 susp=0.0134 springN=-77
INFO 2026-07-27 15:24:30.679 joltshadow - docs §70.1: slipdense (player) f=728 w=1 grounded=0 kappa=0.000 fnGround=0 omega=14.53 | ftGround=0N target=14.5 limit=716Nm motorNm=11 tyreNm=0 inertia=2.91 limRot=0/575/0 omegaPre=14.53 posN=-23/114/0 susp=0.0142 springN=-85
INFO 2026-07-27 15:24:30.679 joltshadow - docs §70.1: slipdense (player) f=728 w=2 grounded=1 kappa=0.105 fnGround=970 omega=6.47 | ftGround=899N target=14.5 limit=716Nm motorNm=716 tyreNm=-636 inertia=2.91 limRot=0/-13/-0 omegaPre=6.34 posN=-1/-860/0 susp=-0.1157 springN=818
INFO 2026-07-27 15:24:30.679 joltshadow - docs §70.1: slipdense (player) f=728 w=3 grounded=1 kappa=0.118 fnGround=979 omega=6.51 | ftGround=1023N target=14.5 limit=716Nm motorNm=716 tyreNm=-725 inertia=2.91 limRot=0/-13/-0 omegaPre=6.45 posN=-1/-960/0 susp=-0.1167 springN=821
INFO 2026-07-27 15:24:30.679 joltshadow - docs §78: attdense (player) f=728 joltTilt=3.09 odeTilt=0.30 upDelta=2.94 wBody=(-0.00,-0.01,0.01) |w|=0.01 grounded=2
INFO 2026-07-27 15:24:30.706 joltshadow - docs §70.1: slipdense (player) f=732 w=0 grounded=0 kappa=0.000 fnGround=0 omega=14.54 | ftGround=0N target=14.5 limit=716Nm motorNm=1 tyreNm=0 inertia=2.91 limRot=0/-1171/0 omegaPre=14.54 posN=33/115/0 susp=0.0130 springN=-75
INFO 2026-07-27 15:24:30.706 joltshadow - docs §70.1: slipdense (player) f=732 w=1 grounded=0 kappa=0.000 fnGround=0 omega=14.55 | ftGround=0N target=14.5 limit=716Nm motorNm=5 tyreNm=0 inertia=2.91 limRot=0/-651/0 omegaPre=14.54 posN=33/89/0 susp=0.0143 springN=-86
INFO 2026-07-27 15:24:30.706 joltshadow - docs §70.1: slipdense (player) f=732 w=2 grounded=1 kappa=0.139 fnGround=950 omega=7.01 | ftGround=961N target=14.5 limit=716Nm motorNm=716 tyreNm=-677 inertia=2.91 limRot=0/-16/-3 omegaPre=6.80 posN=-34/-895/0 susp=-0.1124 springN=798
INFO 2026-07-27 15:24:30.706 joltshadow - docs §70.1: slipdense (player) f=732 w=3 grounded=1 kappa=0.141 fnGround=937 omega=7.02 | ftGround=974N target=14.5 limit=716Nm motorNm=716 tyreNm=-686 inertia=2.91 limRot=0/-16/-3 omegaPre=6.82 posN=-34/-933/0 susp=-0.1126 springN=787
INFO 2026-07-27 15:24:30.706 joltshadow - docs §78: attdense (player) f=732 joltTilt=3.09 odeTilt=0.36 upDelta=2.86 wBody=(0.01,0.00,0.01) |w|=0.02 grounded=2
INFO 2026-07-27 15:24:30.730 joltshadow - docs §70.1: slipdense (player) f=736 w=0 grounded=0 kappa=0.000 fnGround=0 omega=14.55 | ftGround=0N target=14.5 limit=716Nm motorNm=3 tyreNm=0 inertia=2.91 limRot=0/-915/0 omegaPre=14.54 posN=14/106/0 susp=0.0129 springN=-77
INFO 2026-07-27 15:24:30.730 joltshadow - docs §70.1: slipdense (player) f=736 w=1 grounded=0 kappa=0.000 fnGround=0 omega=14.56 | ftGround=0N target=14.5 limit=716Nm motorNm=1 tyreNm=0 inertia=2.91 limRot=0/16/0 omegaPre=14.56 posN=14/98/0 susp=0.0143 springN=-84
INFO 2026-07-27 15:24:30.730 joltshadow - docs §70.1: slipdense (player) f=736 w=2 grounded=1 kappa=0.113 fnGround=936 omega=7.21 | ftGround=961N target=14.5 limit=716Nm motorNm=716 tyreNm=-679 inertia=2.91 limRot=0/-38/-3 omegaPre=7.13 posN=-53/-904/0 susp=-0.1097 springN=782
INFO 2026-07-27 15:24:30.730 joltshadow - docs §70.1: slipdense (player) f=736 w=3 grounded=1 kappa=0.114 fnGround=916 omega=7.17 | ftGround=965N target=14.5 limit=716Nm motorNm=716 tyreNm=-682 inertia=2.91 limRot=0/-38/-3 omegaPre=7.10 posN=-52/-915/0 susp=-0.1090 springN=763
INFO 2026-07-27 15:24:30.730 joltshadow - docs §78: attdense (player) f=736 joltTilt=3.08 odeTilt=0.32 upDelta=2.83 wBody=(0.01,0.01,0.01) |w|=0.02 grounded=2
INFO 2026-07-27 15:24:30.755 joltshadow - docs §70.1: slipdense (player) f=740 w=0 grounded=0 kappa=0.000 fnGround=0 omega=14.54 | ftGround=0N target=14.5 limit=716Nm motorNm=19 tyreNm=0 inertia=2.91 limRot=0/702/0 omegaPre=14.54 posN=-10/96/0 susp=0.0130 springN=-82
INFO 2026-07-27 15:24:30.755 joltshadow - docs §70.1: slipdense (player) f=740 w=1 grounded=0 kappa=0.000 fnGround=0 omega=14.56 | ftGround=0N target=14.5 limit=716Nm motorNm=1 tyreNm=0 inertia=2.91 limRot=0/-2/0 omegaPre=14.56 posN=-10/109/0 susp=0.0141 springN=-79
INFO 2026-07-27 15:24:30.755 joltshadow - docs §70.1: slipdense (player) f=740 w=2 grounded=1 kappa=0.126 fnGround=917 omega=7.65 | ftGround=965N target=14.5 limit=716Nm motorNm=716 tyreNm=-680 inertia=2.91 limRot=0/-51/-3 omegaPre=7.44 posN=-56/-917/0 susp=-0.1072 springN=768
INFO 2026-07-27 15:24:30.755 joltshadow - docs §70.1: slipdense (player) f=740 w=3 grounded=1 kappa=0.128 fnGround=901 omega=7.57 | ftGround=970N target=14.5 limit=716Nm motorNm=716 tyreNm=-683 inertia=2.91 limRot=0/-51/-3 omegaPre=7.38 posN=-56/-907/0 susp=-0.1057 springN=749
INFO 2026-07-27 15:24:30.755 joltshadow - docs §78: attdense (player) f=740 joltTilt=3.05 odeTilt=0.24 upDelta=2.84 wBody=(0.02,0.02,0.01) |w|=0.03 grounded=2
INFO 2026-07-27 15:24:30.763 joltshadow - docs §82: resync (player) #12 dt=0.50s upMax=3.089 deg posMax=0.260 m odeTiltPath=1.503 deg gain=2.0546
INFO 2026-07-27 15:24:30.763 joltshadow - docs §87: resync landing (player) w=0 pre=0.1177 post=-0.0044 m R=0.727 dY=-0.0652 dRotDeg=2.84 |corr|=0.2603 m
INFO 2026-07-27 15:24:30.763 joltshadow - docs §87: resync landing (player) w=1 pre=0.1188 post=-0.0089 m R=0.727 dY=-0.0652 dRotDeg=2.84 |corr|=0.2603 m
INFO 2026-07-27 15:24:30.763 joltshadow - docs §87: resync landing (player) w=2 pre=-0.0077 post=-0.0096 m R=0.727 dY=-0.0652 dRotDeg=2.84 |corr|=0.2603 m
INFO 2026-07-27 15:24:30.763 joltshadow - docs §87: resync landing (player) w=3 pre=-0.0076 post=-0.0092 m R=0.727 dY=-0.0652 dRotDeg=2.84 |corr|=0.2603 m
INFO 2026-07-27 15:24:30.763 joltshadow - docs §82: resync RESIDUAL (player) #12 pos=0.0000 m up=0.0000 deg
INFO 2026-07-27 15:24:30.782 joltshadow - docs §70.1: slipdense (player) f=744 w=0 grounded=1 kappa=0.935 fnGround=543 omega=12.99 | ftGround=1080N target=14.5 limit=716Nm motorNm=716 tyreNm=-772 inertia=2.91 limRot=0/10/0 omegaPre=13.22 posN=-147/-869/0 susp=-0.0595 springN=352
INFO 2026-07-27 15:24:30.782 joltshadow - docs §70.1: slipdense (player) f=744 w=1 grounded=1 kappa=0.875 fnGround=404 omega=12.72 | ftGround=786N target=14.5 limit=716Nm motorNm=716 tyreNm=-561 inertia=2.91 limRot=0/134/0 omegaPre=12.57 posN=182/-589/0 susp=-0.0592 springN=362
INFO 2026-07-27 15:24:30.782 joltshadow - docs §70.1: slipdense (player) f=744 w=2 grounded=1 kappa=0.100 fnGround=622 omega=7.51 | ftGround=895N target=14.5 limit=716Nm motorNm=716 tyreNm=-636 inertia=2.91 limRot=0/82/1 omegaPre=7.34 posN=92/-688/0 susp=-0.0757 springN=638
INFO 2026-07-27 15:24:30.782 joltshadow - docs §70.1: slipdense (player) f=744 w=3 grounded=1 kappa=0.103 fnGround=554 omega=7.48 | ftGround=871N target=14.5 limit=716Nm motorNm=716 tyreNm=-621 inertia=2.91 limRot=0/73/1 omegaPre=7.29 posN=80/-675/0 susp=-0.0765 springN=584
INFO 2026-07-27 15:24:30.783 joltshadow - docs §78: attdense (player) f=744 joltTilt=0.21 odeTilt=0.16 upDelta=0.06 wBody=(-0.04,0.01,0.05) |w|=0.07 grounded=4
INFO 2026-07-27 15:24:30.822 joltshadow - docs §70.1: slipdense (player) f=748 w=0 grounded=1 kappa=0.908 fnGround=246 omega=14.40 | ftGround=491N target=14.5 limit=716Nm motorNm=347 tyreNm=-352 inertia=2.91 limRot=0/28/0 omegaPre=14.42 posN=32/-345/0 susp=-0.0474 springN=141
INFO 2026-07-27 15:24:30.822 joltshadow - docs §70.1: slipdense (player) f=748 w=1 grounded=1 kappa=0.919 fnGround=208 omega=14.40 | ftGround=414N target=14.5 limit=716Nm motorNm=292 tyreNm=-297 inertia=2.91 limRot=0/30/0 omegaPre=14.42 posN=30/-261/0 susp=-0.0440 springN=93
INFO 2026-07-27 15:24:30.822 joltshadow - docs §70.1: slipdense (player) f=748 w=2 grounded=1 kappa=0.101 fnGround=779 omega=8.41 | ftGround=933N target=14.5 limit=716Nm motorNm=716 tyreNm=-660 inertia=2.91 limRot=0/-26/-0 omegaPre=8.10 posN=-34/-792/0 susp=-0.0805 springN=660
INFO 2026-07-27 15:24:30.822 joltshadow - docs §70.1: slipdense (player) f=748 w=3 grounded=1 kappa=0.101 fnGround=721 omega=8.36 | ftGround=928N target=14.5 limit=716Nm motorNm=716 tyreNm=-658 inertia=2.91 limRot=0/-24/-0 omegaPre=8.04 posN=-32/-782/0 susp=-0.0772 springN=604
INFO 2026-07-27 15:24:30.823 joltshadow - docs §78: attdense (player) f=748 joltTilt=0.47 odeTilt=0.36 upDelta=0.35 wBody=(-0.15,0.01,0.03) |w|=0.15 grounded=4
INFO 2026-07-27 15:24:30.856 joltshadow - docs §70.1: slipdense (player) f=752 w=0 grounded=1 kappa=0.773 fnGround=113 omega=14.36 | ftGround=226N target=14.5 limit=716Nm motorNm=161 tyreNm=-162 inertia=2.91 limRot=0/9/0 omegaPre=14.36 posN=14/-108/0 susp=-0.0291 springN=6
INFO 2026-07-27 15:24:30.856 joltshadow - docs §70.1: slipdense (player) f=752 w=1 grounded=1 kappa=0.781 fnGround=60 omega=14.36 | ftGround=120N target=14.5 limit=716Nm motorNm=85 tyreNm=-86 inertia=2.91 limRot=0/6/0 omegaPre=14.36 posN=9/-2/0 susp=-0.0232 springN=-48
INFO 2026-07-27 15:24:30.856 joltshadow - docs §70.1: slipdense (player) f=752 w=2 grounded=1 kappa=0.104 fnGround=853 omega=9.05 | ftGround=955N target=14.5 limit=716Nm motorNm=716 tyreNm=-672 inertia=2.91 limRot=0/-25/-0 omegaPre=8.83 posN=-34/-851/0 susp=-0.0871 springN=738
INFO 2026-07-27 15:24:30.856 joltshadow - docs §70.1: slipdense (player) f=752 w=3 grounded=1 kappa=0.104 fnGround=788 omega=9.01 | ftGround=953N target=14.5 limit=716Nm motorNm=716 tyreNm=-672 inertia=2.91 limRot=0/-25/-0 omegaPre=8.79 posN=-34/-847/0 susp=-0.0814 springN=673
INFO 2026-07-27 15:24:30.856 joltshadow - docs §78: attdense (player) f=752 joltTilt=0.80 odeTilt=0.50 upDelta=0.60 wBody=(-0.18,0.01,0.02) |w|=0.18 grounded=4
INFO 2026-07-27 15:24:30.886 joltshadow - docs §70.1: slipdense (player) f=756 w=0 grounded=1 kappa=0.688 fnGround=24 omega=14.36 | ftGround=47N target=14.5 limit=716Nm motorNm=35 tyreNm=-34 inertia=2.91 limRot=0/-0/0 omegaPre=14.36 posN=5/53/0 susp=-0.0127 springN=-81
INFO 2026-07-27 15:24:30.886 joltshadow - docs §70.1: slipdense (player) f=756 w=1 grounded=0 kappa=0.000 fnGround=0 omega=14.36 | ftGround=0N target=14.5 limit=716Nm motorNm=1 tyreNm=0 inertia=2.91 limRot=0/-3/0 omegaPre=14.36 posN=2/102/0 susp=-0.0053 springN=-132
INFO 2026-07-27 15:24:30.887 joltshadow - docs §70.1: slipdense (player) f=756 w=2 grounded=1 kappa=0.085 fnGround=929 omega=9.34 | ftGround=964N target=14.5 limit=716Nm motorNm=716 tyreNm=-678 inertia=2.91 limRot=0/-28/0 omegaPre=9.35 posN=-37/-884/0 susp=-0.0947 springN=808
INFO 2026-07-27 15:24:30.887 joltshadow - docs §70.1: slipdense (player) f=756 w=3 grounded=1 kappa=0.085 fnGround=858 omega=9.31 | ftGround=961N target=14.5 limit=716Nm motorNm=716 tyreNm=-678 inertia=2.91 limRot=0/-26/0 omegaPre=9.31 posN=-33/-879/0 susp=-0.0872 springN=735
INFO 2026-07-27 15:24:30.887 joltshadow - docs §78: attdense (player) f=756 joltTilt=1.12 odeTilt=0.43 upDelta=0.85 wBody=(-0.18,0.01,0.02) |w|=0.18 grounded=3
INFO 2026-07-27 15:24:30.925 joltshadow - docs §70.1: slipdense (player) f=760 w=0 grounded=0 kappa=0.000 fnGround=0 omega=14.39 | ftGround=0N target=14.5 limit=716Nm motorNm=2 tyreNm=0 inertia=2.91 limRot=0/-3/0 omegaPre=14.38 posN=1/97/0 susp=0.0040 springN=-131
INFO 2026-07-27 15:24:30.925 joltshadow - docs §70.1: slipdense (player) f=760 w=1 grounded=0 kappa=0.000 fnGround=0 omega=14.39 | ftGround=0N target=14.5 limit=716Nm motorNm=2 tyreNm=0 inertia=2.91 limRot=0/-2/0 omegaPre=14.38 posN=1/98/0 susp=0.0101 springN=-142
INFO 2026-07-27 15:24:30.925 joltshadow - docs §70.1: slipdense (player) f=760 w=2 grounded=1 kappa=0.096 fnGround=1018 omega=9.93 | ftGround=974N target=14.5 limit=716Nm motorNm=716 tyreNm=-680 inertia=2.91 limRot=0/-16/1 omegaPre=9.73 posN=-23/-906/0 susp=-0.1053 springN=892
INFO 2026-07-27 15:24:30.925 joltshadow - docs §70.1: slipdense (player) f=760 w=3 grounded=1 kappa=0.096 fnGround=937 omega=9.90 | ftGround=971N target=14.5 limit=716Nm motorNm=716 tyreNm=-680 inertia=2.91 limRot=0/-16/1 omegaPre=9.69 posN=-22/-899/0 susp=-0.0959 springN=810
INFO 2026-07-27 15:24:30.925 joltshadow - docs §78: attdense (player) f=760 joltTilt=1.49 odeTilt=0.27 upDelta=1.25 wBody=(-0.15,0.01,0.01) |w|=0.16 grounded=2
INFO 2026-07-27 15:24:30.953 joltshadow - docs §70.1: slipdense (player) f=764 w=0 grounded=0 kappa=0.000 fnGround=0 omega=18.69 | ftGround=0N target=23.3 limit=447Nm motorNm=447 tyreNm=0 inertia=2.91 limRot=0/-2/0 omegaPre=17.77 posN=-3/59/0 susp=0.0116 springN=-132
INFO 2026-07-27 15:24:30.953 joltshadow - docs §70.1: slipdense (player) f=764 w=1 grounded=0 kappa=0.000 fnGround=0 omega=18.69 | ftGround=0N target=23.3 limit=447Nm motorNm=447 tyreNm=0 inertia=2.91 limRot=0/18/0 omegaPre=17.77 posN=-3/63/0 susp=0.0152 springN=-125
INFO 2026-07-27 15:24:30.953 joltshadow - docs §70.1: slipdense (player) f=764 w=2 grounded=1 kappa=0.051 fnGround=1069 omega=9.77 | ftGround=621N target=23.3 limit=447Nm motorNm=447 tyreNm=-426 inertia=2.91 limRot=0/-17/1 omegaPre=9.81 posN=-22/-595/0 susp=-0.1130 springN=948
INFO 2026-07-27 15:24:30.953 joltshadow - docs §70.1: slipdense (player) f=764 w=3 grounded=1 kappa=0.051 fnGround=982 omega=9.74 | ftGround=617N target=23.3 limit=447Nm motorNm=447 tyreNm=-426 inertia=2.91 limRot=0/-16/1 omegaPre=9.77 posN=-20/-584/0 susp=-0.1027 springN=861
INFO 2026-07-27 15:24:30.953 joltshadow - docs §78: attdense (player) f=764 joltTilt=1.72 odeTilt=0.16 upDelta=1.55 wBody=(-0.13,0.01,0.01) |w|=0.13 grounded=2
INFO 2026-07-27 15:24:30.976 joltshadow - docs §70.1: slipdense (player) f=768 w=0 grounded=0 kappa=0.000 fnGround=0 omega=22.54 | ftGround=0N target=23.3 limit=447Nm motorNm=447 tyreNm=0 inertia=2.91 limRot=0/-0/0 omegaPre=21.61 posN=4/62/0 susp=0.0152 springN=-123
INFO 2026-07-27 15:24:30.977 joltshadow - docs §70.1: slipdense (player) f=768 w=1 grounded=0 kappa=0.000 fnGround=0 omega=22.53 | ftGround=0N target=23.3 limit=447Nm motorNm=447 tyreNm=0 inertia=2.91 limRot=0/140/0 omegaPre=21.61 posN=4/60/0 susp=0.0168 springN=-107
INFO 2026-07-27 15:24:30.977 joltshadow - docs §70.1: slipdense (player) f=768 w=2 grounded=1 kappa=0.050 fnGround=1105 omega=9.96 | ftGround=618N target=23.3 limit=447Nm motorNm=447 tyreNm=-423 inertia=2.91 limRot=0/-18/0 omegaPre=9.84 posN=-27/-594/0 susp=-0.1194 springN=983
INFO 2026-07-27 15:24:30.977 joltshadow - docs §70.1: slipdense (player) f=768 w=3 grounded=1 kappa=0.050 fnGround=1020 omega=9.93 | ftGround=617N target=23.3 limit=447Nm motorNm=447 tyreNm=-424 inertia=2.91 limRot=0/-17/0 omegaPre=9.81 posN=-26/-591/0 susp=-0.1085 springN=898
INFO 2026-07-27 15:24:30.977 joltshadow - docs §78: attdense (player) f=768 joltTilt=1.89 odeTilt=0.11 upDelta=1.81 wBody=(-0.12,0.01,0.00) |w|=0.12 grounded=2
INFO 2026-07-27 15:24:31.001 joltshadow - docs §70.1: slipdense (player) f=772 w=0 grounded=0 kappa=0.000 fnGround=0 omega=23.19 | ftGround=0N target=23.3 limit=447Nm motorNm=4 tyreNm=0 inertia=2.91 limRot=0/-4/0 omegaPre=23.18 posN=17/65/0 susp=0.0163 springN=-102
INFO 2026-07-27 15:24:31.001 joltshadow - docs §70.1: slipdense (player) f=772 w=1 grounded=0 kappa=0.000 fnGround=0 omega=23.18 | ftGround=0N target=23.3 limit=447Nm motorNm=8 tyreNm=0 inertia=2.91 limRot=0/1267/0 omegaPre=23.18 posN=17/52/0 susp=0.0165 springN=-84
INFO 2026-07-27 15:24:31.001 joltshadow - docs §70.1: slipdense (player) f=772 w=2 grounded=1 kappa=0.049 fnGround=1127 omega=10.14 | ftGround=622N target=23.3 limit=447Nm motorNm=447 tyreNm=-425 inertia=2.91 limRot=0/-34/-1 omegaPre=10.09 posN=-54/-597/0 susp=-0.1242 springN=998
INFO 2026-07-27 15:24:31.001 joltshadow - docs §70.1: slipdense (player) f=772 w=3 grounded=1 kappa=0.049 fnGround=1045 omega=10.09 | ftGround=621N target=23.3 limit=447Nm motorNm=447 tyreNm=-427 inertia=2.91 limRot=0/-34/-1 omegaPre=10.05 posN=-53/-606/0 susp=-0.1131 springN=918
INFO 2026-07-27 15:24:31.001 joltshadow - docs §78: attdense (player) f=772 joltTilt=2.03 odeTilt=0.10 upDelta=2.00 wBody=(-0.08,0.01,-0.00) |w|=0.09 grounded=2
INFO 2026-07-27 15:24:31.026 joltshadow - docs §70.1: slipdense (player) f=776 w=0 grounded=0 kappa=0.000 fnGround=0 omega=23.22 | ftGround=0N target=23.3 limit=447Nm motorNm=4 tyreNm=0 inertia=2.91 limRot=0/20/0 omegaPre=23.21 posN=2/53/0 susp=0.0159 springN=-86
INFO 2026-07-27 15:24:31.026 joltshadow - docs §70.1: slipdense (player) f=776 w=1 grounded=0 kappa=0.000 fnGround=0 omega=23.21 | ftGround=0N target=23.3 limit=447Nm motorNm=19 tyreNm=0 inertia=2.91 limRot=0/1580/0 omegaPre=23.20 posN=2/56/0 susp=0.0146 springN=-63
INFO 2026-07-27 15:24:31.026 joltshadow - docs §70.1: slipdense (player) f=776 w=2 grounded=1 kappa=0.049 fnGround=1124 omega=10.33 | ftGround=630N target=23.3 limit=447Nm motorNm=447 tyreNm=-430 inertia=2.91 limRot=0/-58/-2 omegaPre=10.37 posN=-76/-617/0 susp=-0.1277 springN=994
INFO 2026-07-27 15:24:31.027 joltshadow - docs §70.1: slipdense (player) f=776 w=3 grounded=1 kappa=0.042 fnGround=1053 omega=10.22 | ftGround=541N target=23.3 limit=447Nm motorNm=447 tyreNm=-423 inertia=2.91 limRot=0/36/51 omegaPre=10.24 posN=-65/-524/0 susp=-0.1172 springN=931
INFO 2026-07-27 15:24:31.027 joltshadow - docs §78: attdense (player) f=776 joltTilt=2.12 odeTilt=0.08 upDelta=2.11 wBody=(-0.05,0.01,-0.02) |w|=0.05 grounded=2
INFO 2026-07-27 15:24:31.052 joltshadow - docs §70.1: slipdense (player) f=780 w=0 grounded=0 kappa=0.000 fnGround=0 omega=23.26 | ftGround=0N target=23.3 limit=447Nm motorNm=4 tyreNm=0 inertia=2.91 limRot=0/269/0 omegaPre=23.25 posN=-45/39/0 susp=0.0148 springN=-75
INFO 2026-07-27 15:24:31.052 joltshadow - docs §70.1: slipdense (player) f=780 w=1 grounded=0 kappa=0.000 fnGround=0 omega=23.25 | ftGround=0N target=23.3 limit=447Nm motorNm=4 tyreNm=0 inertia=2.91 limRot=0/1015/-1102 omegaPre=23.23 posN=-45/81/0 susp=0.0126 springN=-55
INFO 2026-07-27 15:24:31.052 joltshadow - docs §70.1: slipdense (player) f=780 w=2 grounded=1 kappa=0.056 fnGround=1098 omega=10.58 | ftGround=631N target=23.3 limit=447Nm motorNm=447 tyreNm=-427 inertia=2.91 limRot=0/-15/3 omegaPre=10.45 posN=1/-633/0 susp=-0.1290 springN=974
INFO 2026-07-27 15:24:31.052 joltshadow - docs §70.1: slipdense (player) f=780 w=3 grounded=1 kappa=0.055 fnGround=1055 omega=10.55 | ftGround=621N target=23.3 limit=447Nm motorNm=447 tyreNm=-421 inertia=2.91 limRot=0/-16/3 omegaPre=10.42 posN=1/-580/0 susp=-0.1200 springN=928
INFO 2026-07-27 15:24:31.052 joltshadow - docs §78: attdense (player) f=780 joltTilt=2.16 odeTilt=0.00 upDelta=2.15 wBody=(-0.01,-0.00,-0.03) |w|=0.03 grounded=2
INFO 2026-07-27 15:24:31.052 joltshadow - Shadow divergence (player): pos=1.592m vel=0.489m/s angle=2.2deg (jolt com=[4668.0 259.2 1249.3] ode com=[4667.8 257.7 1248.7])
INFO 2026-07-27 15:24:31.053 joltshadow - docs §23.6: driver input (player) realThrottle=1.00 brake=0.01 handBrake=0 steerRad=0.000
INFO 2026-07-27 15:24:31.053 joltshadow - docs §32: Jolt SHADOW chassis pitch (player) forward=(-0.225, 0.037, -0.974)
INFO 2026-07-27 15:24:31.053 joltshadow - docs §69: tilt (player) jolt=2.2 deg ode=0.0 deg delta=+2.2 deg upDelta=2.15 deg
INFO 2026-07-27 15:24:31.053 joltshadow - docs §32.4: Jolt SHADOW chassis lowest corner (player) = (4670.17,258.93,1252.22) clearanceToGround=0.929
INFO 2026-07-27 15:24:31.053 joltshadow - docs §23.5: wheel state (player) wheel=0 contact=0 suspLen=1.050 (range 0.050-1.050, 0% compressed) angVel=0.00
INFO 2026-07-27 15:24:31.053 joltshadow - docs §38.11: wheel=0 NO contact, worldAxle=(0.974,-0.003,-0.226)
INFO 2026-07-27 15:24:31.053 joltshadow - docs §32: no-contact raycast (player) wheel=0 bodyPos=(4667.81,259.15,1248.69) localMPos=(-1.367,-0.436,2.663) origin=(4668.54,258.81,1245.78) dir=(-0.012,-0.999,-0.036) normalRayLen=1.777 groundFoundAt=0.000 shortfallBeyondTravel=-1.777 hitBody=8391036 hitLayer=4 hitMotion=2 hitIsSelfChassis=0
INFO 2026-07-27 15:24:31.053 joltshadow - docs §23.5: wheel state (player) wheel=1 contact=0 suspLen=1.050 (range 0.050-1.050, 0% compressed) angVel=0.00
INFO 2026-07-27 15:24:31.053 joltshadow - docs §38.11: wheel=1 NO contact, worldAxle=(0.974,-0.003,-0.226)
INFO 2026-07-27 15:24:31.053 joltshadow - docs §32: no-contact raycast (player) wheel=1 bodyPos=(4667.81,259.15,1248.69) localMPos=(1.369,-0.436,2.663) origin=(4665.87,258.82,1246.39) dir=(-0.012,-0.999,-0.036) normalRayLen=1.777 groundFoundAt=0.000 shortfallBeyondTravel=-1.777 hitBody=8391037 hitLayer=4 hitMotion=2 hitIsSelfChassis=0
INFO 2026-07-27 15:24:31.053 joltshadow - docs §23.5: wheel state (player) wheel=2 contact=0 suspLen=1.050 (range 0.050-1.050, 0% compressed) angVel=0.00
INFO 2026-07-27 15:24:31.053 joltshadow - docs §38.11: wheel=2 NO contact, worldAxle=(0.974,-0.003,-0.226)
INFO 2026-07-27 15:24:31.053 joltshadow - docs §32: no-contact raycast (player) wheel=2 bodyPos=(4667.81,259.15,1248.69) localMPos=(-1.367,-0.436,-1.944) origin=(4669.58,258.64,1250.26) dir=(-0.012,-0.999,-0.036) normalRayLen=1.777 groundFoundAt=0.000 shortfallBeyondTravel=-1.777 hitBody=8391038 hitLayer=4 hitMotion=2 hitIsSelfChassis=0
INFO 2026-07-27 15:24:31.053 joltshadow - docs §23.5: wheel state (player) wheel=3 contact=0 suspLen=1.050 (range 0.050-1.050, 0% compressed) angVel=0.00
INFO 2026-07-27 15:24:31.053 joltshadow - docs §38.11: wheel=3 NO contact, worldAxle=(0.974,-0.003,-0.226)
INFO 2026-07-27 15:24:31.053 joltshadow - docs §32: no-contact raycast (player) wheel=3 bodyPos=(4667.81,259.15,1248.69) localMPos=(1.369,-0.436,-1.944) origin=(4666.91,258.65,1250.88) dir=(-0.012,-0.999,-0.036) normalRayLen=1.777 groundFoundAt=0.000 shortfallBeyondTravel=-1.777 hitBody=8391039 hitLayer=4 hitMotion=2 hitIsSelfChassis=0
INFO 2026-07-27 15:24:31.053 joltshadow - docs §59/63: harvest (player) wheelsWithContact=3 contactPoints=7 overflow=0 (of 4) | maxNormalF=1098N bound(k_t*tau)=1229N ratio=0.89
INFO 2026-07-27 15:24:31.054 joltshadow - docs §58: wheel body (player) w=0 springF=-75N stopF=0N travel=0.0148 (limits -0.5000..0.5000 rel spawn) kSusp=6000 sagPredicted=-0.0125 | frameTrav=0.0148..0.0150 frameStopN=0
INFO 2026-07-27 15:24:31.054 joltshadow - docs §66: tyre band (player) w=0 fnGround=0N fnTotal=0N pen=0.00000 penRaw=0.00000 tau=0.01024 pen/tau=0.00 | recs tyre=1 rim=0 survived=0 stale=0 distMax=1.03R
INFO 2026-07-27 15:24:31.054 joltshadow - docs §68: steer (player) w=0 steerable=1 commanded=0.000 rad measured=-0.021 rad err=-1.18 deg steerSign=-1 steerTq=-251Nm cap=1192Nm sat=0.21
INFO 2026-07-27 15:24:31.054 joltshadow - docs §70: slip (player) w=0 grounded=0 kappa=0.000 fnGround=0N omega=23.26
INFO 2026-07-27 15:24:31.054 joltshadow - docs §67: spin (player) w=0 driven=1 omega=23.26 rad/s surfaceSpeed=16.92 m/s spinSign=+1 motorTq=4Nm cmdTq=447Nm
INFO 2026-07-27 15:24:31.054 joltshadow - docs §58: wheel body (player) w=1 springF=-55N stopF=0N travel=0.0126 (limits -0.5000..0.5000 rel spawn) kSusp=6000 sagPredicted=-0.0091 | frameTrav=0.0126..0.0128 frameStopN=0
INFO 2026-07-27 15:24:31.054 joltshadow - docs §66: tyre band (player) w=1 fnGround=0N fnTotal=0N pen=0.00000 penRaw=0.00000 tau=0.01024 pen/tau=0.00 | recs tyre=0 rim=0 survived=0 stale=0 distMax=0.00R
INFO 2026-07-27 15:24:31.054 joltshadow - docs §68: steer (player) w=1 steerable=1 commanded=0.000 rad measured=-0.617 rad err=-35.35 deg steerSign=-1 steerTq=-1192Nm cap=1192Nm sat=1.00
INFO 2026-07-27 15:24:31.054 joltshadow - docs §70: slip (player) w=1 grounded=0 kappa=0.000 fnGround=0N omega=23.25
INFO 2026-07-27 15:24:31.054 joltshadow - docs §67: spin (player) w=1 driven=1 omega=23.25 rad/s surfaceSpeed=16.91 m/s spinSign=+1 motorTq=4Nm cmdTq=447Nm
INFO 2026-07-27 15:24:31.054 joltshadow - docs §58: wheel body (player) w=2 springF=974N stopF=0N travel=-0.1290 (limits -0.5000..0.5000 rel spawn) kSusp=7500 sagPredicted=0.1298 | frameTrav=-0.1290..-0.1290 frameStopN=0
INFO 2026-07-27 15:24:31.054 joltshadow - docs §66: tyre band (player) w=2 fnGround=1098N fnTotal=1102N pen=0.00926 penRaw=0.00926 tau=0.01024 pen/tau=0.90 | recs tyre=1 rim=1 survived=1 stale=0 distMax=0.99R
INFO 2026-07-27 15:24:31.054 joltshadow - docs §68: steer (player) w=2 steerable=0 commanded=0.000 rad measured=0.000 rad err=0.00 deg steerSign=-1 steerTq=0Nm cap=340282346638528859811704183484516925440Nm sat=0.00
INFO 2026-07-27 15:24:31.054 joltshadow - docs §70: slip (player) w=2 grounded=1 kappa=0.056 fnGround=1098N omega=10.58
INFO 2026-07-27 15:24:31.054 joltshadow - docs §67: spin (player) w=2 driven=1 omega=10.58 rad/s surfaceSpeed=7.69 m/s spinSign=+1 motorTq=447Nm cmdTq=447Nm
INFO 2026-07-27 15:24:31.054 joltshadow - docs §58: wheel body (player) w=3 springF=928N stopF=0N travel=-0.1200 (limits -0.5000..0.5000 rel spawn) kSusp=7500 sagPredicted=0.1238 | frameTrav=-0.1200..-0.1197 frameStopN=0
INFO 2026-07-27 15:24:31.054 joltshadow - docs §66: tyre band (player) w=3 fnGround=1055N fnTotal=1059N pen=0.00880 penRaw=0.00880 tau=0.01024 pen/tau=0.86 | recs tyre=2 rim=2 survived=2 stale=0 distMax=0.99R
INFO 2026-07-27 15:24:31.054 joltshadow - docs §68: steer (player) w=3 steerable=0 commanded=0.000 rad measured=0.000 rad err=0.00 deg steerSign=-1 steerTq=0Nm cap=340282346638528859811704183484516925440Nm sat=0.00
INFO 2026-07-27 15:24:31.054 joltshadow - docs §70: slip (player) w=3 grounded=1 kappa=0.055 fnGround=1055N omega=10.55
INFO 2026-07-27 15:24:31.054 joltshadow - docs §67: spin (player) w=3 driven=1 omega=10.55 rad/s surfaceSpeed=7.68 m/s spinSign=+1 motorTq=447Nm cmdTq=447Nm
INFO 2026-07-27 15:24:31.054 joltshadow - docs §67: drivetrain (player) gear=1 rpm=4341 driveTorque=1800Nm perWheel=450Nm driven=4 throttle=1.00 spin=1 | PRE-STEP brake=0.01 handBrake=0
INFO 2026-07-27 15:24:31.054 joltshadow - docs §66: tyre band SUM (player) fnGroundSum=2154N fnTotalSum=2161N weight=1638N carried=1.32 | penSum=0.01807 recs tyre=4 rim=3 stale=0
INFO 2026-07-27 15:24:31.054 joltshadow - docs §30: REAL ODE chassis COM (player) body=53396828 = (4667.817, 257.738, 1248.706) forward=(-0.222, 0.000, -0.975)
INFO 2026-07-27 15:24:31.054 joltshadow - docs §33: real ODE chassis geom (player) #1 = class 0 (not a transform) pos=(4667.817,257.738,1248.706) radius=4.000
INFO 2026-07-27 15:24:31.055 joltshadow - docs §33: real ODE chassis geom (player) #2 = transform, inner class=1 pos=(0.000,3.010,-1.827)
INFO 2026-07-27 15:24:31.055 joltshadow - docs §33: real ODE chassis geom (player) #3 = transform, inner class=1 pos=(0.013,2.455,4.253)
INFO 2026-07-27 15:24:31.055 joltshadow - docs §33: real ODE chassis geom (player) #4 = transform, inner class=1 pos=(0.000,2.778,2.038)
INFO 2026-07-27 15:24:31.055 joltshadow - docs §33: real ODE chassis geom (player) #5 = transform, inner class=1 pos=(0.000,1.675,0.000)
INFO 2026-07-27 15:24:31.055 joltshadow - docs §33: real ODE chassis geom (player) #6 = class 0 (not a transform) pos=(4667.817,257.738,1248.706) radius=30.000
INFO 2026-07-27 15:24:31.055 joltshadow - docs §33: real ODE chassis geom (player) #7 = class 0 (not a transform) pos=(4667.817,257.738,1248.706) radius=8.161
INFO 2026-07-27 15:24:31.055 joltshadow - docs §33: real ODE chassis geom (player) #8 = class 0 (not a transform) pos=(4667.817,257.738,1248.706) radius=200.000
INFO 2026-07-27 15:24:31.055 joltshadow - docs §33: real ODE chassis (player) has 8 total geom(s) directly attached (4 transform(s)) - compare against BuildChassisCompoundShape's own part/geom count in the build log
INFO 2026-07-27 15:24:31.055 joltshadow - docs §28: REAL ODE wheel state (player) wheel=0 displacement=0.0186 range=1.000 (2% compressed, signed) foreAft=2.663 localZ=2.663 cfm=0.002500 erp=0.2500
INFO 2026-07-27 15:24:31.055 joltshadow - docs §28: REAL ODE wheel state (player) wheel=1 displacement=0.0210 range=1.000 (2% compressed, signed) foreAft=2.663 localZ=2.663 cfm=0.002500 erp=0.2500
INFO 2026-07-27 15:24:31.055 joltshadow - docs §28: REAL ODE wheel state (player) wheel=2 displacement=0.0157 range=1.000 (2% compressed, signed) foreAft=-1.944 localZ=-1.944 cfm=0.002000 erp=0.2500
INFO 2026-07-27 15:24:31.055 joltshadow - docs §28: REAL ODE wheel state (player) wheel=3 displacement=0.0264 range=1.000 (3% compressed, signed) foreAft=-1.944 localZ=-1.944 cfm=0.002000 erp=0.2500
INFO 2026-07-27 15:24:31.096 joltshadow - docs §70.1: slipdense (player) f=784 w=0 grounded=0 kappa=0.000 fnGround=0 omega=23.31 | ftGround=0N target=23.3 limit=447Nm motorNm=4 tyreNm=0 inertia=2.91 limRot=0/-175/0 omegaPre=23.29 posN=26/74/0 susp=0.0129 springN=-65
INFO 2026-07-27 15:24:31.096 joltshadow - docs §70.1: slipdense (player) f=784 w=1 grounded=0 kappa=0.000 fnGround=0 omega=23.29 | ftGround=0N target=23.3 limit=447Nm motorNm=25 tyreNm=0 inertia=2.91 limRot=0/-271/0 omegaPre=23.25 posN=26/48/0 susp=0.0114 springN=-70
INFO 2026-07-27 15:24:31.097 joltshadow - docs §70.1: slipdense (player) f=784 w=2 grounded=1 kappa=0.056 fnGround=1064 omega=10.89 | ftGround=624N target=23.3 limit=447Nm motorNm=447 tyreNm=-421 inertia=2.91 limRot=0/41/3 omegaPre=10.80 posN=34/-589/0 susp=-0.1276 springN=933
INFO 2026-07-27 15:24:31.097 joltshadow - docs §70.1: slipdense (player) f=784 w=3 grounded=1 kappa=0.057 fnGround=1024 omega=10.94 | ftGround=637N target=23.3 limit=447Nm motorNm=447 tyreNm=-431 inertia=2.91 limRot=0/40/3 omegaPre=10.87 posN=34/-627/0 susp=-0.1208 springN=894
INFO 2026-07-27 15:24:31.097 joltshadow - docs §78: attdense (player) f=784 joltTilt=2.12 odeTilt=0.12 upDelta=2.06 wBody=(0.03,-0.01,-0.01) |w|=0.04 grounded=2
INFO 2026-07-27 15:24:31.130 joltshadow - docs §70.1: slipdense (player) f=788 w=0 grounded=0 kappa=0.000 fnGround=0 omega=23.34 | ftGround=0N target=23.3 limit=447Nm motorNm=3 tyreNm=0 inertia=2.91 limRot=0/3/0 omegaPre=23.33 posN=3/61/0 susp=0.0118 springN=-63
INFO 2026-07-27 15:24:31.130 joltshadow - docs §70.1: slipdense (player) f=788 w=1 grounded=0 kappa=0.000 fnGround=0 omega=23.34 | ftGround=0N target=23.3 limit=447Nm motorNm=3 tyreNm=0 inertia=2.91 limRot=0/140/0 omegaPre=23.33 posN=3/58/0 susp=0.0116 springN=-71
INFO 2026-07-27 15:24:31.130 joltshadow - docs §70.1: slipdense (player) f=788 w=2 grounded=1 kappa=0.040 fnGround=1020 omega=11.01 | ftGround=620N target=23.3 limit=447Nm motorNm=447 tyreNm=-426 inertia=2.91 limRot=0/-6/0 omegaPre=11.08 posN=-11/-595/0 susp=-0.1244 springN=891
INFO 2026-07-27 15:24:31.130 joltshadow - docs §70.1: slipdense (player) f=788 w=3 grounded=1 kappa=0.040 fnGround=980 omega=10.99 | ftGround=620N target=23.3 limit=447Nm motorNm=447 tyreNm=-427 inertia=2.91 limRot=0/-6/0 omegaPre=11.07 posN=-11/-596/0 susp=-0.1186 springN=853
INFO 2026-07-27 15:24:31.130 joltshadow - docs §78: attdense (player) f=788 joltTilt=2.01 odeTilt=0.19 upDelta=1.90 wBody=(0.07,0.00,-0.01) |w|=0.07 grounded=2
INFO 2026-07-27 15:24:31.154 joltshadow - docs §70.1: slipdense (player) f=792 w=0 grounded=0 kappa=0.000 fnGround=0 omega=23.37 | ftGround=0N target=23.3 limit=447Nm motorNm=3 tyreNm=0 inertia=2.91 limRot=0/-0/0 omegaPre=23.36 posN=0/59/0 susp=0.0113 springN=-63
INFO 2026-07-27 15:24:31.154 joltshadow - docs §70.1: slipdense (player) f=792 w=1 grounded=0 kappa=0.000 fnGround=0 omega=23.37 | ftGround=0N target=23.3 limit=447Nm motorNm=3 tyreNm=0 inertia=2.91 limRot=0/142/0 omegaPre=23.36 posN=0/60/0 susp=0.0114 springN=-68
INFO 2026-07-27 15:24:31.155 joltshadow - docs §70.1: slipdense (player) f=792 w=2 grounded=1 kappa=0.044 fnGround=981 omega=11.24 | ftGround=622N target=23.3 limit=447Nm motorNm=447 tyreNm=-425 inertia=2.91 limRot=0/-6/1 omegaPre=11.12 posN=-9/-595/0 susp=-0.1212 springN=855
INFO 2026-07-27 15:24:31.155 joltshadow - docs §70.1: slipdense (player) f=792 w=3 grounded=1 kappa=0.044 fnGround=948 omega=11.22 | ftGround=621N target=23.3 limit=447Nm motorNm=447 tyreNm=-425 inertia=2.91 limRot=0/-6/1 omegaPre=11.10 posN=-9/-592/0 susp=-0.1159 springN=823
INFO 2026-07-27 15:24:31.155 joltshadow - docs §78: attdense (player) f=792 joltTilt=1.88 odeTilt=0.21 upDelta=1.76 wBody=(0.10,0.00,-0.01) |w|=0.10 grounded=2
INFO 2026-07-27 15:24:31.178 joltshadow - docs §70.1: slipdense (player) f=796 w=0 grounded=0 kappa=0.000 fnGround=0 omega=23.39 | ftGround=0N target=23.3 limit=447Nm motorNm=3 tyreNm=0 inertia=2.91 limRot=0/-0/0 omegaPre=23.39 posN=-1/59/0 susp=0.0111 springN=-64
INFO 2026-07-27 15:24:31.178 joltshadow - docs §70.1: slipdense (player) f=796 w=1 grounded=0 kappa=0.000 fnGround=0 omega=23.39 | ftGround=0N target=23.3 limit=447Nm motorNm=3 tyreNm=0 inertia=2.91 limRot=0/72/0 omegaPre=23.39 posN=-1/60/0 susp=0.0112 springN=-65
INFO 2026-07-27 15:24:31.178 joltshadow - docs §70.1: slipdense (player) f=796 w=2 grounded=1 kappa=0.043 fnGround=945 omega=11.40 | ftGround=624N target=23.3 limit=447Nm motorNm=447 tyreNm=-427 inertia=2.91 limRot=0/-3/1 omegaPre=11.36 posN=-5/-593/0 susp=-0.1176 springN=823
INFO 2026-07-27 15:24:31.178 joltshadow - docs §70.1: slipdense (player) f=796 w=3 grounded=1 kappa=0.043 fnGround=920 omega=11.39 | ftGround=621N target=23.3 limit=447Nm motorNm=447 tyreNm=-426 inertia=2.91 limRot=0/-3/1 omegaPre=11.34 posN=-5/-589/0 susp=-0.1130 springN=796
INFO 2026-07-27 15:24:31.179 joltshadow - docs §78: attdense (player) f=796 joltTilt=1.74 odeTilt=0.19 upDelta=1.61 wBody=(0.12,0.00,-0.01) |w|=0.12 grounded=2
INFO 2026-07-27 15:24:31.205 joltshadow - docs §70.1: slipdense (player) f=800 w=0 grounded=1 kappa=0.986 fnGround=326 omega=22.11 | ftGround=651N target=23.3 limit=447Nm motorNm=447 tyreNm=-464 inertia=2.91 limRot=0/29/0 omegaPre=22.23 posN=55/-497/0 susp=0.0056 springN=95
INFO 2026-07-27 15:24:31.206 joltshadow - docs §70.1: slipdense (player) f=800 w=1 grounded=1 kappa=1.053 fnGround=654 omega=22.32 | ftGround=1272N target=23.3 limit=447Nm motorNm=447 tyreNm=-907 inertia=2.91 limRot=0/-212/0 omegaPre=23.40 posN=-318/-1116/0 susp=0.0101 springN=16
INFO 2026-07-27 15:24:31.206 joltshadow - docs §70.1: slipdense (player) f=800 w=2 grounded=1 kappa=0.038 fnGround=909 omega=11.73 | ftGround=565N target=23.3 limit=447Nm motorNm=447 tyreNm=-385 inertia=2.91 limRot=0/-21/-1 omegaPre=11.70 posN=-9/-429/0 susp=-0.1132 springN=791
INFO 2026-07-27 15:24:31.206 joltshadow - docs §70.1: slipdense (player) f=800 w=3 grounded=1 kappa=0.038 fnGround=890 omega=11.68 | ftGround=560N target=23.3 limit=447Nm motorNm=447 tyreNm=-382 inertia=2.91 limRot=0/-21/-0 omegaPre=11.66 posN=-8/-420/0 susp=-0.1093 springN=771
INFO 2026-07-27 15:24:31.206 joltshadow - docs §78: attdense (player) f=800 joltTilt=1.54 odeTilt=0.17 upDelta=1.43 wBody=(0.12,0.01,-0.01) |w|=0.12 grounded=4
INFO 2026-07-27 15:24:31.235 joltshadow - docs §70.1: slipdense (player) f=804 w=0 grounded=1 kappa=1.007 fnGround=216 omega=23.36 | ftGround=428N target=23.3 limit=447Nm motorNm=321 tyreNm=-323 inertia=2.91 limRot=0/40/0 omegaPre=23.14 posN=82/-327/0 susp=-0.0053 springN=117
INFO 2026-07-27 15:24:31.235 joltshadow - docs §70.1: slipdense (player) f=804 w=1 grounded=1 kappa=0.996 fnGround=166 omega=23.11 | ftGround=266N target=23.3 limit=447Nm motorNm=447 tyreNm=-189 inertia=2.91 limRot=0/-353/0 omegaPre=22.41 posN=-205/-152/0 susp=-0.0015 springN=102
INFO 2026-07-27 15:24:31.235 joltshadow - docs §70.1: slipdense (player) f=804 w=2 grounded=1 kappa=0.034 fnGround=885 omega=12.14 | ftGround=595N target=23.3 limit=447Nm motorNm=447 tyreNm=-409 inertia=2.91 limRot=0/22/1 omegaPre=12.03 posN=30/-512/0 susp=-0.1089 springN=767
INFO 2026-07-27 15:24:31.235 joltshadow - docs §70.1: slipdense (player) f=804 w=3 grounded=1 kappa=0.035 fnGround=858 omega=12.06 | ftGround=601N target=23.3 limit=447Nm motorNm=447 tyreNm=-415 inertia=2.91 limRot=0/21/1 omegaPre=11.97 posN=29/-529/0 susp=-0.1053 springN=739
INFO 2026-07-27 15:24:31.235 joltshadow - docs §78: attdense (player) f=804 joltTilt=1.36 odeTilt=0.12 upDelta=1.26 wBody=(0.09,0.02,0.00) |w|=0.09 grounded=4
INFO 2026-07-27 15:24:31.265 joltshadow - docs §82: resync (player) #13 dt=0.50s upMax=2.146 deg posMax=0.155 m odeTiltPath=1.220 deg gain=1.7596
INFO 2026-07-27 15:24:31.266 joltshadow - docs §87: resync landing (player) w=0 pre=-0.0021 post=0.0172 m R=0.727 dY=-0.0097 dRotDeg=1.12 |corr|=0.1549 m
INFO 2026-07-27 15:24:31.266 joltshadow - docs §87: resync landing (player) w=1 pre=-0.0018 post=-0.0040 m R=0.727 dY=-0.0097 dRotDeg=1.12 |corr|=0.1549 m
INFO 2026-07-27 15:24:31.266 joltshadow - docs §87: resync landing (player) w=2 pre=-0.0073 post=-0.0095 m R=0.727 dY=-0.0097 dRotDeg=1.12 |corr|=0.1549 m
INFO 2026-07-27 15:24:31.266 joltshadow - docs §87: resync landing (player) w=3 pre=-0.0069 post=-0.0027 m R=0.727 dY=-0.0097 dRotDeg=1.12 |corr|=0.1549 m
INFO 2026-07-27 15:24:31.266 joltshadow - docs §82: resync RESIDUAL (player) #13 pos=0.0000 m up=0.0000 deg
INFO 2026-07-27 15:24:31.278 joltshadow - docs §70.1: slipdense (player) f=808 w=0 grounded=0 kappa=0.000 fnGround=0 omega=23.22 | ftGround=0N target=23.3 limit=447Nm motorNm=-5 tyreNm=0 inertia=2.91 limRot=0/-46/0 omegaPre=23.31 posN=111/105/0 susp=-0.0846 springN=335
INFO 2026-07-27 15:24:31.278 joltshadow - docs §70.1: slipdense (player) f=808 w=1 grounded=1 kappa=0.923 fnGround=509 omega=23.10 | ftGround=723N target=23.3 limit=447Nm motorNm=447 tyreNm=-507 inertia=2.91 limRot=0/-1698/0 omegaPre=23.30 posN=-850/-265/0 susp=-0.0684 springN=373
INFO 2026-07-27 15:24:31.278 joltshadow - docs §70.1: slipdense (player) f=808 w=2 grounded=1 kappa=0.043 fnGround=736 omega=14.22 | ftGround=630N target=23.3 limit=447Nm motorNm=447 tyreNm=-427 inertia=2.91 limRot=0/-55/-4 omegaPre=12.60 posN=-33/-529/0 susp=-0.0748 springN=636
INFO 2026-07-27 15:24:31.278 joltshadow - docs §70.1: slipdense (player) f=808 w=3 grounded=1 kappa=0.041 fnGround=778 omega=14.13 | ftGround=600N target=23.3 limit=447Nm motorNm=447 tyreNm=-407 inertia=2.91 limRot=0/-59/-5 omegaPre=12.47 posN=-38/-537/0 susp=-0.0803 springN=575
INFO 2026-07-27 15:24:31.278 joltshadow - docs §78: attdense (player) f=808 joltTilt=0.18 odeTilt=0.17 upDelta=0.00 wBody=(-0.05,0.01,-0.04) |w|=0.07 grounded=3
INFO 2026-07-27 15:24:31.313 joltshadow - docs §70.1: slipdense (player) f=812 w=0 grounded=1 kappa=0.458 fnGround=743 omega=20.19 | ftGround=1131N target=23.3 limit=447Nm motorNm=447 tyreNm=-798 inertia=2.91 limRot=0/-2604/0 omegaPre=21.55 posN=-901/-738/0 susp=-0.0544 springN=231
INFO 2026-07-27 15:24:31.313 joltshadow - docs §70.1: slipdense (player) f=812 w=1 grounded=1 kappa=0.949 fnGround=349 omega=23.16 | ftGround=495N target=23.3 limit=447Nm motorNm=343 tyreNm=-352 inertia=2.91 limRot=0/-1355/0 omegaPre=23.08 posN=-427/-90/0 susp=-0.0591 springN=236
INFO 2026-07-27 15:24:31.313 joltshadow - docs §70.1: slipdense (player) f=812 w=2 grounded=1 kappa=0.033 fnGround=756 omega=14.80 | ftGround=546N target=23.3 limit=447Nm motorNm=447 tyreNm=-374 inertia=2.91 limRot=0/111/-4 omegaPre=14.59 posN=161/-358/0 susp=-0.0793 springN=650
INFO 2026-07-27 15:24:31.313 joltshadow - docs §70.1: slipdense (player) f=812 w=3 grounded=1 kappa=0.039 fnGround=738 omega=14.37 | ftGround=617N target=23.3 limit=447Nm motorNm=447 tyreNm=-426 inertia=2.91 limRot=0/111/-4 omegaPre=14.30 posN=162/-578/0 susp=-0.0818 springN=628
INFO 2026-07-27 15:24:31.313 joltshadow - docs §78: attdense (player) f=812 joltTilt=0.33 odeTilt=0.22 upDelta=0.15 wBody=(-0.10,0.13,0.06) |w|=0.18 grounded=4
INFO 2026-07-27 15:24:31.338 joltshadow - docs §70.1: slipdense (player) f=816 w=0 grounded=1 kappa=0.612 fnGround=261 omega=20.44 | ftGround=369N target=23.3 limit=447Nm motorNm=447 tyreNm=-261 inertia=2.91 limRot=0/-2016/0 omegaPre=20.11 posN=-370/15/0 susp=-0.0487 springN=210
INFO 2026-07-27 15:24:31.338 joltshadow - docs §70.1: slipdense (player) f=816 w=1 grounded=1 kappa=0.695 fnGround=223 omega=23.09 | ftGround=319N target=23.3 limit=447Nm motorNm=241 tyreNm=-226 inertia=2.91 limRot=0/-319/0 omegaPre=23.11 posN=-268/-153/0 susp=-0.0468 springN=115
INFO 2026-07-27 15:24:31.339 joltshadow - docs §70.1: slipdense (player) f=816 w=2 grounded=1 kappa=0.032 fnGround=833 omega=15.27 | ftGround=588N target=23.3 limit=447Nm motorNm=447 tyreNm=-397 inertia=2.91 limRot=0/85/-2 omegaPre=15.17 posN=111/-471/0 susp=-0.0844 springN=720
INFO 2026-07-27 15:24:31.339 joltshadow - docs §70.1: slipdense (player) f=816 w=3 grounded=1 kappa=0.041 fnGround=726 omega=14.50 | ftGround=629N target=23.3 limit=447Nm motorNm=447 tyreNm=-433 inertia=2.91 limRot=0/79/-2 omegaPre=14.47 posN=102/-602/0 susp=-0.0822 springN=617
INFO 2026-07-27 15:24:31.339 joltshadow - docs §78: attdense (player) f=816 joltTilt=0.49 odeTilt=0.19 upDelta=0.44 wBody=(-0.13,0.22,0.10) |w|=0.27 grounded=4
INFO 2026-07-27 15:24:31.361 joltshadow - docs §70.1: slipdense (player) f=820 w=0 grounded=1 kappa=0.621 fnGround=241 omega=21.95 | ftGround=341N target=23.3 limit=447Nm motorNm=447 tyreNm=-241 inertia=2.91 limRot=0/-1228/0 omegaPre=21.53 posN=-435/-12/0 susp=-0.0409 springN=134
INFO 2026-07-27 15:24:31.361 joltshadow - docs §70.1: slipdense (player) f=820 w=1 grounded=1 kappa=0.647 fnGround=122 omega=23.12 | ftGround=219N target=23.3 limit=447Nm motorNm=161 tyreNm=-155 inertia=2.91 limRot=0/306/0 omegaPre=23.11 posN=131/-158/0 susp=-0.0333 springN=16
INFO 2026-07-27 15:24:31.361 joltshadow - docs §70.1: slipdense (player) f=820 w=2 grounded=1 kappa=0.031 fnGround=885 omega=15.59 | ftGround=610N target=23.3 limit=447Nm motorNm=447 tyreNm=-412 inertia=2.91 limRot=0/-11/-2 omegaPre=15.52 posN=3/-534/0 susp=-0.0901 springN=772
INFO 2026-07-27 15:24:31.361 joltshadow - docs §70.1: slipdense (player) f=820 w=3 grounded=1 kappa=0.038 fnGround=738 omega=14.63 | ftGround=610N target=23.3 limit=447Nm motorNm=447 tyreNm=-419 inertia=2.91 limRot=0/-8/-2 omegaPre=14.57 posN=4/-549/0 susp=-0.0826 springN=628
INFO 2026-07-27 15:24:31.361 joltshadow - docs §78: attdense (player) f=820 joltTilt=0.70 odeTilt=0.15 upDelta=0.71 wBody=(-0.14,0.27,0.09) |w|=0.32 grounded=4
INFO 2026-07-27 15:24:31.384 joltshadow - docs §70.1: slipdense (player) f=824 w=0 grounded=1 kappa=0.538 fnGround=187 omega=23.08 | ftGround=268N target=23.3 limit=447Nm motorNm=207 tyreNm=-189 inertia=2.91 limRot=0/-360/0 omegaPre=23.09 posN=-277/-70/0 susp=-0.0320 springN=77
INFO 2026-07-27 15:24:31.384 joltshadow - docs §70.1: slipdense (player) f=824 w=1 grounded=1 kappa=0.634 fnGround=43 omega=23.12 | ftGround=66N target=23.3 limit=447Nm motorNm=47 tyreNm=-47 inertia=2.91 limRot=0/1/0 omegaPre=23.12 posN=117/-14/0 susp=-0.0194 springN=-64
INFO 2026-07-27 15:24:31.384 joltshadow - docs §70.1: slipdense (player) f=824 w=2 grounded=1 kappa=0.030 fnGround=938 omega=15.85 | ftGround=608N target=23.3 limit=447Nm motorNm=447 tyreNm=-408 inertia=2.91 limRot=0/-103/-8 omegaPre=15.77 posN=-130/-534/0 susp=-0.0961 springN=823
INFO 2026-07-27 15:24:31.384 joltshadow - docs §70.1: slipdense (player) f=824 w=3 grounded=1 kappa=0.037 fnGround=763 omega=14.79 | ftGround=618N target=23.3 limit=447Nm motorNm=447 tyreNm=-428 inertia=2.91 limRot=0/-85/-5 omegaPre=14.76 posN=-108/-576/0 susp=-0.0836 springN=649
INFO 2026-07-27 15:24:31.384 joltshadow - docs §78: attdense (player) f=824 joltTilt=0.92 odeTilt=0.06 upDelta=0.95 wBody=(-0.15,0.29,0.09) |w|=0.34 grounded=4
INFO 2026-07-27 15:24:31.417 joltshadow - docs §70.1: slipdense (player) f=828 w=0 grounded=1 kappa=0.493 fnGround=127 omega=23.13 | ftGround=210N target=23.3 limit=447Nm motorNm=152 tyreNm=-149 inertia=2.91 limRot=0/152/0 omegaPre=23.12 posN=123/-161/0 susp=-0.0199 springN=15
INFO 2026-07-27 15:24:31.417 joltshadow - docs §70.1: slipdense (player) f=828 w=1 grounded=0 kappa=0.000 fnGround=0 omega=23.13 | ftGround=0N target=23.3 limit=447Nm motorNm=2 tyreNm=0 inertia=2.91 limRot=0/-39/0 omegaPre=23.13 posN=-16/81/0 susp=-0.0021 springN=-132
INFO 2026-07-27 15:24:31.417 joltshadow - docs §70.1: slipdense (player) f=828 w=2 grounded=1 kappa=0.035 fnGround=995 omega=16.19 | ftGround=638N target=23.3 limit=447Nm motorNm=447 tyreNm=-424 inertia=2.91 limRot=0/-163/-9 omegaPre=16.02 posN=-197/-602/0 susp=-0.1045 springN=881
INFO 2026-07-27 15:24:31.417 joltshadow - docs §70.1: slipdense (player) f=828 w=3 grounded=1 kappa=0.036 fnGround=796 omega=15.11 | ftGround=611N target=23.3 limit=447Nm motorNm=447 tyreNm=-416 inertia=2.91 limRot=0/-137/-6 omegaPre=15.00 posN=-162/-547/0 susp=-0.0863 springN=684
INFO 2026-07-27 15:24:31.417 joltshadow - docs §78: attdense (player) f=828 joltTilt=1.21 odeTilt=0.09 upDelta=1.23 wBody=(-0.14,0.27,0.07) |w|=0.31 grounded=3
INFO 2026-07-27 15:24:31.450 joltshadow - docs §70.1: slipdense (player) f=832 w=0 grounded=1 kappa=0.554 fnGround=92 omega=24.50 | ftGround=147N target=38.8 limit=268Nm motorNm=268 tyreNm=-105 inertia=2.91 limRot=0/57/0 omegaPre=24.05 posN=109/-121/0 susp=-0.0097 springN=-14
INFO 2026-07-27 15:24:31.450 joltshadow - docs §70.1: slipdense (player) f=832 w=1 grounded=0 kappa=0.000 fnGround=0 omega=25.45 | ftGround=0N target=38.8 limit=268Nm motorNm=268 tyreNm=0 inertia=2.91 limRot=0/-16/0 omegaPre=24.71 posN=-4/49/0 susp=0.0099 springN=-136
INFO 2026-07-27 15:24:31.450 joltshadow - docs §70.1: slipdense (player) f=832 w=2 grounded=1 kappa=0.017 fnGround=1049 omega=16.10 | ftGround=397N target=38.8 limit=268Nm motorNm=268 tyreNm=-256 inertia=2.91 limRot=0/-193/-11 omegaPre=16.16 posN=-238/-393/0 susp=-0.1129 springN=939
INFO 2026-07-27 15:24:31.450 joltshadow - docs §70.1: slipdense (player) f=832 w=3 grounded=1 kappa=0.021 fnGround=822 omega=15.17 | ftGround=379N target=38.8 limit=268Nm motorNm=268 tyreNm=-252 inertia=2.91 limRot=0/-159/-8 omegaPre=15.15 posN=-190/-348/0 susp=-0.0899 springN=711
INFO 2026-07-27 15:24:31.450 joltshadow - docs §78: attdense (player) f=832 joltTilt=1.47 odeTilt=0.15 upDelta=1.46 wBody=(-0.11,0.24,0.06) |w|=0.27 grounded=3
INFO 2026-07-27 15:24:31.477 joltshadow - docs §70.1: slipdense (player) f=836 w=0 grounded=1 kappa=0.640 fnGround=91 omega=26.02 | ftGround=148N target=38.8 limit=268Nm motorNm=268 tyreNm=-106 inertia=2.91 limRot=0/68/0 omegaPre=25.68 posN=105/-121/0 susp=-0.0044 springN=-18
INFO 2026-07-27 15:24:31.478 joltshadow - docs §70.1: slipdense (player) f=836 w=1 grounded=0 kappa=0.000 fnGround=0 omega=27.94 | ftGround=0N target=38.8 limit=268Nm motorNm=268 tyreNm=0 inertia=2.91 limRot=0/-6/0 omegaPre=27.38 posN=-3/50/0 susp=0.0142 springN=-117
INFO 2026-07-27 15:24:31.478 joltshadow - docs §70.1: slipdense (player) f=836 w=2 grounded=1 kappa=0.019 fnGround=1087 omega=16.25 | ftGround=405N target=38.8 limit=268Nm motorNm=268 tyreNm=-256 inertia=2.91 limRot=0/-197/-12 omegaPre=16.23 posN=-246/-404/0 susp=-0.1192 springN=978
INFO 2026-07-27 15:24:31.478 joltshadow - docs §70.1: slipdense (player) f=836 w=3 grounded=1 kappa=0.020 fnGround=833 omega=15.34 | ftGround=380N target=38.8 limit=268Nm motorNm=268 tyreNm=-249 inertia=2.91 limRot=0/-157/-9 omegaPre=15.30 posN=-189/-352/0 susp=-0.0925 springN=723
INFO 2026-07-27 15:24:31.478 joltshadow - docs §78: attdense (player) f=836 joltTilt=1.64 odeTilt=0.15 upDelta=1.59 wBody=(-0.08,0.23,0.06) |w|=0.25 grounded=3
INFO 2026-07-27 15:24:31.500 joltshadow - docs §70.1: slipdense (player) f=840 w=0 grounded=1 kappa=0.711 fnGround=93 omega=27.30 | ftGround=155N target=38.8 limit=268Nm motorNm=268 tyreNm=-110 inertia=2.91 limRot=0/71/0 omegaPre=26.97 posN=103/-128/0 susp=-0.0018 springN=-14
INFO 2026-07-27 15:24:31.500 joltshadow - docs §70.1: slipdense (player) f=840 w=1 grounded=0 kappa=0.000 fnGround=0 omega=30.06 | ftGround=0N target=38.8 limit=268Nm motorNm=268 tyreNm=0 inertia=2.91 limRot=0/11/0 omegaPre=29.50 posN=-2/50/0 susp=0.0154 springN=-101
INFO 2026-07-27 15:24:31.500 joltshadow - docs §70.1: slipdense (player) f=840 w=2 grounded=1 kappa=0.019 fnGround=1114 omega=16.35 | ftGround=398N target=38.8 limit=268Nm motorNm=268 tyreNm=-250 inertia=2.91 limRot=0/-195/-12 omegaPre=16.27 posN=-245/-399/0 susp=-0.1238 springN=1003
INFO 2026-07-27 15:24:31.500 joltshadow - docs §70.1: slipdense (player) f=840 w=3 grounded=1 kappa=0.020 fnGround=836 omega=15.49 | ftGround=375N target=38.8 limit=268Nm motorNm=268 tyreNm=-246 inertia=2.91 limRot=0/-151/-9 omegaPre=15.45 posN=-183/-350/0 susp=-0.0942 springN=727
INFO 2026-07-27 15:24:31.500 joltshadow - docs §78: attdense (player) f=840 joltTilt=1.75 odeTilt=0.13 upDelta=1.68 wBody=(-0.06,0.21,0.06) |w|=0.23 grounded=3
INFO 2026-07-27 15:24:31.500 joltshadow - Shadow divergence (player): pos=1.657m vel=1.227m/s angle=3.2deg (jolt com=[4666.9 259.2 1245.1] ode com=[4666.8 257.7 1244.4])
INFO 2026-07-27 15:24:31.500 joltshadow - docs §23.6: driver input (player) realThrottle=1.00 brake=0.01 handBrake=0 steerRad=0.000
INFO 2026-07-27 15:24:31.501 joltshadow - docs §32: Jolt SHADOW chassis pitch (player) forward=(-0.269, 0.028, -0.963)
INFO 2026-07-27 15:24:31.501 joltshadow - docs §69: tilt (player) jolt=1.7 deg ode=0.1 deg delta=+1.6 deg upDelta=1.68 deg
INFO 2026-07-27 15:24:31.501 joltshadow - docs §32.4: Jolt SHADOW chassis lowest corner (player) = (4669.24,258.95,1247.93) clearanceToGround=0.952
INFO 2026-07-27 15:24:31.501 joltshadow - docs §23.5: wheel state (player) wheel=0 contact=0 suspLen=1.050 (range 0.050-1.050, 0% compressed) angVel=0.00
INFO 2026-07-27 15:24:31.501 joltshadow - docs §38.11: wheel=0 NO contact, worldAxle=(0.963,-0.011,-0.269)
INFO 2026-07-27 15:24:31.501 joltshadow - docs §32: no-contact raycast (player) wheel=0 bodyPos=(4666.73,259.15,1244.52) localMPos=(-1.367,-0.436,2.663) origin=(4667.32,258.77,1241.57) dir=(-0.019,-1.000,-0.024) normalRayLen=1.777 groundFoundAt=0.000 shortfallBeyondTravel=-1.777 hitBody=8391036 hitLayer=4 hitMotion=2 hitIsSelfChassis=0
INFO 2026-07-27 15:24:31.501 joltshadow - docs §23.5: wheel state (player) wheel=1 contact=0 suspLen=1.050 (range 0.050-1.050, 0% compressed) angVel=0.00
INFO 2026-07-27 15:24:31.501 joltshadow - docs §38.11: wheel=1 NO contact, worldAxle=(0.963,-0.011,-0.269)
INFO 2026-07-27 15:24:31.501 joltshadow - docs §32: no-contact raycast (player) wheel=1 bodyPos=(4666.73,259.15,1244.52) localMPos=(1.369,-0.436,2.663) origin=(4664.69,258.81,1242.31) dir=(-0.019,-1.000,-0.024) normalRayLen=1.777 groundFoundAt=0.000 shortfallBeyondTravel=-1.777 hitBody=8391037 hitLayer=4 hitMotion=2 hitIsSelfChassis=0
INFO 2026-07-27 15:24:31.501 joltshadow - docs §23.5: wheel state (player) wheel=2 contact=0 suspLen=1.050 (range 0.050-1.050, 0% compressed) angVel=0.00
INFO 2026-07-27 15:24:31.501 joltshadow - docs §38.11: wheel=2 NO contact, worldAxle=(0.963,-0.011,-0.269)
INFO 2026-07-27 15:24:31.501 joltshadow - docs §32: no-contact raycast (player) wheel=2 bodyPos=(4666.73,259.15,1244.52) localMPos=(-1.367,-0.436,-1.944) origin=(4668.56,258.64,1246.01) dir=(-0.019,-1.000,-0.024) normalRayLen=1.777 groundFoundAt=0.000 shortfallBeyondTravel=-1.777 hitBody=8391038 hitLayer=4 hitMotion=2 hitIsSelfChassis=0
INFO 2026-07-27 15:24:31.501 joltshadow - docs §23.5: wheel state (player) wheel=3 contact=0 suspLen=1.050 (range 0.050-1.050, 0% compressed) angVel=0.00
INFO 2026-07-27 15:24:31.501 joltshadow - docs §38.11: wheel=3 NO contact, worldAxle=(0.963,-0.011,-0.269)
INFO 2026-07-27 15:24:31.501 joltshadow - docs §32: no-contact raycast (player) wheel=3 bodyPos=(4666.73,259.15,1244.52) localMPos=(1.369,-0.436,-1.944) origin=(4665.93,258.68,1246.74) dir=(-0.019,-1.000,-0.024) normalRayLen=1.777 groundFoundAt=0.000 shortfallBeyondTravel=-1.777 hitBody=8391039 hitLayer=4 hitMotion=2 hitIsSelfChassis=0
INFO 2026-07-27 15:24:31.501 joltshadow - docs §59/63: harvest (player) wheelsWithContact=4 contactPoints=7 overflow=0 (of 4) | maxNormalF=1114N bound(k_t*tau)=1229N ratio=0.91
INFO 2026-07-27 15:24:31.501 joltshadow - docs §58: wheel body (player) w=0 springF=-14N stopF=0N travel=-0.0018 (limits -0.5000..0.5000 rel spawn) kSusp=6000 sagPredicted=-0.0023 | frameTrav=-0.0020..-0.0018 frameStopN=0
INFO 2026-07-27 15:24:31.501 joltshadow - docs §66: tyre band (player) w=0 fnGround=93N fnTotal=94N pen=0.00078 penRaw=0.00078 tau=0.01024 pen/tau=0.08 | recs tyre=1 rim=1 survived=1 stale=0 distMax=1.00R
INFO 2026-07-27 15:24:31.501 joltshadow - docs §68: steer (player) w=0 steerable=1 commanded=0.000 rad measured=0.004 rad err=0.24 deg steerSign=-1 steerTq=15Nm cap=1192Nm sat=0.01
INFO 2026-07-27 15:24:31.501 joltshadow - docs §70: slip (player) w=0 grounded=1 kappa=0.711 fnGround=93N omega=27.30
INFO 2026-07-27 15:24:31.501 joltshadow - docs §67: spin (player) w=0 driven=1 omega=27.30 rad/s surfaceSpeed=19.86 m/s spinSign=+1 motorTq=268Nm cmdTq=268Nm
INFO 2026-07-27 15:24:31.501 joltshadow - docs §58: wheel body (player) w=1 springF=-101N stopF=0N travel=0.0154 (limits -0.5000..0.5000 rel spawn) kSusp=6000 sagPredicted=-0.0168 | frameTrav=0.0154..0.0154 frameStopN=0
INFO 2026-07-27 15:24:31.501 joltshadow - docs §66: tyre band (player) w=1 fnGround=0N fnTotal=0N pen=0.00000 penRaw=0.00000 tau=0.01024 pen/tau=0.00 | recs tyre=1 rim=0 survived=0 stale=0 distMax=1.02R
INFO 2026-07-27 15:24:31.501 joltshadow - docs §68: steer (player) w=1 steerable=1 commanded=0.000 rad measured=-0.008 rad err=-0.48 deg steerSign=-1 steerTq=-18Nm cap=1192Nm sat=0.02
INFO 2026-07-27 15:24:31.501 joltshadow - docs §70: slip (player) w=1 grounded=0 kappa=0.000 fnGround=0N omega=30.06
INFO 2026-07-27 15:24:31.501 joltshadow - docs §67: spin (player) w=1 driven=1 omega=30.06 rad/s surfaceSpeed=21.86 m/s spinSign=+1 motorTq=268Nm cmdTq=268Nm
INFO 2026-07-27 15:24:31.501 joltshadow - docs §58: wheel body (player) w=2 springF=1003N stopF=0N travel=-0.1238 (limits -0.5000..0.5000 rel spawn) kSusp=7500 sagPredicted=0.1338 | frameTrav=-0.1238..-0.1233 frameStopN=0
INFO 2026-07-27 15:24:31.501 joltshadow - docs §66: tyre band (player) w=2 fnGround=1114N fnTotal=1127N pen=0.00929 penRaw=0.00929 tau=0.01024 pen/tau=0.91 | recs tyre=1 rim=1 survived=1 stale=0 distMax=0.99R
INFO 2026-07-27 15:24:31.502 joltshadow - docs §68: steer (player) w=2 steerable=0 commanded=0.000 rad measured=0.000 rad err=0.00 deg steerSign=-1 steerTq=0Nm cap=340282346638528859811704183484516925440Nm sat=0.00
INFO 2026-07-27 15:24:31.502 joltshadow - docs §70: slip (player) w=2 grounded=1 kappa=0.019 fnGround=1114N omega=16.35
INFO 2026-07-27 15:24:31.502 joltshadow - docs §67: spin (player) w=2 driven=1 omega=16.35 rad/s surfaceSpeed=11.89 m/s spinSign=+1 motorTq=268Nm cmdTq=268Nm
INFO 2026-07-27 15:24:31.502 joltshadow - docs §58: wheel body (player) w=3 springF=727N stopF=0N travel=-0.0942 (limits -0.5000..0.5000 rel spawn) kSusp=7500 sagPredicted=0.0969 | frameTrav=-0.0942..-0.0940 frameStopN=0
INFO 2026-07-27 15:24:31.502 joltshadow - docs §66: tyre band (player) w=3 fnGround=836N fnTotal=846N pen=0.00701 penRaw=0.00701 tau=0.01024 pen/tau=0.68 | recs tyre=1 rim=1 survived=1 stale=0 distMax=0.99R
INFO 2026-07-27 15:24:31.502 joltshadow - docs §68: steer (player) w=3 steerable=0 commanded=0.000 rad measured=0.000 rad err=0.00 deg steerSign=-1 steerTq=0Nm cap=340282346638528859811704183484516925440Nm sat=0.00
INFO 2026-07-27 15:24:31.502 joltshadow - docs §70: slip (player) w=3 grounded=1 kappa=0.020 fnGround=836N omega=15.49
INFO 2026-07-27 15:24:31.502 joltshadow - docs §67: spin (player) w=3 driven=1 omega=15.49 rad/s surfaceSpeed=11.27 m/s spinSign=+1 motorTq=268Nm cmdTq=268Nm
INFO 2026-07-27 15:24:31.502 joltshadow - docs §67: drivetrain (player) gear=2 rpm=3411 driveTorque=1080Nm perWheel=270Nm driven=4 throttle=1.00 spin=1 | PRE-STEP brake=0.01 handBrake=0
INFO 2026-07-27 15:24:31.502 joltshadow - docs §66: tyre band SUM (player) fnGroundSum=2043N fnTotalSum=2067N weight=1638N carried=1.26 | penSum=0.01707 recs tyre=4 rim=3 stale=0
INFO 2026-07-27 15:24:31.502 joltshadow - docs §30: REAL ODE chassis COM (player) body=53396828 = (4666.826, 257.733, 1244.374) forward=(-0.223, 0.000, -0.975)
INFO 2026-07-27 15:24:31.502 joltshadow - docs §33: real ODE chassis geom (player) #1 = class 0 (not a transform) pos=(4666.826,257.733,1244.374) radius=4.000
INFO 2026-07-27 15:24:31.502 joltshadow - docs §33: real ODE chassis geom (player) #2 = transform, inner class=1 pos=(0.000,3.010,-1.827)
INFO 2026-07-27 15:24:31.502 joltshadow - docs §33: real ODE chassis geom (player) #3 = transform, inner class=1 pos=(0.013,2.455,4.253)
INFO 2026-07-27 15:24:31.502 joltshadow - docs §33: real ODE chassis geom (player) #4 = transform, inner class=1 pos=(0.000,2.778,2.038)
INFO 2026-07-27 15:24:31.502 joltshadow - docs §33: real ODE chassis geom (player) #5 = transform, inner class=1 pos=(0.000,1.675,0.000)
INFO 2026-07-27 15:24:31.502 joltshadow - docs §33: real ODE chassis geom (player) #6 = class 0 (not a transform) pos=(4666.826,257.733,1244.374) radius=30.000
INFO 2026-07-27 15:24:31.502 joltshadow - docs §33: real ODE chassis geom (player) #7 = class 0 (not a transform) pos=(4666.826,257.733,1244.374) radius=8.161
INFO 2026-07-27 15:24:31.502 joltshadow - docs §33: real ODE chassis geom (player) #8 = class 0 (not a transform) pos=(4666.826,257.733,1244.374) radius=200.000
INFO 2026-07-27 15:24:31.502 joltshadow - docs §33: real ODE chassis (player) has 8 total geom(s) directly attached (4 transform(s)) - compare against BuildChassisCompoundShape's own part/geom count in the build log
INFO 2026-07-27 15:24:31.502 joltshadow - docs §28: REAL ODE wheel state (player) wheel=0 displacement=0.0267 range=1.000 (3% compressed, signed) foreAft=2.663 localZ=2.663 cfm=0.002500 erp=0.2500
INFO 2026-07-27 15:24:31.502 joltshadow - docs §28: REAL ODE wheel state (player) wheel=1 displacement=0.0209 range=1.000 (2% compressed, signed) foreAft=2.663 localZ=2.663 cfm=0.002500 erp=0.2500
INFO 2026-07-27 15:24:31.502 joltshadow - docs §28: REAL ODE wheel state (player) wheel=2 displacement=0.0296 range=1.000 (3% compressed, signed) foreAft=-1.944 localZ=-1.944 cfm=0.002000 erp=0.2500
INFO 2026-07-27 15:24:31.502 joltshadow - docs §28: REAL ODE wheel state (player) wheel=3 displacement=0.0274 range=1.000 (3% compressed, signed) foreAft=-1.944 localZ=-1.944 cfm=0.002000 erp=0.2500
INFO 2026-07-27 15:24:31.530 joltshadow - docs §70.1: slipdense (player) f=844 w=0 grounded=1 kappa=0.790 fnGround=108 omega=28.79 | ftGround=190N target=38.8 limit=268Nm motorNm=268 tyreNm=-136 inertia=2.91 limRot=0/38/0 omegaPre=28.37 posN=99/-161/0 susp=-0.0005 springN=0
INFO 2026-07-27 15:24:31.530 joltshadow - docs §70.1: slipdense (player) f=844 w=1 grounded=0 kappa=0.000 fnGround=0 omega=32.82 | ftGround=0N target=38.8 limit=268Nm motorNm=268 tyreNm=0 inertia=2.91 limRot=0/538/0 omegaPre=31.99 posN=0/52/0 susp=0.0152 springN=-85
INFO 2026-07-27 15:24:31.530 joltshadow - docs §70.1: slipdense (player) f=844 w=2 grounded=1 kappa=0.019 fnGround=1136 omega=16.49 | ftGround=405N target=38.8 limit=268Nm motorNm=268 tyreNm=-254 inertia=2.91 limRot=0/-194/-12 omegaPre=16.44 posN=-249/-405/0 susp=-0.1290 springN=1025
INFO 2026-07-27 15:24:31.530 joltshadow - docs §70.1: slipdense (player) f=844 w=3 grounded=1 kappa=0.020 fnGround=838 omega=15.69 | ftGround=380N target=38.8 limit=268Nm motorNm=268 tyreNm=-250 inertia=2.91 limRot=0/-148/-8 omegaPre=15.63 posN=-181/-355/0 susp=-0.0955 springN=725
INFO 2026-07-27 15:24:31.530 joltshadow - docs §78: attdense (player) f=844 joltTilt=1.86 odeTilt=0.09 upDelta=1.78 wBody=(-0.03,0.20,0.05) |w|=0.21 grounded=3
INFO 2026-07-27 15:24:31.557 joltshadow - docs §70.1: slipdense (player) f=848 w=0 grounded=1 kappa=0.835 fnGround=131 omega=29.73 | ftGround=257N target=38.8 limit=268Nm motorNm=268 tyreNm=-184 inertia=2.91 limRot=0/-218/0 omegaPre=29.52 posN=21/-232/0 susp=-0.0008 springN=18
INFO 2026-07-27 15:24:31.557 joltshadow - docs §70.1: slipdense (player) f=848 w=1 grounded=0 kappa=0.000 fnGround=0 omega=35.22 | ftGround=0N target=38.8 limit=268Nm motorNm=268 tyreNm=0 inertia=2.91 limRot=0/978/0 omegaPre=34.57 posN=-9/62/0 susp=0.0143 springN=-78
INFO 2026-07-27 15:24:31.557 joltshadow - docs §70.1: slipdense (player) f=848 w=2 grounded=1 kappa=0.023 fnGround=1137 omega=16.67 | ftGround=407N target=38.8 limit=268Nm motorNm=268 tyreNm=-249 inertia=2.91 limRot=0/-180/-12 omegaPre=16.58 posN=-222/-410/0 susp=-0.1322 springN=1032
INFO 2026-07-27 15:24:31.557 joltshadow - docs §70.1: slipdense (player) f=848 w=3 grounded=1 kappa=0.022 fnGround=830 omega=15.90 | ftGround=377N target=38.8 limit=268Nm motorNm=268 tyreNm=-243 inertia=2.91 limRot=0/-135/-7 omegaPre=15.82 posN=-156/-343/0 susp=-0.0959 springN=718
INFO 2026-07-27 15:24:31.557 joltshadow - docs §78: attdense (player) f=848 joltTilt=1.91 odeTilt=0.08 upDelta=1.84 wBody=(-0.01,0.18,0.05) |w|=0.18 grounded=3
INFO 2026-07-27 15:24:31.588 joltshadow - docs §70.1: slipdense (player) f=852 w=0 grounded=1 kappa=0.897 fnGround=165 omega=30.56 | ftGround=245N target=38.8 limit=268Nm motorNm=268 tyreNm=-174 inertia=2.91 limRot=0/-1728/0 omegaPre=30.30 posN=-224/-140/0 susp=-0.0034 springN=58
INFO 2026-07-27 15:24:31.588 joltshadow - docs §70.1: slipdense (player) f=852 w=1 grounded=0 kappa=0.000 fnGround=0 omega=38.07 | ftGround=0N target=38.8 limit=268Nm motorNm=268 tyreNm=0 inertia=2.91 limRot=0/-36/0 omegaPre=37.24 posN=54/35/0 susp=0.0139 springN=-86
INFO 2026-07-27 15:24:31.588 joltshadow - docs §70.1: slipdense (player) f=852 w=2 grounded=1 kappa=0.019 fnGround=1151 omega=16.79 | ftGround=397N target=38.8 limit=268Nm motorNm=268 tyreNm=-248 inertia=2.91 limRot=0/-126/-8 omegaPre=16.69 posN=-165/-383/0 susp=-0.1351 springN=1045
INFO 2026-07-27 15:24:31.588 joltshadow - docs §70.1: slipdense (player) f=852 w=3 grounded=1 kappa=0.022 fnGround=792 omega=16.07 | ftGround=384N target=38.8 limit=268Nm motorNm=268 tyreNm=-254 inertia=2.91 limRot=0/-87/-5 omegaPre=16.02 posN=-105/-376/0 susp=-0.0948 springN=683
INFO 2026-07-27 15:24:31.588 joltshadow - docs §78: attdense (player) f=852 joltTilt=1.95 odeTilt=0.07 upDelta=1.89 wBody=(0.01,0.18,0.07) |w|=0.19 grounded=3
INFO 2026-07-27 15:24:31.627 joltshadow - docs §70.1: slipdense (player) f=856 w=0 grounded=1 kappa=0.914 fnGround=239 omega=31.27 | ftGround=350N target=38.8 limit=268Nm motorNm=268 tyreNm=-248 inertia=2.91 limRot=0/-26/0 omegaPre=31.22 posN=-324/-191/0 susp=-0.0104 springN=122
INFO 2026-07-27 15:24:31.627 joltshadow - docs §70.1: slipdense (player) f=856 w=1 grounded=0 kappa=0.000 fnGround=0 omega=38.83 | ftGround=0N target=38.8 limit=268Nm motorNm=2 tyreNm=0 inertia=2.91 limRot=0/-10/0 omegaPre=38.82 posN=89/26/0 susp=0.0143 springN=-85
INFO 2026-07-27 15:24:31.628 joltshadow - docs §70.1: slipdense (player) f=856 w=2 grounded=1 kappa=0.018 fnGround=1148 omega=17.10 | ftGround=389N target=38.8 limit=268Nm motorNm=268 tyreNm=-242 inertia=2.91 limRot=0/-186/-14 omegaPre=17.02 posN=-252/-357/0 susp=-0.1375 springN=1041
INFO 2026-07-27 15:24:31.628 joltshadow - docs §70.1: slipdense (player) f=856 w=3 grounded=1 kappa=0.024 fnGround=735 omega=16.23 | ftGround=387N target=38.8 limit=268Nm motorNm=268 tyreNm=-259 inertia=2.91 limRot=0/-123/-8 omegaPre=16.20 posN=-158/-387/0 susp=-0.0902 springN=627
INFO 2026-07-27 15:24:31.628 joltshadow - docs §78: attdense (player) f=856 joltTilt=1.98 odeTilt=0.09 upDelta=1.90 wBody=(0.05,0.23,0.07) |w|=0.24 grounded=3
INFO 2026-07-27 15:24:31.658 joltshadow - docs §70.1: slipdense (player) f=860 w=0 grounded=1 kappa=0.282 fnGround=800 omega=21.28 | ftGround=1441N target=38.8 limit=268Nm motorNm=268 tyreNm=-1066 inertia=2.91 limRot=0/482/0 omegaPre=23.20 posN=596/-1367/0 susp=-0.0370 springN=717
INFO 2026-07-27 15:24:31.658 joltshadow - docs §70.1: slipdense (player) f=860 w=1 grounded=0 kappa=0.000 fnGround=0 omega=38.82 | ftGround=0N target=38.8 limit=268Nm motorNm=-3 tyreNm=0 inertia=2.91 limRot=0/-18/0 omegaPre=38.82 posN=-46/120/0 susp=0.0153 springN=-115
INFO 2026-07-27 15:24:31.658 joltshadow - docs §70.1: slipdense (player) f=860 w=2 grounded=1 kappa=0.012 fnGround=1111 omega=17.69 | ftGround=265N target=38.8 limit=268Nm motorNm=268 tyreNm=-232 inertia=2.91 limRot=0/-82/48 omegaPre=17.61 posN=-328/-205/0 susp=-0.1375 springN=1010
INFO 2026-07-27 15:24:31.658 joltshadow - docs §70.1: slipdense (player) f=860 w=3 grounded=1 kappa=0.022 fnGround=692 omega=16.52 | ftGround=338N target=38.8 limit=268Nm motorNm=268 tyreNm=-224 inertia=2.91 limRot=0/-199/-10 omegaPre=16.42 posN=-279/-241/0 susp=-0.0859 springN=597
INFO 2026-07-27 15:24:31.658 joltshadow - docs §78: attdense (player) f=860 joltTilt=1.97 odeTilt=0.24 upDelta=1.90 wBody=(0.03,0.29,0.03) |w|=0.29 grounded=3
INFO 2026-07-27 15:24:31.684 joltshadow - docs §70.1: slipdense (player) f=864 w=0 grounded=1 kappa=0.030 fnGround=709 omega=17.98 | ftGround=470N target=38.8 limit=268Nm motorNm=268 tyreNm=-329 inertia=2.91 limRot=0/597/0 omegaPre=18.18 posN=832/-399/0 susp=-0.0746 springN=796
INFO 2026-07-27 15:24:31.684 joltshadow - docs §70.1: slipdense (player) f=864 w=1 grounded=0 kappa=0.000 fnGround=0 omega=38.79 | ftGround=0N target=38.8 limit=268Nm motorNm=-3 tyreNm=0 inertia=2.91 limRot=0/10/0 omegaPre=38.79 posN=-106/104/0 susp=0.0179 springN=-139
INFO 2026-07-27 15:24:31.684 joltshadow - docs §70.1: slipdense (player) f=864 w=2 grounded=1 kappa=0.018 fnGround=1036 omega=17.84 | ftGround=410N target=38.8 limit=268Nm motorNm=268 tyreNm=-261 inertia=2.91 limRot=0/-413/-23 omegaPre=17.82 posN=-540/-424/0 susp=-0.1335 springN=922
INFO 2026-07-27 15:24:31.684 joltshadow - docs §70.1: slipdense (player) f=864 w=3 grounded=1 kappa=0.022 fnGround=700 omega=16.90 | ftGround=345N target=38.8 limit=268Nm motorNm=268 tyreNm=-229 inertia=2.91 limRot=0/-297/-13 omegaPre=16.82 posN=-375/-265/0 susp=-0.0830 springN=592
INFO 2026-07-27 15:24:31.684 joltshadow - docs §78: attdense (player) f=864 joltTilt=1.94 odeTilt=0.61 upDelta=1.98 wBody=(0.00,0.24,-0.05) |w|=0.25 grounded=3
INFO 2026-07-27 15:24:31.707 joltshadow - docs §70.1: slipdense (player) f=868 w=0 grounded=1 kappa=0.020 fnGround=874 omega=17.97 | ftGround=386N target=38.8 limit=268Nm motorNm=268 tyreNm=-257 inertia=2.91 limRot=0/511/0 omegaPre=17.95 posN=576/-282/0 susp=-0.0980 springN=862
INFO 2026-07-27 15:24:31.707 joltshadow - docs §70.1: slipdense (player) f=868 w=1 grounded=1 kappa=1.264 fnGround=569 omega=37.62 | ftGround=981N target=38.8 limit=268Nm motorNm=268 tyreNm=-767 inertia=2.91 limRot=0/766/0 omegaPre=38.77 posN=491/-881/0 susp=0.0188 springN=-56
INFO 2026-07-27 15:24:31.707 joltshadow - docs §70.1: slipdense (player) f=868 w=2 grounded=1 kappa=0.019 fnGround=949 omega=17.89 | ftGround=398N target=38.8 limit=268Nm motorNm=268 tyreNm=-255 inertia=2.91 limRot=0/-404/-17 omegaPre=17.87 posN=-516/-395/0 susp=-0.1270 springN=828
INFO 2026-07-27 15:24:31.707 joltshadow - docs §70.1: slipdense (player) f=868 w=3 grounded=1 kappa=0.020 fnGround=704 omega=17.23 | ftGround=309N target=38.8 limit=268Nm motorNm=268 tyreNm=-201 inertia=2.91 limRot=0/-317/-10 omegaPre=17.12 posN=-391/-138/0 susp=-0.0818 springN=601
INFO 2026-07-27 15:24:31.707 joltshadow - docs §78: attdense (player) f=868 joltTilt=1.89 odeTilt=1.06 upDelta=1.95 wBody=(-0.03,0.16,-0.12) |w|=0.20 grounded=4
INFO 2026-07-27 15:24:31.731 joltshadow - docs §70.1: slipdense (player) f=872 w=0 grounded=1 kappa=0.020 fnGround=915 omega=18.12 | ftGround=384N target=38.8 limit=268Nm motorNm=268 tyreNm=-248 inertia=2.91 limRot=0/188/0 omegaPre=18.05 posN=253/-274/0 susp=-0.1162 springN=890
INFO 2026-07-27 15:24:31.731 joltshadow - docs §70.1: slipdense (player) f=872 w=1 grounded=1 kappa=1.170 fnGround=49 omega=37.38 | ftGround=90N target=38.8 limit=268Nm motorNm=268 tyreNm=-70 inertia=2.91 limRot=0/-24/0 omegaPre=36.95 posN=24/-9/0 susp=0.0116 springN=-4
INFO 2026-07-27 15:24:31.731 joltshadow - docs §70.1: slipdense (player) f=872 w=2 grounded=1 kappa=0.021 fnGround=838 omega=18.02 | ftGround=389N target=38.8 limit=268Nm motorNm=268 tyreNm=-247 inertia=2.91 limRot=0/-314/-19 omegaPre=17.98 posN=-398/-375/0 susp=-0.1177 springN=726
INFO 2026-07-27 15:24:31.731 joltshadow - docs §70.1: slipdense (player) f=872 w=3 grounded=1 kappa=0.022 fnGround=723 omega=17.65 | ftGround=356N target=38.8 limit=268Nm motorNm=268 tyreNm=-229 inertia=2.91 limRot=0/-283/-16 omegaPre=17.56 posN=-352/-294/0 susp=-0.0814 springN=608
INFO 2026-07-27 15:24:31.731 joltshadow - docs §78: attdense (player) f=872 joltTilt=1.87 odeTilt=1.64 upDelta=1.83 wBody=(-0.08,0.09,-0.16) |w|=0.21 grounded=4
INFO 2026-07-27 15:24:31.760 joltshadow - docs §70.1: slipdense (player) f=876 w=0 grounded=1 kappa=0.017 fnGround=916 omega=18.35 | ftGround=353N target=38.8 limit=268Nm motorNm=268 tyreNm=-233 inertia=2.91 limRot=0/18/0 omegaPre=18.25 posN=-5/-199/0 susp=-0.1290 springN=862
INFO 2026-07-27 15:24:31.760 joltshadow - docs §70.1: slipdense (player) f=876 w=1 grounded=1 kappa=0.878 fnGround=455 omega=33.01 | ftGround=908N target=38.8 limit=268Nm motorNm=268 tyreNm=-673 inertia=2.91 limRot=0/-0/0 omegaPre=34.50 posN=-59/-787/0 susp=-0.0023 springN=278
INFO 2026-07-27 15:24:31.760 joltshadow - docs §70.1: slipdense (player) f=876 w=2 grounded=1 kappa=0.022 fnGround=719 omega=18.31 | ftGround=351N target=38.8 limit=268Nm motorNm=268 tyreNm=-230 inertia=2.91 limRot=0/-178/-6 omegaPre=18.20 posN=-207/-284/0 susp=-0.1050 springN=611
INFO 2026-07-27 15:24:31.760 joltshadow - docs §70.1: slipdense (player) f=876 w=3 grounded=1 kappa=0.020 fnGround=726 omega=18.11 | ftGround=331N target=38.8 limit=268Nm motorNm=268 tyreNm=-216 inertia=2.91 limRot=0/-186/-6 omegaPre=17.95 posN=-217/-233/0 susp=-0.0817 springN=617
INFO 2026-07-27 15:24:31.760 joltshadow - docs §78: attdense (player) f=876 joltTilt=1.95 odeTilt=2.42 upDelta=1.68 wBody=(-0.16,0.04,-0.19) |w|=0.25 grounded=4
INFO 2026-07-27 15:24:31.770 joltshadow - docs §82: resync (player) #14 dt=0.50s upMax=1.982 deg posMax=0.724 m odeTiltPath=3.090 deg gain=0.6412
INFO 2026-07-27 15:24:31.771 joltshadow - docs §87: resync landing (player) w=0 pre=-0.0023 post=-0.0036 m R=0.727 dY=0.0479 dRotDeg=5.77 |corr|=0.7236 m
INFO 2026-07-27 15:24:31.771 joltshadow - docs §87: resync landing (player) w=1 pre=0.0024 post=0.0052 m R=0.727 dY=0.0479 dRotDeg=5.77 |corr|=0.7236 m
INFO 2026-07-27 15:24:31.771 joltshadow - docs §87: resync landing (player) w=2 pre=-0.0060 post=0.0020 m R=0.727 dY=0.0479 dRotDeg=5.77 |corr|=0.7236 m
INFO 2026-07-27 15:24:31.771 joltshadow - docs §87: resync landing (player) w=3 pre=-0.0061 post=-0.0022 m R=0.727 dY=0.0479 dRotDeg=5.77 |corr|=0.7236 m
INFO 2026-07-27 15:24:31.771 joltshadow - docs §82: resync RESIDUAL (player) #14 pos=0.0000 m up=0.0198 deg
INFO 2026-07-27 15:24:31.800 joltshadow - docs §70.1: slipdense (player) f=880 w=0 grounded=1 kappa=0.024 fnGround=223 omega=22.36 | ftGround=118N target=38.8 limit=268Nm motorNm=268 tyreNm=-76 inertia=2.91 limRot=0/-10/0 omegaPre=21.62 posN=-24/-77/0 susp=-0.0792 springN=196
INFO 2026-07-27 15:24:31.800 joltshadow - docs §70.1: slipdense (player) f=880 w=1 grounded=0 kappa=0.000 fnGround=0 omega=34.44 | ftGround=0N target=38.8 limit=268Nm motorNm=268 tyreNm=0 inertia=2.91 limRot=0/3/0 omegaPre=33.61 posN=-7/31/0 susp=-0.0563 springN=8
INFO 2026-07-27 15:24:31.800 joltshadow - docs §70.1: slipdense (player) f=880 w=2 grounded=1 kappa=0.011 fnGround=358 omega=22.14 | ftGround=84N target=38.8 limit=268Nm motorNm=268 tyreNm=-45 inertia=2.91 limRot=0/32/3 omegaPre=21.12 posN=43/-69/0 susp=-0.0339 springN=170
INFO 2026-07-27 15:24:31.800 joltshadow - docs §70.1: slipdense (player) f=880 w=3 grounded=1 kappa=0.025 fnGround=666 omega=22.38 | ftGround=379N target=38.8 limit=268Nm motorNm=268 tyreNm=-247 inertia=2.91 limRot=0/59/3 omegaPre=22.27 posN=86/-388/0 susp=-0.0777 springN=503
INFO 2026-07-27 15:24:31.801 joltshadow - docs §78: attdense (player) f=880 joltTilt=3.65 odeTilt=3.62 upDelta=0.07 wBody=(-0.59,-0.02,0.00) |w|=0.59 grounded=3
INFO 2026-07-27 15:24:31.831 joltshadow - docs §70.1: slipdense (player) f=884 w=0 grounded=1 kappa=0.079 fnGround=157 omega=23.63 | ftGround=218N target=38.8 limit=268Nm motorNm=268 tyreNm=-153 inertia=2.91 limRot=0/2/0 omegaPre=23.40 posN=-9/-157/0 susp=-0.0506 springN=56
INFO 2026-07-27 15:24:31.831 joltshadow - docs §70.1: slipdense (player) f=884 w=1 grounded=1 kappa=0.669 fnGround=93 omega=36.56 | ftGround=185N target=38.8 limit=268Nm motorNm=268 tyreNm=-132 inertia=2.91 limRot=0/16/0 omegaPre=36.35 posN=5/-129/0 susp=-0.0227 springN=-121
INFO 2026-07-27 15:24:31.832 joltshadow - docs §70.1: slipdense (player) f=884 w=2 grounded=1 kappa=0.048 fnGround=344 omega=22.98 | ftGround=345N target=38.8 limit=268Nm motorNm=268 tyreNm=-237 inertia=2.91 limRot=0/27/-0 omegaPre=22.91 posN=34/-312/0 susp=-0.0307 springN=225
INFO 2026-07-27 15:24:31.832 joltshadow - docs §70.1: slipdense (player) f=884 w=3 grounded=1 kappa=0.025 fnGround=669 omega=22.57 | ftGround=379N target=38.8 limit=268Nm motorNm=268 tyreNm=-246 inertia=2.91 limRot=0/51/3 omegaPre=22.53 posN=74/-377/0 susp=-0.0745 springN=548
INFO 2026-07-27 15:24:31.832 joltshadow - docs §78: attdense (player) f=884 joltTilt=4.72 odeTilt=4.58 upDelta=0.22 wBody=(-0.60,-0.01,0.01) |w|=0.60 grounded=4
INFO 2026-07-27 15:24:31.857 joltshadow - docs §70.1: slipdense (player) f=888 w=0 grounded=1 kappa=0.132 fnGround=77 omega=24.94 | ftGround=131N target=38.8 limit=268Nm motorNm=268 tyreNm=-93 inertia=2.91 limRot=0/57/0 omegaPre=24.65 posN=6/-84/0 susp=-0.0311 springN=-17
INFO 2026-07-27 15:24:31.857 joltshadow - docs §70.1: slipdense (player) f=888 w=1 grounded=0 kappa=0.000 fnGround=0 omega=38.19 | ftGround=0N target=38.8 limit=268Nm motorNm=1 tyreNm=0 inertia=2.91 limRot=0/113/0 omegaPre=38.18 posN=4/37/0 susp=-0.0043 springN=-155
INFO 2026-07-27 15:24:31.857 joltshadow - docs §70.1: slipdense (player) f=888 w=2 grounded=1 kappa=0.046 fnGround=418 omega=23.07 | ftGround=398N target=38.8 limit=268Nm motorNm=268 tyreNm=-276 inertia=2.91 limRot=0/25/-2 omegaPre=23.07 posN=31/-389/0 susp=-0.0320 springN=279
INFO 2026-07-27 15:24:31.857 joltshadow - docs §70.1: slipdense (player) f=888 w=3 grounded=1 kappa=0.025 fnGround=733 omega=22.69 | ftGround=406N target=38.8 limit=268Nm motorNm=268 tyreNm=-268 inertia=2.91 limRot=0/42/1 omegaPre=22.68 posN=60/-435/0 susp=-0.0757 springN=600
INFO 2026-07-27 15:24:31.857 joltshadow - docs §78: attdense (player) f=888 joltTilt=5.60 odeTilt=5.30 upDelta=0.40 wBody=(-0.60,-0.01,0.01) |w|=0.60 grounded=3
INFO 2026-07-27 15:24:31.880 joltshadow - docs §70.1: slipdense (player) f=892 w=0 grounded=1 kappa=0.196 fnGround=47 omega=26.52 | ftGround=87N target=38.8 limit=268Nm motorNm=268 tyreNm=-62 inertia=2.91 limRot=0/16/0 omegaPre=26.10 posN=-1/-47/0 susp=-0.0169 springN=-55
INFO 2026-07-27 15:24:31.881 joltshadow - docs §70.1: slipdense (player) f=892 w=1 grounded=0 kappa=0.000 fnGround=0 omega=38.20 | ftGround=0N target=38.8 limit=268Nm motorNm=3 tyreNm=0 inertia=2.91 limRot=0/1305/0 omegaPre=38.19 posN=-4/37/0 susp=0.0067 springN=-145
INFO 2026-07-27 15:24:31.881 joltshadow - docs §70.1: slipdense (player) f=892 w=2 grounded=1 kappa=0.038 fnGround=487 omega=23.05 | ftGround=400N target=38.8 limit=268Nm motorNm=268 tyreNm=-270 inertia=2.91 limRot=0/23/-1 omegaPre=23.06 posN=34/-410/0 susp=-0.0357 springN=343
INFO 2026-07-27 15:24:31.881 joltshadow - docs §70.1: slipdense (player) f=892 w=3 grounded=1 kappa=0.023 fnGround=795 omega=22.78 | ftGround=405N target=38.8 limit=268Nm motorNm=268 tyreNm=-258 inertia=2.91 limRot=0/36/2 omegaPre=22.76 posN=58/-449/0 susp=-0.0789 springN=658
INFO 2026-07-27 15:24:31.881 joltshadow - docs §78: attdense (player) f=892 joltTilt=6.40 odeTilt=5.89 upDelta=0.61 wBody=(-0.59,-0.00,0.01) |w|=0.59 grounded=3
INFO 2026-07-27 15:24:31.905 joltshadow - docs §70.1: slipdense (player) f=896 w=0 grounded=1 kappa=0.271 fnGround=37 omega=28.30 | ftGround=72N target=38.8 limit=268Nm motorNm=268 tyreNm=-50 inertia=2.91 limRot=0/-3/0 omegaPre=27.77 posN=4/-29/0 susp=-0.0067 springN=-67
INFO 2026-07-27 15:24:31.905 joltshadow - docs §70.1: slipdense (player) f=896 w=1 grounded=0 kappa=0.000 fnGround=0 omega=38.21 | ftGround=0N target=38.8 limit=268Nm motorNm=3 tyreNm=0 inertia=2.91 limRot=0/-243/0 omegaPre=38.21 posN=5/32/0 susp=0.0125 springN=-122
INFO 2026-07-27 15:24:31.905 joltshadow - docs §70.1: slipdense (player) f=896 w=2 grounded=1 kappa=0.032 fnGround=562 omega=23.06 | ftGround=399N target=38.8 limit=268Nm motorNm=268 tyreNm=-261 inertia=2.91 limRot=0/31/1 omegaPre=23.05 posN=43/-421/0 susp=-0.0418 springN=419
INFO 2026-07-27 15:24:31.905 joltshadow - docs §70.1: slipdense (player) f=896 w=3 grounded=1 kappa=0.021 fnGround=861 omega=22.88 | ftGround=409N target=38.8 limit=268Nm motorNm=268 tyreNm=-250 inertia=2.91 limRot=0/46/4 omegaPre=22.85 posN=68/-475/0 susp=-0.0838 springN=714
INFO 2026-07-27 15:24:31.905 joltshadow - docs §78: attdense (player) f=896 joltTilt=7.18 odeTilt=6.40 upDelta=0.85 wBody=(-0.57,-0.00,0.02) |w|=0.57 grounded=3
INFO 2026-07-27 15:24:31.938 joltshadow - docs §70.1: slipdense (player) f=900 w=0 grounded=1 kappa=0.373 fnGround=26 omega=30.70 | ftGround=51N target=38.8 limit=268Nm motorNm=268 tyreNm=-36 inertia=2.91 limRot=0/-3/0 omegaPre=30.01 posN=-4/-16/0 susp=0.0020 springN=-83
INFO 2026-07-27 15:24:31.938 joltshadow - docs §70.1: slipdense (player) f=900 w=1 grounded=0 kappa=0.000 fnGround=0 omega=38.25 | ftGround=0N target=38.8 limit=268Nm motorNm=5 tyreNm=0 inertia=2.91 limRot=0/2/0 omegaPre=38.24 posN=-5/31/0 susp=0.0146 springN=-88
INFO 2026-07-27 15:24:31.938 joltshadow - docs §70.1: slipdense (player) f=900 w=2 grounded=1 kappa=0.016 fnGround=1214 omega=22.81 | ftGround=447N target=38.8 limit=268Nm motorNm=268 tyreNm=-265 inertia=2.91 limRot=0/-31/0 omegaPre=22.82 posN=-65/-460/0 susp=-0.0835 springN=1455
INFO 2026-07-27 15:24:31.938 joltshadow - docs §70.1: slipdense (player) f=900 w=3 grounded=1 kappa=0.020 fnGround=924 omega=23.00 | ftGround=413N target=38.8 limit=268Nm motorNm=268 tyreNm=-253 inertia=2.91 limRot=0/6/-3 omegaPre=22.96 posN=20/-496/0 susp=-0.0915 springN=767
INFO 2026-07-27 15:24:31.938 joltshadow - docs §78: attdense (player) f=900 joltTilt=8.19 odeTilt=7.03 upDelta=1.18 wBody=(-0.53,0.01,0.00) |w|=0.53 grounded=3
INFO 2026-07-27 15:24:31.938 joltshadow - Shadow divergence (player): pos=1.613m vel=0.958m/s angle=1.2deg (jolt com=[4665.5 259.4 1238.8] ode com=[4665.4 258.0 1238.1])
INFO 2026-07-27 15:24:31.938 joltshadow - docs §23.6: driver input (player) realThrottle=1.00 brake=0.01 handBrake=0 steerRad=0.000
INFO 2026-07-27 15:24:31.938 joltshadow - docs §32: Jolt SHADOW chassis pitch (player) forward=(-0.221, 0.142, -0.965)
INFO 2026-07-27 15:24:31.938 joltshadow - docs §69: tilt (player) jolt=8.2 deg ode=7.0 deg delta=+1.2 deg upDelta=1.18 deg
INFO 2026-07-27 15:24:31.939 joltshadow - docs §32.4: Jolt SHADOW chassis lowest corner (player) = (4664.81,258.75,1242.38) clearanceToGround=0.753
INFO 2026-07-27 15:24:31.939 joltshadow - docs §23.5: wheel state (player) wheel=0 contact=0 suspLen=1.050 (range 0.050-1.050, 0% compressed) angVel=0.00
INFO 2026-07-27 15:24:31.939 joltshadow - docs §38.11: wheel=0 NO contact, worldAxle=(0.975,0.015,-0.221)
INFO 2026-07-27 15:24:31.939 joltshadow - docs §32: no-contact raycast (player) wheel=0 bodyPos=(4665.40,259.41,1238.23) localMPos=(-1.367,-0.436,2.663) origin=(4666.14,259.37,1235.30) dir=(-0.016,-0.990,-0.141) normalRayLen=1.777 groundFoundAt=0.000 shortfallBeyondTravel=-1.777 hitBody=8391036 hitLayer=4 hitMotion=2 hitIsSelfChassis=0
INFO 2026-07-27 15:24:31.939 joltshadow - docs §23.5: wheel state (player) wheel=1 contact=0 suspLen=1.050 (range 0.050-1.050, 0% compressed) angVel=0.00
INFO 2026-07-27 15:24:31.939 joltshadow - docs §38.11: wheel=1 NO contact, worldAxle=(0.975,0.015,-0.221)
INFO 2026-07-27 15:24:31.939 joltshadow - docs §32: no-contact raycast (player) wheel=1 bodyPos=(4665.40,259.41,1238.23) localMPos=(1.369,-0.436,2.663) origin=(4663.47,259.33,1235.90) dir=(-0.016,-0.990,-0.141) normalRayLen=1.777 groundFoundAt=0.000 shortfallBeyondTravel=-1.777 hitBody=8391037 hitLayer=4 hitMotion=2 hitIsSelfChassis=0
INFO 2026-07-27 15:24:31.939 joltshadow - docs §23.5: wheel state (player) wheel=2 contact=0 suspLen=1.050 (range 0.050-1.050, 0% compressed) angVel=0.00
INFO 2026-07-27 15:24:31.939 joltshadow - docs §38.11: wheel=2 NO contact, worldAxle=(0.975,0.015,-0.221)
INFO 2026-07-27 15:24:31.939 joltshadow - docs §32: no-contact raycast (player) wheel=2 bodyPos=(4665.40,259.41,1238.23) localMPos=(-1.367,-0.436,-1.944) origin=(4667.15,258.72,1239.74) dir=(-0.016,-0.990,-0.141) normalRayLen=1.777 groundFoundAt=0.000 shortfallBeyondTravel=-1.777 hitBody=8391038 hitLayer=4 hitMotion=2 hitIsSelfChassis=0
INFO 2026-07-27 15:24:31.939 joltshadow - docs §23.5: wheel state (player) wheel=3 contact=0 suspLen=1.050 (range 0.050-1.050, 0% compressed) angVel=0.00
INFO 2026-07-27 15:24:31.939 joltshadow - docs §38.11: wheel=3 NO contact, worldAxle=(0.975,0.015,-0.221)
INFO 2026-07-27 15:24:31.939 joltshadow - docs §32: no-contact raycast (player) wheel=3 bodyPos=(4665.40,259.41,1238.23) localMPos=(1.369,-0.436,-1.944) origin=(4664.49,258.68,1240.35) dir=(-0.016,-0.990,-0.141) normalRayLen=1.777 groundFoundAt=0.000 shortfallBeyondTravel=-1.777 hitBody=8391039 hitLayer=4 hitMotion=2 hitIsSelfChassis=0
INFO 2026-07-27 15:24:31.939 joltshadow - docs §59/63: harvest (player) wheelsWithContact=4 contactPoints=9 overflow=0 (of 4) | maxNormalF=1214N bound(k_t*tau)=1229N ratio=0.99
INFO 2026-07-27 15:24:31.939 joltshadow - docs §58: wheel body (player) w=0 springF=-83N stopF=0N travel=0.0020 (limits -0.5000..0.5000 rel spawn) kSusp=6000 sagPredicted=-0.0139 | frameTrav=0.0005..0.0020 frameStopN=0
INFO 2026-07-27 15:24:31.939 joltshadow - docs §66: tyre band (player) w=0 fnGround=26N fnTotal=26N pen=0.00029 penRaw=0.00029 tau=0.01024 pen/tau=0.03 | recs tyre=1 rim=1 survived=1 stale=0 distMax=1.00R
INFO 2026-07-27 15:24:31.939 joltshadow - docs §68: steer (player) w=0 steerable=1 commanded=0.000 rad measured=-0.000 rad err=-0.00 deg steerSign=-1 steerTq=-0Nm cap=1192Nm sat=0.00
INFO 2026-07-27 15:24:31.939 joltshadow - docs §70: slip (player) w=0 grounded=1 kappa=0.373 fnGround=26N omega=30.70
INFO 2026-07-27 15:24:31.940 joltshadow - docs §67: spin (player) w=0 driven=1 omega=30.70 rad/s surfaceSpeed=22.33 m/s spinSign=+1 motorTq=268Nm cmdTq=268Nm
INFO 2026-07-27 15:24:31.940 joltshadow - docs §58: wheel body (player) w=1 springF=-88N stopF=0N travel=0.0146 (limits -0.5000..0.5000 rel spawn) kSusp=6000 sagPredicted=-0.0147 | frameTrav=0.0146..0.0146 frameStopN=0
INFO 2026-07-27 15:24:31.940 joltshadow - docs §66: tyre band (player) w=1 fnGround=0N fnTotal=0N pen=0.00000 penRaw=0.00000 tau=0.01024 pen/tau=0.00 | recs tyre=1 rim=0 survived=0 stale=0 distMax=1.03R
INFO 2026-07-27 15:24:31.940 joltshadow - docs §68: steer (player) w=1 steerable=1 commanded=0.000 rad measured=-0.001 rad err=-0.04 deg steerSign=-1 steerTq=25Nm cap=1192Nm sat=0.02
INFO 2026-07-27 15:24:31.940 joltshadow - docs §70: slip (player) w=1 grounded=0 kappa=0.000 fnGround=0N omega=38.25
INFO 2026-07-27 15:24:31.940 joltshadow - docs §67: spin (player) w=1 driven=1 omega=38.25 rad/s surfaceSpeed=27.83 m/s spinSign=+1 motorTq=5Nm cmdTq=268Nm
INFO 2026-07-27 15:24:31.940 joltshadow - docs §58: wheel body (player) w=2 springF=1455N stopF=0N travel=-0.0835 (limits -0.5000..0.5000 rel spawn) kSusp=7500 sagPredicted=0.1940 | frameTrav=-0.0835..-0.0702 frameStopN=0
INFO 2026-07-27 15:24:31.940 joltshadow - docs §66: tyre band (player) w=2 fnGround=1214N fnTotal=1229N pen=0.01024 penRaw=0.01027 tau=0.01024 pen/tau=1.00 | recs tyre=1 rim=1 survived=1 stale=0 distMax=0.99R
INFO 2026-07-27 15:24:31.940 joltshadow - docs §68: steer (player) w=2 steerable=0 commanded=0.000 rad measured=0.000 rad err=0.00 deg steerSign=-1 steerTq=0Nm cap=340282346638528859811704183484516925440Nm sat=0.00
INFO 2026-07-27 15:24:31.940 joltshadow - docs §70: slip (player) w=2 grounded=1 kappa=0.016 fnGround=1214N omega=22.81
INFO 2026-07-27 15:24:31.940 joltshadow - docs §67: spin (player) w=2 driven=1 omega=22.81 rad/s surfaceSpeed=16.59 m/s spinSign=+1 motorTq=268Nm cmdTq=268Nm
INFO 2026-07-27 15:24:31.940 joltshadow - docs §58: wheel body (player) w=3 springF=767N stopF=0N travel=-0.0915 (limits -0.5000..0.5000 rel spawn) kSusp=7500 sagPredicted=0.1023 | frameTrav=-0.0915..-0.0901 frameStopN=0
INFO 2026-07-27 15:24:31.940 joltshadow - docs §66: tyre band (player) w=3 fnGround=924N fnTotal=926N pen=0.00770 penRaw=0.00770 tau=0.01024 pen/tau=0.75 | recs tyre=2 rim=2 survived=2 stale=0 distMax=1.00R
INFO 2026-07-27 15:24:31.940 joltshadow - docs §68: steer (player) w=3 steerable=0 commanded=0.000 rad measured=0.000 rad err=0.00 deg steerSign=-1 steerTq=0Nm cap=340282346638528859811704183484516925440Nm sat=0.00
INFO 2026-07-27 15:24:31.940 joltshadow - docs §70: slip (player) w=3 grounded=1 kappa=0.020 fnGround=924N omega=23.00
INFO 2026-07-27 15:24:31.941 joltshadow - docs §67: spin (player) w=3 driven=1 omega=23.00 rad/s surfaceSpeed=16.73 m/s spinSign=+1 motorTq=268Nm cmdTq=268Nm
INFO 2026-07-27 15:24:31.941 joltshadow - docs §67: drivetrain (player) gear=2 rpm=4410 driveTorque=1080Nm perWheel=270Nm driven=4 throttle=1.00 spin=1 | PRE-STEP brake=0.01 handBrake=0
INFO 2026-07-27 15:24:31.941 joltshadow - docs §66: tyre band SUM (player) fnGroundSum=2163N fnTotalSum=2181N weight=1638N carried=1.33 | penSum=0.01823 recs tyre=5 rim=4 stale=0
INFO 2026-07-27 15:24:31.941 joltshadow - docs §30: REAL ODE chassis COM (player) body=53396828 = (4665.389, 257.972, 1238.102) forward=(-0.223, 0.122, -0.967)
INFO 2026-07-27 15:24:31.941 joltshadow - docs §33: real ODE chassis geom (player) #1 = class 0 (not a transform) pos=(4665.389,257.972,1238.102) radius=4.000
INFO 2026-07-27 15:24:31.941 joltshadow - docs §33: real ODE chassis geom (player) #2 = transform, inner class=1 pos=(0.000,3.010,-1.827)
INFO 2026-07-27 15:24:31.941 joltshadow - docs §33: real ODE chassis geom (player) #3 = transform, inner class=1 pos=(0.013,2.455,4.253)
INFO 2026-07-27 15:24:31.941 joltshadow - docs §33: real ODE chassis geom (player) #4 = transform, inner class=1 pos=(0.000,2.778,2.038)
INFO 2026-07-27 15:24:31.941 joltshadow - docs §33: real ODE chassis geom (player) #5 = transform, inner class=1 pos=(0.000,1.675,0.000)
INFO 2026-07-27 15:24:31.941 joltshadow - docs §33: real ODE chassis geom (player) #6 = class 0 (not a transform) pos=(4665.389,257.972,1238.102) radius=30.000
INFO 2026-07-27 15:24:31.941 joltshadow - docs §33: real ODE chassis geom (player) #7 = class 0 (not a transform) pos=(4665.389,257.972,1238.102) radius=8.161
INFO 2026-07-27 15:24:31.941 joltshadow - docs §33: real ODE chassis geom (player) #8 = class 0 (not a transform) pos=(4665.389,257.972,1238.102) radius=200.000
INFO 2026-07-27 15:24:31.941 joltshadow - docs §33: real ODE chassis (player) has 8 total geom(s) directly attached (4 transform(s)) - compare against BuildChassisCompoundShape's own part/geom count in the build log
INFO 2026-07-27 15:24:31.941 joltshadow - docs §28: REAL ODE wheel state (player) wheel=0 displacement=0.0390 range=1.000 (4% compressed, signed) foreAft=2.663 localZ=2.663 cfm=0.002500 erp=0.2500
INFO 2026-07-27 15:24:31.941 joltshadow - docs §28: REAL ODE wheel state (player) wheel=1 displacement=-0.0024 range=1.000 (-0% compressed, signed) foreAft=2.663 localZ=2.663 cfm=0.002500 erp=0.2500
INFO 2026-07-27 15:24:31.941 joltshadow - docs §28: REAL ODE wheel state (player) wheel=2 displacement=0.0428 range=1.000 (4% compressed, signed) foreAft=-1.944 localZ=-1.944 cfm=0.002000 erp=0.2500
INFO 2026-07-27 15:24:31.941 joltshadow - docs §28: REAL ODE wheel state (player) wheel=3 displacement=0.0452 range=1.000 (5% compressed, signed) foreAft=-1.944 localZ=-1.944 cfm=0.002000 erp=0.2500
INFO 2026-07-27 15:24:31.979 joltshadow - docs §70.1: slipdense (player) f=904 w=0 grounded=0 kappa=0.000 fnGround=0 omega=34.46 | ftGround=0N target=38.8 limit=268Nm motorNm=268 tyreNm=0 inertia=2.91 limRot=0/1/0 omegaPre=33.63 posN=1/26/0 susp=0.0112 springN=-127
INFO 2026-07-27 15:24:31.979 joltshadow - docs §70.1: slipdense (player) f=904 w=1 grounded=0 kappa=0.000 fnGround=0 omega=38.36 | ftGround=0N target=38.8 limit=268Nm motorNm=10 tyreNm=0 inertia=2.91 limRot=0/0/0 omegaPre=38.33 posN=1/28/0 susp=0.0138 springN=-83
INFO 2026-07-27 15:24:31.979 joltshadow - docs §70.1: slipdense (player) f=904 w=2 grounded=1 kappa=0.017 fnGround=1215 omega=22.84 | ftGround=450N target=38.8 limit=268Nm motorNm=268 tyreNm=-267 inertia=2.91 limRot=0/-28/1 omegaPre=22.86 posN=-52/-510/0 susp=-0.1669 springN=1896
INFO 2026-07-27 15:24:31.979 joltshadow - docs §70.1: slipdense (player) f=904 w=3 grounded=1 kappa=0.016 fnGround=1215 omega=22.87 | ftGround=448N target=38.8 limit=268Nm motorNm=268 tyreNm=-266 inertia=2.91 limRot=0/-29/1 omegaPre=22.88 posN=-52/-500/0 susp=-0.1364 springN=1705
INFO 2026-07-27 15:24:31.979 joltshadow - docs §78: attdense (player) f=904 joltTilt=9.35 odeTilt=7.68 upDelta=1.69 wBody=(-0.43,-0.00,-0.03) |w|=0.43 grounded=2
INFO 2026-07-27 15:24:32.008 joltshadow - docs §70.1: slipdense (player) f=908 w=0 grounded=0 kappa=0.000 fnGround=0 omega=37.13 | ftGround=0N target=38.8 limit=268Nm motorNm=268 tyreNm=0 inertia=2.91 limRot=0/-6/0 omegaPre=36.48 posN=-1/29/0 susp=0.0159 springN=-137
INFO 2026-07-27 15:24:32.008 joltshadow - docs §70.1: slipdense (player) f=908 w=1 grounded=0 kappa=0.000 fnGround=0 omega=38.46 | ftGround=0N target=38.8 limit=268Nm motorNm=11 tyreNm=0 inertia=2.91 limRot=0/-38/0 omegaPre=38.44 posN=-1/32/0 susp=0.0145 springN=-98
INFO 2026-07-27 15:24:32.008 joltshadow - docs §70.1: slipdense (player) f=908 w=2 grounded=1 kappa=0.018 fnGround=1226 omega=22.93 | ftGround=458N target=38.8 limit=268Nm motorNm=268 tyreNm=-262 inertia=2.91 limRot=0/-3/4 omegaPre=22.91 posN=-23/-539/0 susp=-0.2093 springN=2034
INFO 2026-07-27 15:24:32.008 joltshadow - docs §70.1: slipdense (player) f=908 w=3 grounded=1 kappa=0.018 fnGround=1216 omega=22.95 | ftGround=460N target=38.8 limit=268Nm motorNm=268 tyreNm=-264 inertia=2.91 limRot=0/-5/4 omegaPre=22.94 posN=-23/-531/0 susp=-0.1815 springN=1865
INFO 2026-07-27 15:24:32.008 joltshadow - docs §78: attdense (player) f=908 joltTilt=9.96 odeTilt=7.93 upDelta=2.14 wBody=(-0.32,-0.00,-0.04) |w|=0.33 grounded=2
INFO 2026-07-27 15:24:32.031 joltshadow - docs §70.1: slipdense (player) f=912 w=0 grounded=0 kappa=0.000 fnGround=0 omega=38.55 | ftGround=0N target=38.8 limit=268Nm motorNm=12 tyreNm=0 inertia=2.91 limRot=0/-61/0 omegaPre=38.53 posN=-5/28/0 susp=0.0184 springN=-134
INFO 2026-07-27 15:24:32.031 joltshadow - docs §70.1: slipdense (player) f=912 w=1 grounded=0 kappa=0.000 fnGround=0 omega=38.55 | ftGround=0N target=38.8 limit=268Nm motorNm=12 tyreNm=0 inertia=2.91 limRot=0/-660/0 omegaPre=38.53 posN=-5/32/0 susp=0.0154 springN=-105
INFO 2026-07-27 15:24:32.031 joltshadow - docs §70.1: slipdense (player) f=912 w=2 grounded=1 kappa=0.016 fnGround=1217 omega=22.92 | ftGround=445N target=38.8 limit=268Nm motorNm=268 tyreNm=-272 inertia=2.91 limRot=0/18/6 omegaPre=22.92 posN=7/-537/0 susp=-0.2324 springN=2052
INFO 2026-07-27 15:24:32.031 joltshadow - docs §70.1: slipdense (player) f=912 w=3 grounded=1 kappa=0.016 fnGround=1217 omega=22.96 | ftGround=445N target=38.8 limit=268Nm motorNm=268 tyreNm=-272 inertia=2.91 limRot=0/17/6 omegaPre=22.95 posN=6/-526/0 susp=-0.2071 springN=1905
INFO 2026-07-27 15:24:32.031 joltshadow - docs §78: attdense (player) f=912 joltTilt=10.33 odeTilt=7.96 upDelta=2.55 wBody=(-0.23,-0.01,-0.04) |w|=0.24 grounded=2
INFO 2026-07-27 15:24:32.055 joltshadow - docs §70.1: slipdense (player) f=916 w=0 grounded=0 kappa=0.000 fnGround=0 omega=38.65 | ftGround=0N target=38.8 limit=268Nm motorNm=12 tyreNm=0 inertia=2.91 limRot=0/-714/0 omegaPre=38.62 posN=19/40/0 susp=0.0194 springN=-124
INFO 2026-07-27 15:24:32.055 joltshadow - docs §70.1: slipdense (player) f=916 w=1 grounded=0 kappa=0.000 fnGround=0 omega=38.65 | ftGround=0N target=38.8 limit=268Nm motorNm=11 tyreNm=0 inertia=2.91 limRot=0/-1003/0 omegaPre=38.63 posN=19/21/0 susp=0.0162 springN=-105
INFO 2026-07-27 15:24:32.055 joltshadow - docs §70.1: slipdense (player) f=916 w=2 grounded=1 kappa=0.016 fnGround=1230 omega=22.99 | ftGround=429N target=38.8 limit=268Nm motorNm=268 tyreNm=-250 inertia=2.91 limRot=0/21/5 omegaPre=22.97 posN=-1/-515/0 susp=-0.2464 springN=1995
INFO 2026-07-27 15:24:32.055 joltshadow - docs §70.1: slipdense (player) f=916 w=3 grounded=1 kappa=0.016 fnGround=1218 omega=23.02 | ftGround=434N target=38.8 limit=268Nm motorNm=268 tyreNm=-254 inertia=2.91 limRot=0/19/5 omegaPre=23.00 posN=-2/-531/0 susp=-0.2238 springN=1871
INFO 2026-07-27 15:24:32.055 joltshadow - docs §78: attdense (player) f=916 joltTilt=10.58 odeTilt=7.88 upDelta=2.95 wBody=(-0.14,-0.00,-0.04) |w|=0.15 grounded=2
INFO 2026-07-27 15:24:32.080 joltshadow - docs §70.1: slipdense (player) f=920 w=0 grounded=0 kappa=0.000 fnGround=0 omega=38.74 | ftGround=0N target=38.8 limit=268Nm motorNm=11 tyreNm=0 inertia=2.91 limRot=0/111/0 omegaPre=38.72 posN=-9/32/0 susp=0.0196 springN=-116
INFO 2026-07-27 15:24:32.080 joltshadow - docs §70.1: slipdense (player) f=920 w=1 grounded=0 kappa=0.000 fnGround=0 omega=38.74 | ftGround=0N target=38.8 limit=268Nm motorNm=11 tyreNm=0 inertia=2.91 limRot=0/111/0 omegaPre=38.72 posN=-9/39/0 susp=0.0165 springN=-99
INFO 2026-07-27 15:24:32.080 joltshadow - docs §70.1: slipdense (player) f=920 w=2 grounded=1 kappa=0.017 fnGround=1231 omega=23.08 | ftGround=462N target=38.8 limit=268Nm motorNm=268 tyreNm=-273 inertia=2.91 limRot=0/6/5 omegaPre=23.11 posN=-2/-552/0 susp=-0.2500 springN=1859
INFO 2026-07-27 15:24:32.080 joltshadow - docs §70.1: slipdense (player) f=920 w=3 grounded=1 kappa=0.016 fnGround=1254 omega=23.07 | ftGround=463N target=38.8 limit=268Nm motorNm=268 tyreNm=-276 inertia=2.91 limRot=0/4/5 omegaPre=23.08 posN=-5/-551/0 susp=-0.2310 springN=1776
INFO 2026-07-27 15:24:32.080 joltshadow - docs §78: attdense (player) f=920 joltTilt=10.71 odeTilt=7.67 upDelta=3.27 wBody=(-0.05,0.00,-0.06) |w|=0.07 grounded=2
INFO 2026-07-27 15:24:32.108 joltshadow - docs §70.1: slipdense (player) f=924 w=0 grounded=0 kappa=0.000 fnGround=0 omega=38.83 | ftGround=0N target=38.8 limit=268Nm motorNm=9 tyreNm=0 inertia=2.91 limRot=0/-0/0 omegaPre=38.81 posN=-1/34/0 susp=0.0188 springN=-101
INFO 2026-07-27 15:24:32.108 joltshadow - docs §70.1: slipdense (player) f=924 w=1 grounded=0 kappa=0.000 fnGround=0 omega=38.83 | ftGround=0N target=38.8 limit=268Nm motorNm=9 tyreNm=0 inertia=2.91 limRot=0/-17/0 omegaPre=38.81 posN=-1/33/0 susp=0.0162 springN=-92
INFO 2026-07-27 15:24:32.109 joltshadow - docs §70.1: slipdense (player) f=924 w=2 grounded=1 kappa=0.016 fnGround=1222 omega=23.16 | ftGround=439N target=38.8 limit=268Nm motorNm=268 tyreNm=-263 inertia=2.91 limRot=0/16/6 omegaPre=23.18 posN=10/-509/0 susp=-0.2423 springN=1643
INFO 2026-07-27 15:24:32.109 joltshadow - docs §70.1: slipdense (player) f=924 w=3 grounded=1 kappa=0.016 fnGround=1222 omega=23.16 | ftGround=441N target=38.8 limit=268Nm motorNm=268 tyreNm=-265 inertia=2.91 limRot=0/14/5 omegaPre=23.18 posN=8/-513/0 susp=-0.2280 springN=1606
INFO 2026-07-27 15:24:32.109 joltshadow - docs §78: attdense (player) f=924 joltTilt=10.71 odeTilt=7.38 upDelta=3.49 wBody=(0.05,-0.00,-0.06) |w|=0.08 grounded=2
INFO 2026-07-27 15:24:32.152 joltshadow - docs §70.1: slipdense (player) f=928 w=0 grounded=0 kappa=0.000 fnGround=0 omega=38.95 | ftGround=0N target=38.8 limit=268Nm motorNm=7 tyreNm=0 inertia=2.91 limRot=0/-2/0 omegaPre=38.93 posN=-0/38/0 susp=0.0164 springN=-78
INFO 2026-07-27 15:24:32.152 joltshadow - docs §70.1: slipdense (player) f=928 w=1 grounded=0 kappa=0.000 fnGround=0 omega=38.95 | ftGround=0N target=38.8 limit=268Nm motorNm=7 tyreNm=0 inertia=2.91 limRot=0/8/0 omegaPre=38.93 posN=-0/35/0 susp=0.0148 springN=-77
INFO 2026-07-27 15:24:32.152 joltshadow - docs §70.1: slipdense (player) f=928 w=2 grounded=1 kappa=0.017 fnGround=1225 omega=23.31 | ftGround=456N target=38.8 limit=268Nm motorNm=268 tyreNm=-261 inertia=2.91 limRot=0/17/5 omegaPre=23.27 posN=15/-497/0 susp=-0.2115 springN=1249
INFO 2026-07-27 15:24:32.152 joltshadow - docs §70.1: slipdense (player) f=928 w=3 grounded=1 kappa=0.017 fnGround=1225 omega=23.30 | ftGround=457N target=38.8 limit=268Nm motorNm=268 tyreNm=-261 inertia=2.91 limRot=0/16/5 omegaPre=23.26 posN=14/-501/0 susp=-0.2052 springN=1272
INFO 2026-07-27 15:24:32.152 joltshadow - docs §78: attdense (player) f=928 joltTilt=10.45 odeTilt=6.99 upDelta=3.50 wBody=(0.17,0.00,-0.07) |w|=0.18 grounded=2
INFO 2026-07-27 15:24:32.182 joltshadow - docs §70.1: slipdense (player) f=932 w=0 grounded=0 kappa=0.000 fnGround=0 omega=39.01 | ftGround=0N target=38.8 limit=268Nm motorNm=5 tyreNm=0 inertia=2.91 limRot=0/-15/0 omegaPre=39.00 posN=2/39/0 susp=0.0141 springN=-63
INFO 2026-07-27 15:24:32.182 joltshadow - docs §70.1: slipdense (player) f=932 w=1 grounded=0 kappa=0.000 fnGround=0 omega=39.01 | ftGround=0N target=38.8 limit=268Nm motorNm=5 tyreNm=0 inertia=2.91 limRot=0/219/0 omegaPre=39.00 posN=2/35/0 susp=0.0135 springN=-65
INFO 2026-07-27 15:24:32.182 joltshadow - docs §70.1: slipdense (player) f=932 w=2 grounded=1 kappa=0.018 fnGround=1141 omega=23.39 | ftGround=453N target=38.8 limit=268Nm motorNm=268 tyreNm=-268 inertia=2.91 limRot=0/13/4 omegaPre=23.39 posN=12/-473/0 susp=-0.1809 springN=975
INFO 2026-07-27 15:24:32.183 joltshadow - docs §70.1: slipdense (player) f=932 w=3 grounded=1 kappa=0.017 fnGround=1201 omega=23.37 | ftGround=462N target=38.8 limit=268Nm motorNm=268 tyreNm=-272 inertia=2.91 limRot=0/14/4 omegaPre=23.38 posN=13/-490/0 susp=-0.1800 springN=1030
INFO 2026-07-27 15:24:32.183 joltshadow - docs §78: attdense (player) f=932 joltTilt=10.12 odeTilt=6.78 upDelta=3.34 wBody=(0.23,0.00,-0.07) |w|=0.24 grounded=2
INFO 2026-07-27 15:24:32.207 joltshadow - docs §70.1: slipdense (player) f=936 w=0 grounded=0 kappa=0.000 fnGround=0 omega=39.05 | ftGround=0N target=38.8 limit=268Nm motorNm=4 tyreNm=0 inertia=2.91 limRot=0/-318/0 omegaPre=39.04 posN=-9/30/0 susp=0.0124 springN=-54
INFO 2026-07-27 15:24:32.207 joltshadow - docs §70.1: slipdense (player) f=936 w=1 grounded=0 kappa=0.000 fnGround=0 omega=39.04 | ftGround=0N target=38.8 limit=268Nm motorNm=5 tyreNm=0 inertia=2.91 limRot=0/1372/0 omegaPre=39.03 posN=-9/36/0 susp=0.0120 springN=-55
INFO 2026-07-27 15:24:32.207 joltshadow - docs §70.1: slipdense (player) f=936 w=2 grounded=1 kappa=0.021 fnGround=888 omega=23.47 | ftGround=413N target=38.8 limit=268Nm motorNm=268 tyreNm=-253 inertia=2.91 limRot=0/7/3 omegaPre=23.46 posN=11/-426/0 susp=-0.1548 springN=764
INFO 2026-07-27 15:24:32.207 joltshadow - docs §70.1: slipdense (player) f=936 w=3 grounded=1 kappa=0.019 fnGround=986 omega=23.43 | ftGround=420N target=38.8 limit=268Nm motorNm=268 tyreNm=-253 inertia=2.91 limRot=0/8/3 omegaPre=23.41 posN=13/-431/0 susp=-0.1585 springN=859
INFO 2026-07-27 15:24:32.207 joltshadow - docs §78: attdense (player) f=936 joltTilt=9.78 odeTilt=6.61 upDelta=3.19 wBody=(0.26,0.01,-0.07) |w|=0.27 grounded=2
INFO 2026-07-27 15:24:32.231 joltshadow - docs §70.1: slipdense (player) f=940 w=0 grounded=0 kappa=0.000 fnGround=0 omega=39.07 | ftGround=0N target=38.8 limit=268Nm motorNm=2 tyreNm=0 inertia=2.91 limRot=0/-122/0 omegaPre=39.07 posN=7/36/0 susp=0.0106 springN=-42
INFO 2026-07-27 15:24:32.231 joltshadow - docs §70.1: slipdense (player) f=940 w=1 grounded=0 kappa=0.000 fnGround=0 omega=39.06 | ftGround=0N target=38.8 limit=268Nm motorNm=7 tyreNm=0 inertia=2.91 limRot=0/-336/0 omegaPre=39.06 posN=6/29/0 susp=0.0108 springN=-50
INFO 2026-07-27 15:24:32.231 joltshadow - docs §70.1: slipdense (player) f=940 w=2 grounded=1 kappa=0.026 fnGround=687 omega=23.57 | ftGround=400N target=38.8 limit=268Nm motorNm=268 tyreNm=-255 inertia=2.91 limRot=0/21/3 omegaPre=23.54 posN=23/-395/0 susp=-0.1293 springN=575
INFO 2026-07-27 15:24:32.231 joltshadow - docs §70.1: slipdense (player) f=940 w=3 grounded=1 kappa=0.023 fnGround=816 omega=23.52 | ftGround=413N target=38.8 limit=268Nm motorNm=268 tyreNm=-258 inertia=2.91 limRot=0/25/4 omegaPre=23.50 posN=29/-419/0 susp=-0.1371 springN=696
INFO 2026-07-27 15:24:32.232 joltshadow - docs §78: attdense (player) f=940 joltTilt=9.42 odeTilt=6.44 upDelta=3.07 wBody=(0.29,0.00,-0.06) |w|=0.29 grounded=2
INFO 2026-07-27 15:24:32.259 joltshadow - docs §70.1: slipdense (player) f=944 w=0 grounded=0 kappa=0.000 fnGround=0 omega=39.09 | ftGround=0N target=38.8 limit=268Nm motorNm=1 tyreNm=0 inertia=2.91 limRot=0/7/0 omegaPre=39.09 posN=1/32/0 susp=0.0085 springN=-31
INFO 2026-07-27 15:24:32.259 joltshadow - docs §70.1: slipdense (player) f=944 w=1 grounded=0 kappa=0.000 fnGround=0 omega=39.09 | ftGround=0N target=38.8 limit=268Nm motorNm=2 tyreNm=0 inertia=2.91 limRot=0/13/0 omegaPre=39.08 posN=0/29/0 susp=0.0097 springN=-44
INFO 2026-07-27 15:24:32.259 joltshadow - docs §70.1: slipdense (player) f=944 w=2 grounded=1 kappa=0.034 fnGround=503 omega=23.76 | ftGround=374N target=38.8 limit=268Nm motorNm=268 tyreNm=-249 inertia=2.91 limRot=0/15/2 omegaPre=23.71 posN=20/-362/0 susp=-0.1011 springN=392
INFO 2026-07-27 15:24:32.259 joltshadow - docs §70.1: slipdense (player) f=944 w=3 grounded=1 kappa=0.028 fnGround=645 omega=23.63 | ftGround=396N target=38.8 limit=268Nm motorNm=268 tyreNm=-259 inertia=2.91 limRot=0/20/2 omegaPre=23.60 posN=27/-391/0 susp=-0.1128 springN=534
INFO 2026-07-27 15:24:32.259 joltshadow - docs §78: attdense (player) f=944 joltTilt=8.97 odeTilt=6.26 upDelta=2.97 wBody=(0.31,0.00,-0.05) |w|=0.31 grounded=2
INFO 2026-07-27 15:24:32.271 joltshadow - docs §82: resync (player) #15 dt=0.50s upMax=3.539 deg posMax=0.435 m odeTiltPath=6.704 deg gain=0.5279
INFO 2026-07-27 15:24:32.271 joltshadow - docs §87: resync landing (player) w=0 pre=0.3972 post=0.2610 m R=0.727 dY=-0.0192 dRotDeg=2.95 |corr|=0.4346 m
INFO 2026-07-27 15:24:32.271 joltshadow - docs §87: resync landing (player) w=1 pre=0.0185 post=0.0058 m R=0.727 dY=-0.0192 dRotDeg=2.95 |corr|=0.4346 m
INFO 2026-07-27 15:24:32.271 joltshadow - docs §87: resync landing (player) w=2 pre=0.0016 post=-0.0039 m R=0.727 dY=-0.0192 dRotDeg=2.95 |corr|=0.4346 m
INFO 2026-07-27 15:24:32.271 joltshadow - docs §87: resync landing (player) w=3 pre=0.0004 post=0.0038 m R=0.727 dY=-0.0192 dRotDeg=2.95 |corr|=0.4346 m
INFO 2026-07-27 15:24:32.271 joltshadow - docs §82: resync RESIDUAL (player) #15 pos=0.0000 m up=0.0000 deg
INFO 2026-07-27 15:24:32.290 joltshadow - docs §70.1: slipdense (player) f=948 w=0 grounded=0 kappa=0.000 fnGround=0 omega=38.87 | ftGround=0N target=38.8 limit=268Nm motorNm=-1 tyreNm=0 inertia=2.91 limRot=0/-15/0 omegaPre=38.88 posN=-3/19/0 susp=-0.0360 springN=72
INFO 2026-07-27 15:24:32.290 joltshadow - docs §70.1: slipdense (player) f=948 w=1 grounded=0 kappa=0.000 fnGround=0 omega=38.87 | ftGround=0N target=38.8 limit=268Nm motorNm=-1 tyreNm=0 inertia=2.91 limRot=0/17/0 omegaPre=38.88 posN=-1/5/0 susp=-0.1086 springN=357
INFO 2026-07-27 15:24:32.290 joltshadow - docs §70.1: slipdense (player) f=948 w=2 grounded=1 kappa=0.020 fnGround=552 omega=26.06 | ftGround=247N target=38.8 limit=268Nm motorNm=268 tyreNm=-145 inertia=2.91 limRot=0/107/3 omegaPre=25.85 posN=119/-227/0 susp=-0.1239 springN=1049
INFO 2026-07-27 15:24:32.290 joltshadow - docs §70.1: slipdense (player) f=948 w=3 grounded=1 kappa=0.014 fnGround=460 omega=25.81 | ftGround=146N target=38.8 limit=268Nm motorNm=268 tyreNm=-80 inertia=2.91 limRot=0/86/1 omegaPre=24.83 posN=80/-137/0 susp=-0.0532 springN=330
INFO 2026-07-27 15:24:32.290 joltshadow - docs §78: attdense (player) f=948 joltTilt=6.09 odeTilt=6.07 upDelta=0.05 wBody=(0.09,-0.00,0.16) |w|=0.18 grounded=2
INFO 2026-07-27 15:24:32.325 joltshadow - docs §70.1: slipdense (player) f=952 w=0 grounded=0 kappa=0.000 fnGround=0 omega=41.03 | ftGround=0N target=58.2 limit=179Nm motorNm=179 tyreNm=0 inertia=2.91 limRot=0/20/0 omegaPre=40.60 posN=-9/-0/0 susp=-0.0149 springN=-82
INFO 2026-07-27 15:24:32.325 joltshadow - docs §70.1: slipdense (player) f=952 w=1 grounded=0 kappa=0.000 fnGround=0 omega=41.03 | ftGround=0N target=58.2 limit=179Nm motorNm=179 tyreNm=0 inertia=2.91 limRot=0/21/0 omegaPre=40.60 posN=-7/6/0 susp=-0.0609 springN=-69
INFO 2026-07-27 15:24:32.325 joltshadow - docs §70.1: slipdense (player) f=952 w=2 grounded=0 kappa=0.000 fnGround=0 omega=28.21 | ftGround=0N target=58.2 limit=179Nm motorNm=179 tyreNm=0 inertia=2.91 limRot=0/1/-6 omegaPre=27.78 posN=6/-1/0 susp=-0.0922 springN=143
INFO 2026-07-27 15:24:32.325 joltshadow - docs §70.1: slipdense (player) f=952 w=3 grounded=1 kappa=0.026 fnGround=486 omega=25.92 | ftGround=278N target=58.2 limit=179Nm motorNm=179 tyreNm=-175 inertia=2.91 limRot=0/74/6 omegaPre=25.92 posN=85/-268/0 susp=-0.0520 springN=413
INFO 2026-07-27 15:24:32.325 joltshadow - docs §78: attdense (player) f=952 joltTilt=5.92 odeTilt=5.84 upDelta=0.18 wBody=(0.09,-0.01,0.15) |w|=0.18 grounded=1
INFO 2026-07-27 15:24:32.353 joltshadow - docs §70.1: slipdense (player) f=956 w=0 grounded=0 kappa=0.000 fnGround=0 omega=42.81 | ftGround=0N target=58.2 limit=179Nm motorNm=179 tyreNm=0 inertia=2.91 limRot=0/207/0 omegaPre=42.44 posN=-29/74/0 susp=-0.0022 springN=-89
INFO 2026-07-27 15:24:32.353 joltshadow - docs §70.1: slipdense (player) f=956 w=1 grounded=1 kappa=0.654 fnGround=216 omega=42.12 | ftGround=381N target=58.2 limit=179Nm motorNm=179 tyreNm=-297 inertia=2.91 limRot=0/654/0 omegaPre=42.44 posN=239/-365/0 susp=-0.0242 springN=-153
INFO 2026-07-27 15:24:32.353 joltshadow - docs §70.1: slipdense (player) f=956 w=2 grounded=1 kappa=0.113 fnGround=451 omega=27.92 | ftGround=735N target=58.2 limit=179Nm motorNm=179 tyreNm=-570 inertia=2.91 limRot=0/164/-46 omegaPre=28.79 posN=245/-786/0 susp=-0.0514 springN=-21
INFO 2026-07-27 15:24:32.353 joltshadow - docs §70.1: slipdense (player) f=956 w=3 grounded=1 kappa=0.021 fnGround=593 omega=25.88 | ftGround=283N target=58.2 limit=179Nm motorNm=179 tyreNm=-179 inertia=2.91 limRot=0/82/5 omegaPre=25.88 posN=52/-208/0 susp=-0.0566 springN=521
INFO 2026-07-27 15:24:32.353 joltshadow - docs §78: attdense (player) f=956 joltTilt=5.78 odeTilt=5.66 upDelta=0.25 wBody=(0.10,-0.01,0.16) |w|=0.19 grounded=3
INFO 2026-07-27 15:24:32.381 joltshadow - docs §70.1: slipdense (player) f=960 w=0 grounded=0 kappa=0.000 fnGround=0 omega=44.46 | ftGround=0N target=58.2 limit=179Nm motorNm=179 tyreNm=0 inertia=2.91 limRot=0/1184/0 omegaPre=43.91 posN=-22/-5/0 susp=0.0042 springN=-69
INFO 2026-07-27 15:24:32.381 joltshadow - docs §70.1: slipdense (player) f=960 w=1 grounded=0 kappa=0.000 fnGround=0 omega=43.29 | ftGround=0N target=58.2 limit=179Nm motorNm=179 tyreNm=0 inertia=2.91 limRot=0/33/0 omegaPre=42.74 posN=-21/17/0 susp=-0.0044 springN=-151
INFO 2026-07-27 15:24:32.381 joltshadow - docs §70.1: slipdense (player) f=960 w=2 grounded=1 kappa=0.086 fnGround=29 omega=27.76 | ftGround=42N target=58.2 limit=179Nm motorNm=179 tyreNm=-32 inertia=2.91 limRot=0/13/-8 omegaPre=27.38 posN=34/-54/0 susp=-0.0299 springN=-36
INFO 2026-07-27 15:24:32.381 joltshadow - docs §70.1: slipdense (player) f=960 w=3 grounded=1 kappa=0.018 fnGround=727 omega=25.92 | ftGround=291N target=58.2 limit=179Nm motorNm=179 tyreNm=-177 inertia=2.91 limRot=0/79/6 omegaPre=25.91 posN=85/-266/0 susp=-0.0664 springN=658
INFO 2026-07-27 15:24:32.381 joltshadow - docs §78: attdense (player) f=960 joltTilt=5.65 odeTilt=5.47 upDelta=0.21 wBody=(0.11,-0.01,0.17) |w|=0.21 grounded=2
INFO 2026-07-27 15:24:32.381 joltshadow - Shadow divergence (player): pos=1.626m vel=0.491m/s angle=0.2deg (jolt com=[4663.8 260.2 1231.2] ode com=[4663.6 258.8 1230.4])
INFO 2026-07-27 15:24:32.381 joltshadow - docs §23.6: driver input (player) realThrottle=1.00 brake=0.01 handBrake=0 steerRad=0.000
INFO 2026-07-27 15:24:32.381 joltshadow - docs §32: Jolt SHADOW chassis pitch (player) forward=(-0.222, 0.097, -0.970)
INFO 2026-07-27 15:24:32.381 joltshadow - docs §69: tilt (player) jolt=5.6 deg ode=5.5 deg delta=+0.2 deg upDelta=0.21 deg
INFO 2026-07-27 15:24:32.381 joltshadow - docs §32.4: Jolt SHADOW chassis lowest corner (player) = (4665.99,259.74,1234.10) clearanceToGround=1.006
INFO 2026-07-27 15:24:32.381 joltshadow - docs §23.5: wheel state (player) wheel=0 contact=0 suspLen=1.050 (range 0.050-1.050, 0% compressed) angVel=0.00
INFO 2026-07-27 15:24:32.382 joltshadow - docs §38.11: wheel=0 NO contact, worldAxle=(0.974,-0.015,-0.224)
INFO 2026-07-27 15:24:32.382 joltshadow - docs §32: no-contact raycast (player) wheel=0 bodyPos=(4663.65,260.22,1230.59) localMPos=(-1.367,-0.436,2.663) origin=(4664.38,260.03,1227.66) dir=(-0.036,-0.995,-0.092) normalRayLen=1.777 groundFoundAt=0.000 shortfallBeyondTravel=-1.777 hitBody=8391036 hitLayer=4 hitMotion=2 hitIsSelfChassis=0
INFO 2026-07-27 15:24:32.382 joltshadow - docs §23.5: wheel state (player) wheel=1 contact=0 suspLen=1.050 (range 0.050-1.050, 0% compressed) angVel=0.00
INFO 2026-07-27 15:24:32.382 joltshadow - docs §38.11: wheel=1 NO contact, worldAxle=(0.974,-0.015,-0.224)
INFO 2026-07-27 15:24:32.382 joltshadow - docs §32: no-contact raycast (player) wheel=1 bodyPos=(4663.65,260.22,1230.59) localMPos=(1.369,-0.436,2.663) origin=(4661.71,260.07,1228.27) dir=(-0.036,-0.995,-0.092) normalRayLen=1.777 groundFoundAt=0.000 shortfallBeyondTravel=-1.777 hitBody=8391037 hitLayer=4 hitMotion=2 hitIsSelfChassis=0
INFO 2026-07-27 15:24:32.382 joltshadow - docs §23.5: wheel state (player) wheel=2 contact=0 suspLen=1.050 (range 0.050-1.050, 0% compressed) angVel=0.00
INFO 2026-07-27 15:24:32.382 joltshadow - docs §38.11: wheel=2 NO contact, worldAxle=(0.974,-0.015,-0.224)
INFO 2026-07-27 15:24:32.382 joltshadow - docs §32: no-contact raycast (player) wheel=2 bodyPos=(4663.65,260.22,1230.59) localMPos=(-1.367,-0.436,-1.944) origin=(4665.40,259.58,1232.13) dir=(-0.036,-0.995,-0.092) normalRayLen=1.777 groundFoundAt=0.000 shortfallBeyondTravel=-1.777 hitBody=8391038 hitLayer=4 hitMotion=2 hitIsSelfChassis=0
INFO 2026-07-27 15:24:32.382 joltshadow - docs §23.5: wheel state (player) wheel=3 contact=0 suspLen=1.050 (range 0.050-1.050, 0% compressed) angVel=0.00
INFO 2026-07-27 15:24:32.383 joltshadow - docs §38.11: wheel=3 NO contact, worldAxle=(0.974,-0.015,-0.224)
INFO 2026-07-27 15:24:32.383 joltshadow - docs §32: no-contact raycast (player) wheel=3 bodyPos=(4663.65,260.22,1230.59) localMPos=(1.369,-0.436,-1.944) origin=(4662.73,259.62,1232.74) dir=(-0.036,-0.995,-0.092) normalRayLen=1.777 groundFoundAt=0.000 shortfallBeyondTravel=-1.777 hitBody=8391039 hitLayer=4 hitMotion=2 hitIsSelfChassis=0
INFO 2026-07-27 15:24:32.383 joltshadow - docs §59/63: harvest (player) wheelsWithContact=3 contactPoints=6 overflow=0 (of 4) | maxNormalF=727N bound(k_t*tau)=1229N ratio=0.59
INFO 2026-07-27 15:24:32.383 joltshadow - docs §58: wheel body (player) w=0 springF=-69N stopF=0N travel=0.0042 (limits -0.5000..0.5000 rel spawn) kSusp=6000 sagPredicted=-0.0115 | frameTrav=0.0032..0.0042 frameStopN=0
INFO 2026-07-27 15:24:32.383 joltshadow - docs §66: tyre band (player) w=0 fnGround=0N fnTotal=0N pen=0.00000 penRaw=0.00000 tau=0.01024 pen/tau=0.00 | recs tyre=0 rim=0 survived=0 stale=0 distMax=0.00R
INFO 2026-07-27 15:24:32.383 joltshadow - docs §68: steer (player) w=0 steerable=1 commanded=0.000 rad measured=-0.090 rad err=-5.17 deg steerSign=-1 steerTq=-1192Nm cap=1192Nm sat=1.00
INFO 2026-07-27 15:24:32.383 joltshadow - docs §70: slip (player) w=0 grounded=0 kappa=0.000 fnGround=0N omega=44.46
INFO 2026-07-27 15:24:32.383 joltshadow - docs §67: spin (player) w=0 driven=1 omega=44.46 rad/s surfaceSpeed=32.34 m/s spinSign=+1 motorTq=179Nm cmdTq=179Nm
INFO 2026-07-27 15:24:32.383 joltshadow - docs §58: wheel body (player) w=1 springF=-151N stopF=0N travel=-0.0044 (limits -0.5000..0.5000 rel spawn) kSusp=6000 sagPredicted=-0.0252 | frameTrav=-0.0080..-0.0044 frameStopN=0
INFO 2026-07-27 15:24:32.384 joltshadow - docs §66: tyre band (player) w=1 fnGround=0N fnTotal=0N pen=0.00000 penRaw=0.00000 tau=0.01024 pen/tau=0.00 | recs tyre=1 rim=1 survived=0 stale=0 distMax=1.00R
INFO 2026-07-27 15:24:32.384 joltshadow - docs §68: steer (player) w=1 steerable=1 commanded=0.000 rad measured=-0.039 rad err=-2.26 deg steerSign=-1 steerTq=-251Nm cap=1192Nm sat=0.21
INFO 2026-07-27 15:24:32.384 joltshadow - docs §70: slip (player) w=1 grounded=0 kappa=0.000 fnGround=0N omega=43.29
INFO 2026-07-27 15:24:32.384 joltshadow - docs §67: spin (player) w=1 driven=1 omega=43.29 rad/s surfaceSpeed=31.49 m/s spinSign=+1 motorTq=179Nm cmdTq=179Nm
INFO 2026-07-27 15:24:32.384 joltshadow - docs §58: wheel body (player) w=2 springF=-36N stopF=0N travel=-0.0299 (limits -0.5000..0.5000 rel spawn) kSusp=7500 sagPredicted=-0.0048 | frameTrav=-0.0341..-0.0299 frameStopN=0
INFO 2026-07-27 15:24:32.384 joltshadow - docs §66: tyre band (player) w=2 fnGround=29N fnTotal=32N pen=0.00100 penRaw=0.00100 tau=0.01024 pen/tau=0.10 | recs tyre=1 rim=1 survived=1 stale=0 distMax=1.00R
INFO 2026-07-27 15:24:32.384 joltshadow - docs §68: steer (player) w=2 steerable=0 commanded=0.000 rad measured=-0.000 rad err=-0.00 deg steerSign=-1 steerTq=0Nm cap=340282346638528859811704183484516925440Nm sat=0.00
INFO 2026-07-27 15:24:32.384 joltshadow - docs §70: slip (player) w=2 grounded=1 kappa=0.086 fnGround=29N omega=27.76
INFO 2026-07-27 15:24:32.384 joltshadow - docs §67: spin (player) w=2 driven=1 omega=27.76 rad/s surfaceSpeed=20.19 m/s spinSign=+1 motorTq=179Nm cmdTq=179Nm
INFO 2026-07-27 15:24:32.384 joltshadow - docs §58: wheel body (player) w=3 springF=658N stopF=0N travel=-0.0664 (limits -0.5000..0.5000 rel spawn) kSusp=7500 sagPredicted=0.0878 | frameTrav=-0.0664..-0.0638 frameStopN=0
INFO 2026-07-27 15:24:32.384 joltshadow - docs §66: tyre band (player) w=3 fnGround=727N fnTotal=758N pen=0.00591 penRaw=0.00591 tau=0.01024 pen/tau=0.58 | recs tyre=1 rim=1 survived=1 stale=0 distMax=0.99R
INFO 2026-07-27 15:24:32.384 joltshadow - docs §68: steer (player) w=3 steerable=0 commanded=0.000 rad measured=-0.000 rad err=-0.00 deg steerSign=-1 steerTq=0Nm cap=340282346638528859811704183484516925440Nm sat=0.00
INFO 2026-07-27 15:24:32.384 joltshadow - docs §70: slip (player) w=3 grounded=1 kappa=0.018 fnGround=727N omega=25.92
INFO 2026-07-27 15:24:32.384 joltshadow - docs §67: spin (player) w=3 driven=1 omega=25.92 rad/s surfaceSpeed=18.86 m/s spinSign=+1 motorTq=179Nm cmdTq=179Nm
INFO 2026-07-27 15:24:32.385 joltshadow - docs §67: drivetrain (player) gear=3 rpm=3608 driveTorque=720Nm perWheel=180Nm driven=4 throttle=1.00 spin=1 | PRE-STEP brake=0.01 handBrake=0
INFO 2026-07-27 15:24:32.385 joltshadow - docs §66: tyre band SUM (player) fnGroundSum=755N fnTotalSum=791N weight=1638N carried=0.48 | penSum=0.00691 recs tyre=3 rim=3 stale=0
INFO 2026-07-27 15:24:32.385 joltshadow - docs §30: REAL ODE chassis COM (player) body=53396828 = (4663.621, 258.807, 1230.449) forward=(-0.220, 0.095, -0.971)
INFO 2026-07-27 15:24:32.385 joltshadow - docs §33: real ODE chassis geom (player) #1 = class 0 (not a transform) pos=(4663.621,258.807,1230.449) radius=4.000
INFO 2026-07-27 15:24:32.385 joltshadow - docs §33: real ODE chassis geom (player) #2 = transform, inner class=1 pos=(0.000,3.010,-1.827)
INFO 2026-07-27 15:24:32.385 joltshadow - docs §33: real ODE chassis geom (player) #3 = transform, inner class=1 pos=(0.013,2.455,4.253)
INFO 2026-07-27 15:24:32.385 joltshadow - docs §33: real ODE chassis geom (player) #4 = transform, inner class=1 pos=(0.000,2.778,2.038)
INFO 2026-07-27 15:24:32.385 joltshadow - docs §33: real ODE chassis geom (player) #5 = transform, inner class=1 pos=(0.000,1.675,0.000)
INFO 2026-07-27 15:24:32.385 joltshadow - docs §33: real ODE chassis geom (player) #6 = class 0 (not a transform) pos=(4663.621,258.807,1230.449) radius=30.000
INFO 2026-07-27 15:24:32.385 joltshadow - docs §33: real ODE chassis geom (player) #7 = class 0 (not a transform) pos=(4663.621,258.807,1230.449) radius=8.161
INFO 2026-07-27 15:24:32.385 joltshadow - docs §33: real ODE chassis geom (player) #8 = class 0 (not a transform) pos=(4663.621,258.807,1230.449) radius=200.000
INFO 2026-07-27 15:24:32.385 joltshadow - docs §33: real ODE chassis (player) has 8 total geom(s) directly attached (4 transform(s)) - compare against BuildChassisCompoundShape's own part/geom count in the build log
INFO 2026-07-27 15:24:32.385 joltshadow - docs §28: REAL ODE wheel state (player) wheel=0 displacement=0.0067 range=1.000 (1% compressed, signed) foreAft=2.663 localZ=2.663 cfm=0.002500 erp=0.2500
INFO 2026-07-27 15:24:32.385 joltshadow - docs §28: REAL ODE wheel state (player) wheel=1 displacement=-0.0085 range=1.000 (-1% compressed, signed) foreAft=2.663 localZ=2.663 cfm=0.002500 erp=0.2500
INFO 2026-07-27 15:24:32.385 joltshadow - docs §28: REAL ODE wheel state (player) wheel=2 displacement=-0.0047 range=1.000 (-0% compressed, signed) foreAft=-1.944 localZ=-1.944 cfm=0.002000 erp=0.2500
INFO 2026-07-27 15:24:32.385 joltshadow - docs §28: REAL ODE wheel state (player) wheel=3 displacement=0.0392 range=1.000 (4% compressed, signed) foreAft=-1.944 localZ=-1.944 cfm=0.002000 erp=0.2500
INFO 2026-07-27 15:24:32.420 joltshadow - docs §70.1: slipdense (player) f=964 w=0 grounded=0 kappa=0.000 fnGround=0 omega=46.90 | ftGround=0N target=58.2 limit=179Nm motorNm=179 tyreNm=0 inertia=2.91 limRot=0/-12/0 omegaPre=46.47 posN=1/-0/0 susp=0.0053 springN=-21
INFO 2026-07-27 15:24:32.420 joltshadow - docs §70.1: slipdense (player) f=964 w=1 grounded=0 kappa=0.000 fnGround=0 omega=45.75 | ftGround=0N target=58.2 limit=179Nm motorNm=179 tyreNm=0 inertia=2.91 limRot=0/-2/0 omegaPre=45.32 posN=1/-3/0 susp=0.0106 springN=-130
INFO 2026-07-27 15:24:32.420 joltshadow - docs §70.1: slipdense (player) f=964 w=2 grounded=1 kappa=0.173 fnGround=16 omega=29.91 | ftGround=29N target=58.2 limit=179Nm motorNm=179 tyreNm=-22 inertia=2.91 limRot=0/10/-11 omegaPre=29.53 posN=8/-33/0 susp=-0.0078 springN=-95
INFO 2026-07-27 15:24:32.420 joltshadow - docs §70.1: slipdense (player) f=964 w=3 grounded=1 kappa=0.009 fnGround=877 omega=25.85 | ftGround=173N target=58.2 limit=179Nm motorNm=179 tyreNm=-134 inertia=2.91 limRot=0/213/-6 omegaPre=25.82 posN=213/-156/0 susp=-0.0871 springN=870
INFO 2026-07-27 15:24:32.421 joltshadow - docs §78: attdense (player) f=964 joltTilt=5.47 odeTilt=5.25 upDelta=0.37 wBody=(0.13,-0.02,0.24) |w|=0.28 grounded=2
INFO 2026-07-27 15:24:32.447 joltshadow - docs §70.1: slipdense (player) f=968 w=0 grounded=0 kappa=0.000 fnGround=0 omega=48.56 | ftGround=0N target=58.2 limit=179Nm motorNm=179 tyreNm=0 inertia=2.91 limRot=0/31/0 omegaPre=48.19 posN=-4/4/0 susp=0.0040 springN=-5
INFO 2026-07-27 15:24:32.447 joltshadow - docs §70.1: slipdense (player) f=968 w=1 grounded=0 kappa=0.000 fnGround=0 omega=47.41 | ftGround=0N target=58.2 limit=179Nm motorNm=179 tyreNm=0 inertia=2.91 limRot=0/22/0 omegaPre=47.04 posN=-5/9/0 susp=0.0140 springN=-107
INFO 2026-07-27 15:24:32.447 joltshadow - docs §70.1: slipdense (player) f=968 w=2 grounded=1 kappa=0.233 fnGround=20 omega=31.35 | ftGround=39N target=58.2 limit=179Nm motorNm=179 tyreNm=-30 inertia=2.91 limRot=0/13/-14 omegaPre=31.03 posN=18/-40/0 susp=0.0005 springN=-85
INFO 2026-07-27 15:24:32.447 joltshadow - docs §70.1: slipdense (player) f=968 w=3 grounded=1 kappa=0.014 fnGround=1034 omega=25.94 | ftGround=324N target=58.2 limit=179Nm motorNm=179 tyreNm=-185 inertia=2.91 limRot=0/188/8 omegaPre=25.94 posN=186/-294/0 susp=-0.1034 springN=1009
INFO 2026-07-27 15:24:32.447 joltshadow - docs §78: attdense (player) f=968 joltTilt=5.38 odeTilt=5.24 upDelta=0.85 wBody=(0.14,-0.02,0.29) |w|=0.33 grounded=2
INFO 2026-07-27 15:24:32.482 joltshadow - docs §70.1: slipdense (player) f=972 w=0 grounded=0 kappa=0.000 fnGround=0 omega=50.71 | ftGround=0N target=58.2 limit=179Nm motorNm=179 tyreNm=0 inertia=2.91 limRot=0/-103/0 omegaPre=50.10 posN=-1/8/0 susp=0.0022 springN=-1
INFO 2026-07-27 15:24:32.483 joltshadow - docs §70.1: slipdense (player) f=972 w=1 grounded=0 kappa=0.000 fnGround=0 omega=49.56 | ftGround=0N target=58.2 limit=179Nm motorNm=179 tyreNm=0 inertia=2.91 limRot=0/20/0 omegaPre=48.94 posN=-4/12/0 susp=0.0150 springN=-90
INFO 2026-07-27 15:24:32.483 joltshadow - docs §70.1: slipdense (player) f=972 w=2 grounded=1 kappa=0.296 fnGround=61 omega=32.84 | ftGround=117N target=58.2 limit=179Nm motorNm=179 tyreNm=-88 inertia=2.91 limRot=0/34/-20 omegaPre=32.50 posN=46/-121/0 susp=0.0043 springN=-44
INFO 2026-07-27 15:24:32.483 joltshadow - docs §70.1: slipdense (player) f=972 w=3 grounded=1 kappa=0.013 fnGround=1177 omega=26.00 | ftGround=327N target=58.2 limit=179Nm motorNm=179 tyreNm=-173 inertia=2.91 limRot=0/225/9 omegaPre=25.98 posN=203/-284/0 susp=-0.1257 springN=1189
INFO 2026-07-27 15:24:32.483 joltshadow - docs §78: attdense (player) f=972 joltTilt=5.36 odeTilt=5.66 upDelta=1.79 wBody=(0.17,-0.03,0.37) |w|=0.40 grounded=2
INFO 2026-07-27 15:24:32.512 joltshadow - docs §70.1: slipdense (player) f=976 w=0 grounded=0 kappa=0.000 fnGround=0 omega=52.55 | ftGround=0N target=58.2 limit=179Nm motorNm=179 tyreNm=0 inertia=2.91 limRot=0/-1065/0 omegaPre=52.12 posN=21/22/0 susp=0.0015 springN=-6
INFO 2026-07-27 15:24:32.512 joltshadow - docs §70.1: slipdense (player) f=976 w=1 grounded=0 kappa=0.000 fnGround=0 omega=51.40 | ftGround=0N target=58.2 limit=179Nm motorNm=179 tyreNm=0 inertia=2.91 limRot=0/167/0 omegaPre=50.97 posN=16/9/0 susp=0.0148 springN=-86
INFO 2026-07-27 15:24:32.512 joltshadow - docs §70.1: slipdense (player) f=976 w=2 grounded=1 kappa=0.314 fnGround=136 omega=33.19 | ftGround=258N target=58.2 limit=179Nm motorNm=179 tyreNm=-192 inertia=2.91 limRot=0/72/-25 omegaPre=33.20 posN=92/-259/0 susp=0.0029 springN=18
INFO 2026-07-27 15:24:32.512 joltshadow - docs §70.1: slipdense (player) f=976 w=3 grounded=1 kappa=0.012 fnGround=1128 omega=26.08 | ftGround=312N target=58.2 limit=179Nm motorNm=179 tyreNm=-163 inertia=2.91 limRot=0/207/6 omegaPre=26.05 posN=142/-263/0 susp=-0.1455 springN=1331
INFO 2026-07-27 15:24:32.512 joltshadow - docs §78: attdense (player) f=976 joltTilt=5.45 odeTilt=6.46 upDelta=2.71 wBody=(0.19,-0.02,0.44) |w|=0.48 grounded=2
INFO 2026-07-27 15:24:32.537 joltshadow - docs §70.1: slipdense (player) f=980 w=0 grounded=0 kappa=0.000 fnGround=0 omega=54.02 | ftGround=0N target=58.2 limit=179Nm motorNm=179 tyreNm=0 inertia=2.91 limRot=0/70/0 omegaPre=53.66 posN=19/12/0 susp=0.0016 springN=-14
INFO 2026-07-27 15:24:32.537 joltshadow - docs §70.1: slipdense (player) f=980 w=1 grounded=0 kappa=0.000 fnGround=0 omega=52.88 | ftGround=0N target=58.2 limit=179Nm motorNm=179 tyreNm=0 inertia=2.91 limRot=0/-23/0 omegaPre=52.51 posN=12/5/0 susp=0.0145 springN=-83
INFO 2026-07-27 15:24:32.537 joltshadow - docs §70.1: slipdense (player) f=980 w=2 grounded=1 kappa=0.293 fnGround=195 omega=32.64 | ftGround=372N target=58.2 limit=179Nm motorNm=179 tyreNm=-275 inertia=2.91 limRot=0/94/-28 omegaPre=32.83 posN=131/-388/0 susp=-0.0008 springN=80
INFO 2026-07-27 15:24:32.537 joltshadow - docs §70.1: slipdense (player) f=980 w=3 grounded=1 kappa=0.046 fnGround=0 omega=26.71 | ftGround=0N target=58.2 limit=179Nm motorNm=179 tyreNm=0 inertia=2.91 limRot=0/3/-19 omegaPre=26.34 posN=-11/8/0 susp=-0.1552 springN=990
INFO 2026-07-27 15:24:32.537 joltshadow - docs §78: attdense (player) f=980 joltTilt=5.62 odeTilt=7.36 upDelta=3.51 wBody=(0.21,-0.02,0.49) |w|=0.53 grounded=2
INFO 2026-07-27 15:24:32.572 joltshadow - docs §70.1: slipdense (player) f=984 w=0 grounded=0 kappa=0.000 fnGround=0 omega=56.23 | ftGround=0N target=58.2 limit=179Nm motorNm=179 tyreNm=0 inertia=2.91 limRot=0/42/0 omegaPre=55.68 posN=10/55/0 susp=0.0032 springN=-38
INFO 2026-07-27 15:24:32.572 joltshadow - docs §70.1: slipdense (player) f=984 w=1 grounded=0 kappa=0.000 fnGround=0 omega=55.09 | ftGround=0N target=58.2 limit=179Nm motorNm=179 tyreNm=0 inertia=2.91 limRot=0/38/0 omegaPre=54.54 posN=1/31/0 susp=0.0126 springN=-46
INFO 2026-07-27 15:24:32.572 joltshadow - docs §70.1: slipdense (player) f=984 w=2 grounded=1 kappa=0.202 fnGround=339 omega=30.33 | ftGround=632N target=58.2 limit=179Nm motorNm=179 tyreNm=-457 inertia=2.91 limRot=0/110/-28 omegaPre=31.12 posN=119/-611/0 susp=-0.0113 springN=222
INFO 2026-07-27 15:24:32.572 joltshadow - docs §70.1: slipdense (player) f=984 w=3 grounded=1 kappa=0.016 fnGround=828 omega=26.06 | ftGround=293N target=58.2 limit=179Nm motorNm=179 tyreNm=-173 inertia=2.91 limRot=0/213/-2 omegaPre=26.28 posN=293/-310/0 susp=-0.1109 springN=466
INFO 2026-07-27 15:24:32.572 joltshadow - docs §78: attdense (player) f=984 joltTilt=6.06 odeTilt=8.65 upDelta=4.36 wBody=(0.21,0.00,0.48) |w|=0.53 grounded=2
INFO 2026-07-27 15:24:32.602 joltshadow - docs §70.1: slipdense (player) f=988 w=0 grounded=0 kappa=0.000 fnGround=0 omega=58.06 | ftGround=0N target=58.2 limit=179Nm motorNm=179 tyreNm=0 inertia=2.91 limRot=0/639/0 omegaPre=57.64 posN=26/51/0 susp=0.0054 springN=-57
INFO 2026-07-27 15:24:32.602 joltshadow - docs §70.1: slipdense (player) f=988 w=1 grounded=0 kappa=0.000 fnGround=0 omega=56.93 | ftGround=0N target=58.2 limit=179Nm motorNm=179 tyreNm=0 inertia=2.91 limRot=0/445/0 omegaPre=56.50 posN=18/24/0 susp=0.0092 springN=-24
INFO 2026-07-27 15:24:32.602 joltshadow - docs §70.1: slipdense (player) f=988 w=2 grounded=1 kappa=0.069 fnGround=480 omega=27.19 | ftGround=615N target=58.2 limit=179Nm motorNm=179 tyreNm=-425 inertia=2.91 limRot=0/65/-23 omegaPre=27.81 posN=71/-590/0 susp=-0.0247 springN=366
INFO 2026-07-27 15:24:32.602 joltshadow - docs §70.1: slipdense (player) f=988 w=3 grounded=1 kappa=0.024 fnGround=485 omega=26.30 | ftGround=259N target=58.2 limit=179Nm motorNm=179 tyreNm=-159 inertia=2.91 limRot=0/50/-17 omegaPre=26.25 posN=56/-258/0 susp=-0.0884 springN=410
INFO 2026-07-27 15:24:32.602 joltshadow - docs §78: attdense (player) f=988 joltTilt=6.51 odeTilt=9.12 upDelta=4.41 wBody=(0.22,0.03,0.46) |w|=0.51 grounded=2
INFO 2026-07-27 15:24:32.625 joltshadow - docs §70.1: slipdense (player) f=992 w=0 grounded=0 kappa=0.000 fnGround=0 omega=58.50 | ftGround=0N target=58.2 limit=179Nm motorNm=18 tyreNm=0 inertia=2.91 limRot=0/1511/0 omegaPre=58.47 posN=-35/3/0 susp=0.0072 springN=-67
INFO 2026-07-27 15:24:32.626 joltshadow - docs §70.1: slipdense (player) f=992 w=1 grounded=0 kappa=0.000 fnGround=0 omega=58.38 | ftGround=0N target=58.2 limit=179Nm motorNm=179 tyreNm=0 inertia=2.91 limRot=0/1099/0 omegaPre=58.01 posN=-42/38/0 susp=0.0064 springN=-5
INFO 2026-07-27 15:24:32.626 joltshadow - docs §70.1: slipdense (player) f=992 w=2 grounded=1 kappa=0.024 fnGround=589 omega=26.43 | ftGround=319N target=58.2 limit=179Nm motorNm=179 tyreNm=-200 inertia=2.91 limRot=0/-7/-18 omegaPre=26.49 posN=13/-330/0 susp=-0.0370 springN=479
INFO 2026-07-27 15:24:32.626 joltshadow - docs §70.1: slipdense (player) f=992 w=3 grounded=1 kappa=0.026 fnGround=466 omega=26.37 | ftGround=270N target=58.2 limit=179Nm motorNm=179 tyreNm=-172 inertia=2.91 limRot=0/-14/-18 omegaPre=26.35 posN=6/-249/0 susp=-0.0739 springN=354
INFO 2026-07-27 15:24:32.626 joltshadow - docs §78: attdense (player) f=992 joltTilt=6.89 odeTilt=9.03 upDelta=3.99 wBody=(0.23,0.03,0.42) |w|=0.47 grounded=2
INFO 2026-07-27 15:24:32.658 joltshadow - docs §70.1: slipdense (player) f=996 w=0 grounded=0 kappa=0.000 fnGround=0 omega=58.44 | ftGround=0N target=58.2 limit=179Nm motorNm=16 tyreNm=0 inertia=2.91 limRot=0/-836/0 omegaPre=58.49 posN=16/16/0 susp=0.0082 springN=-46
INFO 2026-07-27 15:24:32.658 joltshadow - docs §70.1: slipdense (player) f=996 w=1 grounded=0 kappa=0.000 fnGround=0 omega=58.43 | ftGround=0N target=58.2 limit=179Nm motorNm=1 tyreNm=0 inertia=2.91 limRot=0/-179/0 omegaPre=58.44 posN=10/19/0 susp=0.0043 springN=-24
INFO 2026-07-27 15:24:32.658 joltshadow - docs §70.1: slipdense (player) f=996 w=2 grounded=1 kappa=0.018 fnGround=792 omega=26.36 | ftGround=313N target=58.2 limit=179Nm motorNm=179 tyreNm=-176 inertia=2.91 limRot=0/-15/-19 omegaPre=26.36 posN=-19/-305/0 susp=-0.0567 springN=685
INFO 2026-07-27 15:24:32.658 joltshadow - docs §70.1: slipdense (player) f=996 w=3 grounded=1 kappa=0.030 fnGround=374 omega=26.58 | ftGround=249N target=58.2 limit=179Nm motorNm=179 tyreNm=-157 inertia=2.91 limRot=0/-7/-18 omegaPre=26.50 posN=-5/-237/0 susp=-0.0590 springN=276
INFO 2026-07-27 15:24:32.659 joltshadow - docs §78: attdense (player) f=996 joltTilt=7.42 odeTilt=8.55 upDelta=2.98 wBody=(0.24,0.01,0.44) |w|=0.50 grounded=2
INFO 2026-07-27 15:24:32.691 joltshadow - docs §70.1: slipdense (player) f=1000 w=0 grounded=1 kappa=0.752 fnGround=776 omega=44.80 | ftGround=1146N target=58.2 limit=179Nm motorNm=179 tyreNm=-786 inertia=2.91 limRot=0/-1194/0 omegaPre=46.44 posN=-1069/-728/0 susp=-0.0336 springN=778
INFO 2026-07-27 15:24:32.692 joltshadow - docs §70.1: slipdense (player) f=1000 w=1 grounded=1 kappa=1.156 fnGround=750 omega=55.26 | ftGround=1375N target=58.2 limit=179Nm motorNm=179 tyreNm=-961 inertia=2.91 limRot=0/-639/0 omegaPre=57.39 posN=-476/-1265/0 susp=0.0039 springN=78
INFO 2026-07-27 15:24:32.692 joltshadow - docs §70.1: slipdense (player) f=1000 w=2 grounded=1 kappa=0.008 fnGround=1007 omega=26.97 | ftGround=175N target=58.2 limit=179Nm motorNm=179 tyreNm=-76 inertia=2.91 limRot=0/-171/-43 omegaPre=26.74 posN=-85/3/0 susp=-0.0811 springN=919
INFO 2026-07-27 15:24:32.692 joltshadow - docs §70.1: slipdense (player) f=1000 w=3 grounded=1 kappa=0.030 fnGround=309 omega=26.94 | ftGround=204N target=58.2 limit=179Nm motorNm=179 tyreNm=-129 inertia=2.91 limRot=0/-29/-24 omegaPre=26.84 posN=27/-118/0 susp=-0.0454 springN=190
INFO 2026-07-27 15:24:32.692 joltshadow - docs §78: attdense (player) f=1000 joltTilt=8.10 odeTilt=7.96 upDelta=1.91 wBody=(0.20,0.10,0.47) |w|=0.52 grounded=4
INFO 2026-07-27 15:24:32.715 joltshadow - docs §70.1: slipdense (player) f=1004 w=0 grounded=1 kappa=0.803 fnGround=1023 omega=38.79 | ftGround=1449N target=58.2 limit=179Nm motorNm=179 tyreNm=-1027 inertia=2.91 limRot=0/-3675/-16766 omegaPre=40.24 posN=-1423/-48/0 susp=-0.0740 springN=906
INFO 2026-07-27 15:24:32.715 joltshadow - docs §70.1: slipdense (player) f=1004 w=1 grounded=1 kappa=1.061 fnGround=169 omega=53.31 | ftGround=253N target=58.2 limit=179Nm motorNm=179 tyreNm=-181 inertia=2.91 limRot=0/-1958/0 omegaPre=53.36 posN=391/-398/0 susp=-0.0055 springN=116
INFO 2026-07-27 15:24:32.715 joltshadow - docs §70.1: slipdense (player) f=1004 w=2 grounded=1 kappa=0.011 fnGround=1144 omega=27.50 | ftGround=276N target=58.2 limit=179Nm motorNm=179 tyreNm=-149 inertia=2.91 limRot=0/-65/-45 omegaPre=27.44 posN=-255/-4/0 susp=-0.1018 springN=1093
INFO 2026-07-27 15:24:32.715 joltshadow - docs §70.1: slipdense (player) f=1004 w=3 grounded=1 kappa=0.045 fnGround=189 omega=27.42 | ftGround=179N target=58.2 limit=179Nm motorNm=179 tyreNm=-124 inertia=2.91 limRot=0/-9/-41 omegaPre=27.32 posN=-142/-377/0 susp=-0.0347 springN=75
INFO 2026-07-27 15:24:32.715 joltshadow - docs §78: attdense (player) f=1004 joltTilt=8.71 odeTilt=7.52 upDelta=1.65 wBody=(0.16,0.22,0.52) |w|=0.59 grounded=4
INFO 2026-07-27 15:24:32.739 joltshadow - docs §70.1: slipdense (player) f=1008 w=0 grounded=1 kappa=0.358 fnGround=1226 omega=30.84 | ftGround=1722N target=58.2 limit=179Nm motorNm=179 tyreNm=-1213 inertia=2.91 limRot=0/-4736/-576 omegaPre=32.97 posN=-2149/-278/0 susp=-0.1080 springN=1059
INFO 2026-07-27 15:24:32.739 joltshadow - docs §70.1: slipdense (player) f=1008 w=1 grounded=1 kappa=1.209 fnGround=126 omega=53.43 | ftGround=181N target=58.2 limit=179Nm motorNm=179 tyreNm=-130 inertia=2.91 limRot=0/-1561/0 omegaPre=53.37 posN=147/-155/0 susp=-0.0071 springN=31
INFO 2026-07-27 15:24:32.739 joltshadow - docs §70.1: slipdense (player) f=1008 w=2 grounded=1 kappa=0.009 fnGround=1181 omega=28.02 | ftGround=242N target=58.2 limit=179Nm motorNm=179 tyreNm=-108 inertia=2.91 limRot=0/-219/-46 omegaPre=27.89 posN=-295/-103/0 susp=-0.1224 springN=1245
INFO 2026-07-27 15:24:32.739 joltshadow - docs §70.1: slipdense (player) f=1008 w=3 grounded=1 kappa=0.073 fnGround=92 omega=28.00 | ftGround=123N target=58.2 limit=179Nm motorNm=179 tyreNm=-87 inertia=2.91 limRot=0/-27/-30 omegaPre=27.83 posN=24/-188/0 susp=-0.0218 springN=-29
INFO 2026-07-27 15:24:32.739 joltshadow - docs §78: attdense (player) f=1008 joltTilt=9.38 odeTilt=7.11 upDelta=2.29 wBody=(0.13,0.37,0.53) |w|=0.66 grounded=4
INFO 2026-07-27 15:24:32.767 joltshadow - docs §70.1: slipdense (player) f=1012 w=0 grounded=1 kappa=-0.012 fnGround=1151 omega=26.05 | ftGround=-333N target=58.2 limit=179Nm motorNm=179 tyreNm=321 inertia=2.91 limRot=0/-4137/0 omegaPre=25.16 posN=-1688/1433/0 susp=-0.1400 springN=1130
INFO 2026-07-27 15:24:32.767 joltshadow - docs §70.1: slipdense (player) f=1012 w=1 grounded=1 kappa=1.183 fnGround=22 omega=54.23 | ftGround=32N target=58.2 limit=179Nm motorNm=179 tyreNm=-23 inertia=2.91 limRot=0/1784/0 omegaPre=53.97 posN=241/-161/0 susp=-0.0024 springN=-66
INFO 2026-07-27 15:24:32.767 joltshadow - docs §70.1: slipdense (player) f=1012 w=2 grounded=1 kappa=0.012 fnGround=1168 omega=28.50 | ftGround=316N target=58.2 limit=179Nm motorNm=179 tyreNm=-154 inertia=2.91 limRot=0/-510/-67 omegaPre=28.43 posN=-698/-317/0 susp=-0.1449 springN=1359
INFO 2026-07-27 15:24:32.767 joltshadow - docs §70.1: slipdense (player) f=1012 w=3 grounded=1 kappa=0.140 fnGround=0 omega=29.50 | ftGround=0N target=58.2 limit=179Nm motorNm=179 tyreNm=0 inertia=2.91 limRot=0/-28/-28 omegaPre=29.07 posN=42/-125/0 susp=-0.0072 springN=-123
INFO 2026-07-27 15:24:32.767 joltshadow - docs §78: attdense (player) f=1012 joltTilt=10.14 odeTilt=6.80 upDelta=3.41 wBody=(0.08,0.55,0.46) |w|=0.73 grounded=4
INFO 2026-07-27 15:24:32.774 joltshadow - docs §82: resync (player) #16 dt=0.50s upMax=4.476 deg posMax=0.276 m odeTiltPath=7.182 deg gain=0.6233
INFO 2026-07-27 15:24:32.774 joltshadow - docs §87: resync landing (player) w=0 pre=-0.0053 post=-0.0037 m R=0.727 dY=-0.0130 dRotDeg=4.21 |corr|=0.2757 m
INFO 2026-07-27 15:24:32.774 joltshadow - docs §87: resync landing (player) w=1 pre=0.0054 post=0.0019 m R=0.727 dY=-0.0130 dRotDeg=4.21 |corr|=0.2757 m
INFO 2026-07-27 15:24:32.774 joltshadow - docs §87: resync landing (player) w=2 pre=-0.0052 post=0.0039 m R=0.727 dY=-0.0130 dRotDeg=4.21 |corr|=0.2757 m
INFO 2026-07-27 15:24:32.774 joltshadow - docs §87: resync landing (player) w=3 pre=0.0059 post=0.0043 m R=0.727 dY=-0.0130 dRotDeg=4.21 |corr|=0.2757 m
INFO 2026-07-27 15:24:32.774 joltshadow - docs §82: resync RESIDUAL (player) #16 pos=0.0000 m up=0.0000 deg
INFO 2026-07-27 15:24:32.792 joltshadow - docs §70.1: slipdense (player) f=1016 w=0 grounded=1 kappa=-0.019 fnGround=0 omega=28.09 | ftGround=0N target=58.2 limit=179Nm motorNm=179 tyreNm=0 inertia=2.91 limRot=0/676/0 omegaPre=27.75 posN=22/31/0 susp=-0.0498 springN=124
INFO 2026-07-27 15:24:32.792 joltshadow - docs §70.1: slipdense (player) f=1016 w=1 grounded=1 kappa=0.906 fnGround=307 omega=53.82 | ftGround=466N target=58.2 limit=179Nm motorNm=179 tyreNm=-322 inertia=2.91 limRot=0/811/0 omegaPre=54.10 posN=-436/-362/0 susp=-0.0723 springN=256
INFO 2026-07-27 15:24:32.792 joltshadow - docs §70.1: slipdense (player) f=1016 w=2 grounded=1 kappa=0.012 fnGround=1024 omega=29.06 | ftGround=278N target=58.2 limit=179Nm motorNm=179 tyreNm=-138 inertia=2.91 limRot=0/-115/-5 omegaPre=28.96 posN=-89/-257/0 susp=-0.0776 springN=704
INFO 2026-07-27 15:24:32.792 joltshadow - docs §70.1: slipdense (player) f=1016 w=3 grounded=1 kappa=0.010 fnGround=1437 omega=29.13 | ftGround=298N target=58.2 limit=179Nm motorNm=179 tyreNm=-125 inertia=2.91 limRot=0/-159/-9 omegaPre=29.01 posN=-148/-254/0 susp=-0.0995 springN=976
INFO 2026-07-27 15:24:32.792 joltshadow - docs §78: attdense (player) f=1016 joltTilt=6.71 odeTilt=6.74 upDelta=0.09 wBody=(-0.29,-0.01,-0.12) |w|=0.31 grounded=4
INFO 2026-07-27 15:24:32.824 joltshadow - docs §70.1: slipdense (player) f=1020 w=0 grounded=0 kappa=0.000 fnGround=0 omega=29.97 | ftGround=0N target=58.2 limit=179Nm motorNm=179 tyreNm=0 inertia=2.91 limRot=0/-10/0 omegaPre=29.36 posN=16/28/0 susp=-0.0266 springN=-72
INFO 2026-07-27 15:24:32.824 joltshadow - docs §70.1: slipdense (player) f=1020 w=1 grounded=1 kappa=0.916 fnGround=184 omega=52.12 | ftGround=265N target=58.2 limit=179Nm motorNm=179 tyreNm=-184 inertia=2.91 limRot=0/-1785/0 omegaPre=52.57 posN=-317/-135/0 susp=-0.0529 springN=126
INFO 2026-07-27 15:24:32.824 joltshadow - docs §70.1: slipdense (player) f=1020 w=2 grounded=1 kappa=0.015 fnGround=922 omega=29.26 | ftGround=302N target=58.2 limit=179Nm motorNm=179 tyreNm=-156 inertia=2.91 limRot=0/48/5 omegaPre=29.08 posN=94/-295/0 susp=-0.0910 springN=841
INFO 2026-07-27 15:24:32.824 joltshadow - docs §70.1: slipdense (player) f=1020 w=3 grounded=1 kappa=0.013 fnGround=1180 omega=29.36 | ftGround=345N target=58.2 limit=179Nm motorNm=179 tyreNm=-168 inertia=2.91 limRot=0/60/6 omegaPre=29.32 posN=115/-335/0 susp=-0.1196 springN=1097
INFO 2026-07-27 15:24:32.824 joltshadow - docs §78: attdense (player) f=1020 joltTilt=6.75 odeTilt=6.85 upDelta=0.44 wBody=(-0.27,-0.02,-0.03) |w|=0.27 grounded=3
INFO 2026-07-27 15:24:32.824 joltshadow - Shadow divergence (player): pos=1.608m vel=0.297m/s angle=0.4deg (jolt com=[4662.1 260.5 1222.8] ode com=[4661.8 259.0 1222.1])
INFO 2026-07-27 15:24:32.824 joltshadow - docs §23.6: driver input (player) realThrottle=1.00 brake=0.01 handBrake=0 steerRad=0.000
INFO 2026-07-27 15:24:32.824 joltshadow - docs §32: Jolt SHADOW chassis pitch (player) forward=(-0.217, 0.043, -0.975)
INFO 2026-07-27 15:24:32.824 joltshadow - docs §69: tilt (player) jolt=6.8 deg ode=6.9 deg delta=-0.1 deg upDelta=0.44 deg
INFO 2026-07-27 15:24:32.824 joltshadow - docs §32.4: Jolt SHADOW chassis lowest corner (player) = (4664.24,259.99,1225.69) clearanceToGround=1.022
INFO 2026-07-27 15:24:32.824 joltshadow - docs §23.5: wheel state (player) wheel=0 contact=0 suspLen=1.050 (range 0.050-1.050, 0% compressed) angVel=0.00
INFO 2026-07-27 15:24:32.825 joltshadow - docs §38.11: wheel=0 NO contact, worldAxle=(0.969,-0.109,-0.221)
INFO 2026-07-27 15:24:32.825 joltshadow - docs §32: no-contact raycast (player) wheel=0 bodyPos=(4661.93,260.40,1222.15) localMPos=(-1.367,-0.436,2.663) origin=(4662.63,259.93,1219.24) dir=(-0.116,-0.993,-0.018) normalRayLen=1.777 groundFoundAt=0.000 shortfallBeyondTravel=-1.777 hitBody=8391036 hitLayer=4 hitMotion=2 hitIsSelfChassis=0
INFO 2026-07-27 15:24:32.825 joltshadow - docs §23.5: wheel state (player) wheel=1 contact=0 suspLen=1.050 (range 0.050-1.050, 0% compressed) angVel=0.00
INFO 2026-07-27 15:24:32.825 joltshadow - docs §38.11: wheel=1 NO contact, worldAxle=(0.969,-0.109,-0.221)
INFO 2026-07-27 15:24:32.825 joltshadow - docs §32: no-contact raycast (player) wheel=1 bodyPos=(4661.93,260.40,1222.15) localMPos=(1.369,-0.436,2.663) origin=(4659.98,260.23,1219.84) dir=(-0.116,-0.993,-0.018) normalRayLen=1.777 groundFoundAt=0.000 shortfallBeyondTravel=-1.777 hitBody=8391037 hitLayer=4 hitMotion=2 hitIsSelfChassis=0
INFO 2026-07-27 15:24:32.825 joltshadow - docs §23.5: wheel state (player) wheel=2 contact=0 suspLen=1.050 (range 0.050-1.050, 0% compressed) angVel=0.00
INFO 2026-07-27 15:24:32.825 joltshadow - docs §38.11: wheel=2 NO contact, worldAxle=(0.969,-0.109,-0.221)
INFO 2026-07-27 15:24:32.825 joltshadow - docs §32: no-contact raycast (player) wheel=2 bodyPos=(4661.93,260.40,1222.15) localMPos=(-1.367,-0.436,-1.944) origin=(4663.63,259.73,1223.73) dir=(-0.116,-0.993,-0.018) normalRayLen=1.777 groundFoundAt=0.000 shortfallBeyondTravel=-1.777 hitBody=8391038 hitLayer=4 hitMotion=2 hitIsSelfChassis=0
INFO 2026-07-27 15:24:32.825 joltshadow - docs §23.5: wheel state (player) wheel=3 contact=0 suspLen=1.050 (range 0.050-1.050, 0% compressed) angVel=0.00
INFO 2026-07-27 15:24:32.825 joltshadow - docs §38.11: wheel=3 NO contact, worldAxle=(0.969,-0.109,-0.221)
INFO 2026-07-27 15:24:32.825 joltshadow - docs §32: no-contact raycast (player) wheel=3 bodyPos=(4661.93,260.40,1222.15) localMPos=(1.369,-0.436,-1.944) origin=(4660.98,260.03,1224.34) dir=(-0.116,-0.993,-0.018) normalRayLen=1.777 groundFoundAt=0.000 shortfallBeyondTravel=-1.777 hitBody=8391039 hitLayer=4 hitMotion=2 hitIsSelfChassis=0
INFO 2026-07-27 15:24:32.825 joltshadow - docs §59/63: harvest (player) wheelsWithContact=4 contactPoints=12 overflow=0 (of 4) | maxNormalF=1180N bound(k_t*tau)=1229N ratio=0.96
INFO 2026-07-27 15:24:32.825 joltshadow - docs §58: wheel body (player) w=0 springF=-72N stopF=0N travel=-0.0266 (limits -0.5000..0.5000 rel spawn) kSusp=6000 sagPredicted=-0.0120 | frameTrav=-0.0318..-0.0266 frameStopN=0
INFO 2026-07-27 15:24:32.825 joltshadow - docs §66: tyre band (player) w=0 fnGround=0N fnTotal=0N pen=0.00000 penRaw=0.00000 tau=0.01024 pen/tau=0.00 | recs tyre=1 rim=1 survived=0 stale=0 distMax=1.01R
INFO 2026-07-27 15:24:32.825 joltshadow - docs §68: steer (player) w=0 steerable=1 commanded=0.000 rad measured=0.005 rad err=0.31 deg steerSign=-1 steerTq=-113Nm cap=1192Nm sat=0.09
INFO 2026-07-27 15:24:32.825 joltshadow - docs §70: slip (player) w=0 grounded=0 kappa=0.000 fnGround=0N omega=29.97
INFO 2026-07-27 15:24:32.825 joltshadow - docs §67: spin (player) w=0 driven=1 omega=29.97 rad/s surfaceSpeed=21.80 m/s spinSign=+1 motorTq=179Nm cmdTq=179Nm
INFO 2026-07-27 15:24:32.825 joltshadow - docs §58: wheel body (player) w=1 springF=126N stopF=0N travel=-0.0529 (limits -0.5000..0.5000 rel spawn) kSusp=6000 sagPredicted=0.0209 | frameTrav=-0.0571..-0.0529 frameStopN=0
INFO 2026-07-27 15:24:32.826 joltshadow - docs §66: tyre band (player) w=1 fnGround=184N fnTotal=186N pen=0.00192 penRaw=0.00192 tau=0.01024 pen/tau=0.19 | recs tyre=2 rim=2 survived=2 stale=0 distMax=1.00R
INFO 2026-07-27 15:24:32.826 joltshadow - docs §68: steer (player) w=1 steerable=1 commanded=0.000 rad measured=0.387 rad err=22.16 deg steerSign=-1 steerTq=1192Nm cap=1192Nm sat=1.00
INFO 2026-07-27 15:24:32.826 joltshadow - docs §70: slip (player) w=1 grounded=1 kappa=0.916 fnGround=184N omega=52.12
INFO 2026-07-27 15:24:32.826 joltshadow - docs §67: spin (player) w=1 driven=1 omega=52.12 rad/s surfaceSpeed=37.91 m/s spinSign=+1 motorTq=179Nm cmdTq=179Nm
INFO 2026-07-27 15:24:32.826 joltshadow - docs §58: wheel body (player) w=2 springF=841N stopF=0N travel=-0.0910 (limits -0.5000..0.5000 rel spawn) kSusp=7500 sagPredicted=0.1121 | frameTrav=-0.0910..-0.0880 frameStopN=0
INFO 2026-07-27 15:24:32.826 joltshadow - docs §66: tyre band (player) w=2 fnGround=922N fnTotal=932N pen=0.00766 penRaw=0.00766 tau=0.01024 pen/tau=0.75 | recs tyre=2 rim=2 survived=1 stale=0 distMax=1.03R
INFO 2026-07-27 15:24:32.826 joltshadow - docs §68: steer (player) w=2 steerable=0 commanded=0.000 rad measured=0.000 rad err=0.00 deg steerSign=-1 steerTq=0Nm cap=340282346638528859811704183484516925440Nm sat=0.00
INFO 2026-07-27 15:24:32.826 joltshadow - docs §70: slip (player) w=2 grounded=1 kappa=0.015 fnGround=922N omega=29.26
INFO 2026-07-27 15:24:32.826 joltshadow - docs §67: spin (player) w=2 driven=1 omega=29.26 rad/s surfaceSpeed=21.28 m/s spinSign=+1 motorTq=179Nm cmdTq=179Nm
INFO 2026-07-27 15:24:32.826 joltshadow - docs §58: wheel body (player) w=3 springF=1097N stopF=0N travel=-0.1196 (limits -0.5000..0.5000 rel spawn) kSusp=7500 sagPredicted=0.1463 | frameTrav=-0.1196..-0.1160 frameStopN=0
INFO 2026-07-27 15:24:32.826 joltshadow - docs §66: tyre band (player) w=3 fnGround=1180N fnTotal=1193N pen=0.00991 penRaw=0.00991 tau=0.01024 pen/tau=0.97 | recs tyre=1 rim=1 survived=1 stale=0 distMax=0.99R
INFO 2026-07-27 15:24:32.826 joltshadow - docs §68: steer (player) w=3 steerable=0 commanded=0.000 rad measured=0.000 rad err=0.00 deg steerSign=-1 steerTq=0Nm cap=340282346638528859811704183484516925440Nm sat=0.00
INFO 2026-07-27 15:24:32.826 joltshadow - docs §70: slip (player) w=3 grounded=1 kappa=0.013 fnGround=1180N omega=29.36
INFO 2026-07-27 15:24:32.826 joltshadow - docs §67: spin (player) w=3 driven=1 omega=29.36 rad/s surfaceSpeed=21.36 m/s spinSign=+1 motorTq=179Nm cmdTq=179Nm
INFO 2026-07-27 15:24:32.826 joltshadow - docs §67: drivetrain (player) gear=3 rpm=3618 driveTorque=720Nm perWheel=180Nm driven=4 throttle=1.00 spin=1 | PRE-STEP brake=0.01 handBrake=0
INFO 2026-07-27 15:24:32.826 joltshadow - docs §66: tyre band SUM (player) fnGroundSum=2286N fnTotalSum=2312N weight=1638N carried=1.41 | penSum=0.01949 recs tyre=6 rim=6 stale=0
INFO 2026-07-27 15:24:32.826 joltshadow - docs §30: REAL ODE chassis COM (player) body=53396828 = (4661.767, 259.001, 1222.132) forward=(-0.218, 0.037, -0.975)
INFO 2026-07-27 15:24:32.826 joltshadow - docs §33: real ODE chassis geom (player) #1 = class 0 (not a transform) pos=(4661.767,259.001,1222.132) radius=4.000
INFO 2026-07-27 15:24:32.826 joltshadow - docs §33: real ODE chassis geom (player) #2 = transform, inner class=1 pos=(0.000,3.010,-1.827)
INFO 2026-07-27 15:24:32.826 joltshadow - docs §33: real ODE chassis geom (player) #3 = transform, inner class=1 pos=(0.013,2.455,4.253)
INFO 2026-07-27 15:24:32.827 joltshadow - docs §33: real ODE chassis geom (player) #4 = transform, inner class=1 pos=(0.000,2.778,2.038)
INFO 2026-07-27 15:24:32.827 joltshadow - docs §33: real ODE chassis geom (player) #5 = transform, inner class=1 pos=(0.000,1.675,0.000)
INFO 2026-07-27 15:24:32.827 joltshadow - docs §33: real ODE chassis geom (player) #6 = class 0 (not a transform) pos=(4661.767,259.001,1222.132) radius=30.000
INFO 2026-07-27 15:24:32.827 joltshadow - docs §33: real ODE chassis geom (player) #7 = class 0 (not a transform) pos=(4661.767,259.001,1222.132) radius=8.161
INFO 2026-07-27 15:24:32.827 joltshadow - docs §33: real ODE chassis geom (player) #8 = class 0 (not a transform) pos=(4661.767,259.001,1222.132) radius=200.000
INFO 2026-07-27 15:24:32.827 joltshadow - docs §33: real ODE chassis (player) has 8 total geom(s) directly attached (4 transform(s)) - compare against BuildChassisCompoundShape's own part/geom count in the build log
INFO 2026-07-27 15:24:32.827 joltshadow - docs §28: REAL ODE wheel state (player) wheel=0 displacement=-0.0037 range=1.000 (-0% compressed, signed) foreAft=2.663 localZ=2.663 cfm=0.002500 erp=0.2500
INFO 2026-07-27 15:24:32.827 joltshadow - docs §28: REAL ODE wheel state (player) wheel=1 displacement=0.0200 range=1.000 (2% compressed, signed) foreAft=2.663 localZ=2.663 cfm=0.002500 erp=0.2500
INFO 2026-07-27 15:24:32.827 joltshadow - docs §28: REAL ODE wheel state (player) wheel=2 displacement=0.0477 range=1.000 (5% compressed, signed) foreAft=-1.944 localZ=-1.944 cfm=0.002000 erp=0.2500
INFO 2026-07-27 15:24:32.827 joltshadow - docs §28: REAL ODE wheel state (player) wheel=3 displacement=0.0673 range=1.000 (7% compressed, signed) foreAft=-1.944 localZ=-1.944 cfm=0.002000 erp=0.2500
INFO 2026-07-27 15:24:32.869 joltshadow - docs §70.1: slipdense (player) f=1024 w=0 grounded=0 kappa=0.000 fnGround=0 omega=32.80 | ftGround=0N target=58.2 limit=179Nm motorNm=179 tyreNm=0 inertia=2.91 limRot=0/-56/0 omegaPre=32.24 posN=47/44/0 susp=0.0011 springN=-146
INFO 2026-07-27 15:24:32.869 joltshadow - docs §70.1: slipdense (player) f=1024 w=1 grounded=1 kappa=1.009 fnGround=83 omega=52.44 | ftGround=118N target=58.2 limit=179Nm motorNm=179 tyreNm=-83 inertia=2.91 limRot=0/640/0 omegaPre=52.23 posN=-115/-46/0 susp=-0.0231 springN=-20
INFO 2026-07-27 15:24:32.869 joltshadow - docs §70.1: slipdense (player) f=1024 w=2 grounded=1 kappa=0.014 fnGround=1045 omega=29.46 | ftGround=316N target=58.2 limit=179Nm motorNm=179 tyreNm=-164 inertia=2.91 limRot=0/7/-4 omegaPre=29.42 posN=6/-302/0 susp=-0.1084 springN=935
INFO 2026-07-27 15:24:32.869 joltshadow - docs §70.1: slipdense (player) f=1024 w=3 grounded=1 kappa=0.012 fnGround=1298 omega=29.29 | ftGround=340N target=58.2 limit=179Nm motorNm=179 tyreNm=-165 inertia=2.91 limRot=0/6/-4 omegaPre=29.25 posN=8/-371/0 susp=-0.1360 springN=1074
INFO 2026-07-27 15:24:32.870 joltshadow - docs §78: attdense (player) f=1024 joltTilt=7.04 odeTilt=7.16 upDelta=1.05 wBody=(-0.19,0.04,0.03) |w|=0.20 grounded=3
INFO 2026-07-27 15:24:32.901 joltshadow - docs §70.1: slipdense (player) f=1028 w=0 grounded=0 kappa=0.000 fnGround=0 omega=34.76 | ftGround=0N target=58.2 limit=179Nm motorNm=179 tyreNm=0 inertia=2.91 limRot=0/60/0 omegaPre=34.39 posN=4/21/0 susp=0.0125 springN=-149
INFO 2026-07-27 15:24:32.901 joltshadow - docs §70.1: slipdense (player) f=1028 w=1 grounded=0 kappa=0.000 fnGround=0 omega=53.52 | ftGround=0N target=58.2 limit=179Nm motorNm=179 tyreNm=0 inertia=2.91 limRot=0/376/0 omegaPre=53.26 posN=5/23/0 susp=-0.0078 springN=-82
INFO 2026-07-27 15:24:32.902 joltshadow - docs §70.1: slipdense (player) f=1028 w=2 grounded=1 kappa=0.015 fnGround=1044 omega=29.56 | ftGround=346N target=58.2 limit=179Nm motorNm=179 tyreNm=-185 inertia=2.91 limRot=0/-76/-10 omegaPre=29.57 posN=-83/-359/0 susp=-0.1162 springN=935
INFO 2026-07-27 15:24:32.902 joltshadow - docs §70.1: slipdense (player) f=1028 w=3 grounded=1 kappa=0.013 fnGround=1214 omega=29.42 | ftGround=355N target=58.2 limit=179Nm motorNm=179 tyreNm=-181 inertia=2.91 limRot=0/-88/-12 omegaPre=29.41 posN=-98/-373/0 susp=-0.1422 springN=1138
INFO 2026-07-27 15:24:32.902 joltshadow - docs §78: attdense (player) f=1028 joltTilt=7.18 odeTilt=7.27 upDelta=1.44 wBody=(-0.13,0.04,-0.01) |w|=0.14 grounded=2
INFO 2026-07-27 15:24:32.928 joltshadow - docs §70.1: slipdense (player) f=1032 w=0 grounded=0 kappa=0.000 fnGround=0 omega=36.41 | ftGround=0N target=58.2 limit=179Nm motorNm=179 tyreNm=0 inertia=2.91 limRot=0/869/0 omegaPre=35.99 posN=38/31/0 susp=0.0169 springN=-122
INFO 2026-07-27 15:24:32.928 joltshadow - docs §70.1: slipdense (player) f=1032 w=1 grounded=1 kappa=1.174 fnGround=0 omega=54.47 | ftGround=0N target=58.2 limit=179Nm motorNm=179 tyreNm=0 inertia=2.91 limRot=0/1434/0 omegaPre=54.31 posN=38/4/0 susp=0.0018 springN=-85
INFO 2026-07-27 15:24:32.928 joltshadow - docs §70.1: slipdense (player) f=1032 w=2 grounded=1 kappa=0.014 fnGround=1007 omega=29.63 | ftGround=323N target=58.2 limit=179Nm motorNm=179 tyreNm=-160 inertia=2.91 limRot=0/-123/-18 omegaPre=29.60 posN=-158/-326/0 susp=-0.1187 springN=899
INFO 2026-07-27 15:24:32.928 joltshadow - docs §70.1: slipdense (player) f=1032 w=3 grounded=1 kappa=0.013 fnGround=1213 omega=29.51 | ftGround=344N target=58.2 limit=179Nm motorNm=179 tyreNm=-159 inertia=2.91 limRot=0/-147/-21 omegaPre=29.48 posN=-189/-383/0 susp=-0.1457 springN=1140
INFO 2026-07-27 15:24:32.928 joltshadow - docs §78: attdense (player) f=1032 joltTilt=7.23 odeTilt=7.26 upDelta=1.76 wBody=(-0.07,0.05,-0.04) |w|=0.10 grounded=3
INFO 2026-07-27 15:24:32.953 joltshadow - docs §70.1: slipdense (player) f=1036 w=0 grounded=0 kappa=0.000 fnGround=0 omega=37.78 | ftGround=0N target=58.2 limit=179Nm motorNm=179 tyreNm=0 inertia=2.91 limRot=0/1675/0 omegaPre=37.44 posN=-25/6/0 susp=0.0174 springN=-92
INFO 2026-07-27 15:24:32.953 joltshadow - docs §70.1: slipdense (player) f=1036 w=1 grounded=1 kappa=1.325 fnGround=76 omega=55.01 | ftGround=108N target=58.2 limit=179Nm motorNm=179 tyreNm=-75 inertia=2.91 limRot=0/1116/-444 omegaPre=54.82 posN=127/7/0 susp=0.0049 springN=-33
INFO 2026-07-27 15:24:32.953 joltshadow - docs §70.1: slipdense (player) f=1036 w=2 grounded=1 kappa=0.015 fnGround=950 omega=29.60 | ftGround=320N target=58.2 limit=179Nm motorNm=179 tyreNm=-172 inertia=2.91 limRot=0/-101/-11 omegaPre=29.60 posN=-104/-348/0 susp=-0.1174 springN=845
INFO 2026-07-27 15:24:32.953 joltshadow - docs §70.1: slipdense (player) f=1036 w=3 grounded=1 kappa=0.012 fnGround=1212 omega=29.61 | ftGround=319N target=58.2 limit=179Nm motorNm=179 tyreNm=-154 inertia=2.91 limRot=0/-127/-14 omegaPre=29.58 posN=-137/-327/0 susp=-0.1479 springN=1125
INFO 2026-07-27 15:24:32.953 joltshadow - docs §78: attdense (player) f=1036 joltTilt=7.19 odeTilt=7.21 upDelta=2.00 wBody=(-0.02,0.01,-0.05) |w|=0.06 grounded=3
INFO 2026-07-27 15:24:32.979 joltshadow - docs §70.1: slipdense (player) f=1040 w=0 grounded=0 kappa=0.000 fnGround=0 omega=39.40 | ftGround=0N target=58.2 limit=179Nm motorNm=179 tyreNm=0 inertia=2.91 limRot=0/79/0 omegaPre=38.91 posN=-72/-10/0 susp=0.0157 springN=-65
INFO 2026-07-27 15:24:32.979 joltshadow - docs §70.1: slipdense (player) f=1040 w=1 grounded=1 kappa=1.225 fnGround=85 omega=56.08 | ftGround=121N target=58.2 limit=179Nm motorNm=179 tyreNm=-84 inertia=2.91 limRot=0/-15/0 omegaPre=55.84 posN=95/17/0 susp=0.0053 springN=-28
INFO 2026-07-27 15:24:32.979 joltshadow - docs §70.1: slipdense (player) f=1040 w=2 grounded=1 kappa=0.016 fnGround=898 omega=29.59 | ftGround=326N target=58.2 limit=179Nm motorNm=179 tyreNm=-187 inertia=2.91 limRot=0/-39/-3 omegaPre=29.61 posN=-3/-371/0 susp=-0.1139 springN=798
INFO 2026-07-27 15:24:32.979 joltshadow - docs §70.1: slipdense (player) f=1040 w=3 grounded=1 kappa=0.012 fnGround=1197 omega=29.74 | ftGround=320N target=58.2 limit=179Nm motorNm=179 tyreNm=-164 inertia=2.91 limRot=0/-51/-4 omegaPre=29.71 posN=-17/-304/0 susp=-0.1474 springN=1082
INFO 2026-07-27 15:24:32.979 joltshadow - docs §78: attdense (player) f=1040 joltTilt=7.13 odeTilt=7.13 upDelta=2.17 wBody=(0.02,-0.04,-0.03) |w|=0.05 grounded=3
INFO 2026-07-27 15:24:33.020 joltshadow - docs §70.1: slipdense (player) f=1044 w=0 grounded=0 kappa=0.000 fnGround=0 omega=41.59 | ftGround=0N target=58.2 limit=179Nm motorNm=179 tyreNm=0 inertia=2.91 limRot=0/461/0 omegaPre=41.02 posN=11/26/0 susp=0.0105 springN=-20
INFO 2026-07-27 15:24:33.020 joltshadow - docs §70.1: slipdense (player) f=1044 w=1 grounded=1 kappa=0.974 fnGround=0 omega=56.97 | ftGround=0N target=58.2 limit=179Nm motorNm=179 tyreNm=0 inertia=2.91 limRot=0/-935/0 omegaPre=56.77 posN=11/19/0 susp=0.0077 springN=-74
INFO 2026-07-27 15:24:33.020 joltshadow - docs §70.1: slipdense (player) f=1044 w=2 grounded=1 kappa=0.016 fnGround=922 omega=29.66 | ftGround=322N target=58.2 limit=179Nm motorNm=179 tyreNm=-169 inertia=2.91 limRot=0/72/2 omegaPre=29.62 posN=98/-330/0 susp=-0.1098 springN=805
INFO 2026-07-27 15:24:33.020 joltshadow - docs §70.1: slipdense (player) f=1044 w=3 grounded=1 kappa=0.015 fnGround=1043 omega=29.91 | ftGround=341N target=58.2 limit=179Nm motorNm=179 tyreNm=-173 inertia=2.91 limRot=0/78/3 omegaPre=29.89 posN=108/-359/0 susp=-0.1395 springN=944
INFO 2026-07-27 15:24:33.020 joltshadow - docs §78: attdense (player) f=1044 joltTilt=7.19 odeTilt=7.02 upDelta=2.16 wBody=(0.06,-0.06,0.10) |w|=0.13 grounded=3
INFO 2026-07-27 15:24:33.050 joltshadow - docs §70.1: slipdense (player) f=1048 w=0 grounded=0 kappa=0.000 fnGround=0 omega=43.32 | ftGround=0N target=58.2 limit=179Nm motorNm=179 tyreNm=0 inertia=2.91 limRot=0/-369/0 omegaPre=42.97 posN=221/117/0 susp=0.0056 springN=11
INFO 2026-07-27 15:24:33.050 joltshadow - docs §70.1: slipdense (player) f=1048 w=1 grounded=1 kappa=1.662 fnGround=0 omega=58.08 | ftGround=0N target=58.2 limit=179Nm motorNm=179 tyreNm=0 inertia=2.91 limRot=0/-2057/-10199 omegaPre=57.74 posN=221/-83/0 susp=0.0106 springN=-89
INFO 2026-07-27 15:24:33.050 joltshadow - docs §70.1: slipdense (player) f=1048 w=2 grounded=1 kappa=0.016 fnGround=914 omega=29.70 | ftGround=338N target=58.2 limit=179Nm motorNm=179 tyreNm=-177 inertia=2.91 limRot=0/122/-3 omegaPre=29.69 posN=49/-249/0 susp=-0.1096 springN=811
INFO 2026-07-27 15:24:33.050 joltshadow - docs §70.1: slipdense (player) f=1048 w=3 grounded=1 kappa=0.015 fnGround=867 omega=29.96 | ftGround=298N target=58.2 limit=179Nm motorNm=179 tyreNm=-150 inertia=2.91 limRot=0/113/-4 omegaPre=29.87 posN=35/-406/0 susp=-0.1274 springN=777
INFO 2026-07-27 15:24:33.050 joltshadow - docs §78: attdense (player) f=1048 joltTilt=7.36 odeTilt=7.02 upDelta=2.00 wBody=(0.11,-0.04,0.19) |w|=0.22 grounded=3
INFO 2026-07-27 15:24:33.085 joltshadow - docs §70.1: slipdense (player) f=1052 w=0 grounded=0 kappa=0.000 fnGround=0 omega=45.11 | ftGround=0N target=58.2 limit=179Nm motorNm=179 tyreNm=0 inertia=2.91 limRot=0/-1014/-592 omegaPre=44.56 posN=46/42/0 susp=0.0029 springN=-19
INFO 2026-07-27 15:24:33.085 joltshadow - docs §70.1: slipdense (player) f=1052 w=1 grounded=1 kappa=1.368 fnGround=96 omega=58.18 | ftGround=137N target=58.2 limit=179Nm motorNm=105 tyreNm=-96 inertia=2.91 limRot=0/-443/0 omegaPre=58.17 posN=-148/-37/0 susp=0.0085 springN=-14
INFO 2026-07-27 15:24:33.085 joltshadow - docs §70.1: slipdense (player) f=1052 w=2 grounded=1 kappa=0.015 fnGround=944 omega=29.87 | ftGround=316N target=58.2 limit=179Nm motorNm=179 tyreNm=-167 inertia=2.91 limRot=0/25/-8 omegaPre=29.84 posN=21/-298/0 susp=-0.1091 springN=812
INFO 2026-07-27 15:24:33.085 joltshadow - docs §70.1: slipdense (player) f=1052 w=3 grounded=1 kappa=0.019 fnGround=728 omega=29.94 | ftGround=313N target=58.2 limit=179Nm motorNm=179 tyreNm=-179 inertia=2.91 limRot=0/19/-8 omegaPre=29.94 posN=13/-326/0 susp=-0.1088 springN=617
INFO 2026-07-27 15:24:33.085 joltshadow - docs §78: attdense (player) f=1052 joltTilt=7.62 odeTilt=7.07 upDelta=1.67 wBody=(0.15,0.00,0.20) |w|=0.25 grounded=3
INFO 2026-07-27 15:24:33.112 joltshadow - docs §70.1: slipdense (player) f=1056 w=0 grounded=1 kappa=0.649 fnGround=489 omega=41.83 | ftGround=693N target=58.2 limit=179Nm motorNm=179 tyreNm=-478 inertia=2.91 limRot=0/-1499/0 omegaPre=42.45 posN=-806/-138/0 susp=-0.0084 springN=263
INFO 2026-07-27 15:24:33.112 joltshadow - docs §70.1: slipdense (player) f=1056 w=1 grounded=1 kappa=0.998 fnGround=95 omega=58.01 | ftGround=139N target=58.2 limit=179Nm motorNm=179 tyreNm=-96 inertia=2.91 limRot=0/980/0 omegaPre=58.01 posN=5/-121/0 susp=0.0043 springN=32
INFO 2026-07-27 15:24:33.112 joltshadow - docs §70.1: slipdense (player) f=1056 w=2 grounded=1 kappa=0.014 fnGround=924 omega=30.17 | ftGround=283N target=58.2 limit=179Nm motorNm=179 tyreNm=-145 inertia=2.91 limRot=0/-52/-17 omegaPre=30.10 posN=-65/-215/0 susp=-0.1084 springN=806
INFO 2026-07-27 15:24:33.112 joltshadow - docs §70.1: slipdense (player) f=1056 w=3 grounded=1 kappa=0.022 fnGround=623 omega=29.90 | ftGround=307N target=58.2 limit=179Nm motorNm=179 tyreNm=-183 inertia=2.91 limRot=0/-37/-15 omegaPre=29.91 posN=-42/-329/0 susp=-0.0948 springN=530
INFO 2026-07-27 15:24:33.112 joltshadow - docs §78: attdense (player) f=1056 joltTilt=7.80 odeTilt=7.11 upDelta=1.41 wBody=(0.15,0.11,0.18) |w|=0.26 grounded=4
INFO 2026-07-27 15:24:33.137 joltshadow - docs §70.1: slipdense (player) f=1060 w=0 grounded=1 kappa=0.361 fnGround=358 omega=39.93 | ftGround=521N target=58.2 limit=179Nm motorNm=179 tyreNm=-355 inertia=2.91 limRot=0/466/0 omegaPre=40.37 posN=-568/-363/0 susp=-0.0229 springN=286
INFO 2026-07-27 15:24:33.137 joltshadow - docs §70.1: slipdense (player) f=1060 w=1 grounded=1 kappa=1.073 fnGround=152 omega=57.71 | ftGround=223N target=58.2 limit=179Nm motorNm=179 tyreNm=-153 inertia=2.91 limRot=0/1317/0 omegaPre=57.80 posN=270/-122/0 susp=-0.0006 springN=64
INFO 2026-07-27 15:24:33.137 joltshadow - docs §70.1: slipdense (player) f=1060 w=2 grounded=1 kappa=0.015 fnGround=856 omega=30.41 | ftGround=292N target=58.2 limit=179Nm motorNm=179 tyreNm=-156 inertia=2.91 limRot=0/-162/-20 omegaPre=30.36 posN=-194/-256/0 susp=-0.1064 springN=751
INFO 2026-07-27 15:24:33.137 joltshadow - docs §70.1: slipdense (player) f=1060 w=3 grounded=1 kappa=0.021 fnGround=590 omega=29.91 | ftGround=281N target=58.2 limit=179Nm motorNm=179 tyreNm=-167 inertia=2.91 limRot=0/-116/-14 omegaPre=29.89 posN=-129/-241/0 susp=-0.0848 springN=495
INFO 2026-07-27 15:24:33.137 joltshadow - docs §78: attdense (player) f=1060 joltTilt=7.89 odeTilt=7.13 upDelta=1.19 wBody=(0.14,0.14,0.09) |w|=0.22 grounded=4
INFO 2026-07-27 15:24:33.161 joltshadow - docs §70.1: slipdense (player) f=1064 w=0 grounded=1 kappa=0.267 fnGround=431 omega=37.39 | ftGround=828N target=58.2 limit=179Nm motorNm=179 tyreNm=-576 inertia=2.91 limRot=0/-264/0 omegaPre=38.19 posN=-126/-792/0 susp=-0.0325 springN=298
INFO 2026-07-27 15:24:33.161 joltshadow - docs §70.1: slipdense (player) f=1064 w=1 grounded=1 kappa=1.415 fnGround=406 omega=56.69 | ftGround=576N target=58.2 limit=179Nm motorNm=179 tyreNm=-401 inertia=2.91 limRot=0/730/-1044 omegaPre=57.04 posN=729/-34/0 susp=-0.0070 springN=146
INFO 2026-07-27 15:24:33.161 joltshadow - docs §70.1: slipdense (player) f=1064 w=2 grounded=1 kappa=0.018 fnGround=778 omega=30.57 | ftGround=310N target=58.2 limit=179Nm motorNm=179 tyreNm=-175 inertia=2.91 limRot=0/-203/-17 omegaPre=30.54 posN=-268/-277/0 susp=-0.1018 springN=685
INFO 2026-07-27 15:24:33.161 joltshadow - docs §70.1: slipdense (player) f=1064 w=3 grounded=1 kappa=0.018 fnGround=577 omega=30.07 | ftGround=239N target=58.2 limit=179Nm motorNm=179 tyreNm=-137 inertia=2.91 limRot=0/-154/-12 omegaPre=30.01 posN=-199/-149/0 susp=-0.0778 springN=476
INFO 2026-07-27 15:24:33.161 joltshadow - docs §78: attdense (player) f=1064 joltTilt=7.87 odeTilt=7.13 upDelta=0.98 wBody=(0.14,0.11,0.01) |w|=0.18 grounded=4
INFO 2026-07-27 15:24:33.186 joltshadow - docs §70.1: slipdense (player) f=1068 w=0 grounded=1 kappa=0.145 fnGround=430 omega=33.94 | ftGround=748N target=58.2 limit=179Nm motorNm=179 tyreNm=-518 inertia=2.91 limRot=0/-276/0 omegaPre=34.67 posN=353/-706/0 susp=-0.0402 springN=317
INFO 2026-07-27 15:24:33.186 joltshadow - docs §70.1: slipdense (player) f=1068 w=1 grounded=1 kappa=1.291 fnGround=257 omega=55.97 | ftGround=364N target=58.2 limit=179Nm motorNm=179 tyreNm=-254 inertia=2.91 limRot=0/1279/0 omegaPre=56.11 posN=404/7/0 susp=-0.0165 springN=183
INFO 2026-07-27 15:24:33.186 joltshadow - docs §70.1: slipdense (player) f=1068 w=2 grounded=1 kappa=0.018 fnGround=729 omega=30.69 | ftGround=293N target=58.2 limit=179Nm motorNm=179 tyreNm=-166 inertia=2.91 limRot=0/-234/-18 omegaPre=30.66 posN=-309/-274/0 susp=-0.0961 springN=626
INFO 2026-07-27 15:24:33.187 joltshadow - docs §70.1: slipdense (player) f=1068 w=3 grounded=1 kappa=0.019 fnGround=567 omega=30.40 | ftGround=247N target=58.2 limit=179Nm motorNm=179 tyreNm=-144 inertia=2.91 limRot=0/-185/-13 omegaPre=30.33 posN=-240/-154/0 susp=-0.0722 springN=462
INFO 2026-07-27 15:24:33.187 joltshadow - docs §78: attdense (player) f=1068 joltTilt=7.80 odeTilt=7.13 upDelta=0.78 wBody=(0.11,0.07,-0.02) |w|=0.13 grounded=4
INFO 2026-07-27 15:24:33.210 joltshadow - docs §70.1: slipdense (player) f=1072 w=0 grounded=1 kappa=0.087 fnGround=401 omega=31.91 | ftGround=509N target=58.2 limit=179Nm motorNm=179 tyreNm=-345 inertia=2.91 limRot=0/566/0 omegaPre=32.29 posN=534/-400/0 susp=-0.0447 springN=310
INFO 2026-07-27 15:24:33.210 joltshadow - docs §70.1: slipdense (player) f=1072 w=1 grounded=1 kappa=0.909 fnGround=326 omega=54.69 | ftGround=464N target=58.2 limit=179Nm motorNm=179 tyreNm=-322 inertia=2.91 limRot=0/-1158/0 omegaPre=55.11 posN=442/-143/0 susp=-0.0234 springN=213
INFO 2026-07-27 15:24:33.210 joltshadow - docs §70.1: slipdense (player) f=1072 w=2 grounded=1 kappa=0.018 fnGround=708 omega=30.71 | ftGround=289N target=58.2 limit=179Nm motorNm=179 tyreNm=-164 inertia=2.91 limRot=0/-231/-15 omegaPre=30.67 posN=-299/-298/0 susp=-0.0904 springN=591
INFO 2026-07-27 15:24:33.210 joltshadow - docs §70.1: slipdense (player) f=1072 w=3 grounded=1 kappa=0.019 fnGround=570 omega=30.72 | ftGround=240N target=58.2 limit=179Nm motorNm=179 tyreNm=-137 inertia=2.91 limRot=0/-186/-10 omegaPre=30.63 posN=-236/-131/0 susp=-0.0686 springN=462
INFO 2026-07-27 15:24:33.210 joltshadow - docs §78: attdense (player) f=1072 joltTilt=7.72 odeTilt=7.13 upDelta=0.64 wBody=(0.08,-0.02,-0.04) |w|=0.09 grounded=4
INFO 2026-07-27 15:24:33.237 joltshadow - docs §70.1: slipdense (player) f=1076 w=0 grounded=1 kappa=0.183 fnGround=402 omega=30.17 | ftGround=548N target=58.2 limit=179Nm motorNm=179 tyreNm=-380 inertia=2.91 limRot=0/1726/0 omegaPre=30.57 posN=752/-140/0 susp=-0.0467 springN=296
INFO 2026-07-27 15:24:33.237 joltshadow - docs §70.1: slipdense (player) f=1076 w=1 grounded=1 kappa=0.744 fnGround=311 omega=52.76 | ftGround=552N target=58.2 limit=179Nm motorNm=179 tyreNm=-388 inertia=2.91 limRot=0/-449/0 omegaPre=53.24 posN=-353/-472/0 susp=-0.0278 springN=208
INFO 2026-07-27 15:24:33.237 joltshadow - docs §70.1: slipdense (player) f=1076 w=2 grounded=1 kappa=0.020 fnGround=674 omega=30.77 | ftGround=298N target=58.2 limit=179Nm motorNm=179 tyreNm=-180 inertia=2.91 limRot=0/-198/-12 omegaPre=30.77 posN=-258/-265/0 susp=-0.0853 springN=565
INFO 2026-07-27 15:24:33.237 joltshadow - docs §70.1: slipdense (player) f=1076 w=3 grounded=1 kappa=0.018 fnGround=578 omega=31.01 | ftGround=229N target=58.2 limit=179Nm motorNm=179 tyreNm=-135 inertia=2.91 limRot=0/-168/-10 omegaPre=30.93 posN=-216/-157/0 susp=-0.0658 springN=460
INFO 2026-07-27 15:24:33.237 joltshadow - docs §78: attdense (player) f=1076 joltTilt=7.64 odeTilt=7.20 upDelta=0.49 wBody=(0.05,-0.08,-0.04) |w|=0.10 grounded=4
INFO 2026-07-27 15:24:33.279 joltshadow - docs §70.1: slipdense (player) f=1080 w=0 grounded=1 kappa=0.085 fnGround=427 omega=27.33 | ftGround=502N target=58.2 limit=179Nm motorNm=179 tyreNm=-343 inertia=2.91 limRot=0/1721/0 omegaPre=28.06 posN=836/2/0 susp=-0.0508 springN=331
INFO 2026-07-27 15:24:33.279 joltshadow - docs §70.1: slipdense (player) f=1080 w=1 grounded=1 kappa=1.046 fnGround=358 omega=49.77 | ftGround=508N target=58.2 limit=179Nm motorNm=179 tyreNm=-351 inertia=2.91 limRot=0/-956/-970 omegaPre=50.60 posN=-735/-83/0 susp=-0.0302 springN=214
INFO 2026-07-27 15:24:33.280 joltshadow - docs §70.1: slipdense (player) f=1080 w=2 grounded=1 kappa=0.019 fnGround=689 omega=30.86 | ftGround=289N target=58.2 limit=179Nm motorNm=179 tyreNm=-164 inertia=2.91 limRot=0/-81/-7 omegaPre=30.81 posN=-110/-275/0 susp=-0.0806 springN=579
INFO 2026-07-27 15:24:33.280 joltshadow - docs §70.1: slipdense (player) f=1080 w=3 grounded=1 kappa=0.024 fnGround=526 omega=31.48 | ftGround=279N target=58.2 limit=179Nm motorNm=179 tyreNm=-168 inertia=2.91 limRot=0/-60/-5 omegaPre=31.41 posN=-80/-242/0 susp=-0.0610 springN=426
INFO 2026-07-27 15:24:33.280 joltshadow - docs §78: attdense (player) f=1080 joltTilt=7.62 odeTilt=7.22 upDelta=0.42 wBody=(0.03,-0.13,0.02) |w|=0.14 grounded=4
INFO 2026-07-27 15:24:33.280 joltshadow - docs §82: resync (player) #17 dt=0.50s upMax=2.203 deg posMax=0.387 m odeTiltPath=1.063 deg gain=2.0713
INFO 2026-07-27 15:24:33.280 joltshadow - docs §87: resync landing (player) w=0 pre=0.0021 post=0.0030 m R=0.727 dY=-0.0081 dRotDeg=0.45 |corr|=0.3872 m
INFO 2026-07-27 15:24:33.280 joltshadow - docs §87: resync landing (player) w=1 pre=0.0023 post=0.0011 m R=0.727 dY=-0.0081 dRotDeg=0.45 |corr|=0.3872 m
INFO 2026-07-27 15:24:33.280 joltshadow - docs §87: resync landing (player) w=2 pre=-0.0002 post=0.0018 m R=0.727 dY=-0.0081 dRotDeg=0.45 |corr|=0.3872 m
INFO 2026-07-27 15:24:33.280 joltshadow - docs §87: resync landing (player) w=3 pre=0.0009 post=-0.0020 m R=0.727 dY=-0.0081 dRotDeg=0.45 |corr|=0.3872 m
INFO 2026-07-27 15:24:33.280 joltshadow - docs §82: resync RESIDUAL (player) #17 pos=0.0000 m up=0.0000 deg
INFO 2026-07-27 15:24:33.280 joltshadow - Shadow divergence (player): pos=1.605m vel=0.000m/s angle=0.0deg (jolt com=[4659.9 260.7 1212.9] ode com=[4659.6 259.3 1212.3])
INFO 2026-07-27 15:24:33.280 joltshadow - docs §23.6: driver input (player) realThrottle=1.00 brake=0.01 handBrake=0 steerRad=0.000
INFO 2026-07-27 15:24:33.280 joltshadow - docs §32: Jolt SHADOW chassis pitch (player) forward=(-0.220, 0.030, -0.975)
INFO 2026-07-27 15:24:33.281 joltshadow - docs §69: tilt (player) jolt=7.2 deg ode=7.2 deg delta=+0.0 deg upDelta=0.00 deg
INFO 2026-07-27 15:24:33.281 joltshadow - docs §32.4: Jolt SHADOW chassis lowest corner (player) = (4662.06,260.30,1215.87) clearanceToGround=1.056
INFO 2026-07-27 15:24:33.281 joltshadow - docs §23.5: wheel state (player) wheel=0 contact=0 suspLen=1.050 (range 0.050-1.050, 0% compressed) angVel=0.00
INFO 2026-07-27 15:24:33.281 joltshadow - docs §38.11: wheel=0 NO contact, worldAxle=(0.967,-0.122,-0.222)
INFO 2026-07-27 15:24:33.281 joltshadow - docs §32: no-contact raycast (player) wheel=0 bodyPos=(4659.75,260.67,1212.33) localMPos=(-1.367,-0.436,2.663) origin=(4660.43,260.15,1209.43) dir=(-0.126,-0.992,-0.002) normalRayLen=1.777 groundFoundAt=0.000 shortfallBeyondTravel=-1.777 hitBody=8391036 hitLayer=4 hitMotion=2 hitIsSelfChassis=0
INFO 2026-07-27 15:24:33.281 joltshadow - docs §23.5: wheel state (player) wheel=1 contact=0 suspLen=1.050 (range 0.050-1.050, 0% compressed) angVel=0.00
INFO 2026-07-27 15:24:33.281 joltshadow - docs §38.11: wheel=1 NO contact, worldAxle=(0.967,-0.122,-0.222)
INFO 2026-07-27 15:24:33.281 joltshadow - docs §32: no-contact raycast (player) wheel=1 bodyPos=(4659.75,260.67,1212.33) localMPos=(1.369,-0.436,2.663) origin=(4657.78,260.49,1210.04) dir=(-0.126,-0.992,-0.002) normalRayLen=1.777 groundFoundAt=0.000 shortfallBeyondTravel=-1.777 hitBody=8391037 hitLayer=4 hitMotion=2 hitIsSelfChassis=0
INFO 2026-07-27 15:24:33.281 joltshadow - docs §23.5: wheel state (player) wheel=2 contact=0 suspLen=1.050 (range 0.050-1.050, 0% compressed) angVel=0.00
INFO 2026-07-27 15:24:33.281 joltshadow - docs §38.11: wheel=2 NO contact, worldAxle=(0.967,-0.122,-0.222)
INFO 2026-07-27 15:24:33.281 joltshadow - docs §32: no-contact raycast (player) wheel=2 bodyPos=(4659.75,260.67,1212.33) localMPos=(-1.367,-0.436,-1.944) origin=(4661.44,260.01,1213.92) dir=(-0.126,-0.992,-0.002) normalRayLen=1.777 groundFoundAt=0.000 shortfallBeyondTravel=-1.777 hitBody=8391038 hitLayer=4 hitMotion=2 hitIsSelfChassis=0
INFO 2026-07-27 15:24:33.281 joltshadow - docs §23.5: wheel state (player) wheel=3 contact=0 suspLen=1.050 (range 0.050-1.050, 0% compressed) angVel=0.00
INFO 2026-07-27 15:24:33.281 joltshadow - docs §38.11: wheel=3 NO contact, worldAxle=(0.967,-0.122,-0.222)
INFO 2026-07-27 15:24:33.282 joltshadow - docs §32: no-contact raycast (player) wheel=3 bodyPos=(4659.75,260.67,1212.33) localMPos=(1.369,-0.436,-1.944) origin=(4658.79,260.35,1214.53) dir=(-0.126,-0.992,-0.002) normalRayLen=1.777 groundFoundAt=0.000 shortfallBeyondTravel=-1.777 hitBody=8391039 hitLayer=4 hitMotion=2 hitIsSelfChassis=0
INFO 2026-07-27 15:24:33.282 joltshadow - docs §59/63: harvest (player) wheelsWithContact=4 contactPoints=8 overflow=0 (of 4) | maxNormalF=689N bound(k_t*tau)=1229N ratio=0.56
INFO 2026-07-27 15:24:33.282 joltshadow - docs §58: wheel body (player) w=0 springF=331N stopF=0N travel=-0.0752 (limits -0.5000..0.5000 rel spawn) kSusp=6000 sagPredicted=0.0552 | frameTrav=-0.0508..-0.0498 frameStopN=0
INFO 2026-07-27 15:24:33.282 joltshadow - docs §66: tyre band (player) w=0 fnGround=427N fnTotal=431N pen=0.00354 penRaw=0.00354 tau=0.01024 pen/tau=0.35 | recs tyre=1 rim=1 survived=1 stale=0 distMax=1.00R
INFO 2026-07-27 15:24:33.282 joltshadow - docs §68: steer (player) w=0 steerable=1 commanded=0.000 rad measured=-0.610 rad err=-34.98 deg steerSign=-1 steerTq=-1197Nm cap=1197Nm sat=1.00
INFO 2026-07-27 15:24:33.282 joltshadow - docs §70: slip (player) w=0 grounded=1 kappa=0.085 fnGround=427N omega=27.33
INFO 2026-07-27 15:24:33.282 joltshadow - docs §67: spin (player) w=0 driven=1 omega=27.33 rad/s surfaceSpeed=19.88 m/s spinSign=+1 motorTq=179Nm cmdTq=179Nm
INFO 2026-07-27 15:24:33.282 joltshadow - docs §58: wheel body (player) w=1 springF=214N stopF=0N travel=-0.0693 (limits -0.5000..0.5000 rel spawn) kSusp=6000 sagPredicted=0.0357 | frameTrav=-0.0302..-0.0295 frameStopN=0
INFO 2026-07-27 15:24:33.282 joltshadow - docs §66: tyre band (player) w=1 fnGround=358N fnTotal=360N pen=0.00345 penRaw=0.00345 tau=0.01024 pen/tau=0.34 | recs tyre=1 rim=1 survived=1 stale=0 distMax=1.00R
INFO 2026-07-27 15:24:33.282 joltshadow - docs §68: steer (player) w=1 steerable=1 commanded=0.000 rad measured=0.615 rad err=35.23 deg steerSign=-1 steerTq=1192Nm cap=1192Nm sat=1.00
INFO 2026-07-27 15:24:33.282 joltshadow - docs §70: slip (player) w=1 grounded=1 kappa=1.046 fnGround=358N omega=49.78
INFO 2026-07-27 15:24:33.282 joltshadow - docs §67: spin (player) w=1 driven=1 omega=49.78 rad/s surfaceSpeed=36.21 m/s spinSign=+1 motorTq=179Nm cmdTq=179Nm
INFO 2026-07-27 15:24:33.282 joltshadow - docs §58: wheel body (player) w=2 springF=579N stopF=0N travel=-0.0870 (limits -0.5000..0.5000 rel spawn) kSusp=7500 sagPredicted=0.0772 | frameTrav=-0.0813..-0.0806 frameStopN=0
INFO 2026-07-27 15:24:33.282 joltshadow - docs §66: tyre band (player) w=2 fnGround=689N fnTotal=695N pen=0.00572 penRaw=0.00572 tau=0.01024 pen/tau=0.56 | recs tyre=1 rim=1 survived=1 stale=0 distMax=1.00R
INFO 2026-07-27 15:24:33.283 joltshadow - docs §68: steer (player) w=2 steerable=0 commanded=0.000 rad measured=-0.000 rad err=-0.00 deg steerSign=-1 steerTq=0Nm cap=340282346638528859811704183484516925440Nm sat=0.00
INFO 2026-07-27 15:24:33.283 joltshadow - docs §70: slip (player) w=2 grounded=1 kappa=0.019 fnGround=689N omega=30.87
INFO 2026-07-27 15:24:33.283 joltshadow - docs §67: spin (player) w=2 driven=1 omega=30.87 rad/s surfaceSpeed=22.45 m/s spinSign=+1 motorTq=179Nm cmdTq=179Nm
INFO 2026-07-27 15:24:33.283 joltshadow - docs §58: wheel body (player) w=3 springF=426N stopF=0N travel=-0.0792 (limits -0.5000..0.5000 rel spawn) kSusp=7500 sagPredicted=0.0568 | frameTrav=-0.0620..-0.0610 frameStopN=0
INFO 2026-07-27 15:24:33.283 joltshadow - docs §66: tyre band (player) w=3 fnGround=526N fnTotal=530N pen=0.00469 penRaw=0.00469 tau=0.01024 pen/tau=0.46 | recs tyre=1 rim=1 survived=1 stale=0 distMax=1.00R
INFO 2026-07-27 15:24:33.283 joltshadow - docs §68: steer (player) w=3 steerable=0 commanded=0.000 rad measured=-0.000 rad err=-0.00 deg steerSign=-1 steerTq=0Nm cap=340282346638528859811704183484516925440Nm sat=0.00
INFO 2026-07-27 15:24:33.283 joltshadow - docs §70: slip (player) w=3 grounded=1 kappa=0.024 fnGround=526N omega=31.48
INFO 2026-07-27 15:24:33.283 joltshadow - docs §67: spin (player) w=3 driven=1 omega=31.48 rad/s surfaceSpeed=22.90 m/s spinSign=+1 motorTq=179Nm cmdTq=179Nm
INFO 2026-07-27 15:24:33.283 joltshadow - docs §67: drivetrain (player) gear=3 rpm=3632 driveTorque=720Nm perWheel=180Nm driven=4 throttle=1.00 spin=1 | PRE-STEP brake=0.01 handBrake=0
INFO 2026-07-27 15:24:33.283 joltshadow - docs §66: tyre band SUM (player) fnGroundSum=2001N fnTotalSum=2016N weight=1638N carried=1.23 | penSum=0.01739 recs tyre=4 rim=4 stale=0
INFO 2026-07-27 15:24:33.283 joltshadow - docs §30: REAL ODE chassis COM (player) body=53396828 = (4659.570, 259.281, 1212.331) forward=(-0.220, 0.030, -0.975)
INFO 2026-07-27 15:24:33.283 joltshadow - docs §33: real ODE chassis geom (player) #1 = class 0 (not a transform) pos=(4659.570,259.281,1212.331) radius=4.000
INFO 2026-07-27 15:24:33.283 joltshadow - docs §33: real ODE chassis geom (player) #2 = transform, inner class=1 pos=(0.000,3.010,-1.827)
INFO 2026-07-27 15:24:33.283 joltshadow - docs §33: real ODE chassis geom (player) #3 = transform, inner class=1 pos=(0.013,2.455,4.253)
INFO 2026-07-27 15:24:33.283 joltshadow - docs §33: real ODE chassis geom (player) #4 = transform, inner class=1 pos=(0.000,2.778,2.038)
INFO 2026-07-27 15:24:33.283 joltshadow - docs §33: real ODE chassis geom (player) #5 = transform, inner class=1 pos=(0.000,1.675,0.000)
INFO 2026-07-27 15:24:33.283 joltshadow - docs §33: real ODE chassis geom (player) #6 = class 0 (not a transform) pos=(4659.570,259.281,1212.331) radius=30.000
INFO 2026-07-27 15:24:33.283 joltshadow - docs §33: real ODE chassis geom (player) #7 = class 0 (not a transform) pos=(4659.570,259.281,1212.331) radius=8.161
INFO 2026-07-27 15:24:33.283 joltshadow - docs §33: real ODE chassis geom (player) #8 = class 0 (not a transform) pos=(4659.570,259.281,1212.331) radius=200.000
INFO 2026-07-27 15:24:33.283 joltshadow - docs §33: real ODE chassis (player) has 8 total geom(s) directly attached (4 transform(s)) - compare against BuildChassisCompoundShape's own part/geom count in the build log
INFO 2026-07-27 15:24:33.283 joltshadow - docs §28: REAL ODE wheel state (player) wheel=0 displacement=0.0252 range=1.000 (3% compressed, signed) foreAft=2.663 localZ=2.663 cfm=0.002500 erp=0.2500
INFO 2026-07-27 15:24:33.283 joltshadow - docs §28: REAL ODE wheel state (player) wheel=1 displacement=0.0193 range=1.000 (2% compressed, signed) foreAft=2.663 localZ=2.663 cfm=0.002500 erp=0.2500
INFO 2026-07-27 15:24:33.284 joltshadow - docs §28: REAL ODE wheel state (player) wheel=2 displacement=0.0370 range=1.000 (4% compressed, signed) foreAft=-1.944 localZ=-1.944 cfm=0.002000 erp=0.2500
INFO 2026-07-27 15:24:33.284 joltshadow - docs §28: REAL ODE wheel state (player) wheel=3 displacement=0.0292 range=1.000 (3% compressed, signed) foreAft=-1.944 localZ=-1.944 cfm=0.002000 erp=0.2500
INFO 2026-07-27 15:24:33.316 joltshadow - docs §70.1: slipdense (player) f=1084 w=0 grounded=1 kappa=-0.033 fnGround=546 omega=30.87 | ftGround=-401N target=58.2 limit=179Nm motorNm=179 tyreNm=325 inertia=2.91 limRot=0/-725/0 omegaPre=29.50 posN=945/674/0 susp=-0.0772 springN=468
INFO 2026-07-27 15:24:33.316 joltshadow - docs §70.1: slipdense (player) f=1084 w=1 grounded=1 kappa=0.608 fnGround=560 omega=43.98 | ftGround=793N target=58.2 limit=179Nm motorNm=179 tyreNm=-545 inertia=2.91 limRot=0/-1258/0 omegaPre=45.04 posN=-1038/-273/0 susp=-0.0739 springN=449
INFO 2026-07-27 15:24:33.316 joltshadow - docs §70.1: slipdense (player) f=1084 w=2 grounded=1 kappa=0.017 fnGround=856 omega=32.52 | ftGround=317N target=58.2 limit=179Nm motorNm=179 tyreNm=-176 inertia=2.91 limRot=0/23/0 omegaPre=32.55 posN=14/-290/0 susp=-0.0902 springN=727
INFO 2026-07-27 15:24:33.316 joltshadow - docs §70.1: slipdense (player) f=1084 w=3 grounded=1 kappa=0.019 fnGround=799 omega=32.68 | ftGround=333N target=58.2 limit=179Nm motorNm=179 tyreNm=-191 inertia=2.91 limRot=0/22/-0 omegaPre=32.70 posN=12/-346/0 susp=-0.0874 springN=703
INFO 2026-07-27 15:24:33.316 joltshadow - docs §78: attdense (player) f=1084 joltTilt=7.21 odeTilt=7.19 upDelta=0.03 wBody=(-0.03,-0.03,0.00) |w|=0.04 grounded=4
INFO 2026-07-27 15:24:33.342 joltshadow - docs §70.1: slipdense (player) f=1088 w=0 grounded=1 kappa=0.018 fnGround=478 omega=32.68 | ftGround=191N target=58.2 limit=179Nm motorNm=179 tyreNm=-105 inertia=2.91 limRot=0/143/0 omegaPre=32.52 posN=246/-119/0 susp=-0.0733 springN=362
INFO 2026-07-27 15:24:33.342 joltshadow - docs §70.1: slipdense (player) f=1088 w=1 grounded=1 kappa=0.291 fnGround=445 omega=40.90 | ftGround=654N target=58.2 limit=179Nm motorNm=179 tyreNm=-444 inertia=2.91 limRot=0/-30/0 omegaPre=41.51 posN=-665/-499/0 susp=-0.0713 springN=360
INFO 2026-07-27 15:24:33.342 joltshadow - docs §70.1: slipdense (player) f=1088 w=2 grounded=1 kappa=0.016 fnGround=821 omega=32.70 | ftGround=296N target=58.2 limit=179Nm motorNm=179 tyreNm=-157 inertia=2.91 limRot=0/-9/-0 omegaPre=32.65 posN=9/-231/0 susp=-0.0927 springN=721
INFO 2026-07-27 15:24:33.342 joltshadow - docs §70.1: slipdense (player) f=1088 w=3 grounded=1 kappa=0.017 fnGround=810 omega=32.72 | ftGround=302N target=58.2 limit=179Nm motorNm=179 tyreNm=-161 inertia=2.91 limRot=0/-9/-0 omegaPre=32.68 posN=9/-242/0 susp=-0.0907 springN=709
INFO 2026-07-27 15:24:33.342 joltshadow - docs §78: attdense (player) f=1088 joltTilt=7.22 odeTilt=7.15 upDelta=0.10 wBody=(-0.07,-0.01,-0.02) |w|=0.08 grounded=4
INFO 2026-07-27 15:24:33.366 joltshadow - docs §70.1: slipdense (player) f=1092 w=0 grounded=1 kappa=0.026 fnGround=380 omega=33.10 | ftGround=219N target=58.2 limit=179Nm motorNm=179 tyreNm=-132 inertia=2.91 limRot=0/48/0 omegaPre=33.01 posN=-64/-159/0 susp=-0.0650 springN=271
INFO 2026-07-27 15:24:33.366 joltshadow - docs §70.1: slipdense (player) f=1092 w=1 grounded=1 kappa=0.193 fnGround=397 omega=38.14 | ftGround=737N target=58.2 limit=179Nm motorNm=179 tyreNm=-506 inertia=2.91 limRot=0/-406/0 omegaPre=38.84 posN=68/-652/0 susp=-0.0639 springN=274
INFO 2026-07-27 15:24:33.366 joltshadow - docs §70.1: slipdense (player) f=1092 w=2 grounded=1 kappa=0.016 fnGround=822 omega=32.90 | ftGround=287N target=58.2 limit=179Nm motorNm=179 tyreNm=-150 inertia=2.91 limRot=0/1/2 omegaPre=32.85 posN=9/-231/0 susp=-0.0938 springN=717
INFO 2026-07-27 15:24:33.366 joltshadow - docs §70.1: slipdense (player) f=1092 w=3 grounded=1 kappa=0.015 fnGround=839 omega=32.91 | ftGround=283N target=58.2 limit=179Nm motorNm=179 tyreNm=-146 inertia=2.91 limRot=0/1/2 omegaPre=32.86 posN=9/-203/0 susp=-0.0927 springN=718
INFO 2026-07-27 15:24:33.367 joltshadow - docs §78: attdense (player) f=1092 joltTilt=7.22 odeTilt=7.09 upDelta=0.24 wBody=(-0.10,-0.01,-0.02) |w|=0.10 grounded=4
INFO 2026-07-27 15:24:33.393 joltshadow - docs §70.1: slipdense (player) f=1096 w=0 grounded=1 kappa=0.036 fnGround=266 omega=33.56 | ftGround=208N target=58.2 limit=179Nm motorNm=179 tyreNm=-129 inertia=2.91 limRot=0/8/0 omegaPre=33.45 posN=-128/-166/0 susp=-0.0524 springN=156
INFO 2026-07-27 15:24:33.393 joltshadow - docs §70.1: slipdense (player) f=1096 w=1 grounded=1 kappa=0.128 fnGround=293 omega=36.19 | ftGround=425N target=58.2 limit=179Nm motorNm=179 tyreNm=-285 inertia=2.91 limRot=0/58/0 omegaPre=36.49 posN=405/-314/0 susp=-0.0531 springN=186
INFO 2026-07-27 15:24:33.393 joltshadow - docs §70.1: slipdense (player) f=1096 w=2 grounded=1 kappa=0.017 fnGround=811 omega=33.11 | ftGround=308N target=58.2 limit=179Nm motorNm=179 tyreNm=-156 inertia=2.91 limRot=0/-16/1 omegaPre=33.06 posN=-31/-272/0 susp=-0.0941 springN=703
INFO 2026-07-27 15:24:33.393 joltshadow - docs §70.1: slipdense (player) f=1096 w=3 grounded=1 kappa=0.016 fnGround=853 omega=33.20 | ftGround=301N target=58.2 limit=179Nm motorNm=179 tyreNm=-146 inertia=2.91 limRot=0/-17/1 omegaPre=33.13 posN=-33/-244/0 susp=-0.0948 springN=740
INFO 2026-07-27 15:24:33.393 joltshadow - docs §78: attdense (player) f=1096 joltTilt=7.23 odeTilt=7.07 upDelta=0.40 wBody=(-0.12,-0.03,-0.04) |w|=0.13 grounded=4
INFO 2026-07-27 15:24:33.427 joltshadow - docs §70.1: slipdense (player) f=1100 w=0 grounded=1 kappa=0.054 fnGround=154 omega=34.22 | ftGround=166N target=58.2 limit=179Nm motorNm=179 tyreNm=-110 inertia=2.91 limRot=0/-172/0 omegaPre=34.02 posN=-153/-123/0 susp=-0.0339 springN=40
INFO 2026-07-27 15:24:33.427 joltshadow - docs §70.1: slipdense (player) f=1100 w=1 grounded=1 kappa=0.287 fnGround=232 omega=35.21 | ftGround=324N target=58.2 limit=179Nm motorNm=179 tyreNm=-220 inertia=2.91 limRot=0/1600/0 omegaPre=35.51 posN=449/-84/0 susp=-0.0387 springN=120
INFO 2026-07-27 15:24:33.427 joltshadow - docs §70.1: slipdense (player) f=1100 w=2 grounded=1 kappa=0.018 fnGround=790 omega=33.26 | ftGround=312N target=58.2 limit=179Nm motorNm=179 tyreNm=-170 inertia=2.91 limRot=0/-49/-3 omegaPre=33.24 posN=-87/-283/0 susp=-0.0925 springN=673
INFO 2026-07-27 15:24:33.427 joltshadow - docs §70.1: slipdense (player) f=1100 w=3 grounded=1 kappa=0.016 fnGround=885 omega=33.42 | ftGround=319N target=58.2 limit=179Nm motorNm=179 tyreNm=-167 inertia=2.91 limRot=0/-55/-4 omegaPre=33.37 posN=-94/-302/0 susp=-0.0975 springN=776
INFO 2026-07-27 15:24:33.427 joltshadow - docs §78: attdense (player) f=1100 joltTilt=7.20 odeTilt=7.05 upDelta=0.62 wBody=(-0.11,-0.04,-0.07) |w|=0.14 grounded=4
INFO 2026-07-27 15:24:33.466 joltshadow - docs §70.1: slipdense (player) f=1104 w=0 grounded=1 kappa=0.123 fnGround=50 omega=35.62 | ftGround=66N target=58.2 limit=179Nm motorNm=179 tyreNm=-45 inertia=2.91 limRot=0/-1643/0 omegaPre=35.25 posN=-122/-40/0 susp=-0.0142 springN=-48
INFO 2026-07-27 15:24:33.466 joltshadow - docs §70.1: slipdense (player) f=1104 w=1 grounded=1 kappa=0.279 fnGround=158 omega=34.93 | ftGround=220N target=58.2 limit=179Nm motorNm=179 tyreNm=-151 inertia=2.91 limRot=0/1339/0 omegaPre=34.85 posN=277/-14/0 susp=-0.0258 springN=67
INFO 2026-07-27 15:24:33.467 joltshadow - docs §70.1: slipdense (player) f=1104 w=2 grounded=1 kappa=0.019 fnGround=742 omega=33.31 | ftGround=316N target=58.2 limit=179Nm motorNm=179 tyreNm=-176 inertia=2.91 limRot=0/10/3 omegaPre=33.30 posN=14/-316/0 susp=-0.0899 springN=648
INFO 2026-07-27 15:24:33.467 joltshadow - docs §70.1: slipdense (player) f=1104 w=3 grounded=1 kappa=0.016 fnGround=908 omega=33.67 | ftGround=319N target=58.2 limit=179Nm motorNm=179 tyreNm=-165 inertia=2.91 limRot=0/13/4 omegaPre=33.63 posN=17/-296/0 susp=-0.1009 springN=793
INFO 2026-07-27 15:24:33.467 joltshadow - docs §78: attdense (player) f=1104 joltTilt=7.14 odeTilt=7.04 upDelta=0.85 wBody=(-0.08,-0.10,-0.05) |w|=0.14 grounded=4
INFO 2026-07-27 15:24:33.496 joltshadow - docs §70.1: slipdense (player) f=1108 w=0 grounded=1 kappa=0.222 fnGround=53 omega=37.03 | ftGround=73N target=58.2 limit=179Nm motorNm=179 tyreNm=-50 inertia=2.91 limRot=0/-783/0 omegaPre=36.75 posN=-122/-23/0 susp=-0.0034 springN=-70
INFO 2026-07-27 15:24:33.496 joltshadow - docs §70.1: slipdense (player) f=1108 w=1 grounded=1 kappa=0.127 fnGround=144 omega=35.09 | ftGround=188N target=58.2 limit=179Nm motorNm=179 tyreNm=-128 inertia=2.91 limRot=0/-184/0 omegaPre=35.08 posN=252/-55/0 susp=-0.0180 springN=41
INFO 2026-07-27 15:24:33.497 joltshadow - docs §70.1: slipdense (player) f=1108 w=2 grounded=1 kappa=0.019 fnGround=765 omega=33.34 | ftGround=323N target=58.2 limit=179Nm motorNm=179 tyreNm=-180 inertia=2.91 limRot=0/55/6 omegaPre=33.33 posN=65/-318/0 susp=-0.0885 springN=653
INFO 2026-07-27 15:24:33.497 joltshadow - docs §70.1: slipdense (player) f=1108 w=3 grounded=1 kappa=0.014 fnGround=895 omega=33.74 | ftGround=284N target=58.2 limit=179Nm motorNm=179 tyreNm=-160 inertia=2.91 limRot=0/87/15 omegaPre=33.73 posN=71/-269/0 susp=-0.1023 springN=790
INFO 2026-07-27 15:24:33.497 joltshadow - docs §78: attdense (player) f=1108 joltTilt=7.13 odeTilt=7.06 upDelta=1.01 wBody=(-0.06,-0.13,-0.02) |w|=0.14 grounded=4
INFO 2026-07-27 15:24:33.519 joltshadow - docs §70.1: slipdense (player) f=1112 w=0 grounded=1 kappa=0.172 fnGround=18 omega=38.03 | ftGround=25N target=58.2 limit=179Nm motorNm=179 tyreNm=-18 inertia=2.91 limRot=0/485/0 omegaPre=37.79 posN=-49/5/0 susp=0.0020 springN=-73
INFO 2026-07-27 15:24:33.519 joltshadow - docs §70.1: slipdense (player) f=1112 w=1 grounded=1 kappa=0.074 fnGround=111 omega=35.46 | ftGround=148N target=58.2 limit=179Nm motorNm=179 tyreNm=-101 inertia=2.91 limRot=0/29/0 omegaPre=35.35 posN=126/-108/0 susp=-0.0128 springN=20
INFO 2026-07-27 15:24:33.519 joltshadow - docs §70.1: slipdense (player) f=1112 w=2 grounded=1 kappa=0.017 fnGround=782 omega=33.41 | ftGround=304N target=58.2 limit=179Nm motorNm=179 tyreNm=-174 inertia=2.91 limRot=0/50/4 omegaPre=33.39 posN=54/-294/0 susp=-0.0882 springN=664
INFO 2026-07-27 15:24:33.519 joltshadow - docs §70.1: slipdense (player) f=1112 w=3 grounded=1 kappa=0.016 fnGround=898 omega=33.84 | ftGround=326N target=58.2 limit=179Nm motorNm=179 tyreNm=-182 inertia=2.91 limRot=0/56/5 omegaPre=33.84 posN=64/-314/0 susp=-0.1028 springN=789
INFO 2026-07-27 15:24:33.519 joltshadow - docs §78: attdense (player) f=1112 joltTilt=7.14 odeTilt=7.14 upDelta=1.14 wBody=(-0.05,-0.11,-0.01) |w|=0.12 grounded=4
INFO 2026-07-27 15:24:33.542 joltshadow - docs §70.1: slipdense (player) f=1116 w=0 grounded=1 kappa=0.195 fnGround=25 omega=39.18 | ftGround=46N target=58.2 limit=179Nm motorNm=179 tyreNm=-32 inertia=2.91 limRot=0/-262/0 omegaPre=38.88 posN=-13/-17/0 susp=0.0058 springN=-75
INFO 2026-07-27 15:24:33.542 joltshadow - docs §70.1: slipdense (player) f=1116 w=1 grounded=1 kappa=0.084 fnGround=139 omega=35.89 | ftGround=200N target=58.2 limit=179Nm motorNm=179 tyreNm=-136 inertia=2.91 limRot=0/317/0 omegaPre=35.79 posN=-94/-176/0 susp=-0.0095 springN=25
INFO 2026-07-27 15:24:33.542 joltshadow - docs §70.1: slipdense (player) f=1116 w=2 grounded=1 kappa=0.013 fnGround=786 omega=33.38 | ftGround=218N target=58.2 limit=179Nm motorNm=179 tyreNm=-125 inertia=2.91 limRot=0/63/5 omegaPre=33.33 posN=73/-205/0 susp=-0.0882 springN=671
INFO 2026-07-27 15:24:33.543 joltshadow - docs §70.1: slipdense (player) f=1116 w=3 grounded=1 kappa=0.016 fnGround=909 omega=33.92 | ftGround=321N target=58.2 limit=179Nm motorNm=179 tyreNm=-167 inertia=2.91 limRot=0/72/8 omegaPre=33.90 posN=92/-315/0 susp=-0.1035 springN=795
INFO 2026-07-27 15:24:33.543 joltshadow - docs §78: attdense (player) f=1116 joltTilt=7.14 odeTilt=7.16 upDelta=1.22 wBody=(-0.03,-0.11,-0.01) |w|=0.11 grounded=4
INFO 2026-07-27 15:24:33.567 joltshadow - docs §70.1: slipdense (player) f=1120 w=0 grounded=1 kappa=0.233 fnGround=56 omega=40.41 | ftGround=95N target=58.2 limit=179Nm motorNm=179 tyreNm=-65 inertia=2.91 limRot=0/-294/0 omegaPre=40.14 posN=85/-53/0 susp=0.0076 springN=-63
INFO 2026-07-27 15:24:33.567 joltshadow - docs §70.1: slipdense (player) f=1120 w=1 grounded=1 kappa=0.094 fnGround=152 omega=36.15 | ftGround=224N target=58.2 limit=179Nm motorNm=179 tyreNm=-151 inertia=2.91 limRot=0/130/0 omegaPre=36.09 posN=-202/-192/0 susp=-0.0081 springN=43
INFO 2026-07-27 15:24:33.567 joltshadow - docs §70.1: slipdense (player) f=1120 w=2 grounded=1 kappa=0.018 fnGround=749 omega=33.61 | ftGround=303N target=58.2 limit=179Nm motorNm=179 tyreNm=-157 inertia=2.91 limRot=0/77/9 omegaPre=33.57 posN=93/-280/0 susp=-0.0891 springN=666
INFO 2026-07-27 15:24:33.567 joltshadow - docs §70.1: slipdense (player) f=1120 w=3 grounded=1 kappa=0.014 fnGround=758 omega=33.94 | ftGround=235N target=58.2 limit=179Nm motorNm=179 tyreNm=-132 inertia=2.91 limRot=0/78/7 omegaPre=33.95 posN=86/-229/0 susp=-0.1051 springN=808
INFO 2026-07-27 15:24:33.567 joltshadow - docs §78: attdense (player) f=1120 joltTilt=7.14 odeTilt=7.15 upDelta=1.26 wBody=(-0.01,-0.10,-0.01) |w|=0.10 grounded=4
INFO 2026-07-27 15:24:33.602 joltshadow - docs §70.1: slipdense (player) f=1124 w=0 grounded=1 kappa=0.381 fnGround=64 omega=41.49 | ftGround=90N target=58.2 limit=179Nm motorNm=179 tyreNm=-60 inertia=2.91 limRot=0/1260/0 omegaPre=41.18 posN=147/-6/0 susp=0.0072 springN=-24
INFO 2026-07-27 15:24:33.602 joltshadow - docs §70.1: slipdense (player) f=1124 w=1 grounded=1 kappa=0.187 fnGround=160 omega=36.31 | ftGround=219N target=58.2 limit=179Nm motorNm=179 tyreNm=-147 inertia=2.91 limRot=0/-1024/0 omegaPre=36.28 posN=-266/-118/0 susp=-0.0088 springN=77
INFO 2026-07-27 15:24:33.602 joltshadow - docs §70.1: slipdense (player) f=1124 w=2 grounded=1 kappa=0.017 fnGround=801 omega=33.77 | ftGround=313N target=58.2 limit=179Nm motorNm=179 tyreNm=-157 inertia=2.91 limRot=0/85/10 omegaPre=33.70 posN=97/-288/0 susp=-0.0891 springN=668
INFO 2026-07-27 15:24:33.602 joltshadow - docs §70.1: slipdense (player) f=1124 w=3 grounded=1 kappa=0.016 fnGround=924 omega=34.12 | ftGround=337N target=58.2 limit=179Nm motorNm=179 tyreNm=-162 inertia=2.91 limRot=0/96/11 omegaPre=34.04 posN=114/-342/0 susp=-0.1048 springN=793
INFO 2026-07-27 15:24:33.602 joltshadow - docs §78: attdense (player) f=1124 joltTilt=7.13 odeTilt=7.13 upDelta=1.24 wBody=(0.02,-0.08,-0.00) |w|=0.09 grounded=4
INFO 2026-07-27 15:24:33.638 joltshadow - docs §70.1: slipdense (player) f=1128 w=0 grounded=1 kappa=0.531 fnGround=145 omega=41.78 | ftGround=204N target=58.2 limit=179Nm motorNm=179 tyreNm=-142 inertia=2.91 limRot=0/1257/0 omegaPre=41.67 posN=374/6/0 susp=0.0013 springN=62
INFO 2026-07-27 15:24:33.638 joltshadow - docs §70.1: slipdense (player) f=1128 w=1 grounded=1 kappa=0.234 fnGround=507 omega=33.63 | ftGround=700N target=58.2 limit=179Nm motorNm=179 tyreNm=-522 inertia=2.91 limRot=0/-3231/0 omegaPre=34.88 posN=-949/-150/0 susp=-0.0192 springN=343
INFO 2026-07-27 15:24:33.638 joltshadow - docs §70.1: slipdense (player) f=1128 w=2 grounded=1 kappa=0.016 fnGround=787 omega=33.93 | ftGround=290N target=58.2 limit=179Nm motorNm=179 tyreNm=-159 inertia=2.91 limRot=0/92/5 omegaPre=33.88 posN=131/-249/0 susp=-0.0889 springN=670
INFO 2026-07-27 15:24:33.638 joltshadow - docs §70.1: slipdense (player) f=1128 w=3 grounded=1 kappa=0.017 fnGround=882 omega=34.15 | ftGround=332N target=58.2 limit=179Nm motorNm=179 tyreNm=-183 inertia=2.91 limRot=0/102/6 omegaPre=34.16 posN=145/-341/0 susp=-0.1038 springN=761
INFO 2026-07-27 15:24:33.638 joltshadow - docs §78: attdense (player) f=1128 joltTilt=7.12 odeTilt=7.22 upDelta=1.10 wBody=(0.05,-0.04,0.03) |w|=0.07 grounded=4
INFO 2026-07-27 15:24:33.666 joltshadow - docs §70.1: slipdense (player) f=1132 w=0 grounded=1 kappa=0.305 fnGround=178 omega=41.49 | ftGround=250N target=58.2 limit=179Nm motorNm=179 tyreNm=-171 inertia=2.91 limRot=0/-824/0 omegaPre=41.61 posN=414/-95/0 susp=-0.0050 springN=92
INFO 2026-07-27 15:24:33.666 joltshadow - docs §70.1: slipdense (player) f=1132 w=1 grounded=1 kappa=0.015 fnGround=370 omega=32.25 | ftGround=122N target=58.2 limit=179Nm motorNm=179 tyreNm=-66 inertia=2.91 limRot=0/-789/0 omegaPre=32.20 posN=-650/253/0 susp=-0.0397 springN=425
INFO 2026-07-27 15:24:33.666 joltshadow - docs §70.1: slipdense (player) f=1132 w=2 grounded=1 kappa=0.018 fnGround=806 omega=34.14 | ftGround=317N target=58.2 limit=179Nm motorNm=179 tyreNm=-170 inertia=2.91 limRot=0/97/4 omegaPre=34.11 posN=115/-281/0 susp=-0.0894 springN=689
INFO 2026-07-27 15:24:33.667 joltshadow - docs §70.1: slipdense (player) f=1132 w=3 grounded=1 kappa=0.018 fnGround=828 omega=34.23 | ftGround=335N target=58.2 limit=179Nm motorNm=179 tyreNm=-182 inertia=2.91 limRot=0/99/4 omegaPre=34.23 posN=118/-361/0 susp=-0.1007 springN=707
INFO 2026-07-27 15:24:33.667 joltshadow - docs §78: attdense (player) f=1132 joltTilt=7.18 odeTilt=7.40 upDelta=0.97 wBody=(0.03,-0.01,0.07) |w|=0.08 grounded=4
INFO 2026-07-27 15:24:33.691 joltshadow - docs §70.1: slipdense (player) f=1136 w=0 grounded=1 kappa=0.232 fnGround=191 omega=41.12 | ftGround=331N target=58.2 limit=179Nm motorNm=179 tyreNm=-227 inertia=2.91 limRot=0/308/0 omegaPre=41.24 posN=258/-266/0 susp=-0.0083 springN=84
INFO 2026-07-27 15:24:33.691 joltshadow - docs §70.1: slipdense (player) f=1136 w=1 grounded=1 kappa=0.009 fnGround=372 omega=35.21 | ftGround=70N target=58.2 limit=179Nm motorNm=179 tyreNm=-21 inertia=2.91 limRot=0/-160/0 omegaPre=34.83 posN=-540/25/0 susp=-0.0519 springN=434
INFO 2026-07-27 15:24:33.691 joltshadow - docs §70.1: slipdense (player) f=1136 w=2 grounded=1 kappa=0.017 fnGround=811 omega=34.26 | ftGround=311N target=58.2 limit=179Nm motorNm=179 tyreNm=-166 inertia=2.91 limRot=0/53/-1 omegaPre=34.23 posN=76/-267/0 susp=-0.0908 springN=705
INFO 2026-07-27 15:24:33.691 joltshadow - docs §70.1: slipdense (player) f=1136 w=3 grounded=1 kappa=0.019 fnGround=765 omega=34.18 | ftGround=326N target=58.2 limit=179Nm motorNm=179 tyreNm=-180 inertia=2.91 limRot=0/50/-1 omegaPre=34.18 posN=71/-311/0 susp=-0.0961 springN=649
INFO 2026-07-27 15:24:33.691 joltshadow - docs §78: attdense (player) f=1136 joltTilt=7.29 odeTilt=7.62 upDelta=0.85 wBody=(0.01,0.03,0.10) |w|=0.11 grounded=4
INFO 2026-07-27 15:24:33.717 joltshadow - docs §70.1: slipdense (player) f=1140 w=0 grounded=1 kappa=0.211 fnGround=190 omega=40.46 | ftGround=299N target=58.2 limit=179Nm motorNm=179 tyreNm=-204 inertia=2.91 limRot=0/436/0 omegaPre=40.54 posN=-304/-241/0 susp=-0.0096 springN=54
INFO 2026-07-27 15:24:33.717 joltshadow - docs §70.1: slipdense (player) f=1140 w=1 grounded=1 kappa=0.006 fnGround=1131 omega=34.84 | ftGround=153N target=58.2 limit=179Nm motorNm=179 tyreNm=-33 inertia=2.91 limRot=0/71/0 omegaPre=34.36 posN=561/87/0 susp=-0.0817 springN=1420
INFO 2026-07-27 15:24:33.717 joltshadow - docs §70.1: slipdense (player) f=1140 w=2 grounded=1 kappa=0.017 fnGround=842 omega=34.45 | ftGround=316N target=58.2 limit=179Nm motorNm=179 tyreNm=-166 inertia=2.91 limRot=0/39/-1 omegaPre=34.42 posN=56/-297/0 susp=-0.0925 springN=730
INFO 2026-07-27 15:24:33.717 joltshadow - docs §70.1: slipdense (player) f=1140 w=3 grounded=1 kappa=0.019 fnGround=695 omega=34.32 | ftGround=294N target=58.2 limit=179Nm motorNm=179 tyreNm=-161 inertia=2.91 limRot=0/32/-2 omegaPre=34.28 posN=48/-243/0 susp=-0.0897 springN=572
INFO 2026-07-27 15:24:33.717 joltshadow - docs §78: attdense (player) f=1140 joltTilt=7.47 odeTilt=7.91 upDelta=0.75 wBody=(-0.03,0.04,0.15) |w|=0.16 grounded=4
INFO 2026-07-27 15:24:33.717 joltshadow - Shadow divergence (player): pos=1.689m vel=0.924m/s angle=1.5deg (jolt com=[4657.7 261.0 1202.8] ode com=[4657.2 259.6 1202.0])
INFO 2026-07-27 15:24:33.717 joltshadow - docs §23.6: driver input (player) realThrottle=1.00 brake=0.01 handBrake=0 steerRad=0.000
INFO 2026-07-27 15:24:33.717 joltshadow - docs §32: Jolt SHADOW chassis pitch (player) forward=(-0.196, 0.044, -0.980)
INFO 2026-07-27 15:24:33.717 joltshadow - docs §69: tilt (player) jolt=7.5 deg ode=7.9 deg delta=-0.4 deg upDelta=0.75 deg
INFO 2026-07-27 15:24:33.717 joltshadow - docs §32.4: Jolt SHADOW chassis lowest corner (player) = (4659.83,260.53,1205.74) clearanceToGround=1.013
INFO 2026-07-27 15:24:33.717 joltshadow - docs §23.5: wheel state (player) wheel=0 contact=0 suspLen=1.050 (range 0.050-1.050, 0% compressed) angVel=0.00
INFO 2026-07-27 15:24:33.717 joltshadow - docs §38.11: wheel=0 NO contact, worldAxle=(0.972,-0.123,-0.200)
INFO 2026-07-27 15:24:33.717 joltshadow - docs §32: no-contact raycast (player) wheel=0 bodyPos=(4657.60,260.96,1202.15) localMPos=(-1.367,-0.436,2.663) origin=(4658.35,260.48,1199.26) dir=(-0.129,-0.992,-0.018) normalRayLen=1.777 groundFoundAt=0.000 shortfallBeyondTravel=-1.777 hitBody=8391036 hitLayer=4 hitMotion=2 hitIsSelfChassis=0
INFO 2026-07-27 15:24:33.717 joltshadow - docs §23.5: wheel state (player) wheel=1 contact=0 suspLen=1.050 (range 0.050-1.050, 0% compressed) angVel=0.00
INFO 2026-07-27 15:24:33.717 joltshadow - docs §38.11: wheel=1 NO contact, worldAxle=(0.972,-0.123,-0.200)
INFO 2026-07-27 15:24:33.717 joltshadow - docs §32: no-contact raycast (player) wheel=1 bodyPos=(4657.60,260.96,1202.15) localMPos=(1.369,-0.436,2.663) origin=(4655.69,260.81,1199.80) dir=(-0.129,-0.992,-0.018) normalRayLen=1.777 groundFoundAt=0.000 shortfallBeyondTravel=-1.777 hitBody=8391037 hitLayer=4 hitMotion=2 hitIsSelfChassis=0
INFO 2026-07-27 15:24:33.717 joltshadow - docs §23.5: wheel state (player) wheel=2 contact=0 suspLen=1.050 (range 0.050-1.050, 0% compressed) angVel=0.00
INFO 2026-07-27 15:24:33.718 joltshadow - docs §38.11: wheel=2 NO contact, worldAxle=(0.972,-0.123,-0.200)
INFO 2026-07-27 15:24:33.718 joltshadow - docs §32: no-contact raycast (player) wheel=2 bodyPos=(4657.60,260.96,1202.15) localMPos=(-1.367,-0.436,-1.944) origin=(4659.25,260.28,1203.77) dir=(-0.129,-0.992,-0.018) normalRayLen=1.777 groundFoundAt=0.000 shortfallBeyondTravel=-1.777 hitBody=8391038 hitLayer=4 hitMotion=2 hitIsSelfChassis=0
INFO 2026-07-27 15:24:33.718 joltshadow - docs §23.5: wheel state (player) wheel=3 contact=0 suspLen=1.050 (range 0.050-1.050, 0% compressed) angVel=0.00
INFO 2026-07-27 15:24:33.718 joltshadow - docs §38.11: wheel=3 NO contact, worldAxle=(0.972,-0.123,-0.200)
INFO 2026-07-27 15:24:33.718 joltshadow - docs §32: no-contact raycast (player) wheel=3 bodyPos=(4657.60,260.96,1202.15) localMPos=(1.369,-0.436,-1.944) origin=(4656.59,260.61,1204.32) dir=(-0.129,-0.992,-0.018) normalRayLen=1.777 groundFoundAt=0.000 shortfallBeyondTravel=-1.777 hitBody=8391039 hitLayer=4 hitMotion=2 hitIsSelfChassis=0
INFO 2026-07-27 15:24:33.718 joltshadow - docs §59/63: harvest (player) wheelsWithContact=4 contactPoints=10 overflow=0 (of 4) | maxNormalF=1131N bound(k_t*tau)=1229N ratio=0.92
INFO 2026-07-27 15:24:33.718 joltshadow - docs §58: wheel body (player) w=0 springF=54N stopF=0N travel=-0.0096 (limits -0.5000..0.5000 rel spawn) kSusp=6000 sagPredicted=0.0091 | frameTrav=-0.0097..-0.0096 frameStopN=0
INFO 2026-07-27 15:24:33.718 joltshadow - docs §66: tyre band (player) w=0 fnGround=190N fnTotal=190N pen=0.00180 penRaw=0.00180 tau=0.01024 pen/tau=0.18 | recs tyre=1 rim=1 survived=1 stale=0 distMax=1.00R
INFO 2026-07-27 15:24:33.718 joltshadow - docs §68: steer (player) w=0 steerable=1 commanded=0.000 rad measured=0.118 rad err=6.79 deg steerSign=-1 steerTq=1056Nm cap=1192Nm sat=0.89
INFO 2026-07-27 15:24:33.718 joltshadow - docs §70: slip (player) w=0 grounded=1 kappa=0.211 fnGround=190N omega=40.46
INFO 2026-07-27 15:24:33.718 joltshadow - docs §67: spin (player) w=0 driven=1 omega=40.46 rad/s surfaceSpeed=29.43 m/s spinSign=+1 motorTq=179Nm cmdTq=179Nm
INFO 2026-07-27 15:24:33.718 joltshadow - docs §58: wheel body (player) w=1 springF=1420N stopF=0N travel=-0.0817 (limits -0.5000..0.5000 rel spawn) kSusp=6000 sagPredicted=0.2367 | frameTrav=-0.0817..-0.0724 frameStopN=0
INFO 2026-07-27 15:24:33.718 joltshadow - docs §66: tyre band (player) w=1 fnGround=1131N fnTotal=1246N pen=0.01024 penRaw=0.01046 tau=0.01024 pen/tau=1.00 | recs tyre=2 rim=2 survived=1 stale=0 distMax=1.03R
INFO 2026-07-27 15:24:33.718 joltshadow - docs §68: steer (player) w=1 steerable=1 commanded=0.000 rad measured=-0.009 rad err=-0.50 deg steerSign=-1 steerTq=-417Nm cap=11232Nm sat=0.04
INFO 2026-07-27 15:24:33.718 joltshadow - docs §70: slip (player) w=1 grounded=1 kappa=0.006 fnGround=1131N omega=34.84
INFO 2026-07-27 15:24:33.718 joltshadow - docs §67: spin (player) w=1 driven=1 omega=34.84 rad/s surfaceSpeed=25.34 m/s spinSign=+1 motorTq=179Nm cmdTq=179Nm
INFO 2026-07-27 15:24:33.718 joltshadow - docs §58: wheel body (player) w=2 springF=730N stopF=0N travel=-0.0925 (limits -0.5000..0.5000 rel spawn) kSusp=7500 sagPredicted=0.0973 | frameTrav=-0.0925..-0.0924 frameStopN=0
INFO 2026-07-27 15:24:33.718 joltshadow - docs §66: tyre band (player) w=2 fnGround=842N fnTotal=843N pen=0.00699 penRaw=0.00699 tau=0.01024 pen/tau=0.68 | recs tyre=1 rim=1 survived=1 stale=0 distMax=1.00R
INFO 2026-07-27 15:24:33.718 joltshadow - docs §68: steer (player) w=2 steerable=0 commanded=0.000 rad measured=-0.000 rad err=-0.00 deg steerSign=-1 steerTq=0Nm cap=340282346638528859811704183484516925440Nm sat=0.00
INFO 2026-07-27 15:24:33.718 joltshadow - docs §70: slip (player) w=2 grounded=1 kappa=0.017 fnGround=842N omega=34.45
INFO 2026-07-27 15:24:33.718 joltshadow - docs §67: spin (player) w=2 driven=1 omega=34.45 rad/s surfaceSpeed=25.06 m/s spinSign=+1 motorTq=179Nm cmdTq=179Nm
INFO 2026-07-27 15:24:33.718 joltshadow - docs §58: wheel body (player) w=3 springF=572N stopF=0N travel=-0.0897 (limits -0.5000..0.5000 rel spawn) kSusp=7500 sagPredicted=0.0762 | frameTrav=-0.0906..-0.0897 frameStopN=0
INFO 2026-07-27 15:24:33.718 joltshadow - docs §66: tyre band (player) w=3 fnGround=695N fnTotal=696N pen=0.00611 penRaw=0.00611 tau=0.01024 pen/tau=0.60 | recs tyre=1 rim=1 survived=1 stale=0 distMax=1.00R
INFO 2026-07-27 15:24:33.718 joltshadow - docs §68: steer (player) w=3 steerable=0 commanded=0.000 rad measured=-0.000 rad err=-0.00 deg steerSign=-1 steerTq=0Nm cap=340282346638528859811704183484516925440Nm sat=0.00
INFO 2026-07-27 15:24:33.718 joltshadow - docs §70: slip (player) w=3 grounded=1 kappa=0.019 fnGround=695N omega=34.32
INFO 2026-07-27 15:24:33.718 joltshadow - docs §67: spin (player) w=3 driven=1 omega=34.32 rad/s surfaceSpeed=24.97 m/s spinSign=+1 motorTq=179Nm cmdTq=179Nm
INFO 2026-07-27 15:24:33.718 joltshadow - docs §67: drivetrain (player) gear=3 rpm=3703 driveTorque=720Nm perWheel=180Nm driven=4 throttle=1.00 spin=1 | PRE-STEP brake=0.01 handBrake=0
INFO 2026-07-27 15:24:33.718 joltshadow - docs §66: tyre band SUM (player) fnGroundSum=2858N fnTotalSum=2975N weight=1638N carried=1.82 | penSum=0.02514 recs tyre=5 rim=5 stale=0
INFO 2026-07-27 15:24:33.719 joltshadow - docs §30: REAL ODE chassis COM (player) body=53396828 = (4657.246, 259.581, 1202.001) forward=(-0.219, 0.039, -0.975)
INFO 2026-07-27 15:24:33.719 joltshadow - docs §33: real ODE chassis geom (player) #1 = class 0 (not a transform) pos=(4657.246,259.581,1202.001) radius=4.000
INFO 2026-07-27 15:24:33.719 joltshadow - docs §33: real ODE chassis geom (player) #2 = transform, inner class=1 pos=(0.000,3.010,-1.827)
INFO 2026-07-27 15:24:33.719 joltshadow - docs §33: real ODE chassis geom (player) #3 = transform, inner class=1 pos=(0.013,2.455,4.253)
INFO 2026-07-27 15:24:33.719 joltshadow - docs §33: real ODE chassis geom (player) #4 = transform, inner class=1 pos=(0.000,2.778,2.038)
INFO 2026-07-27 15:24:33.719 joltshadow - docs §33: real ODE chassis geom (player) #5 = transform, inner class=1 pos=(0.000,1.675,0.000)
INFO 2026-07-27 15:24:33.719 joltshadow - docs §33: real ODE chassis geom (player) #6 = class 0 (not a transform) pos=(4657.246,259.581,1202.001) radius=30.000
INFO 2026-07-27 15:24:33.719 joltshadow - docs §33: real ODE chassis geom (player) #7 = class 0 (not a transform) pos=(4657.246,259.581,1202.001) radius=8.161
INFO 2026-07-27 15:24:33.719 joltshadow - docs §33: real ODE chassis geom (player) #8 = class 0 (not a transform) pos=(4657.246,259.581,1202.001) radius=200.000
INFO 2026-07-27 15:24:33.719 joltshadow - docs §33: real ODE chassis (player) has 8 total geom(s) directly attached (4 transform(s)) - compare against BuildChassisCompoundShape's own part/geom count in the build log
INFO 2026-07-27 15:24:33.719 joltshadow - docs §28: REAL ODE wheel state (player) wheel=0 displacement=0.0171 range=1.000 (2% compressed, signed) foreAft=2.663 localZ=2.663 cfm=0.002500 erp=0.2500
INFO 2026-07-27 15:24:33.719 joltshadow - docs §28: REAL ODE wheel state (player) wheel=1 displacement=0.0912 range=1.000 (9% compressed, signed) foreAft=2.663 localZ=2.663 cfm=0.002500 erp=0.2500
INFO 2026-07-27 15:24:33.719 joltshadow - docs §28: REAL ODE wheel state (player) wheel=2 displacement=0.0582 range=1.000 (6% compressed, signed) foreAft=-1.944 localZ=-1.944 cfm=0.002000 erp=0.2500
INFO 2026-07-27 15:24:33.719 joltshadow - docs §28: REAL ODE wheel state (player) wheel=3 displacement=0.0235 range=1.000 (2% compressed, signed) foreAft=-1.944 localZ=-1.944 cfm=0.002000 erp=0.2500
INFO 2026-07-27 15:24:33.745 joltshadow - docs §70.1: slipdense (player) f=1144 w=0 grounded=1 kappa=0.371 fnGround=0 omega=41.01 | ftGround=0N target=58.2 limit=179Nm motorNm=179 tyreNm=0 inertia=2.91 limRot=0/-1098/0 omegaPre=40.75 posN=-9/19/0 susp=-0.0036 springN=-81
INFO 2026-07-27 15:24:33.746 joltshadow - docs §70.1: slipdense (player) f=1144 w=1 grounded=0 kappa=0.000 fnGround=0 omega=35.63 | ftGround=0N target=58.2 limit=179Nm motorNm=179 tyreNm=0 inertia=2.91 limRot=0/-294/0 omegaPre=35.20 posN=-26/33/0 susp=-0.1494 springN=1200
INFO 2026-07-27 15:24:33.746 joltshadow - docs §70.1: slipdense (player) f=1144 w=2 grounded=1 kappa=0.014 fnGround=846 omega=34.50 | ftGround=272N target=58.2 limit=179Nm motorNm=179 tyreNm=-124 inertia=2.91 limRot=0/56/-3 omegaPre=34.52 posN=89/-275/0 susp=-0.0961 springN=773
INFO 2026-07-27 15:24:33.746 joltshadow - docs §70.1: slipdense (player) f=1144 w=3 grounded=1 kappa=0.022 fnGround=529 omega=34.62 | ftGround=265N target=58.2 limit=179Nm motorNm=179 tyreNm=-147 inertia=2.91 limRot=0/38/-5 omegaPre=34.54 posN=68/-238/0 susp=-0.0791 springN=422
INFO 2026-07-27 15:24:33.746 joltshadow - docs §78: attdense (player) f=1144 joltTilt=7.82 odeTilt=8.57 upDelta=0.87 wBody=(-0.11,0.00,0.24) |w|=0.27 grounded=3
INFO 2026-07-27 15:24:33.784 joltshadow - docs §70.1: slipdense (player) f=1148 w=0 grounded=0 kappa=0.000 fnGround=0 omega=43.05 | ftGround=0N target=58.2 limit=179Nm motorNm=179 tyreNm=0 inertia=2.91 limRot=0/-1197/0 omegaPre=42.43 posN=-576/-168/0 susp=0.0106 springN=-173
INFO 2026-07-27 15:24:33.784 joltshadow - docs §70.1: slipdense (player) f=1148 w=1 grounded=1 kappa=0.013 fnGround=1764 omega=35.21 | ftGround=432N target=58.2 limit=179Nm motorNm=179 tyreNm=-291 inertia=2.91 limRot=0/4239/0 omegaPre=37.27 posN=4208/1189/0 susp=-0.1274 springN=601
INFO 2026-07-27 15:24:33.784 joltshadow - docs §70.1: slipdense (player) f=1148 w=2 grounded=1 kappa=0.019 fnGround=930 omega=34.64 | ftGround=392N target=58.2 limit=179Nm motorNm=179 tyreNm=-210 inertia=2.91 limRot=0/-88/-6 omegaPre=34.67 posN=-243/-591/0 susp=-0.1019 springN=804
INFO 2026-07-27 15:24:33.784 joltshadow - docs §70.1: slipdense (player) f=1148 w=3 grounded=1 kappa=0.028 fnGround=378 omega=34.92 | ftGround=235N target=58.2 limit=179Nm motorNm=179 tyreNm=-141 inertia=2.91 limRot=0/-39/-0 omegaPre=34.82 posN=-169/-150/0 susp=-0.0604 springN=293
INFO 2026-07-27 15:24:33.784 joltshadow - docs §78: attdense (player) f=1148 joltTilt=8.44 odeTilt=9.60 upDelta=1.17 wBody=(-0.14,-0.06,0.20) |w|=0.25 grounded=3
INFO 2026-07-27 15:24:33.785 joltshadow - docs §82: resync (player) #18 dt=0.51s upMax=1.266 deg posMax=0.222 m odeTiltPath=2.791 deg gain=0.4537
INFO 2026-07-27 15:24:33.785 joltshadow - docs §87: resync landing (player) w=0 pre=0.0072 post=0.0353 m R=0.727 dY=0.0241 dRotDeg=1.66 |corr|=0.2225 m
INFO 2026-07-27 15:24:33.785 joltshadow - docs §87: resync landing (player) w=1 pre=0.0387 post=0.0448 m R=0.727 dY=0.0241 dRotDeg=1.66 |corr|=0.2225 m
INFO 2026-07-27 15:24:33.785 joltshadow - docs §87: resync landing (player) w=2 pre=-0.0023 post=0.0049 m R=0.727 dY=0.0241 dRotDeg=1.66 |corr|=0.2225 m
INFO 2026-07-27 15:24:33.785 joltshadow - docs §87: resync landing (player) w=3 pre=0.0023 post=0.0068 m R=0.727 dY=0.0241 dRotDeg=1.66 |corr|=0.2225 m
INFO 2026-07-27 15:24:33.785 joltshadow - docs §82: resync RESIDUAL (player) #18 pos=0.0000 m up=0.0000 deg
INFO 2026-07-27 15:24:33.820 joltshadow - docs §70.1: slipdense (player) f=1152 w=0 grounded=0 kappa=0.000 fnGround=0 omega=44.64 | ftGround=0N target=58.2 limit=179Nm motorNm=179 tyreNm=0 inertia=2.91 limRot=0/1190/0 omegaPre=44.29 posN=-280/-68/0 susp=-0.0090 springN=-155
INFO 2026-07-27 15:24:33.820 joltshadow - docs §70.1: slipdense (player) f=1152 w=1 grounded=1 kappa=0.032 fnGround=878 omega=29.73 | ftGround=590N target=58.2 limit=179Nm motorNm=179 tyreNm=-461 inertia=2.91 limRot=0/3719/0 omegaPre=30.92 posN=1883/635/0 susp=-0.1176 springN=472
INFO 2026-07-27 15:24:33.820 joltshadow - docs §70.1: slipdense (player) f=1152 w=2 grounded=1 kappa=0.014 fnGround=1164 omega=35.40 | ftGround=365N target=58.2 limit=179Nm motorNm=179 tyreNm=-193 inertia=2.91 limRot=0/-32/0 omegaPre=35.43 posN=-163/-500/0 susp=-0.1389 springN=1077
INFO 2026-07-27 15:24:33.821 joltshadow - docs §70.1: slipdense (player) f=1152 w=3 grounded=1 kappa=0.019 fnGround=496 omega=35.78 | ftGround=217N target=58.2 limit=179Nm motorNm=179 tyreNm=-133 inertia=2.91 limRot=0/93/-4 omegaPre=35.64 posN=97/-189/0 susp=-0.0410 springN=389
INFO 2026-07-27 15:24:33.821 joltshadow - docs §78: attdense (player) f=1152 joltTilt=10.38 odeTilt=10.38 upDelta=0.06 wBody=(-0.32,-0.10,0.19) |w|=0.38 grounded=3
INFO 2026-07-27 15:24:33.852 joltshadow - docs §70.1: slipdense (player) f=1156 w=0 grounded=0 kappa=0.000 fnGround=0 omega=46.31 | ftGround=0N target=58.2 limit=179Nm motorNm=179 tyreNm=0 inertia=2.91 limRot=0/-555/0 omegaPre=45.91 posN=-97/-19/0 susp=0.0106 springN=-217
INFO 2026-07-27 15:24:33.852 joltshadow - docs §70.1: slipdense (player) f=1156 w=1 grounded=1 kappa=-0.013 fnGround=442 omega=31.28 | ftGround=-142N target=58.2 limit=179Nm motorNm=179 tyreNm=152 inertia=2.91 limRot=0/-693/0 omegaPre=30.67 posN=905/487/0 susp=-0.0970 springN=381
INFO 2026-07-27 15:24:33.852 joltshadow - docs §70.1: slipdense (player) f=1156 w=2 grounded=1 kappa=0.015 fnGround=1118 omega=35.13 | ftGround=370N target=58.2 limit=179Nm motorNm=179 tyreNm=-178 inertia=2.91 limRot=0/-131/-18 omegaPre=35.16 posN=-282/-463/0 susp=-0.1384 springN=1026
INFO 2026-07-27 15:24:33.853 joltshadow - docs §70.1: slipdense (player) f=1156 w=3 grounded=1 kappa=0.022 fnGround=549 omega=36.00 | ftGround=271N target=58.2 limit=179Nm motorNm=179 tyreNm=-158 inertia=2.91 limRot=0/91/-2 omegaPre=35.97 posN=122/-282/0 susp=-0.0489 springN=472
INFO 2026-07-27 15:24:33.853 joltshadow - docs §78: attdense (player) f=1156 joltTilt=10.82 odeTilt=10.85 upDelta=0.20 wBody=(-0.30,-0.21,0.10) |w|=0.38 grounded=3
INFO 2026-07-27 15:24:33.883 joltshadow - docs §70.1: slipdense (player) f=1160 w=0 grounded=0 kappa=0.000 fnGround=0 omega=47.78 | ftGround=0N target=58.2 limit=179Nm motorNm=179 tyreNm=0 inertia=2.91 limRot=0/1008/0 omegaPre=47.51 posN=57/48/0 susp=0.0216 springN=-199
INFO 2026-07-27 15:24:33.883 joltshadow - docs §70.1: slipdense (player) f=1160 w=1 grounded=1 kappa=-0.007 fnGround=328 omega=35.59 | ftGround=-58N target=58.2 limit=179Nm motorNm=179 tyreNm=88 inertia=2.91 limRot=0/-90/0 omegaPre=34.85 posN=-95/67/0 susp=-0.0815 springN=378
INFO 2026-07-27 15:24:33.883 joltshadow - docs §70.1: slipdense (player) f=1160 w=2 grounded=1 kappa=0.030 fnGround=593 omega=35.23 | ftGround=397N target=58.2 limit=179Nm motorNm=179 tyreNm=-250 inertia=2.91 limRot=0/-77/-7 omegaPre=35.21 posN=-173/-400/0 susp=-0.1400 springN=851
INFO 2026-07-27 15:24:33.883 joltshadow - docs §70.1: slipdense (player) f=1160 w=3 grounded=1 kappa=0.023 fnGround=614 omega=35.96 | ftGround=323N target=58.2 limit=179Nm motorNm=179 tyreNm=-191 inertia=2.91 limRot=0/82/-6 omegaPre=36.00 posN=117/-365/0 susp=-0.0566 springN=523
INFO 2026-07-27 15:24:33.883 joltshadow - docs §78: attdense (player) f=1160 joltTilt=11.14 odeTilt=11.14 upDelta=0.36 wBody=(-0.28,-0.19,0.05) |w|=0.34 grounded=3
INFO 2026-07-27 15:24:33.910 joltshadow - docs §70.1: slipdense (player) f=1164 w=0 grounded=0 kappa=0.000 fnGround=0 omega=49.24 | ftGround=0N target=58.2 limit=179Nm motorNm=179 tyreNm=0 inertia=2.91 limRot=0/1102/-476 omegaPre=48.81 posN=9/19/0 susp=0.0241 springN=-144
INFO 2026-07-27 15:24:33.911 joltshadow - docs §70.1: slipdense (player) f=1164 w=1 grounded=1 kappa=0.029 fnGround=235 omega=36.82 | ftGround=151N target=58.2 limit=179Nm motorNm=179 tyreNm=-105 inertia=2.91 limRot=0/-81/0 omegaPre=36.63 posN=-0/-163/0 susp=-0.0680 springN=218
INFO 2026-07-27 15:24:33.911 joltshadow - docs §70.1: slipdense (player) f=1164 w=2 grounded=1 kappa=0.014 fnGround=1019 omega=35.11 | ftGround=319N target=58.2 limit=179Nm motorNm=179 tyreNm=-149 inertia=2.91 limRot=0/-20/-3 omegaPre=35.06 posN=-102/-378/0 susp=-0.1284 springN=847
INFO 2026-07-27 15:24:33.911 joltshadow - docs §70.1: slipdense (player) f=1164 w=3 grounded=1 kappa=0.014 fnGround=1186 omega=35.95 | ftGround=369N target=58.2 limit=179Nm motorNm=179 tyreNm=-196 inertia=2.91 limRot=0/216/1 omegaPre=35.97 posN=254/-239/0 susp=-0.1249 springN=2062
INFO 2026-07-27 15:24:33.911 joltshadow - docs §78: attdense (player) f=1164 joltTilt=11.42 odeTilt=11.43 upDelta=0.60 wBody=(-0.23,-0.20,0.11) |w|=0.33 grounded=3
INFO 2026-07-27 15:24:33.934 joltshadow - docs §70.1: slipdense (player) f=1168 w=0 grounded=0 kappa=0.000 fnGround=0 omega=50.71 | ftGround=0N target=58.2 limit=179Nm motorNm=179 tyreNm=0 inertia=2.91 limRot=0/463/0 omegaPre=50.41 posN=-26/-1/0 susp=0.0223 springN=-98
INFO 2026-07-27 15:24:33.934 joltshadow - docs §70.1: slipdense (player) f=1168 w=1 grounded=1 kappa=0.040 fnGround=188 omega=37.30 | ftGround=160N target=58.2 limit=179Nm motorNm=179 tyreNm=-124 inertia=2.91 limRot=0/83/0 omegaPre=37.21 posN=108/-171/0 susp=-0.0508 springN=81
INFO 2026-07-27 15:24:33.934 joltshadow - docs §70.1: slipdense (player) f=1168 w=2 grounded=1 kappa=0.017 fnGround=807 omega=35.15 | ftGround=317N target=58.2 limit=179Nm motorNm=179 tyreNm=-188 inertia=2.91 limRot=0/103/17 omegaPre=35.16 posN=86/-390/0 susp=-0.1196 springN=741
INFO 2026-07-27 15:24:33.934 joltshadow - docs §70.1: slipdense (player) f=1168 w=3 grounded=0 kappa=0.000 fnGround=0 omega=36.86 | ftGround=0N target=58.2 limit=179Nm motorNm=179 tyreNm=0 inertia=2.91 limRot=0/14/-9 omegaPre=36.56 posN=3/24/0 susp=-0.1722 springN=1398
INFO 2026-07-27 15:24:33.934 joltshadow - docs §78: attdense (player) f=1168 joltTilt=11.74 odeTilt=11.93 upDelta=1.05 wBody=(-0.18,-0.21,0.18) |w|=0.33 grounded=2
INFO 2026-07-27 15:24:33.970 joltshadow - docs §70.1: slipdense (player) f=1172 w=0 grounded=0 kappa=0.000 fnGround=0 omega=52.34 | ftGround=0N target=58.2 limit=179Nm motorNm=179 tyreNm=0 inertia=2.91 limRot=0/-426/0 omegaPre=51.92 posN=-14/44/0 susp=0.0166 springN=-58
INFO 2026-07-27 15:24:33.970 joltshadow - docs §70.1: slipdense (player) f=1172 w=1 grounded=1 kappa=0.063 fnGround=67 omega=38.39 | ftGround=79N target=58.2 limit=179Nm motorNm=179 tyreNm=-62 inertia=2.91 limRot=0/640/0 omegaPre=38.02 posN=138/-71/0 susp=-0.0252 springN=-54
INFO 2026-07-27 15:24:33.970 joltshadow - docs §70.1: slipdense (player) f=1172 w=2 grounded=1 kappa=0.019 fnGround=671 omega=35.31 | ftGround=287N target=58.2 limit=179Nm motorNm=179 tyreNm=-162 inertia=2.91 limRot=0/36/3 omegaPre=35.25 posN=-89/-311/0 susp=-0.1040 springN=601
INFO 2026-07-27 15:24:33.970 joltshadow - docs §70.1: slipdense (player) f=1172 w=3 grounded=1 kappa=0.014 fnGround=1024 omega=36.47 | ftGround=320N target=58.2 limit=179Nm motorNm=179 tyreNm=-179 inertia=2.91 limRot=0/590/45 omegaPre=36.46 posN=958/-413/0 susp=-0.1592 springN=1231
INFO 2026-07-27 15:24:33.970 joltshadow - docs §78: attdense (player) f=1172 joltTilt=12.25 odeTilt=12.84 upDelta=1.85 wBody=(-0.15,-0.20,0.20) |w|=0.32 grounded=3
INFO 2026-07-27 15:24:33.999 joltshadow - docs §70.1: slipdense (player) f=1176 w=0 grounded=0 kappa=0.000 fnGround=0 omega=53.66 | ftGround=0N target=58.2 limit=179Nm motorNm=179 tyreNm=0 inertia=2.91 limRot=0/-866/0 omegaPre=53.43 posN=-33/21/0 susp=0.0119 springN=-26
INFO 2026-07-27 15:24:33.999 joltshadow - docs §70.1: slipdense (player) f=1176 w=1 grounded=0 kappa=0.000 fnGround=0 omega=39.92 | ftGround=0N target=58.2 limit=179Nm motorNm=179 tyreNm=0 inertia=2.91 limRot=0/1994/0 omegaPre=39.62 posN=-32/18/0 susp=-0.0071 springN=-125
INFO 2026-07-27 15:24:33.999 joltshadow - docs §70.1: slipdense (player) f=1176 w=2 grounded=1 kappa=0.021 fnGround=595 omega=35.47 | ftGround=278N target=58.2 limit=179Nm motorNm=179 tyreNm=-168 inertia=2.91 limRot=0/-3/-1 omegaPre=35.43 posN=-100/-323/0 susp=-0.0898 springN=483
INFO 2026-07-27 15:24:33.999 joltshadow - docs §70.1: slipdense (player) f=1176 w=3 grounded=1 kappa=0.014 fnGround=1040 omega=36.41 | ftGround=331N target=58.2 limit=179Nm motorNm=179 tyreNm=-193 inertia=2.91 limRot=0/481/25 omegaPre=36.42 posN=836/-417/0 susp=-0.1598 springN=1187
INFO 2026-07-27 15:24:33.999 joltshadow - docs §78: attdense (player) f=1176 joltTilt=12.66 odeTilt=13.55 upDelta=2.41 wBody=(-0.10,-0.17,0.22) |w|=0.30 grounded=2
INFO 2026-07-27 15:24:34.024 joltshadow - docs §70.1: slipdense (player) f=1180 w=0 grounded=0 kappa=0.000 fnGround=0 omega=54.85 | ftGround=0N target=58.2 limit=179Nm motorNm=179 tyreNm=0 inertia=2.91 limRot=0/-807/-761 omegaPre=54.41 posN=-38/21/0 susp=0.0072 springN=-4
INFO 2026-07-27 15:24:34.025 joltshadow - docs §70.1: slipdense (player) f=1180 w=1 grounded=0 kappa=0.000 fnGround=0 omega=41.40 | ftGround=0N target=58.2 limit=179Nm motorNm=179 tyreNm=0 inertia=2.91 limRot=0/258/0 omegaPre=40.97 posN=-38/22/0 susp=0.0040 springN=-132
INFO 2026-07-27 15:24:34.025 joltshadow - docs §70.1: slipdense (player) f=1180 w=2 grounded=1 kappa=0.024 fnGround=480 omega=35.63 | ftGround=253N target=58.2 limit=179Nm motorNm=179 tyreNm=-153 inertia=2.91 limRot=0/-35/-9 omegaPre=35.58 posN=-135/-292/0 susp=-0.0773 springN=389
INFO 2026-07-27 15:24:34.025 joltshadow - docs §70.1: slipdense (player) f=1180 w=3 grounded=1 kappa=0.013 fnGround=1056 omega=36.38 | ftGround=311N target=58.2 limit=179Nm motorNm=179 tyreNm=-159 inertia=2.91 limRot=0/486/41 omegaPre=36.39 posN=826/-388/0 susp=-0.1575 springN=1118
INFO 2026-07-27 15:24:34.025 joltshadow - docs §78: attdense (player) f=1180 joltTilt=13.02 odeTilt=14.21 upDelta=2.84 wBody=(-0.06,-0.15,0.25) |w|=0.29 grounded=2
INFO 2026-07-27 15:24:34.047 joltshadow - docs §70.1: slipdense (player) f=1184 w=0 grounded=0 kappa=0.000 fnGround=0 omega=56.20 | ftGround=0N target=58.2 limit=179Nm motorNm=179 tyreNm=0 inertia=2.91 limRot=0/-785/0 omegaPre=55.89 posN=-273/-19/0 susp=0.0064 springN=-66
INFO 2026-07-27 15:24:34.047 joltshadow - docs §70.1: slipdense (player) f=1184 w=1 grounded=1 kappa=0.038 fnGround=934 omega=33.90 | ftGround=733N target=58.2 limit=179Nm motorNm=179 tyreNm=-555 inertia=2.91 limRot=0/773/0 omegaPre=34.82 posN=1987/-95/0 susp=-0.0285 springN=859
INFO 2026-07-27 15:24:34.047 joltshadow - docs §70.1: slipdense (player) f=1184 w=2 grounded=1 kappa=0.030 fnGround=414 omega=35.63 | ftGround=270N target=58.2 limit=179Nm motorNm=179 tyreNm=-185 inertia=2.91 limRot=0/-20/3 omegaPre=35.64 posN=-160/-346/0 susp=-0.0660 springN=298
INFO 2026-07-27 15:24:34.047 joltshadow - docs §70.1: slipdense (player) f=1184 w=3 grounded=1 kappa=0.011 fnGround=1077 omega=36.70 | ftGround=265N target=58.2 limit=179Nm motorNm=179 tyreNm=-144 inertia=2.91 limRot=0/337/14 omegaPre=36.62 posN=565/-261/0 susp=-0.1541 springN=1081
INFO 2026-07-27 15:24:34.048 joltshadow - docs §78: attdense (player) f=1184 joltTilt=13.31 odeTilt=14.87 upDelta=3.25 wBody=(-0.06,-0.30,0.23) |w|=0.39 grounded=3
INFO 2026-07-27 15:24:34.072 joltshadow - docs §70.1: slipdense (player) f=1188 w=0 grounded=0 kappa=0.000 fnGround=0 omega=57.40 | ftGround=0N target=58.2 limit=179Nm motorNm=179 tyreNm=0 inertia=2.91 limRot=0/1656/0 omegaPre=57.20 posN=167/91/0 susp=0.0107 springN=-140
INFO 2026-07-27 15:24:34.072 joltshadow - docs §70.1: slipdense (player) f=1188 w=1 grounded=1 kappa=0.009 fnGround=996 omega=35.70 | ftGround=194N target=58.2 limit=179Nm motorNm=179 tyreNm=-58 inertia=2.91 limRot=0/136/0 omegaPre=35.42 posN=-1001/-106/0 susp=-0.0810 springN=1088
INFO 2026-07-27 15:24:34.072 joltshadow - docs §70.1: slipdense (player) f=1188 w=2 grounded=1 kappa=0.031 fnGround=335 omega=35.71 | ftGround=231N target=58.2 limit=179Nm motorNm=179 tyreNm=-156 inertia=2.91 limRot=0/-20/-12 omegaPre=35.67 posN=-91/-189/0 susp=-0.0528 springN=226
INFO 2026-07-27 15:24:34.072 joltshadow - docs §70.1: slipdense (player) f=1188 w=3 grounded=1 kappa=0.014 fnGround=1034 omega=36.81 | ftGround=331N target=58.2 limit=179Nm motorNm=179 tyreNm=-187 inertia=2.91 limRot=0/372/8 omegaPre=36.82 posN=642/-441/0 susp=-0.1482 springN=989
INFO 2026-07-27 15:24:34.072 joltshadow - docs §78: attdense (player) f=1188 joltTilt=13.68 odeTilt=15.96 upDelta=3.90 wBody=(-0.11,-0.30,0.28) |w|=0.43 grounded=3
INFO 2026-07-27 15:24:34.097 joltshadow - docs §70.1: slipdense (player) f=1192 w=0 grounded=0 kappa=0.000 fnGround=0 omega=58.00 | ftGround=0N target=58.2 limit=179Nm motorNm=94 tyreNm=0 inertia=2.91 limRot=0/1149/0 omegaPre=57.96 posN=221/108/0 susp=0.0168 springN=-166
INFO 2026-07-27 15:24:34.097 joltshadow - docs §70.1: slipdense (player) f=1192 w=1 grounded=1 kappa=0.041 fnGround=947 omega=34.58 | ftGround=800N target=58.2 limit=179Nm motorNm=179 tyreNm=-552 inertia=2.91 limRot=0/-521/0 omegaPre=35.19 posN=-1719/-363/0 susp=-0.1255 springN=1229
INFO 2026-07-27 15:24:34.097 joltshadow - docs §70.1: slipdense (player) f=1192 w=2 grounded=1 kappa=0.031 fnGround=271 omega=36.05 | ftGround=185N target=58.2 limit=179Nm motorNm=179 tyreNm=-129 inertia=2.91 limRot=0/33/-11 omegaPre=35.96 posN=22/-121/0 susp=-0.0427 springN=202
INFO 2026-07-27 15:24:34.097 joltshadow - docs §70.1: slipdense (player) f=1192 w=3 grounded=1 kappa=0.015 fnGround=979 omega=36.68 | ftGround=331N target=58.2 limit=179Nm motorNm=179 tyreNm=-204 inertia=2.91 limRot=0/440/4 omegaPre=36.72 posN=750/-436/0 susp=-0.1382 springN=865
INFO 2026-07-27 15:24:34.098 joltshadow - docs §78: attdense (player) f=1192 joltTilt=14.22 odeTilt=17.18 upDelta=4.44 wBody=(-0.16,-0.21,0.40) |w|=0.48 grounded=3
INFO 2026-07-27 15:24:34.131 joltshadow - docs §70.1: slipdense (player) f=1196 w=0 grounded=1 kappa=0.927 fnGround=2028 omega=53.76 | ftGround=2874N target=58.2 limit=179Nm motorNm=179 tyreNm=-2095 inertia=2.91 limRot=0/2979/-791 omegaPre=58.15 posN=3831/-659/0 susp=0.0147 springN=326
INFO 2026-07-27 15:24:34.131 joltshadow - docs §70.1: slipdense (player) f=1196 w=1 grounded=1 kappa=0.018 fnGround=1163 omega=29.41 | ftGround=452N target=58.2 limit=179Nm motorNm=179 tyreNm=-255 inertia=2.91 limRot=0/-2227/-3530 omegaPre=29.86 posN=-2308/1100/0 susp=-0.1697 springN=1378
INFO 2026-07-27 15:24:34.131 joltshadow - docs §70.1: slipdense (player) f=1196 w=2 grounded=1 kappa=0.036 fnGround=263 omega=36.63 | ftGround=208N target=58.2 limit=179Nm motorNm=179 tyreNm=-146 inertia=2.91 limRot=0/21/-4 omegaPre=36.49 posN=-102/-276/0 susp=-0.0338 springN=158
INFO 2026-07-27 15:24:34.131 joltshadow - docs §70.1: slipdense (player) f=1196 w=3 grounded=1 kappa=0.018 fnGround=752 omega=36.50 | ftGround=302N target=58.2 limit=179Nm motorNm=179 tyreNm=-184 inertia=2.91 limRot=0/384/15 omegaPre=36.58 posN=528/-341/0 susp=-0.1187 springN=657
INFO 2026-07-27 15:24:34.131 joltshadow - docs §78: attdense (player) f=1196 joltTilt=15.20 odeTilt=18.68 upDelta=4.55 wBody=(-0.21,-0.11,0.52) |w|=0.57 grounded=4
INFO 2026-07-27 15:24:34.164 joltshadow - docs §70.1: slipdense (player) f=1200 w=0 grounded=1 kappa=0.578 fnGround=535 omega=47.74 | ftGround=756N target=58.2 limit=179Nm motorNm=179 tyreNm=-558 inertia=2.91 limRot=0/1304/0 omegaPre=48.59 posN=1218/-194/0 susp=-0.0458 springN=710
INFO 2026-07-27 15:24:34.164 joltshadow - docs §70.1: slipdense (player) f=1200 w=1 grounded=1 kappa=0.011 fnGround=1170 omega=29.29 | ftGround=293N target=58.2 limit=179Nm motorNm=179 tyreNm=-123 inertia=2.91 limRot=0/-4869/-1401 omegaPre=29.16 posN=-1898/1130/0 susp=-0.1959 springN=1301
INFO 2026-07-27 15:24:34.164 joltshadow - docs §70.1: slipdense (player) f=1200 w=2 grounded=1 kappa=0.039 fnGround=245 omega=36.96 | ftGround=207N target=58.2 limit=179Nm motorNm=179 tyreNm=-147 inertia=2.91 limRot=0/-18/-23 omegaPre=36.90 posN=-59/-222/0 susp=-0.0261 springN=145
INFO 2026-07-27 15:24:34.164 joltshadow - docs §70.1: slipdense (player) f=1200 w=3 grounded=1 kappa=0.027 fnGround=486 omega=36.36 | ftGround=294N target=58.2 limit=179Nm motorNm=179 tyreNm=-189 inertia=2.91 limRot=0/221/-16 omegaPre=36.39 posN=356/-412/0 susp=-0.0927 springN=381
INFO 2026-07-27 15:24:34.164 joltshadow - docs §78: attdense (player) f=1200 joltTilt=16.45 odeTilt=19.99 upDelta=4.11 wBody=(-0.35,0.00,0.62) |w|=0.71 grounded=4
INFO 2026-07-27 15:24:34.164 joltshadow - Shadow divergence (player): pos=1.639m vel=2.245m/s angle=5.4deg (jolt com=[4655.6 261.6 1191.6] ode com=[4654.8 260.3 1191.0])
INFO 2026-07-27 15:24:34.164 joltshadow - docs §23.6: driver input (player) realThrottle=1.00 brake=0.01 handBrake=0 steerRad=0.000
INFO 2026-07-27 15:24:34.164 joltshadow - docs §32: Jolt SHADOW chassis pitch (player) forward=(-0.136, 0.119, -0.984)
INFO 2026-07-27 15:24:34.164 joltshadow - docs §69: tilt (player) jolt=16.4 deg ode=20.0 deg delta=-3.5 deg upDelta=4.11 deg
INFO 2026-07-27 15:24:34.164 joltshadow - docs §32.4: Jolt SHADOW chassis lowest corner (player) = (4657.49,260.70,1194.66) clearanceToGround=0.892
INFO 2026-07-27 15:24:34.165 joltshadow - docs §23.5: wheel state (player) wheel=0 contact=0 suspLen=1.050 (range 0.050-1.050, 0% compressed) angVel=0.00
INFO 2026-07-27 15:24:34.165 joltshadow - docs §38.11: wheel=0 NO contact, worldAxle=(0.953,-0.257,-0.162)
INFO 2026-07-27 15:24:34.165 joltshadow - docs §32: no-contact raycast (player) wheel=0 bodyPos=(4655.54,261.63,1191.00) localMPos=(-1.367,-0.436,2.663) origin=(4656.37,261.18,1188.13) dir=(-0.272,-0.959,-0.079) normalRayLen=1.777 groundFoundAt=0.000 shortfallBeyondTravel=-1.777 hitBody=8391036 hitLayer=4 hitMotion=2 hitIsSelfChassis=0
INFO 2026-07-27 15:24:34.165 joltshadow - docs §23.5: wheel state (player) wheel=1 contact=0 suspLen=1.050 (range 0.050-1.050, 0% compressed) angVel=0.00
INFO 2026-07-27 15:24:34.165 joltshadow - docs §38.11: wheel=1 NO contact, worldAxle=(0.953,-0.257,-0.162)
INFO 2026-07-27 15:24:34.165 joltshadow - docs §32: no-contact raycast (player) wheel=1 bodyPos=(4655.54,261.63,1191.00) localMPos=(1.369,-0.436,2.663) origin=(4653.76,261.88,1188.57) dir=(-0.272,-0.959,-0.079) normalRayLen=1.777 groundFoundAt=0.000 shortfallBeyondTravel=-1.777 hitBody=8391037 hitLayer=4 hitMotion=2 hitIsSelfChassis=0
INFO 2026-07-27 15:24:34.165 joltshadow - docs §23.5: wheel state (player) wheel=2 contact=0 suspLen=1.050 (range 0.050-1.050, 0% compressed) angVel=0.00
INFO 2026-07-27 15:24:34.165 joltshadow - docs §38.11: wheel=2 NO contact, worldAxle=(0.953,-0.257,-0.162)
INFO 2026-07-27 15:24:34.165 joltshadow - docs §32: no-contact raycast (player) wheel=2 bodyPos=(4655.54,261.63,1191.00) localMPos=(-1.367,-0.436,-1.944) origin=(4656.99,260.63,1192.66) dir=(-0.272,-0.959,-0.079) normalRayLen=1.777 groundFoundAt=0.000 shortfallBeyondTravel=-1.777 hitBody=8391038 hitLayer=4 hitMotion=2 hitIsSelfChassis=0
INFO 2026-07-27 15:24:34.165 joltshadow - docs §23.5: wheel state (player) wheel=3 contact=0 suspLen=1.050 (range 0.050-1.050, 0% compressed) angVel=0.00
INFO 2026-07-27 15:24:34.165 joltshadow - docs §38.11: wheel=3 NO contact, worldAxle=(0.953,-0.257,-0.162)
INFO 2026-07-27 15:24:34.165 joltshadow - docs §32: no-contact raycast (player) wheel=3 bodyPos=(4655.54,261.63,1191.00) localMPos=(1.369,-0.436,-1.944) origin=(4654.38,261.33,1193.10) dir=(-0.272,-0.959,-0.079) normalRayLen=1.777 groundFoundAt=0.000 shortfallBeyondTravel=-1.777 hitBody=8391039 hitLayer=4 hitMotion=2 hitIsSelfChassis=0
INFO 2026-07-27 15:24:34.165 joltshadow - docs §59/63: harvest (player) wheelsWithContact=4 contactPoints=10 overflow=0 (of 4) | maxNormalF=1170N bound(k_t*tau)=1229N ratio=0.95
INFO 2026-07-27 15:24:34.165 joltshadow - docs §58: wheel body (player) w=0 springF=710N stopF=0N travel=-0.0458 (limits -0.5000..0.5000 rel spawn) kSusp=6000 sagPredicted=0.1183 | frameTrav=-0.0458..-0.0407 frameStopN=0
INFO 2026-07-27 15:24:34.165 joltshadow - docs §66: tyre band (player) w=0 fnGround=535N fnTotal=606N pen=0.00445 penRaw=0.00445 tau=0.01024 pen/tau=0.43 | recs tyre=1 rim=1 survived=1 stale=0 distMax=1.00R
INFO 2026-07-27 15:24:34.165 joltshadow - docs §68: steer (player) w=0 steerable=1 commanded=0.000 rad measured=-0.562 rad err=-32.17 deg steerSign=-1 steerTq=-1281Nm cap=1281Nm sat=1.00
INFO 2026-07-27 15:24:34.165 joltshadow - docs §70: slip (player) w=0 grounded=1 kappa=0.578 fnGround=535N omega=47.74
INFO 2026-07-27 15:24:34.165 joltshadow - docs §67: spin (player) w=0 driven=1 omega=47.74 rad/s surfaceSpeed=34.73 m/s spinSign=+1 motorTq=179Nm cmdTq=179Nm
INFO 2026-07-27 15:24:34.165 joltshadow - docs §58: wheel body (player) w=1 springF=1301N stopF=0N travel=-0.1959 (limits -0.5000..0.5000 rel spawn) kSusp=6000 sagPredicted=0.2168 | frameTrav=-0.1959..-0.1944 frameStopN=0
INFO 2026-07-27 15:24:34.165 joltshadow - docs §66: tyre band (player) w=1 fnGround=1170N fnTotal=1208N pen=0.01024 penRaw=0.01074 tau=0.01024 pen/tau=1.00 | recs tyre=1 rim=1 survived=1 stale=0 distMax=0.99R
INFO 2026-07-27 15:24:34.166 joltshadow - docs §68: steer (player) w=1 steerable=1 commanded=0.000 rad measured=0.612 rad err=35.06 deg steerSign=-1 steerTq=3417Nm cap=3417Nm sat=1.00
INFO 2026-07-27 15:24:34.166 joltshadow - docs §70: slip (player) w=1 grounded=1 kappa=0.011 fnGround=1170N omega=29.29
INFO 2026-07-27 15:24:34.166 joltshadow - docs §67: spin (player) w=1 driven=1 omega=29.29 rad/s surfaceSpeed=21.30 m/s spinSign=+1 motorTq=179Nm cmdTq=179Nm
INFO 2026-07-27 15:24:34.166 joltshadow - docs §58: wheel body (player) w=2 springF=145N stopF=0N travel=-0.0261 (limits -0.5000..0.5000 rel spawn) kSusp=7500 sagPredicted=0.0193 | frameTrav=-0.0267..-0.0261 frameStopN=0
INFO 2026-07-27 15:24:34.166 joltshadow - docs §66: tyre band (player) w=2 fnGround=245N fnTotal=283N pen=0.00262 penRaw=0.00262 tau=0.01024 pen/tau=0.26 | recs tyre=2 rim=2 survived=1 stale=0 distMax=1.01R
INFO 2026-07-27 15:24:34.166 joltshadow - docs §68: steer (player) w=2 steerable=0 commanded=0.000 rad measured=-0.000 rad err=-0.01 deg steerSign=-1 steerTq=0Nm cap=340282346638528859811704183484516925440Nm sat=0.00
INFO 2026-07-27 15:24:34.166 joltshadow - docs §70: slip (player) w=2 grounded=1 kappa=0.039 fnGround=245N omega=36.96
INFO 2026-07-27 15:24:34.166 joltshadow - docs §67: spin (player) w=2 driven=1 omega=36.96 rad/s surfaceSpeed=26.89 m/s spinSign=+1 motorTq=179Nm cmdTq=179Nm
INFO 2026-07-27 15:24:34.166 joltshadow - docs §58: wheel body (player) w=3 springF=381N stopF=0N travel=-0.0927 (limits -0.5000..0.5000 rel spawn) kSusp=7500 sagPredicted=0.0508 | frameTrav=-0.0958..-0.0927 frameStopN=0
INFO 2026-07-27 15:24:34.166 joltshadow - docs §66: tyre band (player) w=3 fnGround=486N fnTotal=538N pen=0.00535 penRaw=0.00535 tau=0.01024 pen/tau=0.52 | recs tyre=1 rim=1 survived=1 stale=0 distMax=1.00R
INFO 2026-07-27 15:24:34.166 joltshadow - docs §68: steer (player) w=3 steerable=0 commanded=0.000 rad measured=-0.000 rad err=-0.01 deg steerSign=-1 steerTq=0Nm cap=340282346638528859811704183484516925440Nm sat=0.00
INFO 2026-07-27 15:24:34.166 joltshadow - docs §70: slip (player) w=3 grounded=1 kappa=0.027 fnGround=486N omega=36.36
INFO 2026-07-27 15:24:34.166 joltshadow - docs §67: spin (player) w=3 driven=1 omega=36.36 rad/s surfaceSpeed=26.45 m/s spinSign=+1 motorTq=179Nm cmdTq=179Nm
INFO 2026-07-27 15:24:34.166 joltshadow - docs §67: drivetrain (player) gear=3 rpm=3894 driveTorque=720Nm perWheel=180Nm driven=4 throttle=1.00 spin=1 | PRE-STEP brake=0.01 handBrake=0
INFO 2026-07-27 15:24:34.166 joltshadow - docs §66: tyre band SUM (player) fnGroundSum=2436N fnTotalSum=2636N weight=1638N carried=1.61 | penSum=0.02265 recs tyre=5 rim=5 stale=0
INFO 2026-07-27 15:24:34.166 joltshadow - docs §30: REAL ODE chassis COM (player) body=53396828 = (4654.837, 260.345, 1191.009) forward=(-0.195, 0.128, -0.973)
INFO 2026-07-27 15:24:34.166 joltshadow - docs §33: real ODE chassis geom (player) #1 = class 0 (not a transform) pos=(4654.837,260.345,1191.009) radius=4.000
INFO 2026-07-27 15:24:34.166 joltshadow - docs §33: real ODE chassis geom (player) #2 = transform, inner class=1 pos=(0.000,3.010,-1.827)
INFO 2026-07-27 15:24:34.166 joltshadow - docs §33: real ODE chassis geom (player) #3 = transform, inner class=1 pos=(0.013,2.455,4.253)
INFO 2026-07-27 15:24:34.166 joltshadow - docs §33: real ODE chassis geom (player) #4 = transform, inner class=1 pos=(0.000,2.778,2.038)
INFO 2026-07-27 15:24:34.166 joltshadow - docs §33: real ODE chassis geom (player) #5 = transform, inner class=1 pos=(0.000,1.675,0.000)
INFO 2026-07-27 15:24:34.166 joltshadow - docs §33: real ODE chassis geom (player) #6 = class 0 (not a transform) pos=(4654.837,260.345,1191.009) radius=30.000
INFO 2026-07-27 15:24:34.166 joltshadow - docs §33: real ODE chassis geom (player) #7 = class 0 (not a transform) pos=(4654.837,260.345,1191.009) radius=8.161
INFO 2026-07-27 15:24:34.167 joltshadow - docs §33: real ODE chassis geom (player) #8 = class 0 (not a transform) pos=(4654.837,260.345,1191.009) radius=200.000
INFO 2026-07-27 15:24:34.167 joltshadow - docs §33: real ODE chassis (player) has 8 total geom(s) directly attached (4 transform(s)) - compare against BuildChassisCompoundShape's own part/geom count in the build log
INFO 2026-07-27 15:24:34.167 joltshadow - docs §28: REAL ODE wheel state (player) wheel=0 displacement=0.1303 range=1.000 (13% compressed, signed) foreAft=2.663 localZ=2.663 cfm=0.002500 erp=0.2500
INFO 2026-07-27 15:24:34.167 joltshadow - docs §28: REAL ODE wheel state (player) wheel=1 displacement=0.1290 range=1.000 (13% compressed, signed) foreAft=2.663 localZ=2.663 cfm=0.002500 erp=0.2500
INFO 2026-07-27 15:24:34.167 joltshadow - docs §28: REAL ODE wheel state (player) wheel=2 displacement=0.0629 range=1.000 (6% compressed, signed) foreAft=-1.944 localZ=-1.944 cfm=0.002000 erp=0.2500
INFO 2026-07-27 15:24:34.167 joltshadow - docs §28: REAL ODE wheel state (player) wheel=3 displacement=-0.0018 range=1.000 (-0% compressed, signed) foreAft=-1.944 localZ=-1.944 cfm=0.002000 erp=0.2500
INFO 2026-07-27 15:24:34.190 joltshadow - docs §70.1: slipdense (player) f=1204 w=0 grounded=1 kappa=0.159 fnGround=399 omega=43.87 | ftGround=549N target=58.2 limit=179Nm motorNm=179 tyreNm=-435 inertia=2.91 limRot=0/-49/0 omegaPre=44.37 posN=991/-440/0 susp=-0.0781 springN=755
INFO 2026-07-27 15:24:34.190 joltshadow - docs §70.1: slipdense (player) f=1204 w=1 grounded=1 kappa=-0.003 fnGround=1197 omega=29.89 | ftGround=-118N target=58.2 limit=179Nm motorNm=179 tyreNm=155 inertia=2.91 limRot=0/-4815/0 omegaPre=29.42 posN=-1619/1375/0 susp=-0.1976 springN=1124
INFO 2026-07-27 15:24:34.190 joltshadow - docs §70.1: slipdense (player) f=1204 w=2 grounded=1 kappa=0.038 fnGround=252 omega=37.18 | ftGround=204N target=58.2 limit=179Nm motorNm=179 tyreNm=-154 inertia=2.91 limRot=0/-20/-29 omegaPre=37.14 posN=-91/-179/0 susp=-0.0242 springN=181
INFO 2026-07-27 15:24:34.191 joltshadow - docs §70.1: slipdense (player) f=1204 w=3 grounded=1 kappa=0.038 fnGround=300 omega=36.37 | ftGround=245N target=58.2 limit=179Nm motorNm=179 tyreNm=-172 inertia=2.91 limRot=0/97/-46 omegaPre=36.35 posN=136/-393/0 susp=-0.0683 springN=164
INFO 2026-07-27 15:24:34.191 joltshadow - docs §78: attdense (player) f=1204 joltTilt=17.63 odeTilt=20.83 upDelta=3.41 wBody=(-0.46,0.11,0.73) |w|=0.87 grounded=4
INFO 2026-07-27 15:24:34.218 joltshadow - docs §70.1: slipdense (player) f=1208 w=0 grounded=1 kappa=0.071 fnGround=595 omega=39.62 | ftGround=774N target=58.2 limit=179Nm motorNm=179 tyreNm=-636 inertia=2.91 limRot=0/507/0 omegaPre=41.15 posN=-528/-806/0 susp=-0.0907 springN=576
INFO 2026-07-27 15:24:34.218 joltshadow - docs §70.1: slipdense (player) f=1208 w=1 grounded=1 kappa=0.010 fnGround=847 omega=35.72 | ftGround=183N target=58.2 limit=179Nm motorNm=179 tyreNm=-68 inertia=2.91 limRot=0/352/0 omegaPre=34.90 posN=-1010/0/0 susp=-0.1849 springN=882
INFO 2026-07-27 15:24:34.218 joltshadow - docs §70.1: slipdense (player) f=1208 w=2 grounded=1 kappa=0.011 fnGround=1021 omega=36.91 | ftGround=252N target=58.2 limit=179Nm motorNm=179 tyreNm=-133 inertia=2.91 limRot=0/-428/-66 omegaPre=36.78 posN=-907/-215/0 susp=-0.1079 springN=1888
INFO 2026-07-27 15:24:34.218 joltshadow - docs §70.1: slipdense (player) f=1208 w=3 grounded=1 kappa=0.009 fnGround=1177 omega=35.35 | ftGround=242N target=58.2 limit=179Nm motorNm=179 tyreNm=-89 inertia=2.91 limRot=0/138/-35 omegaPre=36.80 posN=331/-215/0 susp=-0.0618 springN=1057
INFO 2026-07-27 15:24:34.218 joltshadow - docs §78: attdense (player) f=1208 joltTilt=19.03 odeTilt=21.35 upDelta=2.32 wBody=(-0.54,0.25,0.73) |w|=0.94 grounded=4
INFO 2026-07-27 15:24:34.253 joltshadow - docs §70.1: slipdense (player) f=1212 w=0 grounded=1 kappa=0.092 fnGround=830 omega=33.54 | ftGround=1003N target=58.2 limit=179Nm motorNm=179 tyreNm=-663 inertia=2.91 limRot=0/-1708/0 omegaPre=35.04 posN=-1531/-217/0 susp=-0.1152 springN=838
INFO 2026-07-27 15:24:34.253 joltshadow - docs §70.1: slipdense (player) f=1212 w=1 grounded=1 kappa=0.022 fnGround=490 omega=35.54 | ftGround=245N target=58.2 limit=179Nm motorNm=179 tyreNm=-142 inertia=2.91 limRot=0/336/0 omegaPre=35.47 posN=684/-188/0 susp=-0.1404 springN=378
INFO 2026-07-27 15:24:34.253 joltshadow - docs §70.1: slipdense (player) f=1212 w=2 grounded=1 kappa=0.013 fnGround=953 omega=37.45 | ftGround=266N target=58.2 limit=179Nm motorNm=179 tyreNm=-158 inertia=2.91 limRot=0/-543/-80 omegaPre=37.38 posN=-1173/-364/0 susp=-0.1998 springN=2359
INFO 2026-07-27 15:24:34.253 joltshadow - docs §70.1: slipdense (player) f=1212 w=3 grounded=1 kappa=0.013 fnGround=1198 omega=35.48 | ftGround=360N target=58.2 limit=179Nm motorNm=179 tyreNm=-170 inertia=2.91 limRot=0/49/-37 omegaPre=35.46 posN=213/-311/0 susp=-0.1036 springN=1111
INFO 2026-07-27 15:24:34.253 joltshadow - docs §78: attdense (player) f=1212 joltTilt=20.92 odeTilt=21.68 upDelta=1.58 wBody=(-0.57,0.29,0.78) |w|=1.01 grounded=4
INFO 2026-07-27 15:24:34.285 joltshadow - docs §70.1: slipdense (player) f=1216 w=0 grounded=1 kappa=0.017 fnGround=830 omega=30.81 | ftGround=314N target=58.2 limit=179Nm motorNm=179 tyreNm=-174 inertia=2.91 limRot=0/-2918/-1540 omegaPre=30.80 posN=-1350/671/0 susp=-0.1212 springN=721
INFO 2026-07-27 15:24:34.285 joltshadow - docs §70.1: slipdense (player) f=1216 w=1 grounded=1 kappa=0.059 fnGround=0 omega=36.62 | ftGround=0N target=58.2 limit=179Nm motorNm=179 tyreNm=0 inertia=2.91 limRot=0/-37/0 omegaPre=36.27 posN=201/-20/0 susp=-0.0817 springN=-111
INFO 2026-07-27 15:24:34.285 joltshadow - docs §70.1: slipdense (player) f=1216 w=2 grounded=1 kappa=0.013 fnGround=932 omega=37.75 | ftGround=261N target=58.2 limit=179Nm motorNm=179 tyreNm=-165 inertia=2.91 limRot=0/-675/-106 omegaPre=37.72 posN=-1456/-466/0 susp=-0.2616 springN=2569
INFO 2026-07-27 15:24:34.285 joltshadow - docs §70.1: slipdense (player) f=1216 w=3 grounded=1 kappa=0.015 fnGround=1146 omega=35.37 | ftGround=387N target=58.2 limit=179Nm motorNm=179 tyreNm=-194 inertia=2.91 limRot=0/-62/-44 omegaPre=35.40 posN=70/-430/0 susp=-0.1211 springN=1032
INFO 2026-07-27 15:24:34.285 joltshadow - docs §78: attdense (player) f=1216 joltTilt=22.65 odeTilt=21.91 upDelta=2.27 wBody=(-0.53,0.35,0.77) |w|=0.99 grounded=4
INFO 2026-07-27 15:24:34.285 joltshadow - docs §82: resync (player) #19 dt=0.50s upMax=4.587 deg posMax=0.441 m odeTiltPath=12.061 deg gain=0.3803
INFO 2026-07-27 15:24:34.285 joltshadow - docs §87: resync landing (player) w=0 pre=0.0467 post=0.0858 m R=0.727 dY=0.1356 dRotDeg=2.77 |corr|=0.4414 m
INFO 2026-07-27 15:24:34.285 joltshadow - docs §87: resync landing (player) w=1 pre=0.0537 post=0.0564 m R=0.727 dY=0.1356 dRotDeg=2.77 |corr|=0.4414 m
INFO 2026-07-27 15:24:34.286 joltshadow - docs §87: resync landing (player) w=2 pre=0.0007 post=0.0031 m R=0.727 dY=0.1356 dRotDeg=2.77 |corr|=0.4414 m
INFO 2026-07-27 15:24:34.286 joltshadow - docs §87: resync landing (player) w=3 pre=0.0441 post=0.0478 m R=0.727 dY=0.1356 dRotDeg=2.77 |corr|=0.4414 m
INFO 2026-07-27 15:24:34.286 joltshadow - docs §82: resync RESIDUAL (player) #19 pos=0.0000 m up=0.0000 deg
INFO 2026-07-27 15:24:34.309 joltshadow - docs §70.1: slipdense (player) f=1220 w=0 grounded=0 kappa=0.000 fnGround=0 omega=29.06 | ftGround=0N target=-58.2 limit=179Nm motorNm=-179 tyreNm=0 inertia=2.91 limRot=0/-1184/-62 omegaPre=29.49 posN=8/-34/0 susp=-0.0277 springN=10
INFO 2026-07-27 15:24:34.310 joltshadow - docs §70.1: slipdense (player) f=1220 w=1 grounded=0 kappa=0.000 fnGround=0 omega=34.75 | ftGround=0N target=-58.2 limit=179Nm motorNm=-179 tyreNm=0 inertia=2.91 limRot=0/66/0 omegaPre=35.18 posN=7/-30/0 susp=-0.0384 springN=18
INFO 2026-07-27 15:24:34.310 joltshadow - docs §70.1: slipdense (player) f=1220 w=2 grounded=1 kappa=-0.003 fnGround=1218 omega=36.11 | ftGround=-107N target=-58.2 limit=179Nm motorNm=-179 tyreNm=191 inertia=2.91 limRot=0/-58/-3 omegaPre=36.17 posN=-55/24/0 susp=-0.1650 springN=1242
INFO 2026-07-27 15:24:34.310 joltshadow - docs §70.1: slipdense (player) f=1220 w=3 grounded=1 kappa=-0.003 fnGround=1231 omega=36.33 | ftGround=-113N target=-58.2 limit=179Nm motorNm=-179 tyreNm=198 inertia=2.91 limRot=0/-50/-1 omegaPre=36.33 posN=-34/15/0 susp=-0.2119 springN=1643
INFO 2026-07-27 15:24:34.310 joltshadow - docs §78: attdense (player) f=1220 joltTilt=22.06 odeTilt=21.82 upDelta=0.49 wBody=(-0.26,-0.06,-0.07) |w|=0.27 grounded=2
INFO 2026-07-27 15:24:34.334 joltshadow - docs §70.1: slipdense (player) f=1224 w=0 grounded=0 kappa=0.000 fnGround=0 omega=27.58 | ftGround=0N target=-58.2 limit=179Nm motorNm=-179 tyreNm=0 inertia=2.91 limRot=0/-731/0 omegaPre=27.95 posN=32/-26/0 susp=-0.0146 springN=-67
INFO 2026-07-27 15:24:34.334 joltshadow - docs §70.1: slipdense (player) f=1224 w=1 grounded=0 kappa=0.000 fnGround=0 omega=33.27 | ftGround=0N target=-58.2 limit=179Nm motorNm=-179 tyreNm=0 inertia=2.91 limRot=0/511/0 omegaPre=33.64 posN=32/-45/0 susp=-0.0215 springN=-90
INFO 2026-07-27 15:24:34.334 joltshadow - docs §70.1: slipdense (player) f=1224 w=2 grounded=1 kappa=-0.003 fnGround=1207 omega=35.95 | ftGround=-105N target=-58.2 limit=179Nm motorNm=-179 tyreNm=172 inertia=2.91 limRot=0/-66/-6 omegaPre=35.99 posN=-77/29/0 susp=-0.1620 springN=1131
INFO 2026-07-27 15:24:34.334 joltshadow - docs §70.1: slipdense (player) f=1224 w=3 grounded=1 kappa=-0.005 fnGround=1447 omega=36.16 | ftGround=-189N target=-58.2 limit=179Nm motorNm=-179 tyreNm=253 inertia=2.91 limRot=0/-81/-6 omegaPre=36.05 posN=-80/52/0 susp=-0.2122 springN=1521
INFO 2026-07-27 15:24:34.334 joltshadow - docs §78: attdense (player) f=1224 joltTilt=22.17 odeTilt=21.54 upDelta=1.36 wBody=(-0.17,-0.05,-0.05) |w|=0.19 grounded=2
INFO 2026-07-27 15:24:34.357 joltshadow - docs §70.1: slipdense (player) f=1228 w=0 grounded=0 kappa=0.000 fnGround=0 omega=26.01 | ftGround=0N target=-58.2 limit=179Nm motorNm=-179 tyreNm=0 inertia=2.91 limRot=0/882/0 omegaPre=26.44 posN=-13/-43/0 susp=-0.0030 springN=-101
INFO 2026-07-27 15:24:34.357 joltshadow - docs §70.1: slipdense (player) f=1228 w=1 grounded=0 kappa=0.000 fnGround=0 omega=31.79 | ftGround=0N target=-58.2 limit=179Nm motorNm=-179 tyreNm=0 inertia=2.91 limRot=0/1676/0 omegaPre=32.18 posN=-13/-23/0 susp=-0.0078 springN=-118
INFO 2026-07-27 15:24:34.358 joltshadow - docs §70.1: slipdense (player) f=1228 w=2 grounded=1 kappa=-0.003 fnGround=1084 omega=35.78 | ftGround=-100N target=-58.2 limit=179Nm motorNm=-179 tyreNm=159 inertia=2.91 limRot=0/-93/-8 omegaPre=35.83 posN=-89/10/0 susp=-0.1546 springN=1005
INFO 2026-07-27 15:24:34.358 joltshadow - docs §70.1: slipdense (player) f=1228 w=3 grounded=1 kappa=-0.003 fnGround=1236 omega=35.98 | ftGround=-111N target=-58.2 limit=179Nm motorNm=-179 tyreNm=179 inertia=2.91 limRot=0/-104/-9 omegaPre=36.02 posN=-94/16/0 susp=-0.2072 springN=1444
INFO 2026-07-27 15:24:34.358 joltshadow - docs §78: attdense (player) f=1228 joltTilt=22.21 odeTilt=21.31 upDelta=2.20 wBody=(-0.09,-0.04,-0.06) |w|=0.12 grounded=2
INFO 2026-07-27 15:24:34.386 joltshadow - docs §70.1: slipdense (player) f=1232 w=0 grounded=0 kappa=0.000 fnGround=0 omega=24.13 | ftGround=0N target=-58.2 limit=179Nm motorNm=-179 tyreNm=0 inertia=2.91 limRot=0/-24/0 omegaPre=24.69 posN=-24/-48/0 susp=0.0057 springN=-81
INFO 2026-07-27 15:24:34.386 joltshadow - docs §70.1: slipdense (player) f=1232 w=1 grounded=0 kappa=0.000 fnGround=0 omega=29.91 | ftGround=0N target=-58.2 limit=179Nm motorNm=-179 tyreNm=0 inertia=2.91 limRot=0/947/0 omegaPre=30.48 posN=-25/-15/0 susp=0.0034 springN=-107
INFO 2026-07-27 15:24:34.386 joltshadow - docs §70.1: slipdense (player) f=1232 w=2 grounded=1 kappa=-0.003 fnGround=894 omega=35.43 | ftGround=-87N target=-58.2 limit=179Nm motorNm=-179 tyreNm=134 inertia=2.91 limRot=0/-47/-1 omegaPre=35.56 posN=-26/-1/0 susp=-0.1395 springN=822
INFO 2026-07-27 15:24:34.387 joltshadow - docs §70.1: slipdense (player) f=1232 w=3 grounded=1 kappa=-0.003 fnGround=1201 omega=35.91 | ftGround=-101N target=-58.2 limit=179Nm motorNm=-179 tyreNm=169 inertia=2.91 limRot=0/-62/-3 omegaPre=35.94 posN=-38/25/0 susp=-0.1937 springN=1254
INFO 2026-07-27 15:24:34.387 joltshadow - docs §78: attdense (player) f=1232 joltTilt=22.17 odeTilt=21.17 upDelta=3.10 wBody=(0.01,-0.07,-0.05) |w|=0.09 grounded=2
INFO 2026-07-27 15:24:34.418 joltshadow - docs §70.1: slipdense (player) f=1236 w=0 grounded=0 kappa=0.000 fnGround=0 omega=22.16 | ftGround=0N target=-58.2 limit=179Nm motorNm=-179 tyreNm=0 inertia=2.91 limRot=0/-66/0 omegaPre=22.59 posN=23/-24/0 susp=0.0074 springN=-33
INFO 2026-07-27 15:24:34.418 joltshadow - docs §70.1: slipdense (player) f=1236 w=1 grounded=0 kappa=0.000 fnGround=0 omega=27.82 | ftGround=0N target=-58.2 limit=179Nm motorNm=-179 tyreNm=0 inertia=2.91 limRot=0/-494/0 omegaPre=28.30 posN=22/-38/0 susp=0.0087 springN=-89
INFO 2026-07-27 15:24:34.419 joltshadow - docs §70.1: slipdense (player) f=1236 w=2 grounded=1 kappa=-0.007 fnGround=706 omega=34.97 | ftGround=-127N target=-58.2 limit=179Nm motorNm=-179 tyreNm=157 inertia=2.91 limRot=0/12/4 omegaPre=35.05 posN=18/72/0 susp=-0.1193 springN=627
INFO 2026-07-27 15:24:34.419 joltshadow - docs §70.1: slipdense (player) f=1236 w=3 grounded=1 kappa=-0.002 fnGround=1157 omega=35.79 | ftGround=-91N target=-58.2 limit=179Nm motorNm=-179 tyreNm=173 inertia=2.91 limRot=0/16/5 omegaPre=35.82 posN=34/0/0 susp=-0.1727 springN=1033
INFO 2026-07-27 15:24:34.419 joltshadow - docs §78: attdense (player) f=1236 joltTilt=22.08 odeTilt=21.08 upDelta=3.84 wBody=(0.10,-0.10,0.01) |w|=0.14 grounded=2
INFO 2026-07-27 15:24:34.445 joltshadow - docs §70.1: slipdense (player) f=1240 w=0 grounded=0 kappa=0.000 fnGround=0 omega=20.50 | ftGround=0N target=-58.2 limit=179Nm motorNm=-179 tyreNm=0 inertia=2.91 limRot=0/-47/0 omegaPre=20.87 posN=9/-27/0 susp=0.0048 springN=-0
INFO 2026-07-27 15:24:34.445 joltshadow - docs §70.1: slipdense (player) f=1240 w=1 grounded=0 kappa=0.000 fnGround=0 omega=26.09 | ftGround=0N target=-58.2 limit=179Nm motorNm=-179 tyreNm=0 inertia=2.91 limRot=0/278/0 omegaPre=26.46 posN=9/-32/0 susp=0.0102 springN=-62
INFO 2026-07-27 15:24:34.445 joltshadow - docs §70.1: slipdense (player) f=1240 w=2 grounded=1 kappa=-0.009 fnGround=559 omega=34.67 | ftGround=-125N target=-58.2 limit=179Nm motorNm=-179 tyreNm=136 inertia=2.91 limRot=0/6/1 omegaPre=34.76 posN=12/76/0 susp=-0.1011 springN=491
INFO 2026-07-27 15:24:34.445 joltshadow - docs §70.1: slipdense (player) f=1240 w=3 grounded=1 kappa=-0.002 fnGround=893 omega=35.39 | ftGround=-70N target=-58.2 limit=179Nm motorNm=-179 tyreNm=122 inertia=2.91 limRot=0/7/0 omegaPre=35.51 posN=19/0/0 susp=-0.1538 springN=872
INFO 2026-07-27 15:24:34.445 joltshadow - docs §78: attdense (player) f=1240 joltTilt=21.99 odeTilt=21.03 upDelta=4.30 wBody=(0.16,-0.09,0.04) |w|=0.19 grounded=2
INFO 2026-07-27 15:24:34.471 joltshadow - docs §70.1: slipdense (player) f=1244 w=0 grounded=0 kappa=0.000 fnGround=0 omega=18.29 | ftGround=0N target=-38.8 limit=268Nm motorNm=-268 tyreNm=0 inertia=2.91 limRot=0/-15/0 omegaPre=19.12 posN=3/-45/0 susp=0.0025 springN=15
INFO 2026-07-27 15:24:34.471 joltshadow - docs §70.1: slipdense (player) f=1244 w=1 grounded=0 kappa=0.000 fnGround=0 omega=23.87 | ftGround=0N target=-38.8 limit=268Nm motorNm=-268 tyreNm=0 inertia=2.91 limRot=0/488/0 omegaPre=24.70 posN=2/-44/0 susp=0.0092 springN=-31
INFO 2026-07-27 15:24:34.472 joltshadow - docs §70.1: slipdense (player) f=1244 w=2 grounded=1 kappa=-0.021 fnGround=473 omega=34.00 | ftGround=-241N target=-38.8 limit=268Nm motorNm=-268 tyreNm=214 inertia=2.91 limRot=0/2/1 omegaPre=34.18 posN=8/182/0 susp=-0.0826 springN=361
INFO 2026-07-27 15:24:34.472 joltshadow - docs §70.1: slipdense (player) f=1244 w=3 grounded=1 kappa=-0.012 fnGround=750 omega=34.77 | ftGround=-229N target=-38.8 limit=268Nm motorNm=-268 tyreNm=227 inertia=2.91 limRot=0/-1/1 omegaPre=34.91 posN=9/159/0 susp=-0.1326 springN=667
INFO 2026-07-27 15:24:34.472 joltshadow - docs §78: attdense (player) f=1244 joltTilt=21.89 odeTilt=20.99 upDelta=4.64 wBody=(0.21,-0.09,0.06) |w|=0.24 grounded=2
INFO 2026-07-27 15:24:34.508 joltshadow - docs §70.1: slipdense (player) f=1248 w=0 grounded=0 kappa=0.000 fnGround=0 omega=14.97 | ftGround=0N target=-38.8 limit=268Nm motorNm=-268 tyreNm=0 inertia=2.91 limRot=0/5/0 omegaPre=15.71 posN=-2/-48/0 susp=-0.0009 springN=29
INFO 2026-07-27 15:24:34.508 joltshadow - docs §70.1: slipdense (player) f=1248 w=1 grounded=0 kappa=0.000 fnGround=0 omega=20.55 | ftGround=0N target=-38.8 limit=268Nm motorNm=-268 tyreNm=0 inertia=2.91 limRot=0/217/0 omegaPre=21.29 posN=-2/-41/0 susp=0.0067 springN=-4
INFO 2026-07-27 15:24:34.508 joltshadow - docs §70.1: slipdense (player) f=1248 w=2 grounded=1 kappa=-0.033 fnGround=293 omega=33.20 | ftGround=-220N target=-38.8 limit=268Nm motorNm=-268 tyreNm=182 inertia=2.91 limRot=0/1/-1 omegaPre=33.44 posN=6/168/0 susp=-0.0593 springN=229
INFO 2026-07-27 15:24:34.508 joltshadow - docs §70.1: slipdense (player) f=1248 w=3 grounded=1 kappa=-0.018 fnGround=590 omega=34.24 | ftGround=-257N target=-38.8 limit=268Nm motorNm=-268 tyreNm=229 inertia=2.91 limRot=0/-4/-1 omegaPre=34.35 posN=4/201/0 susp=-0.1012 springN=467
INFO 2026-07-27 15:24:34.508 joltshadow - docs §78: attdense (player) f=1248 joltTilt=21.72 odeTilt=20.96 upDelta=4.98 wBody=(0.28,-0.09,0.08) |w|=0.30 grounded=2
INFO 2026-07-27 15:24:34.536 joltshadow - docs §70.1: slipdense (player) f=1252 w=0 grounded=0 kappa=0.000 fnGround=0 omega=12.29 | ftGround=0N target=-38.8 limit=268Nm motorNm=-268 tyreNm=0 inertia=2.91 limRot=0/92/0 omegaPre=12.94 posN=47/-92/0 susp=-0.0026 springN=26
INFO 2026-07-27 15:24:34.536 joltshadow - docs §70.1: slipdense (player) f=1252 w=1 grounded=0 kappa=0.000 fnGround=0 omega=17.79 | ftGround=0N target=-38.8 limit=268Nm motorNm=-268 tyreNm=0 inertia=2.91 limRot=0/-121/0 omegaPre=18.48 posN=46/-111/0 susp=0.0037 springN=9
INFO 2026-07-27 15:24:34.536 joltshadow - docs §70.1: slipdense (player) f=1252 w=2 grounded=0 kappa=0.000 fnGround=0 omega=32.13 | ftGround=0N target=-38.8 limit=268Nm motorNm=-268 tyreNm=0 inertia=2.91 limRot=0/8/-5 omegaPre=32.77 posN=11/-87/0 susp=-0.0555 springN=241
INFO 2026-07-27 15:24:34.536 joltshadow - docs §70.1: slipdense (player) f=1252 w=3 grounded=1 kappa=-0.014 fnGround=5808 omega=34.49 | ftGround=-513N target=-38.8 limit=268Nm motorNm=-268 tyreNm=891 inertia=2.91 limRot=0/-59/-24 omegaPre=33.82 posN=-218/1336/0 susp=-0.0836 springN=919
INFO 2026-07-27 15:24:34.536 joltshadow - docs §78: attdense (player) f=1252 joltTilt=21.56 odeTilt=20.88 upDelta=5.16 wBody=(0.33,-0.10,0.10) |w|=0.36 grounded=1
INFO 2026-07-27 15:24:34.564 joltshadow - docs §70.1: slipdense (player) f=1256 w=0 grounded=0 kappa=0.000 fnGround=0 omega=9.67 | ftGround=0N target=-38.8 limit=268Nm motorNm=-268 tyreNm=0 inertia=2.91 limRot=0/562/0 omegaPre=10.33 posN=26/-10/0 susp=-0.0043 springN=30
INFO 2026-07-27 15:24:34.564 joltshadow - docs §70.1: slipdense (player) f=1256 w=1 grounded=0 kappa=0.000 fnGround=0 omega=15.11 | ftGround=0N target=-38.8 limit=268Nm motorNm=-268 tyreNm=0 inertia=2.91 limRot=0/-239/-1160 omegaPre=15.75 posN=25/-29/0 susp=0.0021 springN=8
INFO 2026-07-27 15:24:34.564 joltshadow - docs §70.1: slipdense (player) f=1256 w=2 grounded=0 kappa=0.000 fnGround=0 omega=29.54 | ftGround=0N target=-38.8 limit=268Nm motorNm=-268 tyreNm=0 inertia=2.91 limRot=0/4/-6 omegaPre=30.19 posN=-9/-9/0 susp=-0.0359 springN=-25
INFO 2026-07-27 15:24:34.564 joltshadow - docs §70.1: slipdense (player) f=1256 w=3 grounded=0 kappa=0.000 fnGround=0 omega=31.96 | ftGround=0N target=-38.8 limit=268Nm motorNm=-268 tyreNm=0 inertia=2.91 limRot=0/4/-7 omegaPre=32.60 posN=-10/-27/0 susp=-0.0780 springN=309
INFO 2026-07-27 15:24:34.564 joltshadow - docs §78: attdense (player) f=1256 joltTilt=21.42 odeTilt=20.75 upDelta=5.24 wBody=(0.37,-0.07,0.12) |w|=0.39 grounded=0
INFO 2026-07-27 15:24:34.564 joltshadow - [jolt_profile] ode_step_avg_ms=0.13 jolt_total_avg_ms=0.61 | physics_update_avg_ms=0.40 wheelmodel_avg_ms=0.01 mirror_avg_ms=0.05 applyvehicle_avg_ms=0.00 applyvehicle_calls_per_frame=0.00 | contact_pairs_per_frame=18.1 contact_points_per_frame=18.1 active_bodies_per_frame=23.0 substeps_per_frame=2.48 | frames=652
INFO 2026-07-27 15:24:34.565 testharness - perf: fps=130.2 avg_frame_ms=7.678 min_ms=5.093 max_ms=16.331 frames=652 window=5.0s
INFO 2026-07-27 15:24:34.595 joltshadow - docs §70.1: slipdense (player) f=1260 w=0 grounded=0 kappa=0.000 fnGround=0 omega=6.33 | ftGround=0N target=-23.3 limit=447Nm motorNm=-447 tyreNm=0 inertia=2.91 limRot=0/711/-952 omegaPre=7.40 posN=-22/-32/0 susp=-0.0060 springN=35
INFO 2026-07-27 15:24:34.595 joltshadow - docs §70.1: slipdense (player) f=1260 w=1 grounded=0 kappa=0.000 fnGround=0 omega=11.82 | ftGround=0N target=-23.3 limit=447Nm motorNm=-447 tyreNm=0 inertia=2.91 limRot=0/-700/0 omegaPre=12.89 posN=-23/-7/0 susp=-0.0002 springN=25
INFO 2026-07-27 15:24:34.595 joltshadow - docs §70.1: slipdense (player) f=1260 w=2 grounded=0 kappa=0.000 fnGround=0 omega=26.26 | ftGround=0N target=-23.3 limit=447Nm motorNm=-447 tyreNm=0 inertia=2.91 limRot=0/4/-4 omegaPre=27.33 posN=15/-29/0 susp=-0.0153 springN=-106
INFO 2026-07-27 15:24:34.595 joltshadow - docs §70.1: slipdense (player) f=1260 w=3 grounded=0 kappa=0.000 fnGround=0 omega=28.67 | ftGround=0N target=-23.3 limit=447Nm motorNm=-447 tyreNm=0 inertia=2.91 limRot=0/4/-4 omegaPre=29.74 posN=15/-8/0 susp=-0.0475 springN=-38
INFO 2026-07-27 15:24:34.595 joltshadow - docs §78: attdense (player) f=1260 joltTilt=21.26 odeTilt=20.63 upDelta=5.27 wBody=(0.39,-0.09,0.13) |w|=0.42 grounded=0
INFO 2026-07-27 15:24:34.595 joltshadow - Shadow divergence (player): pos=1.713m vel=2.975m/s angle=5.3deg (jolt com=[4653.7 263.6 1181.1] ode com=[4653.1 262.0 1180.9])
INFO 2026-07-27 15:24:34.595 joltshadow - docs §23.6: driver input (player) realThrottle=-10.00 brake=0.01 handBrake=0 steerRad=0.000
INFO 2026-07-27 15:24:34.595 joltshadow - docs §32: Jolt SHADOW chassis pitch (player) forward=(-0.147, 0.179, -0.973)
INFO 2026-07-27 15:24:34.595 joltshadow - docs §69: tilt (player) jolt=21.3 deg ode=20.6 deg delta=+0.6 deg upDelta=5.27 deg
INFO 2026-07-27 15:24:34.595 joltshadow - docs §32.4: Jolt SHADOW chassis lowest corner (player) = (4655.55,262.36,1184.07) clearanceToGround=1.203
INFO 2026-07-27 15:24:34.596 joltshadow - docs §23.5: wheel state (player) wheel=0 contact=0 suspLen=1.050 (range 0.050-1.050, 0% compressed) angVel=0.00
INFO 2026-07-27 15:24:34.596 joltshadow - docs §38.11: wheel=0 NO contact, worldAxle=(0.928,-0.315,-0.199)
INFO 2026-07-27 15:24:34.596 joltshadow - docs §32: no-contact raycast (player) wheel=0 bodyPos=(4653.59,263.61,1180.51) localMPos=(-1.367,-0.436,2.663) origin=(4654.32,263.26,1177.60) dir=(-0.342,-0.932,-0.120) normalRayLen=1.777 groundFoundAt=0.000 shortfallBeyondTravel=-1.777 hitBody=8391036 hitLayer=4 hitMotion=2 hitIsSelfChassis=0
INFO 2026-07-27 15:24:34.596 joltshadow - docs §23.5: wheel state (player) wheel=1 contact=0 suspLen=1.050 (range 0.050-1.050, 0% compressed) angVel=0.00
INFO 2026-07-27 15:24:34.596 joltshadow - docs §38.11: wheel=1 NO contact, worldAxle=(0.928,-0.315,-0.199)
INFO 2026-07-27 15:24:34.596 joltshadow - docs §32: no-contact raycast (player) wheel=1 bodyPos=(4653.59,263.61,1180.51) localMPos=(1.369,-0.436,2.663) origin=(4651.78,264.12,1178.14) dir=(-0.342,-0.932,-0.120) normalRayLen=1.777 groundFoundAt=0.000 shortfallBeyondTravel=-1.777 hitBody=8391037 hitLayer=4 hitMotion=2 hitIsSelfChassis=0
INFO 2026-07-27 15:24:34.596 joltshadow - docs §23.5: wheel state (player) wheel=2 contact=0 suspLen=1.050 (range 0.050-1.050, 0% compressed) angVel=0.00
INFO 2026-07-27 15:24:34.596 joltshadow - docs §38.11: wheel=2 NO contact, worldAxle=(0.928,-0.315,-0.199)
INFO 2026-07-27 15:24:34.596 joltshadow - docs §32: no-contact raycast (player) wheel=2 bodyPos=(4653.59,263.61,1180.51) localMPos=(-1.367,-0.436,-1.944) origin=(4655.00,262.43,1182.08) dir=(-0.342,-0.932,-0.120) normalRayLen=1.777 groundFoundAt=0.000 shortfallBeyondTravel=-1.777 hitBody=8391038 hitLayer=4 hitMotion=2 hitIsSelfChassis=0
INFO 2026-07-27 15:24:34.596 joltshadow - docs §23.5: wheel state (player) wheel=3 contact=0 suspLen=1.050 (range 0.050-1.050, 0% compressed) angVel=0.00
INFO 2026-07-27 15:24:34.596 joltshadow - docs §38.11: wheel=3 NO contact, worldAxle=(0.928,-0.315,-0.199)
INFO 2026-07-27 15:24:34.596 joltshadow - docs §32: no-contact raycast (player) wheel=3 bodyPos=(4653.59,263.61,1180.51) localMPos=(1.369,-0.436,-1.944) origin=(4652.46,263.29,1182.62) dir=(-0.342,-0.932,-0.120) normalRayLen=1.777 groundFoundAt=0.000 shortfallBeyondTravel=-1.777 hitBody=8391039 hitLayer=4 hitMotion=2 hitIsSelfChassis=0
INFO 2026-07-27 15:24:34.596 joltshadow - docs §59/63: harvest (player) wheelsWithContact=0 contactPoints=0 overflow=0 (of 4) | maxNormalF=0N bound(k_t*tau)=0N ratio=0.00
INFO 2026-07-27 15:24:34.596 joltshadow - docs §58: wheel body (player) w=0 springF=35N stopF=0N travel=-0.0060 (limits -0.5000..0.5000 rel spawn) kSusp=6000 sagPredicted=0.0058 | frameTrav=-0.0060..-0.0059 frameStopN=0
INFO 2026-07-27 15:24:34.596 joltshadow - docs §66: tyre band (player) w=0 fnGround=0N fnTotal=0N pen=0.00000 penRaw=0.00000 tau=0.01024 pen/tau=0.00 | recs tyre=0 rim=0 survived=0 stale=0 distMax=0.00R
INFO 2026-07-27 15:24:34.596 joltshadow - docs §68: steer (player) w=0 steerable=1 commanded=0.000 rad measured=-0.613 rad err=-35.11 deg steerSign=-1 steerTq=-1192Nm cap=1192Nm sat=1.00
INFO 2026-07-27 15:24:34.596 joltshadow - docs §70: slip (player) w=0 grounded=0 kappa=0.000 fnGround=0N omega=6.33
INFO 2026-07-27 15:24:34.596 joltshadow - docs §67: spin (player) w=0 driven=1 omega=6.33 rad/s surfaceSpeed=4.60 m/s spinSign=+1 motorTq=-447Nm cmdTq=447Nm
INFO 2026-07-27 15:24:34.596 joltshadow - docs §58: wheel body (player) w=1 springF=25N stopF=0N travel=-0.0002 (limits -0.5000..0.5000 rel spawn) kSusp=6000 sagPredicted=0.0042 | frameTrav=-0.0002..0.0001 frameStopN=0
INFO 2026-07-27 15:24:34.596 joltshadow - docs §66: tyre band (player) w=1 fnGround=0N fnTotal=0N pen=0.00000 penRaw=0.00000 tau=0.01024 pen/tau=0.00 | recs tyre=0 rim=0 survived=0 stale=0 distMax=0.00R
INFO 2026-07-27 15:24:34.596 joltshadow - docs §68: steer (player) w=1 steerable=1 commanded=0.000 rad measured=0.616 rad err=35.30 deg steerSign=-1 steerTq=1192Nm cap=1192Nm sat=1.00
INFO 2026-07-27 15:24:34.596 joltshadow - docs §70: slip (player) w=1 grounded=0 kappa=0.000 fnGround=0N omega=11.82
INFO 2026-07-27 15:24:34.596 joltshadow - docs §67: spin (player) w=1 driven=1 omega=11.82 rad/s surfaceSpeed=8.60 m/s spinSign=+1 motorTq=-447Nm cmdTq=447Nm
INFO 2026-07-27 15:24:34.597 joltshadow - docs §58: wheel body (player) w=2 springF=-106N stopF=0N travel=-0.0153 (limits -0.5000..0.5000 rel spawn) kSusp=7500 sagPredicted=-0.0142 | frameTrav=-0.0175..-0.0153 frameStopN=0
INFO 2026-07-27 15:24:34.597 joltshadow - docs §66: tyre band (player) w=2 fnGround=0N fnTotal=0N pen=0.00000 penRaw=0.00000 tau=0.01024 pen/tau=0.00 | recs tyre=0 rim=0 survived=0 stale=0 distMax=0.00R
INFO 2026-07-27 15:24:34.597 joltshadow - docs §68: steer (player) w=2 steerable=0 commanded=0.000 rad measured=-0.000 rad err=-0.00 deg steerSign=-1 steerTq=0Nm cap=340282346638528859811704183484516925440Nm sat=0.00
INFO 2026-07-27 15:24:34.597 joltshadow - docs §70: slip (player) w=2 grounded=0 kappa=0.000 fnGround=0N omega=26.26
INFO 2026-07-27 15:24:34.597 joltshadow - docs §67: spin (player) w=2 driven=1 omega=26.26 rad/s surfaceSpeed=19.10 m/s spinSign=+1 motorTq=-447Nm cmdTq=447Nm
INFO 2026-07-27 15:24:34.597 joltshadow - docs §58: wheel body (player) w=3 springF=-38N stopF=0N travel=-0.0475 (limits -0.5000..0.5000 rel spawn) kSusp=7500 sagPredicted=-0.0051 | frameTrav=-0.0511..-0.0475 frameStopN=0
INFO 2026-07-27 15:24:34.597 joltshadow - docs §66: tyre band (player) w=3 fnGround=0N fnTotal=0N pen=0.00000 penRaw=0.00000 tau=0.01024 pen/tau=0.00 | recs tyre=0 rim=0 survived=0 stale=0 distMax=0.00R
INFO 2026-07-27 15:24:34.597 joltshadow - docs §68: steer (player) w=3 steerable=0 commanded=0.000 rad measured=-0.000 rad err=-0.00 deg steerSign=-1 steerTq=0Nm cap=340282346638528859811704183484516925440Nm sat=0.00
INFO 2026-07-27 15:24:34.597 joltshadow - docs §70: slip (player) w=3 grounded=0 kappa=0.000 fnGround=0N omega=28.67
INFO 2026-07-27 15:24:34.597 joltshadow - docs §67: spin (player) w=3 driven=1 omega=28.67 rad/s surfaceSpeed=20.85 m/s spinSign=+1 motorTq=-447Nm cmdTq=447Nm
INFO 2026-07-27 15:24:34.597 joltshadow - docs §67: drivetrain (player) gear=1 rpm=2992 driveTorque=1800Nm perWheel=450Nm driven=4 throttle=-1.00 spin=1 | PRE-STEP brake=0.01 handBrake=0
INFO 2026-07-27 15:24:34.597 joltshadow - docs §66: tyre band SUM (player) fnGroundSum=0N fnTotalSum=0N weight=1638N carried=0.00 | penSum=0.00000 recs tyre=0 rim=0 stale=0
INFO 2026-07-27 15:24:34.597 joltshadow - docs §30: REAL ODE chassis COM (player) body=53396828 = (4653.107, 261.991, 1180.900) forward=(-0.192, 0.102, -0.976)
INFO 2026-07-27 15:24:34.597 joltshadow - docs §33: real ODE chassis geom (player) #1 = class 0 (not a transform) pos=(4653.107,261.991,1180.900) radius=4.000
INFO 2026-07-27 15:24:34.597 joltshadow - docs §33: real ODE chassis geom (player) #2 = transform, inner class=1 pos=(0.000,3.010,-1.827)
INFO 2026-07-27 15:24:34.597 joltshadow - docs §33: real ODE chassis geom (player) #3 = transform, inner class=1 pos=(0.013,2.455,4.253)
INFO 2026-07-27 15:24:34.597 joltshadow - docs §33: real ODE chassis geom (player) #4 = transform, inner class=1 pos=(0.000,2.778,2.038)
INFO 2026-07-27 15:24:34.597 joltshadow - docs §33: real ODE chassis geom (player) #5 = transform, inner class=1 pos=(0.000,1.675,0.000)
INFO 2026-07-27 15:24:34.597 joltshadow - docs §33: real ODE chassis geom (player) #6 = class 0 (not a transform) pos=(4653.107,261.991,1180.900) radius=30.000
INFO 2026-07-27 15:24:34.597 joltshadow - docs §33: real ODE chassis geom (player) #7 = class 0 (not a transform) pos=(4653.107,261.991,1180.900) radius=8.161
INFO 2026-07-27 15:24:34.597 joltshadow - docs §33: real ODE chassis geom (player) #8 = class 0 (not a transform) pos=(4653.107,261.991,1180.900) radius=200.000
INFO 2026-07-27 15:24:34.597 joltshadow - docs §33: real ODE chassis (player) has 8 total geom(s) directly attached (4 transform(s)) - compare against BuildChassisCompoundShape's own part/geom count in the build log
INFO 2026-07-27 15:24:34.597 joltshadow - docs §28: REAL ODE wheel state (player) wheel=0 displacement=-0.0006 range=1.000 (-0% compressed, signed) foreAft=2.663 localZ=2.663 cfm=0.002500 erp=0.2500
INFO 2026-07-27 15:24:34.597 joltshadow - docs §28: REAL ODE wheel state (player) wheel=1 displacement=0.0015 range=1.000 (0% compressed, signed) foreAft=2.663 localZ=2.663 cfm=0.002500 erp=0.2500
INFO 2026-07-27 15:24:34.597 joltshadow - docs §28: REAL ODE wheel state (player) wheel=2 displacement=0.0030 range=1.000 (0% compressed, signed) foreAft=-1.944 localZ=-1.944 cfm=0.002000 erp=0.2500
INFO 2026-07-27 15:24:34.597 joltshadow - docs §28: REAL ODE wheel state (player) wheel=3 displacement=-0.0001 range=1.000 (-0% compressed, signed) foreAft=-1.944 localZ=-1.944 cfm=0.002000 erp=0.2500
INFO 2026-07-27 15:24:34.622 joltshadow - docs §70.1: slipdense (player) f=1264 w=0 grounded=0 kappa=0.000 fnGround=0 omega=2.18 | ftGround=0N target=-23.3 limit=447Nm motorNm=-447 tyreNm=0 inertia=2.91 limRot=0/817/-866 omegaPre=3.10 posN=2/-21/0 susp=-0.0064 springN=38
INFO 2026-07-27 15:24:34.622 joltshadow - docs §70.1: slipdense (player) f=1264 w=1 grounded=0 kappa=0.000 fnGround=0 omega=7.67 | ftGround=0N target=-23.3 limit=447Nm motorNm=-447 tyreNm=0 inertia=2.91 limRot=0/-931/-738 omegaPre=8.59 posN=1/-18/0 susp=-0.0024 springN=41
INFO 2026-07-27 15:24:34.622 joltshadow - docs §70.1: slipdense (player) f=1264 w=2 grounded=0 kappa=0.000 fnGround=0 omega=22.11 | ftGround=0N target=-23.3 limit=447Nm motorNm=-447 tyreNm=0 inertia=2.91 limRot=0/3/-4 omegaPre=23.03 posN=0/-15/0 susp=-0.0036 springN=-101
INFO 2026-07-27 15:24:34.622 joltshadow - docs §70.1: slipdense (player) f=1264 w=3 grounded=0 kappa=0.000 fnGround=0 omega=24.52 | ftGround=0N target=-23.3 limit=447Nm motorNm=-447 tyreNm=0 inertia=2.91 limRot=0/3/-5 omegaPre=25.44 posN=1/-17/0 susp=-0.0235 springN=-129
INFO 2026-07-27 15:24:34.622 joltshadow - docs §78: attdense (player) f=1264 joltTilt=21.13 odeTilt=20.39 upDelta=5.14 wBody=(0.41,-0.09,0.13) |w|=0.44 grounded=0
INFO 2026-07-27 15:24:34.649 joltshadow - docs §70.1: slipdense (player) f=1268 w=0 grounded=0 kappa=0.000 fnGround=0 omega=-1.82 | ftGround=0N target=-23.3 limit=447Nm motorNm=-447 tyreNm=0 inertia=2.91 limRot=0/816/-868 omegaPre=-0.59 posN=2/-22/0 susp=-0.0065 springN=35
INFO 2026-07-27 15:24:34.649 joltshadow - docs §70.1: slipdense (player) f=1268 w=1 grounded=0 kappa=0.000 fnGround=0 omega=3.68 | ftGround=0N target=-23.3 limit=447Nm motorNm=-447 tyreNm=0 inertia=2.91 limRot=0/-1030/-595 omegaPre=4.91 posN=1/-19/0 susp=-0.0048 springN=48
INFO 2026-07-27 15:24:34.649 joltshadow - docs §70.1: slipdense (player) f=1268 w=2 grounded=0 kappa=0.000 fnGround=0 omega=18.11 | ftGround=0N target=-23.3 limit=447Nm motorNm=-447 tyreNm=0 inertia=2.91 limRot=0/2/-3 omegaPre=19.34 posN=-0/-13/0 susp=0.0012 springN=-68
INFO 2026-07-27 15:24:34.649 joltshadow - docs §70.1: slipdense (player) f=1268 w=3 grounded=0 kappa=0.000 fnGround=0 omega=20.52 | ftGround=0N target=-23.3 limit=447Nm motorNm=-447 tyreNm=0 inertia=2.91 limRot=0/2/-4 omegaPre=21.75 posN=-0/-15/0 susp=-0.0079 springN=-129
INFO 2026-07-27 15:24:34.649 joltshadow - docs §78: attdense (player) f=1268 joltTilt=21.01 odeTilt=19.88 upDelta=4.78 wBody=(0.43,-0.09,0.13) |w|=0.46 grounded=0
INFO 2026-07-27 15:24:34.684 joltshadow - docs §70.1: slipdense (player) f=1272 w=0 grounded=0 kappa=0.000 fnGround=0 omega=-10.42 | ftGround=0N target=-14.5 limit=716Nm motorNm=-716 tyreNm=0 inertia=2.91 limRot=0/613/-1025 omegaPre=-8.21 posN=2/-27/0 susp=-0.0077 springN=53
INFO 2026-07-27 15:24:34.684 joltshadow - docs §70.1: slipdense (player) f=1272 w=1 grounded=0 kappa=0.000 fnGround=0 omega=-4.93 | ftGround=0N target=-14.5 limit=716Nm motorNm=-716 tyreNm=0 inertia=2.91 limRot=0/-1019/-620 omegaPre=-2.72 posN=1/-24/0 susp=-0.0090 springN=70
INFO 2026-07-27 15:24:34.684 joltshadow - docs §70.1: slipdense (player) f=1272 w=2 grounded=0 kappa=0.000 fnGround=0 omega=9.50 | ftGround=0N target=-14.5 limit=716Nm motorNm=-716 tyreNm=0 inertia=2.91 limRot=0/1/-2 omegaPre=11.72 posN=-0/-16/0 susp=0.0032 springN=-44
INFO 2026-07-27 15:24:34.684 joltshadow - docs §70.1: slipdense (player) f=1272 w=3 grounded=0 kappa=0.000 fnGround=0 omega=11.91 | ftGround=0N target=-14.5 limit=716Nm motorNm=-716 tyreNm=0 inertia=2.91 limRot=0/1/-2 omegaPre=14.13 posN=-1/-15/0 susp=0.0019 springN=-91
INFO 2026-07-27 15:24:34.684 joltshadow - docs §78: attdense (player) f=1272 joltTilt=20.85 odeTilt=18.74 upDelta=4.13 wBody=(0.49,-0.09,0.12) |w|=0.51 grounded=0
INFO 2026-07-27 15:24:34.716 joltshadow - docs §70.1: slipdense (player) f=1276 w=0 grounded=0 kappa=0.000 fnGround=0 omega=-14.05 | ftGround=0N target=-14.5 limit=716Nm motorNm=2 tyreNm=0 inertia=2.91 limRot=0/100/-1192 omegaPre=-14.05 posN=0/-26/0 susp=-0.0090 springN=46
INFO 2026-07-27 15:24:34.716 joltshadow - docs §70.1: slipdense (player) f=1276 w=1 grounded=0 kappa=0.000 fnGround=0 omega=-13.05 | ftGround=0N target=-14.5 limit=716Nm motorNm=-716 tyreNm=0 inertia=2.91 limRot=0/-792/-899 omegaPre=-11.08 posN=-1/-25/0 susp=-0.0107 springN=65
INFO 2026-07-27 15:24:34.716 joltshadow - docs §70.1: slipdense (player) f=1276 w=2 grounded=0 kappa=0.000 fnGround=0 omega=1.39 | ftGround=0N target=-14.5 limit=716Nm motorNm=-716 tyreNm=0 inertia=2.91 limRot=0/-1/-0 omegaPre=3.36 posN=-4/-12/0 susp=0.0041 springN=-40
INFO 2026-07-27 15:24:34.716 joltshadow - docs §70.1: slipdense (player) f=1276 w=3 grounded=0 kappa=0.000 fnGround=0 omega=3.80 | ftGround=0N target=-14.5 limit=716Nm motorNm=-716 tyreNm=0 inertia=2.91 limRot=0/-1/-1 omegaPre=5.77 posN=-5/-11/0 susp=0.0039 springN=-47
INFO 2026-07-27 15:24:34.716 joltshadow - docs §78: attdense (player) f=1276 joltTilt=20.68 odeTilt=17.22 upDelta=4.03 wBody=(0.53,-0.09,0.11) |w|=0.55 grounded=0
INFO 2026-07-27 15:24:34.741 joltshadow - docs §70.1: slipdense (player) f=1280 w=0 grounded=0 kappa=0.000 fnGround=0 omega=-7.90 | ftGround=0N target=14.5 limit=716Nm motorNm=716 tyreNm=0 inertia=2.91 limRot=0/-240/-1170 omegaPre=-9.38 posN=3/-12/0 susp=-0.0065 springN=-24
INFO 2026-07-27 15:24:34.741 joltshadow - docs §70.1: slipdense (player) f=1280 w=1 grounded=0 kappa=0.000 fnGround=0 omega=-6.90 | ftGround=0N target=14.5 limit=716Nm motorNm=716 tyreNm=0 inertia=2.91 limRot=0/-535/-1070 omegaPre=-8.37 posN=2/-10/0 susp=-0.0074 springN=-16
INFO 2026-07-27 15:24:34.741 joltshadow - docs §70.1: slipdense (player) f=1280 w=2 grounded=0 kappa=0.000 fnGround=0 omega=7.54 | ftGround=0N target=14.5 limit=716Nm motorNm=716 tyreNm=0 inertia=2.91 limRot=0/1/-1 omegaPre=6.06 posN=-0/3/0 susp=0.0026 springN=7
INFO 2026-07-27 15:24:34.741 joltshadow - docs §70.1: slipdense (player) f=1280 w=3 grounded=0 kappa=0.000 fnGround=0 omega=9.95 | ftGround=0N target=14.5 limit=716Nm motorNm=716 tyreNm=0 inertia=2.91 limRot=0/1/-1 omegaPre=8.47 posN=-1/5/0 susp=0.0023 springN=5
INFO 2026-07-27 15:24:34.741 joltshadow - docs §78: attdense (player) f=1280 joltTilt=20.59 odeTilt=15.81 upDelta=4.83 wBody=(0.48,-0.09,0.11) |w|=0.50 grounded=0
INFO 2026-07-27 15:24:34.763 joltshadow - docs §70.1: slipdense (player) f=1284 w=0 grounded=0 kappa=0.000 fnGround=0 omega=-2.49 | ftGround=0N target=14.5 limit=716Nm motorNm=716 tyreNm=0 inertia=2.91 limRot=0/-393/-1126 omegaPre=-3.72 posN=2/-14/0 susp=-0.0023 springN=-58
INFO 2026-07-27 15:24:34.763 joltshadow - docs §70.1: slipdense (player) f=1284 w=1 grounded=0 kappa=0.000 fnGround=0 omega=-1.49 | ftGround=0N target=14.5 limit=716Nm motorNm=716 tyreNm=0 inertia=2.91 limRot=0/-415/-1119 omegaPre=-2.72 posN=2/-12/0 susp=-0.0018 springN=-60
INFO 2026-07-27 15:24:34.763 joltshadow - docs §70.1: slipdense (player) f=1284 w=2 grounded=0 kappa=0.000 fnGround=0 omega=12.95 | ftGround=0N target=14.5 limit=716Nm motorNm=716 tyreNm=0 inertia=2.91 limRot=0/1/-2 omegaPre=11.72 posN=-0/-0/0 susp=0.0000 springN=31
INFO 2026-07-27 15:24:34.764 joltshadow - docs §70.1: slipdense (player) f=1284 w=3 grounded=0 kappa=0.000 fnGround=0 omega=14.98 | ftGround=0N target=14.5 limit=716Nm motorNm=280 tyreNm=0 inertia=2.91 limRot=0/2/-2 omegaPre=14.13 posN=-1/1/0 susp=0.0007 springN=25
INFO 2026-07-27 15:24:34.764 joltshadow - docs §78: attdense (player) f=1284 joltTilt=20.54 odeTilt=14.40 upDelta=6.19 wBody=(0.44,-0.09,0.11) |w|=0.46 grounded=0
INFO 2026-07-27 15:24:34.787 joltshadow - docs §70.1: slipdense (player) f=1288 w=0 grounded=0 kappa=0.000 fnGround=0 omega=3.41 | ftGround=0N target=14.5 limit=716Nm motorNm=716 tyreNm=0 inertia=2.91 limRot=0/-400/-1122 omegaPre=1.94 posN=2/-16/0 susp=0.0022 springN=-61
INFO 2026-07-27 15:24:34.787 joltshadow - docs §70.1: slipdense (player) f=1288 w=1 grounded=0 kappa=0.000 fnGround=0 omega=4.42 | ftGround=0N target=14.5 limit=716Nm motorNm=716 tyreNm=0 inertia=2.91 limRot=0/-436/-1107 omegaPre=2.94 posN=2/-15/0 susp=0.0034 springN=-64
INFO 2026-07-27 15:24:34.787 joltshadow - docs §70.1: slipdense (player) f=1288 w=2 grounded=0 kappa=0.000 fnGround=0 omega=14.96 | ftGround=0N target=14.5 limit=716Nm motorNm=-2 tyreNm=0 inertia=2.91 limRot=0/2/-2 omegaPre=14.97 posN=-0/-5/0 susp=-0.0012 springN=27
INFO 2026-07-27 15:24:34.788 joltshadow - docs §70.1: slipdense (player) f=1288 w=3 grounded=0 kappa=0.000 fnGround=0 omega=14.96 | ftGround=0N target=14.5 limit=716Nm motorNm=-2 tyreNm=0 inertia=2.91 limRot=0/2/-2 omegaPre=14.97 posN=-1/-3/0 susp=-0.0002 springN=24
INFO 2026-07-27 15:24:34.788 joltshadow - docs §78: attdense (player) f=1288 joltTilt=20.52 odeTilt=12.80 upDelta=8.11 wBody=(0.42,-0.09,0.11) |w|=0.44 grounded=0
INFO 2026-07-27 15:24:34.788 joltshadow - docs §82: resync (player) #20 dt=0.50s upMax=8.115 deg posMax=1.267 m odeTiltPath=9.126 deg gain=0.8892
INFO 2026-07-27 15:24:34.788 joltshadow - docs §87: resync landing (player) w=0 pre=0.1611 post=0.0047 m R=0.727 dY=-0.4840 dRotDeg=8.31 |corr|=1.2670 m
INFO 2026-07-27 15:24:34.788 joltshadow - docs §87: resync landing (player) w=1 pre=0.7595 post=0.2422 m R=0.727 dY=-0.4840 dRotDeg=8.31 |corr|=1.2670 m
INFO 2026-07-27 15:24:34.788 joltshadow - docs §87: resync landing (player) w=2 pre=0.3278 post=0.1803 m R=0.727 dY=-0.4840 dRotDeg=8.31 |corr|=1.2670 m
INFO 2026-07-27 15:24:34.788 joltshadow - docs §87: resync landing (player) w=3 pre=1.0015 post=0.4807 m R=0.727 dY=-0.4840 dRotDeg=8.31 |corr|=1.2670 m
INFO 2026-07-27 15:24:34.788 joltshadow - docs §82: resync RESIDUAL (player) #20 pos=0.0000 m up=0.0000 deg
INFO 2026-07-27 15:24:34.813 joltshadow - docs §70.1: slipdense (player) f=1292 w=0 grounded=1 kappa=-0.651 fnGround=228 omega=9.37 | ftGround=-323N target=14.5 limit=716Nm motorNm=716 tyreNm=257 inertia=2.91 limRot=0/30/-1179 omegaPre=7.13 posN=57/434/0 susp=-0.0841 springN=178
INFO 2026-07-27 15:24:34.813 joltshadow - docs §70.1: slipdense (player) f=1292 w=1 grounded=0 kappa=0.000 fnGround=0 omega=11.39 | ftGround=0N target=14.5 limit=716Nm motorNm=716 tyreNm=0 inertia=2.91 limRot=0/-631/-1032 omegaPre=9.66 posN=-55/-14/0 susp=-0.0360 springN=12
INFO 2026-07-27 15:24:34.813 joltshadow - docs §70.1: slipdense (player) f=1292 w=2 grounded=0 kappa=0.000 fnGround=0 omega=14.22 | ftGround=0N target=14.5 limit=716Nm motorNm=-3 tyreNm=0 inertia=2.91 limRot=0/-0/31 omegaPre=14.23 posN=12/-39/0 susp=-0.0360 springN=42
INFO 2026-07-27 15:24:34.814 joltshadow - docs §70.1: slipdense (player) f=1292 w=3 grounded=0 kappa=0.000 fnGround=0 omega=14.22 | ftGround=0N target=14.5 limit=716Nm motorNm=-3 tyreNm=0 inertia=2.91 limRot=0/-0/31 omegaPre=14.23 posN=-50/-9/0 susp=-0.0420 springN=65
INFO 2026-07-27 15:24:34.814 joltshadow - docs §78: attdense (player) f=1292 joltTilt=11.18 odeTilt=11.14 upDelta=0.03 wBody=(-0.33,-0.03,-1.42) |w|=1.46 grounded=1
INFO 2026-07-27 15:24:34.847 joltshadow - docs §70.1: slipdense (player) f=1296 w=0 grounded=0 kappa=0.000 fnGround=0 omega=18.26 | ftGround=0N target=23.3 limit=447Nm motorNm=447 tyreNm=0 inertia=2.91 limRot=0/391/0 omegaPre=16.87 posN=56/4/0 susp=-0.0534 springN=50
INFO 2026-07-27 15:24:34.847 joltshadow - docs §70.1: slipdense (player) f=1296 w=1 grounded=0 kappa=0.000 fnGround=0 omega=16.61 | ftGround=0N target=23.3 limit=447Nm motorNm=447 tyreNm=0 inertia=2.91 limRot=0/-1011/-662 omegaPre=15.23 posN=1/-10/0 susp=-0.0129 springN=-111
INFO 2026-07-27 15:24:34.848 joltshadow - docs §70.1: slipdense (player) f=1296 w=2 grounded=0 kappa=0.000 fnGround=0 omega=19.44 | ftGround=0N target=23.3 limit=447Nm motorNm=447 tyreNm=0 inertia=2.91 limRot=0/1/39 omegaPre=18.06 posN=-7/9/0 susp=-0.0163 springN=-73
INFO 2026-07-27 15:24:34.848 joltshadow - docs §70.1: slipdense (player) f=1296 w=3 grounded=0 kappa=0.000 fnGround=0 omega=19.44 | ftGround=0N target=23.3 limit=447Nm motorNm=447 tyreNm=0 inertia=2.91 limRot=0/1/39 omegaPre=18.06 posN=-72/-4/0 susp=-0.0204 springN=-60
INFO 2026-07-27 15:24:34.848 joltshadow - docs §78: attdense (player) f=1296 joltTilt=9.40 odeTilt=9.29 upDelta=0.10 wBody=(-0.37,-0.05,-1.45) |w|=1.49 grounded=0
INFO 2026-07-27 15:24:34.876 joltshadow - docs §70.1: slipdense (player) f=1300 w=0 grounded=0 kappa=0.000 fnGround=0 omega=21.43 | ftGround=0N target=38.8 limit=268Nm motorNm=268 tyreNm=0 inertia=2.91 limRot=0/1003/-1410 omegaPre=20.69 posN=359/24/0 susp=-0.0279 springN=-93
INFO 2026-07-27 15:24:34.876 joltshadow - docs §70.1: slipdense (player) f=1300 w=1 grounded=1 kappa=0.015 fnGround=1291 omega=22.21 | ftGround=415N target=38.8 limit=268Nm motorNm=268 tyreNm=-244 inertia=2.91 limRot=0/-5488/0 omegaPre=22.14 posN=-1896/988/0 susp=-0.0741 springN=1268
INFO 2026-07-27 15:24:34.876 joltshadow - docs §70.1: slipdense (player) f=1300 w=2 grounded=0 kappa=0.000 fnGround=0 omega=22.61 | ftGround=0N target=38.8 limit=268Nm motorNm=268 tyreNm=0 inertia=2.91 limRot=0/5/34 omegaPre=21.87 posN=66/29/0 susp=-0.0065 springN=-32
INFO 2026-07-27 15:24:34.876 joltshadow - docs §70.1: slipdense (player) f=1300 w=3 grounded=0 kappa=0.000 fnGround=0 omega=22.61 | ftGround=0N target=38.8 limit=268Nm motorNm=268 tyreNm=0 inertia=2.91 limRot=0/5/34 omegaPre=21.87 posN=7/-122/0 susp=-0.0038 springN=-182
INFO 2026-07-27 15:24:34.876 joltshadow - docs §78: attdense (player) f=1300 joltTilt=8.49 odeTilt=8.30 upDelta=0.18 wBody=(-0.41,0.15,-1.26) |w|=1.34 grounded=1
INFO 2026-07-27 15:24:34.900 joltshadow - docs §70.1: slipdense (player) f=1304 w=0 grounded=0 kappa=0.000 fnGround=0 omega=23.64 | ftGround=0N target=38.8 limit=268Nm motorNm=268 tyreNm=0 inertia=2.91 limRot=0/1206/-227 omegaPre=23.09 posN=422/6/0 susp=-0.0104 springN=-127
INFO 2026-07-27 15:24:34.900 joltshadow - docs §70.1: slipdense (player) f=1304 w=1 grounded=1 kappa=-0.020 fnGround=1289 omega=25.44 | ftGround=-612N target=38.8 limit=268Nm motorNm=268 tyreNm=528 inertia=2.91 limRot=0/-4441/0 omegaPre=23.95 posN=-1549/1572/0 susp=-0.1316 springN=1407
INFO 2026-07-27 15:24:34.900 joltshadow - docs §70.1: slipdense (player) f=1304 w=2 grounded=0 kappa=0.000 fnGround=0 omega=24.82 | ftGround=0N target=38.8 limit=268Nm motorNm=268 tyreNm=0 inertia=2.91 limRot=0/12/27 omegaPre=24.27 posN=161/13/0 susp=-0.0035 springN=-11
INFO 2026-07-27 15:24:34.900 joltshadow - docs §70.1: slipdense (player) f=1304 w=3 grounded=1 kappa=0.020 fnGround=1172 omega=26.89 | ftGround=534N target=38.8 limit=268Nm motorNm=268 tyreNm=-327 inertia=2.91 limRot=0/-1022/-56 omegaPre=27.01 posN=-1135/-703/0 susp=-0.0850 springN=2130
INFO 2026-07-27 15:24:34.900 joltshadow - docs §78: attdense (player) f=1304 joltTilt=8.37 odeTilt=8.29 upDelta=0.24 wBody=(-0.44,0.26,-0.90) |w|=1.04 grounded=2
INFO 2026-07-27 15:24:34.922 joltshadow - docs §70.1: slipdense (player) f=1308 w=0 grounded=0 kappa=0.000 fnGround=0 omega=25.67 | ftGround=0N target=38.8 limit=268Nm motorNm=268 tyreNm=0 inertia=2.91 limRot=0/916/0 omegaPre=25.21 posN=-45/-100/0 susp=0.0018 springN=-164
INFO 2026-07-27 15:24:34.922 joltshadow - docs §70.1: slipdense (player) f=1308 w=1 grounded=1 kappa=0.026 fnGround=1180 omega=27.30 | ftGround=687N target=38.8 limit=268Nm motorNm=268 tyreNm=-465 inertia=2.91 limRot=0/1061/0 omegaPre=27.64 posN=53/-616/0 susp=-0.1679 springN=1400
INFO 2026-07-27 15:24:34.922 joltshadow - docs §70.1: slipdense (player) f=1308 w=2 grounded=1 kappa=-0.017 fnGround=2224 omega=27.42 | ftGround=-709N target=38.8 limit=268Nm motorNm=268 tyreNm=667 inertia=2.91 limRot=0/-1473/-21 omegaPre=26.39 posN=-1567/669/0 susp=-0.0026 springN=175
INFO 2026-07-27 15:24:34.922 joltshadow - docs §70.1: slipdense (player) f=1308 w=3 grounded=1 kappa=0.016 fnGround=1149 omega=26.63 | ftGround=421N target=38.8 limit=268Nm motorNm=268 tyreNm=-261 inertia=2.91 limRot=0/-598/-20 omegaPre=26.61 posN=-352/-339/0 susp=-0.1648 springN=2495
INFO 2026-07-27 15:24:34.922 joltshadow - docs §78: attdense (player) f=1308 joltTilt=8.66 odeTilt=8.78 upDelta=1.04 wBody=(-0.47,0.27,-0.60) |w|=0.81 grounded=3
INFO 2026-07-27 15:24:34.945 joltshadow - docs §70.1: slipdense (player) f=1312 w=0 grounded=0 kappa=0.000 fnGround=0 omega=27.67 | ftGround=0N target=38.8 limit=268Nm motorNm=268 tyreNm=0 inertia=2.91 limRot=0/-245/0 omegaPre=27.26 posN=-134/-2/0 susp=0.0132 springN=-224
INFO 2026-07-27 15:24:34.945 joltshadow - docs §70.1: slipdense (player) f=1312 w=1 grounded=1 kappa=0.015 fnGround=1141 omega=26.98 | ftGround=391N target=38.8 limit=268Nm motorNm=268 tyreNm=-246 inertia=2.91 limRot=0/667/0 omegaPre=26.93 posN=872/-316/0 susp=-0.1878 springN=1286
INFO 2026-07-27 15:24:34.945 joltshadow - docs §70.1: slipdense (player) f=1312 w=2 grounded=1 kappa=0.020 fnGround=962 omega=27.79 | ftGround=425N target=38.8 limit=268Nm motorNm=268 tyreNm=-276 inertia=2.91 limRot=0/-185/-12 omegaPre=27.78 posN=-116/-479/0 susp=-0.0388 springN=960
INFO 2026-07-27 15:24:34.946 joltshadow - docs §70.1: slipdense (player) f=1312 w=3 grounded=1 kappa=0.015 fnGround=1138 omega=26.78 | ftGround=390N target=38.8 limit=268Nm motorNm=268 tyreNm=-242 inertia=2.91 limRot=0/-106/-22 omegaPre=26.91 posN=113/-353/0 susp=-0.2340 springN=2844
INFO 2026-07-27 15:24:34.946 joltshadow - docs §78: attdense (player) f=1312 joltTilt=9.17 odeTilt=9.49 upDelta=2.41 wBody=(-0.49,0.15,-0.38) |w|=0.64 grounded=3
INFO 2026-07-27 15:24:34.968 joltshadow - docs §70.1: slipdense (player) f=1316 w=0 grounded=0 kappa=0.000 fnGround=0 omega=29.64 | ftGround=0N target=38.8 limit=268Nm motorNm=268 tyreNm=0 inertia=2.91 limRot=0/-140/0 omegaPre=29.10 posN=-71/31/0 susp=0.0231 springN=-251
INFO 2026-07-27 15:24:34.968 joltshadow - docs §70.1: slipdense (player) f=1316 w=1 grounded=1 kappa=0.015 fnGround=1133 omega=27.22 | ftGround=382N target=38.8 limit=268Nm motorNm=268 tyreNm=-228 inertia=2.91 limRot=0/535/0 omegaPre=27.15 posN=672/-354/0 susp=-0.1912 springN=1103
INFO 2026-07-27 15:24:34.968 joltshadow - docs §70.1: slipdense (player) f=1316 w=2 grounded=1 kappa=0.018 fnGround=1073 omega=27.73 | ftGround=423N target=38.8 limit=268Nm motorNm=268 tyreNm=-260 inertia=2.91 limRot=0/-43/-13 omegaPre=27.74 posN=36/-457/0 susp=-0.0749 springN=1089
INFO 2026-07-27 15:24:34.968 joltshadow - docs §70.1: slipdense (player) f=1316 w=3 grounded=1 kappa=0.015 fnGround=1135 omega=27.17 | ftGround=393N target=38.8 limit=268Nm motorNm=268 tyreNm=-234 inertia=2.91 limRot=0/4/-7 omegaPre=27.12 posN=225/-409/0 susp=-0.2871 springN=2908
INFO 2026-07-27 15:24:34.968 joltshadow - docs §78: attdense (player) f=1316 joltTilt=9.76 odeTilt=10.20 upDelta=3.94 wBody=(-0.48,0.10,-0.20) |w|=0.53 grounded=3
INFO 2026-07-27 15:24:34.993 joltshadow - docs §70.1: slipdense (player) f=1320 w=0 grounded=0 kappa=0.000 fnGround=0 omega=27.33 | ftGround=0N target=-38.8 limit=268Nm motorNm=-268 tyreNm=0 inertia=2.91 limRot=0/111/0 omegaPre=27.88 posN=-24/-66/0 susp=0.0288 springN=-208
INFO 2026-07-27 15:24:34.993 joltshadow - docs §70.1: slipdense (player) f=1320 w=1 grounded=1 kappa=-0.008 fnGround=994 omega=26.40 | ftGround=-210N target=-38.8 limit=268Nm motorNm=-268 tyreNm=224 inertia=2.91 limRot=0/419/0 omegaPre=26.49 posN=379/153/0 susp=-0.1819 springN=932
INFO 2026-07-27 15:24:34.993 joltshadow - docs §70.1: slipdense (player) f=1320 w=2 grounded=1 kappa=-0.007 fnGround=1130 omega=26.86 | ftGround=-214N target=-38.8 limit=268Nm motorNm=-268 tyreNm=238 inertia=2.91 limRot=0/27/25 omegaPre=26.93 posN=127/129/0 susp=-0.1056 springN=1204
INFO 2026-07-27 15:24:34.993 joltshadow - docs §70.1: slipdense (player) f=1320 w=3 grounded=1 kappa=-0.008 fnGround=1130 omega=26.42 | ftGround=-228N target=-38.8 limit=268Nm motorNm=-268 tyreNm=247 inertia=2.91 limRot=0/38/27 omegaPre=26.46 posN=263/113/0 susp=-0.3265 springN=2907
INFO 2026-07-27 15:24:34.993 joltshadow - docs §78: attdense (player) f=1320 joltTilt=10.37 odeTilt=10.84 upDelta=5.40 wBody=(-0.40,0.08,-0.04) |w|=0.41 grounded=3
INFO 2026-07-27 15:24:34.994 joltshadow - Shadow divergence (player): pos=1.435m vel=5.576m/s angle=5.4deg (jolt com=[4652.0 263.9 1173.7] ode com=[4651.7 262.5 1173.4])
INFO 2026-07-27 15:24:34.994 joltshadow - docs §23.6: driver input (player) realThrottle=-10.00 brake=0.01 handBrake=0 steerRad=0.000
INFO 2026-07-27 15:24:34.994 joltshadow - docs §32: Jolt SHADOW chassis pitch (player) forward=(-0.205, 0.180, -0.962)
INFO 2026-07-27 15:24:34.994 joltshadow - docs §69: tilt (player) jolt=10.4 deg ode=10.8 deg delta=-0.5 deg upDelta=5.40 deg
INFO 2026-07-27 15:24:34.994 joltshadow - docs §32.4: Jolt SHADOW chassis lowest corner (player) = (4654.15,263.14,1176.60) clearanceToGround=0.987
INFO 2026-07-27 15:24:34.994 joltshadow - docs §23.5: wheel state (player) wheel=0 contact=0 suspLen=1.050 (range 0.050-1.050, 0% compressed) angVel=0.00
INFO 2026-07-27 15:24:34.994 joltshadow - docs §38.11: wheel=0 NO contact, worldAxle=(0.978,-0.013,-0.210)
INFO 2026-07-27 15:24:34.994 joltshadow - docs §32: no-contact raycast (player) wheel=0 bodyPos=(4651.87,263.94,1173.11) localMPos=(-1.367,-0.436,2.663) origin=(4652.64,263.97,1170.18) dir=(-0.050,-0.984,-0.173) normalRayLen=1.777 groundFoundAt=0.000 shortfallBeyondTravel=-1.777 hitBody=8391036 hitLayer=4 hitMotion=2 hitIsSelfChassis=0
INFO 2026-07-27 15:24:34.994 joltshadow - docs §23.5: wheel state (player) wheel=1 contact=0 suspLen=1.050 (range 0.050-1.050, 0% compressed) angVel=0.00
INFO 2026-07-27 15:24:34.994 joltshadow - docs §38.11: wheel=1 NO contact, worldAxle=(0.978,-0.013,-0.210)
INFO 2026-07-27 15:24:34.994 joltshadow - docs §32: no-contact raycast (player) wheel=1 bodyPos=(4651.87,263.94,1173.11) localMPos=(1.369,-0.436,2.663) origin=(4649.97,264.00,1170.76) dir=(-0.050,-0.984,-0.173) normalRayLen=1.777 groundFoundAt=0.000 shortfallBeyondTravel=-1.777 hitBody=8391037 hitLayer=4 hitMotion=2 hitIsSelfChassis=0
INFO 2026-07-27 15:24:34.994 joltshadow - docs §23.5: wheel state (player) wheel=2 contact=0 suspLen=1.050 (range 0.050-1.050, 0% compressed) angVel=0.00
INFO 2026-07-27 15:24:34.994 joltshadow - docs §38.11: wheel=2 NO contact, worldAxle=(0.978,-0.013,-0.210)
INFO 2026-07-27 15:24:34.994 joltshadow - docs §32: no-contact raycast (player) wheel=2 bodyPos=(4651.87,263.94,1173.11) localMPos=(-1.367,-0.436,-1.944) origin=(4653.59,263.14,1174.62) dir=(-0.050,-0.984,-0.173) normalRayLen=1.777 groundFoundAt=0.000 shortfallBeyondTravel=-1.777 hitBody=8391038 hitLayer=4 hitMotion=2 hitIsSelfChassis=0
INFO 2026-07-27 15:24:34.994 joltshadow - docs §23.5: wheel state (player) wheel=3 contact=0 suspLen=1.050 (range 0.050-1.050, 0% compressed) angVel=0.00
INFO 2026-07-27 15:24:34.994 joltshadow - docs §38.11: wheel=3 NO contact, worldAxle=(0.978,-0.013,-0.210)
INFO 2026-07-27 15:24:34.994 joltshadow - docs §32: no-contact raycast (player) wheel=3 bodyPos=(4651.87,263.94,1173.11) localMPos=(1.369,-0.436,-1.944) origin=(4650.91,263.18,1175.19) dir=(-0.050,-0.984,-0.173) normalRayLen=1.777 groundFoundAt=0.000 shortfallBeyondTravel=-1.777 hitBody=8391039 hitLayer=4 hitMotion=2 hitIsSelfChassis=0
INFO 2026-07-27 15:24:34.994 joltshadow - docs §59/63: harvest (player) wheelsWithContact=3 contactPoints=6 overflow=0 (of 4) | maxNormalF=1130N bound(k_t*tau)=1229N ratio=0.92
INFO 2026-07-27 15:24:34.994 joltshadow - docs §58: wheel body (player) w=0 springF=-208N stopF=0N travel=0.0288 (limits -0.5000..0.5000 rel spawn) kSusp=6000 sagPredicted=-0.0346 | frameTrav=0.0284..0.0288 frameStopN=0
INFO 2026-07-27 15:24:34.995 joltshadow - docs §66: tyre band (player) w=0 fnGround=0N fnTotal=0N pen=0.00000 penRaw=0.00000 tau=0.01024 pen/tau=0.00 | recs tyre=0 rim=0 survived=0 stale=0 distMax=0.00R
INFO 2026-07-27 15:24:34.995 joltshadow - docs §68: steer (player) w=0 steerable=1 commanded=0.000 rad measured=0.001 rad err=0.07 deg steerSign=-1 steerTq=183Nm cap=1192Nm sat=0.15
INFO 2026-07-27 15:24:34.995 joltshadow - docs §70: slip (player) w=0 grounded=0 kappa=0.000 fnGround=0N omega=27.33
INFO 2026-07-27 15:24:34.995 joltshadow - docs §67: spin (player) w=0 driven=1 omega=27.33 rad/s surfaceSpeed=19.88 m/s spinSign=+1 motorTq=-268Nm cmdTq=268Nm
INFO 2026-07-27 15:24:34.995 joltshadow - docs §58: wheel body (player) w=1 springF=932N stopF=0N travel=-0.1819 (limits -0.5000..0.5000 rel spawn) kSusp=6000 sagPredicted=0.1553 | frameTrav=-0.1835..-0.1819 frameStopN=0
INFO 2026-07-27 15:24:34.995 joltshadow - docs §66: tyre band (player) w=1 fnGround=994N fnTotal=1081N pen=0.00970 penRaw=0.00970 tau=0.01024 pen/tau=0.95 | recs tyre=1 rim=1 survived=1 stale=0 distMax=0.99R
INFO 2026-07-27 15:24:34.995 joltshadow - docs §68: steer (player) w=1 steerable=1 commanded=0.000 rad measured=0.010 rad err=0.56 deg steerSign=-1 steerTq=195Nm cap=3128Nm sat=0.06
INFO 2026-07-27 15:24:34.995 joltshadow - docs §70: slip (player) w=1 grounded=1 kappa=-0.008 fnGround=994N omega=26.40
INFO 2026-07-27 15:24:34.995 joltshadow - docs §67: spin (player) w=1 driven=1 omega=26.40 rad/s surfaceSpeed=19.20 m/s spinSign=+1 motorTq=-268Nm cmdTq=268Nm
INFO 2026-07-27 15:24:34.995 joltshadow - docs §58: wheel body (player) w=2 springF=1204N stopF=0N travel=-0.1056 (limits -0.5000..0.5000 rel spawn) kSusp=7500 sagPredicted=0.1606 | frameTrav=-0.1056..-0.1024 frameStopN=0
INFO 2026-07-27 15:24:34.995 joltshadow - docs §66: tyre band (player) w=2 fnGround=1130N fnTotal=1229N pen=0.01024 penRaw=0.01035 tau=0.01024 pen/tau=1.00 | recs tyre=1 rim=1 survived=1 stale=0 distMax=0.99R
INFO 2026-07-27 15:24:34.995 joltshadow - docs §68: steer (player) w=2 steerable=0 commanded=0.000 rad measured=0.000 rad err=0.00 deg steerSign=-1 steerTq=0Nm cap=340282346638528859811704183484516925440Nm sat=0.00
INFO 2026-07-27 15:24:34.995 joltshadow - docs §70: slip (player) w=2 grounded=1 kappa=-0.007 fnGround=1130N omega=26.86
INFO 2026-07-27 15:24:34.995 joltshadow - docs §67: spin (player) w=2 driven=1 omega=26.86 rad/s surfaceSpeed=19.54 m/s spinSign=+1 motorTq=-268Nm cmdTq=268Nm
INFO 2026-07-27 15:24:34.995 joltshadow - docs §58: wheel body (player) w=3 springF=2907N stopF=0N travel=-0.3265 (limits -0.5000..0.5000 rel spawn) kSusp=7500 sagPredicted=0.3875 | frameTrav=-0.3265..-0.3229 frameStopN=0
INFO 2026-07-27 15:24:34.995 joltshadow - docs §66: tyre band (player) w=3 fnGround=1130N fnTotal=1229N pen=0.01024 penRaw=0.01041 tau=0.01024 pen/tau=1.00 | recs tyre=1 rim=1 survived=1 stale=0 distMax=0.99R
INFO 2026-07-27 15:24:34.995 joltshadow - docs §68: steer (player) w=3 steerable=0 commanded=0.000 rad measured=0.000 rad err=0.00 deg steerSign=-1 steerTq=0Nm cap=340282346638528859811704183484516925440Nm sat=0.00
INFO 2026-07-27 15:24:34.995 joltshadow - docs §70: slip (player) w=3 grounded=1 kappa=-0.008 fnGround=1130N omega=26.42
INFO 2026-07-27 15:24:34.995 joltshadow - docs §67: spin (player) w=3 driven=1 omega=26.42 rad/s surfaceSpeed=19.22 m/s spinSign=+1 motorTq=-268Nm cmdTq=268Nm
INFO 2026-07-27 15:24:34.995 joltshadow - docs §67: drivetrain (player) gear=2 rpm=4168 driveTorque=1080Nm perWheel=270Nm driven=4 throttle=-1.00 spin=1 | PRE-STEP brake=0.01 handBrake=0
INFO 2026-07-27 15:24:34.995 joltshadow - docs §66: tyre band SUM (player) fnGroundSum=3255N fnTotalSum=3539N weight=1638N carried=2.16 | penSum=0.03018 recs tyre=3 rim=3 stale=0
INFO 2026-07-27 15:24:34.995 joltshadow - docs §30: REAL ODE chassis COM (player) body=53396828 = (4651.689, 262.543, 1173.400) forward=(-0.195, 0.156, -0.968)
INFO 2026-07-27 15:24:34.995 joltshadow - docs §33: real ODE chassis geom (player) #1 = class 0 (not a transform) pos=(4651.689,262.543,1173.400) radius=4.000
INFO 2026-07-27 15:24:34.995 joltshadow - docs §33: real ODE chassis geom (player) #2 = transform, inner class=1 pos=(0.000,3.010,-1.827)
INFO 2026-07-27 15:24:34.995 joltshadow - docs §33: real ODE chassis geom (player) #3 = transform, inner class=1 pos=(0.013,2.455,4.253)
INFO 2026-07-27 15:24:34.995 joltshadow - docs §33: real ODE chassis geom (player) #4 = transform, inner class=1 pos=(0.000,2.778,2.038)
INFO 2026-07-27 15:24:34.996 joltshadow - docs §33: real ODE chassis geom (player) #5 = transform, inner class=1 pos=(0.000,1.675,0.000)
INFO 2026-07-27 15:24:34.996 joltshadow - docs §33: real ODE chassis geom (player) #6 = class 0 (not a transform) pos=(4651.689,262.543,1173.400) radius=30.000
INFO 2026-07-27 15:24:34.996 joltshadow - docs §33: real ODE chassis geom (player) #7 = class 0 (not a transform) pos=(4651.689,262.543,1173.400) radius=8.161
INFO 2026-07-27 15:24:34.996 joltshadow - docs §33: real ODE chassis geom (player) #8 = class 0 (not a transform) pos=(4651.689,262.543,1173.400) radius=200.000
INFO 2026-07-27 15:24:34.996 joltshadow - docs §33: real ODE chassis (player) has 8 total geom(s) directly attached (4 transform(s)) - compare against BuildChassisCompoundShape's own part/geom count in the build log
INFO 2026-07-27 15:24:34.996 joltshadow - docs §28: REAL ODE wheel state (player) wheel=0 displacement=-0.0071 range=1.000 (-1% compressed, signed) foreAft=2.663 localZ=2.663 cfm=0.002500 erp=0.2500
INFO 2026-07-27 15:24:34.996 joltshadow - docs §28: REAL ODE wheel state (player) wheel=1 displacement=0.0284 range=1.000 (3% compressed, signed) foreAft=2.663 localZ=2.663 cfm=0.002500 erp=0.2500
INFO 2026-07-27 15:24:34.996 joltshadow - docs §28: REAL ODE wheel state (player) wheel=2 displacement=0.1081 range=1.000 (11% compressed, signed) foreAft=-1.944 localZ=-1.944 cfm=0.002000 erp=0.2500
INFO 2026-07-27 15:24:34.996 joltshadow - docs §28: REAL ODE wheel state (player) wheel=3 displacement=0.0769 range=1.000 (8% compressed, signed) foreAft=-1.944 localZ=-1.944 cfm=0.002000 erp=0.2500
INFO 2026-07-27 15:24:35.034 joltshadow - docs §70.1: slipdense (player) f=1324 w=0 grounded=0 kappa=0.000 fnGround=0 omega=23.55 | ftGround=0N target=-38.8 limit=268Nm motorNm=-268 tyreNm=0 inertia=2.91 limRot=0/130/0 omegaPre=24.56 posN=98/-29/0 susp=0.0271 springN=-115
INFO 2026-07-27 15:24:35.034 joltshadow - docs §70.1: slipdense (player) f=1324 w=1 grounded=1 kappa=-0.011 fnGround=563 omega=25.41 | ftGround=-155N target=-38.8 limit=268Nm motorNm=-268 tyreNm=167 inertia=2.91 limRot=0/-489/0 omegaPre=25.77 posN=-567/128/0 susp=-0.1476 springN=564
INFO 2026-07-27 15:24:35.034 joltshadow - docs §70.1: slipdense (player) f=1324 w=2 grounded=1 kappa=-0.008 fnGround=1133 omega=26.52 | ftGround=-215N target=-38.8 limit=268Nm motorNm=-268 tyreNm=251 inertia=2.91 limRot=0/120/27 omegaPre=26.60 posN=261/155/0 susp=-0.1369 springN=1217
INFO 2026-07-27 15:24:35.034 joltshadow - docs §70.1: slipdense (player) f=1324 w=3 grounded=1 kappa=-0.008 fnGround=1133 omega=26.04 | ftGround=-198N target=-38.8 limit=268Nm motorNm=-268 tyreNm=237 inertia=2.91 limRot=0/73/19 omegaPre=26.17 posN=290/31/0 susp=-0.3484 springN=2601
INFO 2026-07-27 15:24:35.034 joltshadow - docs §78: attdense (player) f=1324 joltTilt=11.15 odeTilt=11.35 upDelta=6.74 wBody=(-0.26,0.11,0.20) |w|=0.34 grounded=3
INFO 2026-07-27 15:24:35.069 joltshadow - docs §70.1: slipdense (player) f=1328 w=0 grounded=0 kappa=0.000 fnGround=0 omega=20.32 | ftGround=0N target=-38.8 limit=268Nm motorNm=-268 tyreNm=0 inertia=2.91 limRot=0/-6/0 omegaPre=20.96 posN=-24/-54/0 susp=0.0194 springN=-43
INFO 2026-07-27 15:24:35.069 joltshadow - docs §70.1: slipdense (player) f=1328 w=1 grounded=0 kappa=0.000 fnGround=0 omega=23.27 | ftGround=0N target=-38.8 limit=268Nm motorNm=-268 tyreNm=0 inertia=2.91 limRot=0/-876/0 omegaPre=23.96 posN=-19/-24/0 susp=-0.1044 springN=157
INFO 2026-07-27 15:24:35.070 joltshadow - docs §70.1: slipdense (player) f=1328 w=2 grounded=1 kappa=-0.005 fnGround=805 omega=26.14 | ftGround=-103N target=-38.8 limit=268Nm motorNm=-268 tyreNm=133 inertia=2.91 limRot=0/57/2 omegaPre=26.37 posN=131/30/0 susp=-0.1498 springN=1245
INFO 2026-07-27 15:24:35.070 joltshadow - docs §70.1: slipdense (player) f=1328 w=3 grounded=1 kappa=-0.008 fnGround=1144 omega=25.66 | ftGround=-227N target=-38.8 limit=268Nm motorNm=-268 tyreNm=253 inertia=2.91 limRot=0/23/9 omegaPre=25.70 posN=193/119/0 susp=-0.3296 springN=2130
INFO 2026-07-27 15:24:35.070 joltshadow - docs §78: attdense (player) f=1328 joltTilt=11.58 odeTilt=11.32 upDelta=6.93 wBody=(-0.12,0.16,0.37) |w|=0.42 grounded=2
INFO 2026-07-27 15:24:35.096 joltshadow - docs §70.1: slipdense (player) f=1332 w=0 grounded=0 kappa=0.000 fnGround=0 omega=17.80 | ftGround=0N target=-38.8 limit=268Nm motorNm=-268 tyreNm=0 inertia=2.91 limRot=0/-267/0 omegaPre=18.36 posN=2/-41/0 susp=0.0120 springN=18
INFO 2026-07-27 15:24:35.096 joltshadow - docs §70.1: slipdense (player) f=1332 w=1 grounded=0 kappa=0.000 fnGround=0 omega=20.66 | ftGround=0N target=-38.8 limit=268Nm motorNm=-268 tyreNm=0 inertia=2.91 limRot=0/-942/-674 omegaPre=21.22 posN=12/-26/0 susp=-0.0584 springN=-155
INFO 2026-07-27 15:24:35.096 joltshadow - docs §70.1: slipdense (player) f=1332 w=2 grounded=0 kappa=0.000 fnGround=0 omega=23.68 | ftGround=0N target=-38.8 limit=268Nm motorNm=-268 tyreNm=0 inertia=2.91 limRot=0/-2/-15 omegaPre=24.23 posN=35/-33/0 susp=-0.1227 springN=282
INFO 2026-07-27 15:24:35.096 joltshadow - docs §70.1: slipdense (player) f=1332 w=3 grounded=1 kappa=-0.008 fnGround=1161 omega=25.48 | ftGround=-241N target=-38.8 limit=268Nm motorNm=-268 tyreNm=251 inertia=2.91 limRot=0/-68/-10 omegaPre=25.52 posN=33/144/0 susp=-0.2984 springN=1747
INFO 2026-07-27 15:24:35.096 joltshadow - docs §78: attdense (player) f=1332 joltTilt=11.77 odeTilt=11.03 upDelta=6.65 wBody=(-0.02,0.17,0.46) |w|=0.49 grounded=1
INFO 2026-07-27 15:24:35.118 joltshadow - docs §70.1: slipdense (player) f=1336 w=0 grounded=0 kappa=0.000 fnGround=0 omega=15.66 | ftGround=0N target=-38.8 limit=268Nm motorNm=-268 tyreNm=0 inertia=2.91 limRot=0/-1083/0 omegaPre=16.16 posN=-8/-46/0 susp=0.0050 springN=67
INFO 2026-07-27 15:24:35.119 joltshadow - docs §70.1: slipdense (player) f=1336 w=1 grounded=0 kappa=0.000 fnGround=0 omega=18.64 | ftGround=0N target=-38.8 limit=268Nm motorNm=-268 tyreNm=0 inertia=2.91 limRot=0/-1174/-174 omegaPre=19.10 posN=1/-22/0 susp=-0.0254 springN=-249
INFO 2026-07-27 15:24:35.119 joltshadow - docs §70.1: slipdense (player) f=1336 w=2 grounded=0 kappa=0.000 fnGround=0 omega=21.65 | ftGround=0N target=-38.8 limit=268Nm motorNm=-268 tyreNm=0 inertia=2.91 limRot=0/0/-15 omegaPre=22.11 posN=53/-43/0 susp=-0.0808 springN=-120
INFO 2026-07-27 15:24:35.119 joltshadow - docs §70.1: slipdense (player) f=1336 w=3 grounded=1 kappa=-0.009 fnGround=1174 omega=25.36 | ftGround=-264N target=-38.8 limit=268Nm motorNm=-268 tyreNm=255 inertia=2.91 limRot=0/-74/-14 omegaPre=25.39 posN=3/184/0 susp=-0.2674 springN=1454
INFO 2026-07-27 15:24:35.119 joltshadow - docs §78: attdense (player) f=1336 joltTilt=11.87 odeTilt=10.69 upDelta=6.28 wBody=(0.05,0.16,0.54) |w|=0.56 grounded=1
INFO 2026-07-27 15:24:35.143 joltshadow - docs §70.1: slipdense (player) f=1340 w=0 grounded=0 kappa=0.000 fnGround=0 omega=12.81 | ftGround=0N target=-23.3 limit=447Nm motorNm=-447 tyreNm=0 inertia=2.91 limRot=0/-937/-721 omegaPre=13.89 posN=34/-39/0 susp=-0.0025 springN=95
INFO 2026-07-27 15:24:35.144 joltshadow - docs §70.1: slipdense (player) f=1340 w=1 grounded=0 kappa=0.000 fnGround=0 omega=15.81 | ftGround=0N target=-23.3 limit=447Nm motorNm=-447 tyreNm=0 inertia=2.91 limRot=0/-1099/0 omegaPre=16.89 posN=37/-53/0 susp=0.0012 springN=-239
INFO 2026-07-27 15:24:35.144 joltshadow - docs §70.1: slipdense (player) f=1340 w=2 grounded=0 kappa=0.000 fnGround=0 omega=18.82 | ftGround=0N target=-23.3 limit=447Nm motorNm=-447 tyreNm=0 inertia=2.91 limRot=0/-2/-17 omegaPre=19.90 posN=32/-40/0 susp=-0.0358 springN=-296
INFO 2026-07-27 15:24:35.144 joltshadow - docs §70.1: slipdense (player) f=1340 w=3 grounded=1 kappa=-0.017 fnGround=1190 omega=24.94 | ftGround=-481N target=-23.3 limit=447Nm motorNm=-447 tyreNm=434 inertia=2.91 limRot=0/-135/-25 omegaPre=25.22 posN=-124/390/0 susp=-0.2282 springN=1143
INFO 2026-07-27 15:24:35.144 joltshadow - docs §78: attdense (player) f=1340 joltTilt=11.97 odeTilt=10.30 upDelta=5.79 wBody=(0.11,0.18,0.60) |w|=0.64 grounded=1
INFO 2026-07-27 15:24:35.169 joltshadow - docs §70.1: slipdense (player) f=1344 w=0 grounded=0 kappa=0.000 fnGround=0 omega=8.97 | ftGround=0N target=-23.3 limit=447Nm motorNm=-447 tyreNm=0 inertia=2.91 limRot=0/-1105/-427 omegaPre=10.05 posN=45/-34/0 susp=-0.0079 springN=101
INFO 2026-07-27 15:24:35.169 joltshadow - docs §70.1: slipdense (player) f=1344 w=1 grounded=0 kappa=0.000 fnGround=0 omega=11.94 | ftGround=0N target=-23.3 limit=447Nm motorNm=-447 tyreNm=0 inertia=2.91 limRot=0/-749/0 omegaPre=13.03 posN=40/-51/0 susp=0.0137 springN=-170
INFO 2026-07-27 15:24:35.169 joltshadow - docs §70.1: slipdense (player) f=1344 w=2 grounded=0 kappa=0.000 fnGround=0 omega=14.98 | ftGround=0N target=-23.3 limit=447Nm motorNm=-447 tyreNm=0 inertia=2.91 limRot=0/-2/-15 omegaPre=16.05 posN=27/-34/0 susp=-0.0065 springN=-296
INFO 2026-07-27 15:24:35.169 joltshadow - docs §70.1: slipdense (player) f=1344 w=3 grounded=1 kappa=-0.018 fnGround=1024 omega=24.60 | ftGround=-442N target=-23.3 limit=447Nm motorNm=-447 tyreNm=389 inertia=2.91 limRot=0/-183/-40 omegaPre=24.73 posN=-213/356/0 susp=-0.1920 springN=929
INFO 2026-07-27 15:24:35.169 joltshadow - docs §78: attdense (player) f=1344 joltTilt=12.06 odeTilt=9.94 upDelta=5.34 wBody=(0.17,0.20,0.64) |w|=0.69 grounded=1
INFO 2026-07-27 15:24:35.207 joltshadow - docs §70.1: slipdense (player) f=1348 w=0 grounded=0 kappa=0.000 fnGround=0 omega=3.29 | ftGround=0N target=-23.3 limit=447Nm motorNm=-447 tyreNm=0 inertia=2.91 limRot=0/-1185/-152 omegaPre=4.83 posN=-210/-334/0 susp=-0.0116 springN=79
INFO 2026-07-27 15:24:35.207 joltshadow - docs §70.1: slipdense (player) f=1348 w=1 grounded=1 kappa=-0.731 fnGround=2433 omega=10.06 | ftGround=-4136N target=-23.3 limit=447Nm motorNm=-447 tyreNm=3403 inertia=2.91 limRot=0/2757/0 omegaPre=7.70 posN=2597/4565/0 susp=0.0137 springN=121
INFO 2026-07-27 15:24:35.207 joltshadow - docs §70.1: slipdense (player) f=1348 w=2 grounded=0 kappa=0.000 fnGround=0 omega=9.29 | ftGround=0N target=-23.3 limit=447Nm motorNm=-447 tyreNm=0 inertia=2.91 limRot=0/-8/-7 omegaPre=10.83 posN=-114/-332/0 susp=0.0125 springN=-196
INFO 2026-07-27 15:24:35.208 joltshadow - docs §70.1: slipdense (player) f=1348 w=3 grounded=1 kappa=-0.033 fnGround=642 omega=23.83 | ftGround=-483N target=-23.3 limit=447Nm motorNm=-447 tyreNm=389 inertia=2.91 limRot=0/-176/-42 omegaPre=24.03 posN=-337/193/0 susp=-0.1422 springN=570
INFO 2026-07-27 15:24:35.208 joltshadow - docs §78: attdense (player) f=1348 joltTilt=12.23 odeTilt=9.58 upDelta=4.79 wBody=(0.24,0.18,0.67) |w|=0.74 grounded=2
INFO 2026-07-27 15:24:35.238 joltshadow - docs §70.1: slipdense (player) f=1352 w=0 grounded=0 kappa=0.000 fnGround=0 omega=-4.58 | ftGround=0N target=-14.5 limit=716Nm motorNm=-716 tyreNm=0 inertia=2.91 limRot=0/-1179/-158 omegaPre=-2.86 posN=4/-151/0 susp=-0.0089 springN=4
INFO 2026-07-27 15:24:35.238 joltshadow - docs §70.1: slipdense (player) f=1352 w=1 grounded=1 kappa=-0.100 fnGround=1155 omega=22.55 | ftGround=-1806N target=-14.5 limit=716Nm motorNm=-716 tyreNm=1443 inertia=2.91 limRot=0/584/0 omegaPre=20.59 posN=868/1919/0 susp=-0.0571 springN=1043
INFO 2026-07-27 15:24:35.238 joltshadow - docs §70.1: slipdense (player) f=1352 w=2 grounded=0 kappa=0.000 fnGround=0 omega=1.42 | ftGround=0N target=-14.5 limit=716Nm motorNm=-716 tyreNm=0 inertia=2.91 limRot=0/2/-2 omegaPre=3.14 posN=-22/-145/0 susp=0.0168 springN=-139
INFO 2026-07-27 15:24:35.238 joltshadow - docs §70.1: slipdense (player) f=1352 w=3 grounded=1 kappa=-0.096 fnGround=382 omega=21.19 | ftGround=-588N target=-14.5 limit=716Nm motorNm=-716 tyreNm=461 inertia=2.91 limRot=0/-220/-57 omegaPre=21.78 posN=-332/437/0 susp=-0.1014 springN=288
INFO 2026-07-27 15:24:35.238 joltshadow - docs §78: attdense (player) f=1352 joltTilt=12.41 odeTilt=9.46 upDelta=4.42 wBody=(0.28,0.17,0.68) |w|=0.76 grounded=2
INFO 2026-07-27 15:24:35.263 joltshadow - docs §70.1: slipdense (player) f=1356 w=0 grounded=1 kappa=-1.421 fnGround=5694 omega=-1.96 | ftGround=-8076N target=-23.3 limit=447Nm motorNm=-447 tyreNm=6272 inertia=2.91 limRot=0/-7300/-781 omegaPre=-7.50 posN=-1722/12284/0 susp=-0.0128 springN=969
INFO 2026-07-27 15:24:35.263 joltshadow - docs §70.1: slipdense (player) f=1356 w=1 grounded=1 kappa=-0.017 fnGround=1179 omega=23.43 | ftGround=-489N target=-23.3 limit=447Nm motorNm=-447 tyreNm=426 inertia=2.91 limRot=0/245/0 omegaPre=23.47 posN=112/77/0 susp=-0.1125 springN=1313
INFO 2026-07-27 15:24:35.263 joltshadow - docs §70.1: slipdense (player) f=1356 w=2 grounded=0 kappa=0.000 fnGround=0 omega=-2.42 | ftGround=0N target=-23.3 limit=447Nm motorNm=-447 tyreNm=0 inertia=2.91 limRot=0/17/17 omegaPre=-1.50 posN=303/-919/0 susp=0.0147 springN=-64
INFO 2026-07-27 15:24:35.263 joltshadow - docs §70.1: slipdense (player) f=1356 w=3 grounded=1 kappa=-0.130 fnGround=170 omega=20.15 | ftGround=-291N target=-23.3 limit=447Nm motorNm=-447 tyreNm=229 inertia=2.91 limRot=0/-98/-27 omegaPre=20.58 posN=139/-308/0 susp=-0.0696 springN=32
INFO 2026-07-27 15:24:35.263 joltshadow - docs §78: attdense (player) f=1356 joltTilt=12.68 odeTilt=9.56 upDelta=4.19 wBody=(0.26,0.13,0.77) |w|=0.83 grounded=3
INFO 2026-07-27 15:24:35.285 joltshadow - docs §70.1: slipdense (player) f=1360 w=0 grounded=1 kappa=-0.723 fnGround=1141 omega=5.91 | ftGround=-1615N target=-23.3 limit=447Nm motorNm=-447 tyreNm=1261 inertia=2.91 limRot=0/-4464/-803 omegaPre=4.49 posN=-436/2454/0 susp=-0.1010 springN=1737
INFO 2026-07-27 15:24:35.285 joltshadow - docs §70.1: slipdense (player) f=1360 w=1 grounded=1 kappa=-0.015 fnGround=1202 omega=22.78 | ftGround=-461N target=-23.3 limit=447Nm motorNm=-447 tyreNm=388 inertia=2.91 limRot=0/-58/0 omegaPre=22.88 posN=-50/514/0 susp=-0.1518 springN=1373
INFO 2026-07-27 15:24:35.285 joltshadow - docs §70.1: slipdense (player) f=1360 w=2 grounded=0 kappa=0.000 fnGround=0 omega=-5.80 | ftGround=0N target=-23.3 limit=447Nm motorNm=-447 tyreNm=0 inertia=2.91 limRot=0/2/8 omegaPre=-5.03 posN=50/-166/0 susp=0.0124 springN=-71
INFO 2026-07-27 15:24:35.285 joltshadow - docs §70.1: slipdense (player) f=1360 w=3 grounded=1 kappa=-0.225 fnGround=0 omega=17.18 | ftGround=0N target=-23.3 limit=447Nm motorNm=-447 tyreNm=0 inertia=2.91 limRot=0/-2/-19 omegaPre=17.95 posN=54/-143/0 susp=-0.0400 springN=-189
INFO 2026-07-27 15:24:35.285 joltshadow - docs §78: attdense (player) f=1360 joltTilt=13.10 odeTilt=9.97 upDelta=3.97 wBody=(0.16,0.09,0.80) |w|=0.82 grounded=3
INFO 2026-07-27 15:24:35.291 joltshadow - docs §82: resync (player) #21 dt=0.50s upMax=6.947 deg posMax=2.259 m odeTiltPath=9.864 deg gain=0.7043
INFO 2026-07-27 15:24:35.291 joltshadow - docs §87: resync landing (player) w=0 pre=0.0332 post=0.0438 m R=0.727 dY=-0.4460 dRotDeg=5.49 |corr|=2.2585 m
INFO 2026-07-27 15:24:35.291 joltshadow - docs §87: resync landing (player) w=1 pre=0.0323 post=0.0311 m R=0.727 dY=-0.4460 dRotDeg=5.49 |corr|=2.2585 m
INFO 2026-07-27 15:24:35.291 joltshadow - docs §87: resync landing (player) w=2 pre=0.1762 post=0.0536 m R=0.727 dY=-0.4460 dRotDeg=5.49 |corr|=2.2585 m
INFO 2026-07-27 15:24:35.291 joltshadow - docs §87: resync landing (player) w=3 pre=0.0128 post=0.0313 m R=0.727 dY=-0.4460 dRotDeg=5.49 |corr|=2.2585 m
INFO 2026-07-27 15:24:35.291 joltshadow - docs §82: resync RESIDUAL (player) #21 pos=0.0000 m up=0.0000 deg
INFO 2026-07-27 15:24:35.309 joltshadow - docs §70.1: slipdense (player) f=1364 w=0 grounded=1 kappa=0.043 fnGround=1118 omega=12.46 | ftGround=619N target=23.3 limit=447Nm motorNm=447 tyreNm=-456 inertia=2.91 limRot=0/-4861/0 omegaPre=11.66 posN=-2153/1028/0 susp=-0.0994 springN=1325
INFO 2026-07-27 15:24:35.309 joltshadow - docs §70.1: slipdense (player) f=1364 w=1 grounded=1 kappa=0.275 fnGround=1108 omega=16.94 | ftGround=1905N target=23.3 limit=447Nm motorNm=447 tyreNm=-1374 inertia=2.91 limRot=0/586/0 omegaPre=18.86 posN=1242/-1654/0 susp=-0.1764 springN=1306
INFO 2026-07-27 15:24:35.309 joltshadow - docs §70.1: slipdense (player) f=1364 w=2 grounded=0 kappa=0.000 fnGround=0 omega=-5.58 | ftGround=0N target=23.3 limit=447Nm motorNm=447 tyreNm=0 inertia=2.91 limRot=0/3/6 omegaPre=-6.50 posN=82/62/0 susp=-0.0488 springN=148
INFO 2026-07-27 15:24:35.309 joltshadow - docs §70.1: slipdense (player) f=1364 w=3 grounded=0 kappa=0.000 fnGround=0 omega=17.41 | ftGround=0N target=23.3 limit=447Nm motorNm=447 tyreNm=0 inertia=2.91 limRot=0/1/-14 omegaPre=16.49 posN=71/77/0 susp=-0.0372 springN=67
INFO 2026-07-27 15:24:35.309 joltshadow - docs §78: attdense (player) f=1364 joltTilt=10.73 odeTilt=10.78 upDelta=0.08 wBody=(-0.17,0.07,0.60) |w|=0.63 grounded=2
INFO 2026-07-27 15:24:35.333 joltshadow - docs §70.1: slipdense (player) f=1368 w=0 grounded=1 kappa=0.040 fnGround=1121 omega=12.00 | ftGround=662N target=23.3 limit=447Nm motorNm=447 tyreNm=-496 inertia=2.91 limRot=0/-4621/0 omegaPre=12.18 posN=-2330/815/0 susp=-0.1472 springN=1370
INFO 2026-07-27 15:24:35.333 joltshadow - docs §70.1: slipdense (player) f=1368 w=1 grounded=1 kappa=0.031 fnGround=1140 omega=14.33 | ftGround=658N target=23.3 limit=447Nm motorNm=447 tyreNm=-460 inertia=2.91 limRot=0/27/0 omegaPre=14.44 posN=1487/-377/0 susp=-0.1863 springN=1150
INFO 2026-07-27 15:24:35.333 joltshadow - docs §70.1: slipdense (player) f=1368 w=2 grounded=1 kappa=-0.323 fnGround=1060 omega=11.09 | ftGround=-1987N target=23.3 limit=447Nm motorNm=447 tyreNm=1554 inertia=2.91 limRot=0/557/147 omegaPre=7.50 posN=825/2026/0 susp=-0.0519 springN=703
INFO 2026-07-27 15:24:35.333 joltshadow - docs §70.1: slipdense (player) f=1368 w=3 grounded=1 kappa=0.248 fnGround=665 omega=16.48 | ftGround=1247N target=23.3 limit=447Nm motorNm=447 tyreNm=-957 inertia=2.91 limRot=0/360/56 omegaPre=17.49 posN=399/-1362/0 susp=-0.0283 springN=267
INFO 2026-07-27 15:24:35.333 joltshadow - docs §78: attdense (player) f=1368 joltTilt=11.60 odeTilt=11.78 upDelta=0.30 wBody=(-0.32,0.05,0.56) |w|=0.64 grounded=4
INFO 2026-07-27 15:24:35.364 joltshadow - docs §70.1: slipdense (player) f=1372 w=0 grounded=1 kappa=0.014 fnGround=1206 omega=14.23 | ftGround=227N target=23.3 limit=447Nm motorNm=447 tyreNm=-127 inertia=2.91 limRot=0/197/0 omegaPre=13.00 posN=-2344/361/0 susp=-0.1795 springN=1264
INFO 2026-07-27 15:24:35.364 joltshadow - docs §70.1: slipdense (player) f=1372 w=1 grounded=1 kappa=0.051 fnGround=950 omega=13.93 | ftGround=735N target=23.3 limit=447Nm motorNm=447 tyreNm=-561 inertia=2.91 limRot=0/30/0 omegaPre=14.28 posN=2061/540/0 susp=-0.1764 springN=865
INFO 2026-07-27 15:24:35.364 joltshadow - docs §70.1: slipdense (player) f=1372 w=2 grounded=1 kappa=0.038 fnGround=820 omega=14.45 | ftGround=598N target=23.3 limit=447Nm motorNm=447 tyreNm=-426 inertia=2.91 limRot=0/60/-29 omegaPre=14.34 posN=111/-606/0 susp=-0.0727 springN=736
INFO 2026-07-27 15:24:35.364 joltshadow - docs §70.1: slipdense (player) f=1372 w=3 grounded=1 kappa=0.150 fnGround=373 omega=15.45 | ftGround=661N target=23.3 limit=447Nm motorNm=447 tyreNm=-512 inertia=2.91 limRot=0/-5/33 omegaPre=15.59 posN=-71/-697/0 susp=-0.0362 springN=356
INFO 2026-07-27 15:24:35.364 joltshadow - docs §78: attdense (player) f=1372 joltTilt=12.71 odeTilt=12.98 upDelta=0.60 wBody=(-0.48,0.11,0.46) |w|=0.68 grounded=4
INFO 2026-07-27 15:24:35.404 joltshadow - docs §70.1: slipdense (player) f=1376 w=0 grounded=1 kappa=0.031 fnGround=983 omega=14.55 | ftGround=646N target=23.3 limit=447Nm motorNm=447 tyreNm=-444 inertia=2.91 limRot=0/-339/0 omegaPre=14.60 posN=-482/-457/0 susp=-0.1813 springN=968
INFO 2026-07-27 15:24:35.404 joltshadow - docs §70.1: slipdense (player) f=1376 w=1 grounded=1 kappa=0.041 fnGround=594 omega=12.81 | ftGround=479N target=23.3 limit=447Nm motorNm=447 tyreNm=-358 inertia=2.91 limRot=0/345/-2001 omegaPre=12.55 posN=1172/450/0 susp=-0.1369 springN=455
INFO 2026-07-27 15:24:35.404 joltshadow - docs §70.1: slipdense (player) f=1376 w=2 grounded=1 kappa=0.032 fnGround=869 omega=14.50 | ftGround=614N target=23.3 limit=447Nm motorNm=447 tyreNm=-434 inertia=2.91 limRot=0/-272/-55 omegaPre=14.49 posN=-325/-643/0 susp=-0.0868 springN=741
INFO 2026-07-27 15:24:35.404 joltshadow - docs §70.1: slipdense (player) f=1376 w=3 grounded=1 kappa=0.047 fnGround=574 omega=14.87 | ftGround=558N target=23.3 limit=447Nm motorNm=447 tyreNm=-434 inertia=2.91 limRot=0/-240/36 omegaPre=14.84 posN=-383/-503/0 susp=-0.0466 springN=478
INFO 2026-07-27 15:24:35.404 joltshadow - docs §78: attdense (player) f=1376 joltTilt=14.20 odeTilt=14.20 upDelta=0.73 wBody=(-0.66,-0.05,0.32) |w|=0.74 grounded=4
INFO 2026-07-27 15:24:35.431 joltshadow - docs §70.1: slipdense (player) f=1380 w=0 grounded=1 kappa=0.035 fnGround=772 omega=14.82 | ftGround=592N target=23.3 limit=447Nm motorNm=447 tyreNm=-413 inertia=2.91 limRot=0/-515/0 omegaPre=14.80 posN=-670/-398/0 susp=-0.1628 springN=725
INFO 2026-07-27 15:24:35.431 joltshadow - docs §70.1: slipdense (player) f=1380 w=1 grounded=1 kappa=0.139 fnGround=176 omega=14.41 | ftGround=231N target=23.3 limit=447Nm motorNm=447 tyreNm=-172 inertia=2.91 limRot=0/352/-1220 omegaPre=13.87 posN=443/76/0 susp=-0.0971 springN=111
INFO 2026-07-27 15:24:35.432 joltshadow - docs §70.1: slipdense (player) f=1380 w=2 grounded=1 kappa=0.032 fnGround=875 omega=14.82 | ftGround=592N target=23.3 limit=447Nm motorNm=447 tyreNm=-411 inertia=2.91 limRot=0/-218/-53 omegaPre=14.82 posN=-235/-580/0 susp=-0.0920 springN=753
INFO 2026-07-27 15:24:35.432 joltshadow - docs §70.1: slipdense (player) f=1380 w=3 grounded=1 kappa=0.040 fnGround=628 omega=15.15 | ftGround=543N target=23.3 limit=447Nm motorNm=447 tyreNm=-420 inertia=2.91 limRot=0/-242/28 omegaPre=15.09 posN=-375/-530/0 susp=-0.0561 springN=559
INFO 2026-07-27 15:24:35.432 joltshadow - docs §78: attdense (player) f=1380 joltTilt=15.27 odeTilt=14.76 upDelta=0.88 wBody=(-0.75,-0.05,0.30) |w|=0.81 grounded=4
INFO 2026-07-27 15:24:35.432 joltshadow - Shadow divergence (player): pos=1.503m vel=3.308m/s angle=0.9deg (jolt com=[4651.2 264.5 1169.3] ode com=[4650.8 263.2 1168.8])
INFO 2026-07-27 15:24:35.432 joltshadow - docs §23.6: driver input (player) realThrottle=10.00 brake=0.01 handBrake=0 steerRad=0.000
INFO 2026-07-27 15:24:35.432 joltshadow - docs §32: Jolt SHADOW chassis pitch (player) forward=(-0.191, 0.158, -0.969)
INFO 2026-07-27 15:24:35.432 joltshadow - docs §69: tilt (player) jolt=15.3 deg ode=14.8 deg delta=+0.5 deg upDelta=0.88 deg
INFO 2026-07-27 15:24:35.432 joltshadow - docs §32.4: Jolt SHADOW chassis lowest corner (player) = (4653.21,263.55,1172.19) clearanceToGround=0.856
INFO 2026-07-27 15:24:35.432 joltshadow - docs §23.5: wheel state (player) wheel=0 contact=0 suspLen=1.050 (range 0.050-1.050, 0% compressed) angVel=0.00
INFO 2026-07-27 15:24:35.432 joltshadow - docs §38.11: wheel=0 NO contact, worldAxle=(0.952,-0.211,-0.222)
INFO 2026-07-27 15:24:35.432 joltshadow - docs §32: no-contact raycast (player) wheel=0 bodyPos=(4651.04,264.56,1168.69) localMPos=(-1.367,-0.436,2.663) origin=(4651.73,264.27,1165.75) dir=(-0.239,-0.965,-0.110) normalRayLen=1.777 groundFoundAt=0.000 shortfallBeyondTravel=-1.777 hitBody=8391036 hitLayer=4 hitMotion=2 hitIsSelfChassis=0
INFO 2026-07-27 15:24:35.432 joltshadow - docs §23.5: wheel state (player) wheel=1 contact=0 suspLen=1.050 (range 0.050-1.050, 0% compressed) angVel=0.00
INFO 2026-07-27 15:24:35.432 joltshadow - docs §38.11: wheel=1 NO contact, worldAxle=(0.952,-0.211,-0.222)
INFO 2026-07-27 15:24:35.432 joltshadow - docs §32: no-contact raycast (player) wheel=1 bodyPos=(4651.04,264.56,1168.69) localMPos=(1.369,-0.436,2.663) origin=(4649.12,264.85,1166.36) dir=(-0.239,-0.965,-0.110) normalRayLen=1.777 groundFoundAt=0.000 shortfallBeyondTravel=-1.777 hitBody=8391037 hitLayer=4 hitMotion=2 hitIsSelfChassis=0
INFO 2026-07-27 15:24:35.432 joltshadow - docs §23.5: wheel state (player) wheel=2 contact=0 suspLen=1.050 (range 0.050-1.050, 0% compressed) angVel=0.00
INFO 2026-07-27 15:24:35.432 joltshadow - docs §38.11: wheel=2 NO contact, worldAxle=(0.952,-0.211,-0.222)
INFO 2026-07-27 15:24:35.432 joltshadow - docs §32: no-contact raycast (player) wheel=2 bodyPos=(4651.04,264.56,1168.69) localMPos=(-1.367,-0.436,-1.944) origin=(4652.61,263.55,1170.22) dir=(-0.239,-0.965,-0.110) normalRayLen=1.777 groundFoundAt=0.000 shortfallBeyondTravel=-1.777 hitBody=8391038 hitLayer=4 hitMotion=2 hitIsSelfChassis=0
INFO 2026-07-27 15:24:35.432 joltshadow - docs §23.5: wheel state (player) wheel=3 contact=0 suspLen=1.050 (range 0.050-1.050, 0% compressed) angVel=0.00
INFO 2026-07-27 15:24:35.432 joltshadow - docs §38.11: wheel=3 NO contact, worldAxle=(0.952,-0.211,-0.222)
INFO 2026-07-27 15:24:35.433 joltshadow - docs §32: no-contact raycast (player) wheel=3 bodyPos=(4651.04,264.56,1168.69) localMPos=(1.369,-0.436,-1.944) origin=(4650.00,264.12,1170.82) dir=(-0.239,-0.965,-0.110) normalRayLen=1.777 groundFoundAt=0.000 shortfallBeyondTravel=-1.777 hitBody=8391039 hitLayer=4 hitMotion=2 hitIsSelfChassis=0
INFO 2026-07-27 15:24:35.433 joltshadow - docs §59/63: harvest (player) wheelsWithContact=4 contactPoints=8 overflow=0 (of 4) | maxNormalF=875N bound(k_t*tau)=1229N ratio=0.71
INFO 2026-07-27 15:24:35.433 joltshadow - docs §58: wheel body (player) w=0 springF=725N stopF=0N travel=-0.1628 (limits -0.5000..0.5000 rel spawn) kSusp=6000 sagPredicted=0.1209 | frameTrav=-0.1653..-0.1628 frameStopN=0
INFO 2026-07-27 15:24:35.433 joltshadow - docs §66: tyre band (player) w=0 fnGround=772N fnTotal=792N pen=0.00712 penRaw=0.00712 tau=0.01024 pen/tau=0.70 | recs tyre=1 rim=1 survived=1 stale=0 distMax=0.99R
INFO 2026-07-27 15:24:35.433 joltshadow - docs §68: steer (player) w=0 steerable=1 commanded=0.000 rad measured=0.001 rad err=0.04 deg steerSign=-1 steerTq=64Nm cap=2386Nm sat=0.03
INFO 2026-07-27 15:24:35.433 joltshadow - docs §70: slip (player) w=0 grounded=1 kappa=0.035 fnGround=772N omega=14.82
INFO 2026-07-27 15:24:35.433 joltshadow - docs §67: spin (player) w=0 driven=1 omega=14.82 rad/s surfaceSpeed=10.78 m/s spinSign=+1 motorTq=447Nm cmdTq=447Nm
INFO 2026-07-27 15:24:35.433 joltshadow - docs §58: wheel body (player) w=1 springF=111N stopF=0N travel=-0.0971 (limits -0.5000..0.5000 rel spawn) kSusp=6000 sagPredicted=0.0185 | frameTrav=-0.1018..-0.0971 frameStopN=0
INFO 2026-07-27 15:24:35.433 joltshadow - docs §66: tyre band (player) w=1 fnGround=176N fnTotal=186N pen=0.00272 penRaw=0.00272 tau=0.01024 pen/tau=0.27 | recs tyre=1 rim=1 survived=1 stale=0 distMax=1.00R
INFO 2026-07-27 15:24:35.433 joltshadow - docs §68: steer (player) w=1 steerable=1 commanded=0.000 rad measured=-0.611 rad err=-35.00 deg steerSign=-1 steerTq=-1192Nm cap=1192Nm sat=1.00
INFO 2026-07-27 15:24:35.433 joltshadow - docs §70: slip (player) w=1 grounded=1 kappa=0.139 fnGround=176N omega=14.41
INFO 2026-07-27 15:24:35.433 joltshadow - docs §67: spin (player) w=1 driven=1 omega=14.41 rad/s surfaceSpeed=10.48 m/s spinSign=+1 motorTq=447Nm cmdTq=447Nm
INFO 2026-07-27 15:24:35.433 joltshadow - docs §58: wheel body (player) w=2 springF=753N stopF=0N travel=-0.0920 (limits -0.5000..0.5000 rel spawn) kSusp=7500 sagPredicted=0.1004 | frameTrav=-0.0920..-0.0915 frameStopN=0
INFO 2026-07-27 15:24:35.433 joltshadow - docs §66: tyre band (player) w=2 fnGround=875N fnTotal=901N pen=0.00765 penRaw=0.00765 tau=0.01024 pen/tau=0.75 | recs tyre=1 rim=1 survived=1 stale=0 distMax=0.99R
INFO 2026-07-27 15:24:35.433 joltshadow - docs §68: steer (player) w=2 steerable=0 commanded=0.000 rad measured=-0.000 rad err=-0.00 deg steerSign=-1 steerTq=0Nm cap=340282346638528859811704183484516925440Nm sat=0.00
INFO 2026-07-27 15:24:35.433 joltshadow - docs §70: slip (player) w=2 grounded=1 kappa=0.032 fnGround=875N omega=14.82
INFO 2026-07-27 15:24:35.433 joltshadow - docs §67: spin (player) w=2 driven=1 omega=14.82 rad/s surfaceSpeed=10.78 m/s spinSign=+1 motorTq=447Nm cmdTq=447Nm
INFO 2026-07-27 15:24:35.433 joltshadow - docs §58: wheel body (player) w=3 springF=559N stopF=0N travel=-0.0561 (limits -0.5000..0.5000 rel spawn) kSusp=7500 sagPredicted=0.0745 | frameTrav=-0.0561..-0.0550 frameStopN=0
INFO 2026-07-27 15:24:35.433 joltshadow - docs §66: tyre band (player) w=3 fnGround=628N fnTotal=712N pen=0.00593 penRaw=0.00593 tau=0.01024 pen/tau=0.58 | recs tyre=1 rim=1 survived=1 stale=0 distMax=0.99R
INFO 2026-07-27 15:24:35.433 joltshadow - docs §68: steer (player) w=3 steerable=0 commanded=0.000 rad measured=-0.000 rad err=-0.00 deg steerSign=-1 steerTq=0Nm cap=340282346638528859811704183484516925440Nm sat=0.00
INFO 2026-07-27 15:24:35.433 joltshadow - docs §70: slip (player) w=3 grounded=1 kappa=0.040 fnGround=628N omega=15.15
INFO 2026-07-27 15:24:35.433 joltshadow - docs §67: spin (player) w=3 driven=1 omega=15.15 rad/s surfaceSpeed=11.02 m/s spinSign=+1 motorTq=447Nm cmdTq=447Nm
INFO 2026-07-27 15:24:35.433 joltshadow - docs §67: drivetrain (player) gear=1 rpm=3776 driveTorque=1800Nm perWheel=450Nm driven=4 throttle=1.00 spin=1 | PRE-STEP brake=0.01 handBrake=0
INFO 2026-07-27 15:24:35.433 joltshadow - docs §66: tyre band SUM (player) fnGroundSum=2452N fnTotalSum=2590N weight=1638N carried=1.58 | penSum=0.02343 recs tyre=4 rim=4 stale=0
INFO 2026-07-27 15:24:35.433 joltshadow - docs §30: REAL ODE chassis COM (player) body=53396828 = (4650.809, 263.158, 1168.839) forward=(-0.193, 0.162, -0.968)
INFO 2026-07-27 15:24:35.433 joltshadow - docs §33: real ODE chassis geom (player) #1 = class 0 (not a transform) pos=(4650.809,263.158,1168.839) radius=4.000
INFO 2026-07-27 15:24:35.433 joltshadow - docs §33: real ODE chassis geom (player) #2 = transform, inner class=1 pos=(0.000,3.010,-1.827)
INFO 2026-07-27 15:24:35.433 joltshadow - docs §33: real ODE chassis geom (player) #3 = transform, inner class=1 pos=(0.013,2.455,4.253)
INFO 2026-07-27 15:24:35.434 joltshadow - docs §33: real ODE chassis geom (player) #4 = transform, inner class=1 pos=(0.000,2.778,2.038)
INFO 2026-07-27 15:24:35.434 joltshadow - docs §33: real ODE chassis geom (player) #5 = transform, inner class=1 pos=(0.000,1.675,0.000)
INFO 2026-07-27 15:24:35.434 joltshadow - docs §33: real ODE chassis geom (player) #6 = class 0 (not a transform) pos=(4650.809,263.158,1168.839) radius=30.000
INFO 2026-07-27 15:24:35.434 joltshadow - docs §33: real ODE chassis geom (player) #7 = class 0 (not a transform) pos=(4650.809,263.158,1168.839) radius=8.161
INFO 2026-07-27 15:24:35.434 joltshadow - docs §33: real ODE chassis geom (player) #8 = class 0 (not a transform) pos=(4650.809,263.158,1168.839) radius=200.000
INFO 2026-07-27 15:24:35.434 joltshadow - docs §33: real ODE chassis (player) has 8 total geom(s) directly attached (4 transform(s)) - compare against BuildChassisCompoundShape's own part/geom count in the build log
INFO 2026-07-27 15:24:35.434 joltshadow - docs §28: REAL ODE wheel state (player) wheel=0 displacement=0.0371 range=1.000 (4% compressed, signed) foreAft=2.663 localZ=2.663 cfm=0.002500 erp=0.2500
INFO 2026-07-27 15:24:35.434 joltshadow - docs §28: REAL ODE wheel state (player) wheel=1 displacement=0.0003 range=1.000 (0% compressed, signed) foreAft=2.663 localZ=2.663 cfm=0.002500 erp=0.2500
INFO 2026-07-27 15:24:35.434 joltshadow - docs §28: REAL ODE wheel state (player) wheel=2 displacement=0.0625 range=1.000 (6% compressed, signed) foreAft=-1.944 localZ=-1.944 cfm=0.002000 erp=0.2500
INFO 2026-07-27 15:24:35.434 joltshadow - docs §28: REAL ODE wheel state (player) wheel=3 displacement=0.0397 range=1.000 (4% compressed, signed) foreAft=-1.944 localZ=-1.944 cfm=0.002000 erp=0.2500
INFO 2026-07-27 15:24:35.460 joltshadow - docs §70.1: slipdense (player) f=1384 w=0 grounded=1 kappa=0.048 fnGround=547 omega=15.34 | ftGround=540N target=23.3 limit=447Nm motorNm=447 tyreNm=-387 inertia=2.91 limRot=0/-238/0 omegaPre=15.17 posN=-298/-391/0 susp=-0.1346 springN=494
INFO 2026-07-27 15:24:35.461 joltshadow - docs §70.1: slipdense (player) f=1384 w=1 grounded=0 kappa=0.000 fnGround=0 omega=18.46 | ftGround=0N target=23.3 limit=447Nm motorNm=447 tyreNm=0 inertia=2.91 limRot=0/681/-998 omegaPre=17.23 posN=75/89/0 susp=-0.0474 springN=-223
INFO 2026-07-27 15:24:35.461 joltshadow - docs §70.1: slipdense (player) f=1384 w=2 grounded=1 kappa=0.029 fnGround=922 omega=15.18 | ftGround=596N target=23.3 limit=447Nm motorNm=447 tyreNm=-411 inertia=2.91 limRot=0/-167/-44 omegaPre=15.11 posN=-178/-604/0 susp=-0.0953 springN=763
INFO 2026-07-27 15:24:35.461 joltshadow - docs §70.1: slipdense (player) f=1384 w=3 grounded=1 kappa=0.036 fnGround=693 omega=15.38 | ftGround=541N target=23.3 limit=447Nm motorNm=447 tyreNm=-422 inertia=2.91 limRot=0/-214/30 omegaPre=15.32 posN=-358/-558/0 susp=-0.0665 springN=638
INFO 2026-07-27 15:24:35.461 joltshadow - docs §78: attdense (player) f=1384 joltTilt=16.46 odeTilt=15.13 upDelta=1.45 wBody=(-0.80,-0.02,0.29) |w|=0.85 grounded=3
INFO 2026-07-27 15:24:35.499 joltshadow - docs §70.1: slipdense (player) f=1388 w=0 grounded=1 kappa=0.098 fnGround=279 omega=16.56 | ftGround=431N target=23.3 limit=447Nm motorNm=447 tyreNm=-315 inertia=2.91 limRot=0/-63/0 omegaPre=16.14 posN=-85/-336/0 susp=-0.0915 springN=221
INFO 2026-07-27 15:24:35.499 joltshadow - docs §70.1: slipdense (player) f=1388 w=1 grounded=0 kappa=0.000 fnGround=0 omega=22.76 | ftGround=0N target=23.3 limit=447Nm motorNm=1 tyreNm=0 inertia=2.91 limRot=0/1181/-185 omegaPre=22.76 posN=39/83/0 susp=0.0060 springN=-329
INFO 2026-07-27 15:24:35.499 joltshadow - docs §70.1: slipdense (player) f=1388 w=2 grounded=1 kappa=0.035 fnGround=957 omega=15.73 | ftGround=620N target=23.3 limit=447Nm motorNm=447 tyreNm=-415 inertia=2.91 limRot=0/-134/-39 omegaPre=15.56 posN=-138/-665/0 susp=-0.0981 springN=759
INFO 2026-07-27 15:24:35.499 joltshadow - docs §70.1: slipdense (player) f=1388 w=3 grounded=1 kappa=0.035 fnGround=815 omega=15.76 | ftGround=543N target=23.3 limit=447Nm motorNm=447 tyreNm=-417 inertia=2.91 limRot=0/-244/23 omegaPre=15.61 posN=-422/-593/0 susp=-0.0811 springN=750
INFO 2026-07-27 15:24:35.499 joltshadow - docs §78: attdense (player) f=1388 joltTilt=18.10 odeTilt=15.53 upDelta=2.58 wBody=(-0.81,-0.01,0.26) |w|=0.85 grounded=3
INFO 2026-07-27 15:24:35.529 joltshadow - docs §70.1: slipdense (player) f=1392 w=0 grounded=1 kappa=0.199 fnGround=150 omega=18.47 | ftGround=279N target=23.3 limit=447Nm motorNm=447 tyreNm=-207 inertia=2.91 limRot=0/-7/0 omegaPre=17.91 posN=-51/-213/0 susp=-0.0589 springN=53
INFO 2026-07-27 15:24:35.529 joltshadow - docs §70.1: slipdense (player) f=1392 w=1 grounded=0 kappa=0.000 fnGround=0 omega=22.74 | ftGround=0N target=23.3 limit=447Nm motorNm=-4 tyreNm=0 inertia=2.91 limRot=0/863/0 omegaPre=22.76 posN=13/73/0 susp=0.0255 springN=-268
INFO 2026-07-27 15:24:35.529 joltshadow - docs §70.1: slipdense (player) f=1392 w=2 grounded=1 kappa=0.037 fnGround=974 omega=16.05 | ftGround=638N target=23.3 limit=447Nm motorNm=447 tyreNm=-421 inertia=2.91 limRot=0/-70/-24 omegaPre=15.98 posN=-49/-718/0 susp=-0.0988 springN=760
INFO 2026-07-27 15:24:35.529 joltshadow - docs §70.1: slipdense (player) f=1392 w=3 grounded=1 kappa=0.033 fnGround=926 omega=16.14 | ftGround=471N target=23.3 limit=447Nm motorNm=447 tyreNm=-361 inertia=2.91 limRot=0/-220/27 omegaPre=16.01 posN=-438/-548/0 susp=-0.0931 springN=858
INFO 2026-07-27 15:24:35.530 joltshadow - docs §78: attdense (player) f=1392 joltTilt=19.39 odeTilt=15.83 upDelta=3.56 wBody=(-0.80,-0.02,0.27) |w|=0.84 grounded=3
INFO 2026-07-27 15:24:35.553 joltshadow - docs §70.1: slipdense (player) f=1396 w=0 grounded=1 kappa=0.370 fnGround=13 omega=21.28 | ftGround=26N target=23.3 limit=447Nm motorNm=447 tyreNm=-19 inertia=2.91 limRot=0/30/0 omegaPre=20.56 posN=28/23/0 susp=-0.0361 springN=-60
INFO 2026-07-27 15:24:35.553 joltshadow - docs §70.1: slipdense (player) f=1396 w=1 grounded=0 kappa=0.000 fnGround=0 omega=22.57 | ftGround=0N target=23.3 limit=447Nm motorNm=5 tyreNm=0 inertia=2.91 limRot=0/-730/0 omegaPre=22.62 posN=30/1/0 susp=0.0295 springN=-190
INFO 2026-07-27 15:24:35.554 joltshadow - docs §70.1: slipdense (player) f=1396 w=2 grounded=1 kappa=0.029 fnGround=1012 omega=16.08 | ftGround=657N target=23.3 limit=447Nm motorNm=447 tyreNm=-447 inertia=2.91 limRot=0/-86/-28 omegaPre=16.10 posN=-132/-787/0 susp=-0.0994 springN=772
INFO 2026-07-27 15:24:35.554 joltshadow - docs §70.1: slipdense (player) f=1396 w=3 grounded=1 kappa=0.163 fnGround=0 omega=18.40 | ftGround=0N target=23.3 limit=447Nm motorNm=447 tyreNm=0 inertia=2.91 limRot=0/1/-9 omegaPre=17.63 posN=-2/42/0 susp=-0.0896 springN=413
INFO 2026-07-27 15:24:35.554 joltshadow - docs §78: attdense (player) f=1396 joltTilt=20.43 odeTilt=16.08 upDelta=4.41 wBody=(-0.78,-0.02,0.28) |w|=0.83 grounded=3
INFO 2026-07-27 15:24:35.579 joltshadow - docs §70.1: slipdense (player) f=1400 w=0 grounded=0 kappa=0.000 fnGround=0 omega=23.67 | ftGround=0N target=38.8 limit=268Nm motorNm=268 tyreNm=0 inertia=2.91 limRot=0/-29/0 omegaPre=23.12 posN=0/55/0 susp=-0.0142 springN=-141
INFO 2026-07-27 15:24:35.579 joltshadow - docs §70.1: slipdense (player) f=1400 w=1 grounded=0 kappa=0.000 fnGround=0 omega=24.88 | ftGround=0N target=38.8 limit=268Nm motorNm=268 tyreNm=0 inertia=2.91 limRot=0/-66/0 omegaPre=24.33 posN=-8/47/0 susp=0.0273 springN=-105
INFO 2026-07-27 15:24:35.579 joltshadow - docs §70.1: slipdense (player) f=1400 w=2 grounded=1 kappa=0.019 fnGround=967 omega=16.09 | ftGround=387N target=38.8 limit=268Nm motorNm=268 tyreNm=-249 inertia=2.91 limRot=0/-154/-46 omegaPre=16.05 posN=-201/-527/0 susp=-0.1016 springN=810
INFO 2026-07-27 15:24:35.579 joltshadow - docs §70.1: slipdense (player) f=1400 w=3 grounded=1 kappa=0.050 fnGround=672 omega=16.40 | ftGround=686N target=38.8 limit=268Nm motorNm=268 tyreNm=-479 inertia=2.91 limRot=0/-96/-27 omegaPre=17.01 posN=-110/-733/0 susp=-0.0673 springN=224
INFO 2026-07-27 15:24:35.580 joltshadow - docs §78: attdense (player) f=1400 joltTilt=21.55 odeTilt=16.36 upDelta=5.35 wBody=(-0.77,-0.02,0.27) |w|=0.82 grounded=2
INFO 2026-07-27 15:24:35.606 joltshadow - docs §70.1: slipdense (player) f=1404 w=0 grounded=0 kappa=0.000 fnGround=0 omega=26.15 | ftGround=0N target=38.8 limit=268Nm motorNm=268 tyreNm=0 inertia=2.91 limRot=0/-353/0 omegaPre=25.60 posN=1/32/0 susp=0.0017 springN=-155
INFO 2026-07-27 15:24:35.606 joltshadow - docs §70.1: slipdense (player) f=1404 w=1 grounded=0 kappa=0.000 fnGround=0 omega=27.36 | ftGround=0N target=38.8 limit=268Nm motorNm=268 tyreNm=0 inertia=2.91 limRot=0/32/0 omegaPre=26.81 posN=-6/26/0 susp=0.0200 springN=-40
INFO 2026-07-27 15:24:35.606 joltshadow - docs §70.1: slipdense (player) f=1404 w=2 grounded=1 kappa=0.020 fnGround=1056 omega=16.22 | ftGround=404N target=38.8 limit=268Nm motorNm=268 tyreNm=-260 inertia=2.91 limRot=0/-197/-60 omegaPre=16.25 posN=-274/-607/0 susp=-0.1049 springN=840
INFO 2026-07-27 15:24:35.606 joltshadow - docs §70.1: slipdense (player) f=1404 w=3 grounded=1 kappa=0.046 fnGround=315 omega=16.69 | ftGround=304N target=38.8 limit=268Nm motorNm=268 tyreNm=-213 inertia=2.91 limRot=0/-53/-18 omegaPre=16.57 posN=-50/-309/0 susp=-0.0522 springN=183
INFO 2026-07-27 15:24:35.606 joltshadow - docs §78: attdense (player) f=1404 joltTilt=22.70 odeTilt=16.64 upDelta=6.35 wBody=(-0.76,-0.03,0.27) |w|=0.80 grounded=2
INFO 2026-07-27 15:24:35.643 joltshadow - docs §70.1: slipdense (player) f=1408 w=0 grounded=0 kappa=0.000 fnGround=0 omega=29.23 | ftGround=0N target=38.8 limit=268Nm motorNm=268 tyreNm=0 inertia=2.91 limRot=0/-1928/0 omegaPre=28.35 posN=3/14/0 susp=0.0138 springN=-148
INFO 2026-07-27 15:24:35.643 joltshadow - docs §70.1: slipdense (player) f=1408 w=1 grounded=0 kappa=0.000 fnGround=0 omega=30.68 | ftGround=0N target=38.8 limit=268Nm motorNm=268 tyreNm=0 inertia=2.91 limRot=0/25/0 omegaPre=29.67 posN=-2/16/0 susp=0.0124 springN=-14
INFO 2026-07-27 15:24:35.643 joltshadow - docs §70.1: slipdense (player) f=1408 w=2 grounded=1 kappa=0.028 fnGround=1126 omega=15.90 | ftGround=421N target=38.8 limit=268Nm motorNm=268 tyreNm=-280 inertia=2.91 limRot=0/-311/-12 omegaPre=16.29 posN=-591/-548/0 susp=-0.1465 springN=2132
INFO 2026-07-27 15:24:35.643 joltshadow - docs §70.1: slipdense (player) f=1408 w=3 grounded=1 kappa=0.065 fnGround=221 omega=17.23 | ftGround=274N target=38.8 limit=268Nm motorNm=268 tyreNm=-195 inertia=2.91 limRot=0/-39/-12 omegaPre=17.02 posN=-19/-275/0 susp=-0.0322 springN=35
INFO 2026-07-27 15:24:35.643 joltshadow - docs §78: attdense (player) f=1408 joltTilt=24.22 odeTilt=16.98 upDelta=7.66 wBody=(-0.73,-0.05,0.24) |w|=0.76 grounded=2
INFO 2026-07-27 15:24:35.678 joltshadow - docs §70.1: slipdense (player) f=1412 w=0 grounded=0 kappa=0.000 fnGround=0 omega=32.46 | ftGround=0N target=38.8 limit=268Nm motorNm=268 tyreNm=0 inertia=2.91 limRot=0/-42/0 omegaPre=31.76 posN=39/15/0 susp=0.0211 springN=-178
INFO 2026-07-27 15:24:35.679 joltshadow - docs §70.1: slipdense (player) f=1412 w=1 grounded=0 kappa=0.000 fnGround=0 omega=34.00 | ftGround=0N target=38.8 limit=268Nm motorNm=268 tyreNm=0 inertia=2.91 limRot=0/1/0 omegaPre=33.26 posN=38/-7/0 susp=0.0064 springN=6
INFO 2026-07-27 15:24:35.679 joltshadow - docs §70.1: slipdense (player) f=1412 w=2 grounded=1 kappa=0.019 fnGround=1120 omega=15.67 | ftGround=401N target=38.8 limit=268Nm motorNm=268 tyreNm=-280 inertia=2.91 limRot=0/-549/-35 omegaPre=15.70 posN=-979/-609/0 susp=-0.2372 springN=2642
INFO 2026-07-27 15:24:35.679 joltshadow - docs §70.1: slipdense (player) f=1412 w=3 grounded=1 kappa=0.199 fnGround=0 omega=19.47 | ftGround=0N target=38.8 limit=268Nm motorNm=268 tyreNm=0 inertia=2.91 limRot=0/-7/-4 omegaPre=18.77 posN=19/27/0 susp=-0.0114 springN=-130
INFO 2026-07-27 15:24:35.679 joltshadow - docs §78: attdense (player) f=1412 joltTilt=25.53 odeTilt=17.29 upDelta=8.79 wBody=(-0.66,-0.03,0.08) |w|=0.66 grounded=2
INFO 2026-07-27 15:24:35.705 joltshadow - docs §70.1: slipdense (player) f=1416 w=0 grounded=0 kappa=0.000 fnGround=0 omega=34.69 | ftGround=0N target=38.8 limit=268Nm motorNm=268 tyreNm=0 inertia=2.91 limRot=0/180/0 omegaPre=34.17 posN=-6/5/0 susp=0.0256 springN=-192
INFO 2026-07-27 15:24:35.705 joltshadow - docs §70.1: slipdense (player) f=1416 w=1 grounded=0 kappa=0.000 fnGround=0 omega=36.49 | ftGround=0N target=38.8 limit=268Nm motorNm=268 tyreNm=0 inertia=2.91 limRot=0/93/0 omegaPre=35.94 posN=-6/56/0 susp=0.0054 springN=-31
INFO 2026-07-27 15:24:35.705 joltshadow - docs §70.1: slipdense (player) f=1416 w=2 grounded=1 kappa=0.022 fnGround=1118 omega=15.66 | ftGround=409N target=38.8 limit=268Nm motorNm=268 tyreNm=-282 inertia=2.91 limRot=0/-344/-15 omegaPre=15.69 posN=-657/-679/0 susp=-0.2926 springN=2858
INFO 2026-07-27 15:24:35.705 joltshadow - docs §70.1: slipdense (player) f=1416 w=3 grounded=1 kappa=0.020 fnGround=1040 omega=16.16 | ftGround=378N target=38.8 limit=268Nm motorNm=268 tyreNm=-259 inertia=2.91 limRot=0/-320/-15 omegaPre=16.15 posN=-461/-450/0 susp=-0.0459 springN=1016
INFO 2026-07-27 15:24:35.705 joltshadow - docs §78: attdense (player) f=1416 joltTilt=26.30 odeTilt=17.49 upDelta=9.47 wBody=(-0.59,-0.09,-0.01) |w|=0.59 grounded=2
INFO 2026-07-27 15:24:35.740 joltshadow - docs §70.1: slipdense (player) f=1420 w=0 grounded=0 kappa=0.000 fnGround=0 omega=37.88 | ftGround=0N target=38.8 limit=268Nm motorNm=268 tyreNm=0 inertia=2.91 limRot=0/-508/0 omegaPre=36.96 posN=7/23/0 susp=0.0277 springN=-181
INFO 2026-07-27 15:24:35.741 joltshadow - docs §70.1: slipdense (player) f=1420 w=1 grounded=0 kappa=0.000 fnGround=0 omega=38.32 | ftGround=0N target=38.8 limit=268Nm motorNm=12 tyreNm=0 inertia=2.91 limRot=0/46/0 omegaPre=38.29 posN=6/47/0 susp=0.0056 springN=-58
INFO 2026-07-27 15:24:35.741 joltshadow - docs §70.1: slipdense (player) f=1420 w=2 grounded=1 kappa=0.024 fnGround=1132 omega=15.63 | ftGround=399N target=38.8 limit=268Nm motorNm=268 tyreNm=-268 inertia=2.91 limRot=0/-151/5 omegaPre=15.60 posN=-418/-688/0 susp=-0.3400 springN=2892
INFO 2026-07-27 15:24:35.741 joltshadow - docs §70.1: slipdense (player) f=1420 w=3 grounded=1 kappa=0.023 fnGround=1105 omega=16.26 | ftGround=400N target=38.8 limit=268Nm motorNm=268 tyreNm=-269 inertia=2.91 limRot=0/-199/-2 omegaPre=16.21 posN=-341/-509/0 susp=-0.0980 springN=1188
INFO 2026-07-27 15:24:35.741 joltshadow - docs §78: attdense (player) f=1420 joltTilt=27.05 odeTilt=17.73 upDelta=10.09 wBody=(-0.46,-0.13,-0.11) |w|=0.49 grounded=2
INFO 2026-07-27 15:24:35.774 joltshadow - docs §70.1: slipdense (player) f=1424 w=0 grounded=0 kappa=0.000 fnGround=0 omega=38.42 | ftGround=0N target=38.8 limit=268Nm motorNm=16 tyreNm=0 inertia=2.91 limRot=0/393/0 omegaPre=38.41 posN=24/38/0 susp=0.0280 springN=-165
INFO 2026-07-27 15:24:35.774 joltshadow - docs §70.1: slipdense (player) f=1424 w=1 grounded=0 kappa=0.000 fnGround=0 omega=38.47 | ftGround=0N target=38.8 limit=268Nm motorNm=12 tyreNm=0 inertia=2.91 limRot=0/9/0 omegaPre=38.43 posN=23/39/0 susp=0.0077 springN=-65
INFO 2026-07-27 15:24:35.775 joltshadow - docs §70.1: slipdense (player) f=1424 w=2 grounded=1 kappa=0.019 fnGround=1129 omega=15.59 | ftGround=394N target=38.8 limit=268Nm motorNm=268 tyreNm=-272 inertia=2.91 limRot=0/-88/15 omegaPre=15.58 posN=-317/-678/0 susp=-0.3577 springN=2721
INFO 2026-07-27 15:24:35.775 joltshadow - docs §70.1: slipdense (player) f=1424 w=3 grounded=1 kappa=0.018 fnGround=1164 omega=16.22 | ftGround=386N target=38.8 limit=268Nm motorNm=268 tyreNm=-263 inertia=2.91 limRot=0/-181/-0 omegaPre=16.20 posN=-354/-542/0 susp=-0.1306 springN=1240
INFO 2026-07-27 15:24:35.775 joltshadow - docs §78: attdense (player) f=1424 joltTilt=27.45 odeTilt=17.96 upDelta=10.41 wBody=(-0.32,-0.13,-0.22) |w|=0.41 grounded=2
INFO 2026-07-27 15:24:35.796 joltshadow - docs §82: resync (player) #22 dt=0.51s upMax=10.466 deg posMax=2.740 m odeTiltPath=7.730 deg gain=1.3540
INFO 2026-07-27 15:24:35.796 joltshadow - docs §87: resync landing (player) w=0 pre=0.3794 post=0.0385 m R=0.727 dY=-0.6189 dRotDeg=10.55 |corr|=2.7397 m
INFO 2026-07-27 15:24:35.796 joltshadow - docs §87: resync landing (player) w=1 pre=0.4485 post=0.0712 m R=0.727 dY=-0.6189 dRotDeg=10.55 |corr|=2.7397 m
INFO 2026-07-27 15:24:35.796 joltshadow - docs §87: resync landing (player) w=2 pre=0.0335 post=0.0198 m R=0.727 dY=-0.6189 dRotDeg=10.55 |corr|=2.7397 m
INFO 2026-07-27 15:24:35.796 joltshadow - docs §87: resync landing (player) w=3 pre=0.0334 post=0.0180 m R=0.727 dY=-0.6189 dRotDeg=10.55 |corr|=2.7397 m
INFO 2026-07-27 15:24:35.796 joltshadow - docs §82: resync RESIDUAL (player) #22 pos=0.0000 m up=0.0000 deg
INFO 2026-07-27 15:24:35.805 joltshadow - docs §70.1: slipdense (player) f=1428 w=0 grounded=1 kappa=12.626 fnGround=695 omega=37.72 | ftGround=936N target=38.8 limit=268Nm motorNm=268 tyreNm=-676 inertia=2.91 limRot=0/1936/0 omegaPre=38.25 posN=1172/-74/0 susp=-0.0998 springN=527
INFO 2026-07-27 15:24:35.805 joltshadow - docs §70.1: slipdense (player) f=1428 w=1 grounded=0 kappa=0.000 fnGround=0 omega=38.63 | ftGround=0N target=38.8 limit=268Nm motorNm=-6 tyreNm=0 inertia=2.91 limRot=0/35/0 omegaPre=38.41 posN=-183/221/0 susp=-0.0385 springN=137
INFO 2026-07-27 15:24:35.805 joltshadow - docs §70.1: slipdense (player) f=1428 w=2 grounded=1 kappa=3.666 fnGround=546 omega=14.99 | ftGround=1074N target=38.8 limit=268Nm motorNm=268 tyreNm=-789 inertia=2.91 limRot=0/-46/-19 omegaPre=15.60 posN=-74/-1050/0 susp=-0.0481 springN=282
INFO 2026-07-27 15:24:35.805 joltshadow - docs §70.1: slipdense (player) f=1428 w=3 grounded=1 kappa=3.676 fnGround=817 omega=14.90 | ftGround=1605N target=38.8 limit=268Nm motorNm=268 tyreNm=-1195 inertia=2.91 limRot=0/-52/-30 omegaPre=16.19 posN=-77/-1563/0 susp=-0.0996 springN=618
INFO 2026-07-27 15:24:35.805 joltshadow - docs §78: attdense (player) f=1428 joltTilt=18.16 odeTilt=18.16 upDelta=0.00 wBody=(-0.15,-0.02,0.01) |w|=0.16 grounded=3
INFO 2026-07-27 15:24:35.846 joltshadow - docs §70.1: slipdense (player) f=1432 w=0 grounded=1 kappa=7.911 fnGround=460 omega=33.98 | ftGround=632N target=38.8 limit=268Nm motorNm=268 tyreNm=-456 inertia=2.91 limRot=0/869/0 omegaPre=34.61 posN=780/-134/0 susp=-0.0861 springN=406
INFO 2026-07-27 15:24:35.846 joltshadow - docs §70.1: slipdense (player) f=1432 w=1 grounded=0 kappa=0.000 fnGround=0 omega=38.57 | ftGround=0N target=38.8 limit=268Nm motorNm=-2 tyreNm=0 inertia=2.91 limRot=0/-28/0 omegaPre=38.58 posN=-104/139/0 susp=-0.0128 springN=-128
INFO 2026-07-27 15:24:35.846 joltshadow - docs §70.1: slipdense (player) f=1432 w=2 grounded=1 kappa=0.773 fnGround=599 omega=6.12 | ftGround=1152N target=38.8 limit=268Nm motorNm=268 tyreNm=-843 inertia=2.91 limRot=0/-171/-47 omegaPre=7.93 posN=-217/-1199/0 susp=-0.0422 springN=297
INFO 2026-07-27 15:24:35.846 joltshadow - docs §70.1: slipdense (player) f=1432 w=3 grounded=1 kappa=0.055 fnGround=780 omega=4.63 | ftGround=310N target=38.8 limit=268Nm motorNm=268 tyreNm=-216 inertia=2.91 limRot=0/-159/-32 omegaPre=4.54 posN=-195/-307/0 susp=-0.0931 springN=710
INFO 2026-07-27 15:24:35.846 joltshadow - docs §78: attdense (player) f=1432 joltTilt=18.45 odeTilt=18.42 upDelta=0.21 wBody=(-0.21,-0.16,-0.03) |w|=0.27 grounded=3
INFO 2026-07-27 15:24:35.878 joltshadow - docs §70.1: slipdense (player) f=1436 w=0 grounded=1 kappa=6.699 fnGround=384 omega=31.81 | ftGround=697N target=38.8 limit=268Nm motorNm=268 tyreNm=-518 inertia=2.91 limRot=0/-298/0 omegaPre=32.30 posN=-205/-625/0 susp=-0.0747 springN=339
INFO 2026-07-27 15:24:35.878 joltshadow - docs §70.1: slipdense (player) f=1436 w=1 grounded=0 kappa=0.000 fnGround=0 omega=38.55 | ftGround=0N target=38.8 limit=268Nm motorNm=-1 tyreNm=0 inertia=2.91 limRot=0/-1041/0 omegaPre=38.56 posN=82/71/0 susp=0.0066 springN=-192
INFO 2026-07-27 15:24:35.878 joltshadow - docs §70.1: slipdense (player) f=1436 w=2 grounded=1 kappa=0.067 fnGround=455 omega=4.22 | ftGround=342N target=38.8 limit=268Nm motorNm=268 tyreNm=-248 inertia=2.91 limRot=0/-172/-42 omegaPre=4.23 posN=-209/-327/0 susp=-0.0423 springN=335
INFO 2026-07-27 15:24:35.878 joltshadow - docs §70.1: slipdense (player) f=1436 w=3 grounded=1 kappa=0.055 fnGround=798 omega=5.01 | ftGround=337N target=38.8 limit=268Nm motorNm=268 tyreNm=-239 inertia=2.91 limRot=0/-170/-42 omegaPre=5.00 posN=-203/-417/0 susp=-0.0915 springN=660
INFO 2026-07-27 15:24:35.878 joltshadow - docs §78: attdense (player) f=1436 joltTilt=18.73 odeTilt=18.60 upDelta=0.47 wBody=(-0.23,-0.20,-0.01) |w|=0.30 grounded=3
INFO 2026-07-27 15:24:35.906 joltshadow - docs §70.1: slipdense (player) f=1440 w=0 grounded=1 kappa=6.224 fnGround=384 omega=30.17 | ftGround=545N target=38.8 limit=268Nm motorNm=268 tyreNm=-405 inertia=2.91 limRot=0/-39/0 omegaPre=30.59 posN=-471/-439/0 susp=-0.0660 springN=311
INFO 2026-07-27 15:24:35.906 joltshadow - docs §70.1: slipdense (player) f=1440 w=1 grounded=0 kappa=0.000 fnGround=0 omega=38.54 | ftGround=0N target=38.8 limit=268Nm motorNm=0 tyreNm=0 inertia=2.91 limRot=0/-46/0 omegaPre=38.54 posN=108/51/0 susp=0.0180 springN=-191
INFO 2026-07-27 15:24:35.906 joltshadow - docs §70.1: slipdense (player) f=1440 w=2 grounded=1 kappa=0.052 fnGround=507 omega=4.52 | ftGround=326N target=38.8 limit=268Nm motorNm=268 tyreNm=-236 inertia=2.91 limRot=0/-104/-29 omegaPre=4.49 posN=-123/-321/0 susp=-0.0444 springN=370
INFO 2026-07-27 15:24:35.907 joltshadow - docs §70.1: slipdense (player) f=1440 w=3 grounded=1 kappa=0.052 fnGround=818 omega=5.09 | ftGround=366N target=38.8 limit=268Nm motorNm=268 tyreNm=-261 inertia=2.91 limRot=0/-110/-31 omegaPre=5.14 posN=-128/-475/0 susp=-0.0898 springN=658
INFO 2026-07-27 15:24:35.907 joltshadow - docs §78: attdense (player) f=1440 joltTilt=19.04 odeTilt=18.74 upDelta=0.74 wBody=(-0.24,-0.14,0.03) |w|=0.28 grounded=3
INFO 2026-07-27 15:24:35.907 joltshadow - Shadow divergence (player): pos=1.548m vel=2.216m/s angle=1.1deg (jolt com=[4651.0 264.8 1167.8] ode com=[4650.5 263.5 1167.1])
INFO 2026-07-27 15:24:35.907 joltshadow - docs §23.6: driver input (player) realThrottle=10.00 brake=0.01 handBrake=0 steerRad=0.000
INFO 2026-07-27 15:24:35.907 joltshadow - docs §32: Jolt SHADOW chassis pitch (player) forward=(-0.155, 0.239, -0.958)
INFO 2026-07-27 15:24:35.907 joltshadow - docs §69: tilt (player) jolt=19.0 deg ode=18.7 deg delta=+0.3 deg upDelta=0.74 deg
INFO 2026-07-27 15:24:35.907 joltshadow - docs §32.4: Jolt SHADOW chassis lowest corner (player) = (4652.88,263.50,1170.69) clearanceToGround=0.718
INFO 2026-07-27 15:24:35.907 joltshadow - docs §23.5: wheel state (player) wheel=0 contact=0 suspLen=1.050 (range 0.050-1.050, 0% compressed) angVel=0.00
INFO 2026-07-27 15:24:35.907 joltshadow - docs §38.11: wheel=0 NO contact, worldAxle=(0.952,-0.221,-0.209)
INFO 2026-07-27 15:24:35.907 joltshadow - docs §32: no-contact raycast (player) wheel=0 bodyPos=(4650.86,264.84,1167.21) localMPos=(-1.367,-0.436,2.663) origin=(4651.63,264.77,1164.29) dir=(-0.262,-0.945,-0.194) normalRayLen=1.777 groundFoundAt=0.000 shortfallBeyondTravel=-1.777 hitBody=8391036 hitLayer=4 hitMotion=2 hitIsSelfChassis=0
INFO 2026-07-27 15:24:35.907 joltshadow - docs §23.5: wheel state (player) wheel=1 contact=0 suspLen=1.050 (range 0.050-1.050, 0% compressed) angVel=0.00
INFO 2026-07-27 15:24:35.907 joltshadow - docs §38.11: wheel=1 NO contact, worldAxle=(0.952,-0.221,-0.209)
INFO 2026-07-27 15:24:35.907 joltshadow - docs §32: no-contact raycast (player) wheel=1 bodyPos=(4650.86,264.84,1167.21) localMPos=(1.369,-0.436,2.663) origin=(4649.03,265.37,1164.86) dir=(-0.262,-0.945,-0.194) normalRayLen=1.777 groundFoundAt=0.000 shortfallBeyondTravel=-1.777 hitBody=8391037 hitLayer=4 hitMotion=2 hitIsSelfChassis=0
INFO 2026-07-27 15:24:35.907 joltshadow - docs §23.5: wheel state (player) wheel=2 contact=0 suspLen=1.050 (range 0.050-1.050, 0% compressed) angVel=0.00
INFO 2026-07-27 15:24:35.907 joltshadow - docs §38.11: wheel=2 NO contact, worldAxle=(0.952,-0.221,-0.209)
INFO 2026-07-27 15:24:35.908 joltshadow - docs §32: no-contact raycast (player) wheel=2 bodyPos=(4650.86,264.84,1167.21) localMPos=(-1.367,-0.436,-1.944) origin=(4652.35,263.66,1168.70) dir=(-0.262,-0.945,-0.194) normalRayLen=1.777 groundFoundAt=0.000 shortfallBeyondTravel=-1.777 hitBody=8391038 hitLayer=4 hitMotion=2 hitIsSelfChassis=0
INFO 2026-07-27 15:24:35.908 joltshadow - docs §23.5: wheel state (player) wheel=3 contact=0 suspLen=1.050 (range 0.050-1.050, 0% compressed) angVel=0.00
INFO 2026-07-27 15:24:35.908 joltshadow - docs §38.11: wheel=3 NO contact, worldAxle=(0.952,-0.221,-0.209)
INFO 2026-07-27 15:24:35.908 joltshadow - docs §32: no-contact raycast (player) wheel=3 bodyPos=(4650.86,264.84,1167.21) localMPos=(1.369,-0.436,-1.944) origin=(4649.74,264.27,1169.28) dir=(-0.262,-0.945,-0.194) normalRayLen=1.777 groundFoundAt=0.000 shortfallBeyondTravel=-1.777 hitBody=8391039 hitLayer=4 hitMotion=2 hitIsSelfChassis=0
INFO 2026-07-27 15:24:35.908 joltshadow - docs §59/63: harvest (player) wheelsWithContact=4 contactPoints=9 overflow=0 (of 4) | maxNormalF=818N bound(k_t*tau)=1229N ratio=0.67
INFO 2026-07-27 15:24:35.908 joltshadow - docs §58: wheel body (player) w=0 springF=311N stopF=0N travel=-0.0660 (limits -0.5000..0.5000 rel spawn) kSusp=6000 sagPredicted=0.0519 | frameTrav=-0.0673..-0.0660 frameStopN=0
INFO 2026-07-27 15:24:35.908 joltshadow - docs §66: tyre band (player) w=0 fnGround=384N fnTotal=397N pen=0.00328 penRaw=0.00328 tau=0.01024 pen/tau=0.32 | recs tyre=1 rim=1 survived=1 stale=0 distMax=1.00R
INFO 2026-07-27 15:24:35.908 joltshadow - docs §68: steer (player) w=0 steerable=1 commanded=0.000 rad measured=0.016 rad err=0.93 deg steerSign=-1 steerTq=423Nm cap=1192Nm sat=0.35
INFO 2026-07-27 15:24:35.908 joltshadow - docs §70: slip (player) w=0 grounded=1 kappa=6.224 fnGround=384N omega=30.17
INFO 2026-07-27 15:24:35.908 joltshadow - docs §67: spin (player) w=0 driven=1 omega=30.17 rad/s surfaceSpeed=21.95 m/s spinSign=+1 motorTq=268Nm cmdTq=268Nm
INFO 2026-07-27 15:24:35.908 joltshadow - docs §58: wheel body (player) w=1 springF=-191N stopF=0N travel=0.0180 (limits -0.5000..0.5000 rel spawn) kSusp=6000 sagPredicted=-0.0319 | frameTrav=0.0165..0.0180 frameStopN=0
INFO 2026-07-27 15:24:35.908 joltshadow - docs §66: tyre band (player) w=1 fnGround=0N fnTotal=0N pen=0.00000 penRaw=0.00000 tau=0.01024 pen/tau=0.00 | recs tyre=1 rim=1 survived=0 stale=0 distMax=1.00R
INFO 2026-07-27 15:24:35.908 joltshadow - docs §68: steer (player) w=1 steerable=1 commanded=0.000 rad measured=0.072 rad err=4.14 deg steerSign=-1 steerTq=442Nm cap=1192Nm sat=0.37
INFO 2026-07-27 15:24:35.908 joltshadow - docs §70: slip (player) w=1 grounded=0 kappa=0.000 fnGround=0N omega=38.54
INFO 2026-07-27 15:24:35.908 joltshadow - docs §67: spin (player) w=1 driven=1 omega=38.54 rad/s surfaceSpeed=28.04 m/s spinSign=+1 motorTq=0Nm cmdTq=268Nm
INFO 2026-07-27 15:24:35.908 joltshadow - docs §58: wheel body (player) w=2 springF=370N stopF=0N travel=-0.0444 (limits -0.5000..0.5000 rel spawn) kSusp=7500 sagPredicted=0.0494 | frameTrav=-0.0444..-0.0437 frameStopN=0
INFO 2026-07-27 15:24:35.909 joltshadow - docs §66: tyre band (player) w=2 fnGround=507N fnTotal=516N pen=0.00433 penRaw=0.00433 tau=0.01024 pen/tau=0.42 | recs tyre=1 rim=1 survived=1 stale=0 distMax=0.99R
INFO 2026-07-27 15:24:35.909 joltshadow - docs §68: steer (player) w=2 steerable=0 commanded=0.000 rad measured=0.000 rad err=0.00 deg steerSign=-1 steerTq=0Nm cap=340282346638528859811704183484516925440Nm sat=0.00
INFO 2026-07-27 15:24:35.909 joltshadow - docs §70: slip (player) w=2 grounded=1 kappa=0.052 fnGround=507N omega=4.52
INFO 2026-07-27 15:24:35.909 joltshadow - docs §67: spin (player) w=2 driven=1 omega=4.52 rad/s surfaceSpeed=3.29 m/s spinSign=+1 motorTq=268Nm cmdTq=268Nm
INFO 2026-07-27 15:24:35.909 joltshadow - docs §58: wheel body (player) w=3 springF=658N stopF=0N travel=-0.0898 (limits -0.5000..0.5000 rel spawn) kSusp=7500 sagPredicted=0.0878 | frameTrav=-0.0899..-0.0898 frameStopN=0
INFO 2026-07-27 15:24:35.909 joltshadow - docs §66: tyre band (player) w=3 fnGround=818N fnTotal=832N pen=0.00702 penRaw=0.00702 tau=0.01024 pen/tau=0.69 | recs tyre=2 rim=1 survived=1 stale=0 distMax=1.03R
INFO 2026-07-27 15:24:35.909 joltshadow - docs §68: steer (player) w=3 steerable=0 commanded=0.000 rad measured=0.000 rad err=0.00 deg steerSign=-1 steerTq=0Nm cap=340282346638528859811704183484516925440Nm sat=0.00
INFO 2026-07-27 15:24:35.909 joltshadow - docs §70: slip (player) w=3 grounded=1 kappa=0.052 fnGround=818N omega=5.09
INFO 2026-07-27 15:24:35.909 joltshadow - docs §67: spin (player) w=3 driven=1 omega=5.09 rad/s surfaceSpeed=3.70 m/s spinSign=+1 motorTq=268Nm cmdTq=268Nm
INFO 2026-07-27 15:24:35.909 joltshadow - docs §67: drivetrain (player) gear=2 rpm=3046 driveTorque=1080Nm perWheel=270Nm driven=4 throttle=1.00 spin=1 | PRE-STEP brake=0.01 handBrake=0
INFO 2026-07-27 15:24:35.909 joltshadow - docs §66: tyre band SUM (player) fnGroundSum=1708N fnTotalSum=1745N weight=1638N carried=1.07 | penSum=0.01463 recs tyre=5 rim=4 stale=0
INFO 2026-07-27 15:24:35.909 joltshadow - docs §30: REAL ODE chassis COM (player) body=53396828 = (4650.483, 263.488, 1167.110) forward=(-0.172, 0.231, -0.958)
INFO 2026-07-27 15:24:35.909 joltshadow - docs §33: real ODE chassis geom (player) #1 = class 0 (not a transform) pos=(4650.483,263.488,1167.110) radius=4.000
INFO 2026-07-27 15:24:35.909 joltshadow - docs §33: real ODE chassis geom (player) #2 = transform, inner class=1 pos=(0.000,3.010,-1.827)
INFO 2026-07-27 15:24:35.909 joltshadow - docs §33: real ODE chassis geom (player) #3 = transform, inner class=1 pos=(0.013,2.455,4.253)
INFO 2026-07-27 15:24:35.909 joltshadow - docs §33: real ODE chassis geom (player) #4 = transform, inner class=1 pos=(0.000,2.778,2.038)
INFO 2026-07-27 15:24:35.909 joltshadow - docs §33: real ODE chassis geom (player) #5 = transform, inner class=1 pos=(0.000,1.675,0.000)
INFO 2026-07-27 15:24:35.909 joltshadow - docs §33: real ODE chassis geom (player) #6 = class 0 (not a transform) pos=(4650.483,263.488,1167.110) radius=30.000
INFO 2026-07-27 15:24:35.909 joltshadow - docs §33: real ODE chassis geom (player) #7 = class 0 (not a transform) pos=(4650.483,263.488,1167.110) radius=8.161
INFO 2026-07-27 15:24:35.909 joltshadow - docs §33: real ODE chassis geom (player) #8 = class 0 (not a transform) pos=(4650.483,263.488,1167.110) radius=200.000
INFO 2026-07-27 15:24:35.909 joltshadow - docs §33: real ODE chassis (player) has 8 total geom(s) directly attached (4 transform(s)) - compare against BuildChassisCompoundShape's own part/geom count in the build log
INFO 2026-07-27 15:24:35.909 joltshadow - docs §28: REAL ODE wheel state (player) wheel=0 displacement=0.0443 range=1.000 (4% compressed, signed) foreAft=2.663 localZ=2.663 cfm=0.002500 erp=0.2500
INFO 2026-07-27 15:24:35.909 joltshadow - docs §28: REAL ODE wheel state (player) wheel=1 displacement=-0.0081 range=1.000 (-1% compressed, signed) foreAft=2.663 localZ=2.663 cfm=0.002500 erp=0.2500
INFO 2026-07-27 15:24:35.909 joltshadow - docs §28: REAL ODE wheel state (player) wheel=2 displacement=0.0072 range=1.000 (1% compressed, signed) foreAft=-1.944 localZ=-1.944 cfm=0.002000 erp=0.2500
INFO 2026-07-27 15:24:35.910 joltshadow - docs §28: REAL ODE wheel state (player) wheel=3 displacement=0.0498 range=1.000 (5% compressed, signed) foreAft=-1.944 localZ=-1.944 cfm=0.002000 erp=0.2500
INFO 2026-07-27 15:24:35.944 joltshadow - docs §70.1: slipdense (player) f=1444 w=0 grounded=1 kappa=5.028 fnGround=398 omega=26.49 | ftGround=594N target=23.3 limit=447Nm motorNm=-447 tyreNm=-442 inertia=2.91 limRot=0/-310/0 omegaPre=28.62 posN=-522/-431/0 susp=-0.0571 springN=292
INFO 2026-07-27 15:24:35.944 joltshadow - docs §70.1: slipdense (player) f=1444 w=1 grounded=0 kappa=0.000 fnGround=0 omega=37.46 | ftGround=0N target=23.3 limit=447Nm motorNm=-447 tyreNm=0 inertia=2.91 limRot=0/-10/0 omegaPre=38.53 posN=92/79/0 susp=0.0234 springN=-150
INFO 2026-07-27 15:24:35.944 joltshadow - docs §70.1: slipdense (player) f=1444 w=2 grounded=1 kappa=0.113 fnGround=598 omega=5.16 | ftGround=582N target=23.3 limit=447Nm motorNm=447 tyreNm=-420 inertia=2.91 limRot=0/-43/-19 omegaPre=4.84 posN=-40/-576/0 susp=-0.0488 springN=435
INFO 2026-07-27 15:24:35.944 joltshadow - docs §70.1: slipdense (player) f=1444 w=3 grounded=1 kappa=0.109 fnGround=846 omega=5.54 | ftGround=607N target=23.3 limit=447Nm motorNm=447 tyreNm=-433 inertia=2.91 limRot=0/-48/-21 omegaPre=5.25 posN=-43/-695/0 susp=-0.0882 springN=652
INFO 2026-07-27 15:24:35.944 joltshadow - docs §78: attdense (player) f=1444 joltTilt=19.49 odeTilt=18.87 upDelta=1.13 wBody=(-0.25,-0.09,0.06) |w|=0.27 grounded=3
INFO 2026-07-27 15:24:35.970 joltshadow - docs §70.1: slipdense (player) f=1448 w=0 grounded=1 kappa=3.162 fnGround=417 omega=19.27 | ftGround=601N target=-23.3 limit=447Nm motorNm=-447 tyreNm=-450 inertia=2.91 limRot=0/-754/0 omegaPre=21.15 posN=-702/-406/0 susp=-0.0542 springN=323
INFO 2026-07-27 15:24:35.970 joltshadow - docs §70.1: slipdense (player) f=1448 w=1 grounded=0 kappa=0.000 fnGround=0 omega=33.31 | ftGround=0N target=-23.3 limit=447Nm motorNm=-447 tyreNm=0 inertia=2.91 limRot=0/-67/0 omegaPre=34.23 posN=89/-58/0 susp=0.0227 springN=-100
INFO 2026-07-27 15:24:35.970 joltshadow - docs §70.1: slipdense (player) f=1448 w=2 grounded=1 kappa=-0.090 fnGround=552 omega=4.37 | ftGround=-570N target=-23.3 limit=447Nm motorNm=-447 tyreNm=423 inertia=2.91 limRot=0/-17/-1 omegaPre=4.43 posN=11/431/0 susp=-0.0542 springN=509
INFO 2026-07-27 15:24:35.970 joltshadow - docs §70.1: slipdense (player) f=1448 w=3 grounded=1 kappa=-0.083 fnGround=744 omega=4.58 | ftGround=-547N target=-23.3 limit=447Nm motorNm=-447 tyreNm=407 inertia=2.91 limRot=0/-22/-2 omegaPre=4.67 posN=5/332/0 susp=-0.0871 springN=680
INFO 2026-07-27 15:24:35.970 joltshadow - docs §78: attdense (player) f=1448 joltTilt=19.84 odeTilt=18.93 upDelta=1.45 wBody=(-0.22,-0.05,0.08) |w|=0.24 grounded=3
INFO 2026-07-27 15:24:36.004 joltshadow - docs §70.1: slipdense (player) f=1452 w=0 grounded=1 kappa=1.405 fnGround=531 omega=8.10 | ftGround=753N target=-23.3 limit=447Nm motorNm=-447 tyreNm=-563 inertia=2.91 limRot=0/-1121/-1335 omegaPre=11.19 posN=-954/-197/0 susp=-0.0582 springN=418
INFO 2026-07-27 15:24:36.004 joltshadow - docs §70.1: slipdense (player) f=1452 w=1 grounded=0 kappa=0.000 fnGround=0 omega=28.08 | ftGround=0N target=-23.3 limit=447Nm motorNm=-447 tyreNm=0 inertia=2.91 limRot=0/27/0 omegaPre=29.46 posN=155/-86/0 susp=0.0165 springN=-33
INFO 2026-07-27 15:24:36.005 joltshadow - docs §70.1: slipdense (player) f=1452 w=2 grounded=1 kappa=-0.095 fnGround=513 omega=4.24 | ftGround=-588N target=-23.3 limit=447Nm motorNm=-447 tyreNm=435 inertia=2.91 limRot=0/-92/-22 omegaPre=4.24 posN=-92/459/0 susp=-0.0608 springN=514
INFO 2026-07-27 15:24:36.005 joltshadow - docs §70.1: slipdense (player) f=1452 w=3 grounded=1 kappa=-0.092 fnGround=609 omega=4.10 | ftGround=-550N target=-23.3 limit=447Nm motorNm=-447 tyreNm=407 inertia=2.91 limRot=0/-99/-23 omegaPre=4.18 posN=-101/328/0 susp=-0.0854 springN=612
INFO 2026-07-27 15:24:36.005 joltshadow - docs §78: attdense (player) f=1452 joltTilt=20.23 odeTilt=18.98 upDelta=1.77 wBody=(-0.15,0.04,0.11) |w|=0.19 grounded=3
INFO 2026-07-27 15:24:36.041 joltshadow - docs §70.1: slipdense (player) f=1456 w=0 grounded=1 kappa=1.070 fnGround=561 omega=9.63 | ftGround=798N target=14.5 limit=716Nm motorNm=716 tyreNm=-596 inertia=2.91 limRot=0/-1693/-1234 omegaPre=9.30 posN=-998/-28/0 susp=-0.0659 springN=445
INFO 2026-07-27 15:24:36.041 joltshadow - docs §70.1: slipdense (player) f=1456 w=1 grounded=0 kappa=0.000 fnGround=0 omega=19.21 | ftGround=0N target=14.5 limit=716Nm motorNm=-716 tyreNm=0 inertia=2.91 limRot=0/511/0 omegaPre=21.19 posN=177/87/0 susp=0.0148 springN=-105
INFO 2026-07-27 15:24:36.041 joltshadow - docs §70.1: slipdense (player) f=1456 w=2 grounded=1 kappa=0.120 fnGround=914 omega=5.95 | ftGround=933N target=14.5 limit=716Nm motorNm=716 tyreNm=-666 inertia=2.91 limRot=0/-63/-25 omegaPre=5.96 posN=-62/-939/0 susp=-0.0647 springN=551
INFO 2026-07-27 15:24:36.041 joltshadow - docs §70.1: slipdense (player) f=1456 w=3 grounded=1 kappa=0.139 fnGround=913 omega=5.43 | ftGround=976N target=14.5 limit=716Nm motorNm=716 tyreNm=-699 inertia=2.91 limRot=0/-70/-27 omegaPre=5.54 posN=-72/-1073/0 susp=-0.0796 springN=546
INFO 2026-07-27 15:24:36.041 joltshadow - docs §78: attdense (player) f=1456 joltTilt=20.68 odeTilt=18.99 upDelta=2.14 wBody=(-0.19,0.14,0.15) |w|=0.28 grounded=3
INFO 2026-07-27 15:24:36.073 joltshadow - docs §70.1: slipdense (player) f=1460 w=0 grounded=1 kappa=-0.198 fnGround=624 omega=3.49 | ftGround=-858N target=-14.5 limit=716Nm motorNm=-716 tyreNm=651 inertia=2.91 limRot=0/-2100/-1105 omegaPre=3.67 posN=-611/963/0 susp=-0.0757 springN=577
INFO 2026-07-27 15:24:36.073 joltshadow - docs §70.1: slipdense (player) f=1460 w=1 grounded=0 kappa=0.000 fnGround=0 omega=11.20 | ftGround=0N target=-14.5 limit=716Nm motorNm=-716 tyreNm=0 inertia=2.91 limRot=0/1345/-12982 omegaPre=13.20 posN=-321/-3/0 susp=0.0121 springN=-30
INFO 2026-07-27 15:24:36.073 joltshadow - docs §70.1: slipdense (player) f=1460 w=2 grounded=1 kappa=-0.194 fnGround=455 omega=3.81 | ftGround=-845N target=-14.5 limit=716Nm motorNm=-716 tyreNm=617 inertia=2.91 limRot=0/-100/-8 omegaPre=4.10 posN=70/409/0 susp=-0.0728 springN=590
INFO 2026-07-27 15:24:36.073 joltshadow - docs §70.1: slipdense (player) f=1460 w=3 grounded=1 kappa=-0.220 fnGround=442 omega=3.15 | ftGround=-833N target=-14.5 limit=716Nm motorNm=-716 tyreNm=608 inertia=2.91 limRot=0/-114/-12 omegaPre=3.44 posN=49/716/0 susp=-0.0786 springN=548
INFO 2026-07-27 15:24:36.073 joltshadow - docs §78: attdense (player) f=1460 joltTilt=21.04 odeTilt=18.96 upDelta=2.46 wBody=(-0.09,0.15,0.14) |w|=0.22 grounded=3
INFO 2026-07-27 15:24:36.107 joltshadow - docs §70.1: slipdense (player) f=1464 w=0 grounded=1 kappa=-0.171 fnGround=833 omega=2.86 | ftGround=-855N target=-14.5 limit=716Nm motorNm=-716 tyreNm=650 inertia=2.91 limRot=0/-2878/-1163 omegaPre=2.98 posN=-565/1288/0 susp=-0.0949 springN=746
INFO 2026-07-27 15:24:36.107 joltshadow - docs §70.1: slipdense (player) f=1464 w=1 grounded=0 kappa=0.000 fnGround=0 omega=2.59 | ftGround=0N target=-14.5 limit=716Nm motorNm=-716 tyreNm=0 inertia=2.91 limRot=0/1138/-341 omegaPre=4.55 posN=13/-171/0 susp=0.0064 springN=1
INFO 2026-07-27 15:24:36.107 joltshadow - docs §70.1: slipdense (player) f=1464 w=2 grounded=1 kappa=-0.156 fnGround=1119 omega=3.15 | ftGround=-832N target=-14.5 limit=716Nm motorNm=-716 tyreNm=638 inertia=2.91 limRot=0/32/-33 omegaPre=3.30 posN=21/700/0 susp=-0.0841 springN=892
INFO 2026-07-27 15:24:36.107 joltshadow - docs §70.1: slipdense (player) f=1464 w=3 grounded=1 kappa=-0.376 fnGround=440 omega=2.03 | ftGround=-863N target=-14.5 limit=716Nm motorNm=-716 tyreNm=628 inertia=2.91 limRot=0/-35/-8 omegaPre=2.25 posN=-11/573/0 susp=-0.0734 springN=472
INFO 2026-07-27 15:24:36.107 joltshadow - docs §78: attdense (player) f=1464 joltTilt=21.27 odeTilt=18.91 upDelta=2.64 wBody=(0.00,0.13,0.12) |w|=0.17 grounded=3
INFO 2026-07-27 15:24:36.134 joltshadow - docs §70.1: slipdense (player) f=1468 w=0 grounded=1 kappa=-0.254 fnGround=943 omega=2.18 | ftGround=-810N target=-14.5 limit=716Nm motorNm=-716 tyreNm=684 inertia=2.91 limRot=0/-3456/-1198 omegaPre=2.50 posN=-714/1454/0 susp=-0.1134 springN=888
INFO 2026-07-27 15:24:36.134 joltshadow - docs §70.1: slipdense (player) f=1468 w=1 grounded=0 kappa=0.000 fnGround=0 omega=-4.05 | ftGround=0N target=-14.5 limit=716Nm motorNm=-716 tyreNm=0 inertia=2.91 limRot=0/1135/-355 omegaPre=-2.33 posN=24/-177/0 susp=0.0047 springN=-9
INFO 2026-07-27 15:24:36.134 joltshadow - docs §70.1: slipdense (player) f=1468 w=2 grounded=1 kappa=-0.252 fnGround=930 omega=2.26 | ftGround=-841N target=-14.5 limit=716Nm motorNm=-716 tyreNm=647 inertia=2.91 limRot=0/18/-35 omegaPre=2.54 posN=16/712/0 susp=-0.1002 springN=913
INFO 2026-07-27 15:24:36.134 joltshadow - docs §70.1: slipdense (player) f=1468 w=3 grounded=1 kappa=-0.602 fnGround=392 omega=0.90 | ftGround=-779N target=-14.5 limit=716Nm motorNm=-716 tyreNm=569 inertia=2.91 limRot=0/-21/-6 omegaPre=1.26 posN=12/498/0 susp=-0.0682 springN=415
INFO 2026-07-27 15:24:36.134 joltshadow - docs §78: attdense (player) f=1468 joltTilt=21.32 odeTilt=18.84 upDelta=2.68 wBody=(0.08,0.12,0.09) |w|=0.17 grounded=3
INFO 2026-07-27 15:24:36.158 joltshadow - docs §70.1: slipdense (player) f=1472 w=0 grounded=1 kappa=-0.259 fnGround=1052 omega=1.76 | ftGround=-795N target=-14.5 limit=716Nm motorNm=-716 tyreNm=656 inertia=2.91 limRot=0/-3899/-1207 omegaPre=1.88 posN=-867/1529/0 susp=-0.1311 springN=1004
INFO 2026-07-27 15:24:36.158 joltshadow - docs §70.1: slipdense (player) f=1472 w=1 grounded=0 kappa=0.000 fnGround=0 omega=-9.95 | ftGround=0N target=-14.5 limit=716Nm motorNm=-716 tyreNm=0 inertia=2.91 limRot=0/1062/-537 omegaPre=-8.48 posN=41/-181/0 susp=0.0050 springN=-26
INFO 2026-07-27 15:24:36.158 joltshadow - docs §70.1: slipdense (player) f=1472 w=2 grounded=1 kappa=-0.270 fnGround=956 omega=1.74 | ftGround=-833N target=-14.5 limit=716Nm motorNm=-716 tyreNm=640 inertia=2.91 limRot=0/34/-37 omegaPre=1.89 posN=35/713/0 susp=-0.1073 springN=890
INFO 2026-07-27 15:24:36.158 joltshadow - docs §70.1: slipdense (player) f=1472 w=3 grounded=1 kappa=-1.137 fnGround=362 omega=-0.47 | ftGround=-725N target=-14.5 limit=716Nm motorNm=-716 tyreNm=529 inertia=2.91 limRot=0/-11/-4 omegaPre=-0.09 posN=27/448/0 susp=-0.0625 springN=366
INFO 2026-07-27 15:24:36.158 joltshadow - docs §78: attdense (player) f=1472 joltTilt=21.27 odeTilt=18.78 upDelta=2.62 wBody=(0.13,0.12,0.05) |w|=0.19 grounded=3
INFO 2026-07-27 15:24:36.199 joltshadow - docs §70.1: slipdense (player) f=1476 w=0 grounded=1 kappa=-0.516 fnGround=1157 omega=0.59 | ftGround=-770N target=-14.5 limit=716Nm motorNm=-716 tyreNm=623 inertia=2.91 limRot=0/-3395/0 omegaPre=1.07 posN=-67/782/0 susp=-0.1604 springN=1152
INFO 2026-07-27 15:24:36.199 joltshadow - docs §70.1: slipdense (player) f=1476 w=1 grounded=1 kappa=-20.663 fnGround=485 omega=-14.19 | ftGround=-629N target=-14.5 limit=716Nm motorNm=-716 tyreNm=473 inertia=2.91 limRot=0/1972/-2071 omegaPre=-13.68 posN=207/901/0 susp=-0.0084 springN=331
INFO 2026-07-27 15:24:36.199 joltshadow - docs §70.1: slipdense (player) f=1476 w=2 grounded=1 kappa=-0.594 fnGround=827 omega=0.43 | ftGround=-815N target=-14.5 limit=716Nm motorNm=-716 tyreNm=625 inertia=2.91 limRot=0/-164/-31 omegaPre=0.93 posN=-224/655/0 susp=-0.1076 springN=742
INFO 2026-07-27 15:24:36.199 joltshadow - docs §70.1: slipdense (player) f=1476 w=3 grounded=1 kappa=-4.579 fnGround=358 omega=-3.84 | ftGround=-539N target=-14.5 limit=716Nm motorNm=-716 tyreNm=392 inertia=2.91 limRot=0/-195/-41 omegaPre=-2.66 posN=-227/311/0 susp=-0.0524 springN=311
INFO 2026-07-27 15:24:36.199 joltshadow - docs §78: attdense (player) f=1476 joltTilt=20.97 odeTilt=18.69 upDelta=2.35 wBody=(0.20,0.09,-0.05) |w|=0.23 grounded=4
INFO 2026-07-27 15:24:36.233 joltshadow - docs §70.1: slipdense (player) f=1480 w=0 grounded=1 kappa=-1.112 fnGround=1169 omega=-0.37 | ftGround=-826N target=-14.5 limit=716Nm motorNm=-716 tyreNm=662 inertia=2.91 limRot=0/-3134/-1259 omegaPre=-0.02 posN=368/650/0 susp=-0.1781 springN=1175
INFO 2026-07-27 15:24:36.233 joltshadow - docs §70.1: slipdense (player) f=1480 w=1 grounded=1 kappa=-21.007 fnGround=514 omega=-14.45 | ftGround=-715N target=-14.5 limit=716Nm motorNm=-540 tyreNm=536 inertia=2.91 limRot=0/251/-1421 omegaPre=-14.44 posN=-351/595/0 susp=-0.0353 springN=423
INFO 2026-07-27 15:24:36.233 joltshadow - docs §70.1: slipdense (player) f=1480 w=2 grounded=1 kappa=-1.150 fnGround=613 omega=-0.48 | ftGround=-855N target=-14.5 limit=716Nm motorNm=-716 tyreNm=652 inertia=2.91 limRot=0/-162/-31 omegaPre=-0.13 posN=-217/748/0 susp=-0.0963 springN=537
INFO 2026-07-27 15:24:36.233 joltshadow - docs §70.1: slipdense (player) f=1480 w=3 grounded=1 kappa=-11.710 fnGround=293 omega=-8.31 | ftGround=-413N target=-14.5 limit=716Nm motorNm=-716 tyreNm=299 inertia=2.91 limRot=0/-164/-34 omegaPre=-7.31 posN=-191/220/0 susp=-0.0456 springN=255
INFO 2026-07-27 15:24:36.233 joltshadow - docs §78: attdense (player) f=1480 joltTilt=20.55 odeTilt=18.61 upDelta=1.98 wBody=(0.20,0.03,-0.13) |w|=0.24 grounded=4
INFO 2026-07-27 15:24:36.267 joltshadow - docs §70.1: slipdense (player) f=1484 w=0 grounded=1 kappa=-0.970 fnGround=1086 omega=-0.92 | ftGround=-841N target=-14.5 limit=716Nm motorNm=-716 tyreNm=673 inertia=2.91 limRot=0/-2599/-1306 omegaPre=-0.71 posN=900/417/0 susp=-0.1860 springN=1133
INFO 2026-07-27 15:24:36.267 joltshadow - docs §70.1: slipdense (player) f=1484 w=1 grounded=1 kappa=-20.434 fnGround=634 omega=-14.50 | ftGround=-827N target=-14.5 limit=716Nm motorNm=-617 tyreNm=613 inertia=2.91 limRot=0/-1310/-1652 omegaPre=-14.49 posN=-1139/185/0 susp=-0.0557 springN=486
INFO 2026-07-27 15:24:36.267 joltshadow - docs §70.1: slipdense (player) f=1484 w=2 grounded=1 kappa=-2.162 fnGround=435 omega=-2.05 | ftGround=-669N target=-14.5 limit=716Nm motorNm=-716 tyreNm=508 inertia=2.91 limRot=0/-129/-22 omegaPre=-1.44 posN=-160/617/0 susp=-0.0758 springN=318
INFO 2026-07-27 15:24:36.267 joltshadow - docs §70.1: slipdense (player) f=1484 w=3 grounded=1 kappa=-18.294 fnGround=279 omega=-13.41 | ftGround=-400N target=-14.5 limit=716Nm motorNm=-716 tyreNm=291 inertia=2.91 limRot=0/-134/-28 omegaPre=-12.09 posN=-146/254/0 susp=-0.0386 springN=216
INFO 2026-07-27 15:24:36.267 joltshadow - docs §78: attdense (player) f=1484 joltTilt=20.08 odeTilt=18.54 upDelta=1.58 wBody=(0.16,0.00,-0.16) |w|=0.23 grounded=4
INFO 2026-07-27 15:24:36.301 joltshadow - docs §70.1: slipdense (player) f=1488 w=0 grounded=1 kappa=-0.669 fnGround=982 omega=-1.27 | ftGround=-653N target=-14.5 limit=716Nm motorNm=-716 tyreNm=528 inertia=2.91 limRot=0/-1789/-1295 omegaPre=-1.16 posN=1321/-77/0 susp=-0.1832 springN=1028
INFO 2026-07-27 15:24:36.301 joltshadow - docs §70.1: slipdense (player) f=1488 w=1 grounded=1 kappa=-20.170 fnGround=621 omega=-14.56 | ftGround=-807N target=-14.5 limit=716Nm motorNm=-599 tyreNm=593 inertia=2.91 limRot=0/-2187/-1134 omegaPre=-14.55 posN=-1295/102/0 susp=-0.0671 springN=474
INFO 2026-07-27 15:24:36.301 joltshadow - docs §70.1: slipdense (player) f=1488 w=2 grounded=1 kappa=-5.549 fnGround=261 omega=-5.54 | ftGround=-421N target=-14.5 limit=716Nm motorNm=-716 tyreNm=318 inertia=2.91 limRot=0/-140/-11 omegaPre=-4.50 posN=-182/404/0 susp=-0.0537 springN=152
INFO 2026-07-27 15:24:36.301 joltshadow - docs §70.1: slipdense (player) f=1488 w=3 grounded=1 kappa=-18.436 fnGround=260 omega=-14.45 | ftGround=-408N target=-14.5 limit=716Nm motorNm=-305 tyreNm=298 inertia=2.91 limRot=0/-121/-24 omegaPre=-14.43 posN=-142/321/0 susp=-0.0335 springN=215
INFO 2026-07-27 15:24:36.301 joltshadow - docs §78: attdense (player) f=1488 joltTilt=19.69 odeTilt=18.47 upDelta=1.28 wBody=(0.10,-0.02,-0.17) |w|=0.20 grounded=4
INFO 2026-07-27 15:24:36.301 joltshadow - docs §82: resync (player) #23 dt=0.50s upMax=2.676 deg posMax=0.944 m odeTiltPath=1.354 deg gain=1.9765
INFO 2026-07-27 15:24:36.301 joltshadow - docs §87: resync landing (player) w=0 pre=0.0350 post=0.0370 m R=0.727 dY=-0.1369 dRotDeg=1.35 |corr|=0.9275 m
INFO 2026-07-27 15:24:36.301 joltshadow - docs §87: resync landing (player) w=1 pre=0.0383 post=0.0676 m R=0.727 dY=-0.1369 dRotDeg=1.35 |corr|=0.9275 m
INFO 2026-07-27 15:24:36.301 joltshadow - docs §87: resync landing (player) w=2 pre=0.0414 post=0.0190 m R=0.727 dY=-0.1369 dRotDeg=1.35 |corr|=0.9275 m
INFO 2026-07-27 15:24:36.302 joltshadow - docs §87: resync landing (player) w=3 pre=0.0201 post=0.0175 m R=0.727 dY=-0.1369 dRotDeg=1.35 |corr|=0.9275 m
INFO 2026-07-27 15:24:36.302 joltshadow - docs §82: resync RESIDUAL (player) #23 pos=0.0000 m up=0.0000 deg
INFO 2026-07-27 15:24:36.333 joltshadow - docs §70.1: slipdense (player) f=1492 w=0 grounded=1 kappa=-0.814 fnGround=728 omega=-1.59 | ftGround=-846N target=-14.5 limit=716Nm motorNm=-716 tyreNm=643 inertia=2.91 limRot=0/-1861/-1034 omegaPre=-1.47 posN=446/604/0 susp=-0.1072 springN=689
INFO 2026-07-27 15:24:36.333 joltshadow - docs §70.1: slipdense (player) f=1492 w=1 grounded=0 kappa=0.000 fnGround=0 omega=-14.52 | ftGround=0N target=-14.5 limit=716Nm motorNm=2 tyreNm=0 inertia=2.91 limRot=0/-1169/-236 omegaPre=-14.53 posN=-80/-82/0 susp=-0.0304 springN=24
INFO 2026-07-27 15:24:36.333 joltshadow - docs §70.1: slipdense (player) f=1492 w=2 grounded=1 kappa=-11.150 fnGround=359 omega=-8.99 | ftGround=-521N target=-14.5 limit=716Nm motorNm=-716 tyreNm=385 inertia=2.91 limRot=0/-182/-22 omegaPre=-7.97 posN=-215/312/0 susp=-0.0469 springN=340
INFO 2026-07-27 15:24:36.333 joltshadow - docs §70.1: slipdense (player) f=1492 w=3 grounded=1 kappa=-19.049 fnGround=675 omega=-13.68 | ftGround=-957N target=-14.5 limit=716Nm motorNm=-716 tyreNm=704 inertia=2.91 limRot=0/-155/-11 omegaPre=-13.65 posN=-168/757/0 susp=-0.0999 springN=764
INFO 2026-07-27 15:24:36.333 joltshadow - docs §78: attdense (player) f=1492 joltTilt=18.36 odeTilt=18.40 upDelta=0.05 wBody=(0.06,-0.07,-0.05) |w|=0.10 grounded=3
INFO 2026-07-27 15:24:36.371 joltshadow - docs §70.1: slipdense (player) f=1496 w=0 grounded=1 kappa=-0.612 fnGround=744 omega=-2.31 | ftGround=-863N target=-14.5 limit=716Nm motorNm=-716 tyreNm=655 inertia=2.91 limRot=0/-1138/-1149 omegaPre=-1.88 posN=1186/136/0 susp=-0.1133 springN=722
INFO 2026-07-27 15:24:36.371 joltshadow - docs §70.1: slipdense (player) f=1496 w=1 grounded=1 kappa=-18.704 fnGround=344 omega=-14.47 | ftGround=-449N target=-14.5 limit=716Nm motorNm=-432 tyreNm=325 inertia=2.91 limRot=0/-1864/0 omegaPre=-13.63 posN=-768/49/0 susp=-0.0316 springN=284
INFO 2026-07-27 15:24:36.371 joltshadow - docs §70.1: slipdense (player) f=1496 w=2 grounded=1 kappa=-7.968 fnGround=300 omega=-12.75 | ftGround=-546N target=-14.5 limit=716Nm motorNm=-716 tyreNm=403 inertia=2.91 limRot=0/-87/-4 omegaPre=-11.66 posN=-105/370/0 susp=-0.0455 springN=310
INFO 2026-07-27 15:24:36.371 joltshadow - docs §70.1: slipdense (player) f=1496 w=3 grounded=1 kappa=-10.300 fnGround=637 omega=-12.53 | ftGround=-1121N target=-14.5 limit=716Nm motorNm=-716 tyreNm=825 inertia=2.91 limRot=0/-86/5 omegaPre=-13.02 posN=-94/936/0 susp=-0.1007 springN=737
INFO 2026-07-27 15:24:36.371 joltshadow - docs §78: attdense (player) f=1496 joltTilt=18.18 odeTilt=18.35 upDelta=0.20 wBody=(0.10,-0.07,-0.02) |w|=0.12 grounded=4
INFO 2026-07-27 15:24:36.409 joltshadow - docs §70.1: slipdense (player) f=1500 w=0 grounded=1 kappa=-0.273 fnGround=713 omega=-2.95 | ftGround=-869N target=-14.5 limit=716Nm motorNm=-716 tyreNm=660 inertia=2.91 limRot=0/-862/-1279 omegaPre=-2.80 posN=1346/72/0 susp=-0.1170 springN=705
INFO 2026-07-27 15:24:36.409 joltshadow - docs §70.1: slipdense (player) f=1500 w=1 grounded=1 kappa=-10.438 fnGround=453 omega=-14.43 | ftGround=-613N target=-14.5 limit=716Nm motorNm=-461 tyreNm=453 inertia=2.91 limRot=0/566/0 omegaPre=-14.43 posN=-755/504/0 susp=-0.0399 springN=290
INFO 2026-07-27 15:24:36.409 joltshadow - docs §70.1: slipdense (player) f=1500 w=2 grounded=1 kappa=-5.784 fnGround=289 omega=-14.43 | ftGround=-498N target=-14.5 limit=716Nm motorNm=-367 tyreNm=368 inertia=2.91 limRot=0/-218/-28 omegaPre=-14.44 posN=-283/325/0 susp=-0.0417 springN=256
INFO 2026-07-27 15:24:36.409 joltshadow - docs §70.1: slipdense (player) f=1500 w=3 grounded=1 kappa=-6.219 fnGround=636 omega=-11.63 | ftGround=-1045N target=-14.5 limit=716Nm motorNm=-716 tyreNm=769 inertia=2.91 limRot=0/-253/-26 omegaPre=-11.79 posN=-325/832/0 susp=-0.0991 springN=709
INFO 2026-07-27 15:24:36.409 joltshadow - docs §78: attdense (player) f=1500 joltTilt=17.95 odeTilt=18.31 upDelta=0.41 wBody=(0.11,-0.13,-0.05) |w|=0.18 grounded=4
INFO 2026-07-27 15:24:36.409 joltshadow - Shadow divergence (player): pos=1.643m vel=1.319m/s angle=0.6deg (jolt com=[4651.0 264.7 1168.0] ode com=[4650.5 263.5 1167.1])
INFO 2026-07-27 15:24:36.409 joltshadow - docs §23.6: driver input (player) realThrottle=-10.00 brake=0.01 handBrake=0 steerRad=0.000
INFO 2026-07-27 15:24:36.409 joltshadow - docs §32: Jolt SHADOW chassis pitch (player) forward=(-0.166, 0.219, -0.962)
INFO 2026-07-27 15:24:36.410 joltshadow - docs §69: tilt (player) jolt=17.9 deg ode=18.3 deg delta=-0.4 deg upDelta=0.41 deg
INFO 2026-07-27 15:24:36.410 joltshadow - docs §32.4: Jolt SHADOW chassis lowest corner (player) = (4652.95,263.53,1170.89) clearanceToGround=0.772
INFO 2026-07-27 15:24:36.410 joltshadow - docs §23.5: wheel state (player) wheel=0 contact=0 suspLen=1.050 (range 0.050-1.050, 0% compressed) angVel=0.00
INFO 2026-07-27 15:24:36.410 joltshadow - docs §38.11: wheel=0 NO contact, worldAxle=(0.953,-0.217,-0.213)
INFO 2026-07-27 15:24:36.410 joltshadow - docs §32: no-contact raycast (player) wheel=0 bodyPos=(4650.88,264.79,1167.40) localMPos=(-1.367,-0.436,2.663) origin=(4651.63,264.66,1164.47) dir=(-0.255,-0.951,-0.173) normalRayLen=1.777 groundFoundAt=0.000 shortfallBeyondTravel=-1.777 hitBody=8391036 hitLayer=4 hitMotion=2 hitIsSelfChassis=0
INFO 2026-07-27 15:24:36.410 joltshadow - docs §23.5: wheel state (player) wheel=1 contact=0 suspLen=1.050 (range 0.050-1.050, 0% compressed) angVel=0.00
INFO 2026-07-27 15:24:36.410 joltshadow - docs §38.11: wheel=1 NO contact, worldAxle=(0.953,-0.217,-0.213)
INFO 2026-07-27 15:24:36.410 joltshadow - docs §32: no-contact raycast (player) wheel=1 bodyPos=(4650.88,264.79,1167.40) localMPos=(1.369,-0.436,2.663) origin=(4649.03,265.26,1165.06) dir=(-0.255,-0.951,-0.173) normalRayLen=1.777 groundFoundAt=0.000 shortfallBeyondTravel=-1.777 hitBody=8391037 hitLayer=4 hitMotion=2 hitIsSelfChassis=0
INFO 2026-07-27 15:24:36.410 joltshadow - docs §23.5: wheel state (player) wheel=2 contact=0 suspLen=1.050 (range 0.050-1.050, 0% compressed) angVel=0.00
INFO 2026-07-27 15:24:36.410 joltshadow - docs §38.11: wheel=2 NO contact, worldAxle=(0.953,-0.217,-0.213)
INFO 2026-07-27 15:24:36.410 joltshadow - docs §32: no-contact raycast (player) wheel=2 bodyPos=(4650.88,264.79,1167.40) localMPos=(-1.367,-0.436,-1.944) origin=(4652.40,263.66,1168.90) dir=(-0.255,-0.951,-0.173) normalRayLen=1.777 groundFoundAt=0.000 shortfallBeyondTravel=-1.777 hitBody=8391038 hitLayer=4 hitMotion=2 hitIsSelfChassis=0
INFO 2026-07-27 15:24:36.410 joltshadow - docs §23.5: wheel state (player) wheel=3 contact=0 suspLen=1.050 (range 0.050-1.050, 0% compressed) angVel=0.00
INFO 2026-07-27 15:24:36.411 joltshadow - docs §38.11: wheel=3 NO contact, worldAxle=(0.953,-0.217,-0.213)
INFO 2026-07-27 15:24:36.411 joltshadow - docs §32: no-contact raycast (player) wheel=3 bodyPos=(4650.88,264.79,1167.40) localMPos=(1.369,-0.436,-1.944) origin=(4649.79,264.25,1169.49) dir=(-0.255,-0.951,-0.173) normalRayLen=1.777 groundFoundAt=0.000 shortfallBeyondTravel=-1.777 hitBody=8391039 hitLayer=4 hitMotion=2 hitIsSelfChassis=0
INFO 2026-07-27 15:24:36.411 joltshadow - docs §59/63: harvest (player) wheelsWithContact=4 contactPoints=10 overflow=0 (of 4) | maxNormalF=713N bound(k_t*tau)=1229N ratio=0.58
INFO 2026-07-27 15:24:36.411 joltshadow - docs §58: wheel body (player) w=0 springF=705N stopF=0N travel=-0.1170 (limits -0.5000..0.5000 rel spawn) kSusp=6000 sagPredicted=0.1175 | frameTrav=-0.1170..-0.1169 frameStopN=0
INFO 2026-07-27 15:24:36.411 joltshadow - docs §66: tyre band (player) w=0 fnGround=713N fnTotal=757N pen=0.00605 penRaw=0.00605 tau=0.01024 pen/tau=0.59 | recs tyre=1 rim=1 survived=1 stale=0 distMax=0.99R
INFO 2026-07-27 15:24:36.411 joltshadow - docs §68: steer (player) w=0 steerable=1 commanded=0.000 rad measured=0.611 rad err=35.00 deg steerSign=-1 steerTq=2105Nm cap=2105Nm sat=1.00
INFO 2026-07-27 15:24:36.411 joltshadow - docs §70: slip (player) w=0 grounded=1 kappa=-0.273 fnGround=713N omega=-2.95
INFO 2026-07-27 15:24:36.411 joltshadow - docs §67: spin (player) w=0 driven=1 omega=-2.95 rad/s surfaceSpeed=-2.15 m/s spinSign=+1 motorTq=-716Nm cmdTq=716Nm
INFO 2026-07-27 15:24:36.411 joltshadow - docs §58: wheel body (player) w=1 springF=290N stopF=0N travel=-0.0399 (limits -0.5000..0.5000 rel spawn) kSusp=6000 sagPredicted=0.0484 | frameTrav=-0.0399..-0.0391 frameStopN=0
INFO 2026-07-27 15:24:36.411 joltshadow - docs §66: tyre band (player) w=1 fnGround=453N fnTotal=464N pen=0.00361 penRaw=0.00361 tau=0.01024 pen/tau=0.35 | recs tyre=1 rim=1 survived=1 stale=0 distMax=1.00R
INFO 2026-07-27 15:24:36.411 joltshadow - docs §68: steer (player) w=1 steerable=1 commanded=0.000 rad measured=-0.028 rad err=-1.63 deg steerSign=-1 steerTq=1232Nm cap=1232Nm sat=1.00
INFO 2026-07-27 15:24:36.411 joltshadow - docs §70: slip (player) w=1 grounded=1 kappa=-10.438 fnGround=453N omega=-14.43
INFO 2026-07-27 15:24:36.411 joltshadow - docs §67: spin (player) w=1 driven=1 omega=-14.43 rad/s surfaceSpeed=-10.49 m/s spinSign=+1 motorTq=-461Nm cmdTq=716Nm
INFO 2026-07-27 15:24:36.411 joltshadow - docs §58: wheel body (player) w=2 springF=256N stopF=0N travel=-0.0417 (limits -0.5000..0.5000 rel spawn) kSusp=7500 sagPredicted=0.0341 | frameTrav=-0.0424..-0.0417 frameStopN=0
INFO 2026-07-27 15:24:36.412 joltshadow - docs §66: tyre band (player) w=2 fnGround=289N fnTotal=295N pen=0.00225 penRaw=0.00225 tau=0.01024 pen/tau=0.22 | recs tyre=1 rim=1 survived=1 stale=0 distMax=1.00R
INFO 2026-07-27 15:24:36.412 joltshadow - docs §68: steer (player) w=2 steerable=0 commanded=0.000 rad measured=-0.000 rad err=-0.00 deg steerSign=-1 steerTq=0Nm cap=340282346638528859811704183484516925440Nm sat=0.00
INFO 2026-07-27 15:24:36.412 joltshadow - docs §70: slip (player) w=2 grounded=1 kappa=-5.784 fnGround=289N omega=-14.43
INFO 2026-07-27 15:24:36.412 joltshadow - docs §67: spin (player) w=2 driven=1 omega=-14.43 rad/s surfaceSpeed=-10.50 m/s spinSign=+1 motorTq=-367Nm cmdTq=716Nm
INFO 2026-07-27 15:24:36.412 joltshadow - docs §58: wheel body (player) w=3 springF=709N stopF=0N travel=-0.0991 (limits -0.5000..0.5000 rel spawn) kSusp=7500 sagPredicted=0.0946 | frameTrav=-0.0995..-0.0991 frameStopN=0
INFO 2026-07-27 15:24:36.412 joltshadow - docs §66: tyre band (player) w=3 fnGround=636N fnTotal=650N pen=0.00518 penRaw=0.00518 tau=0.01024 pen/tau=0.51 | recs tyre=2 rim=2 survived=1 stale=0 distMax=1.00R
INFO 2026-07-27 15:24:36.412 joltshadow - docs §68: steer (player) w=3 steerable=0 commanded=0.000 rad measured=-0.000 rad err=-0.00 deg steerSign=-1 steerTq=0Nm cap=340282346638528859811704183484516925440Nm sat=0.00
INFO 2026-07-27 15:24:36.412 joltshadow - docs §70: slip (player) w=3 grounded=1 kappa=-6.219 fnGround=636N omega=-11.63
INFO 2026-07-27 15:24:36.412 joltshadow - docs §67: spin (player) w=3 driven=1 omega=-11.63 rad/s surfaceSpeed=-8.46 m/s spinSign=+1 motorTq=-716Nm cmdTq=716Nm
INFO 2026-07-27 15:24:36.412 joltshadow - docs §67: drivetrain (player) gear=0 rpm=4481 driveTorque=2880Nm perWheel=720Nm driven=4 throttle=-1.00 spin=1 | PRE-STEP brake=0.01 handBrake=0
INFO 2026-07-27 15:24:36.412 joltshadow - docs §66: tyre band SUM (player) fnGroundSum=2091N fnTotalSum=2166N weight=1638N carried=1.32 | penSum=0.01710 recs tyre=5 rim=5 stale=0
INFO 2026-07-27 15:24:36.412 joltshadow - docs §30: REAL ODE chassis COM (player) body=53396828 = (4650.493, 263.480, 1167.080) forward=(-0.171, 0.227, -0.959)
INFO 2026-07-27 15:24:36.412 joltshadow - docs §33: real ODE chassis geom (player) #1 = class 0 (not a transform) pos=(4650.493,263.480,1167.080) radius=4.000
INFO 2026-07-27 15:24:36.412 joltshadow - docs §33: real ODE chassis geom (player) #2 = transform, inner class=1 pos=(0.000,3.010,-1.827)
INFO 2026-07-27 15:24:36.412 joltshadow - docs §33: real ODE chassis geom (player) #3 = transform, inner class=1 pos=(0.013,2.455,4.253)
INFO 2026-07-27 15:24:36.412 joltshadow - docs §33: real ODE chassis geom (player) #4 = transform, inner class=1 pos=(0.000,2.778,2.038)
INFO 2026-07-27 15:24:36.412 joltshadow - docs §33: real ODE chassis geom (player) #5 = transform, inner class=1 pos=(0.000,1.675,0.000)
INFO 2026-07-27 15:24:36.412 joltshadow - docs §33: real ODE chassis geom (player) #6 = class 0 (not a transform) pos=(4650.493,263.480,1167.080) radius=30.000
INFO 2026-07-27 15:24:36.412 joltshadow - docs §33: real ODE chassis geom (player) #7 = class 0 (not a transform) pos=(4650.493,263.480,1167.080) radius=8.161
INFO 2026-07-27 15:24:36.412 joltshadow - docs §33: real ODE chassis geom (player) #8 = class 0 (not a transform) pos=(4650.493,263.480,1167.080) radius=200.000
INFO 2026-07-27 15:24:36.412 joltshadow - docs §33: real ODE chassis (player) has 8 total geom(s) directly attached (4 transform(s)) - compare against BuildChassisCompoundShape's own part/geom count in the build log
INFO 2026-07-27 15:24:36.412 joltshadow - docs §28: REAL ODE wheel state (player) wheel=0 displacement=0.0588 range=1.000 (6% compressed, signed) foreAft=2.663 localZ=2.663 cfm=0.002500 erp=0.2500
INFO 2026-07-27 15:24:36.412 joltshadow - docs §28: REAL ODE wheel state (player) wheel=1 displacement=-0.0100 range=1.000 (-1% compressed, signed) foreAft=2.663 localZ=2.663 cfm=0.002500 erp=0.2500
INFO 2026-07-27 15:24:36.413 joltshadow - docs §28: REAL ODE wheel state (player) wheel=2 displacement=-0.0053 range=1.000 (-1% compressed, signed) foreAft=-1.944 localZ=-1.944 cfm=0.002000 erp=0.2500
INFO 2026-07-27 15:24:36.413 joltshadow - docs §28: REAL ODE wheel state (player) wheel=3 displacement=0.0519 range=1.000 (5% compressed, signed) foreAft=-1.944 localZ=-1.944 cfm=0.002000 erp=0.2500
INFO 2026-07-27 15:24:36.449 joltshadow - docs §70.1: slipdense (player) f=1504 w=0 grounded=1 kappa=-0.222 fnGround=724 omega=-3.86 | ftGround=-856N target=-14.5 limit=716Nm motorNm=-716 tyreNm=648 inertia=2.91 limRot=0/-641/-1489 omegaPre=-3.52 posN=1335/29/0 susp=-0.1167 springN=696
INFO 2026-07-27 15:24:36.449 joltshadow - docs §70.1: slipdense (player) f=1504 w=1 grounded=1 kappa=-5.312 fnGround=457 omega=-14.42 | ftGround=-637N target=-14.5 limit=716Nm motorNm=-471 tyreNm=472 inertia=2.91 limRot=0/-525/0 omegaPre=-14.42 posN=-730/599/0 susp=-0.0459 springN=312
INFO 2026-07-27 15:24:36.449 joltshadow - docs §70.1: slipdense (player) f=1504 w=2 grounded=1 kappa=-3.942 fnGround=281 omega=-14.42 | ftGround=-493N target=-14.5 limit=716Nm motorNm=-363 tyreNm=364 inertia=2.91 limRot=0/-202/-22 omegaPre=-14.42 posN=-242/308/0 susp=-0.0359 springN=221
INFO 2026-07-27 15:24:36.449 joltshadow - docs §70.1: slipdense (player) f=1504 w=3 grounded=1 kappa=-3.832 fnGround=582 omega=-10.90 | ftGround=-979N target=-14.5 limit=716Nm motorNm=-716 tyreNm=741 inertia=2.91 limRot=0/-307/-29 omegaPre=-11.00 posN=-380/816/0 susp=-0.0958 springN=686
INFO 2026-07-27 15:24:36.449 joltshadow - docs §78: attdense (player) f=1504 joltTilt=17.68 odeTilt=18.28 upDelta=0.68 wBody=(0.13,-0.18,-0.04) |w|=0.22 grounded=4
INFO 2026-07-27 15:24:36.486 joltshadow - docs §70.1: slipdense (player) f=1508 w=0 grounded=1 kappa=-0.156 fnGround=703 omega=-4.61 | ftGround=-858N target=-14.5 limit=716Nm motorNm=-716 tyreNm=651 inertia=2.91 limRot=0/-331/-1634 omegaPre=-4.51 posN=1342/43/0 susp=-0.1151 springN=674
INFO 2026-07-27 15:24:36.486 joltshadow - docs §70.1: slipdense (player) f=1508 w=1 grounded=1 kappa=-4.162 fnGround=467 omega=-14.41 | ftGround=-656N target=-14.5 limit=716Nm motorNm=-483 tyreNm=484 inertia=2.91 limRot=0/-510/0 omegaPre=-14.41 posN=-742/608/0 susp=-0.0485 springN=311
INFO 2026-07-27 15:24:36.486 joltshadow - docs §70.1: slipdense (player) f=1508 w=2 grounded=1 kappa=-2.918 fnGround=243 omega=-14.41 | ftGround=-441N target=-14.5 limit=716Nm motorNm=-324 tyreNm=325 inertia=2.91 limRot=0/-157/-14 omegaPre=-14.41 posN=-179/267/0 susp=-0.0317 springN=198
INFO 2026-07-27 15:24:36.486 joltshadow - docs §70.1: slipdense (player) f=1508 w=3 grounded=1 kappa=-2.736 fnGround=557 omega=-10.50 | ftGround=-967N target=-14.5 limit=716Nm motorNm=-716 tyreNm=737 inertia=2.91 limRot=0/-357/-36 omegaPre=-10.57 posN=-452/819/0 susp=-0.0909 springN=642
INFO 2026-07-27 15:24:36.486 joltshadow - docs §78: attdense (player) f=1508 joltTilt=17.43 odeTilt=18.25 upDelta=0.96 wBody=(0.14,-0.23,-0.03) |w|=0.27 grounded=4
INFO 2026-07-27 15:24:36.526 joltshadow - docs §70.1: slipdense (player) f=1512 w=0 grounded=1 kappa=0.226 fnGround=552 omega=-3.27 | ftGround=780N target=14.5 limit=716Nm motorNm=716 tyreNm=-605 inertia=2.91 limRot=0/-118/-1716 omegaPre=-3.55 posN=258/-1037/0 susp=-0.1105 springN=593
INFO 2026-07-27 15:24:36.526 joltshadow - docs §70.1: slipdense (player) f=1512 w=1 grounded=1 kappa=-1.348 fnGround=368 omega=-6.54 | ftGround=-523N target=14.5 limit=716Nm motorNm=716 tyreNm=385 inertia=2.91 limRot=0/-418/0 omegaPre=-9.99 posN=-472/638/0 susp=-0.0467 springN=208
INFO 2026-07-27 15:24:36.526 joltshadow - docs §70.1: slipdense (player) f=1512 w=2 grounded=1 kappa=-1.006 fnGround=268 omega=-7.26 | ftGround=-487N target=14.5 limit=716Nm motorNm=716 tyreNm=358 inertia=2.91 limRot=0/-164/-16 omegaPre=-10.53 posN=-157/529/0 susp=-0.0291 springN=236
INFO 2026-07-27 15:24:36.526 joltshadow - docs §70.1: slipdense (player) f=1512 w=3 grounded=1 kappa=0.225 fnGround=562 omega=-2.55 | ftGround=966N target=14.5 limit=716Nm motorNm=716 tyreNm=-711 inertia=2.91 limRot=0/-346/-59 omegaPre=-5.16 posN=-419/-976/0 susp=-0.0853 springN=573
INFO 2026-07-27 15:24:36.526 joltshadow - docs §78: attdense (player) f=1512 joltTilt=17.22 odeTilt=18.24 upDelta=1.23 wBody=(0.07,-0.23,0.02) |w|=0.24 grounded=4
INFO 2026-07-27 15:24:36.562 joltshadow - docs §70.1: slipdense (player) f=1516 w=0 grounded=1 kappa=0.619 fnGround=411 omega=-1.23 | ftGround=601N target=14.5 limit=716Nm motorNm=716 tyreNm=-466 inertia=2.91 limRot=0/22/-1294 omegaPre=-1.88 posN=153/-657/0 susp=-0.0949 springN=404
INFO 2026-07-27 15:24:36.562 joltshadow - docs §70.1: slipdense (player) f=1516 w=1 grounded=1 kappa=1.582 fnGround=82 omega=2.15 | ftGround=116N target=14.5 limit=716Nm motorNm=716 tyreNm=-87 inertia=2.91 limRot=0/-104/0 omegaPre=0.46 posN=-80/59/0 susp=-0.0292 springN=-24
INFO 2026-07-27 15:24:36.562 joltshadow - docs §70.1: slipdense (player) f=1516 w=2 grounded=1 kappa=0.195 fnGround=603 omega=-2.91 | ftGround=1017N target=14.5 limit=716Nm motorNm=716 tyreNm=-753 inertia=2.91 limRot=0/-174/-41 omegaPre=-2.72 posN=-205/-941/0 susp=-0.0324 springN=314
INFO 2026-07-27 15:24:36.562 joltshadow - docs §70.1: slipdense (player) f=1516 w=3 grounded=1 kappa=0.222 fnGround=733 omega=-2.10 | ftGround=873N target=14.5 limit=716Nm motorNm=716 tyreNm=-658 inertia=2.91 limRot=0/-209/2 omegaPre=-2.11 posN=-288/-819/0 susp=-0.0792 springN=570
INFO 2026-07-27 15:24:36.562 joltshadow - docs §78: attdense (player) f=1516 joltTilt=17.30 odeTilt=18.25 upDelta=1.22 wBody=(-0.06,-0.22,0.06) |w|=0.24 grounded=4
INFO 2026-07-27 15:24:36.591 joltshadow - docs §70.1: slipdense (player) f=1520 w=0 grounded=1 kappa=1.468 fnGround=290 omega=1.98 | ftGround=444N target=14.5 limit=716Nm motorNm=716 tyreNm=-345 inertia=2.91 limRot=0/-80/-1140 omegaPre=1.22 posN=70/-451/0 susp=-0.0751 springN=247
INFO 2026-07-27 15:24:36.591 joltshadow - docs §70.1: slipdense (player) f=1520 w=1 grounded=0 kappa=0.000 fnGround=0 omega=9.34 | ftGround=0N target=14.5 limit=716Nm motorNm=716 tyreNm=0 inertia=2.91 limRot=0/12/0 omegaPre=7.86 posN=25/149/0 susp=-0.0058 springN=-191
INFO 2026-07-27 15:24:36.591 joltshadow - docs §70.1: slipdense (player) f=1520 w=2 grounded=1 kappa=0.223 fnGround=671 omega=-2.32 | ftGround=891N target=14.5 limit=716Nm motorNm=716 tyreNm=-658 inertia=2.91 limRot=0/-164/-35 omegaPre=-2.31 posN=-188/-860/0 susp=-0.0409 springN=443
INFO 2026-07-27 15:24:36.591 joltshadow - docs §70.1: slipdense (player) f=1520 w=3 grounded=1 kappa=0.311 fnGround=714 omega=-1.50 | ftGround=858N target=14.5 limit=716Nm motorNm=716 tyreNm=-669 inertia=2.91 limRot=0/-207/29 omegaPre=-1.49 posN=-306/-846/0 susp=-0.0772 springN=579
INFO 2026-07-27 15:24:36.591 joltshadow - docs §78: attdense (player) f=1520 joltTilt=17.51 odeTilt=18.26 upDelta=1.03 wBody=(-0.14,-0.22,0.08) |w|=0.27 grounded=3
INFO 2026-07-27 15:24:36.624 joltshadow - docs §70.1: slipdense (player) f=1524 w=0 grounded=1 kappa=3.067 fnGround=188 omega=6.62 | ftGround=345N target=14.5 limit=716Nm motorNm=716 tyreNm=-267 inertia=2.91 limRot=0/-400/0 omegaPre=5.38 posN=-74/-258/0 susp=-0.0518 springN=105
INFO 2026-07-27 15:24:36.624 joltshadow - docs §70.1: slipdense (player) f=1524 w=1 grounded=0 kappa=0.000 fnGround=0 omega=14.36 | ftGround=0N target=14.5 limit=716Nm motorNm=-2 tyreNm=0 inertia=2.91 limRot=0/6/0 omegaPre=14.36 posN=8/142/0 susp=0.0153 springN=-235
INFO 2026-07-27 15:24:36.624 joltshadow - docs §70.1: slipdense (player) f=1524 w=2 grounded=1 kappa=0.243 fnGround=855 omega=-1.92 | ftGround=922N target=14.5 limit=716Nm motorNm=716 tyreNm=-676 inertia=2.91 limRot=0/-121/-26 omegaPre=-2.03 posN=-119/-943/0 susp=-0.0539 springN=592
INFO 2026-07-27 15:24:36.624 joltshadow - docs §70.1: slipdense (player) f=1524 w=3 grounded=1 kappa=0.359 fnGround=715 omega=-1.09 | ftGround=843N target=14.5 limit=716Nm motorNm=716 tyreNm=-675 inertia=2.91 limRot=0/-173/55 omegaPre=-1.21 posN=-268/-856/0 susp=-0.0781 springN=605
INFO 2026-07-27 15:24:36.624 joltshadow - docs §78: attdense (player) f=1524 joltTilt=17.84 odeTilt=18.29 upDelta=0.74 wBody=(-0.19,-0.22,0.09) |w|=0.30 grounded=3
INFO 2026-07-27 15:24:36.668 joltshadow - docs §70.1: slipdense (player) f=1528 w=0 grounded=1 kappa=6.618 fnGround=67 omega=14.31 | ftGround=111N target=14.5 limit=716Nm motorNm=217 tyreNm=-86 inertia=2.91 limRot=0/-978/-746 omegaPre=12.65 posN=-104/67/0 susp=-0.0235 springN=-36
INFO 2026-07-27 15:24:36.668 joltshadow - docs §70.1: slipdense (player) f=1528 w=1 grounded=0 kappa=0.000 fnGround=0 omega=14.34 | ftGround=0N target=14.5 limit=716Nm motorNm=0 tyreNm=0 inertia=2.91 limRot=0/4/0 omegaPre=14.34 posN=28/108/0 susp=0.0270 springN=-174
INFO 2026-07-27 15:24:36.668 joltshadow - docs §70.1: slipdense (player) f=1528 w=2 grounded=1 kappa=0.425 fnGround=1034 omega=-1.12 | ftGround=925N target=14.5 limit=716Nm motorNm=716 tyreNm=-675 inertia=2.91 limRot=0/-70/-16 omegaPre=-1.33 posN=-70/-985/0 susp=-0.0779 springN=788
INFO 2026-07-27 15:24:36.668 joltshadow - docs §70.1: slipdense (player) f=1528 w=3 grounded=1 kappa=0.712 fnGround=721 omega=-0.32 | ftGround=828N target=14.5 limit=716Nm motorNm=716 tyreNm=-683 inertia=2.91 limRot=0/-104/82 omegaPre=-0.53 posN=-219/-898/0 susp=-0.0821 springN=644
INFO 2026-07-27 15:24:36.668 joltshadow - docs §78: attdense (player) f=1528 joltTilt=18.38 odeTilt=18.36 upDelta=0.39 wBody=(-0.20,-0.21,0.12) |w|=0.32 grounded=3
INFO 2026-07-27 15:24:36.712 joltshadow - docs §70.1: slipdense (player) f=1532 w=0 grounded=0 kappa=0.000 fnGround=0 omega=14.32 | ftGround=0N target=14.5 limit=716Nm motorNm=1 tyreNm=0 inertia=2.91 limRot=0/-1186/-17 omegaPre=14.32 posN=14/107/0 susp=-0.0001 springN=-131
INFO 2026-07-27 15:24:36.713 joltshadow - docs §70.1: slipdense (player) f=1532 w=1 grounded=0 kappa=0.000 fnGround=0 omega=14.36 | ftGround=0N target=14.5 limit=716Nm motorNm=2 tyreNm=0 inertia=2.91 limRot=0/3/0 omegaPre=14.35 posN=11/111/0 susp=0.0228 springN=-88
INFO 2026-07-27 15:24:36.713 joltshadow - docs §70.1: slipdense (player) f=1532 w=2 grounded=1 kappa=0.568 fnGround=1227 omega=-0.63 | ftGround=945N target=14.5 limit=716Nm motorNm=716 tyreNm=-684 inertia=2.91 limRot=0/-90/-15 omegaPre=-0.82 posN=-102/-1056/0 susp=-0.1026 springN=987
INFO 2026-07-27 15:24:36.713 joltshadow - docs §70.1: slipdense (player) f=1532 w=3 grounded=1 kappa=1.218 fnGround=751 omega=0.20 | ftGround=810N target=14.5 limit=716Nm motorNm=716 tyreNm=-681 inertia=2.91 limRot=0/-126/89 omegaPre=-0.00 posN=-263/-900/0 susp=-0.0869 springN=682
INFO 2026-07-27 15:24:36.713 joltshadow - docs §78: attdense (player) f=1532 joltTilt=18.95 odeTilt=18.41 upDelta=0.58 wBody=(-0.18,-0.22,0.12) |w|=0.31 grounded=2
INFO 2026-07-27 15:24:36.733 testharness - Scenario finished
INFO 2026-07-27 15:24:36.750 joltshadow - docs §70.1: slipdense (player) f=1536 w=0 grounded=0 kappa=0.000 fnGround=0 omega=6.13 | ftGround=0N target=0.0 limit=1192Nm motorNm=-1192 tyreNm=0 inertia=2.91 limRot=0/-974/0 omegaPre=9.82 posN=64/99/0 susp=0.0106 springN=-114
INFO 2026-07-27 15:24:36.750 joltshadow - docs §70.1: slipdense (player) f=1536 w=1 grounded=0 kappa=0.000 fnGround=0 omega=6.18 | ftGround=0N target=0.0 limit=1192Nm motorNm=-1192 tyreNm=0 inertia=2.91 limRot=0/-7/0 omegaPre=9.87 posN=62/72/0 susp=0.0145 springN=-18
INFO 2026-07-27 15:24:36.751 joltshadow - docs §70.1: slipdense (player) f=1536 w=2 grounded=1 kappa=0.884 fnGround=1219 omega=-0.12 | ftGround=1311N target=0.0 limit=3553Nm motorNm=957 tyreNm=-950 inertia=2.91 limRot=0/-219/-36 omegaPre=-0.15 posN=-296/-1466/0 susp=-0.1222 springN=1073
INFO 2026-07-27 15:24:36.751 joltshadow - docs §70.1: slipdense (player) f=1536 w=3 grounded=1 kappa=0.300 fnGround=719 omega=-0.12 | ftGround=234N target=0.0 limit=2119Nm motorNm=207 tyreNm=-199 inertia=2.91 limRot=0/-210/12 omegaPre=-0.15 posN=-390/-266/0 susp=-0.0898 springN=682
INFO 2026-07-27 15:24:36.751 joltshadow - docs §78: attdense (player) f=1536 joltTilt=19.37 odeTilt=18.44 upDelta=0.94 wBody=(-0.12,-0.21,0.10) |w|=0.26 grounded=2
INFO 2026-07-27 15:24:36.787 joltshadow - docs §70.1: slipdense (player) f=1540 w=0 grounded=0 kappa=0.000 fnGround=0 omega=-0.06 | ftGround=0N target=0.0 limit=1192Nm motorNm=8 tyreNm=0 inertia=2.91 limRot=0/1028/0 omegaPre=-0.09 posN=27/55/0 susp=0.0129 springN=-83
INFO 2026-07-27 15:24:36.788 joltshadow - docs §70.1: slipdense (player) f=1540 w=1 grounded=0 kappa=0.000 fnGround=0 omega=-0.06 | ftGround=0N target=0.0 limit=1192Nm motorNm=3 tyreNm=0 inertia=2.91 limRot=0/-10/0 omegaPre=-0.07 posN=25/61/0 susp=0.0075 springN=-16
INFO 2026-07-27 15:24:36.788 joltshadow - docs §70.1: slipdense (player) f=1540 w=2 grounded=1 kappa=0.923 fnGround=1229 omega=-0.06 | ftGround=837N target=0.0 limit=3591Nm motorNm=614 tyreNm=-611 inertia=2.91 limRot=0/-180/-28 omegaPre=-0.07 posN=-233/-1052/0 susp=-0.1344 springN=1109
INFO 2026-07-27 15:24:36.788 joltshadow - docs §70.1: slipdense (player) f=1540 w=3 grounded=1 kappa=0.098 fnGround=691 omega=-0.06 | ftGround=63N target=0.0 limit=2044Nm motorNm=57 tyreNm=-54 inertia=2.91 limRot=0/-177/-6 omegaPre=-0.07 posN=-330/-75/0 susp=-0.0881 springN=642
INFO 2026-07-27 15:24:36.788 joltshadow - docs §78: attdense (player) f=1540 joltTilt=19.64 odeTilt=18.43 upDelta=1.22 wBody=(-0.06,-0.19,0.10) |w|=0.23 grounded=2
INFO 2026-07-27 15:24:36.806 joltshadow - docs §82: resync (player) #24 dt=0.51s upMax=1.354 deg posMax=0.711 m odeTiltPath=0.419 deg gain=3.2282
INFO 2026-07-27 15:24:36.806 joltshadow - docs §87: resync landing (player) w=0 pre=0.0541 post=0.0370 m R=0.727 dY=0.1018 dRotDeg=5.35 |corr|=0.7115 m
INFO 2026-07-27 15:24:36.807 joltshadow - docs §87: resync landing (player) w=1 pre=0.1988 post=0.0612 m R=0.727 dY=0.1018 dRotDeg=5.35 |corr|=0.7115 m
INFO 2026-07-27 15:24:36.807 joltshadow - docs §87: resync landing (player) w=2 pre=0.0118 post=0.0181 m R=0.727 dY=0.1018 dRotDeg=5.35 |corr|=0.7115 m
INFO 2026-07-27 15:24:36.807 joltshadow - docs §87: resync landing (player) w=3 pre=0.0046 post=0.0109 m R=0.727 dY=0.1018 dRotDeg=5.35 |corr|=0.7115 m
INFO 2026-07-27 15:24:36.807 joltshadow - docs §82: resync RESIDUAL (player) #24 pos=0.0000 m up=0.0000 deg
INFO 2026-07-27 15:24:36.825 joltshadow - docs §70.1: slipdense (player) f=1544 w=0 grounded=1 kappa=-0.228 fnGround=751 omega=-0.01 | ftGround=-229N target=0.0 limit=2843Nm motorNm=-171 tyreNm=169 inertia=2.91 limRot=0/1400/0 omegaPre=-0.01 posN=359/322/0 susp=-0.1053 springN=630
INFO 2026-07-27 15:24:36.825 joltshadow - docs §70.1: slipdense (player) f=1544 w=1 grounded=0 kappa=0.000 fnGround=0 omega=-0.01 | ftGround=0N target=0.0 limit=1192Nm motorNm=-1 tyreNm=0 inertia=2.91 limRot=0/5/0 omegaPre=-0.00 posN=-87/39/0 susp=-0.0355 springN=69
INFO 2026-07-27 15:24:36.825 joltshadow - docs §70.1: slipdense (player) f=1544 w=2 grounded=1 kappa=0.130 fnGround=561 omega=-0.01 | ftGround=132N target=0.0 limit=1817Nm motorNm=96 tyreNm=-97 inertia=2.91 limRot=0/-65/-11 omegaPre=-0.00 posN=-64/-257/0 susp=-0.0509 springN=386
INFO 2026-07-27 15:24:36.825 joltshadow - docs §70.1: slipdense (player) f=1544 w=3 grounded=1 kappa=0.069 fnGround=892 omega=-0.01 | ftGround=70N target=0.0 limit=3035Nm motorNm=50 tyreNm=-51 inertia=2.91 limRot=0/-56/-8 omegaPre=-0.00 posN=-44/-196/0 susp=-0.1036 springN=835
INFO 2026-07-27 15:24:36.825 joltshadow - docs §78: attdense (player) f=1544 joltTilt=18.41 odeTilt=18.40 upDelta=0.00 wBody=(-0.01,-0.03,-0.01) |w|=0.03 grounded=3
INFO 2026-07-27 15:24:36.863 joltshadow - docs §70.1: slipdense (player) f=1548 w=0 grounded=1 kappa=0.190 fnGround=642 omega=-0.03 | ftGround=168N target=0.0 limit=1900Nm motorNm=123 tyreNm=-126 inertia=2.91 limRot=0/-663/0 omegaPre=-0.02 posN=-320/-73/0 susp=-0.1006 springN=554
INFO 2026-07-27 15:24:36.863 joltshadow - docs §70.1: slipdense (player) f=1548 w=1 grounded=1 kappa=0.039 fnGround=351 omega=-0.03 | ftGround=35N target=0.0 limit=2161Nm motorNm=24 tyreNm=-26 inertia=2.91 limRot=0/-129/0 omegaPre=-0.02 posN=-135/-8/0 susp=-0.0164 springN=75
INFO 2026-07-27 15:24:36.863 joltshadow - docs §70.1: slipdense (player) f=1548 w=2 grounded=1 kappa=0.098 fnGround=492 omega=-0.03 | ftGround=88N target=0.0 limit=1298Nm motorNm=63 tyreNm=-65 inertia=2.91 limRot=0/-85/-19 omegaPre=-0.02 posN=-85/-126/0 susp=-0.0496 springN=356
INFO 2026-07-27 15:24:36.864 joltshadow - docs §70.1: slipdense (player) f=1548 w=3 grounded=1 kappa=0.058 fnGround=871 omega=-0.03 | ftGround=53N target=0.0 limit=2540Nm motorNm=36 tyreNm=-39 inertia=2.91 limRot=0/-82/-18 omegaPre=-0.02 posN=-74/-205/0 susp=-0.1032 springN=761
INFO 2026-07-27 15:24:36.864 joltshadow - docs §78: attdense (player) f=1548 joltTilt=18.42 odeTilt=18.36 upDelta=0.07 wBody=(-0.03,-0.01,0.01) |w|=0.03 grounded=4
INFO 2026-07-27 15:24:36.900 joltshadow - docs §70.1: slipdense (player) f=1552 w=0 grounded=1 kappa=0.017 fnGround=585 omega=-0.05 | ftGround=13N target=0.0 limit=1770Nm motorNm=9 tyreNm=-10 inertia=2.91 limRot=0/110/0 omegaPre=-0.04 posN=-49/31/0 susp=-0.0926 springN=502
INFO 2026-07-27 15:24:36.901 joltshadow - docs §70.1: slipdense (player) f=1552 w=1 grounded=1 kappa=0.044 fnGround=73 omega=-0.05 | ftGround=35N target=0.0 limit=1192Nm motorNm=26 tyreNm=-26 inertia=2.91 limRot=0/-7/0 omegaPre=-0.04 posN=-43/-10/0 susp=-0.0080 springN=-28
INFO 2026-07-27 15:24:36.901 joltshadow - docs §70.1: slipdense (player) f=1552 w=2 grounded=1 kappa=0.032 fnGround=472 omega=-0.05 | ftGround=26N target=0.0 limit=1359Nm motorNm=18 tyreNm=-19 inertia=2.91 limRot=0/-68/-13 omegaPre=-0.04 posN=-69/-98/0 susp=-0.0486 springN=366
INFO 2026-07-27 15:24:36.901 joltshadow - docs §70.1: slipdense (player) f=1552 w=3 grounded=1 kappa=0.070 fnGround=833 omega=-0.05 | ftGround=57N target=0.0 limit=2507Nm motorNm=41 tyreNm=-42 inertia=2.91 limRot=0/-71/-14 omegaPre=-0.04 posN=-65/-191/0 susp=-0.1001 springN=734
INFO 2026-07-27 15:24:36.901 joltshadow - docs §78: attdense (player) f=1552 joltTilt=18.52 odeTilt=18.32 upDelta=0.20 wBody=(-0.05,0.00,0.03) |w|=0.05 grounded=4
INFO 2026-07-27 15:24:36.937 joltshadow - docs §70.1: slipdense (player) f=1556 w=0 grounded=1 kappa=0.058 fnGround=528 omega=-0.05 | ftGround=51N target=0.0 limit=1619Nm motorNm=38 tyreNm=-38 inertia=2.91 limRot=0/-136/0 omegaPre=-0.05 posN=-110/-7/0 susp=-0.0849 springN=452
INFO 2026-07-27 15:24:36.937 joltshadow - docs §70.1: slipdense (player) f=1556 w=1 grounded=1 kappa=0.058 fnGround=0 omega=-0.05 | ftGround=0N target=0.0 limit=1192Nm motorNm=0 tyreNm=0 inertia=2.91 limRot=0/-10/0 omegaPre=-0.05 posN=19/22/0 susp=0.0032 springN=-102
INFO 2026-07-27 15:24:36.937 joltshadow - docs §70.1: slipdense (player) f=1556 w=2 grounded=1 kappa=0.062 fnGround=479 omega=-0.05 | ftGround=56N target=0.0 limit=1388Nm motorNm=41 tyreNm=-41 inertia=2.91 limRot=0/-87/-17 omegaPre=-0.05 posN=-94/-126/0 susp=-0.0486 springN=373
INFO 2026-07-27 15:24:36.937 joltshadow - docs §70.1: slipdense (player) f=1556 w=3 grounded=1 kappa=0.081 fnGround=819 omega=-0.05 | ftGround=73N target=0.0 limit=2420Nm motorNm=54 tyreNm=-54 inertia=2.91 limRot=0/-90/-18 omegaPre=-0.05 posN=-92/-206/0 susp=-0.0970 springN=710
INFO 2026-07-27 15:24:36.937 joltshadow - docs §78: attdense (player) f=1556 joltTilt=18.64 odeTilt=18.30 upDelta=0.35 wBody=(-0.05,0.00,0.03) |w|=0.06 grounded=4
INFO 2026-07-27 15:24:36.975 joltshadow - docs §70.1: slipdense (player) f=1560 w=0 grounded=1 kappa=0.094 fnGround=488 omega=-0.05 | ftGround=83N target=0.0 limit=1436Nm motorNm=63 tyreNm=-62 inertia=2.91 limRot=0/-90/0 omegaPre=-0.05 posN=-123/-40/0 susp=-0.0781 springN=412
INFO 2026-07-27 15:24:36.977 joltshadow - docs §70.1: slipdense (player) f=1560 w=1 grounded=0 kappa=0.000 fnGround=0 omega=-0.05 | ftGround=0N target=0.0 limit=1192Nm motorNm=0 tyreNm=0 inertia=2.91 limRot=0/-2/0 omegaPre=-0.05 posN=22/24/0 susp=0.0115 springN=-124
INFO 2026-07-27 15:24:36.977 joltshadow - docs §70.1: slipdense (player) f=1560 w=2 grounded=1 kappa=0.077 fnGround=490 omega=-0.05 | ftGround=70N target=0.0 limit=1406Nm motorNm=52 tyreNm=-51 inertia=2.91 limRot=0/-97/-19 omegaPre=-0.05 posN=-106/-139/0 susp=-0.0505 springN=388
INFO 2026-07-27 15:24:36.977 joltshadow - docs §70.1: slipdense (player) f=1560 w=3 grounded=1 kappa=0.094 fnGround=805 omega=-0.05 | ftGround=85N target=0.0 limit=2327Nm motorNm=63 tyreNm=-62 inertia=2.91 limRot=0/-100/-20 omegaPre=-0.05 posN=-105/-213/0 susp=-0.0951 springN=690
INFO 2026-07-27 15:24:36.977 joltshadow - docs §78: attdense (player) f=1560 joltTilt=18.77 odeTilt=18.28 upDelta=0.50 wBody=(-0.05,0.00,0.04) |w|=0.06 grounded=3
INFO 2026-07-27 15:24:36.977 joltshadow - Shadow divergence (player): pos=1.622m vel=0.131m/s angle=0.5deg (jolt com=[4651.0 264.7 1168.0] ode com=[4650.5 263.5 1167.1])
INFO 2026-07-27 15:24:36.978 joltshadow - docs §23.6: driver input (player) realThrottle=-10.00 brake=0.01 handBrake=1 steerRad=0.000
INFO 2026-07-27 15:24:36.978 joltshadow - docs §32: Jolt SHADOW chassis pitch (player) forward=(-0.168, 0.234, -0.958)
INFO 2026-07-27 15:24:36.978 joltshadow - docs §69: tilt (player) jolt=18.8 deg ode=18.3 deg delta=+0.5 deg upDelta=0.50 deg
INFO 2026-07-27 15:24:36.978 joltshadow - docs §32.4: Jolt SHADOW chassis lowest corner (player) = (4652.97,263.49,1170.81) clearanceToGround=0.731
INFO 2026-07-27 15:24:36.978 joltshadow - docs §23.5: wheel state (player) wheel=0 contact=0 suspLen=1.050 (range 0.050-1.050, 0% compressed) angVel=0.00
INFO 2026-07-27 15:24:36.978 joltshadow - docs §38.11: wheel=0 NO contact, worldAxle=(0.950,-0.221,-0.221)
INFO 2026-07-27 15:24:36.978 joltshadow - docs §32: no-contact raycast (player) wheel=0 bodyPos=(4650.90,264.81,1167.35) localMPos=(-1.367,-0.436,2.663) origin=(4651.63,264.72,1164.42) dir=(-0.263,-0.947,-0.185) normalRayLen=1.777 groundFoundAt=0.000 shortfallBeyondTravel=-1.777 hitBody=8391036 hitLayer=4 hitMotion=2 hitIsSelfChassis=0
INFO 2026-07-27 15:24:36.978 joltshadow - docs §23.5: wheel state (player) wheel=1 contact=0 suspLen=1.050 (range 0.050-1.050, 0% compressed) angVel=0.00
INFO 2026-07-27 15:24:36.978 joltshadow - docs §38.11: wheel=1 NO contact, worldAxle=(0.950,-0.221,-0.221)
INFO 2026-07-27 15:24:36.978 joltshadow - docs §32: no-contact raycast (player) wheel=1 bodyPos=(4650.90,264.81,1167.35) localMPos=(1.369,-0.436,2.663) origin=(4649.03,265.33,1165.02) dir=(-0.263,-0.947,-0.185) normalRayLen=1.777 groundFoundAt=0.000 shortfallBeyondTravel=-1.777 hitBody=8391037 hitLayer=4 hitMotion=2 hitIsSelfChassis=0
INFO 2026-07-27 15:24:36.978 joltshadow - docs §23.5: wheel state (player) wheel=2 contact=0 suspLen=1.050 (range 0.050-1.050, 0% compressed) angVel=0.00
INFO 2026-07-27 15:24:36.978 joltshadow - docs §38.11: wheel=2 NO contact, worldAxle=(0.950,-0.221,-0.221)
INFO 2026-07-27 15:24:36.978 joltshadow - docs §32: no-contact raycast (player) wheel=2 bodyPos=(4650.90,264.81,1167.35) localMPos=(-1.367,-0.436,-1.944) origin=(4652.41,263.64,1168.83) dir=(-0.263,-0.947,-0.185) normalRayLen=1.777 groundFoundAt=0.000 shortfallBeyondTravel=-1.777 hitBody=8391038 hitLayer=4 hitMotion=2 hitIsSelfChassis=0
INFO 2026-07-27 15:24:36.978 joltshadow - docs §23.5: wheel state (player) wheel=3 contact=0 suspLen=1.050 (range 0.050-1.050, 0% compressed) angVel=0.00
INFO 2026-07-27 15:24:36.978 joltshadow - docs §38.11: wheel=3 NO contact, worldAxle=(0.950,-0.221,-0.221)
INFO 2026-07-27 15:24:36.978 joltshadow - docs §32: no-contact raycast (player) wheel=3 bodyPos=(4650.90,264.81,1167.35) localMPos=(1.369,-0.436,-1.944) origin=(4649.81,264.25,1169.44) dir=(-0.263,-0.947,-0.185) normalRayLen=1.777 groundFoundAt=0.000 shortfallBeyondTravel=-1.777 hitBody=8391039 hitLayer=4 hitMotion=2 hitIsSelfChassis=0
INFO 2026-07-27 15:24:36.978 joltshadow - docs §59/63: harvest (player) wheelsWithContact=4 contactPoints=10 overflow=0 (of 4) | maxNormalF=805N bound(k_t*tau)=1229N ratio=0.66
INFO 2026-07-27 15:24:36.978 joltshadow - docs §58: wheel body (player) w=0 springF=412N stopF=0N travel=-0.0781 (limits -0.5000..0.5000 rel spawn) kSusp=6000 sagPredicted=0.0687 | frameTrav=-0.0790..-0.0781 frameStopN=0
INFO 2026-07-27 15:24:36.979 joltshadow - docs §66: tyre band (player) w=0 fnGround=488N fnTotal=506N pen=0.00401 penRaw=0.00401 tau=0.01024 pen/tau=0.39 | recs tyre=1 rim=1 survived=1 stale=0 distMax=0.99R
INFO 2026-07-27 15:24:36.979 joltshadow - docs §68: steer (player) w=0 steerable=1 commanded=0.000 rad measured=-0.000 rad err=-0.00 deg steerSign=-1 steerTq=-2Nm cap=1436Nm sat=0.00
INFO 2026-07-27 15:24:36.979 joltshadow - docs §70: slip (player) w=0 grounded=1 kappa=0.094 fnGround=488N omega=-0.05
INFO 2026-07-27 15:24:36.979 joltshadow - docs §67: spin (player) w=0 driven=1 omega=-0.05 rad/s surfaceSpeed=-0.03 m/s spinSign=+1 motorTq=63Nm cmdTq=1436Nm
INFO 2026-07-27 15:24:36.979 joltshadow - docs §58: wheel body (player) w=1 springF=-124N stopF=0N travel=0.0115 (limits -0.5000..0.5000 rel spawn) kSusp=6000 sagPredicted=-0.0207 | frameTrav=0.0106..0.0115 frameStopN=0
INFO 2026-07-27 15:24:36.979 joltshadow - docs §66: tyre band (player) w=1 fnGround=0N fnTotal=0N pen=0.00000 penRaw=0.00000 tau=0.01024 pen/tau=0.00 | recs tyre=1 rim=1 survived=0 stale=0 distMax=1.00R
INFO 2026-07-27 15:24:36.979 joltshadow - docs §68: steer (player) w=1 steerable=1 commanded=0.000 rad measured=-0.000 rad err=-0.01 deg steerSign=-1 steerTq=-2Nm cap=1192Nm sat=0.00
INFO 2026-07-27 15:24:36.979 joltshadow - docs §70: slip (player) w=1 grounded=0 kappa=0.000 fnGround=0N omega=-0.05
INFO 2026-07-27 15:24:36.979 joltshadow - docs §67: spin (player) w=1 driven=1 omega=-0.05 rad/s surfaceSpeed=-0.03 m/s spinSign=+1 motorTq=0Nm cmdTq=1192Nm
INFO 2026-07-27 15:24:36.979 joltshadow - docs §58: wheel body (player) w=2 springF=388N stopF=0N travel=-0.0505 (limits -0.5000..0.5000 rel spawn) kSusp=7500 sagPredicted=0.0518 | frameTrav=-0.0505..-0.0501 frameStopN=0
INFO 2026-07-27 15:24:36.979 joltshadow - docs §66: tyre band (player) w=2 fnGround=490N fnTotal=499N pen=0.00382 penRaw=0.00382 tau=0.01024 pen/tau=0.37 | recs tyre=1 rim=1 survived=1 stale=0 distMax=0.99R
INFO 2026-07-27 15:24:36.979 joltshadow - docs §68: steer (player) w=2 steerable=0 commanded=0.000 rad measured=0.000 rad err=0.00 deg steerSign=-1 steerTq=0Nm cap=340282346638528859811704183484516925440Nm sat=0.00
INFO 2026-07-27 15:24:36.979 joltshadow - docs §70: slip (player) w=2 grounded=1 kappa=0.077 fnGround=490N omega=-0.05
INFO 2026-07-27 15:24:36.979 joltshadow - docs §67: spin (player) w=2 driven=1 omega=-0.05 rad/s surfaceSpeed=-0.03 m/s spinSign=+1 motorTq=52Nm cmdTq=1406Nm
INFO 2026-07-27 15:24:36.979 joltshadow - docs §58: wheel body (player) w=3 springF=690N stopF=0N travel=-0.0951 (limits -0.5000..0.5000 rel spawn) kSusp=7500 sagPredicted=0.0920 | frameTrav=-0.0955..-0.0951 frameStopN=0
INFO 2026-07-27 15:24:36.979 joltshadow - docs §66: tyre band (player) w=3 fnGround=805N fnTotal=819N pen=0.00666 penRaw=0.00666 tau=0.01024 pen/tau=0.65 | recs tyre=2 rim=2 survived=1 stale=0 distMax=1.01R
INFO 2026-07-27 15:24:36.979 joltshadow - docs §68: steer (player) w=3 steerable=0 commanded=0.000 rad measured=0.000 rad err=0.00 deg steerSign=-1 steerTq=0Nm cap=340282346638528859811704183484516925440Nm sat=0.00
INFO 2026-07-27 15:24:36.979 joltshadow - docs §70: slip (player) w=3 grounded=1 kappa=0.094 fnGround=805N omega=-0.05
INFO 2026-07-27 15:24:36.979 joltshadow - docs §67: spin (player) w=3 driven=1 omega=-0.05 rad/s surfaceSpeed=-0.03 m/s spinSign=+1 motorTq=63Nm cmdTq=2327Nm
INFO 2026-07-27 15:24:36.979 joltshadow - docs §67: drivetrain (player) gear=0 rpm=20 driveTorque=2880Nm perWheel=720Nm driven=4 throttle=-1.00 spin=1 | PRE-STEP brake=0.01 handBrake=1
INFO 2026-07-27 15:24:36.979 joltshadow - docs §66: tyre band SUM (player) fnGroundSum=1783N fnTotalSum=1824N weight=1638N carried=1.11 | penSum=0.01450 recs tyre=5 rim=5 stale=0
INFO 2026-07-27 15:24:36.979 joltshadow - docs §30: REAL ODE chassis COM (player) body=53396828 = (4650.517, 263.471, 1167.091) forward=(-0.170, 0.227, -0.959)
INFO 2026-07-27 15:24:36.979 joltshadow - docs §33: real ODE chassis geom (player) #1 = class 0 (not a transform) pos=(4650.517,263.471,1167.091) radius=4.000
INFO 2026-07-27 15:24:36.979 joltshadow - docs §33: real ODE chassis geom (player) #2 = transform, inner class=1 pos=(0.000,3.010,-1.827)
INFO 2026-07-27 15:24:36.979 joltshadow - docs §33: real ODE chassis geom (player) #3 = transform, inner class=1 pos=(0.013,2.455,4.253)
INFO 2026-07-27 15:24:36.979 joltshadow - docs §33: real ODE chassis geom (player) #4 = transform, inner class=1 pos=(0.000,2.778,2.038)
INFO 2026-07-27 15:24:36.979 joltshadow - docs §33: real ODE chassis geom (player) #5 = transform, inner class=1 pos=(0.000,1.675,0.000)
INFO 2026-07-27 15:24:36.979 joltshadow - docs §33: real ODE chassis geom (player) #6 = class 0 (not a transform) pos=(4650.517,263.471,1167.091) radius=30.000
INFO 2026-07-27 15:24:36.980 joltshadow - docs §33: real ODE chassis geom (player) #7 = class 0 (not a transform) pos=(4650.517,263.471,1167.091) radius=8.161
INFO 2026-07-27 15:24:36.980 joltshadow - docs §33: real ODE chassis geom (player) #8 = class 0 (not a transform) pos=(4650.517,263.471,1167.091) radius=200.000
INFO 2026-07-27 15:24:36.980 joltshadow - docs §33: real ODE chassis (player) has 8 total geom(s) directly attached (4 transform(s)) - compare against BuildChassisCompoundShape's own part/geom count in the build log
INFO 2026-07-27 15:24:36.980 joltshadow - docs §28: REAL ODE wheel state (player) wheel=0 displacement=0.0561 range=1.000 (6% compressed, signed) foreAft=2.663 localZ=2.663 cfm=0.002500 erp=0.2500
INFO 2026-07-27 15:24:36.980 joltshadow - docs §28: REAL ODE wheel state (player) wheel=1 displacement=-0.0096 range=1.000 (-1% compressed, signed) foreAft=2.663 localZ=2.663 cfm=0.002500 erp=0.2500
INFO 2026-07-27 15:24:36.980 joltshadow - docs §28: REAL ODE wheel state (player) wheel=2 displacement=-0.0044 range=1.000 (-0% compressed, signed) foreAft=-1.944 localZ=-1.944 cfm=0.002000 erp=0.2500
INFO 2026-07-27 15:24:36.980 joltshadow - docs §28: REAL ODE wheel state (player) wheel=3 displacement=0.0502 range=1.000 (5% compressed, signed) foreAft=-1.944 localZ=-1.944 cfm=0.002000 erp=0.2500
INFO 2026-07-27 15:24:37.019 joltshadow - docs §70.1: slipdense (player) f=1564 w=0 grounded=1 kappa=0.109 fnGround=478 omega=-0.04 | ftGround=97N target=0.0 limit=1389Nm motorNm=73 tyreNm=-73 inertia=2.91 limRot=0/-106/0 omegaPre=-0.04 posN=-124/-53/0 susp=-0.0728 springN=398
INFO 2026-07-27 15:24:37.020 joltshadow - docs §70.1: slipdense (player) f=1564 w=1 grounded=0 kappa=0.000 fnGround=0 omega=-0.04 | ftGround=0N target=0.0 limit=1192Nm motorNm=0 tyreNm=0 inertia=2.91 limRot=0/8/0 omegaPre=-0.04 posN=23/26/0 susp=0.0157 springN=-115
INFO 2026-07-27 15:24:37.020 joltshadow - docs §70.1: slipdense (player) f=1564 w=2 grounded=1 kappa=0.090 fnGround=541 omega=-0.04 | ftGround=82N target=0.0 limit=1535Nm motorNm=60 tyreNm=-60 inertia=2.91 limRot=0/-101/-20 omegaPre=-0.04 posN=-111/-158/0 susp=-0.0535 springN=427
INFO 2026-07-27 15:24:37.020 joltshadow - docs §70.1: slipdense (player) f=1564 w=3 grounded=1 kappa=0.104 fnGround=810 omega=-0.04 | ftGround=94N target=0.0 limit=2337Nm motorNm=69 tyreNm=-69 inertia=2.91 limRot=0/-104/-21 omegaPre=-0.04 posN=-113/-222/0 susp=-0.0941 springN=687
INFO 2026-07-27 15:24:37.020 joltshadow - docs §78: attdense (player) f=1564 joltTilt=18.92 odeTilt=18.27 upDelta=0.65 wBody=(-0.04,0.00,0.05) |w|=0.06 grounded=3
INFO 2026-07-27 15:24:37.056 joltshadow - docs §70.1: slipdense (player) f=1568 w=0 grounded=1 kappa=0.108 fnGround=490 omega=-0.04 | ftGround=86N target=0.0 limit=1460Nm motorNm=65 tyreNm=-65 inertia=2.91 limRot=0/-101/0 omegaPre=-0.04 posN=-123/-43/0 susp=-0.0697 springN=402
INFO 2026-07-27 15:24:37.056 joltshadow - docs §70.1: slipdense (player) f=1568 w=1 grounded=0 kappa=0.000 fnGround=0 omega=-0.04 | ftGround=0N target=0.0 limit=1192Nm motorNm=0 tyreNm=0 inertia=2.91 limRot=0/-8/0 omegaPre=-0.04 posN=23/25/0 susp=0.0169 springN=-104
INFO 2026-07-27 15:24:37.056 joltshadow - docs §70.1: slipdense (player) f=1568 w=2 grounded=1 kappa=0.091 fnGround=598 omega=-0.04 | ftGround=74N target=0.0 limit=1657Nm motorNm=55 tyreNm=-55 inertia=2.91 limRot=0/-101/-20 omegaPre=-0.04 posN=-112/-163/0 susp=-0.0577 springN=471
INFO 2026-07-27 15:24:37.056 joltshadow - docs §70.1: slipdense (player) f=1568 w=3 grounded=1 kappa=0.108 fnGround=807 omega=-0.04 | ftGround=88N target=0.0 limit=2341Nm motorNm=65 tyreNm=-64 inertia=2.91 limRot=0/-105/-21 omegaPre=-0.04 posN=-115/-217/0 susp=-0.0935 springN=688
INFO 2026-07-27 15:24:37.056 joltshadow - docs §78: attdense (player) f=1568 joltTilt=19.06 odeTilt=18.26 upDelta=0.80 wBody=(-0.04,0.00,0.06) |w|=0.07 grounded=3
INFO 2026-07-27 15:24:37.092 joltshadow - docs §70.1: slipdense (player) f=1572 w=0 grounded=1 kappa=0.108 fnGround=471 omega=-0.03 | ftGround=95N target=0.0 limit=1363Nm motorNm=72 tyreNm=-72 inertia=2.91 limRot=0/-103/0 omegaPre=-0.03 posN=-123/-53/0 susp=-0.0692 springN=398
INFO 2026-07-27 15:24:37.092 joltshadow - docs §70.1: slipdense (player) f=1572 w=1 grounded=0 kappa=0.000 fnGround=0 omega=-0.03 | ftGround=0N target=0.0 limit=1192Nm motorNm=0 tyreNm=0 inertia=2.91 limRot=0/-1/0 omegaPre=-0.03 posN=24/27/0 susp=0.0169 springN=-98
INFO 2026-07-27 15:24:37.092 joltshadow - docs §70.1: slipdense (player) f=1572 w=2 grounded=1 kappa=0.091 fnGround=629 omega=-0.03 | ftGround=83N target=0.0 limit=1827Nm motorNm=61 tyreNm=-61 inertia=2.91 limRot=0/-108/-22 omegaPre=-0.03 posN=-122/-177/0 susp=-0.0629 springN=514
INFO 2026-07-27 15:24:37.092 joltshadow - docs §70.1: slipdense (player) f=1572 w=3 grounded=1 kappa=0.102 fnGround=796 omega=-0.03 | ftGround=92N target=0.0 limit=2320Nm motorNm=68 tyreNm=-68 inertia=2.91 limRot=0/-112/-23 omegaPre=-0.03 posN=-125/-219/0 susp=-0.0937 springN=684
INFO 2026-07-27 15:24:37.093 joltshadow - docs §78: attdense (player) f=1572 joltTilt=19.19 odeTilt=18.24 upDelta=0.94 wBody=(-0.03,0.00,0.06) |w|=0.07 grounded=3
INFO 2026-07-27 15:24:37.130 joltshadow - docs §70.1: slipdense (player) f=1576 w=0 grounded=1 kappa=0.109 fnGround=483 omega=-0.03 | ftGround=108N target=0.0 limit=1431Nm motorNm=82 tyreNm=-81 inertia=2.91 limRot=0/-108/0 omegaPre=-0.03 posN=-130/-63/0 susp=-0.0691 springN=407
INFO 2026-07-27 15:24:37.130 joltshadow - docs §70.1: slipdense (player) f=1576 w=1 grounded=0 kappa=0.000 fnGround=0 omega=-0.03 | ftGround=0N target=0.0 limit=1192Nm motorNm=0 tyreNm=0 inertia=2.91 limRot=0/6/0 omegaPre=-0.03 posN=25/29/0 susp=0.0170 springN=-96
INFO 2026-07-27 15:24:37.130 joltshadow - docs §70.1: slipdense (player) f=1576 w=2 grounded=1 kappa=0.092 fnGround=674 omega=-0.03 | ftGround=94N target=0.0 limit=1918Nm motorNm=69 tyreNm=-69 inertia=2.91 limRot=0/-117/-23 omegaPre=-0.03 posN=-133/-194/0 susp=-0.0680 springN=550
INFO 2026-07-27 15:24:37.130 joltshadow - docs §70.1: slipdense (player) f=1576 w=3 grounded=1 kappa=0.105 fnGround=801 omega=-0.03 | ftGround=107N target=0.0 limit=2363Nm motorNm=78 tyreNm=-78 inertia=2.91 limRot=0/-121/-24 omegaPre=-0.03 posN=-138/-232/0 susp=-0.0933 springN=681
INFO 2026-07-27 15:24:37.130 joltshadow - docs §78: attdense (player) f=1576 joltTilt=19.31 odeTilt=18.24 upDelta=1.08 wBody=(-0.03,0.00,0.06) |w|=0.06 grounded=3
INFO 2026-07-27 15:24:37.171 joltshadow - docs §70.1: slipdense (player) f=1580 w=0 grounded=1 kappa=0.105 fnGround=491 omega=-0.02 | ftGround=92N target=0.0 limit=1458Nm motorNm=70 tyreNm=-70 inertia=2.91 limRot=0/-110/0 omegaPre=-0.02 posN=-133/-49/0 susp=-0.0700 springN=419
INFO 2026-07-27 15:24:37.171 joltshadow - docs §70.1: slipdense (player) f=1580 w=1 grounded=0 kappa=0.000 fnGround=0 omega=-0.02 | ftGround=0N target=0.0 limit=1192Nm motorNm=0 tyreNm=0 inertia=2.91 limRot=0/-4/0 omegaPre=-0.02 posN=25/28/0 susp=0.0166 springN=-95
INFO 2026-07-27 15:24:37.171 joltshadow - docs §70.1: slipdense (player) f=1580 w=2 grounded=1 kappa=0.089 fnGround=696 omega=-0.02 | ftGround=81N target=0.0 limit=2031Nm motorNm=60 tyreNm=-59 inertia=2.91 limRot=0/-119/-24 omegaPre=-0.02 posN=-138/-188/0 susp=-0.0732 springN=582
INFO 2026-07-27 15:24:37.171 joltshadow - docs §70.1: slipdense (player) f=1580 w=3 grounded=1 kappa=0.105 fnGround=814 omega=-0.02 | ftGround=95N target=0.0 limit=2336Nm motorNm=70 tyreNm=-70 inertia=2.91 limRot=0/-122/-24 omegaPre=-0.02 posN=-141/-225/0 susp=-0.0928 springN=676
INFO 2026-07-27 15:24:37.171 joltshadow - docs §78: attdense (player) f=1580 joltTilt=19.44 odeTilt=18.24 upDelta=1.20 wBody=(-0.02,0.00,0.06) |w|=0.06 grounded=3
INFO 2026-07-27 15:24:37.208 joltshadow - docs §70.1: slipdense (player) f=1584 w=0 grounded=1 kappa=0.103 fnGround=504 omega=-0.01 | ftGround=90N target=0.0 limit=1498Nm motorNm=69 tyreNm=-69 inertia=2.91 limRot=0/-113/0 omegaPre=-0.01 posN=-138/-48/0 susp=-0.0708 springN=428
INFO 2026-07-27 15:24:37.208 joltshadow - docs §70.1: slipdense (player) f=1584 w=1 grounded=0 kappa=0.000 fnGround=0 omega=-0.01 | ftGround=0N target=0.0 limit=1192Nm motorNm=0 tyreNm=0 inertia=2.91 limRot=0/-2/0 omegaPre=-0.01 posN=26/27/0 susp=0.0165 springN=-96
INFO 2026-07-27 15:24:37.208 joltshadow - docs §70.1: slipdense (player) f=1584 w=2 grounded=1 kappa=0.086 fnGround=720 omega=-0.01 | ftGround=79N target=0.0 limit=2088Nm motorNm=58 tyreNm=-57 inertia=2.91 limRot=0/-123/-25 omegaPre=-0.01 posN=-144/-190/0 susp=-0.0772 springN=601
INFO 2026-07-27 15:24:37.208 joltshadow - docs §70.1: slipdense (player) f=1584 w=3 grounded=1 kappa=0.103 fnGround=791 omega=-0.01 | ftGround=94N target=0.0 limit=2310Nm motorNm=69 tyreNm=-68 inertia=2.91 limRot=0/-126/-25 omegaPre=-0.01 posN=-147/-219/0 susp=-0.0921 springN=663
INFO 2026-07-27 15:24:37.208 joltshadow - docs §78: attdense (player) f=1584 joltTilt=19.54 odeTilt=18.25 upDelta=1.30 wBody=(-0.01,0.00,0.05) |w|=0.05 grounded=3
INFO 2026-07-27 15:24:37.246 joltshadow - docs §70.1: slipdense (player) f=1588 w=0 grounded=1 kappa=0.105 fnGround=516 omega=-0.01 | ftGround=92N target=0.0 limit=1457Nm motorNm=70 tyreNm=-70 inertia=2.91 limRot=0/-114/0 omegaPre=-0.01 posN=-140/-49/0 susp=-0.0718 springN=427
INFO 2026-07-27 15:24:37.246 joltshadow - docs §70.1: slipdense (player) f=1588 w=1 grounded=0 kappa=0.000 fnGround=0 omega=-0.01 | ftGround=0N target=0.0 limit=1192Nm motorNm=0 tyreNm=0 inertia=2.91 limRot=0/4/0 omegaPre=-0.01 posN=27/28/0 susp=0.0162 springN=-96
INFO 2026-07-27 15:24:37.246 joltshadow - docs §70.1: slipdense (player) f=1588 w=2 grounded=1 kappa=0.090 fnGround=746 omega=-0.01 | ftGround=82N target=0.0 limit=2158Nm motorNm=60 tyreNm=-60 inertia=2.91 limRot=0/-128/-25 omegaPre=-0.01 posN=-151/-198/0 susp=-0.0799 springN=615
INFO 2026-07-27 15:24:37.246 joltshadow - docs §70.1: slipdense (player) f=1588 w=3 grounded=1 kappa=0.103 fnGround=773 omega=-0.01 | ftGround=94N target=0.0 limit=2264Nm motorNm=69 tyreNm=-68 inertia=2.91 limRot=0/-130/-26 omegaPre=-0.01 posN=-153/-215/0 susp=-0.0909 springN=648
INFO 2026-07-27 15:24:37.246 joltshadow - docs §78: attdense (player) f=1588 joltTilt=19.62 odeTilt=18.27 upDelta=1.37 wBody=(-0.01,0.00,0.04) |w|=0.05 grounded=3
INFO 2026-07-27 15:24:37.283 joltshadow - docs §70.1: slipdense (player) f=1592 w=0 grounded=1 kappa=0.100 fnGround=512 omega=-0.00 | ftGround=87N target=0.0 limit=1520Nm motorNm=67 tyreNm=-67 inertia=2.91 limRot=0/-116/0 omegaPre=-0.00 posN=-143/-45/0 susp=-0.0722 springN=435
INFO 2026-07-27 15:24:37.283 joltshadow - docs §70.1: slipdense (player) f=1592 w=1 grounded=0 kappa=0.000 fnGround=0 omega=-0.00 | ftGround=0N target=0.0 limit=1192Nm motorNm=0 tyreNm=0 inertia=2.91 limRot=0/-3/0 omegaPre=-0.00 posN=27/27/0 susp=0.0157 springN=-96
INFO 2026-07-27 15:24:37.283 joltshadow - docs §70.1: slipdense (player) f=1592 w=2 grounded=1 kappa=0.089 fnGround=738 omega=-0.00 | ftGround=81N target=0.0 limit=2180Nm motorNm=59 tyreNm=-59 inertia=2.91 limRot=0/-131/-26 omegaPre=-0.00 posN=-155/-196/0 susp=-0.0820 springN=619
INFO 2026-07-27 15:24:37.283 joltshadow - docs §70.1: slipdense (player) f=1592 w=3 grounded=1 kappa=0.104 fnGround=755 omega=-0.00 | ftGround=95N target=0.0 limit=2218Nm motorNm=69 tyreNm=-69 inertia=2.91 limRot=0/-132/-26 omegaPre=-0.00 posN=-157/-213/0 susp=-0.0892 springN=634
INFO 2026-07-27 15:24:37.283 joltshadow - docs §78: attdense (player) f=1592 joltTilt=19.68 odeTilt=18.28 upDelta=1.42 wBody=(-0.00,0.00,0.04) |w|=0.04 grounded=3
INFO 2026-07-27 15:24:37.313 joltshadow - docs §82: resync (player) #25 dt=0.51s upMax=1.438 deg posMax=0.060 m odeTiltPath=0.233 deg gain=6.1700
INFO 2026-07-27 15:24:37.313 joltshadow - docs §87: resync landing (player) w=0 pre=0.0394 post=0.0370 m R=0.727 dY=-0.0068 dRotDeg=1.44 |corr|=0.0603 m
INFO 2026-07-27 15:24:37.313 joltshadow - docs §87: resync landing (player) w=1 pre=0.0944 post=0.0548 m R=0.727 dY=-0.0068 dRotDeg=1.44 |corr|=0.0603 m
INFO 2026-07-27 15:24:37.313 joltshadow - docs §87: resync landing (player) w=2 pre=0.0165 post=0.0159 m R=0.727 dY=-0.0068 dRotDeg=1.44 |corr|=0.0603 m
INFO 2026-07-27 15:24:37.313 joltshadow - docs §87: resync landing (player) w=3 pre=0.0164 post=0.0101 m R=0.727 dY=-0.0068 dRotDeg=1.44 |corr|=0.0603 m
INFO 2026-07-27 15:24:37.313 joltshadow - docs §82: resync RESIDUAL (player) #25 pos=0.0000 m up=0.0000 deg
INFO 2026-07-27 15:24:37.323 joltshadow - docs §70.1: slipdense (player) f=1596 w=0 grounded=1 kappa=0.027 fnGround=743 omega=-0.01 | ftGround=21N target=0.0 limit=1532Nm motorNm=13 tyreNm=-16 inertia=2.91 limRot=0/-66/0 omegaPre=-0.00 posN=-94/42/0 susp=-0.1070 springN=635
INFO 2026-07-27 15:24:37.324 joltshadow - docs §70.1: slipdense (player) f=1596 w=1 grounded=0 kappa=0.000 fnGround=0 omega=-0.01 | ftGround=0N target=0.0 limit=1192Nm motorNm=-3 tyreNm=0 inertia=2.91 limRot=0/-2/0 omegaPre=-0.00 posN=11/24/0 susp=-0.0380 springN=134
INFO 2026-07-27 15:24:37.324 joltshadow - docs §70.1: slipdense (player) f=1596 w=2 grounded=1 kappa=0.071 fnGround=579 omega=-0.01 | ftGround=58N target=0.0 limit=2174Nm motorNm=40 tyreNm=-43 inertia=2.91 limRot=0/-37/-8 omegaPre=-0.00 posN=-31/-139/0 susp=-0.0483 springN=411
INFO 2026-07-27 15:24:37.324 joltshadow - docs §70.1: slipdense (player) f=1596 w=3 grounded=1 kappa=0.076 fnGround=1033 omega=-0.01 | ftGround=61N target=0.0 limit=2226Nm motorNm=43 tyreNm=-45 inertia=2.91 limRot=0/-37/-8 omegaPre=-0.00 posN=-21/-227/0 susp=-0.1025 springN=826
INFO 2026-07-27 15:24:37.324 joltshadow - docs §78: attdense (player) f=1596 joltTilt=18.31 odeTilt=18.30 upDelta=0.00 wBody=(-0.01,-0.00,0.01) |w|=0.02 grounded=3
INFO 2026-07-27 15:24:37.364 joltshadow - docs §70.1: slipdense (player) f=1600 w=0 grounded=1 kappa=0.028 fnGround=642 omega=-0.04 | ftGround=25N target=0.0 limit=1869Nm motorNm=17 tyreNm=-19 inertia=2.91 limRot=0/-76/0 omegaPre=-0.03 posN=-89/28/0 susp=-0.1014 springN=560
INFO 2026-07-27 15:24:37.365 joltshadow - docs §70.1: slipdense (player) f=1600 w=1 grounded=1 kappa=0.031 fnGround=310 omega=-0.04 | ftGround=27N target=0.0 limit=1632Nm motorNm=19 tyreNm=-20 inertia=2.91 limRot=0/-53/0 omegaPre=-0.03 posN=-70/5/0 susp=-0.0187 springN=56
INFO 2026-07-27 15:24:37.365 joltshadow - docs §70.1: slipdense (player) f=1600 w=2 grounded=1 kappa=0.032 fnGround=468 omega=-0.04 | ftGround=29N target=0.0 limit=1318Nm motorNm=19 tyreNm=-21 inertia=2.91 limRot=0/-77/-15 omegaPre=-0.03 posN=-78/-94/0 susp=-0.0489 springN=365
INFO 2026-07-27 15:24:37.365 joltshadow - docs §70.1: slipdense (player) f=1600 w=3 grounded=1 kappa=0.043 fnGround=868 omega=-0.04 | ftGround=39N target=0.0 limit=2463Nm motorNm=27 tyreNm=-29 inertia=2.91 limRot=0/-79/-15 omegaPre=-0.03 posN=-73/-182/0 susp=-0.1031 springN=754
INFO 2026-07-27 15:24:37.365 joltshadow - docs §78: attdense (player) f=1600 joltTilt=18.38 odeTilt=18.32 upDelta=0.06 wBody=(-0.04,0.00,0.02) |w|=0.04 grounded=4
INFO 2026-07-27 15:24:37.405 joltshadow - docs §70.1: slipdense (player) f=1604 w=0 grounded=1 kappa=0.038 fnGround=594 omega=-0.05 | ftGround=33N target=0.0 limit=1760Nm motorNm=24 tyreNm=-25 inertia=2.91 limRot=0/-62/0 omegaPre=-0.05 posN=-79/16/0 susp=-0.0927 springN=497
INFO 2026-07-27 15:24:37.405 joltshadow - docs §70.1: slipdense (player) f=1604 w=1 grounded=1 kappa=0.048 fnGround=77 omega=-0.05 | ftGround=42N target=0.0 limit=1192Nm motorNm=31 tyreNm=-32 inertia=2.91 limRot=0/-21/0 omegaPre=-0.05 posN=-51/-19/0 susp=-0.0078 springN=-43
INFO 2026-07-27 15:24:37.405 joltshadow - docs §70.1: slipdense (player) f=1604 w=2 grounded=1 kappa=0.040 fnGround=492 omega=-0.05 | ftGround=36N target=0.0 limit=1339Nm motorNm=26 tyreNm=-26 inertia=2.91 limRot=0/-80/-15 omegaPre=-0.05 posN=-82/-106/0 susp=-0.0483 springN=369
INFO 2026-07-27 15:24:37.405 joltshadow - docs §70.1: slipdense (player) f=1604 w=3 grounded=1 kappa=0.063 fnGround=813 omega=-0.05 | ftGround=57N target=0.0 limit=2406Nm motorNm=41 tyreNm=-42 inertia=2.91 limRot=0/-84/-16 omegaPre=-0.05 posN=-81/-188/0 susp=-0.1003 springN=720
INFO 2026-07-27 15:24:37.405 joltshadow - docs §78: attdense (player) f=1604 joltTilt=18.50 odeTilt=18.32 upDelta=0.19 wBody=(-0.05,0.00,0.03) |w|=0.06 grounded=4
INFO 2026-07-27 15:24:37.445 joltshadow - docs §70.1: slipdense (player) f=1608 w=0 grounded=1 kappa=0.080 fnGround=535 omega=-0.05 | ftGround=71N target=0.0 limit=1463Nm motorNm=54 tyreNm=-53 inertia=2.91 limRot=0/-92/0 omegaPre=-0.05 posN=-113/-27/0 susp=-0.0842 springN=435
INFO 2026-07-27 15:24:37.445 joltshadow - docs §70.1: slipdense (player) f=1608 w=1 grounded=0 kappa=0.000 fnGround=0 omega=-0.05 | ftGround=0N target=0.0 limit=1192Nm motorNm=0 tyreNm=0 inertia=2.91 limRot=0/-2/0 omegaPre=-0.05 posN=20/22/0 susp=0.0041 springN=-114
INFO 2026-07-27 15:24:37.445 joltshadow - docs §70.1: slipdense (player) f=1608 w=2 grounded=1 kappa=0.067 fnGround=474 omega=-0.05 | ftGround=60N target=0.0 limit=1384Nm motorNm=45 tyreNm=-45 inertia=2.91 limRot=0/-96/-19 omegaPre=-0.05 posN=-104/-129/0 susp=-0.0497 springN=378
INFO 2026-07-27 15:24:37.445 joltshadow - docs §70.1: slipdense (player) f=1608 w=3 grounded=1 kappa=0.077 fnGround=789 omega=-0.05 | ftGround=69N target=0.0 limit=2315Nm motorNm=51 tyreNm=-51 inertia=2.91 limRot=0/-100/-20 omegaPre=-0.05 posN=-105/-196/0 susp=-0.0977 springN=690
INFO 2026-07-27 15:24:37.445 joltshadow - docs §78: attdense (player) f=1608 joltTilt=18.65 odeTilt=18.31 upDelta=0.35 wBody=(-0.05,0.00,0.04) |w|=0.07 grounded=3
INFO 2026-07-27 15:24:37.482 joltshadow - docs §70.1: slipdense (player) f=1612 w=0 grounded=1 kappa=0.101 fnGround=488 omega=-0.05 | ftGround=80N target=0.0 limit=1430Nm motorNm=61 tyreNm=-60 inertia=2.91 limRot=0/-103/0 omegaPre=-0.05 posN=-124/-37/0 susp=-0.0773 springN=413
INFO 2026-07-27 15:24:37.482 joltshadow - docs §70.1: slipdense (player) f=1612 w=1 grounded=0 kappa=0.000 fnGround=0 omega=-0.05 | ftGround=0N target=0.0 limit=1192Nm motorNm=0 tyreNm=0 inertia=2.91 limRot=0/-14/0 omegaPre=-0.05 posN=22/24/0 susp=0.0119 springN=-126
INFO 2026-07-27 15:24:37.483 joltshadow - docs §70.1: slipdense (player) f=1612 w=2 grounded=1 kappa=0.088 fnGround=515 omega=-0.05 | ftGround=72N target=0.0 limit=1482Nm motorNm=53 tyreNm=-53 inertia=2.91 limRot=0/-99/-20 omegaPre=-0.05 posN=-108/-146/0 susp=-0.0518 springN=409
INFO 2026-07-27 15:24:37.483 joltshadow - docs §70.1: slipdense (player) f=1612 w=3 grounded=1 kappa=0.101 fnGround=793 omega=-0.05 | ftGround=82N target=0.0 limit=2318Nm motorNm=60 tyreNm=-60 inertia=2.91 limRot=0/-103/-20 omegaPre=-0.05 posN=-109/-208/0 susp=-0.0957 springN=690
INFO 2026-07-27 15:24:37.483 joltshadow - docs §78: attdense (player) f=1612 joltTilt=18.80 odeTilt=18.30 upDelta=0.51 wBody=(-0.05,0.00,0.05) |w|=0.07 grounded=3
INFO 2026-07-27 15:24:37.518 joltshadow - docs §70.1: slipdense (player) f=1616 w=0 grounded=1 kappa=0.107 fnGround=470 omega=-0.05 | ftGround=85N target=0.0 limit=1384Nm motorNm=65 tyreNm=-64 inertia=2.91 limRot=0/-100/0 omegaPre=-0.05 posN=-119/-43/0 susp=-0.0726 springN=396
INFO 2026-07-27 15:24:37.518 joltshadow - docs §70.1: slipdense (player) f=1616 w=1 grounded=0 kappa=0.000 fnGround=0 omega=-0.05 | ftGround=0N target=0.0 limit=1192Nm motorNm=0 tyreNm=0 inertia=2.91 limRot=0/11/0 omegaPre=-0.05 posN=22/24/0 susp=0.0153 springN=-116
INFO 2026-07-27 15:24:37.518 joltshadow - docs §70.1: slipdense (player) f=1616 w=2 grounded=1 kappa=0.089 fnGround=565 omega=-0.05 | ftGround=73N target=0.0 limit=1579Nm motorNm=54 tyreNm=-53 inertia=2.91 limRot=0/-100/-20 omegaPre=-0.05 posN=-110/-156/0 susp=-0.0549 springN=442
INFO 2026-07-27 15:24:37.518 joltshadow - docs §70.1: slipdense (player) f=1616 w=3 grounded=1 kappa=0.099 fnGround=806 omega=-0.05 | ftGround=80N target=0.0 limit=2312Nm motorNm=59 tyreNm=-59 inertia=2.91 limRot=0/-105/-21 omegaPre=-0.05 posN=-113/-209/0 susp=-0.0948 springN=684
INFO 2026-07-27 15:24:37.518 joltshadow - docs §78: attdense (player) f=1616 joltTilt=18.93 odeTilt=18.29 upDelta=0.65 wBody=(-0.05,0.00,0.05) |w|=0.07 grounded=3
INFO 2026-07-27 15:24:37.562 joltshadow - docs §70.1: slipdense (player) f=1620 w=0 grounded=1 kappa=0.112 fnGround=485 omega=-0.04 | ftGround=99N target=0.0 limit=1369Nm motorNm=75 tyreNm=-75 inertia=2.91 limRot=0/-102/0 omegaPre=-0.04 posN=-123/-55/0 susp=-0.0692 springN=391
INFO 2026-07-27 15:24:37.562 joltshadow - docs §70.1: slipdense (player) f=1620 w=1 grounded=0 kappa=0.000 fnGround=0 omega=-0.04 | ftGround=0N target=0.0 limit=1192Nm motorNm=0 tyreNm=0 inertia=2.91 limRot=0/-1/0 omegaPre=-0.04 posN=23/27/0 susp=0.0165 springN=-103
INFO 2026-07-27 15:24:37.562 joltshadow - docs §70.1: slipdense (player) f=1620 w=2 grounded=1 kappa=0.095 fnGround=610 omega=-0.04 | ftGround=86N target=0.0 limit=1755Nm motorNm=63 tyreNm=-63 inertia=2.91 limRot=0/-107/-21 omegaPre=-0.04 posN=-119/-175/0 susp=-0.0603 springN=492
INFO 2026-07-27 15:24:37.562 joltshadow - docs §70.1: slipdense (player) f=1620 w=3 grounded=1 kappa=0.107 fnGround=812 omega=-0.04 | ftGround=97N target=0.0 limit=2347Nm motorNm=72 tyreNm=-71 inertia=2.91 limRot=0/-111/-22 omegaPre=-0.04 posN=-123/-226/0 susp=-0.0943 springN=687
INFO 2026-07-27 15:24:37.562 joltshadow - docs §78: attdense (player) f=1620 joltTilt=19.10 odeTilt=18.28 upDelta=0.83 wBody=(-0.04,0.00,0.06) |w|=0.07 grounded=3
INFO 2026-07-27 15:24:37.562 joltshadow - Shadow divergence (player): pos=1.628m vel=0.130m/s angle=0.8deg (jolt com=[4651.1 264.7 1168.0] ode com=[4650.5 263.5 1167.1])
INFO 2026-07-27 15:24:37.562 joltshadow - docs §23.6: driver input (player) realThrottle=10.00 brake=0.01 handBrake=1 steerRad=0.000
INFO 2026-07-27 15:24:37.563 joltshadow - docs §32: Jolt SHADOW chassis pitch (player) forward=(-0.167, 0.238, -0.957)
INFO 2026-07-27 15:24:37.563 joltshadow - docs §69: tilt (player) jolt=19.1 deg ode=18.3 deg delta=+0.8 deg upDelta=0.83 deg
INFO 2026-07-27 15:24:37.563 joltshadow - docs §32.4: Jolt SHADOW chassis lowest corner (player) = (4653.00,263.46,1170.82) clearanceToGround=0.711
INFO 2026-07-27 15:24:37.563 joltshadow - docs §23.5: wheel state (player) wheel=0 contact=0 suspLen=1.050 (range 0.050-1.050, 0% compressed) angVel=0.00
INFO 2026-07-27 15:24:37.563 joltshadow - docs §38.11: wheel=0 NO contact, worldAxle=(0.949,-0.225,-0.222)
INFO 2026-07-27 15:24:37.563 joltshadow - docs §32: no-contact raycast (player) wheel=0 bodyPos=(4650.93,264.81,1167.37) localMPos=(-1.367,-0.436,2.663) origin=(4651.66,264.72,1164.43) dir=(-0.268,-0.945,-0.188) normalRayLen=1.777 groundFoundAt=0.000 shortfallBeyondTravel=-1.777 hitBody=8391036 hitLayer=4 hitMotion=2 hitIsSelfChassis=0
INFO 2026-07-27 15:24:37.563 joltshadow - docs §23.5: wheel state (player) wheel=1 contact=0 suspLen=1.050 (range 0.050-1.050, 0% compressed) angVel=0.00
INFO 2026-07-27 15:24:37.563 joltshadow - docs §38.11: wheel=1 NO contact, worldAxle=(0.949,-0.225,-0.222)
INFO 2026-07-27 15:24:37.563 joltshadow - docs §32: no-contact raycast (player) wheel=1 bodyPos=(4650.93,264.81,1167.37) localMPos=(1.369,-0.436,2.663) origin=(4649.07,265.34,1165.04) dir=(-0.268,-0.945,-0.188) normalRayLen=1.777 groundFoundAt=0.000 shortfallBeyondTravel=-1.777 hitBody=8391037 hitLayer=4 hitMotion=2 hitIsSelfChassis=0
INFO 2026-07-27 15:24:37.563 joltshadow - docs §23.5: wheel state (player) wheel=2 contact=0 suspLen=1.050 (range 0.050-1.050, 0% compressed) angVel=0.00
INFO 2026-07-27 15:24:37.563 joltshadow - docs §38.11: wheel=2 NO contact, worldAxle=(0.949,-0.225,-0.222)
INFO 2026-07-27 15:24:37.563 joltshadow - docs §32: no-contact raycast (player) wheel=2 bodyPos=(4650.93,264.81,1167.37) localMPos=(-1.367,-0.436,-1.944) origin=(4652.43,263.63,1168.84) dir=(-0.268,-0.945,-0.188) normalRayLen=1.777 groundFoundAt=0.000 shortfallBeyondTravel=-1.777 hitBody=8391038 hitLayer=4 hitMotion=2 hitIsSelfChassis=0
INFO 2026-07-27 15:24:37.563 joltshadow - docs §23.5: wheel state (player) wheel=3 contact=0 suspLen=1.050 (range 0.050-1.050, 0% compressed) angVel=0.00
INFO 2026-07-27 15:24:37.563 joltshadow - docs §38.11: wheel=3 NO contact, worldAxle=(0.949,-0.225,-0.222)
INFO 2026-07-27 15:24:37.563 joltshadow - docs §32: no-contact raycast (player) wheel=3 bodyPos=(4650.93,264.81,1167.37) localMPos=(1.369,-0.436,-1.944) origin=(4649.84,264.24,1169.45) dir=(-0.268,-0.945,-0.188) normalRayLen=1.777 groundFoundAt=0.000 shortfallBeyondTravel=-1.777 hitBody=8391039 hitLayer=4 hitMotion=2 hitIsSelfChassis=0
INFO 2026-07-27 15:24:37.563 joltshadow - docs §59/63: harvest (player) wheelsWithContact=4 contactPoints=8 overflow=0 (of 4) | maxNormalF=812N bound(k_t*tau)=1229N ratio=0.66
INFO 2026-07-27 15:24:37.563 joltshadow - docs §58: wheel body (player) w=0 springF=391N stopF=0N travel=-0.0692 (limits -0.5000..0.5000 rel spawn) kSusp=6000 sagPredicted=0.0651 | frameTrav=-0.0697..-0.0692 frameStopN=0
INFO 2026-07-27 15:24:37.564 joltshadow - docs §66: tyre band (player) w=0 fnGround=485N fnTotal=505N pen=0.00384 penRaw=0.00384 tau=0.01024 pen/tau=0.37 | recs tyre=1 rim=1 survived=1 stale=0 distMax=0.99R
INFO 2026-07-27 15:24:37.564 joltshadow - docs §68: steer (player) w=0 steerable=1 commanded=0.000 rad measured=0.001 rad err=0.03 deg steerSign=-1 steerTq=13Nm cap=1369Nm sat=0.01
INFO 2026-07-27 15:24:37.564 joltshadow - docs §70: slip (player) w=0 grounded=1 kappa=0.112 fnGround=485N omega=-0.04
INFO 2026-07-27 15:24:37.564 joltshadow - docs §67: spin (player) w=0 driven=1 omega=-0.04 rad/s surfaceSpeed=-0.03 m/s spinSign=+1 motorTq=75Nm cmdTq=1369Nm
INFO 2026-07-27 15:24:37.564 joltshadow - docs §58: wheel body (player) w=1 springF=-103N stopF=0N travel=0.0165 (limits -0.5000..0.5000 rel spawn) kSusp=6000 sagPredicted=-0.0171 | frameTrav=0.0164..0.0165 frameStopN=0
INFO 2026-07-27 15:24:37.564 joltshadow - docs §66: tyre band (player) w=1 fnGround=0N fnTotal=0N pen=0.00000 penRaw=0.00000 tau=0.01024 pen/tau=0.00 | recs tyre=1 rim=0 survived=0 stale=0 distMax=1.03R
INFO 2026-07-27 15:24:37.564 joltshadow - docs §68: steer (player) w=1 steerable=1 commanded=0.000 rad measured=-0.000 rad err=-0.00 deg steerSign=-1 steerTq=-1Nm cap=1192Nm sat=0.00
INFO 2026-07-27 15:24:37.564 joltshadow - docs §70: slip (player) w=1 grounded=0 kappa=0.000 fnGround=0N omega=-0.04
INFO 2026-07-27 15:24:37.564 joltshadow - docs §67: spin (player) w=1 driven=1 omega=-0.04 rad/s surfaceSpeed=-0.03 m/s spinSign=+1 motorTq=0Nm cmdTq=1192Nm
INFO 2026-07-27 15:24:37.564 joltshadow - docs §58: wheel body (player) w=2 springF=492N stopF=0N travel=-0.0603 (limits -0.5000..0.5000 rel spawn) kSusp=7500 sagPredicted=0.0656 | frameTrav=-0.0603..-0.0595 frameStopN=0
INFO 2026-07-27 15:24:37.564 joltshadow - docs §66: tyre band (player) w=2 fnGround=610N fnTotal=618N pen=0.00474 penRaw=0.00474 tau=0.01024 pen/tau=0.46 | recs tyre=1 rim=1 survived=1 stale=0 distMax=0.99R
INFO 2026-07-27 15:24:37.564 joltshadow - docs §68: steer (player) w=2 steerable=0 commanded=0.000 rad measured=-0.000 rad err=-0.00 deg steerSign=-1 steerTq=0Nm cap=340282346638528859811704183484516925440Nm sat=0.00
INFO 2026-07-27 15:24:37.564 joltshadow - docs §70: slip (player) w=2 grounded=1 kappa=0.095 fnGround=610N omega=-0.04
INFO 2026-07-27 15:24:37.564 joltshadow - docs §67: spin (player) w=2 driven=1 omega=-0.04 rad/s surfaceSpeed=-0.03 m/s spinSign=+1 motorTq=63Nm cmdTq=1755Nm
INFO 2026-07-27 15:24:37.564 joltshadow - docs §58: wheel body (player) w=3 springF=687N stopF=0N travel=-0.0943 (limits -0.5000..0.5000 rel spawn) kSusp=7500 sagPredicted=0.0916 | frameTrav=-0.0943..-0.0943 frameStopN=0
INFO 2026-07-27 15:24:37.564 joltshadow - docs §66: tyre band (player) w=3 fnGround=812N fnTotal=823N pen=0.00646 penRaw=0.00646 tau=0.01024 pen/tau=0.63 | recs tyre=2 rim=1 survived=1 stale=0 distMax=1.01R
INFO 2026-07-27 15:24:37.564 joltshadow - docs §68: steer (player) w=3 steerable=0 commanded=0.000 rad measured=-0.000 rad err=-0.00 deg steerSign=-1 steerTq=0Nm cap=340282346638528859811704183484516925440Nm sat=0.00
INFO 2026-07-27 15:24:37.564 joltshadow - docs §70: slip (player) w=3 grounded=1 kappa=0.107 fnGround=812N omega=-0.04
INFO 2026-07-27 15:24:37.564 joltshadow - docs §67: spin (player) w=3 driven=1 omega=-0.04 rad/s surfaceSpeed=-0.03 m/s spinSign=+1 motorTq=72Nm cmdTq=2347Nm
INFO 2026-07-27 15:24:37.564 joltshadow - docs §67: drivetrain (player) gear=0 rpm=17 driveTorque=2880Nm perWheel=720Nm driven=4 throttle=1.00 spin=1 | PRE-STEP brake=0.01 handBrake=1
INFO 2026-07-27 15:24:37.565 joltshadow - docs §66: tyre band SUM (player) fnGroundSum=1907N fnTotalSum=1946N weight=1638N carried=1.19 | penSum=0.01504 recs tyre=5 rim=3 stale=0
INFO 2026-07-27 15:24:37.565 joltshadow - docs §30: REAL ODE chassis COM (player) body=53396828 = (4650.542, 263.461, 1167.101) forward=(-0.169, 0.227, -0.959)
INFO 2026-07-27 15:24:37.565 joltshadow - docs §33: real ODE chassis geom (player) #1 = class 0 (not a transform) pos=(4650.542,263.461,1167.101) radius=4.000
INFO 2026-07-27 15:24:37.565 joltshadow - docs §33: real ODE chassis geom (player) #2 = transform, inner class=1 pos=(0.000,3.010,-1.827)
INFO 2026-07-27 15:24:37.565 joltshadow - docs §33: real ODE chassis geom (player) #3 = transform, inner class=1 pos=(0.013,2.455,4.253)
INFO 2026-07-27 15:24:37.565 joltshadow - docs §33: real ODE chassis geom (player) #4 = transform, inner class=1 pos=(0.000,2.778,2.038)
INFO 2026-07-27 15:24:37.565 joltshadow - docs §33: real ODE chassis geom (player) #5 = transform, inner class=1 pos=(0.000,1.675,0.000)
INFO 2026-07-27 15:24:37.565 joltshadow - docs §33: real ODE chassis geom (player) #6 = class 0 (not a transform) pos=(4650.542,263.461,1167.101) radius=30.000
INFO 2026-07-27 15:24:37.565 joltshadow - docs §33: real ODE chassis geom (player) #7 = class 0 (not a transform) pos=(4650.542,263.461,1167.101) radius=8.161
INFO 2026-07-27 15:24:37.565 joltshadow - docs §33: real ODE chassis geom (player) #8 = class 0 (not a transform) pos=(4650.542,263.461,1167.101) radius=200.000
INFO 2026-07-27 15:24:37.565 joltshadow - docs §33: real ODE chassis (player) has 8 total geom(s) directly attached (4 transform(s)) - compare against BuildChassisCompoundShape's own part/geom count in the build log
INFO 2026-07-27 15:24:37.566 joltshadow - docs §28: REAL ODE wheel state (player) wheel=0 displacement=0.0587 range=1.000 (6% compressed, signed) foreAft=2.663 localZ=2.663 cfm=0.002500 erp=0.2500
INFO 2026-07-27 15:24:37.566 joltshadow - docs §28: REAL ODE wheel state (player) wheel=1 displacement=-0.0096 range=1.000 (-1% compressed, signed) foreAft=2.663 localZ=2.663 cfm=0.002500 erp=0.2500
INFO 2026-07-27 15:24:37.566 joltshadow - docs §28: REAL ODE wheel state (player) wheel=2 displacement=-0.0028 range=1.000 (-0% compressed, signed) foreAft=-1.944 localZ=-1.944 cfm=0.002000 erp=0.2500
INFO 2026-07-27 15:24:37.566 joltshadow - docs §28: REAL ODE wheel state (player) wheel=3 displacement=0.0524 range=1.000 (5% compressed, signed) foreAft=-1.944 localZ=-1.944 cfm=0.002000 erp=0.2500
INFO 2026-07-27 15:24:37.604 joltshadow - docs §70.1: slipdense (player) f=1624 w=0 grounded=1 kappa=0.112 fnGround=481 omega=-0.03 | ftGround=99N target=0.0 limit=1368Nm motorNm=75 tyreNm=-75 inertia=2.91 limRot=0/-104/0 omegaPre=-0.03 posN=-126/-55/0 susp=-0.0680 springN=394
INFO 2026-07-27 15:24:37.604 joltshadow - docs §70.1: slipdense (player) f=1624 w=1 grounded=0 kappa=0.000 fnGround=0 omega=-0.03 | ftGround=0N target=0.0 limit=1192Nm motorNm=0 tyreNm=0 inertia=2.91 limRot=0/-8/0 omegaPre=-0.03 posN=24/28/0 susp=0.0166 springN=-97
INFO 2026-07-27 15:24:37.604 joltshadow - docs §70.1: slipdense (player) f=1624 w=2 grounded=1 kappa=0.098 fnGround=661 omega=-0.03 | ftGround=89N target=0.0 limit=1881Nm motorNm=65 tyreNm=-65 inertia=2.91 limRot=0/-112/-23 omegaPre=-0.03 posN=-127/-187/0 susp=-0.0663 springN=540
INFO 2026-07-27 15:24:37.604 joltshadow - docs §70.1: slipdense (player) f=1624 w=3 grounded=1 kappa=0.109 fnGround=820 omega=-0.03 | ftGround=99N target=0.0 limit=2344Nm motorNm=73 tyreNm=-72 inertia=2.91 limRot=0/-116/-23 omegaPre=-0.03 posN=-131/-228/0 susp=-0.0938 springN=684
INFO 2026-07-27 15:24:37.604 joltshadow - docs §78: attdense (player) f=1624 joltTilt=19.26 odeTilt=18.26 upDelta=0.99 wBody=(-0.03,0.00,0.06) |w|=0.07 grounded=3
INFO 2026-07-27 15:24:37.641 joltshadow - docs §70.1: slipdense (player) f=1628 w=0 grounded=1 kappa=0.113 fnGround=503 omega=-0.02 | ftGround=85N target=0.0 limit=1432Nm motorNm=65 tyreNm=-65 inertia=2.91 limRot=0/-106/0 omegaPre=-0.03 posN=-130/-42/0 susp=-0.0680 springN=404
INFO 2026-07-27 15:24:37.641 joltshadow - docs §70.1: slipdense (player) f=1628 w=1 grounded=0 kappa=0.000 fnGround=0 omega=-0.02 | ftGround=0N target=0.0 limit=1192Nm motorNm=1 tyreNm=0 inertia=2.91 limRot=0/7/0 omegaPre=-0.03 posN=24/26/0 susp=0.0164 springN=-95
INFO 2026-07-27 15:24:37.641 joltshadow - docs §70.1: slipdense (player) f=1628 w=2 grounded=1 kappa=0.099 fnGround=693 omega=-0.02 | ftGround=77N target=0.0 limit=2004Nm motorNm=57 tyreNm=-56 inertia=2.91 limRot=0/-114/-23 omegaPre=-0.03 posN=-130/-184/0 susp=-0.0713 springN=574
INFO 2026-07-27 15:24:37.641 joltshadow - docs §70.1: slipdense (player) f=1628 w=3 grounded=1 kappa=0.118 fnGround=810 omega=-0.02 | ftGround=92N target=0.0 limit=2364Nm motorNm=68 tyreNm=-67 inertia=2.91 limRot=0/-117/-23 omegaPre=-0.03 posN=-134/-221/0 susp=-0.0933 springN=683
INFO 2026-07-27 15:24:37.641 joltshadow - docs §78: attdense (player) f=1628 joltTilt=19.39 odeTilt=18.25 upDelta=1.14 wBody=(-0.02,0.00,0.06) |w|=0.07 grounded=3
INFO 2026-07-27 15:24:37.677 joltshadow - docs §70.1: slipdense (player) f=1632 w=0 grounded=1 kappa=0.105 fnGround=500 omega=-0.02 | ftGround=103N target=0.0 limit=1386Nm motorNm=79 tyreNm=-78 inertia=2.91 limRot=0/-111/0 omegaPre=-0.02 posN=-134/-59/0 susp=-0.0684 springN=406
INFO 2026-07-27 15:24:37.677 joltshadow - docs §70.1: slipdense (player) f=1632 w=1 grounded=0 kappa=0.000 fnGround=0 omega=-0.02 | ftGround=0N target=0.0 limit=1192Nm motorNm=0 tyreNm=0 inertia=2.91 limRot=0/0/0 omegaPre=-0.02 posN=26/29/0 susp=0.0164 springN=-96
INFO 2026-07-27 15:24:37.677 joltshadow - docs §70.1: slipdense (player) f=1632 w=2 grounded=1 kappa=0.087 fnGround=719 omega=-0.02 | ftGround=89N target=0.0 limit=2052Nm motorNm=65 tyreNm=-65 inertia=2.91 limRot=0/-122/-24 omegaPre=-0.02 posN=-141/-198/0 susp=-0.0758 springN=596
INFO 2026-07-27 15:24:37.678 joltshadow - docs §70.1: slipdense (player) f=1632 w=3 grounded=1 kappa=0.107 fnGround=798 omega=-0.02 | ftGround=110N target=0.0 limit=2325Nm motorNm=81 tyreNm=-80 inertia=2.91 limRot=0/-125/-25 omegaPre=-0.02 posN=-146/-234/0 susp=-0.0925 springN=670
INFO 2026-07-27 15:24:37.678 joltshadow - docs §78: attdense (player) f=1632 joltTilt=19.50 odeTilt=18.23 upDelta=1.27 wBody=(-0.02,0.00,0.06) |w|=0.06 grounded=3
INFO 2026-07-27 15:24:37.714 joltshadow - docs §70.1: slipdense (player) f=1636 w=0 grounded=1 kappa=0.105 fnGround=497 omega=-0.01 | ftGround=92N target=0.0 limit=1402Nm motorNm=70 tyreNm=-70 inertia=2.91 limRot=0/-112/0 omegaPre=-0.01 posN=-137/-50/0 susp=-0.0696 springN=413
INFO 2026-07-27 15:24:37.714 joltshadow - docs §70.1: slipdense (player) f=1636 w=1 grounded=0 kappa=0.000 fnGround=0 omega=-0.01 | ftGround=0N target=0.0 limit=1192Nm motorNm=1 tyreNm=0 inertia=2.91 limRot=0/-6/0 omegaPre=-0.01 posN=26/27/0 susp=0.0163 springN=-95
INFO 2026-07-27 15:24:37.714 joltshadow - docs §70.1: slipdense (player) f=1636 w=2 grounded=1 kappa=0.087 fnGround=731 omega=-0.01 | ftGround=79N target=0.0 limit=2164Nm motorNm=58 tyreNm=-58 inertia=2.91 limRot=0/-125/-25 omegaPre=-0.01 posN=-146/-193/0 susp=-0.0793 springN=613
INFO 2026-07-27 15:24:37.714 joltshadow - docs §70.1: slipdense (player) f=1636 w=3 grounded=1 kappa=0.104 fnGround=776 omega=-0.01 | ftGround=95N target=0.0 limit=2288Nm motorNm=70 tyreNm=-69 inertia=2.91 limRot=0/-127/-25 omegaPre=-0.01 posN=-149/-217/0 susp=-0.0914 springN=653
INFO 2026-07-27 15:24:37.714 joltshadow - docs §78: attdense (player) f=1636 joltTilt=19.60 odeTilt=18.23 upDelta=1.37 wBody=(-0.01,0.00,0.05) |w|=0.05 grounded=3
INFO 2026-07-27 15:24:37.751 joltshadow - docs §70.1: slipdense (player) f=1640 w=0 grounded=1 kappa=0.104 fnGround=485 omega=-0.01 | ftGround=91N target=0.0 limit=1478Nm motorNm=69 tyreNm=-69 inertia=2.91 limRot=0/-115/0 omegaPre=-0.01 posN=-140/-49/0 susp=-0.0705 springN=420
INFO 2026-07-27 15:24:37.751 joltshadow - docs §70.1: slipdense (player) f=1640 w=1 grounded=0 kappa=0.000 fnGround=0 omega=-0.01 | ftGround=0N target=0.0 limit=1192Nm motorNm=0 tyreNm=0 inertia=2.91 limRot=0/4/0 omegaPre=-0.01 posN=26/28/0 susp=0.0160 springN=-94
INFO 2026-07-27 15:24:37.751 joltshadow - docs §70.1: slipdense (player) f=1640 w=2 grounded=1 kappa=0.086 fnGround=740 omega=-0.01 | ftGround=78N target=0.0 limit=2176Nm motorNm=57 tyreNm=-57 inertia=2.91 limRot=0/-129/-26 omegaPre=-0.01 posN=-152/-193/0 susp=-0.0820 springN=621
INFO 2026-07-27 15:24:37.751 joltshadow - docs §70.1: slipdense (player) f=1640 w=3 grounded=1 kappa=0.106 fnGround=778 omega=-0.01 | ftGround=97N target=0.0 limit=2289Nm motorNm=71 tyreNm=-70 inertia=2.91 limRot=0/-131/-26 omegaPre=-0.01 posN=-155/-219/0 susp=-0.0895 springN=638
INFO 2026-07-27 15:24:37.751 joltshadow - docs §78: attdense (player) f=1640 joltTilt=19.68 odeTilt=18.25 upDelta=1.44 wBody=(-0.01,0.00,0.04) |w|=0.05 grounded=3
INFO 2026-07-27 15:24:37.793 joltshadow - docs §70.1: slipdense (player) f=1644 w=0 grounded=1 kappa=0.106 fnGround=505 omega=0.00 | ftGround=83N target=0.0 limit=1478Nm motorNm=63 tyreNm=-63 inertia=2.91 limRot=0/-116/0 omegaPre=-0.00 posN=-143/-42/0 susp=-0.0711 springN=426
INFO 2026-07-27 15:24:37.793 joltshadow - docs §70.1: slipdense (player) f=1644 w=1 grounded=0 kappa=0.000 fnGround=0 omega=0.00 | ftGround=0N target=0.0 limit=1192Nm motorNm=0 tyreNm=0 inertia=2.91 limRot=0/-0/0 omegaPre=-0.00 posN=27/26/0 susp=0.0153 springN=-92
INFO 2026-07-27 15:24:37.793 joltshadow - docs §70.1: slipdense (player) f=1644 w=2 grounded=1 kappa=0.090 fnGround=744 omega=0.00 | ftGround=74N target=0.0 limit=2182Nm motorNm=54 tyreNm=-54 inertia=2.91 limRot=0/-131/-26 omegaPre=-0.00 posN=-156/-191/0 susp=-0.0835 springN=623
INFO 2026-07-27 15:24:37.793 joltshadow - docs §70.1: slipdense (player) f=1644 w=3 grounded=1 kappa=0.107 fnGround=766 omega=0.00 | ftGround=88N target=0.0 limit=2178Nm motorNm=64 tyreNm=-64 inertia=2.91 limRot=0/-132/-26 omegaPre=-0.00 posN=-158/-209/0 susp=-0.0873 springN=619
INFO 2026-07-27 15:24:37.793 joltshadow - docs §78: attdense (player) f=1644 joltTilt=19.74 odeTilt=18.28 upDelta=1.48 wBody=(0.00,0.00,0.03) |w|=0.03 grounded=3
INFO 2026-07-27 15:24:37.823 joltshadow - docs §82: resync (player) #26 dt=0.51s upMax=1.486 deg posMax=0.059 m odeTiltPath=0.183 deg gain=8.1137
INFO 2026-07-27 15:24:37.823 joltshadow - docs §87: resync landing (player) w=0 pre=0.0395 post=0.0370 m R=0.727 dY=-0.0090 dRotDeg=1.49 |corr|=0.0590 m
INFO 2026-07-27 15:24:37.823 joltshadow - docs §87: resync landing (player) w=1 pre=0.0994 post=0.0557 m R=0.727 dY=-0.0090 dRotDeg=1.49 |corr|=0.0590 m
INFO 2026-07-27 15:24:37.823 joltshadow - docs §87: resync landing (player) w=2 pre=0.0163 post=0.0150 m R=0.727 dY=-0.0090 dRotDeg=1.49 |corr|=0.0590 m
INFO 2026-07-27 15:24:37.823 joltshadow - docs §87: resync landing (player) w=3 pre=0.0165 post=0.0102 m R=0.727 dY=-0.0090 dRotDeg=1.49 |corr|=0.0590 m
INFO 2026-07-27 15:24:37.824 joltshadow - docs §82: resync RESIDUAL (player) #26 pos=0.0000 m up=0.0000 deg
INFO 2026-07-27 15:24:37.835 joltshadow - docs §70.1: slipdense (player) f=1648 w=0 grounded=1 kappa=0.013 fnGround=751 omega=-0.02 | ftGround=12N target=0.0 limit=1507Nm motorNm=6 tyreNm=-9 inertia=2.91 limRot=0/-59/0 omegaPre=-0.00 posN=-89/52/0 susp=-0.1076 springN=641
INFO 2026-07-27 15:24:37.835 joltshadow - docs §70.1: slipdense (player) f=1648 w=1 grounded=0 kappa=0.000 fnGround=0 omega=-0.02 | ftGround=0N target=0.0 limit=1192Nm motorNm=-2 tyreNm=0 inertia=2.91 limRot=0/-4/0 omegaPre=-0.00 posN=10/24/0 susp=-0.0377 springN=116
INFO 2026-07-27 15:24:37.835 joltshadow - docs §70.1: slipdense (player) f=1648 w=2 grounded=1 kappa=0.072 fnGround=594 omega=-0.02 | ftGround=65N target=0.0 limit=2207Nm motorNm=45 tyreNm=-48 inertia=2.91 limRot=0/-41/-9 omegaPre=-0.00 posN=-37/-149/0 susp=-0.0498 springN=447
INFO 2026-07-27 15:24:37.835 joltshadow - docs §70.1: slipdense (player) f=1648 w=3 grounded=1 kappa=0.071 fnGround=1025 omega=-0.02 | ftGround=64N target=0.0 limit=2142Nm motorNm=44 tyreNm=-47 inertia=2.91 limRot=0/-42/-9 omegaPre=-0.00 posN=-29/-228/0 susp=-0.1031 springN=839
INFO 2026-07-27 15:24:37.835 joltshadow - docs §78: attdense (player) f=1648 joltTilt=18.32 odeTilt=18.31 upDelta=0.00 wBody=(-0.02,-0.00,0.01) |w|=0.02 grounded=3
INFO 2026-07-27 15:24:37.873 joltshadow - docs §70.1: slipdense (player) f=1652 w=0 grounded=1 kappa=0.023 fnGround=648 omega=-0.04 | ftGround=17N target=0.0 limit=1997Nm motorNm=11 tyreNm=-12 inertia=2.91 limRot=0/-77/0 omegaPre=-0.03 posN=-91/35/0 susp=-0.1033 springN=578
INFO 2026-07-27 15:24:37.874 joltshadow - docs §70.1: slipdense (player) f=1652 w=1 grounded=1 kappa=0.032 fnGround=325 omega=-0.04 | ftGround=23N target=0.0 limit=1659Nm motorNm=16 tyreNm=-17 inertia=2.91 limRot=0/-50/0 omegaPre=-0.03 posN=-68/9/0 susp=-0.0203 springN=59
INFO 2026-07-27 15:24:37.874 joltshadow - docs §70.1: slipdense (player) f=1652 w=2 grounded=1 kappa=0.020 fnGround=493 omega=-0.04 | ftGround=14N target=0.0 limit=1370Nm motorNm=9 tyreNm=-11 inertia=2.91 limRot=0/-77/-15 omegaPre=-0.03 posN=-78/-86/0 susp=-0.0519 springN=386
INFO 2026-07-27 15:24:37.874 joltshadow - docs §70.1: slipdense (player) f=1652 w=3 grounded=1 kappa=0.035 fnGround=878 omega=-0.04 | ftGround=26N target=0.0 limit=2475Nm motorNm=18 tyreNm=-19 inertia=2.91 limRot=0/-78/-15 omegaPre=-0.03 posN=-73/-173/0 susp=-0.1053 springN=771
INFO 2026-07-27 15:24:37.874 joltshadow - docs §78: attdense (player) f=1652 joltTilt=18.38 odeTilt=18.32 upDelta=0.06 wBody=(-0.04,0.00,0.02) |w|=0.04 grounded=4
INFO 2026-07-27 15:24:37.913 joltshadow - docs §70.1: slipdense (player) f=1656 w=0 grounded=1 kappa=0.031 fnGround=584 omega=-0.05 | ftGround=25N target=0.0 limit=1796Nm motorNm=18 tyreNm=-19 inertia=2.91 limRot=0/-60/0 omegaPre=-0.05 posN=-77/23/0 susp=-0.0952 springN=510
INFO 2026-07-27 15:24:37.913 joltshadow - docs §70.1: slipdense (player) f=1656 w=1 grounded=1 kappa=0.041 fnGround=69 omega=-0.05 | ftGround=33N target=0.0 limit=1192Nm motorNm=24 tyreNm=-25 inertia=2.91 limRot=0/-21/0 omegaPre=-0.05 posN=-51/-11/0 susp=-0.0095 springN=-27
INFO 2026-07-27 15:24:37.913 joltshadow - docs §70.1: slipdense (player) f=1656 w=2 grounded=1 kappa=0.037 fnGround=476 omega=-0.05 | ftGround=30N target=0.0 limit=1418Nm motorNm=22 tyreNm=-22 inertia=2.91 limRot=0/-79/-15 omegaPre=-0.05 posN=-82/-99/0 susp=-0.0519 springN=393
INFO 2026-07-27 15:24:37.913 joltshadow - docs §70.1: slipdense (player) f=1656 w=3 grounded=1 kappa=0.063 fnGround=835 omega=-0.05 | ftGround=51N target=0.0 limit=2484Nm motorNm=37 tyreNm=-38 inertia=2.91 limRot=0/-83/-16 omegaPre=-0.05 posN=-80/-187/0 susp=-0.1024 springN=741
INFO 2026-07-27 15:24:37.913 joltshadow - docs §78: attdense (player) f=1656 joltTilt=18.50 odeTilt=18.32 upDelta=0.19 wBody=(-0.05,0.00,0.03) |w|=0.06 grounded=4
INFO 2026-07-27 15:24:37.958 joltshadow - docs §70.1: slipdense (player) f=1660 w=0 grounded=1 kappa=0.076 fnGround=527 omega=-0.05 | ftGround=67N target=0.0 limit=1466Nm motorNm=51 tyreNm=-50 inertia=2.91 limRot=0/-93/0 omegaPre=-0.06 posN=-113/-24/0 susp=-0.0848 springN=437
INFO 2026-07-27 15:24:37.958 joltshadow - docs §70.1: slipdense (player) f=1660 w=1 grounded=0 kappa=0.000 fnGround=0 omega=-0.05 | ftGround=0N target=0.0 limit=1192Nm motorNm=0 tyreNm=0 inertia=2.91 limRot=0/-3/0 omegaPre=-0.06 posN=20/22/0 susp=0.0042 springN=-114
INFO 2026-07-27 15:24:37.959 joltshadow - docs §70.1: slipdense (player) f=1660 w=2 grounded=1 kappa=0.066 fnGround=486 omega=-0.05 | ftGround=59N target=0.0 limit=1448Nm motorNm=44 tyreNm=-44 inertia=2.91 limRot=0/-96/-19 omegaPre=-0.06 posN=-105/-130/0 susp=-0.0528 springN=397
INFO 2026-07-27 15:24:37.959 joltshadow - docs §70.1: slipdense (player) f=1660 w=3 grounded=1 kappa=0.076 fnGround=799 omega=-0.05 | ftGround=68N target=0.0 limit=2356Nm motorNm=51 tyreNm=-50 inertia=2.91 limRot=0/-101/-20 omegaPre=-0.06 posN=-106/-197/0 susp=-0.0994 springN=701
INFO 2026-07-27 15:24:37.959 joltshadow - docs §78: attdense (player) f=1660 joltTilt=18.67 odeTilt=18.30 upDelta=0.38 wBody=(-0.05,0.00,0.04) |w|=0.07 grounded=3
