INFO 2026-07-27 15:26:56.009 crashdiag - crashdiag: armed (hang watchdog 10.0s, minidump on)
INFO 2026-07-27 15:26:56.010 ENTRY - Prepare patches
INFO 2026-07-27 15:26:56.010 fileserver - Feature enabled
INFO 2026-07-27 15:26:56.010 physic - Feature enabled
INFO 2026-07-27 15:26:56.010 autobrakefix - Feature enabled
INFO 2026-07-27 15:26:56.010 objcontupgrade - Feature enabled
INFO 2026-07-27 15:26:56.013 wareuse - Feature enabled
INFO 2026-07-27 15:26:56.013 fastloading - Feature enabled
INFO 2026-07-27 15:26:56.013 cardan - Feature enabled
INFO 2026-07-27 15:26:56.013 tactics - Feature enabled
INFO 2026-07-27 15:26:56.013 tactics - Lock on player enabled
INFO 2026-07-27 15:26:56.013 schwarz - Feature enabled
INFO 2026-07-27 15:26:56.013 skinfix - Feature enabled
INFO 2026-07-27 15:26:56.013 fixcctl - Feature enabled
INFO 2026-07-27 15:26:56.013 locationdebug - Feature enabled
INFO 2026-07-27 15:26:56.013 mortarvolleylauncherfix - Feature enabled
INFO 2026-07-27 15:26:56.013 gunlights - Feature enabled
INFO 2026-07-27 15:26:56.013 bossmetalarm - Feature enabled
INFO 2026-07-27 15:26:56.013 testharness - Feature enabled
INFO 2026-07-27 15:26:56.013 testharness - Auto-load enabled, will load the most recent save once ProcessAllEvents first runs
INFO 2026-07-27 15:26:56.013 testharness - God mode enabled - will apply setGodMode/setImmortalMode(true) to the player vehicle as soon as it exists (bypasses cheats.lua's testcheat() computer-name gate)
INFO 2026-07-27 15:26:56.013 testharness - Perf monitor enabled - logging wall-clock fps/frame-time every 5.0s
INFO 2026-07-27 15:26:56.013 jolt - Feature enabled - initializing Jolt Physics
INFO 2026-07-27 15:26:56.015 jolt - Jolt: speculative contact distance = 0.0200 m
INFO 2026-07-27 15:26:56.015 jolt - Jolt Physics initialized (threads=15, maxBodies=262144)
INFO 2026-07-27 15:26:56.016 jolt - Jolt: static geometry export hooks installed (landscape heightfield + roads + static obstacles via gGlobalSpace walk)
INFO 2026-07-27 15:26:56.016 joltshadow - docs §39 SelfTest[1] flat: F=(0.0,2400.0,0.0) -> PASS
INFO 2026-07-27 15:26:56.016 joltshadow - docs §39 SelfTest[3] wall-climb: F=(0.0,4296.0,3600.0) fpar=-4295.99 -> PASS
INFO 2026-07-27 15:26:56.016 joltshadow - docs §39 SelfTest[4] classify: ground=0 obstacle=1 -> PASS
INFO 2026-07-27 15:26:56.016 joltshadow - docs §39 wheelmodel_core SelfTest overall: PASS
INFO 2026-07-27 15:26:56.016 joltshadow - docs §23.4: ram-damage diagnostic installed (ai::CalcDamageToVehicles @ 0x0088F700)
INFO 2026-07-27 15:26:56.016 joltshadow - Feature enabled - Jolt WILL DRIVE the player's vehicle this run (player_only=1, max_speed=60m/s gate)
INFO 2026-07-27 15:26:56.016 joltshadow - Suspension/friction tuning: susp_frequency=1.00Hz susp_damping=1.00 friction_long=0.93 friction_lat=1.00 (from kraken.ini, autotune disabled)
INFO 2026-07-27 15:26:59.817 jolt - Jolt: exported landscape heightfield as a static body (257x257 samples, 8.0 world units/cell, height range [173.8, 475.4])
INFO 2026-07-27 15:27:00.182 jolt - Jolt: exported roads as a static body (519/555 nodes, 46463 verts, 37346 tris, 36 skipped)
INFO 2026-07-27 15:27:00.434 testharness - God mode: applying to player vehicle 335BDFF8
INFO 2026-07-27 15:27:00.435 joltshadow - Shadow: compound chassis shape built - 4 part(s), 4 geom(s) (4 box, 0 sphere, 0 capsule, 0 skipped)
INFO 2026-07-27 15:27:00.435 joltshadow - docs §93: chassis inertia (player) mass=100.0 | JOLT(compound) = (635.3, 232.9, 480.2) | ODE(box 6.00x1.00x3.00) = (83.3, 375.0, 308.3) | ratio = (7.62, 0.62, 1.56)
INFO 2026-07-27 15:27:00.435 joltshadow - docs §54 axis-audit (player) w=0: axis1_local=(-0.000,1.000,0.000) vs assumedSusp -> 0.00 deg | axis2_local=(-1.000,-0.000,0.000) vs assumedAxle -> 0.00 deg | axis1^axis2 off-perp 0.00 deg || kSusp=7500 N/m cSusp=375 Ns/m range=0.250 R=0.832 mWheel=1.0 driven=1 steer=1
INFO 2026-07-27 15:27:00.435 joltshadow - docs §54 axis-audit (player) w=1: axis1_local=(-0.000,1.000,0.000) vs assumedSusp -> 0.00 deg | axis2_local=(-1.000,-0.000,0.000) vs assumedAxle -> 0.00 deg | axis1^axis2 off-perp 0.00 deg || kSusp=3000 N/m cSusp=150 Ns/m range=0.250 R=0.832 mWheel=1.0 driven=1 steer=1
INFO 2026-07-27 15:27:00.435 joltshadow - docs §54 axis-audit (player) w=2: axis1_local=(-0.000,1.000,0.000) vs assumedSusp -> 0.00 deg | axis2_local=(-1.000,-0.000,0.000) vs assumedAxle -> 0.00 deg | axis1^axis2 off-perp 0.00 deg || kSusp=3000 N/m cSusp=150 Ns/m range=0.250 R=0.925 mWheel=1.0 driven=1 steer=0
INFO 2026-07-27 15:27:00.435 joltshadow - docs §54 axis-audit (player) w=3: axis1_local=(-0.000,1.000,0.000) vs assumedSusp -> 0.00 deg | axis2_local=(-1.000,-0.000,0.000) vs assumedAxle -> 0.00 deg | axis1^axis2 off-perp 0.00 deg || kSusp=3000 N/m cSusp=150 Ns/m range=0.250 R=0.925 mWheel=1.0 driven=1 steer=0
INFO 2026-07-27 15:27:00.435 joltshadow - docs §54 axis-audit SUMMARY (player): worst susp 0.00 deg, worst axle (unsteered only) 0.00 deg, worst off-perp 0.00 deg -> convention CONFIRMED
INFO 2026-07-27 15:27:00.435 joltshadow - Shadow (player): wheelmodel APPLY mode - VehicleConstraint built but NOT simulated; chassis driven by wheelmodel_core (4 wheels)
INFO 2026-07-27 15:27:00.435 joltshadow - docs §75: constraint frame (player) w=0 axle.fwd=-0.0000 (0.00 deg off perpendicular) | anchorOffsetFromWheelCentre=0.1020 m (restLen)
INFO 2026-07-27 15:27:00.436 joltshadow - docs §75: constraint frame (player) w=1 axle.fwd=-0.0000 (0.00 deg off perpendicular) | anchorOffsetFromWheelCentre=0.1041 m (restLen)
INFO 2026-07-27 15:27:00.436 joltshadow - docs §75: constraint frame (player) w=2 axle.fwd=-0.0000 (0.00 deg off perpendicular) | anchorOffsetFromWheelCentre=0.0909 m (restLen)
INFO 2026-07-27 15:27:00.436 joltshadow - docs §75: constraint frame (player) w=3 axle.fwd=-0.0000 (0.00 deg off perpendicular) | anchorOffsetFromWheelCentre=0.0867 m (restLen)
INFO 2026-07-27 15:27:00.436 joltshadow - docs §58 (player): mode 4 - built 4 wheel bodies + SixDOF constraints (chassisMass=100.0, massFloor=2.50) | docs §95.4 wheelMass=10.0 chassisMassFinal=90.0 total=100.0
INFO 2026-07-27 15:27:00.436 joltshadow - Shadow vehicle #1 built (player): 4 wheels (2 driven axle(s)), mass=100.0, chassis=6.00x1.00x3.00, susp_mult=1.00x/damp=1.00, friction=0.93/1.00
INFO 2026-07-27 15:27:00.580 joltshadow - docs §70.1: slipdense (player) f=4 w=0 grounded=1 kappa=4.729 fnGround=289 omega=3.27 | ftGround=225N target=33.9 limit=203Nm motorNm=203 tyreNm=-192 inertia=0.86 limRot=0/-22/0 omegaPre=0.75 posN=-4/-210/0 susp=-0.0175 springN=263
INFO 2026-07-27 15:27:00.580 joltshadow - docs §70.1: slipdense (player) f=4 w=1 grounded=1 kappa=4.894 fnGround=141 omega=3.36 | ftGround=233N target=33.9 limit=203Nm motorNm=203 tyreNm=-193 inertia=0.86 limRot=0/-3/0 omegaPre=1.31 posN=-5/-211/0 susp=-0.0181 springN=117
INFO 2026-07-27 15:27:00.580 joltshadow - docs §70.1: slipdense (player) f=4 w=2 grounded=1 kappa=4.346 fnGround=150 omega=2.73 | ftGround=200N target=33.9 limit=203Nm motorNm=203 tyreNm=-191 inertia=1.07 limRot=0/-1/-7 omegaPre=0.90 posN=5/-185/0 susp=-0.0205 springN=130
INFO 2026-07-27 15:27:00.580 joltshadow - docs §70.1: slipdense (player) f=4 w=3 grounded=1 kappa=4.319 fnGround=164 omega=2.72 | ftGround=205N target=33.9 limit=203Nm motorNm=203 tyreNm=-190 inertia=1.07 limRot=0/-1/0 omegaPre=0.94 posN=-0/-184/0 susp=-0.0214 springN=139
INFO 2026-07-27 15:27:00.580 joltshadow - docs §78: attdense (player) f=4 joltTilt=0.13 odeTilt=1.87 upDelta=1.76 wBody=(-0.01,-0.00,-0.02) |w|=0.02 grounded=4
INFO 2026-07-27 15:27:00.616 joltshadow - docs §70.1: slipdense (player) f=8 w=0 grounded=1 kappa=0.718 fnGround=408 omega=1.49 | ftGround=224N target=33.9 limit=200Nm motorNm=200 tyreNm=-194 inertia=0.86 limRot=0/-40/0 omegaPre=1.69 posN=-22/-209/0 susp=-0.0319 springN=389
INFO 2026-07-27 15:27:00.616 joltshadow - docs §70.1: slipdense (player) f=8 w=1 grounded=1 kappa=0.723 fnGround=210 omega=1.55 | ftGround=236N target=33.9 limit=200Nm motorNm=200 tyreNm=-196 inertia=0.86 limRot=0/-16/0 omegaPre=1.80 posN=-26/-214/0 susp=-0.0357 springN=183
INFO 2026-07-27 15:27:00.616 joltshadow - docs §70.1: slipdense (player) f=8 w=2 grounded=1 kappa=0.639 fnGround=183 omega=1.34 | ftGround=202N target=33.9 limit=200Nm motorNm=200 tyreNm=-194 inertia=1.07 limRot=0/-3/-7 omegaPre=1.51 posN=4/-187/0 susp=-0.0363 springN=167
INFO 2026-07-27 15:27:00.616 joltshadow - docs §70.1: slipdense (player) f=8 w=3 grounded=1 kappa=0.645 fnGround=221 omega=1.33 | ftGround=210N target=33.9 limit=200Nm motorNm=200 tyreNm=-194 inertia=1.07 limRot=0/-2/-0 omegaPre=1.51 posN=-3/-190/0 susp=-0.0399 springN=193
INFO 2026-07-27 15:27:00.616 joltshadow - docs §78: attdense (player) f=8 joltTilt=0.12 odeTilt=1.28 upDelta=1.15 wBody=(0.00,0.00,-0.04) |w|=0.04 grounded=4
INFO 2026-07-27 15:27:00.644 joltshadow - docs §70.1: slipdense (player) f=12 w=0 grounded=1 kappa=0.434 fnGround=464 omega=1.78 | ftGround=221N target=33.9 limit=203Nm motorNm=203 tyreNm=-192 inertia=0.86 limRot=0/-39/0 omegaPre=1.70 posN=-20/-207/0 susp=-0.0425 springN=451
INFO 2026-07-27 15:27:00.645 joltshadow - docs §70.1: slipdense (player) f=12 w=1 grounded=1 kappa=0.470 fnGround=252 omega=1.77 | ftGround=233N target=33.9 limit=203Nm motorNm=203 tyreNm=-193 inertia=0.86 limRot=0/-11/0 omegaPre=1.71 posN=-21/-211/0 susp=-0.0498 springN=224
INFO 2026-07-27 15:27:00.645 joltshadow - docs §70.1: slipdense (player) f=12 w=2 grounded=1 kappa=0.411 fnGround=201 omega=1.56 | ftGround=200N target=33.9 limit=203Nm motorNm=203 tyreNm=-192 inertia=1.07 limRot=0/-9/-7 omegaPre=1.50 posN=-0/-186/0 susp=-0.0462 springN=183
INFO 2026-07-27 15:27:00.645 joltshadow - docs §70.1: slipdense (player) f=12 w=3 grounded=1 kappa=0.421 fnGround=247 omega=1.53 | ftGround=208N target=33.9 limit=203Nm motorNm=203 tyreNm=-192 inertia=1.07 limRot=0/-8/-0 omegaPre=1.48 posN=-7/-187/0 susp=-0.0530 springN=224
INFO 2026-07-27 15:27:00.645 joltshadow - docs §78: attdense (player) f=12 joltTilt=0.13 odeTilt=0.60 upDelta=0.52 wBody=(0.01,0.01,-0.05) |w|=0.05 grounded=4
INFO 2026-07-27 15:27:00.672 joltshadow - docs §70.1: slipdense (player) f=16 w=0 grounded=1 kappa=0.356 fnGround=496 omega=2.09 | ftGround=225N target=33.9 limit=203Nm motorNm=203 tyreNm=-194 inertia=0.86 limRot=0/-34/0 omegaPre=2.02 posN=-10/-211/0 susp=-0.0511 springN=485
INFO 2026-07-27 15:27:00.672 joltshadow - docs §70.1: slipdense (player) f=16 w=1 grounded=1 kappa=0.380 fnGround=279 omega=2.06 | ftGround=234N target=33.9 limit=203Nm motorNm=203 tyreNm=-194 inertia=0.86 limRot=0/-6/0 omegaPre=2.00 posN=-12/-212/0 susp=-0.0628 springN=256
INFO 2026-07-27 15:27:00.672 joltshadow - docs §70.1: slipdense (player) f=16 w=2 grounded=1 kappa=0.333 fnGround=203 omega=1.82 | ftGround=201N target=33.9 limit=203Nm motorNm=203 tyreNm=-193 inertia=1.07 limRot=0/-5/-7 omegaPre=1.77 posN=4/-188/0 susp=-0.0529 springN=185
INFO 2026-07-27 15:27:00.672 joltshadow - docs §70.1: slipdense (player) f=16 w=3 grounded=1 kappa=0.340 fnGround=268 omega=1.80 | ftGround=209N target=33.9 limit=203Nm motorNm=203 tyreNm=-193 inertia=1.07 limRot=0/-4/-0 omegaPre=1.74 posN=-2/-187/0 susp=-0.0638 springN=244
INFO 2026-07-27 15:27:00.672 joltshadow - docs §78: attdense (player) f=16 joltTilt=0.18 odeTilt=0.19 upDelta=0.37 wBody=(0.02,0.01,-0.06) |w|=0.07 grounded=4
INFO 2026-07-27 15:27:00.696 joltshadow - docs §70.1: slipdense (player) f=20 w=0 grounded=1 kappa=0.304 fnGround=506 omega=2.35 | ftGround=224N target=33.9 limit=203Nm motorNm=203 tyreNm=-194 inertia=0.86 limRot=0/-31/0 omegaPre=2.27 posN=-8/-211/0 susp=-0.0570 springN=495
INFO 2026-07-27 15:27:00.696 joltshadow - docs §70.1: slipdense (player) f=20 w=1 grounded=1 kappa=0.322 fnGround=301 omega=2.33 | ftGround=234N target=33.9 limit=203Nm motorNm=203 tyreNm=-194 inertia=0.86 limRot=0/-5/0 omegaPre=2.26 posN=-11/-212/0 susp=-0.0735 springN=279
INFO 2026-07-27 15:27:00.696 joltshadow - docs §70.1: slipdense (player) f=20 w=2 grounded=1 kappa=0.283 fnGround=196 omega=2.07 | ftGround=201N target=33.9 limit=203Nm motorNm=203 tyreNm=-193 inertia=1.07 limRot=0/-4/-8 omegaPre=2.00 posN=4/-187/0 susp=-0.0560 springN=177
INFO 2026-07-27 15:27:00.696 joltshadow - docs §70.1: slipdense (player) f=20 w=3 grounded=1 kappa=0.288 fnGround=279 omega=2.04 | ftGround=209N target=33.9 limit=203Nm motorNm=203 tyreNm=-193 inertia=1.07 limRot=0/-3/-1 omegaPre=1.97 posN=-1/-188/0 susp=-0.0717 springN=254
INFO 2026-07-27 15:27:00.696 joltshadow - docs §78: attdense (player) f=20 joltTilt=0.26 odeTilt=0.21 upDelta=0.41 wBody=(0.02,0.01,-0.07) |w|=0.08 grounded=4
INFO 2026-07-27 15:27:00.717 joltshadow - docs §70.1: slipdense (player) f=24 w=0 grounded=1 kappa=0.270 fnGround=502 omega=2.58 | ftGround=224N target=33.9 limit=203Nm motorNm=203 tyreNm=-194 inertia=0.86 limRot=0/-29/0 omegaPre=2.53 posN=-8/-211/0 susp=-0.0602 springN=492
INFO 2026-07-27 15:27:00.718 joltshadow - docs §70.1: slipdense (player) f=24 w=1 grounded=1 kappa=0.286 fnGround=315 omega=2.56 | ftGround=233N target=33.9 limit=203Nm motorNm=203 tyreNm=-194 inertia=0.86 limRot=0/-5/0 omegaPre=2.51 posN=-10/-213/0 susp=-0.0811 springN=293
INFO 2026-07-27 15:27:00.718 joltshadow - docs §70.1: slipdense (player) f=24 w=2 grounded=1 kappa=0.251 fnGround=184 omega=2.27 | ftGround=201N target=33.9 limit=203Nm motorNm=203 tyreNm=-193 inertia=1.07 limRot=0/-5/-8 omegaPre=2.23 posN=4/-188/0 susp=-0.0563 springN=166
INFO 2026-07-27 15:27:00.718 joltshadow - docs §70.1: slipdense (player) f=24 w=3 grounded=1 kappa=0.256 fnGround=281 omega=2.24 | ftGround=209N target=33.9 limit=203Nm motorNm=203 tyreNm=-193 inertia=1.07 limRot=0/-4/-1 omegaPre=2.20 posN=-2/-188/0 susp=-0.0764 springN=257
INFO 2026-07-27 15:27:00.718 joltshadow - docs §78: attdense (player) f=24 joltTilt=0.34 odeTilt=0.18 upDelta=0.33 wBody=(0.03,0.01,-0.08) |w|=0.09 grounded=4
INFO 2026-07-27 15:27:00.736 joltshadow - docs §70.1: slipdense (player) f=28 w=0 grounded=1 kappa=0.246 fnGround=491 omega=2.78 | ftGround=225N target=33.9 limit=203Nm motorNm=203 tyreNm=-194 inertia=0.86 limRot=0/-27/0 omegaPre=2.74 posN=-7/-212/0 susp=-0.0617 springN=484
INFO 2026-07-27 15:27:00.736 joltshadow - docs §70.1: slipdense (player) f=28 w=1 grounded=1 kappa=0.260 fnGround=322 omega=2.76 | ftGround=233N target=33.9 limit=203Nm motorNm=203 tyreNm=-194 inertia=0.86 limRot=0/-5/0 omegaPre=2.72 posN=-10/-213/0 susp=-0.0869 springN=301
INFO 2026-07-27 15:27:00.736 joltshadow - docs §70.1: slipdense (player) f=28 w=2 grounded=1 kappa=0.228 fnGround=168 omega=2.46 | ftGround=201N target=33.9 limit=203Nm motorNm=203 tyreNm=-193 inertia=1.07 limRot=0/-5/-8 omegaPre=2.42 posN=3/-188/0 susp=-0.0551 springN=151
INFO 2026-07-27 15:27:00.736 joltshadow - docs §70.1: slipdense (player) f=28 w=3 grounded=1 kappa=0.232 fnGround=280 omega=2.42 | ftGround=208N target=33.9 limit=203Nm motorNm=203 tyreNm=-193 inertia=1.07 limRot=0/-3/-1 omegaPre=2.38 posN=-1/-188/0 susp=-0.0795 springN=257
INFO 2026-07-27 15:27:00.736 joltshadow - docs §78: attdense (player) f=28 joltTilt=0.43 odeTilt=0.25 upDelta=0.26 wBody=(0.03,0.01,-0.08) |w|=0.09 grounded=4
WARNING 2026-07-27 15:27:00.780 jolt - Jolt: static box shape creation failed: Invalid half extent
WARNING 2026-07-27 15:27:00.781 jolt - Jolt: static box shape creation failed: Invalid half extent
INFO 2026-07-27 15:27:00.794 jolt - Jolt: exported 2415 static obstacles (719 box, 38 sphere, 1600 trimesh, 58 capsule) - 2869 geoms walked total (155 nested sub-space(s) recursed into, 2577 at top level per dSpaceGetNumGeoms), 292 dynamic geoms skipped, 7 body-less geoms of unexported class skipped, 0 skipped (capacity exhausted)
INFO 2026-07-27 15:27:00.794 jolt - Jolt: static obstacle export - 4 body-less geom(s) of unexported ODE class 4 (docs §22.9/§22.13 - classes confirmed by disassembly: 0=sphere, 1=box, 2=capsule, 7=trimesh, 11-14=space (recursed into, not "unexported"); others not confirmed against this binary, treat the raw ID as a lead not a fact)
INFO 2026-07-27 15:27:00.794 jolt - Jolt: static obstacle export - 1 body-less geom(s) of unexported ODE class 8 (docs §22.9/§22.13 - classes confirmed by disassembly: 0=sphere, 1=box, 2=capsule, 7=trimesh, 11-14=space (recursed into, not "unexported"); others not confirmed against this binary, treat the raw ID as a lead not a fact)
INFO 2026-07-27 15:27:00.805 joltshadow - docs §70.1: slipdense (player) f=32 w=0 grounded=1 kappa=0.602 fnGround=397 omega=4.12 | ftGround=703N target=33.9 limit=204Nm motorNm=204 tyreNm=-606 inertia=0.86 limRot=0/-14/0 omegaPre=6.22 posN=-29/-688/0 susp=-0.0578 springN=388
INFO 2026-07-27 15:27:00.805 joltshadow - docs §70.1: slipdense (player) f=32 w=1 grounded=1 kappa=0.822 fnGround=326 omega=4.68 | ftGround=650N target=33.9 limit=204Nm motorNm=204 tyreNm=-545 inertia=0.86 limRot=0/9/0 omegaPre=6.26 posN=-26/-600/0 susp=-0.0975 springN=307
INFO 2026-07-27 15:27:00.805 joltshadow - docs §70.1: slipdense (player) f=32 w=2 grounded=1 kappa=0.489 fnGround=0 omega=4.02 | ftGround=0N target=33.9 limit=204Nm motorNm=204 tyreNm=0 inertia=1.07 limRot=0/-0/1 omegaPre=5.25 posN=21/43/0 susp=-0.0460 springN=182
INFO 2026-07-27 15:27:00.805 joltshadow - docs §70.1: slipdense (player) f=32 w=3 grounded=1 kappa=0.771 fnGround=271 omega=4.15 | ftGround=539N target=33.9 limit=204Nm motorNm=204 tyreNm=-503 inertia=1.07 limRot=0/-16/-5 omegaPre=5.27 posN=6/-487/0 susp=-0.0836 springN=247
INFO 2026-07-27 15:27:00.805 joltshadow - docs §78: attdense (player) f=32 joltTilt=0.74 odeTilt=0.42 upDelta=0.32 wBody=(0.02,0.02,-0.08) |w|=0.08 grounded=4
INFO 2026-07-27 15:27:00.822 joltshadow - docs §70.1: slipdense (player) f=36 w=0 grounded=1 kappa=0.188 fnGround=375 omega=3.59 | ftGround=232N target=33.9 limit=205Nm motorNm=205 tyreNm=-199 inertia=0.86 limRot=0/-37/0 omegaPre=3.57 posN=-22/-224/0 susp=-0.0556 springN=365
INFO 2026-07-27 15:27:00.822 joltshadow - docs §70.1: slipdense (player) f=36 w=1 grounded=1 kappa=0.192 fnGround=329 omega=3.59 | ftGround=236N target=33.9 limit=205Nm motorNm=205 tyreNm=-198 inertia=0.86 limRot=0/-25/0 omegaPre=3.56 posN=-24/-222/0 susp=-0.0989 springN=306
INFO 2026-07-27 15:27:00.823 joltshadow - docs §70.1: slipdense (player) f=36 w=2 grounded=0 kappa=0.000 fnGround=0 omega=7.27 | ftGround=0N target=33.9 limit=205Nm motorNm=205 tyreNm=0 inertia=1.07 limRot=0/0/0 omegaPre=6.50 posN=1/15/0 susp=-0.0419 springN=42
INFO 2026-07-27 15:27:00.823 joltshadow - docs §70.1: slipdense (player) f=36 w=3 grounded=1 kappa=0.172 fnGround=263 omega=3.17 | ftGround=211N target=33.9 limit=205Nm motorNm=205 tyreNm=-197 inertia=1.07 limRot=0/43/-2 omegaPre=3.14 posN=51/-197/0 susp=-0.0827 springN=242
INFO 2026-07-27 15:27:00.823 joltshadow - docs §78: attdense (player) f=36 joltTilt=0.81 odeTilt=0.45 upDelta=0.37 wBody=(0.02,0.00,-0.07) |w|=0.08 grounded=3
INFO 2026-07-27 15:27:00.845 joltshadow - docs §70.1: slipdense (player) f=40 w=0 grounded=1 kappa=0.175 fnGround=346 omega=3.85 | ftGround=233N target=33.9 limit=205Nm motorNm=205 tyreNm=-199 inertia=0.86 limRot=0/-20/0 omegaPre=3.81 posN=-14/-225/0 susp=-0.0522 springN=333
INFO 2026-07-27 15:27:00.845 joltshadow - docs §70.1: slipdense (player) f=40 w=1 grounded=1 kappa=0.177 fnGround=324 omega=3.83 | ftGround=235N target=33.9 limit=205Nm motorNm=205 tyreNm=-197 inertia=0.86 limRot=0/-12/0 omegaPre=3.78 posN=-13/-220/0 susp=-0.0997 springN=304
INFO 2026-07-27 15:27:00.845 joltshadow - docs §70.1: slipdense (player) f=40 w=2 grounded=0 kappa=0.000 fnGround=0 omega=6.83 | ftGround=0N target=33.9 limit=205Nm motorNm=205 tyreNm=0 inertia=1.07 limRot=0/0/0 omegaPre=5.68 posN=4/14/0 susp=-0.0398 springN=65
INFO 2026-07-27 15:27:00.845 joltshadow - docs §70.1: slipdense (player) f=40 w=3 grounded=1 kappa=0.158 fnGround=252 omega=3.39 | ftGround=210N target=33.9 limit=205Nm motorNm=205 tyreNm=-196 inertia=1.07 limRot=0/23/-3 omegaPre=3.34 posN=33/-195/0 susp=-0.0808 springN=231
INFO 2026-07-27 15:27:00.845 joltshadow - docs §78: attdense (player) f=40 joltTilt=0.90 odeTilt=0.47 upDelta=0.51 wBody=(0.02,0.01,-0.06) |w|=0.07 grounded=3
INFO 2026-07-27 15:27:00.865 joltshadow - docs §70.1: slipdense (player) f=44 w=0 grounded=1 kappa=0.149 fnGround=328 omega=4.10 | ftGround=216N target=33.9 limit=205Nm motorNm=205 tyreNm=-182 inertia=0.86 limRot=0/5/0 omegaPre=3.99 posN=7/-210/0 susp=-0.0487 springN=310
INFO 2026-07-27 15:27:00.865 joltshadow - docs §70.1: slipdense (player) f=44 w=1 grounded=1 kappa=0.161 fnGround=317 omega=4.03 | ftGround=227N target=33.9 limit=205Nm motorNm=205 tyreNm=-191 inertia=0.86 limRot=0/11/0 omegaPre=3.97 posN=10/-209/0 susp=-0.0994 springN=298
INFO 2026-07-27 15:27:00.865 joltshadow - docs §70.1: slipdense (player) f=44 w=2 grounded=0 kappa=0.000 fnGround=0 omega=5.10 | ftGround=0N target=33.9 limit=205Nm motorNm=205 tyreNm=0 inertia=1.07 limRot=0/0/1 omegaPre=7.08 posN=14/11/0 susp=-0.0331 springN=148
INFO 2026-07-27 15:27:00.866 joltshadow - docs §70.1: slipdense (player) f=44 w=3 grounded=1 kappa=0.144 fnGround=244 omega=3.56 | ftGround=203N target=33.9 limit=205Nm motorNm=205 tyreNm=-189 inertia=1.07 limRot=0/-31/-2 omegaPre=3.51 posN=-16/-184/0 susp=-0.0790 springN=224
INFO 2026-07-27 15:27:00.866 joltshadow - docs §78: attdense (player) f=44 joltTilt=0.97 odeTilt=0.43 upDelta=0.62 wBody=(0.02,0.02,-0.05) |w|=0.06 grounded=3
INFO 2026-07-27 15:27:00.894 joltshadow - docs §70.1: slipdense (player) f=48 w=0 grounded=1 kappa=0.157 fnGround=298 omega=4.32 | ftGround=238N target=33.9 limit=205Nm motorNm=205 tyreNm=-200 inertia=0.86 limRot=0/-20/0 omegaPre=4.34 posN=-20/-226/0 susp=-0.0443 springN=278
INFO 2026-07-27 15:27:00.894 joltshadow - docs §70.1: slipdense (player) f=48 w=1 grounded=1 kappa=0.157 fnGround=309 omega=4.30 | ftGround=238N target=33.9 limit=205Nm motorNm=205 tyreNm=-200 inertia=0.86 limRot=0/-18/0 omegaPre=4.31 posN=-18/-224/0 susp=-0.0986 springN=290
INFO 2026-07-27 15:27:00.894 joltshadow - docs §70.1: slipdense (player) f=48 w=2 grounded=0 kappa=0.000 fnGround=0 omega=10.46 | ftGround=0N target=33.9 limit=205Nm motorNm=205 tyreNm=0 inertia=1.07 limRot=0/0/0 omegaPre=9.31 posN=0/15/0 susp=-0.0262 springN=3
INFO 2026-07-27 15:27:00.894 joltshadow - docs §70.1: slipdense (player) f=48 w=3 grounded=1 kappa=0.141 fnGround=240 omega=3.80 | ftGround=212N target=33.9 limit=205Nm motorNm=205 tyreNm=-199 inertia=1.07 limRot=0/39/-3 omegaPre=3.81 posN=47/-199/0 susp=-0.0765 springN=221
INFO 2026-07-27 15:27:00.894 joltshadow - docs §78: attdense (player) f=48 joltTilt=1.04 odeTilt=0.32 upDelta=0.79 wBody=(0.00,0.01,-0.04) |w|=0.04 grounded=3
INFO 2026-07-27 15:27:00.923 joltshadow - docs §70.1: slipdense (player) f=52 w=0 grounded=1 kappa=0.144 fnGround=279 omega=4.61 | ftGround=236N target=33.9 limit=205Nm motorNm=205 tyreNm=-198 inertia=0.86 limRot=0/-17/0 omegaPre=4.57 posN=-16/-224/0 susp=-0.0407 springN=262
INFO 2026-07-27 15:27:00.923 joltshadow - docs §70.1: slipdense (player) f=52 w=1 grounded=1 kappa=0.145 fnGround=302 omega=4.59 | ftGround=235N target=33.9 limit=205Nm motorNm=205 tyreNm=-198 inertia=0.86 limRot=0/-18/0 omegaPre=4.54 posN=-12/-222/0 susp=-0.0972 springN=283
INFO 2026-07-27 15:27:00.923 joltshadow - docs §70.1: slipdense (player) f=52 w=2 grounded=0 kappa=0.000 fnGround=0 omega=11.36 | ftGround=0N target=33.9 limit=205Nm motorNm=205 tyreNm=0 inertia=1.07 limRot=0/0/0 omegaPre=10.21 posN=1/15/0 susp=-0.0236 springN=16
INFO 2026-07-27 15:27:00.923 joltshadow - docs §70.1: slipdense (player) f=52 w=3 grounded=1 kappa=0.129 fnGround=238 omega=4.06 | ftGround=210N target=33.9 limit=205Nm motorNm=205 tyreNm=-197 inertia=1.07 limRot=0/36/-3 omegaPre=4.02 posN=44/-197/0 susp=-0.0748 springN=219
INFO 2026-07-27 15:27:00.923 joltshadow - docs §78: attdense (player) f=52 joltTilt=1.09 odeTilt=0.18 upDelta=0.96 wBody=(-0.00,0.01,-0.02) |w|=0.02 grounded=3
INFO 2026-07-27 15:27:00.945 joltshadow - docs §70.1: slipdense (player) f=56 w=0 grounded=1 kappa=0.136 fnGround=273 omega=4.86 | ftGround=237N target=33.9 limit=205Nm motorNm=205 tyreNm=-199 inertia=0.86 limRot=0/-18/0 omegaPre=4.83 posN=-9/-226/0 susp=-0.0380 springN=255
INFO 2026-07-27 15:27:00.945 joltshadow - docs §70.1: slipdense (player) f=56 w=1 grounded=1 kappa=0.136 fnGround=294 omega=4.82 | ftGround=235N target=33.9 limit=205Nm motorNm=205 tyreNm=-197 inertia=0.86 limRot=0/-19/0 omegaPre=4.78 posN=-6/-220/0 susp=-0.0955 springN=276
INFO 2026-07-27 15:27:00.945 joltshadow - docs §70.1: slipdense (player) f=56 w=2 grounded=0 kappa=0.000 fnGround=0 omega=11.54 | ftGround=0N target=33.9 limit=205Nm motorNm=205 tyreNm=0 inertia=1.07 limRot=0/0/0 omegaPre=10.59 posN=3/14/0 susp=-0.0232 springN=42
INFO 2026-07-27 15:27:00.945 joltshadow - docs §70.1: slipdense (player) f=56 w=3 grounded=1 kappa=0.122 fnGround=235 omega=4.27 | ftGround=210N target=33.9 limit=205Nm motorNm=205 tyreNm=-197 inertia=1.07 limRot=0/26/-3 omegaPre=4.23 posN=35/-195/0 susp=-0.0736 springN=216
INFO 2026-07-27 15:27:00.945 joltshadow - docs §78: attdense (player) f=56 joltTilt=1.11 odeTilt=0.13 upDelta=1.06 wBody=(-0.01,0.01,-0.00) |w|=0.01 grounded=3
INFO 2026-07-27 15:27:00.964 joltshadow - docs §70.1: slipdense (player) f=60 w=0 grounded=1 kappa=0.129 fnGround=272 omega=5.08 | ftGround=236N target=33.9 limit=205Nm motorNm=205 tyreNm=-198 inertia=0.86 limRot=0/-20/0 omegaPre=5.02 posN=1/-227/0 susp=-0.0366 springN=253
INFO 2026-07-27 15:27:00.964 joltshadow - docs §70.1: slipdense (player) f=60 w=1 grounded=1 kappa=0.129 fnGround=291 omega=5.02 | ftGround=234N target=33.9 limit=205Nm motorNm=205 tyreNm=-196 inertia=0.86 limRot=0/-21/0 omegaPre=4.96 posN=4/-218/0 susp=-0.0940 springN=271
INFO 2026-07-27 15:27:00.964 joltshadow - docs §70.1: slipdense (player) f=60 w=2 grounded=0 kappa=0.000 fnGround=0 omega=11.33 | ftGround=0N target=33.9 limit=205Nm motorNm=205 tyreNm=0 inertia=1.07 limRot=0/0/0 omegaPre=10.59 posN=7/13/0 susp=-0.0231 springN=81
INFO 2026-07-27 15:27:00.964 joltshadow - docs §70.1: slipdense (player) f=60 w=3 grounded=1 kappa=0.116 fnGround=235 omega=4.45 | ftGround=208N target=33.9 limit=205Nm motorNm=205 tyreNm=-195 inertia=1.07 limRot=0/6/-3 omegaPre=4.40 posN=18/-192/0 susp=-0.0731 springN=215
INFO 2026-07-27 15:27:00.964 joltshadow - docs §78: attdense (player) f=60 joltTilt=1.11 odeTilt=0.24 upDelta=1.11 wBody=(-0.01,0.02,0.01) |w|=0.02 grounded=3
INFO 2026-07-27 15:27:00.964 joltshadow - Shadow divergence (player): pos=1.338m vel=0.323m/s angle=1.3deg (jolt com=[1238.5 260.7 1828.7] ode com=[1239.3 259.7 1828.7])
INFO 2026-07-27 15:27:00.965 joltshadow - docs §23.6: driver input (player) realThrottle=0.98 brake=0.00 handBrake=0 steerRad=0.027
INFO 2026-07-27 15:27:00.965 joltshadow - docs §32: Jolt SHADOW chassis pitch (player) forward=(-0.999, -0.003, -0.044)
INFO 2026-07-27 15:27:00.965 joltshadow - docs §69: tilt (player) jolt=1.1 deg ode=0.2 deg delta=+0.9 deg upDelta=1.11 deg
INFO 2026-07-27 15:27:00.965 joltshadow - docs §32.4: Jolt SHADOW chassis lowest corner (player) = (1235.91,262.24,1830.07) clearanceToGround=0.727
INFO 2026-07-27 15:27:00.965 joltshadow - docs §23.5: wheel state (player) wheel=0 contact=0 suspLen=0.300 (range 0.050-0.300, 0% compressed) angVel=0.00
INFO 2026-07-27 15:27:00.965 joltshadow - docs §38.11: wheel=0 NO contact, worldAxle=(0.044,0.019,-0.999)
INFO 2026-07-27 15:27:00.965 joltshadow - docs §32: no-contact raycast (player) wheel=0 bodyPos=(1239.13,261.71,1828.78) localMPos=(-1.450,-0.327,2.345) origin=(1236.85,261.40,1827.22) dir=(0.003,-1.000,-0.019) normalRayLen=1.132 groundFoundAt=0.000 shortfallBeyondTravel=-1.132 hitBody=8388611 hitLayer=4 hitMotion=2 hitIsSelfChassis=0
INFO 2026-07-27 15:27:00.965 joltshadow - docs §23.5: wheel state (player) wheel=1 contact=0 suspLen=0.300 (range 0.050-0.300, 0% compressed) angVel=0.00
INFO 2026-07-27 15:27:00.965 joltshadow - docs §38.11: wheel=1 NO contact, worldAxle=(0.044,0.019,-0.999)
INFO 2026-07-27 15:27:00.965 joltshadow - docs §32: no-contact raycast (player) wheel=1 bodyPos=(1239.13,261.71,1828.78) localMPos=(1.450,-0.327,2.345) origin=(1236.72,261.35,1830.12) dir=(0.003,-1.000,-0.019) normalRayLen=1.132 groundFoundAt=0.000 shortfallBeyondTravel=-1.132 hitBody=8388612 hitLayer=4 hitMotion=2 hitIsSelfChassis=0
INFO 2026-07-27 15:27:00.965 joltshadow - docs §23.5: wheel state (player) wheel=2 contact=0 suspLen=0.300 (range 0.050-0.300, 0% compressed) angVel=0.00
INFO 2026-07-27 15:27:00.965 joltshadow - docs §38.11: wheel=2 NO contact, worldAxle=(0.044,0.019,-0.999)
INFO 2026-07-27 15:27:00.965 joltshadow - docs §32: no-contact raycast (player) wheel=2 bodyPos=(1239.13,261.71,1828.78) localMPos=(-1.444,-0.244,-3.110) origin=(1242.30,261.50,1827.47) dir=(0.003,-1.000,-0.019) normalRayLen=1.225 groundFoundAt=0.000 shortfallBeyondTravel=-1.225 hitBody=8388613 hitLayer=4 hitMotion=2 hitIsSelfChassis=0
INFO 2026-07-27 15:27:00.965 joltshadow - docs §23.5: wheel state (player) wheel=3 contact=0 suspLen=0.300 (range 0.050-0.300, 0% compressed) angVel=0.00
INFO 2026-07-27 15:27:00.965 joltshadow - docs §38.11: wheel=3 NO contact, worldAxle=(0.044,0.019,-0.999)
INFO 2026-07-27 15:27:00.965 joltshadow - docs §32: no-contact raycast (player) wheel=3 bodyPos=(1239.13,261.71,1828.78) localMPos=(1.444,-0.244,-3.110) origin=(1242.17,261.44,1830.35) dir=(0.003,-1.000,-0.019) normalRayLen=1.225 groundFoundAt=0.000 shortfallBeyondTravel=-1.225 hitBody=8388614 hitLayer=4 hitMotion=2 hitIsSelfChassis=0
INFO 2026-07-27 15:27:00.965 joltshadow - docs §59/63: harvest (player) wheelsWithContact=4 contactPoints=24 overflow=0 (of 4) | maxNormalF=291N bound(k_t*tau)=1200N ratio=0.24
INFO 2026-07-27 15:27:00.965 joltshadow - docs §58: wheel body (player) w=0 springF=253N stopF=0N travel=-0.0366 (limits -0.1250..0.1250 rel spawn) kSusp=7500 sagPredicted=0.0337 | frameTrav=-0.0368..-0.0366 frameStopN=0
INFO 2026-07-27 15:27:00.965 joltshadow - docs §66: tyre band (player) w=0 fnGround=272N fnTotal=277N pen=0.00233 penRaw=0.00233 tau=0.01000 pen/tau=0.23 | recs tyre=4 rim=4 survived=4 stale=0 distMax=1.00R
INFO 2026-07-27 15:27:00.965 joltshadow - docs §68: steer (player) w=0 steerable=1 commanded=0.027 rad measured=0.023 rad err=-0.21 deg steerSign=-1 steerTq=-26Nm cap=902Nm sat=0.03
INFO 2026-07-27 15:27:00.966 joltshadow - docs §70: slip (player) w=0 grounded=1 kappa=0.129 fnGround=272N omega=5.08
INFO 2026-07-27 15:27:00.966 joltshadow - docs §67: spin (player) w=0 driven=1 omega=5.08 rad/s surfaceSpeed=4.22 m/s spinSign=+1 motorTq=205Nm cmdTq=205Nm
INFO 2026-07-27 15:27:00.966 joltshadow - docs §58: wheel body (player) w=1 springF=271N stopF=0N travel=-0.0940 (limits -0.1250..0.1250 rel spawn) kSusp=3000 sagPredicted=0.0905 | frameTrav=-0.0943..-0.0940 frameStopN=0
INFO 2026-07-27 15:27:00.966 joltshadow - docs §66: tyre band (player) w=1 fnGround=291N fnTotal=296N pen=0.00251 penRaw=0.00251 tau=0.01000 pen/tau=0.25 | recs tyre=2 rim=2 survived=2 stale=0 distMax=1.00R
INFO 2026-07-27 15:27:00.966 joltshadow - docs §68: steer (player) w=1 steerable=1 commanded=0.027 rad measured=0.023 rad err=-0.23 deg steerSign=-1 steerTq=-29Nm cap=969Nm sat=0.03
INFO 2026-07-27 15:27:00.966 joltshadow - docs §70: slip (player) w=1 grounded=1 kappa=0.129 fnGround=291N omega=5.02
INFO 2026-07-27 15:27:00.966 joltshadow - docs §67: spin (player) w=1 driven=1 omega=5.02 rad/s surfaceSpeed=4.18 m/s spinSign=+1 motorTq=205Nm cmdTq=205Nm
INFO 2026-07-27 15:27:00.966 joltshadow - docs §58: wheel body (player) w=2 springF=81N stopF=0N travel=-0.0231 (limits -0.1250..0.1250 rel spawn) kSusp=3000 sagPredicted=0.0270 | frameTrav=-0.0231..-0.0225 frameStopN=0
INFO 2026-07-27 15:27:00.966 joltshadow - docs §66: tyre band (player) w=2 fnGround=0N fnTotal=0N pen=0.00000 penRaw=0.00000 tau=0.01000 pen/tau=0.00 | recs tyre=4 rim=4 survived=0 stale=0 distMax=1.01R
INFO 2026-07-27 15:27:00.966 joltshadow - docs §68: steer (player) w=2 steerable=0 commanded=0.027 rad measured=0.000 rad err=-1.54 deg steerSign=-1 steerTq=0Nm cap=340282346638528859811704183484516925440Nm sat=0.00
INFO 2026-07-27 15:27:00.966 joltshadow - docs §70: slip (player) w=2 grounded=0 kappa=0.000 fnGround=0N omega=11.33
INFO 2026-07-27 15:27:00.966 joltshadow - docs §67: spin (player) w=2 driven=1 omega=11.33 rad/s surfaceSpeed=10.49 m/s spinSign=+1 motorTq=205Nm cmdTq=205Nm
INFO 2026-07-27 15:27:00.966 joltshadow - docs §58: wheel body (player) w=3 springF=215N stopF=0N travel=-0.0731 (limits -0.1250..0.1250 rel spawn) kSusp=3000 sagPredicted=0.0716 | frameTrav=-0.0733..-0.0731 frameStopN=0
INFO 2026-07-27 15:27:00.966 joltshadow - docs §66: tyre band (player) w=3 fnGround=235N fnTotal=239N pen=0.00202 penRaw=0.00202 tau=0.01000 pen/tau=0.20 | recs tyre=2 rim=2 survived=2 stale=0 distMax=1.00R
INFO 2026-07-27 15:27:00.966 joltshadow - docs §68: steer (player) w=3 steerable=0 commanded=0.027 rad measured=0.000 rad err=-1.55 deg steerSign=-1 steerTq=0Nm cap=340282346638528859811704183484516925440Nm sat=0.00
INFO 2026-07-27 15:27:00.966 joltshadow - docs §70: slip (player) w=3 grounded=1 kappa=0.116 fnGround=235N omega=4.45
INFO 2026-07-27 15:27:00.966 joltshadow - docs §67: spin (player) w=3 driven=1 omega=4.45 rad/s surfaceSpeed=4.12 m/s spinSign=+1 motorTq=205Nm cmdTq=205Nm
INFO 2026-07-27 15:27:00.966 joltshadow - docs §67: drivetrain (player) gear=0 rpm=1288 driveTorque=840Nm perWheel=210Nm driven=4 throttle=0.98 spin=1 | PRE-STEP brake=0.00 handBrake=0
INFO 2026-07-27 15:27:00.966 joltshadow - docs §66: tyre band SUM (player) fnGroundSum=797N fnTotalSum=813N weight=883N carried=0.92 | penSum=0.00686 recs tyre=12 rim=12 stale=0
INFO 2026-07-27 15:27:00.966 joltshadow - docs §30: REAL ODE chassis COM (player) body=335558E0 = (1239.324, 259.654, 1828.723) forward=(-0.998, -0.004, -0.055)
INFO 2026-07-27 15:27:00.966 joltshadow - docs §33: real ODE chassis geom (player) #1 = class 0 (not a transform) pos=(1239.324,259.654,1828.723) radius=5.000
INFO 2026-07-27 15:27:00.966 joltshadow - docs §33: real ODE chassis geom (player) #2 = transform, inner class=1 pos=(0.010,2.792,0.707)
INFO 2026-07-27 15:27:00.966 joltshadow - docs §33: real ODE chassis geom (player) #3 = transform, inner class=1 pos=(1.204,3.517,2.585)
INFO 2026-07-27 15:27:00.966 joltshadow - docs §33: real ODE chassis geom (player) #4 = transform, inner class=1 pos=(0.000,3.150,1.480)
INFO 2026-07-27 15:27:00.966 joltshadow - docs §33: real ODE chassis geom (player) #5 = transform, inner class=1 pos=(0.000,2.000,0.200)
INFO 2026-07-27 15:27:00.967 joltshadow - docs §33: real ODE chassis geom (player) #6 = class 0 (not a transform) pos=(1239.324,259.654,1828.723) radius=30.000
INFO 2026-07-27 15:27:00.967 joltshadow - docs §33: real ODE chassis geom (player) #7 = class 0 (not a transform) pos=(1239.324,259.654,1828.723) radius=5.000
INFO 2026-07-27 15:27:00.967 joltshadow - docs §33: real ODE chassis geom (player) #8 = class 0 (not a transform) pos=(1239.324,259.654,1828.723) radius=200.000
INFO 2026-07-27 15:27:00.967 joltshadow - docs §33: real ODE chassis (player) has 8 total geom(s) directly attached (4 transform(s)) - compare against BuildChassisCompoundShape's own part/geom count in the build log
INFO 2026-07-27 15:27:00.967 joltshadow - docs §28: REAL ODE wheel state (player) wheel=0 displacement=0.0161 range=0.250 (6% compressed, signed) foreAft=2.546 localZ=2.345 cfm=0.002000 erp=0.2500
INFO 2026-07-27 15:27:00.967 joltshadow - docs §28: REAL ODE wheel state (player) wheel=1 displacement=0.0135 range=0.250 (5% compressed, signed) foreAft=2.545 localZ=2.345 cfm=0.005000 erp=0.2500
INFO 2026-07-27 15:27:00.967 joltshadow - docs §28: REAL ODE wheel state (player) wheel=2 displacement=0.0020 range=0.250 (1% compressed, signed) foreAft=-2.910 localZ=-3.110 cfm=0.005000 erp=0.2500
INFO 2026-07-27 15:27:00.967 joltshadow - docs §28: REAL ODE wheel state (player) wheel=3 displacement=0.0067 range=0.250 (3% compressed, signed) foreAft=-2.910 localZ=-3.110 cfm=0.005000 erp=0.2500
INFO 2026-07-27 15:27:00.986 joltshadow - docs §70.1: slipdense (player) f=64 w=0 grounded=1 kappa=0.121 fnGround=273 omega=5.30 | ftGround=233N target=33.9 limit=205Nm motorNm=205 tyreNm=-196 inertia=0.86 limRot=0/-30/0 omegaPre=5.24 posN=5/-224/0 susp=-0.0355 springN=255
INFO 2026-07-27 15:27:00.986 joltshadow - docs §70.1: slipdense (player) f=64 w=1 grounded=1 kappa=0.123 fnGround=285 omega=5.24 | ftGround=233N target=33.9 limit=205Nm motorNm=205 tyreNm=-196 inertia=0.86 limRot=0/-32/0 omegaPre=5.19 posN=9/-217/0 susp=-0.0922 springN=265
INFO 2026-07-27 15:27:00.986 joltshadow - docs §70.1: slipdense (player) f=64 w=2 grounded=0 kappa=0.000 fnGround=0 omega=12.04 | ftGround=0N target=33.9 limit=205Nm motorNm=205 tyreNm=0 inertia=1.07 limRot=0/0/0 omegaPre=11.81 posN=8/13/0 susp=-0.0234 springN=87
INFO 2026-07-27 15:27:00.986 joltshadow - docs §70.1: slipdense (player) f=64 w=3 grounded=1 kappa=0.110 fnGround=235 omega=4.65 | ftGround=208N target=33.9 limit=205Nm motorNm=205 tyreNm=-195 inertia=1.07 limRot=0/3/-3 omegaPre=4.60 posN=15/-191/0 susp=-0.0726 springN=214
INFO 2026-07-27 15:27:00.986 joltshadow - docs §78: attdense (player) f=64 joltTilt=1.09 odeTilt=0.21 upDelta=1.09 wBody=(-0.01,0.02,0.02) |w|=0.03 grounded=3
INFO 2026-07-27 15:27:01.005 joltshadow - docs §70.1: slipdense (player) f=68 w=0 grounded=1 kappa=0.117 fnGround=279 omega=5.50 | ftGround=233N target=33.9 limit=205Nm motorNm=205 tyreNm=-196 inertia=0.86 limRot=0/-45/0 omegaPre=5.44 posN=15/-216/0 susp=-0.0352 springN=261
INFO 2026-07-27 15:27:01.005 joltshadow - docs §70.1: slipdense (player) f=68 w=1 grounded=1 kappa=0.118 fnGround=281 omega=5.45 | ftGround=233N target=33.9 limit=205Nm motorNm=205 tyreNm=-196 inertia=0.86 limRot=0/-51/0 omegaPre=5.39 posN=25/-215/0 susp=-0.0906 springN=261
INFO 2026-07-27 15:27:01.005 joltshadow - docs §70.1: slipdense (player) f=68 w=2 grounded=1 kappa=1.845 fnGround=98 omega=12.58 | ftGround=195N target=33.9 limit=205Nm motorNm=205 tyreNm=-184 inertia=1.07 limRot=0/-16/-42 omegaPre=12.53 posN=5/-178/0 susp=-0.0242 springN=86
INFO 2026-07-27 15:27:01.005 joltshadow - docs §70.1: slipdense (player) f=68 w=3 grounded=1 kappa=0.105 fnGround=234 omega=4.83 | ftGround=208N target=33.9 limit=205Nm motorNm=205 tyreNm=-195 inertia=1.07 limRot=0/6/-4 omegaPre=4.78 posN=10/-189/0 susp=-0.0721 springN=214
INFO 2026-07-27 15:27:01.005 joltshadow - docs §78: attdense (player) f=68 joltTilt=1.06 odeTilt=0.15 upDelta=1.05 wBody=(-0.01,0.01,0.03) |w|=0.03 grounded=4
INFO 2026-07-27 15:27:01.015 joltshadow - docs §82: resync (player) #0 dt=0.50s upMax=1.758 deg posMax=0.100 m odeTiltPath=4.520 deg gain=0.3888
INFO 2026-07-27 15:27:01.015 joltshadow - docs §87: resync landing (player) w=0 pre=-0.0024 post=-0.0064 m R=0.832 dY=-0.0561 dRotDeg=1.25 |corr|=0.0999 m
INFO 2026-07-27 15:27:01.015 joltshadow - docs §87: resync landing (player) w=1 pre=-0.0023 post=-0.0101 m R=0.832 dY=-0.0561 dRotDeg=1.25 |corr|=0.0999 m
INFO 2026-07-27 15:27:01.015 joltshadow - docs §87: resync landing (player) w=2 pre=0.0061 post=-0.0005 m R=0.925 dY=-0.0561 dRotDeg=1.25 |corr|=0.0999 m
INFO 2026-07-27 15:27:01.015 joltshadow - docs §87: resync landing (player) w=3 pre=-0.0020 post=-0.0046 m R=0.925 dY=-0.0561 dRotDeg=1.25 |corr|=0.0999 m
INFO 2026-07-27 15:27:01.015 joltshadow - docs §82: resync RESIDUAL (player) #0 pos=0.0000 m up=0.0000 deg
INFO 2026-07-27 15:27:01.024 joltshadow - docs §70.1: slipdense (player) f=72 w=0 grounded=1 kappa=0.090 fnGround=770 omega=6.33 | ftGround=215N target=33.9 limit=205Nm motorNm=205 tyreNm=-191 inertia=0.86 limRot=0/-233/0 omegaPre=6.22 posN=-92/-218/0 susp=-0.1124 springN=847
INFO 2026-07-27 15:27:01.024 joltshadow - docs §70.1: slipdense (player) f=72 w=1 grounded=1 kappa=0.103 fnGround=234 omega=6.30 | ftGround=242N target=33.9 limit=205Nm motorNm=205 tyreNm=-200 inertia=0.86 limRot=0/-182/0 omegaPre=6.25 posN=-64/-222/0 susp=-0.1195 springN=445
INFO 2026-07-27 15:27:01.024 joltshadow - docs §70.1: slipdense (player) f=72 w=2 grounded=0 kappa=0.000 fnGround=0 omega=8.11 | ftGround=0N target=33.9 limit=205Nm motorNm=205 tyreNm=0 inertia=1.07 limRot=0/-1/1 omegaPre=7.34 posN=16/13/0 susp=-0.1010 springN=304
INFO 2026-07-27 15:27:01.025 joltshadow - docs §70.1: slipdense (player) f=72 w=3 grounded=1 kappa=0.089 fnGround=283 omega=5.59 | ftGround=211N target=33.9 limit=205Nm motorNm=205 tyreNm=-193 inertia=1.07 limRot=0/-70/0 omegaPre=5.52 posN=-59/-191/0 susp=-0.0997 springN=317
INFO 2026-07-27 15:27:01.025 joltshadow - docs §78: attdense (player) f=72 joltTilt=0.14 odeTilt=0.14 upDelta=0.00 wBody=(-0.00,0.00,-0.03) |w|=0.03 grounded=3
INFO 2026-07-27 15:27:01.045 joltshadow - docs §70.1: slipdense (player) f=76 w=0 grounded=1 kappa=0.083 fnGround=676 omega=6.77 | ftGround=213N target=33.9 limit=206Nm motorNm=206 tyreNm=-188 inertia=0.86 limRot=0/-186/0 omegaPre=6.66 posN=84/-218/0 susp=-0.1073 springN=674
INFO 2026-07-27 15:27:01.046 joltshadow - docs §70.1: slipdense (player) f=76 w=1 grounded=1 kappa=0.096 fnGround=383 omega=6.54 | ftGround=237N target=33.9 limit=206Nm motorNm=206 tyreNm=-195 inertia=0.86 limRot=0/-145/0 omegaPre=6.47 posN=78/-211/0 susp=-0.1162 springN=312
INFO 2026-07-27 15:27:01.046 joltshadow - docs §70.1: slipdense (player) f=76 w=2 grounded=0 kappa=0.000 fnGround=0 omega=6.89 | ftGround=0N target=33.9 limit=206Nm motorNm=206 tyreNm=0 inertia=1.07 limRot=0/-1/1 omegaPre=5.93 posN=16/9/0 susp=-0.0956 springN=239
INFO 2026-07-27 15:27:01.046 joltshadow - docs §70.1: slipdense (player) f=76 w=3 grounded=1 kappa=0.086 fnGround=293 omega=5.82 | ftGround=212N target=33.9 limit=206Nm motorNm=206 tyreNm=-194 inertia=1.07 limRot=0/-28/1 omegaPre=5.76 posN=-13/-188/0 susp=-0.0967 springN=256
INFO 2026-07-27 15:27:01.046 joltshadow - docs §78: attdense (player) f=76 joltTilt=0.16 odeTilt=0.15 upDelta=0.02 wBody=(-0.00,-0.00,-0.05) |w|=0.05 grounded=3
INFO 2026-07-27 15:27:01.066 joltshadow - docs §70.1: slipdense (player) f=80 w=0 grounded=1 kappa=0.089 fnGround=576 omega=7.07 | ftGround=230N target=33.9 limit=206Nm motorNm=206 tyreNm=-188 inertia=0.86 limRot=0/-46/0 omegaPre=6.94 posN=620/-133/0 susp=-0.0966 springN=512
INFO 2026-07-27 15:27:01.066 joltshadow - docs §70.1: slipdense (player) f=80 w=1 grounded=1 kappa=0.091 fnGround=315 omega=6.82 | ftGround=234N target=33.9 limit=206Nm motorNm=206 tyreNm=-193 inertia=0.86 limRot=0/-122/0 omegaPre=6.73 posN=434/-132/0 susp=-0.1109 springN=289
INFO 2026-07-27 15:27:01.066 joltshadow - docs §70.1: slipdense (player) f=80 w=2 grounded=0 kappa=0.000 fnGround=0 omega=7.00 | ftGround=0N target=33.9 limit=206Nm motorNm=206 tyreNm=0 inertia=1.07 limRot=0/-1/3 omegaPre=6.09 posN=23/-8/0 susp=-0.0871 springN=204
INFO 2026-07-27 15:27:01.066 joltshadow - docs §70.1: slipdense (player) f=80 w=3 grounded=1 kappa=0.080 fnGround=247 omega=6.08 | ftGround=208N target=33.9 limit=206Nm motorNm=206 tyreNm=-191 inertia=1.07 limRot=0/31/3 omegaPre=5.99 posN=58/-176/0 susp=-0.0916 springN=230
INFO 2026-07-27 15:27:01.066 joltshadow - docs §78: attdense (player) f=80 joltTilt=0.20 odeTilt=0.17 upDelta=0.08 wBody=(0.00,-0.06,-0.07) |w|=0.09 grounded=3
INFO 2026-07-27 15:27:01.086 joltshadow - docs §70.1: slipdense (player) f=84 w=0 grounded=1 kappa=0.119 fnGround=461 omega=7.33 | ftGround=311N target=33.9 limit=206Nm motorNm=206 tyreNm=-231 inertia=0.86 limRot=0/-589/0 omegaPre=7.38 posN=744/181/0 susp=-0.0858 springN=430
INFO 2026-07-27 15:27:01.086 joltshadow - docs §70.1: slipdense (player) f=84 w=1 grounded=1 kappa=0.121 fnGround=295 omega=6.68 | ftGround=300N target=33.9 limit=206Nm motorNm=206 tyreNm=-248 inertia=0.86 limRot=0/-333/0 omegaPre=6.87 posN=494/-2/0 susp=-0.1048 springN=270
INFO 2026-07-27 15:27:01.086 joltshadow - docs §70.1: slipdense (player) f=84 w=2 grounded=0 kappa=0.000 fnGround=0 omega=6.63 | ftGround=0N target=33.9 limit=206Nm motorNm=206 tyreNm=0 inertia=1.07 limRot=0/-0/3 omegaPre=6.21 posN=6/-14/0 susp=-0.0760 springN=173
INFO 2026-07-27 15:27:01.086 joltshadow - docs §70.1: slipdense (player) f=84 w=3 grounded=1 kappa=0.079 fnGround=233 omega=6.33 | ftGround=213N target=33.9 limit=206Nm motorNm=206 tyreNm=-196 inertia=1.07 limRot=0/46/2 omegaPre=6.27 posN=57/-198/0 susp=-0.0854 springN=208
INFO 2026-07-27 15:27:01.086 joltshadow - docs §78: attdense (player) f=84 joltTilt=0.29 odeTilt=0.18 upDelta=0.17 wBody=(0.01,-0.14,-0.10) |w|=0.17 grounded=3
INFO 2026-07-27 15:27:01.107 joltshadow - docs §70.1: slipdense (player) f=88 w=0 grounded=1 kappa=0.102 fnGround=345 omega=6.20 | ftGround=229N target=33.9 limit=206Nm motorNm=206 tyreNm=-196 inertia=0.86 limRot=0/-447/-837 omegaPre=6.10 posN=559/117/0 susp=-0.0725 springN=305
INFO 2026-07-27 15:27:01.107 joltshadow - docs §70.1: slipdense (player) f=88 w=1 grounded=1 kappa=0.087 fnGround=279 omega=6.99 | ftGround=230N target=33.9 limit=206Nm motorNm=206 tyreNm=-191 inertia=0.86 limRot=0/-298/-654 omegaPre=6.89 posN=455/85/0 susp=-0.0986 springN=255
INFO 2026-07-27 15:27:01.107 joltshadow - docs §70.1: slipdense (player) f=88 w=2 grounded=1 kappa=0.227 fnGround=78 omega=6.60 | ftGround=133N target=33.9 limit=206Nm motorNm=206 tyreNm=-124 inertia=1.07 limRot=0/59/-25 omegaPre=6.79 posN=78/-142/0 susp=-0.0631 springN=120
INFO 2026-07-27 15:27:01.107 joltshadow - docs §70.1: slipdense (player) f=88 w=3 grounded=1 kappa=0.076 fnGround=214 omega=6.62 | ftGround=215N target=33.9 limit=206Nm motorNm=206 tyreNm=-199 inertia=1.07 limRot=0/204/2 omegaPre=6.58 posN=219/-200/0 susp=-0.0786 springN=189
INFO 2026-07-27 15:27:01.107 joltshadow - docs §78: attdense (player) f=88 joltTilt=0.43 odeTilt=0.17 upDelta=0.30 wBody=(0.01,-0.29,-0.13) |w|=0.31 grounded=4
INFO 2026-07-27 15:27:01.126 joltshadow - docs §70.1: slipdense (player) f=92 w=0 grounded=1 kappa=0.090 fnGround=241 omega=6.39 | ftGround=208N target=33.9 limit=206Nm motorNm=206 tyreNm=-179 inertia=0.86 limRot=0/-241/-1349 omegaPre=6.32 posN=411/41/0 susp=-0.0601 springN=209
INFO 2026-07-27 15:27:01.126 joltshadow - docs §70.1: slipdense (player) f=92 w=1 grounded=1 kappa=0.084 fnGround=272 omega=7.32 | ftGround=234N target=33.9 limit=206Nm motorNm=206 tyreNm=-194 inertia=0.86 limRot=0/-187/-711 omegaPre=7.24 posN=449/83/0 susp=-0.0935 springN=245
INFO 2026-07-27 15:27:01.126 joltshadow - docs §70.1: slipdense (player) f=92 w=2 grounded=1 kappa=0.578 fnGround=86 omega=8.39 | ftGround=151N target=33.9 limit=206Nm motorNm=206 tyreNm=-140 inertia=1.07 limRot=0/62/-27 omegaPre=8.10 posN=95/-162/0 susp=-0.0505 springN=52
INFO 2026-07-27 15:27:01.126 joltshadow - docs §70.1: slipdense (player) f=92 w=3 grounded=1 kappa=0.075 fnGround=203 omega=6.74 | ftGround=216N target=33.9 limit=206Nm motorNm=206 tyreNm=-200 inertia=1.07 limRot=0/185/2 omegaPre=6.71 posN=211/-194/0 susp=-0.0729 springN=179
INFO 2026-07-27 15:27:01.126 joltshadow - docs §78: attdense (player) f=92 joltTilt=0.57 odeTilt=0.18 upDelta=0.44 wBody=(0.01,-0.35,-0.13) |w|=0.37 grounded=4
INFO 2026-07-27 15:27:01.148 joltshadow - docs §70.1: slipdense (player) f=96 w=0 grounded=1 kappa=0.118 fnGround=152 omega=6.72 | ftGround=200N target=33.9 limit=206Nm motorNm=206 tyreNm=-172 inertia=0.86 limRot=0/-102/-483 omegaPre=6.56 posN=287/-35/0 susp=-0.0460 springN=120
INFO 2026-07-27 15:27:01.149 joltshadow - docs §70.1: slipdense (player) f=96 w=1 grounded=1 kappa=0.080 fnGround=264 omega=7.67 | ftGround=233N target=33.9 limit=206Nm motorNm=206 tyreNm=-194 inertia=0.86 limRot=0/-60/-780 omegaPre=7.60 posN=458/70/0 susp=-0.0886 springN=238
INFO 2026-07-27 15:27:01.149 joltshadow - docs §70.1: slipdense (player) f=96 w=2 grounded=1 kappa=0.967 fnGround=47 omega=10.49 | ftGround=83N target=33.9 limit=206Nm motorNm=206 tyreNm=-78 inertia=1.07 limRot=0/34/-14 omegaPre=9.94 posN=37/-85/0 susp=-0.0370 springN=25
INFO 2026-07-27 15:27:01.149 joltshadow - docs §70.1: slipdense (player) f=96 w=3 grounded=1 kappa=0.073 fnGround=198 omega=6.89 | ftGround=214N target=33.9 limit=206Nm motorNm=206 tyreNm=-199 inertia=1.07 limRot=0/168/-0 omegaPre=6.86 posN=175/-201/0 susp=-0.0677 springN=175
INFO 2026-07-27 15:27:01.149 joltshadow - docs §78: attdense (player) f=96 joltTilt=0.73 odeTilt=0.18 upDelta=0.60 wBody=(0.01,-0.39,-0.13) |w|=0.42 grounded=4
INFO 2026-07-27 15:27:01.176 joltshadow - docs §70.1: slipdense (player) f=100 w=0 grounded=1 kappa=0.491 fnGround=67 omega=9.35 | ftGround=98N target=33.9 limit=206Nm motorNm=206 tyreNm=-85 inertia=0.86 limRot=0/-66/-406 omegaPre=8.39 posN=113/-30/0 susp=-0.0307 springN=37
INFO 2026-07-27 15:27:01.176 joltshadow - docs §70.1: slipdense (player) f=100 w=1 grounded=1 kappa=0.078 fnGround=267 omega=8.01 | ftGround=236N target=33.9 limit=206Nm motorNm=206 tyreNm=-197 inertia=0.86 limRot=0/122/-855 omegaPre=7.93 posN=473/68/0 susp=-0.0845 springN=239
INFO 2026-07-27 15:27:01.176 joltshadow - docs §70.1: slipdense (player) f=100 w=2 grounded=1 kappa=1.642 fnGround=29 omega=14.12 | ftGround=51N target=33.9 limit=206Nm motorNm=206 tyreNm=-48 inertia=1.07 limRot=0/22/-8 omegaPre=13.11 posN=19/-50/0 susp=-0.0232 springN=6
INFO 2026-07-27 15:27:01.176 joltshadow - docs §70.1: slipdense (player) f=100 w=3 grounded=1 kappa=0.072 fnGround=202 omega=7.06 | ftGround=215N target=33.9 limit=206Nm motorNm=206 tyreNm=-201 inertia=1.07 limRot=0/163/-1 omegaPre=7.02 posN=169/-205/0 susp=-0.0638 springN=181
INFO 2026-07-27 15:27:01.176 joltshadow - docs §78: attdense (player) f=100 joltTilt=0.93 odeTilt=0.18 upDelta=0.80 wBody=(0.00,-0.44,-0.12) |w|=0.46 grounded=4
INFO 2026-07-27 15:27:01.200 joltshadow - docs §70.1: slipdense (player) f=104 w=0 grounded=1 kappa=0.919 fnGround=18 omega=12.23 | ftGround=26N target=54.3 limit=129Nm motorNm=129 tyreNm=-23 inertia=0.86 limRot=0/-10/-431 omegaPre=11.53 posN=16/-10/0 susp=-0.0194 springN=-2
INFO 2026-07-27 15:27:01.201 joltshadow - docs §70.1: slipdense (player) f=104 w=1 grounded=1 kappa=0.048 fnGround=272 omega=8.00 | ftGround=149N target=54.3 limit=129Nm motorNm=129 tyreNm=-124 inertia=0.86 limRot=0/340/-892 omegaPre=7.97 posN=472/160/0 susp=-0.0830 springN=246
INFO 2026-07-27 15:27:01.201 joltshadow - docs §70.1: slipdense (player) f=104 w=2 grounded=1 kappa=2.113 fnGround=24 omega=16.60 | ftGround=44N target=54.3 limit=129Nm motorNm=129 tyreNm=-41 inertia=1.07 limRot=0/18/-7 omegaPre=16.11 posN=6/-44/0 susp=-0.0142 springN=0
INFO 2026-07-27 15:27:01.201 joltshadow - docs §70.1: slipdense (player) f=104 w=3 grounded=1 kappa=0.045 fnGround=208 omega=6.96 | ftGround=136N target=54.3 limit=129Nm motorNm=129 tyreNm=-127 inertia=1.07 limRot=0/142/-1 omegaPre=6.95 posN=140/-134/0 susp=-0.0630 springN=188
INFO 2026-07-27 15:27:01.201 joltshadow - docs §78: attdense (player) f=104 joltTilt=1.09 odeTilt=0.18 upDelta=0.96 wBody=(0.01,-0.46,-0.10) |w|=0.47 grounded=4
INFO 2026-07-27 15:27:01.221 joltshadow - docs §70.1: slipdense (player) f=108 w=0 grounded=1 kappa=1.287 fnGround=20 omega=14.75 | ftGround=30N target=54.3 limit=129Nm motorNm=129 tyreNm=-26 inertia=0.86 limRot=0/115/-423 omegaPre=14.16 posN=20/-14/0 susp=-0.0124 springN=-5
INFO 2026-07-27 15:27:01.221 joltshadow - docs §70.1: slipdense (player) f=108 w=1 grounded=1 kappa=0.047 fnGround=286 omega=8.13 | ftGround=149N target=54.3 limit=129Nm motorNm=129 tyreNm=-124 inertia=0.86 limRot=0/519/-930 omegaPre=8.10 posN=494/176/0 susp=-0.0834 springN=257
INFO 2026-07-27 15:27:01.221 joltshadow - docs §70.1: slipdense (player) f=108 w=2 grounded=1 kappa=2.436 fnGround=24 omega=18.31 | ftGround=46N target=54.3 limit=129Nm motorNm=129 tyreNm=-43 inertia=1.07 limRot=0/17/-7 omegaPre=17.91 posN=6/-47/0 susp=-0.0093 springN=2
INFO 2026-07-27 15:27:01.221 joltshadow - docs §70.1: slipdense (player) f=108 w=3 grounded=1 kappa=0.045 fnGround=217 omega=7.01 | ftGround=137N target=54.3 limit=129Nm motorNm=129 tyreNm=-127 inertia=1.07 limRot=0/127/-1 omegaPre=7.01 posN=126/-134/0 susp=-0.0636 springN=198
INFO 2026-07-27 15:27:01.221 joltshadow - docs §78: attdense (player) f=108 joltTilt=1.20 odeTilt=0.18 upDelta=1.06 wBody=(0.01,-0.48,-0.08) |w|=0.48 grounded=4
INFO 2026-07-27 15:27:01.240 joltshadow - docs §70.1: slipdense (player) f=112 w=0 grounded=1 kappa=1.603 fnGround=20 omega=16.98 | ftGround=31N target=54.3 limit=129Nm motorNm=129 tyreNm=-27 inertia=0.86 limRot=0/237/-377 omegaPre=16.40 posN=20/-15/0 susp=-0.0083 springN=2
INFO 2026-07-27 15:27:01.240 joltshadow - docs §70.1: slipdense (player) f=112 w=1 grounded=1 kappa=0.046 fnGround=300 omega=8.25 | ftGround=148N target=54.3 limit=129Nm motorNm=129 tyreNm=-123 inertia=0.86 limRot=0/701/-964 omegaPre=8.22 posN=516/192/0 susp=-0.0851 springN=272
INFO 2026-07-27 15:27:01.240 joltshadow - docs §70.1: slipdense (player) f=112 w=2 grounded=1 kappa=2.716 fnGround=28 omega=19.79 | ftGround=53N target=54.3 limit=129Nm motorNm=129 tyreNm=-50 inertia=1.07 limRot=0/18/-8 omegaPre=19.41 posN=8/-55/0 susp=-0.0067 springN=6
INFO 2026-07-27 15:27:01.240 joltshadow - docs §70.1: slipdense (player) f=112 w=3 grounded=1 kappa=0.044 fnGround=228 omega=7.06 | ftGround=135N target=54.3 limit=129Nm motorNm=129 tyreNm=-127 inertia=1.07 limRot=0/119/-2 omegaPre=7.04 posN=119/-132/0 susp=-0.0650 springN=208
INFO 2026-07-27 15:27:01.240 joltshadow - docs §78: attdense (player) f=112 joltTilt=1.28 odeTilt=0.18 upDelta=1.14 wBody=(0.02,-0.49,-0.06) |w|=0.50 grounded=4
INFO 2026-07-27 15:27:01.258 joltshadow - docs §70.1: slipdense (player) f=116 w=0 grounded=1 kappa=1.840 fnGround=49 omega=18.68 | ftGround=78N target=54.3 limit=129Nm motorNm=129 tyreNm=-67 inertia=0.86 limRot=0/377/-292 omegaPre=18.37 posN=75/-39/0 susp=-0.0062 springN=21
INFO 2026-07-27 15:27:01.258 joltshadow - docs §70.1: slipdense (player) f=116 w=1 grounded=1 kappa=0.045 fnGround=319 omega=8.39 | ftGround=147N target=54.3 limit=129Nm motorNm=129 tyreNm=-122 inertia=0.86 limRot=0/890/-956 omegaPre=8.36 posN=540/214/0 susp=-0.0876 springN=287
INFO 2026-07-27 15:27:01.258 joltshadow - docs §70.1: slipdense (player) f=116 w=2 grounded=0 kappa=0.000 fnGround=0 omega=21.61 | ftGround=0N target=54.3 limit=129Nm motorNm=129 tyreNm=0 inertia=1.07 limRot=0/7/1 omegaPre=21.13 posN=-6/-5/0 susp=-0.0051 springN=-4
INFO 2026-07-27 15:27:01.259 joltshadow - docs §70.1: slipdense (player) f=116 w=3 grounded=1 kappa=0.037 fnGround=245 omega=7.17 | ftGround=116N target=54.3 limit=129Nm motorNm=129 tyreNm=-114 inertia=1.07 limRot=0/84/-20 omegaPre=7.09 posN=121/-112/0 susp=-0.0670 springN=220
INFO 2026-07-27 15:27:01.259 joltshadow - docs §78: attdense (player) f=116 joltTilt=1.34 odeTilt=0.17 upDelta=1.20 wBody=(0.02,-0.52,-0.05) |w|=0.52 grounded=3
INFO 2026-07-27 15:27:01.277 joltshadow - docs §70.1: slipdense (player) f=120 w=0 grounded=1 kappa=1.936 fnGround=78 omega=19.50 | ftGround=130N target=54.3 limit=129Nm motorNm=129 tyreNm=-113 inertia=0.86 limRot=0/485/-160 omegaPre=19.42 posN=129/-66/0 susp=-0.0056 springN=53
INFO 2026-07-27 15:27:01.277 joltshadow - docs §70.1: slipdense (player) f=120 w=1 grounded=1 kappa=0.044 fnGround=335 omega=8.56 | ftGround=146N target=54.3 limit=129Nm motorNm=129 tyreNm=-121 inertia=0.86 limRot=0/1099/-930 omegaPre=8.52 posN=564/233/0 susp=-0.0913 springN=305
INFO 2026-07-27 15:27:01.277 joltshadow - docs §70.1: slipdense (player) f=120 w=2 grounded=0 kappa=0.000 fnGround=0 omega=23.91 | ftGround=0N target=54.3 limit=129Nm motorNm=129 tyreNm=0 inertia=1.07 limRot=0/7/1 omegaPre=23.42 posN=-9/-4/0 susp=-0.0024 springN=-15
INFO 2026-07-27 15:27:01.277 joltshadow - docs §70.1: slipdense (player) f=120 w=3 grounded=1 kappa=0.044 fnGround=252 omega=7.16 | ftGround=135N target=54.3 limit=129Nm motorNm=129 tyreNm=-126 inertia=1.07 limRot=0/145/-1 omegaPre=7.15 posN=149/-131/0 susp=-0.0698 springN=231
INFO 2026-07-27 15:27:01.278 joltshadow - docs §78: attdense (player) f=120 joltTilt=1.38 odeTilt=0.17 upDelta=1.24 wBody=(0.02,-0.55,-0.03) |w|=0.55 grounded=3
INFO 2026-07-27 15:27:01.278 joltshadow - Shadow divergence (player): pos=1.290m vel=2.773m/s angle=4.6deg (jolt com=[1236.9 260.7 1828.3] ode com=[1237.6 259.7 1828.6])
INFO 2026-07-27 15:27:01.278 joltshadow - docs §23.6: driver input (player) realThrottle=0.99 brake=0.00 handBrake=0 steerRad=0.017
INFO 2026-07-27 15:27:01.278 joltshadow - docs §32: Jolt SHADOW chassis pitch (player) forward=(-0.990, -0.003, -0.140)
INFO 2026-07-27 15:27:01.278 joltshadow - docs §69: tilt (player) jolt=1.4 deg ode=0.2 deg delta=+1.2 deg upDelta=1.24 deg
INFO 2026-07-27 15:27:01.278 joltshadow - docs §32.4: Jolt SHADOW chassis lowest corner (player) = (1234.21,262.24,1829.37) clearanceToGround=0.731
INFO 2026-07-27 15:27:01.278 joltshadow - docs §23.5: wheel state (player) wheel=0 contact=0 suspLen=0.300 (range 0.050-0.300, 0% compressed) angVel=0.00
INFO 2026-07-27 15:27:01.278 joltshadow - docs §38.11: wheel=0 NO contact, worldAxle=(0.140,0.024,-0.990)
INFO 2026-07-27 15:27:01.278 joltshadow - docs §32: no-contact raycast (player) wheel=0 bodyPos=(1237.54,261.72,1828.39) localMPos=(-1.450,-0.327,2.345) origin=(1235.42,261.42,1826.62) dir=(0.006,-1.000,-0.023) normalRayLen=1.132 groundFoundAt=0.000 shortfallBeyondTravel=-1.132 hitBody=8388611 hitLayer=4 hitMotion=2 hitIsSelfChassis=0
INFO 2026-07-27 15:27:01.278 joltshadow - docs §23.5: wheel state (player) wheel=1 contact=0 suspLen=0.300 (range 0.050-0.300, 0% compressed) angVel=0.00
INFO 2026-07-27 15:27:01.278 joltshadow - docs §38.11: wheel=1 NO contact, worldAxle=(0.140,0.024,-0.990)
INFO 2026-07-27 15:27:01.278 joltshadow - docs §32: no-contact raycast (player) wheel=1 bodyPos=(1237.54,261.72,1828.39) localMPos=(1.450,-0.327,2.345) origin=(1235.01,261.35,1829.49) dir=(0.006,-1.000,-0.023) normalRayLen=1.132 groundFoundAt=0.000 shortfallBeyondTravel=-1.132 hitBody=8388612 hitLayer=4 hitMotion=2 hitIsSelfChassis=0
INFO 2026-07-27 15:27:01.278 joltshadow - docs §23.5: wheel state (player) wheel=2 contact=0 suspLen=0.300 (range 0.050-0.300, 0% compressed) angVel=0.00
INFO 2026-07-27 15:27:01.278 joltshadow - docs §38.11: wheel=2 NO contact, worldAxle=(0.140,0.024,-0.990)
INFO 2026-07-27 15:27:01.278 joltshadow - docs §32: no-contact raycast (player) wheel=2 bodyPos=(1237.54,261.72,1828.39) localMPos=(-1.444,-0.244,-3.110) origin=(1240.82,261.52,1827.39) dir=(0.006,-1.000,-0.023) normalRayLen=1.225 groundFoundAt=0.000 shortfallBeyondTravel=-1.225 hitBody=8388613 hitLayer=4 hitMotion=2 hitIsSelfChassis=0
INFO 2026-07-27 15:27:01.278 joltshadow - docs §23.5: wheel state (player) wheel=3 contact=0 suspLen=0.300 (range 0.050-0.300, 0% compressed) angVel=0.00
INFO 2026-07-27 15:27:01.278 joltshadow - docs §38.11: wheel=3 NO contact, worldAxle=(0.140,0.024,-0.990)
INFO 2026-07-27 15:27:01.278 joltshadow - docs §32: no-contact raycast (player) wheel=3 bodyPos=(1237.54,261.72,1828.39) localMPos=(1.444,-0.244,-3.110) origin=(1240.42,261.45,1830.25) dir=(0.006,-1.000,-0.023) normalRayLen=1.225 groundFoundAt=0.000 shortfallBeyondTravel=-1.225 hitBody=8388614 hitLayer=4 hitMotion=2 hitIsSelfChassis=0
INFO 2026-07-27 15:27:01.278 joltshadow - docs §59/63: harvest (player) wheelsWithContact=4 contactPoints=24 overflow=0 (of 4) | maxNormalF=335N bound(k_t*tau)=1200N ratio=0.28
INFO 2026-07-27 15:27:01.278 joltshadow - docs §58: wheel body (player) w=0 springF=53N stopF=0N travel=-0.0056 (limits -0.1250..0.1250 rel spawn) kSusp=7500 sagPredicted=0.0070 | frameTrav=-0.0056..-0.0056 frameStopN=0
INFO 2026-07-27 15:27:01.278 joltshadow - docs §66: tyre band (player) w=0 fnGround=78N fnTotal=82N pen=0.00068 penRaw=0.00068 tau=0.01000 pen/tau=0.07 | recs tyre=2 rim=2 survived=2 stale=0 distMax=1.00R
INFO 2026-07-27 15:27:01.278 joltshadow - docs §68: steer (player) w=0 steerable=1 commanded=0.017 rad measured=-0.611 rad err=-35.95 deg steerSign=-1 steerTq=-432Nm cap=432Nm sat=1.00
INFO 2026-07-27 15:27:01.279 joltshadow - docs §70: slip (player) w=0 grounded=1 kappa=1.936 fnGround=78N omega=19.50
INFO 2026-07-27 15:27:01.279 joltshadow - docs §67: spin (player) w=0 driven=1 omega=19.50 rad/s surfaceSpeed=16.22 m/s spinSign=+1 motorTq=129Nm cmdTq=129Nm
INFO 2026-07-27 15:27:01.279 joltshadow - docs §58: wheel body (player) w=1 springF=305N stopF=0N travel=-0.0913 (limits -0.1250..0.1250 rel spawn) kSusp=3000 sagPredicted=0.1016 | frameTrav=-0.0913..-0.0907 frameStopN=0
INFO 2026-07-27 15:27:01.279 joltshadow - docs §66: tyre band (player) w=1 fnGround=335N fnTotal=343N pen=0.00282 penRaw=0.00282 tau=0.01000 pen/tau=0.28 | recs tyre=2 rim=2 survived=2 stale=0 distMax=1.00R
INFO 2026-07-27 15:27:01.279 joltshadow - docs §68: steer (player) w=1 steerable=1 commanded=0.017 rad measured=-0.611 rad err=-35.95 deg steerSign=-1 steerTq=-1107Nm cap=1107Nm sat=1.00
INFO 2026-07-27 15:27:01.279 joltshadow - docs §70: slip (player) w=1 grounded=1 kappa=0.044 fnGround=335N omega=8.56
INFO 2026-07-27 15:27:01.279 joltshadow - docs §67: spin (player) w=1 driven=1 omega=8.56 rad/s surfaceSpeed=7.12 m/s spinSign=+1 motorTq=129Nm cmdTq=129Nm
INFO 2026-07-27 15:27:01.279 joltshadow - docs §58: wheel body (player) w=2 springF=-15N stopF=0N travel=-0.0024 (limits -0.1250..0.1250 rel spawn) kSusp=3000 sagPredicted=-0.0049 | frameTrav=-0.0028..-0.0024 frameStopN=0
INFO 2026-07-27 15:27:01.279 joltshadow - docs §66: tyre band (player) w=2 fnGround=0N fnTotal=0N pen=0.00000 penRaw=0.00000 tau=0.01000 pen/tau=0.00 | recs tyre=4 rim=4 survived=0 stale=0 distMax=1.01R
INFO 2026-07-27 15:27:01.279 joltshadow - docs §68: steer (player) w=2 steerable=0 commanded=0.017 rad measured=-0.000 rad err=-0.95 deg steerSign=-1 steerTq=0Nm cap=340282346638528859811704183484516925440Nm sat=0.00
INFO 2026-07-27 15:27:01.279 joltshadow - docs §70: slip (player) w=2 grounded=0 kappa=0.000 fnGround=0N omega=23.91
INFO 2026-07-27 15:27:01.279 joltshadow - docs §67: spin (player) w=2 driven=1 omega=23.91 rad/s surfaceSpeed=22.13 m/s spinSign=+1 motorTq=129Nm cmdTq=129Nm
INFO 2026-07-27 15:27:01.279 joltshadow - docs §58: wheel body (player) w=3 springF=231N stopF=0N travel=-0.0698 (limits -0.1250..0.1250 rel spawn) kSusp=3000 sagPredicted=0.0771 | frameTrav=-0.0698..-0.0693 frameStopN=0
INFO 2026-07-27 15:27:01.279 joltshadow - docs §66: tyre band (player) w=3 fnGround=252N fnTotal=258N pen=0.00211 penRaw=0.00211 tau=0.01000 pen/tau=0.21 | recs tyre=4 rim=4 survived=3 stale=0 distMax=1.00R
INFO 2026-07-27 15:27:01.279 joltshadow - docs §68: steer (player) w=3 steerable=0 commanded=0.017 rad measured=-0.000 rad err=-0.95 deg steerSign=-1 steerTq=0Nm cap=340282346638528859811704183484516925440Nm sat=0.00
INFO 2026-07-27 15:27:01.279 joltshadow - docs §70: slip (player) w=3 grounded=1 kappa=0.044 fnGround=252N omega=7.16
INFO 2026-07-27 15:27:01.279 joltshadow - docs §67: spin (player) w=3 driven=1 omega=7.16 rad/s surfaceSpeed=6.63 m/s spinSign=+1 motorTq=129Nm cmdTq=129Nm
INFO 2026-07-27 15:27:01.279 joltshadow - docs §67: drivetrain (player) gear=1 rpm=1886 driveTorque=525Nm perWheel=131Nm driven=4 throttle=0.99 spin=1 | PRE-STEP brake=0.00 handBrake=0
INFO 2026-07-27 15:27:01.279 joltshadow - docs §66: tyre band SUM (player) fnGroundSum=666N fnTotalSum=683N weight=883N carried=0.77 | penSum=0.00560 recs tyre=12 rim=12 stale=0
INFO 2026-07-27 15:27:01.279 joltshadow - docs §30: REAL ODE chassis COM (player) body=335558E0 = (1237.579, 259.652, 1828.598) forward=(-0.998, -0.002, -0.062)
INFO 2026-07-27 15:27:01.279 joltshadow - docs §33: real ODE chassis geom (player) #1 = class 0 (not a transform) pos=(1237.579,259.652,1828.598) radius=5.000
INFO 2026-07-27 15:27:01.279 joltshadow - docs §33: real ODE chassis geom (player) #2 = transform, inner class=1 pos=(0.010,2.792,0.707)
INFO 2026-07-27 15:27:01.279 joltshadow - docs §33: real ODE chassis geom (player) #3 = transform, inner class=1 pos=(1.204,3.517,2.585)
INFO 2026-07-27 15:27:01.279 joltshadow - docs §33: real ODE chassis geom (player) #4 = transform, inner class=1 pos=(0.000,3.150,1.480)
INFO 2026-07-27 15:27:01.279 joltshadow - docs §33: real ODE chassis geom (player) #5 = transform, inner class=1 pos=(0.000,2.000,0.200)
INFO 2026-07-27 15:27:01.279 joltshadow - docs §33: real ODE chassis geom (player) #6 = class 0 (not a transform) pos=(1237.579,259.652,1828.598) radius=30.000
INFO 2026-07-27 15:27:01.279 joltshadow - docs §33: real ODE chassis geom (player) #7 = class 0 (not a transform) pos=(1237.579,259.652,1828.598) radius=5.000
INFO 2026-07-27 15:27:01.279 joltshadow - docs §33: real ODE chassis geom (player) #8 = class 0 (not a transform) pos=(1237.579,259.652,1828.598) radius=200.000
INFO 2026-07-27 15:27:01.280 joltshadow - docs §33: real ODE chassis (player) has 8 total geom(s) directly attached (4 transform(s)) - compare against BuildChassisCompoundShape's own part/geom count in the build log
INFO 2026-07-27 15:27:01.280 joltshadow - docs §28: REAL ODE wheel state (player) wheel=0 displacement=0.0076 range=0.250 (3% compressed, signed) foreAft=2.546 localZ=2.345 cfm=0.002000 erp=0.2500
INFO 2026-07-27 15:27:01.280 joltshadow - docs §28: REAL ODE wheel state (player) wheel=1 displacement=0.0129 range=0.250 (5% compressed, signed) foreAft=2.545 localZ=2.345 cfm=0.005000 erp=0.2500
INFO 2026-07-27 15:27:01.280 joltshadow - docs §28: REAL ODE wheel state (player) wheel=2 displacement=0.0052 range=0.250 (2% compressed, signed) foreAft=-2.910 localZ=-3.110 cfm=0.005000 erp=0.2500
INFO 2026-07-27 15:27:01.280 joltshadow - docs §28: REAL ODE wheel state (player) wheel=3 displacement=0.0136 range=0.250 (5% compressed, signed) foreAft=-2.910 localZ=-3.110 cfm=0.005000 erp=0.2500
INFO 2026-07-27 15:27:01.300 joltshadow - docs §70.1: slipdense (player) f=124 w=0 grounded=1 kappa=1.802 fnGround=124 omega=18.96 | ftGround=221N target=54.3 limit=129Nm motorNm=129 tyreNm=-193 inertia=0.86 limRot=0/534/0 omegaPre=19.30 posN=205/-129/0 susp=-0.0072 springN=95
INFO 2026-07-27 15:27:01.300 joltshadow - docs §70.1: slipdense (player) f=124 w=1 grounded=1 kappa=0.042 fnGround=357 omega=8.78 | ftGround=144N target=54.3 limit=129Nm motorNm=129 tyreNm=-119 inertia=0.86 limRot=0/1356/-845 omegaPre=8.73 posN=594/264/0 susp=-0.0966 springN=326
INFO 2026-07-27 15:27:01.300 joltshadow - docs §70.1: slipdense (player) f=124 w=2 grounded=1 kappa=3.622 fnGround=36 omega=24.04 | ftGround=70N target=54.3 limit=129Nm motorNm=129 tyreNm=-69 inertia=1.07 limRot=0/26/-3 omegaPre=23.78 posN=13/-76/0 susp=-0.0040 springN=33
INFO 2026-07-27 15:27:01.300 joltshadow - docs §70.1: slipdense (player) f=124 w=3 grounded=1 kappa=0.042 fnGround=259 omega=7.25 | ftGround=133N target=54.3 limit=129Nm motorNm=129 tyreNm=-124 inertia=1.07 limRot=0/98/-2 omegaPre=7.23 posN=99/-124/0 susp=-0.0734 springN=240
INFO 2026-07-27 15:27:01.300 joltshadow - docs §78: attdense (player) f=124 joltTilt=1.40 odeTilt=0.16 upDelta=1.28 wBody=(0.03,-0.57,-0.00) |w|=0.57 grounded=4
INFO 2026-07-27 15:27:01.321 joltshadow - docs §70.1: slipdense (player) f=128 w=0 grounded=1 kappa=1.432 fnGround=165 omega=16.10 | ftGround=302N target=54.3 limit=130Nm motorNm=130 tyreNm=-263 inertia=0.86 limRot=0/321/0 omegaPre=16.93 posN=42/-337/0 susp=-0.0103 springN=146
INFO 2026-07-27 15:27:01.321 joltshadow - docs §70.1: slipdense (player) f=128 w=1 grounded=1 kappa=0.041 fnGround=377 omega=9.03 | ftGround=145N target=54.3 limit=130Nm motorNm=130 tyreNm=-120 inertia=0.86 limRot=0/1592/-728 omegaPre=8.98 posN=632/282/0 susp=-0.1022 springN=346
INFO 2026-07-27 15:27:01.321 joltshadow - docs §70.1: slipdense (player) f=128 w=2 grounded=1 kappa=3.698 fnGround=63 omega=24.53 | ftGround=123N target=54.3 limit=130Nm motorNm=130 tyreNm=-120 inertia=1.07 limRot=0/33/-7 omegaPre=24.45 posN=13/-120/0 susp=-0.0067 springN=41
INFO 2026-07-27 15:27:01.321 joltshadow - docs §70.1: slipdense (player) f=128 w=3 grounded=1 kappa=0.040 fnGround=261 omega=7.36 | ftGround=128N target=54.3 limit=130Nm motorNm=130 tyreNm=-124 inertia=1.07 limRot=0/81/-3 omegaPre=7.34 posN=71/-122/0 susp=-0.0760 springN=244
INFO 2026-07-27 15:27:01.321 joltshadow - docs §78: attdense (player) f=128 joltTilt=1.40 odeTilt=0.15 upDelta=1.29 wBody=(0.04,-0.60,0.02) |w|=0.60 grounded=4
INFO 2026-07-27 15:27:01.341 joltshadow - docs §70.1: slipdense (player) f=132 w=0 grounded=1 kappa=1.382 fnGround=196 omega=13.53 | ftGround=280N target=54.3 limit=130Nm motorNm=130 tyreNm=-245 inertia=0.86 limRot=0/115/0 omegaPre=14.19 posN=-183/-367/0 susp=-0.0142 springN=195
INFO 2026-07-27 15:27:01.341 joltshadow - docs §70.1: slipdense (player) f=132 w=1 grounded=1 kappa=0.042 fnGround=390 omega=9.20 | ftGround=148N target=54.3 limit=130Nm motorNm=130 tyreNm=-123 inertia=0.86 limRot=0/1760/-549 omegaPre=9.17 posN=658/292/0 susp=-0.1072 springN=359
INFO 2026-07-27 15:27:01.341 joltshadow - docs §70.1: slipdense (player) f=132 w=2 grounded=1 kappa=3.606 fnGround=74 omega=24.49 | ftGround=145N target=54.3 limit=130Nm motorNm=130 tyreNm=-142 inertia=1.07 limRot=0/23/-9 omegaPre=24.52 posN=7/-142/0 susp=-0.0095 springN=53
INFO 2026-07-27 15:27:01.341 joltshadow - docs §70.1: slipdense (player) f=132 w=3 grounded=1 kappa=0.040 fnGround=257 omega=7.48 | ftGround=129N target=54.3 limit=130Nm motorNm=130 tyreNm=-123 inertia=1.07 limRot=0/42/-3 omegaPre=7.45 posN=32/-121/0 susp=-0.0776 springN=243
INFO 2026-07-27 15:27:01.341 joltshadow - docs §78: attdense (player) f=132 joltTilt=1.37 odeTilt=0.14 upDelta=1.27 wBody=(0.05,-0.60,0.04) |w|=0.61 grounded=4
INFO 2026-07-27 15:27:01.361 joltshadow - docs §70.1: slipdense (player) f=136 w=0 grounded=1 kappa=0.845 fnGround=238 omega=10.28 | ftGround=337N target=54.3 limit=130Nm motorNm=130 tyreNm=-295 inertia=0.86 limRot=0/-580/0 omegaPre=11.20 posN=-346/-350/0 susp=-0.0189 springN=247
INFO 2026-07-27 15:27:01.361 joltshadow - docs §70.1: slipdense (player) f=136 w=1 grounded=1 kappa=0.042 fnGround=400 omega=9.26 | ftGround=151N target=54.3 limit=130Nm motorNm=130 tyreNm=-125 inertia=0.86 limRot=0/1899/-684 omegaPre=9.25 posN=690/303/0 susp=-0.1119 springN=368
INFO 2026-07-27 15:27:01.361 joltshadow - docs §70.1: slipdense (player) f=136 w=2 grounded=1 kappa=3.412 fnGround=80 omega=24.14 | ftGround=158N target=54.3 limit=130Nm motorNm=130 tyreNm=-154 inertia=1.07 limRot=0/-21/-10 omegaPre=24.25 posN=-35/-155/0 susp=-0.0124 springN=63
INFO 2026-07-27 15:27:01.361 joltshadow - docs §70.1: slipdense (player) f=136 w=3 grounded=1 kappa=0.041 fnGround=247 omega=7.55 | ftGround=136N target=54.3 limit=130Nm motorNm=130 tyreNm=-127 inertia=1.07 limRot=0/-65/-3 omegaPre=7.54 posN=-79/-127/0 susp=-0.0780 springN=235
INFO 2026-07-27 15:27:01.361 joltshadow - docs §78: attdense (player) f=136 joltTilt=1.32 odeTilt=0.13 upDelta=1.23 wBody=(0.06,-0.57,0.07) |w|=0.58 grounded=4
INFO 2026-07-27 15:27:01.380 joltshadow - docs §70.1: slipdense (player) f=140 w=0 grounded=1 kappa=0.080 fnGround=279 omega=6.63 | ftGround=194N target=54.3 limit=130Nm motorNm=130 tyreNm=-168 inertia=0.86 limRot=0/-395/0 omegaPre=7.11 posN=-475/-190/0 susp=-0.0242 springN=296
INFO 2026-07-27 15:27:01.381 joltshadow - docs §70.1: slipdense (player) f=140 w=1 grounded=1 kappa=0.043 fnGround=407 omega=9.30 | ftGround=154N target=54.3 limit=130Nm motorNm=130 tyreNm=-128 inertia=0.86 limRot=0/1967/-110 omegaPre=9.29 posN=703/304/0 susp=-0.1158 springN=376
INFO 2026-07-27 15:27:01.381 joltshadow - docs §70.1: slipdense (player) f=140 w=2 grounded=1 kappa=3.229 fnGround=87 omega=23.62 | ftGround=170N target=54.3 limit=130Nm motorNm=130 tyreNm=-166 inertia=1.07 limRot=0/-27/-11 omegaPre=23.74 posN=-34/-173/0 susp=-0.0152 springN=70
INFO 2026-07-27 15:27:01.381 joltshadow - docs §70.1: slipdense (player) f=140 w=3 grounded=1 kappa=0.041 fnGround=240 omega=7.63 | ftGround=135N target=54.3 limit=130Nm motorNm=130 tyreNm=-125 inertia=1.07 limRot=0/-71/-3 omegaPre=7.61 posN=-80/-129/0 susp=-0.0772 springN=225
INFO 2026-07-27 15:27:01.381 joltshadow - docs §78: attdense (player) f=140 joltTilt=1.25 odeTilt=0.13 upDelta=1.16 wBody=(0.06,-0.56,0.09) |w|=0.57 grounded=4
INFO 2026-07-27 15:27:01.400 joltshadow - docs §70.1: slipdense (player) f=144 w=0 grounded=1 kappa=0.060 fnGround=311 omega=6.64 | ftGround=147N target=54.3 limit=130Nm motorNm=130 tyreNm=-127 inertia=0.86 limRot=0/-463/0 omegaPre=6.62 posN=-551/-144/0 susp=-0.0301 springN=337
INFO 2026-07-27 15:27:01.400 joltshadow - docs §70.1: slipdense (player) f=144 w=1 grounded=1 kappa=0.044 fnGround=411 omega=9.30 | ftGround=159N target=54.3 limit=130Nm motorNm=130 tyreNm=-132 inertia=0.86 limRot=0/1978/0 omegaPre=9.31 posN=712/296/0 susp=-0.1194 springN=380
INFO 2026-07-27 15:27:01.400 joltshadow - docs §70.1: slipdense (player) f=144 w=2 grounded=1 kappa=3.035 fnGround=94 omega=22.77 | ftGround=186N target=54.3 limit=130Nm motorNm=130 tyreNm=-182 inertia=1.07 limRot=0/-13/-11 omegaPre=23.01 posN=-22/-190/0 susp=-0.0182 springN=78
INFO 2026-07-27 15:27:01.400 joltshadow - docs §70.1: slipdense (player) f=144 w=3 grounded=1 kappa=0.041 fnGround=237 omega=7.68 | ftGround=137N target=54.3 limit=130Nm motorNm=130 tyreNm=-127 inertia=1.07 limRot=0/-39/-3 omegaPre=7.67 posN=-47/-132/0 susp=-0.0757 springN=214
INFO 2026-07-27 15:27:01.400 joltshadow - docs §78: attdense (player) f=144 joltTilt=1.17 odeTilt=0.12 upDelta=1.07 wBody=(0.06,-0.56,0.10) |w|=0.57 grounded=4
INFO 2026-07-27 15:27:01.420 joltshadow - docs §70.1: slipdense (player) f=148 w=0 grounded=1 kappa=0.058 fnGround=342 omega=6.72 | ftGround=145N target=54.3 limit=130Nm motorNm=130 tyreNm=-124 inertia=0.86 limRot=0/-516/0 omegaPre=6.70 posN=-598/-132/0 susp=-0.0355 springN=371
INFO 2026-07-27 15:27:01.420 joltshadow - docs §70.1: slipdense (player) f=148 w=1 grounded=1 kappa=0.046 fnGround=410 omega=9.24 | ftGround=165N target=54.3 limit=130Nm motorNm=130 tyreNm=-136 inertia=0.86 limRot=0/1566/0 omegaPre=9.27 posN=410/20/0 susp=-0.1220 springN=381
INFO 2026-07-27 15:27:01.420 joltshadow - docs §70.1: slipdense (player) f=148 w=2 grounded=1 kappa=2.784 fnGround=101 omega=21.64 | ftGround=201N target=54.3 limit=130Nm motorNm=130 tyreNm=-195 inertia=1.07 limRot=0/3/-12 omegaPre=21.94 posN=-2/-195/0 susp=-0.0212 springN=86
INFO 2026-07-27 15:27:01.420 joltshadow - docs §70.1: slipdense (player) f=148 w=3 grounded=1 kappa=0.040 fnGround=223 omega=7.74 | ftGround=135N target=54.3 limit=130Nm motorNm=130 tyreNm=-126 inertia=1.07 limRot=0/-7/-3 omegaPre=7.72 posN=-13/-126/0 susp=-0.0735 springN=203
INFO 2026-07-27 15:27:01.420 joltshadow - docs §78: attdense (player) f=148 joltTilt=1.08 odeTilt=0.13 upDelta=0.95 wBody=(0.05,-0.55,0.11) |w|=0.56 grounded=4
INFO 2026-07-27 15:27:01.440 joltshadow - docs §70.1: slipdense (player) f=152 w=0 grounded=1 kappa=0.049 fnGround=383 omega=7.05 | ftGround=129N target=54.3 limit=130Nm motorNm=130 tyreNm=-110 inertia=0.86 limRot=0/-593/0 omegaPre=6.94 posN=-629/-83/0 susp=-0.0409 springN=409
INFO 2026-07-27 15:27:01.440 joltshadow - docs §70.1: slipdense (player) f=152 w=1 grounded=1 kappa=0.066 fnGround=381 omega=8.47 | ftGround=215N target=54.3 limit=130Nm motorNm=130 tyreNm=-178 inertia=0.86 limRot=0/-1393/0 omegaPre=8.76 posN=-572/-247/0 susp=-0.1234 springN=373
INFO 2026-07-27 15:27:01.440 joltshadow - docs §70.1: slipdense (player) f=152 w=2 grounded=1 kappa=2.351 fnGround=117 omega=20.16 | ftGround=231N target=54.3 limit=130Nm motorNm=130 tyreNm=-224 inertia=1.07 limRot=0/-27/-17 omegaPre=20.58 posN=-66/-196/0 susp=-0.0244 springN=99
INFO 2026-07-27 15:27:01.440 joltshadow - docs §70.1: slipdense (player) f=152 w=3 grounded=1 kappa=0.042 fnGround=205 omega=7.78 | ftGround=143N target=54.3 limit=130Nm motorNm=130 tyreNm=-133 inertia=1.07 limRot=0/-46/-7 omegaPre=7.79 posN=-89/-152/0 susp=-0.0706 springN=187
INFO 2026-07-27 15:27:01.440 joltshadow - docs §78: attdense (player) f=152 joltTilt=0.98 odeTilt=0.15 upDelta=0.82 wBody=(0.04,-0.45,0.14) |w|=0.48 grounded=4
INFO 2026-07-27 15:27:01.460 joltshadow - docs §70.1: slipdense (player) f=156 w=0 grounded=1 kappa=0.047 fnGround=419 omega=7.49 | ftGround=133N target=54.3 limit=130Nm motorNm=130 tyreNm=-113 inertia=0.86 limRot=0/-650/0 omegaPre=7.39 posN=-691/-93/0 susp=-0.0465 springN=449
INFO 2026-07-27 15:27:01.460 joltshadow - docs §70.1: slipdense (player) f=156 w=1 grounded=1 kappa=0.042 fnGround=373 omega=8.10 | ftGround=134N target=54.3 limit=130Nm motorNm=130 tyreNm=-110 inertia=0.86 limRot=0/-1125/0 omegaPre=8.01 posN=-622/-36/0 susp=-0.1228 springN=359
INFO 2026-07-27 15:27:01.460 joltshadow - docs §70.1: slipdense (player) f=156 w=2 grounded=1 kappa=1.895 fnGround=122 omega=18.51 | ftGround=219N target=54.3 limit=130Nm motorNm=130 tyreNm=-212 inertia=1.07 limRot=0/-101/-16 omegaPre=18.92 posN=-131/-192/0 susp=-0.0281 springN=114
INFO 2026-07-27 15:27:01.460 joltshadow - docs §70.1: slipdense (player) f=156 w=3 grounded=1 kappa=0.044 fnGround=188 omega=7.67 | ftGround=147N target=54.3 limit=130Nm motorNm=130 tyreNm=-137 inertia=1.07 limRot=0/-158/-6 omegaPre=7.70 posN=-194/-161/0 susp=-0.0666 springN=168
INFO 2026-07-27 15:27:01.460 joltshadow - docs §78: attdense (player) f=156 joltTilt=0.85 odeTilt=0.17 upDelta=0.68 wBody=(0.03,-0.29,0.17) |w|=0.34 grounded=4
INFO 2026-07-27 15:27:01.479 joltshadow - docs §70.1: slipdense (player) f=160 w=0 grounded=1 kappa=0.047 fnGround=453 omega=7.82 | ftGround=138N target=54.3 limit=130Nm motorNm=130 tyreNm=-116 inertia=0.86 limRot=0/-700/0 omegaPre=7.76 posN=-758/-102/0 susp=-0.0517 springN=487
INFO 2026-07-27 15:27:01.479 joltshadow - docs §70.1: slipdense (player) f=160 w=1 grounded=1 kappa=0.045 fnGround=352 omega=8.51 | ftGround=151N target=54.3 limit=130Nm motorNm=130 tyreNm=-123 inertia=0.86 limRot=0/-304/0 omegaPre=8.46 posN=-573/-133/0 susp=-0.1206 springN=340
INFO 2026-07-27 15:27:01.479 joltshadow - docs §70.1: slipdense (player) f=160 w=2 grounded=1 kappa=1.521 fnGround=140 omega=16.78 | ftGround=250N target=54.3 limit=130Nm motorNm=130 tyreNm=-240 inertia=1.07 limRot=0/-121/-15 omegaPre=17.19 posN=-126/-229/0 susp=-0.0319 springN=129
INFO 2026-07-27 15:27:01.479 joltshadow - docs §70.1: slipdense (player) f=160 w=3 grounded=1 kappa=0.043 fnGround=171 omega=7.60 | ftGround=142N target=54.3 limit=130Nm motorNm=130 tyreNm=-131 inertia=1.07 limRot=0/-154/-4 omegaPre=7.61 posN=-167/-143/0 susp=-0.0621 springN=150
INFO 2026-07-27 15:27:01.479 joltshadow - docs §78: attdense (player) f=160 joltTilt=0.73 odeTilt=0.19 upDelta=0.57 wBody=(0.02,-0.19,0.18) |w|=0.26 grounded=4
INFO 2026-07-27 15:27:01.498 joltshadow - docs §70.1: slipdense (player) f=164 w=0 grounded=1 kappa=0.045 fnGround=484 omega=8.14 | ftGround=137N target=54.3 limit=130Nm motorNm=130 tyreNm=-115 inertia=0.86 limRot=0/-730/0 omegaPre=8.07 posN=-792/-98/0 susp=-0.0565 springN=510
INFO 2026-07-27 15:27:01.498 joltshadow - docs §70.1: slipdense (player) f=164 w=1 grounded=1 kappa=0.048 fnGround=338 omega=8.51 | ftGround=161N target=54.3 limit=130Nm motorNm=130 tyreNm=-132 inertia=0.86 limRot=0/-448/0 omegaPre=8.51 posN=-503/-163/0 susp=-0.1169 springN=317
INFO 2026-07-27 15:27:01.498 joltshadow - docs §70.1: slipdense (player) f=164 w=2 grounded=1 kappa=1.100 fnGround=152 omega=14.53 | ftGround=275N target=54.3 limit=130Nm motorNm=130 tyreNm=-264 inertia=1.07 limRot=0/-126/-15 omegaPre=15.03 posN=-136/-251/0 susp=-0.0361 springN=144
INFO 2026-07-27 15:27:01.498 joltshadow - docs §70.1: slipdense (player) f=164 w=3 grounded=1 kappa=0.043 fnGround=156 omega=7.59 | ftGround=142N target=54.3 limit=130Nm motorNm=130 tyreNm=-131 inertia=1.07 limRot=0/-137/-4 omegaPre=7.59 posN=-153/-143/0 susp=-0.0572 springN=133
INFO 2026-07-27 15:27:01.498 joltshadow - docs §78: attdense (player) f=164 joltTilt=0.63 odeTilt=0.19 upDelta=0.50 wBody=(0.01,-0.09,0.20) |w|=0.22 grounded=4
INFO 2026-07-27 15:27:01.518 joltshadow - docs §70.1: slipdense (player) f=168 w=0 grounded=1 kappa=0.044 fnGround=514 omega=8.45 | ftGround=143N target=54.3 limit=130Nm motorNm=130 tyreNm=-119 inertia=0.86 limRot=0/-395/0 omegaPre=8.38 posN=-413/-115/0 susp=-0.0608 springN=526
INFO 2026-07-27 15:27:01.518 joltshadow - docs §70.1: slipdense (player) f=168 w=1 grounded=1 kappa=0.046 fnGround=310 omega=8.51 | ftGround=156N target=54.3 limit=130Nm motorNm=130 tyreNm=-127 inertia=0.86 limRot=0/-342/0 omegaPre=8.50 posN=-365/-142/0 susp=-0.1117 springN=291
INFO 2026-07-27 15:27:01.518 joltshadow - docs §70.1: slipdense (player) f=168 w=2 grounded=1 kappa=0.638 fnGround=172 omega=11.70 | ftGround=314N target=54.3 limit=130Nm motorNm=130 tyreNm=-299 inertia=1.07 limRot=0/-136/-14 omegaPre=12.47 posN=-135/-299/0 susp=-0.0407 springN=158
INFO 2026-07-27 15:27:01.518 joltshadow - docs §70.1: slipdense (player) f=168 w=3 grounded=1 kappa=0.047 fnGround=138 omega=7.65 | ftGround=135N target=54.3 limit=130Nm motorNm=130 tyreNm=-124 inertia=1.07 limRot=0/-117/-2 omegaPre=7.63 posN=-120/-126/0 susp=-0.0518 springN=116
INFO 2026-07-27 15:27:01.518 joltshadow - docs §78: attdense (player) f=168 joltTilt=0.57 odeTilt=0.20 upDelta=0.50 wBody=(-0.01,-0.02,0.20) |w|=0.20 grounded=4
INFO 2026-07-27 15:27:01.518 joltshadow - docs §82: resync (player) #1 dt=0.50s upMax=1.289 deg posMax=1.006 m odeTiltPath=0.208 deg gain=6.1952
INFO 2026-07-27 15:27:01.518 joltshadow - docs §87: resync landing (player) w=0 pre=-0.0039 post=-0.0068 m R=0.832 dY=-0.0307 dRotDeg=10.39 |corr|=1.0060 m
INFO 2026-07-27 15:27:01.519 joltshadow - docs §87: resync landing (player) w=1 pre=-0.0026 post=-0.0101 m R=0.832 dY=-0.0307 dRotDeg=10.39 |corr|=1.0060 m
INFO 2026-07-27 15:27:01.519 joltshadow - docs §87: resync landing (player) w=2 pre=-0.0009 post=-0.0054 m R=0.925 dY=-0.0307 dRotDeg=10.39 |corr|=1.0060 m
INFO 2026-07-27 15:27:01.519 joltshadow - docs §87: resync landing (player) w=3 pre=-0.0012 post=-0.0101 m R=0.925 dY=-0.0307 dRotDeg=10.39 |corr|=1.0060 m
INFO 2026-07-27 15:27:01.519 joltshadow - docs §82: resync RESIDUAL (player) #1 pos=0.0000 m up=0.0000 deg
INFO 2026-07-27 15:27:01.537 joltshadow - docs §70.1: slipdense (player) f=172 w=0 grounded=1 kappa=0.034 fnGround=708 omega=10.96 | ftGround=149N target=54.3 limit=130Nm motorNm=130 tyreNm=-125 inertia=0.86 limRot=0/-110/0 omegaPre=10.94 posN=-73/-138/0 susp=-0.1101 springN=754
INFO 2026-07-27 15:27:01.537 joltshadow - docs §70.1: slipdense (player) f=172 w=1 grounded=1 kappa=0.035 fnGround=327 omega=10.90 | ftGround=154N target=54.3 limit=130Nm motorNm=130 tyreNm=-125 inertia=0.86 limRot=0/-58/0 omegaPre=10.88 posN=-62/-137/0 susp=-0.1241 springN=340
INFO 2026-07-27 15:27:01.537 joltshadow - docs §70.1: slipdense (player) f=172 w=2 grounded=1 kappa=0.080 fnGround=136 omega=10.18 | ftGround=190N target=54.3 limit=130Nm motorNm=130 tyreNm=-176 inertia=1.07 limRot=0/-34/-28 omegaPre=10.07 posN=-9/-173/0 susp=-0.1031 springN=249
INFO 2026-07-27 15:27:01.538 joltshadow - docs §70.1: slipdense (player) f=172 w=3 grounded=1 kappa=0.048 fnGround=209 omega=9.84 | ftGround=208N target=54.3 limit=130Nm motorNm=130 tyreNm=-191 inertia=1.07 limRot=0/-22/-1 omegaPre=9.97 posN=-17/-192/0 susp=-0.1071 springN=263
INFO 2026-07-27 15:27:01.538 joltshadow - docs §78: attdense (player) f=172 joltTilt=0.20 odeTilt=0.19 upDelta=0.02 wBody=(0.01,0.01,-0.02) |w|=0.02 grounded=4
INFO 2026-07-27 15:27:01.565 joltshadow - docs §70.1: slipdense (player) f=176 w=0 grounded=1 kappa=0.033 fnGround=603 omega=11.14 | ftGround=149N target=54.3 limit=130Nm motorNm=130 tyreNm=-125 inertia=0.86 limRot=0/-62/0 omegaPre=11.10 posN=-19/-142/0 susp=-0.1011 springN=603
INFO 2026-07-27 15:27:01.565 joltshadow - docs §70.1: slipdense (player) f=176 w=1 grounded=1 kappa=0.035 fnGround=325 omega=11.08 | ftGround=153N target=54.3 limit=130Nm motorNm=130 tyreNm=-125 inertia=0.86 limRot=0/-31/0 omegaPre=11.04 posN=-35/-139/0 susp=-0.1164 springN=299
INFO 2026-07-27 15:27:01.565 joltshadow - docs §70.1: slipdense (player) f=176 w=2 grounded=1 kappa=0.031 fnGround=214 omega=9.94 | ftGround=136N target=54.3 limit=130Nm motorNm=130 tyreNm=-124 inertia=1.07 limRot=0/-38/-19 omegaPre=9.91 posN=-4/-122/0 susp=-0.0911 springN=200
INFO 2026-07-27 15:27:01.565 joltshadow - docs §70.1: slipdense (player) f=176 w=3 grounded=1 kappa=0.031 fnGround=250 omega=9.92 | ftGround=137N target=54.3 limit=130Nm motorNm=130 tyreNm=-124 inertia=1.07 limRot=0/-9/-0 omegaPre=9.88 posN=-5/-123/0 susp=-0.0974 springN=236
INFO 2026-07-27 15:27:01.565 joltshadow - docs §78: attdense (player) f=176 joltTilt=0.25 odeTilt=0.18 upDelta=0.07 wBody=(0.01,0.01,-0.04) |w|=0.04 grounded=4
INFO 2026-07-27 15:27:01.593 joltshadow - docs §70.1: slipdense (player) f=180 w=0 grounded=1 kappa=0.033 fnGround=460 omega=11.31 | ftGround=149N target=54.3 limit=130Nm motorNm=130 tyreNm=-125 inertia=0.86 limRot=0/-41/0 omegaPre=11.27 posN=4/-142/0 susp=-0.0874 springN=457
INFO 2026-07-27 15:27:01.593 joltshadow - docs §70.1: slipdense (player) f=180 w=1 grounded=1 kappa=0.034 fnGround=280 omega=11.26 | ftGround=153N target=54.3 limit=130Nm motorNm=130 tyreNm=-125 inertia=0.86 limRot=0/-19/0 omegaPre=11.22 posN=-22/-140/0 susp=-0.1059 springN=257
INFO 2026-07-27 15:27:01.593 joltshadow - docs §70.1: slipdense (player) f=180 w=2 grounded=1 kappa=0.037 fnGround=158 omega=10.18 | ftGround=128N target=54.3 limit=130Nm motorNm=130 tyreNm=-118 inertia=1.07 limRot=0/-23/-17 omegaPre=10.12 posN=0/-115/0 susp=-0.0754 springN=136
INFO 2026-07-27 15:27:01.593 joltshadow - docs §70.1: slipdense (player) f=180 w=3 grounded=1 kappa=0.030 fnGround=211 omega=10.07 | ftGround=136N target=54.3 limit=130Nm motorNm=130 tyreNm=-124 inertia=1.07 limRot=0/-3/-0 omegaPre=10.04 posN=0/-123/0 susp=-0.0854 springN=189
INFO 2026-07-27 15:27:01.593 joltshadow - docs §78: attdense (player) f=180 joltTilt=0.32 odeTilt=0.18 upDelta=0.15 wBody=(0.01,0.01,-0.05) |w|=0.06 grounded=4
INFO 2026-07-27 15:27:01.593 joltshadow - Shadow divergence (player): pos=1.320m vel=0.608m/s angle=0.2deg (jolt com=[1234.2 260.6 1828.4] ode com=[1235.1 259.6 1828.4])
INFO 2026-07-27 15:27:01.593 joltshadow - docs §23.6: driver input (player) realThrottle=0.99 brake=0.00 handBrake=0 steerRad=0.008
INFO 2026-07-27 15:27:01.593 joltshadow - docs §32: Jolt SHADOW chassis pitch (player) forward=(-0.998, -0.002, -0.066)
INFO 2026-07-27 15:27:01.593 joltshadow - docs §69: tilt (player) jolt=0.3 deg ode=0.2 deg delta=+0.1 deg upDelta=0.15 deg
INFO 2026-07-27 15:27:01.593 joltshadow - docs §32.4: Jolt SHADOW chassis lowest corner (player) = (1231.61,262.23,1829.63) clearanceToGround=0.717
INFO 2026-07-27 15:27:01.593 joltshadow - docs §23.5: wheel state (player) wheel=0 contact=0 suspLen=0.300 (range 0.050-0.300, 0% compressed) angVel=0.00
INFO 2026-07-27 15:27:01.593 joltshadow - docs §38.11: wheel=0 NO contact, worldAxle=(0.066,0.005,-0.998)
INFO 2026-07-27 15:27:01.593 joltshadow - docs §32: no-contact raycast (player) wheel=0 bodyPos=(1234.86,261.68,1828.41) localMPos=(-1.450,-0.327,2.345) origin=(1232.61,261.35,1826.81) dir=(0.003,-1.000,-0.005) normalRayLen=1.132 groundFoundAt=0.000 shortfallBeyondTravel=-1.132 hitBody=8388611 hitLayer=4 hitMotion=2 hitIsSelfChassis=0
INFO 2026-07-27 15:27:01.593 joltshadow - docs §23.5: wheel state (player) wheel=1 contact=0 suspLen=0.300 (range 0.050-0.300, 0% compressed) angVel=0.00
INFO 2026-07-27 15:27:01.594 joltshadow - docs §38.11: wheel=1 NO contact, worldAxle=(0.066,0.005,-0.998)
INFO 2026-07-27 15:27:01.594 joltshadow - docs §32: no-contact raycast (player) wheel=1 bodyPos=(1234.86,261.68,1828.41) localMPos=(1.450,-0.327,2.345) origin=(1232.42,261.34,1829.70) dir=(0.003,-1.000,-0.005) normalRayLen=1.132 groundFoundAt=0.000 shortfallBeyondTravel=-1.132 hitBody=8388612 hitLayer=4 hitMotion=2 hitIsSelfChassis=0
INFO 2026-07-27 15:27:01.594 joltshadow - docs §23.5: wheel state (player) wheel=2 contact=0 suspLen=0.300 (range 0.050-0.300, 0% compressed) angVel=0.00
INFO 2026-07-27 15:27:01.594 joltshadow - docs §38.11: wheel=2 NO contact, worldAxle=(0.066,0.005,-0.998)
INFO 2026-07-27 15:27:01.594 joltshadow - docs §32: no-contact raycast (player) wheel=2 bodyPos=(1234.86,261.68,1828.41) localMPos=(-1.444,-0.244,-3.110) origin=(1238.05,261.45,1827.18) dir=(0.003,-1.000,-0.005) normalRayLen=1.225 groundFoundAt=0.000 shortfallBeyondTravel=-1.225 hitBody=8388613 hitLayer=4 hitMotion=2 hitIsSelfChassis=0
INFO 2026-07-27 15:27:01.594 joltshadow - docs §23.5: wheel state (player) wheel=3 contact=0 suspLen=0.300 (range 0.050-0.300, 0% compressed) angVel=0.00
INFO 2026-07-27 15:27:01.594 joltshadow - docs §38.11: wheel=3 NO contact, worldAxle=(0.066,0.005,-0.998)
INFO 2026-07-27 15:27:01.594 joltshadow - docs §32: no-contact raycast (player) wheel=3 bodyPos=(1234.86,261.68,1828.41) localMPos=(1.444,-0.244,-3.110) origin=(1237.86,261.43,1830.06) dir=(0.003,-1.000,-0.005) normalRayLen=1.225 groundFoundAt=0.000 shortfallBeyondTravel=-1.225 hitBody=8388614 hitLayer=4 hitMotion=2 hitIsSelfChassis=0
INFO 2026-07-27 15:27:01.594 joltshadow - docs §59/63: harvest (player) wheelsWithContact=4 contactPoints=24 overflow=0 (of 4) | maxNormalF=460N bound(k_t*tau)=1200N ratio=0.38
INFO 2026-07-27 15:27:01.594 joltshadow - docs §58: wheel body (player) w=0 springF=457N stopF=0N travel=-0.0874 (limits -0.1250..0.1250 rel spawn) kSusp=7500 sagPredicted=0.0609 | frameTrav=-0.0901..-0.0874 frameStopN=0
INFO 2026-07-27 15:27:01.594 joltshadow - docs §66: tyre band (player) w=0 fnGround=460N fnTotal=479N pen=0.00397 penRaw=0.00397 tau=0.01000 pen/tau=0.40 | recs tyre=4 rim=4 survived=4 stale=0 distMax=1.00R
INFO 2026-07-27 15:27:01.594 joltshadow - docs §68: steer (player) w=0 steerable=1 commanded=0.008 rad measured=0.005 rad err=-0.20 deg steerSign=-1 steerTq=-25Nm cap=1643Nm sat=0.02
INFO 2026-07-27 15:27:01.594 joltshadow - docs §70: slip (player) w=0 grounded=1 kappa=0.033 fnGround=460N omega=11.31
INFO 2026-07-27 15:27:01.594 joltshadow - docs §67: spin (player) w=0 driven=1 omega=11.31 rad/s surfaceSpeed=9.41 m/s spinSign=+1 motorTq=130Nm cmdTq=130Nm
INFO 2026-07-27 15:27:01.594 joltshadow - docs §58: wheel body (player) w=1 springF=257N stopF=0N travel=-0.1059 (limits -0.1250..0.1250 rel spawn) kSusp=3000 sagPredicted=0.0857 | frameTrav=-0.1079..-0.1059 frameStopN=0
INFO 2026-07-27 15:27:01.594 joltshadow - docs §66: tyre band (player) w=1 fnGround=280N fnTotal=281N pen=0.00239 penRaw=0.00239 tau=0.01000 pen/tau=0.24 | recs tyre=2 rim=2 survived=2 stale=0 distMax=1.00R
INFO 2026-07-27 15:27:01.594 joltshadow - docs §68: steer (player) w=1 steerable=1 commanded=0.008 rad measured=0.008 rad err=0.01 deg steerSign=-1 steerTq=-1Nm cap=956Nm sat=0.00
INFO 2026-07-27 15:27:01.594 joltshadow - docs §70: slip (player) w=1 grounded=1 kappa=0.034 fnGround=280N omega=11.26
INFO 2026-07-27 15:27:01.595 joltshadow - docs §67: spin (player) w=1 driven=1 omega=11.26 rad/s surfaceSpeed=9.37 m/s spinSign=+1 motorTq=130Nm cmdTq=130Nm
INFO 2026-07-27 15:27:01.595 joltshadow - docs §58: wheel body (player) w=2 springF=136N stopF=0N travel=-0.0754 (limits -0.1250..0.1250 rel spawn) kSusp=3000 sagPredicted=0.0452 | frameTrav=-0.0784..-0.0754 frameStopN=0
INFO 2026-07-27 15:27:01.595 joltshadow - docs §66: tyre band (player) w=2 fnGround=158N fnTotal=159N pen=0.00135 penRaw=0.00135 tau=0.01000 pen/tau=0.13 | recs tyre=4 rim=4 survived=1 stale=0 distMax=1.01R
INFO 2026-07-27 15:27:01.595 joltshadow - docs §68: steer (player) w=2 steerable=0 commanded=0.008 rad measured=-0.000 rad err=-0.47 deg steerSign=-1 steerTq=0Nm cap=340282346638528859811704183484516925440Nm sat=0.00
INFO 2026-07-27 15:27:01.595 joltshadow - docs §70: slip (player) w=2 grounded=1 kappa=0.037 fnGround=158N omega=10.18
INFO 2026-07-27 15:27:01.595 joltshadow - docs §67: spin (player) w=2 driven=1 omega=10.18 rad/s surfaceSpeed=9.42 m/s spinSign=+1 motorTq=130Nm cmdTq=130Nm
INFO 2026-07-27 15:27:01.595 joltshadow - docs §58: wheel body (player) w=3 springF=189N stopF=0N travel=-0.0854 (limits -0.1250..0.1250 rel spawn) kSusp=3000 sagPredicted=0.0629 | frameTrav=-0.0877..-0.0854 frameStopN=0
INFO 2026-07-27 15:27:01.595 joltshadow - docs §66: tyre band (player) w=3 fnGround=211N fnTotal=213N pen=0.00181 penRaw=0.00181 tau=0.01000 pen/tau=0.18 | recs tyre=2 rim=2 survived=2 stale=0 distMax=1.00R
INFO 2026-07-27 15:27:01.595 joltshadow - docs §68: steer (player) w=3 steerable=0 commanded=0.008 rad measured=-0.000 rad err=-0.47 deg steerSign=-1 steerTq=0Nm cap=340282346638528859811704183484516925440Nm sat=0.00
INFO 2026-07-27 15:27:01.595 joltshadow - docs §70: slip (player) w=3 grounded=1 kappa=0.030 fnGround=211N omega=10.07
INFO 2026-07-27 15:27:01.595 joltshadow - docs §67: spin (player) w=3 driven=1 omega=10.07 rad/s surfaceSpeed=9.32 m/s spinSign=+1 motorTq=130Nm cmdTq=130Nm
INFO 2026-07-27 15:27:01.595 joltshadow - docs §67: drivetrain (player) gear=1 rpm=1375 driveTorque=525Nm perWheel=131Nm driven=4 throttle=0.99 spin=1 | PRE-STEP brake=0.00 handBrake=0
INFO 2026-07-27 15:27:01.595 joltshadow - docs §66: tyre band SUM (player) fnGroundSum=1110N fnTotalSum=1131N weight=883N carried=1.28 | penSum=0.00952 recs tyre=12 rim=12 stale=0
INFO 2026-07-27 15:27:01.595 joltshadow - docs §30: REAL ODE chassis COM (player) body=335558E0 = (1235.052, 259.648, 1828.415) forward=(-0.998, -0.002, -0.068)
INFO 2026-07-27 15:27:01.595 joltshadow - docs §33: real ODE chassis geom (player) #1 = class 0 (not a transform) pos=(1235.052,259.648,1828.415) radius=5.000
INFO 2026-07-27 15:27:01.595 joltshadow - docs §33: real ODE chassis geom (player) #2 = transform, inner class=1 pos=(0.010,2.792,0.707)
INFO 2026-07-27 15:27:01.595 joltshadow - docs §33: real ODE chassis geom (player) #3 = transform, inner class=1 pos=(1.204,3.517,2.585)
INFO 2026-07-27 15:27:01.595 joltshadow - docs §33: real ODE chassis geom (player) #4 = transform, inner class=1 pos=(0.000,3.150,1.480)
INFO 2026-07-27 15:27:01.595 joltshadow - docs §33: real ODE chassis geom (player) #5 = transform, inner class=1 pos=(0.000,2.000,0.200)
INFO 2026-07-27 15:27:01.595 joltshadow - docs §33: real ODE chassis geom (player) #6 = class 0 (not a transform) pos=(1235.052,259.648,1828.415) radius=30.000
INFO 2026-07-27 15:27:01.595 joltshadow - docs §33: real ODE chassis geom (player) #7 = class 0 (not a transform) pos=(1235.052,259.648,1828.415) radius=5.000
INFO 2026-07-27 15:27:01.595 joltshadow - docs §33: real ODE chassis geom (player) #8 = class 0 (not a transform) pos=(1235.052,259.648,1828.415) radius=200.000
INFO 2026-07-27 15:27:01.596 joltshadow - docs §33: real ODE chassis (player) has 8 total geom(s) directly attached (4 transform(s)) - compare against BuildChassisCompoundShape's own part/geom count in the build log
INFO 2026-07-27 15:27:01.596 joltshadow - docs §28: REAL ODE wheel state (player) wheel=0 displacement=0.0116 range=0.250 (5% compressed, signed) foreAft=2.545 localZ=2.345 cfm=0.002000 erp=0.2500
INFO 2026-07-27 15:27:01.596 joltshadow - docs §28: REAL ODE wheel state (player) wheel=1 displacement=0.0173 range=0.250 (7% compressed, signed) foreAft=2.545 localZ=2.345 cfm=0.005000 erp=0.2500
INFO 2026-07-27 15:27:01.596 joltshadow - docs §28: REAL ODE wheel state (player) wheel=2 displacement=0.0096 range=0.250 (4% compressed, signed) foreAft=-2.910 localZ=-3.110 cfm=0.005000 erp=0.2500
INFO 2026-07-27 15:27:01.596 joltshadow - docs §28: REAL ODE wheel state (player) wheel=3 displacement=0.0166 range=0.250 (7% compressed, signed) foreAft=-2.910 localZ=-3.110 cfm=0.005000 erp=0.2500
INFO 2026-07-27 15:27:01.617 joltshadow - docs §70.1: slipdense (player) f=184 w=0 grounded=1 kappa=0.032 fnGround=355 omega=11.46 | ftGround=148N target=54.3 limit=130Nm motorNm=130 tyreNm=-125 inertia=0.86 limRot=0/-29/0 omegaPre=11.43 posN=38/-142/0 susp=-0.0736 springN=342
INFO 2026-07-27 15:27:01.617 joltshadow - docs §70.1: slipdense (player) f=184 w=1 grounded=1 kappa=0.033 fnGround=248 omega=11.41 | ftGround=152N target=54.3 limit=130Nm motorNm=130 tyreNm=-125 inertia=0.86 limRot=0/-19/0 omegaPre=11.38 posN=-22/-139/0 susp=-0.0956 springN=224
INFO 2026-07-27 15:27:01.617 joltshadow - docs §70.1: slipdense (player) f=184 w=2 grounded=1 kappa=0.054 fnGround=111 omega=10.49 | ftGround=121N target=54.3 limit=130Nm motorNm=130 tyreNm=-112 inertia=1.07 limRot=0/-15/-16 omegaPre=10.42 posN=2/-109/0 susp=-0.0603 springN=91
INFO 2026-07-27 15:27:01.617 joltshadow - docs §70.1: slipdense (player) f=184 w=3 grounded=1 kappa=0.033 fnGround=181 omega=10.25 | ftGround=132N target=54.3 limit=130Nm motorNm=130 tyreNm=-121 inertia=1.07 limRot=0/0/-0 omegaPre=10.21 posN=3/-119/0 susp=-0.0744 springN=159
INFO 2026-07-27 15:27:01.617 joltshadow - docs §78: attdense (player) f=184 joltTilt=0.40 odeTilt=0.19 upDelta=0.22 wBody=(0.00,0.01,-0.06) |w|=0.06 grounded=4
INFO 2026-07-27 15:27:01.635 joltshadow - docs §70.1: slipdense (player) f=188 w=0 grounded=1 kappa=0.032 fnGround=288 omega=11.58 | ftGround=147N target=54.3 limit=130Nm motorNm=130 tyreNm=-124 inertia=0.86 limRot=0/-8/0 omegaPre=11.55 posN=104/-140/0 susp=-0.0634 springN=274
INFO 2026-07-27 15:27:01.635 joltshadow - docs §70.1: slipdense (player) f=188 w=1 grounded=1 kappa=0.033 fnGround=229 omega=11.53 | ftGround=152N target=54.3 limit=130Nm motorNm=130 tyreNm=-125 inertia=0.86 limRot=0/-25/0 omegaPre=11.50 posN=-32/-138/0 susp=-0.0882 springN=206
INFO 2026-07-27 15:27:01.635 joltshadow - docs §70.1: slipdense (player) f=188 w=2 grounded=1 kappa=0.074 fnGround=90 omega=10.79 | ftGround=120N target=54.3 limit=130Nm motorNm=130 tyreNm=-111 inertia=1.07 limRot=0/-10/-15 omegaPre=10.71 posN=3/-110/0 susp=-0.0498 springN=66
INFO 2026-07-27 15:27:01.635 joltshadow - docs §70.1: slipdense (player) f=188 w=3 grounded=1 kappa=0.037 fnGround=163 omega=10.39 | ftGround=129N target=54.3 limit=130Nm motorNm=130 tyreNm=-119 inertia=1.07 limRot=0/3/-0 omegaPre=10.36 posN=6/-116/0 susp=-0.0670 springN=144
INFO 2026-07-27 15:27:01.636 joltshadow - docs §78: attdense (player) f=188 joltTilt=0.46 odeTilt=0.20 upDelta=0.27 wBody=(-0.00,0.00,-0.06) |w|=0.06 grounded=4
INFO 2026-07-27 15:27:01.654 joltshadow - docs §70.1: slipdense (player) f=192 w=0 grounded=1 kappa=0.031 fnGround=225 omega=11.74 | ftGround=145N target=54.3 limit=130Nm motorNm=130 tyreNm=-122 inertia=0.86 limRot=0/49/0 omegaPre=11.71 posN=249/-127/0 susp=-0.0533 springN=208
INFO 2026-07-27 15:27:01.654 joltshadow - docs §70.1: slipdense (player) f=192 w=1 grounded=1 kappa=0.033 fnGround=210 omega=11.66 | ftGround=150N target=54.3 limit=130Nm motorNm=130 tyreNm=-124 inertia=0.86 limRot=0/-42/0 omegaPre=11.63 posN=-59/-135/0 susp=-0.0810 springN=191
INFO 2026-07-27 15:27:01.654 joltshadow - docs §70.1: slipdense (player) f=192 w=2 grounded=1 kappa=0.105 fnGround=71 omega=11.20 | ftGround=113N target=54.3 limit=130Nm motorNm=130 tyreNm=-105 inertia=1.07 limRot=0/-5/-14 omegaPre=11.09 posN=7/-105/0 susp=-0.0398 springN=47
INFO 2026-07-27 15:27:01.654 joltshadow - docs §70.1: slipdense (player) f=192 w=3 grounded=1 kappa=0.039 fnGround=159 omega=10.54 | ftGround=133N target=54.3 limit=130Nm motorNm=130 tyreNm=-123 inertia=1.07 limRot=0/9/-0 omegaPre=10.51 posN=13/-119/0 susp=-0.0603 springN=135
INFO 2026-07-27 15:27:01.654 joltshadow - docs §78: attdense (player) f=192 joltTilt=0.52 odeTilt=0.21 upDelta=0.33 wBody=(-0.01,-0.01,-0.06) |w|=0.06 grounded=4
INFO 2026-07-27 15:27:01.674 joltshadow - docs §70.1: slipdense (player) f=196 w=0 grounded=1 kappa=0.041 fnGround=173 omega=11.98 | ftGround=147N target=54.3 limit=130Nm motorNm=130 tyreNm=-127 inertia=0.86 limRot=0/33/0 omegaPre=11.93 posN=350/-76/0 susp=-0.0435 springN=145
INFO 2026-07-27 15:27:01.674 joltshadow - docs §70.1: slipdense (player) f=196 w=1 grounded=1 kappa=0.034 fnGround=206 omega=11.81 | ftGround=152N target=54.3 limit=130Nm motorNm=130 tyreNm=-125 inertia=0.86 limRot=0/-75/0 omegaPre=11.79 posN=-98/-139/0 susp=-0.0746 springN=182
INFO 2026-07-27 15:27:01.674 joltshadow - docs §70.1: slipdense (player) f=196 w=2 grounded=1 kappa=0.153 fnGround=57 omega=11.78 | ftGround=102N target=54.3 limit=130Nm motorNm=130 tyreNm=-94 inertia=1.07 limRot=0/-1/-12 omegaPre=11.63 posN=6/-95/0 susp=-0.0310 springN=35
INFO 2026-07-27 15:27:01.674 joltshadow - docs §70.1: slipdense (player) f=196 w=3 grounded=1 kappa=0.041 fnGround=153 omega=10.69 | ftGround=134N target=54.3 limit=130Nm motorNm=130 tyreNm=-123 inertia=1.07 limRot=0/16/-0 omegaPre=10.66 posN=18/-121/0 susp=-0.0549 springN=132
INFO 2026-07-27 15:27:01.675 joltshadow - docs §78: attdense (player) f=196 joltTilt=0.59 odeTilt=0.22 upDelta=0.39 wBody=(-0.01,-0.03,-0.06) |w|=0.07 grounded=4
INFO 2026-07-27 15:27:01.693 joltshadow - docs §70.1: slipdense (player) f=200 w=0 grounded=1 kappa=0.123 fnGround=162 omega=11.43 | ftGround=209N target=54.3 limit=131Nm motorNm=131 tyreNm=-180 inertia=0.86 limRot=0/59/0 omegaPre=11.65 posN=335/-25/0 susp=-0.0356 springN=131
INFO 2026-07-27 15:27:01.693 joltshadow - docs §70.1: slipdense (player) f=200 w=1 grounded=1 kappa=0.035 fnGround=200 omega=11.94 | ftGround=152N target=54.3 limit=131Nm motorNm=131 tyreNm=-126 inertia=0.86 limRot=0/-98/0 omegaPre=11.92 posN=-117/-142/0 susp=-0.0699 springN=180
INFO 2026-07-27 15:27:01.694 joltshadow - docs §70.1: slipdense (player) f=200 w=2 grounded=1 kappa=0.209 fnGround=52 omega=12.43 | ftGround=98N target=54.3 limit=131Nm motorNm=131 tyreNm=-91 inertia=1.07 limRot=0/-1/-11 omegaPre=12.28 posN=1/-91/0 susp=-0.0242 springN=28
INFO 2026-07-27 15:27:01.694 joltshadow - docs §70.1: slipdense (player) f=200 w=3 grounded=1 kappa=0.041 fnGround=155 omega=10.79 | ftGround=136N target=54.3 limit=131Nm motorNm=131 tyreNm=-125 inertia=1.07 limRot=0/13/-1 omegaPre=10.77 posN=12/-126/0 susp=-0.0514 springN=133
INFO 2026-07-27 15:27:01.694 joltshadow - docs §78: attdense (player) f=200 joltTilt=0.65 odeTilt=0.22 upDelta=0.46 wBody=(-0.01,-0.04,-0.06) |w|=0.07 grounded=4
INFO 2026-07-27 15:27:01.713 joltshadow - docs §70.1: slipdense (player) f=204 w=0 grounded=1 kappa=0.095 fnGround=151 omega=10.41 | ftGround=183N target=54.3 limit=131Nm motorNm=131 tyreNm=-158 inertia=0.86 limRot=0/35/-942 omegaPre=10.60 posN=305/-11/0 susp=-0.0291 springN=118
INFO 2026-07-27 15:27:01.713 joltshadow - docs §70.1: slipdense (player) f=204 w=1 grounded=1 kappa=0.035 fnGround=199 omega=12.13 | ftGround=152N target=54.3 limit=131Nm motorNm=131 tyreNm=-126 inertia=0.86 limRot=0/-141/0 omegaPre=12.10 posN=-169/-136/0 susp=-0.0665 springN=182
INFO 2026-07-27 15:27:01.714 joltshadow - docs §70.1: slipdense (player) f=204 w=2 grounded=1 kappa=0.282 fnGround=50 omega=13.19 | ftGround=96N target=54.3 limit=131Nm motorNm=131 tyreNm=-90 inertia=1.07 limRot=0/17/-9 omegaPre=12.99 posN=36/-96/0 susp=-0.0191 springN=27
INFO 2026-07-27 15:27:01.714 joltshadow - docs §70.1: slipdense (player) f=204 w=3 grounded=1 kappa=0.040 fnGround=160 omega=10.95 | ftGround=137N target=54.3 limit=131Nm motorNm=131 tyreNm=-126 inertia=1.07 limRot=0/69/0 omegaPre=10.92 posN=88/-121/0 susp=-0.0494 springN=139
INFO 2026-07-27 15:27:01.714 joltshadow - docs §78: attdense (player) f=204 joltTilt=0.71 odeTilt=0.21 upDelta=0.53 wBody=(-0.01,-0.09,-0.05) |w|=0.11 grounded=4
INFO 2026-07-27 15:27:01.734 joltshadow - docs §70.1: slipdense (player) f=208 w=0 grounded=1 kappa=0.061 fnGround=145 omega=10.21 | ftGround=149N target=54.3 limit=131Nm motorNm=131 tyreNm=-129 inertia=0.86 limRot=0/148/-478 omegaPre=10.20 posN=300/29/0 susp=-0.0244 springN=116
INFO 2026-07-27 15:27:01.734 joltshadow - docs §70.1: slipdense (player) f=208 w=1 grounded=1 kappa=0.034 fnGround=204 omega=12.25 | ftGround=152N target=54.3 limit=131Nm motorNm=131 tyreNm=-126 inertia=0.86 limRot=0/-151/0 omegaPre=12.22 posN=-154/-144/0 susp=-0.0648 springN=187
INFO 2026-07-27 15:27:01.734 joltshadow - docs §70.1: slipdense (player) f=208 w=2 grounded=1 kappa=0.345 fnGround=57 omega=13.91 | ftGround=110N target=54.3 limit=131Nm motorNm=131 tyreNm=-103 inertia=1.07 limRot=0/22/-11 omegaPre=13.76 posN=25/-104/0 susp=-0.0159 springN=32
INFO 2026-07-27 15:27:01.734 joltshadow - docs §70.1: slipdense (player) f=208 w=3 grounded=1 kappa=0.037 fnGround=172 omega=11.02 | ftGround=138N target=54.3 limit=131Nm motorNm=131 tyreNm=-128 inertia=1.07 limRot=0/79/-0 omegaPre=11.01 posN=83/-129/0 susp=-0.0490 springN=148
INFO 2026-07-27 15:27:01.734 joltshadow - docs §78: attdense (player) f=208 joltTilt=0.76 odeTilt=0.21 upDelta=0.60 wBody=(-0.01,-0.10,-0.04) |w|=0.11 grounded=4
INFO 2026-07-27 15:27:01.753 joltshadow - docs §70.1: slipdense (player) f=212 w=0 grounded=1 kappa=0.051 fnGround=165 omega=10.20 | ftGround=153N target=54.3 limit=131Nm motorNm=131 tyreNm=-131 inertia=0.86 limRot=0/282/-525 omegaPre=10.20 posN=334/49/0 susp=-0.0219 springN=131
INFO 2026-07-27 15:27:01.753 joltshadow - docs §70.1: slipdense (player) f=212 w=1 grounded=1 kappa=0.032 fnGround=212 omega=12.36 | ftGround=151N target=54.3 limit=131Nm motorNm=131 tyreNm=-125 inertia=0.86 limRot=0/-108/0 omegaPre=12.32 posN=-79/-143/0 susp=-0.0646 springN=195
INFO 2026-07-27 15:27:01.753 joltshadow - docs §70.1: slipdense (player) f=212 w=2 grounded=1 kappa=0.384 fnGround=60 omega=14.37 | ftGround=117N target=54.3 limit=131Nm motorNm=131 tyreNm=-109 inertia=1.07 limRot=0/24/-11 omegaPre=14.26 posN=30/-113/0 susp=-0.0148 springN=39
INFO 2026-07-27 15:27:01.753 joltshadow - docs §70.1: slipdense (player) f=212 w=3 grounded=1 kappa=0.035 fnGround=179 omega=11.09 | ftGround=136N target=54.3 limit=131Nm motorNm=131 tyreNm=-126 inertia=1.07 limRot=0/84/-0 omegaPre=11.07 posN=91/-126/0 susp=-0.0498 springN=159
INFO 2026-07-27 15:27:01.753 joltshadow - docs §78: attdense (player) f=212 joltTilt=0.80 odeTilt=0.20 upDelta=0.64 wBody=(-0.01,-0.12,-0.03) |w|=0.12 grounded=4
INFO 2026-07-27 15:27:01.774 joltshadow - docs §70.1: slipdense (player) f=216 w=0 grounded=1 kappa=0.039 fnGround=190 omega=10.23 | ftGround=149N target=54.3 limit=131Nm motorNm=131 tyreNm=-128 inertia=0.86 limRot=0/465/-571 omegaPre=10.22 posN=369/82/0 susp=-0.0208 springN=155
INFO 2026-07-27 15:27:01.774 joltshadow - docs §70.1: slipdense (player) f=216 w=1 grounded=1 kappa=0.030 fnGround=238 omega=12.53 | ftGround=147N target=54.3 limit=131Nm motorNm=131 tyreNm=-122 inertia=0.86 limRot=0/145/0 omegaPre=12.48 posN=244/-105/0 susp=-0.0658 springN=211
INFO 2026-07-27 15:27:01.774 joltshadow - docs §70.1: slipdense (player) f=216 w=2 grounded=1 kappa=0.397 fnGround=71 omega=14.52 | ftGround=137N target=54.3 limit=131Nm motorNm=131 tyreNm=-127 inertia=1.07 limRot=0/33/-11 omegaPre=14.51 posN=43/-140/0 susp=-0.0150 springN=49
INFO 2026-07-27 15:27:01.774 joltshadow - docs §70.1: slipdense (player) f=216 w=3 grounded=1 kappa=0.031 fnGround=197 omega=11.18 | ftGround=135N target=54.3 limit=131Nm motorNm=131 tyreNm=-124 inertia=1.07 limRot=0/103/1 omegaPre=11.16 posN=115/-120/0 susp=-0.0519 springN=174
INFO 2026-07-27 15:27:01.774 joltshadow - docs §78: attdense (player) f=216 joltTilt=0.84 odeTilt=0.20 upDelta=0.68 wBody=(-0.00,-0.15,-0.03) |w|=0.15 grounded=4
INFO 2026-07-27 15:27:01.793 joltshadow - docs §70.1: slipdense (player) f=220 w=0 grounded=1 kappa=0.036 fnGround=208 omega=10.36 | ftGround=143N target=54.3 limit=131Nm motorNm=131 tyreNm=-124 inertia=0.86 limRot=0/645/-602 omegaPre=10.32 posN=393/106/0 susp=-0.0211 springN=175
INFO 2026-07-27 15:27:01.794 joltshadow - docs §70.1: slipdense (player) f=220 w=1 grounded=1 kappa=0.036 fnGround=256 omega=12.54 | ftGround=176N target=54.3 limit=131Nm motorNm=131 tyreNm=-146 inertia=0.86 limRot=0/345/0 omegaPre=12.59 posN=477/-10/0 susp=-0.0683 springN=228
INFO 2026-07-27 15:27:01.794 joltshadow - docs §70.1: slipdense (player) f=220 w=2 grounded=1 kappa=0.392 fnGround=79 omega=14.43 | ftGround=150N target=54.3 limit=131Nm motorNm=131 tyreNm=-140 inertia=1.07 limRot=0/42/-11 omegaPre=14.46 posN=47/-156/0 susp=-0.0160 springN=56
INFO 2026-07-27 15:27:01.794 joltshadow - docs §70.1: slipdense (player) f=220 w=3 grounded=1 kappa=0.029 fnGround=215 omega=11.30 | ftGround=137N target=54.3 limit=131Nm motorNm=131 tyreNm=-126 inertia=1.07 limRot=0/125/1 omegaPre=11.28 posN=134/-124/0 susp=-0.0548 springN=188
INFO 2026-07-27 15:27:01.794 joltshadow - docs §78: attdense (player) f=220 joltTilt=0.88 odeTilt=0.25 upDelta=0.72 wBody=(0.00,-0.20,-0.04) |w|=0.20 grounded=4
INFO 2026-07-27 15:27:01.812 joltshadow - docs §70.1: slipdense (player) f=224 w=0 grounded=1 kappa=0.037 fnGround=226 omega=10.50 | ftGround=150N target=54.3 limit=131Nm motorNm=131 tyreNm=-129 inertia=0.86 limRot=0/802/-554 omegaPre=10.47 posN=421/114/0 susp=-0.0221 springN=188
INFO 2026-07-27 15:27:01.812 joltshadow - docs §70.1: slipdense (player) f=224 w=1 grounded=1 kappa=0.035 fnGround=277 omega=11.30 | ftGround=155N target=54.3 limit=131Nm motorNm=131 tyreNm=-128 inertia=0.86 limRot=0/288/-892 omegaPre=11.39 posN=484/179/0 susp=-0.0721 springN=250
INFO 2026-07-27 15:27:01.812 joltshadow - docs §70.1: slipdense (player) f=224 w=2 grounded=1 kappa=0.383 fnGround=82 omega=14.20 | ftGround=149N target=54.3 limit=131Nm motorNm=131 tyreNm=-139 inertia=1.07 limRot=0/62/-10 omegaPre=14.23 posN=60/-159/0 susp=-0.0172 springN=59
INFO 2026-07-27 15:27:01.812 joltshadow - docs §70.1: slipdense (player) f=224 w=3 grounded=1 kappa=0.026 fnGround=225 omega=11.45 | ftGround=133N target=54.3 limit=131Nm motorNm=131 tyreNm=-122 inertia=1.07 limRot=0/185/1 omegaPre=11.40 posN=189/-127/0 susp=-0.0581 springN=200
INFO 2026-07-27 15:27:01.812 joltshadow - docs §78: attdense (player) f=224 joltTilt=0.92 odeTilt=0.24 upDelta=0.74 wBody=(0.01,-0.29,-0.04) |w|=0.29 grounded=4
INFO 2026-07-27 15:27:01.832 joltshadow - docs §70.1: slipdense (player) f=228 w=0 grounded=1 kappa=0.037 fnGround=252 omega=10.62 | ftGround=148N target=54.3 limit=131Nm motorNm=131 tyreNm=-127 inertia=0.86 limRot=0/1042/-522 omegaPre=10.59 posN=459/143/0 susp=-0.0236 springN=215
INFO 2026-07-27 15:27:01.832 joltshadow - docs §70.1: slipdense (player) f=228 w=1 grounded=1 kappa=0.032 fnGround=298 omega=11.54 | ftGround=145N target=54.3 limit=131Nm motorNm=131 tyreNm=-120 inertia=0.86 limRot=0/541/-958 omegaPre=11.47 posN=513/214/0 susp=-0.0772 springN=272
INFO 2026-07-27 15:27:01.832 joltshadow - docs §70.1: slipdense (player) f=228 w=2 grounded=1 kappa=0.367 fnGround=88 omega=13.92 | ftGround=160N target=54.3 limit=131Nm motorNm=131 tyreNm=-150 inertia=1.07 limRot=0/64/-10 omegaPre=14.03 posN=63/-172/0 susp=-0.0185 springN=63
INFO 2026-07-27 15:27:01.832 joltshadow - docs §70.1: slipdense (player) f=228 w=3 grounded=1 kappa=0.027 fnGround=237 omega=11.52 | ftGround=137N target=54.3 limit=131Nm motorNm=131 tyreNm=-127 inertia=1.07 limRot=0/181/1 omegaPre=11.50 posN=187/-132/0 susp=-0.0618 springN=212
INFO 2026-07-27 15:27:01.832 joltshadow - docs §78: attdense (player) f=228 joltTilt=0.97 odeTilt=0.24 upDelta=0.77 wBody=(0.02,-0.33,-0.05) |w|=0.33 grounded=4
INFO 2026-07-27 15:27:01.853 joltshadow - docs §70.1: slipdense (player) f=232 w=0 grounded=1 kappa=0.036 fnGround=264 omega=10.75 | ftGround=147N target=54.3 limit=131Nm motorNm=131 tyreNm=-126 inertia=0.86 limRot=0/1215/-391 omegaPre=10.72 posN=477/155/0 susp=-0.0257 springN=231
INFO 2026-07-27 15:27:01.853 joltshadow - docs §70.1: slipdense (player) f=232 w=1 grounded=1 kappa=0.031 fnGround=324 omega=11.82 | ftGround=145N target=54.3 limit=131Nm motorNm=131 tyreNm=-119 inertia=0.86 limRot=0/846/-1002 omegaPre=11.75 posN=553/242/0 susp=-0.0833 springN=295
INFO 2026-07-27 15:27:01.853 joltshadow - docs §70.1: slipdense (player) f=232 w=2 grounded=1 kappa=0.344 fnGround=87 omega=13.56 | ftGround=160N target=54.3 limit=131Nm motorNm=131 tyreNm=-149 inertia=1.07 limRot=0/64/-8 omegaPre=13.64 posN=62/-173/0 susp=-0.0195 springN=63
INFO 2026-07-27 15:27:01.853 joltshadow - docs §70.1: slipdense (player) f=232 w=3 grounded=1 kappa=0.027 fnGround=251 omega=11.59 | ftGround=138N target=54.3 limit=131Nm motorNm=131 tyreNm=-127 inertia=1.07 limRot=0/186/1 omegaPre=11.57 posN=193/-132/0 susp=-0.0657 springN=223
INFO 2026-07-27 15:27:01.853 joltshadow - docs §78: attdense (player) f=232 joltTilt=1.03 odeTilt=0.24 upDelta=0.82 wBody=(0.03,-0.39,-0.05) |w|=0.39 grounded=4
INFO 2026-07-27 15:27:01.873 joltshadow - docs §70.1: slipdense (player) f=236 w=0 grounded=1 kappa=0.036 fnGround=288 omega=10.86 | ftGround=148N target=54.3 limit=131Nm motorNm=131 tyreNm=-126 inertia=0.86 limRot=0/1389/-229 omegaPre=10.84 posN=515/179/0 susp=-0.0277 springN=248
INFO 2026-07-27 15:27:01.873 joltshadow - docs §70.1: slipdense (player) f=236 w=1 grounded=1 kappa=0.030 fnGround=349 omega=12.09 | ftGround=144N target=54.3 limit=131Nm motorNm=131 tyreNm=-118 inertia=0.86 limRot=0/1161/-965 omegaPre=12.02 posN=590/271/0 susp=-0.0899 springN=318
INFO 2026-07-27 15:27:01.873 joltshadow - docs §70.1: slipdense (player) f=236 w=2 grounded=1 kappa=0.321 fnGround=87 omega=13.18 | ftGround=160N target=54.3 limit=131Nm motorNm=131 tyreNm=-149 inertia=1.07 limRot=0/66/-8 omegaPre=13.27 posN=65/-176/0 susp=-0.0201 springN=63
INFO 2026-07-27 15:27:01.873 joltshadow - docs §70.1: slipdense (player) f=236 w=3 grounded=1 kappa=0.027 fnGround=254 omega=11.66 | ftGround=138N target=54.3 limit=131Nm motorNm=131 tyreNm=-127 inertia=1.07 limRot=0/191/1 omegaPre=11.64 posN=198/-132/0 susp=-0.0694 springN=231
INFO 2026-07-27 15:27:01.873 joltshadow - docs §78: attdense (player) f=236 joltTilt=1.10 odeTilt=0.25 upDelta=0.87 wBody=(0.04,-0.44,-0.05) |w|=0.45 grounded=4
INFO 2026-07-27 15:27:01.894 joltshadow - docs §70.1: slipdense (player) f=240 w=0 grounded=1 kappa=0.035 fnGround=298 omega=10.97 | ftGround=148N target=54.3 limit=131Nm motorNm=131 tyreNm=-126 inertia=0.86 limRot=0/1474/-13 omegaPre=10.95 posN=530/189/0 susp=-0.0299 springN=259
INFO 2026-07-27 15:27:01.894 joltshadow - docs §70.1: slipdense (player) f=240 w=1 grounded=1 kappa=0.030 fnGround=373 omega=12.39 | ftGround=145N target=54.3 limit=131Nm motorNm=131 tyreNm=-119 inertia=0.86 limRot=0/1481/-828 omegaPre=12.32 posN=629/298/0 susp=-0.0970 springN=341
INFO 2026-07-27 15:27:01.894 joltshadow - docs §70.1: slipdense (player) f=240 w=2 grounded=1 kappa=0.305 fnGround=87 omega=12.85 | ftGround=158N target=54.3 limit=131Nm motorNm=131 tyreNm=-148 inertia=1.07 limRot=0/69/-7 omegaPre=12.93 posN=67/-175/0 susp=-0.0203 springN=61
INFO 2026-07-27 15:27:01.894 joltshadow - docs §70.1: slipdense (player) f=240 w=3 grounded=1 kappa=0.027 fnGround=260 omega=11.73 | ftGround=138N target=54.3 limit=131Nm motorNm=131 tyreNm=-127 inertia=1.07 limRot=0/202/1 omegaPre=11.71 posN=209/-132/0 susp=-0.0728 springN=238
INFO 2026-07-27 15:27:01.894 joltshadow - docs §78: attdense (player) f=240 joltTilt=1.17 odeTilt=0.25 upDelta=0.92 wBody=(0.05,-0.51,-0.06) |w|=0.51 grounded=4
INFO 2026-07-27 15:27:01.894 joltshadow - Shadow divergence (player): pos=1.170m vel=3.084m/s angle=2.7deg (jolt com=[1231.3 260.7 1828.0] ode com=[1231.9 259.7 1828.2])
INFO 2026-07-27 15:27:01.894 joltshadow - docs §23.6: driver input (player) realThrottle=1.00 brake=0.00 handBrake=0 steerRad=0.004
INFO 2026-07-27 15:27:01.894 joltshadow - docs §32: Jolt SHADOW chassis pitch (player) forward=(-0.993, -0.003, -0.116)
INFO 2026-07-27 15:27:01.894 joltshadow - docs §69: tilt (player) jolt=1.2 deg ode=0.3 deg delta=+0.9 deg upDelta=0.92 deg
INFO 2026-07-27 15:27:01.895 joltshadow - docs §32.4: Jolt SHADOW chassis lowest corner (player) = (1228.66,262.23,1829.17) clearanceToGround=0.724
INFO 2026-07-27 15:27:01.895 joltshadow - docs §23.5: wheel state (player) wheel=0 contact=0 suspLen=0.300 (range 0.050-0.300, 0% compressed) angVel=0.00
INFO 2026-07-27 15:27:01.895 joltshadow - docs §38.11: wheel=0 NO contact, worldAxle=(0.116,0.020,-0.993)
INFO 2026-07-27 15:27:01.895 joltshadow - docs §32: no-contact raycast (player) wheel=0 bodyPos=(1231.97,261.71,1828.11) localMPos=(-1.450,-0.327,2.345) origin=(1229.81,261.40,1826.39) dir=(0.006,-1.000,-0.020) normalRayLen=1.132 groundFoundAt=0.000 shortfallBeyondTravel=-1.132 hitBody=8388611 hitLayer=4 hitMotion=2 hitIsSelfChassis=0
INFO 2026-07-27 15:27:01.895 joltshadow - docs §23.5: wheel state (player) wheel=1 contact=0 suspLen=0.300 (range 0.050-0.300, 0% compressed) angVel=0.00
INFO 2026-07-27 15:27:01.895 joltshadow - docs §38.11: wheel=1 NO contact, worldAxle=(0.116,0.020,-0.993)
INFO 2026-07-27 15:27:01.895 joltshadow - docs §32: no-contact raycast (player) wheel=1 bodyPos=(1231.97,261.71,1828.11) localMPos=(1.450,-0.327,2.345) origin=(1229.47,261.34,1829.27) dir=(0.006,-1.000,-0.020) normalRayLen=1.132 groundFoundAt=0.000 shortfallBeyondTravel=-1.132 hitBody=8388612 hitLayer=4 hitMotion=2 hitIsSelfChassis=0
INFO 2026-07-27 15:27:01.895 joltshadow - docs §23.5: wheel state (player) wheel=2 contact=0 suspLen=0.300 (range 0.050-0.300, 0% compressed) angVel=0.00
INFO 2026-07-27 15:27:01.895 joltshadow - docs §38.11: wheel=2 NO contact, worldAxle=(0.116,0.020,-0.993)
INFO 2026-07-27 15:27:01.895 joltshadow - docs §32: no-contact raycast (player) wheel=2 bodyPos=(1231.97,261.71,1828.11) localMPos=(-1.444,-0.244,-3.110) origin=(1235.22,261.50,1827.03) dir=(0.006,-1.000,-0.020) normalRayLen=1.225 groundFoundAt=0.000 shortfallBeyondTravel=-1.225 hitBody=8388613 hitLayer=4 hitMotion=2 hitIsSelfChassis=0
INFO 2026-07-27 15:27:01.895 joltshadow - docs §23.5: wheel state (player) wheel=3 contact=0 suspLen=0.300 (range 0.050-0.300, 0% compressed) angVel=0.00
INFO 2026-07-27 15:27:01.895 joltshadow - docs §38.11: wheel=3 NO contact, worldAxle=(0.116,0.020,-0.993)
INFO 2026-07-27 15:27:01.895 joltshadow - docs §32: no-contact raycast (player) wheel=3 bodyPos=(1231.97,261.71,1828.11) localMPos=(1.444,-0.244,-3.110) origin=(1234.89,261.45,1829.90) dir=(0.006,-1.000,-0.020) normalRayLen=1.225 groundFoundAt=0.000 shortfallBeyondTravel=-1.225 hitBody=8388614 hitLayer=4 hitMotion=2 hitIsSelfChassis=0
INFO 2026-07-27 15:27:01.895 joltshadow - docs §59/63: harvest (player) wheelsWithContact=4 contactPoints=22 overflow=0 (of 4) | maxNormalF=373N bound(k_t*tau)=1200N ratio=0.31
INFO 2026-07-27 15:27:01.895 joltshadow - docs §58: wheel body (player) w=0 springF=259N stopF=0N travel=-0.0299 (limits -0.1250..0.1250 rel spawn) kSusp=7500 sagPredicted=0.0346 | frameTrav=-0.0299..-0.0295 frameStopN=0
INFO 2026-07-27 15:27:01.895 joltshadow - docs §66: tyre band (player) w=0 fnGround=298N fnTotal=312N pen=0.00262 penRaw=0.00262 tau=0.01000 pen/tau=0.26 | recs tyre=4 rim=2 survived=2 stale=0 distMax=1.02R
INFO 2026-07-27 15:27:01.895 joltshadow - docs §68: steer (player) w=0 steerable=1 commanded=0.004 rad measured=-0.611 rad err=-35.22 deg steerSign=-1 steerTq=-989Nm cap=989Nm sat=1.00
INFO 2026-07-27 15:27:01.895 joltshadow - docs §70: slip (player) w=0 grounded=1 kappa=0.035 fnGround=298N omega=10.97
INFO 2026-07-27 15:27:01.896 joltshadow - docs §67: spin (player) w=0 driven=1 omega=10.97 rad/s surfaceSpeed=9.13 m/s spinSign=+1 motorTq=131Nm cmdTq=131Nm
INFO 2026-07-27 15:27:01.896 joltshadow - docs §58: wheel body (player) w=1 springF=341N stopF=0N travel=-0.0970 (limits -0.1250..0.1250 rel spawn) kSusp=3000 sagPredicted=0.1136 | frameTrav=-0.0970..-0.0957 frameStopN=0
INFO 2026-07-27 15:27:01.896 joltshadow - docs §66: tyre band (player) w=1 fnGround=373N fnTotal=380N pen=0.00312 penRaw=0.00312 tau=0.01000 pen/tau=0.31 | recs tyre=2 rim=2 survived=2 stale=0 distMax=1.00R
INFO 2026-07-27 15:27:01.896 joltshadow - docs §68: steer (player) w=1 steerable=1 commanded=0.004 rad measured=-0.611 rad err=-35.22 deg steerSign=-1 steerTq=-1217Nm cap=1217Nm sat=1.00
INFO 2026-07-27 15:27:01.896 joltshadow - docs §70: slip (player) w=1 grounded=1 kappa=0.030 fnGround=373N omega=12.39
INFO 2026-07-27 15:27:01.896 joltshadow - docs §67: spin (player) w=1 driven=1 omega=12.39 rad/s surfaceSpeed=10.31 m/s spinSign=+1 motorTq=131Nm cmdTq=131Nm
INFO 2026-07-27 15:27:01.896 joltshadow - docs §58: wheel body (player) w=2 springF=61N stopF=0N travel=-0.0203 (limits -0.1250..0.1250 rel spawn) kSusp=3000 sagPredicted=0.0202 | frameTrav=-0.0203..-0.0203 frameStopN=0
INFO 2026-07-27 15:27:01.896 joltshadow - docs §66: tyre band (player) w=2 fnGround=87N fnTotal=89N pen=0.00077 penRaw=0.00077 tau=0.01000 pen/tau=0.08 | recs tyre=4 rim=4 survived=1 stale=0 distMax=1.00R
INFO 2026-07-27 15:27:01.896 joltshadow - docs §68: steer (player) w=2 steerable=0 commanded=0.004 rad measured=0.000 rad err=-0.22 deg steerSign=-1 steerTq=0Nm cap=340282346638528859811704183484516925440Nm sat=0.00
INFO 2026-07-27 15:27:01.896 joltshadow - docs §70: slip (player) w=2 grounded=1 kappa=0.305 fnGround=87N omega=12.85
INFO 2026-07-27 15:27:01.896 joltshadow - docs §67: spin (player) w=2 driven=1 omega=12.85 rad/s surfaceSpeed=11.89 m/s spinSign=+1 motorTq=131Nm cmdTq=131Nm
INFO 2026-07-27 15:27:01.896 joltshadow - docs §58: wheel body (player) w=3 springF=238N stopF=0N travel=-0.0728 (limits -0.1250..0.1250 rel spawn) kSusp=3000 sagPredicted=0.0795 | frameTrav=-0.0728..-0.0722 frameStopN=0
INFO 2026-07-27 15:27:01.896 joltshadow - docs §66: tyre band (player) w=3 fnGround=260N fnTotal=265N pen=0.00217 penRaw=0.00217 tau=0.01000 pen/tau=0.22 | recs tyre=2 rim=2 survived=2 stale=0 distMax=1.00R
INFO 2026-07-27 15:27:01.896 joltshadow - docs §68: steer (player) w=3 steerable=0 commanded=0.004 rad measured=0.000 rad err=-0.22 deg steerSign=-1 steerTq=0Nm cap=340282346638528859811704183484516925440Nm sat=0.00
INFO 2026-07-27 15:27:01.896 joltshadow - docs §70: slip (player) w=3 grounded=1 kappa=0.027 fnGround=260N omega=11.73
INFO 2026-07-27 15:27:01.896 joltshadow - docs §67: spin (player) w=3 driven=1 omega=11.73 rad/s surfaceSpeed=10.85 m/s spinSign=+1 motorTq=131Nm cmdTq=131Nm
INFO 2026-07-27 15:27:01.896 joltshadow - docs §67: drivetrain (player) gear=1 rpm=1544 driveTorque=525Nm perWheel=131Nm driven=4 throttle=1.00 spin=1 | PRE-STEP brake=0.00 handBrake=0
INFO 2026-07-27 15:27:01.896 joltshadow - docs §66: tyre band SUM (player) fnGroundSum=1018N fnTotalSum=1047N weight=883N carried=1.19 | penSum=0.00868 recs tyre=12 rim=10 stale=0
INFO 2026-07-27 15:27:01.896 joltshadow - docs §30: REAL ODE chassis COM (player) body=335558E0 = (1231.852, 259.652, 1828.179) forward=(-0.997, -0.002, -0.072)
INFO 2026-07-27 15:27:01.896 joltshadow - docs §33: real ODE chassis geom (player) #1 = class 0 (not a transform) pos=(1231.852,259.652,1828.179) radius=5.000
INFO 2026-07-27 15:27:01.896 joltshadow - docs §33: real ODE chassis geom (player) #2 = transform, inner class=1 pos=(0.010,2.792,0.707)
INFO 2026-07-27 15:27:01.896 joltshadow - docs §33: real ODE chassis geom (player) #3 = transform, inner class=1 pos=(1.204,3.517,2.585)
INFO 2026-07-27 15:27:01.897 joltshadow - docs §33: real ODE chassis geom (player) #4 = transform, inner class=1 pos=(0.000,3.150,1.480)
INFO 2026-07-27 15:27:01.897 joltshadow - docs §33: real ODE chassis geom (player) #5 = transform, inner class=1 pos=(0.000,2.000,0.200)
INFO 2026-07-27 15:27:01.897 joltshadow - docs §33: real ODE chassis geom (player) #6 = class 0 (not a transform) pos=(1231.852,259.652,1828.179) radius=30.000
INFO 2026-07-27 15:27:01.897 joltshadow - docs §33: real ODE chassis geom (player) #7 = class 0 (not a transform) pos=(1231.852,259.652,1828.179) radius=5.000
INFO 2026-07-27 15:27:01.897 joltshadow - docs §33: real ODE chassis geom (player) #8 = class 0 (not a transform) pos=(1231.852,259.652,1828.179) radius=200.000
INFO 2026-07-27 15:27:01.897 joltshadow - docs §33: real ODE chassis (player) has 8 total geom(s) directly attached (4 transform(s)) - compare against BuildChassisCompoundShape's own part/geom count in the build log
INFO 2026-07-27 15:27:01.897 joltshadow - docs §28: REAL ODE wheel state (player) wheel=0 displacement=0.0117 range=0.250 (5% compressed, signed) foreAft=2.545 localZ=2.345 cfm=0.002000 erp=0.2500
INFO 2026-07-27 15:27:01.897 joltshadow - docs §28: REAL ODE wheel state (player) wheel=1 displacement=0.0157 range=0.250 (6% compressed, signed) foreAft=2.546 localZ=2.345 cfm=0.005000 erp=0.2500
INFO 2026-07-27 15:27:01.897 joltshadow - docs §28: REAL ODE wheel state (player) wheel=2 displacement=0.0088 range=0.250 (4% compressed, signed) foreAft=-2.910 localZ=-3.110 cfm=0.005000 erp=0.2500
INFO 2026-07-27 15:27:01.897 joltshadow - docs §28: REAL ODE wheel state (player) wheel=3 displacement=0.0153 range=0.250 (6% compressed, signed) foreAft=-2.910 localZ=-3.110 cfm=0.005000 erp=0.2500
INFO 2026-07-27 15:27:01.917 joltshadow - docs §70.1: slipdense (player) f=244 w=0 grounded=1 kappa=0.037 fnGround=299 omega=10.99 | ftGround=156N target=54.3 limit=131Nm motorNm=131 tyreNm=-133 inertia=0.86 limRot=0/1434/0 omegaPre=11.00 posN=538/153/0 susp=-0.0314 springN=259
INFO 2026-07-27 15:27:01.917 joltshadow - docs §70.1: slipdense (player) f=244 w=1 grounded=1 kappa=0.029 fnGround=394 omega=12.73 | ftGround=144N target=54.3 limit=131Nm motorNm=131 tyreNm=-118 inertia=0.86 limRot=0/1791/-578 omegaPre=12.66 posN=660/325/0 susp=-0.1046 springN=363
INFO 2026-07-27 15:27:01.918 joltshadow - docs §70.1: slipdense (player) f=244 w=2 grounded=1 kappa=0.313 fnGround=75 omega=12.75 | ftGround=134N target=54.3 limit=131Nm motorNm=131 tyreNm=-126 inertia=1.07 limRot=0/66/-5 omegaPre=12.75 posN=66/-153/0 susp=-0.0195 springN=54
INFO 2026-07-27 15:27:01.918 joltshadow - docs §70.1: slipdense (player) f=244 w=3 grounded=1 kappa=0.026 fnGround=267 omega=11.81 | ftGround=137N target=54.3 limit=131Nm motorNm=131 tyreNm=-126 inertia=1.07 limRot=0/225/1 omegaPre=11.80 posN=237/-129/0 susp=-0.0757 springN=244
INFO 2026-07-27 15:27:01.918 joltshadow - docs §78: attdense (player) f=244 joltTilt=1.25 odeTilt=0.25 upDelta=1.01 wBody=(0.05,-0.58,-0.06) |w|=0.59 grounded=4
INFO 2026-07-27 15:27:01.938 joltshadow - docs §70.1: slipdense (player) f=248 w=0 grounded=1 kappa=0.052 fnGround=269 omega=10.53 | ftGround=203N target=54.3 limit=131Nm motorNm=131 tyreNm=-175 inertia=0.86 limRot=0/387/0 omegaPre=10.74 posN=-290/-306/0 susp=-0.0327 springN=271
INFO 2026-07-27 15:27:01.938 joltshadow - docs §70.1: slipdense (player) f=248 w=1 grounded=1 kappa=0.030 fnGround=416 omega=13.01 | ftGround=156N target=54.3 limit=131Nm motorNm=131 tyreNm=-128 inertia=0.86 limRot=0/1971/-256 omegaPre=12.97 posN=745/327/0 susp=-0.1114 springN=378
INFO 2026-07-27 15:27:01.938 joltshadow - docs §70.1: slipdense (player) f=248 w=2 grounded=0 kappa=0.000 fnGround=0 omega=13.12 | ftGround=0N target=54.3 limit=131Nm motorNm=131 tyreNm=0 inertia=1.07 limRot=0/5/-0 omegaPre=12.86 posN=-32/11/0 susp=-0.0185 springN=42
INFO 2026-07-27 15:27:01.938 joltshadow - docs §70.1: slipdense (player) f=248 w=3 grounded=1 kappa=0.027 fnGround=270 omega=11.90 | ftGround=140N target=54.3 limit=131Nm motorNm=131 tyreNm=-130 inertia=1.07 limRot=0/231/-2 omegaPre=11.88 posN=217/-142/0 susp=-0.0782 springN=247
INFO 2026-07-27 15:27:01.938 joltshadow - docs §78: attdense (player) f=248 joltTilt=1.33 odeTilt=0.26 upDelta=1.09 wBody=(0.05,-0.63,-0.05) |w|=0.63 grounded=3
INFO 2026-07-27 15:27:01.958 joltshadow - docs §70.1: slipdense (player) f=252 w=0 grounded=1 kappa=0.031 fnGround=262 omega=10.27 | ftGround=119N target=54.3 limit=131Nm motorNm=131 tyreNm=-102 inertia=0.86 limRot=0/-1136/0 omegaPre=10.15 posN=-513/-67/0 susp=-0.0339 springN=281
INFO 2026-07-27 15:27:01.958 joltshadow - docs §70.1: slipdense (player) f=252 w=1 grounded=1 kappa=0.034 fnGround=420 omega=12.87 | ftGround=170N target=54.3 limit=131Nm motorNm=131 tyreNm=-139 inertia=0.86 limRot=0/2060/0 omegaPre=12.92 posN=770/307/0 susp=-0.1169 springN=387
INFO 2026-07-27 15:27:01.958 joltshadow - docs §70.1: slipdense (player) f=252 w=2 grounded=1 kappa=0.353 fnGround=66 omega=13.26 | ftGround=129N target=54.3 limit=131Nm motorNm=131 tyreNm=-127 inertia=1.07 limRot=0/31/-9 omegaPre=13.29 posN=-8/-123/0 susp=-0.0167 springN=47
INFO 2026-07-27 15:27:01.958 joltshadow - docs §70.1: slipdense (player) f=252 w=3 grounded=1 kappa=0.028 fnGround=267 omega=11.83 | ftGround=146N target=54.3 limit=131Nm motorNm=131 tyreNm=-136 inertia=1.07 limRot=0/90/-4 omegaPre=11.85 posN=56/-158/0 susp=-0.0795 springN=246
INFO 2026-07-27 15:27:01.958 joltshadow - docs §78: attdense (player) f=252 joltTilt=1.38 odeTilt=0.25 upDelta=1.15 wBody=(0.05,-0.55,-0.02) |w|=0.55 grounded=4
INFO 2026-07-27 15:27:01.979 joltshadow - docs §70.1: slipdense (player) f=256 w=0 grounded=1 kappa=0.029 fnGround=268 omega=11.47 | ftGround=127N target=54.3 limit=131Nm motorNm=131 tyreNm=-109 inertia=0.86 limRot=0/-350/0 omegaPre=11.24 posN=-541/-100/0 susp=-0.0355 springN=295
INFO 2026-07-27 15:27:01.979 joltshadow - docs §70.1: slipdense (player) f=256 w=1 grounded=1 kappa=0.028 fnGround=426 omega=12.92 | ftGround=140N target=54.3 limit=131Nm motorNm=131 tyreNm=-114 inertia=0.86 limRot=0/1966/0 omegaPre=12.83 posN=795/270/0 susp=-0.1215 springN=392
INFO 2026-07-27 15:27:01.979 joltshadow - docs §70.1: slipdense (player) f=256 w=2 grounded=1 kappa=0.368 fnGround=71 omega=13.47 | ftGround=140N target=54.3 limit=131Nm motorNm=131 tyreNm=-136 inertia=1.07 limRot=0/22/-8 omegaPre=13.47 posN=18/-146/0 susp=-0.0160 springN=45
INFO 2026-07-27 15:27:01.979 joltshadow - docs §70.1: slipdense (player) f=256 w=3 grounded=1 kappa=0.027 fnGround=262 omega=11.78 | ftGround=140N target=54.3 limit=131Nm motorNm=131 tyreNm=-129 inertia=1.07 limRot=0/55/-3 omegaPre=11.78 posN=55/-136/0 susp=-0.0801 springN=243
INFO 2026-07-27 15:27:01.979 joltshadow - docs §78: attdense (player) f=256 joltTilt=1.41 odeTilt=0.23 upDelta=1.19 wBody=(0.05,-0.52,-0.00) |w|=0.52 grounded=4
INFO 2026-07-27 15:27:02.013 joltshadow - docs §70.1: slipdense (player) f=260 w=0 grounded=1 kappa=0.037 fnGround=303 omega=11.93 | ftGround=133N target=54.3 limit=131Nm motorNm=131 tyreNm=-113 inertia=0.86 limRot=0/-482/0 omegaPre=11.65 posN=-493/-97/0 susp=-0.0382 springN=328
INFO 2026-07-27 15:27:02.013 joltshadow - docs §70.1: slipdense (player) f=260 w=1 grounded=1 kappa=0.037 fnGround=497 omega=12.75 | ftGround=146N target=54.3 limit=131Nm motorNm=131 tyreNm=-117 inertia=0.86 limRot=0/-1352/0 omegaPre=12.69 posN=-861/-70/113 susp=-0.1251 springN=375
INFO 2026-07-27 15:27:02.013 joltshadow - docs §70.1: slipdense (player) f=260 w=2 grounded=1 kappa=0.312 fnGround=66 omega=13.51 | ftGround=129N target=54.3 limit=131Nm motorNm=131 tyreNm=-125 inertia=1.07 limRot=0/-20/-13 omegaPre=13.48 posN=-70/-92/0 susp=-0.0163 springN=55
INFO 2026-07-27 15:27:02.013 joltshadow - docs §70.1: slipdense (player) f=260 w=3 grounded=1 kappa=0.037 fnGround=240 omega=11.78 | ftGround=153N target=54.3 limit=131Nm motorNm=131 tyreNm=-141 inertia=1.07 limRot=0/-75/-9 omegaPre=11.79 posN=-129/-177/0 susp=-0.0793 springN=226
INFO 2026-07-27 15:27:02.013 joltshadow - docs §78: attdense (player) f=260 joltTilt=1.38 odeTilt=0.22 upDelta=1.17 wBody=(0.03,-0.33,0.06) |w|=0.34 grounded=4
INFO 2026-07-27 15:27:02.020 joltshadow - docs §82: resync (player) #2 dt=0.50s upMax=1.199 deg posMax=0.779 m odeTiltPath=0.222 deg gain=5.4114
INFO 2026-07-27 15:27:02.021 joltshadow - docs §87: resync landing (player) w=0 pre=-0.0022 post=-0.0094 m R=0.832 dY=-0.0441 dRotDeg=6.35 |corr|=0.7792 m
INFO 2026-07-27 15:27:02.021 joltshadow - docs §87: resync landing (player) w=1 pre=-0.0043 post=-0.0068 m R=0.832 dY=-0.0441 dRotDeg=6.35 |corr|=0.7792 m
INFO 2026-07-27 15:27:02.021 joltshadow - docs §87: resync landing (player) w=2 pre=-0.0001 post=-0.0019 m R=0.925 dY=-0.0441 dRotDeg=6.35 |corr|=0.7792 m
INFO 2026-07-27 15:27:02.021 joltshadow - docs §87: resync landing (player) w=3 pre=-0.0020 post=-0.0101 m R=0.925 dY=-0.0441 dRotDeg=6.35 |corr|=0.7792 m
INFO 2026-07-27 15:27:02.021 joltshadow - docs §82: resync RESIDUAL (player) #2 pos=0.0000 m up=0.0000 deg
INFO 2026-07-27 15:27:02.045 joltshadow - docs §70.1: slipdense (player) f=264 w=0 grounded=1 kappa=0.029 fnGround=776 omega=16.47 | ftGround=167N target=54.3 limit=131Nm motorNm=131 tyreNm=-127 inertia=0.86 limRot=0/80/0 omegaPre=16.37 posN=96/-157/0 susp=-0.1136 springN=751
INFO 2026-07-27 15:27:02.046 joltshadow - docs §70.1: slipdense (player) f=264 w=1 grounded=1 kappa=0.028 fnGround=521 omega=16.30 | ftGround=161N target=54.3 limit=131Nm motorNm=131 tyreNm=-132 inertia=0.86 limRot=0/-18/0 omegaPre=16.26 posN=-68/-149/112 susp=-0.1251 springN=375
INFO 2026-07-27 15:27:02.046 joltshadow - docs §70.1: slipdense (player) f=264 w=2 grounded=1 kappa=0.024 fnGround=301 omega=14.66 | ftGround=139N target=54.3 limit=131Nm motorNm=131 tyreNm=-126 inertia=1.07 limRot=0/-45/-9 omegaPre=14.60 posN=-14/-131/0 susp=-0.1038 springN=277
INFO 2026-07-27 15:27:02.046 joltshadow - docs §70.1: slipdense (player) f=264 w=3 grounded=1 kappa=0.025 fnGround=342 omega=14.56 | ftGround=145N target=54.3 limit=131Nm motorNm=131 tyreNm=-129 inertia=1.07 limRot=0/-30/-0 omegaPre=14.79 posN=-18/-127/0 susp=-0.1073 springN=269
INFO 2026-07-27 15:27:02.046 joltshadow - docs §78: attdense (player) f=264 joltTilt=0.20 odeTilt=0.23 upDelta=0.02 wBody=(-0.02,0.04,0.01) |w|=0.04 grounded=4
INFO 2026-07-27 15:27:02.073 joltshadow - docs §70.1: slipdense (player) f=268 w=0 grounded=1 kappa=0.015 fnGround=624 omega=16.36 | ftGround=103N target=90.5 limit=78Nm motorNm=78 tyreNm=-77 inertia=0.86 limRot=0/50/0 omegaPre=16.35 posN=53/-96/0 susp=-0.1034 springN=600
INFO 2026-07-27 15:27:02.073 joltshadow - docs §70.1: slipdense (player) f=268 w=1 grounded=1 kappa=0.014 fnGround=323 omega=16.24 | ftGround=94N target=90.5 limit=78Nm motorNm=78 tyreNm=-74 inertia=0.86 limRot=0/27/0 omegaPre=16.21 posN=28/-84/0 susp=-0.1164 springN=283
INFO 2026-07-27 15:27:02.074 joltshadow - docs §70.1: slipdense (player) f=268 w=2 grounded=1 kappa=0.015 fnGround=237 omega=14.65 | ftGround=82N target=90.5 limit=78Nm motorNm=78 tyreNm=-74 inertia=1.07 limRot=0/-16/-4 omegaPre=14.63 posN=4/-76/0 susp=-0.0947 springN=215
INFO 2026-07-27 15:27:02.074 joltshadow - docs §70.1: slipdense (player) f=268 w=3 grounded=1 kappa=0.014 fnGround=261 omega=14.58 | ftGround=84N target=90.5 limit=78Nm motorNm=78 tyreNm=-74 inertia=1.07 limRot=0/-2/0 omegaPre=14.56 posN=4/-73/0 susp=-0.0986 springN=236
INFO 2026-07-27 15:27:02.074 joltshadow - docs §78: attdense (player) f=268 joltTilt=0.20 odeTilt=0.26 upDelta=0.07 wBody=(-0.01,0.02,-0.02) |w|=0.03 grounded=4
INFO 2026-07-27 15:27:02.100 joltshadow - docs §70.1: slipdense (player) f=272 w=0 grounded=1 kappa=0.015 fnGround=474 omega=16.41 | ftGround=100N target=90.5 limit=78Nm motorNm=78 tyreNm=-76 inertia=0.86 limRot=0/2/0 omegaPre=16.39 posN=24/-92/0 susp=-0.0890 springN=450
INFO 2026-07-27 15:27:02.100 joltshadow - docs §70.1: slipdense (player) f=272 w=1 grounded=1 kappa=0.016 fnGround=266 omega=16.38 | ftGround=94N target=90.5 limit=78Nm motorNm=78 tyreNm=-74 inertia=0.86 limRot=0/3/0 omegaPre=16.34 posN=7/-86/0 susp=-0.1039 springN=240
INFO 2026-07-27 15:27:02.100 joltshadow - docs §70.1: slipdense (player) f=272 w=2 grounded=1 kappa=0.020 fnGround=174 omega=14.78 | ftGround=79N target=90.5 limit=78Nm motorNm=78 tyreNm=-71 inertia=1.07 limRot=0/-5/-4 omegaPre=14.74 posN=6/-72/0 susp=-0.0802 springN=151
INFO 2026-07-27 15:27:02.100 joltshadow - docs §70.1: slipdense (player) f=272 w=3 grounded=1 kappa=0.017 fnGround=212 omega=14.73 | ftGround=81N target=90.5 limit=78Nm motorNm=78 tyreNm=-73 inertia=1.07 limRot=0/5/0 omegaPre=14.69 posN=7/-73/0 susp=-0.0867 springN=189
INFO 2026-07-27 15:27:02.100 joltshadow - docs §78: attdense (player) f=272 joltTilt=0.24 odeTilt=0.30 upDelta=0.09 wBody=(-0.00,0.00,-0.04) |w|=0.04 grounded=4
INFO 2026-07-27 15:27:02.123 joltshadow - docs §70.1: slipdense (player) f=276 w=0 grounded=1 kappa=0.015 fnGround=357 omega=16.47 | ftGround=97N target=90.5 limit=78Nm motorNm=78 tyreNm=-76 inertia=0.86 limRot=0/43/0 omegaPre=16.46 posN=-8/-90/0 susp=-0.0745 springN=335
INFO 2026-07-27 15:27:02.123 joltshadow - docs §70.1: slipdense (player) f=276 w=1 grounded=1 kappa=0.018 fnGround=229 omega=16.49 | ftGround=93N target=90.5 limit=78Nm motorNm=78 tyreNm=-74 inertia=0.86 limRot=0/16/0 omegaPre=16.47 posN=18/-85/0 susp=-0.0923 springN=206
INFO 2026-07-27 15:27:02.124 joltshadow - docs §70.1: slipdense (player) f=276 w=2 grounded=1 kappa=0.027 fnGround=124 omega=14.96 | ftGround=75N target=90.5 limit=78Nm motorNm=78 tyreNm=-68 inertia=1.07 limRot=0/-6/-3 omegaPre=14.91 posN=1/-69/0 susp=-0.0653 springN=102
INFO 2026-07-27 15:27:02.124 joltshadow - docs §70.1: slipdense (player) f=276 w=3 grounded=1 kappa=0.020 fnGround=178 omega=14.85 | ftGround=81N target=90.5 limit=78Nm motorNm=78 tyreNm=-73 inertia=1.07 limRot=0/0/0 omegaPre=14.82 posN=2/-74/0 susp=-0.0752 springN=155
INFO 2026-07-27 15:27:02.124 joltshadow - docs §78: attdense (player) f=276 joltTilt=0.31 odeTilt=0.31 upDelta=0.08 wBody=(-0.00,0.00,-0.05) |w|=0.05 grounded=4
INFO 2026-07-27 15:27:02.144 joltshadow - docs §70.1: slipdense (player) f=280 w=0 grounded=1 kappa=0.015 fnGround=280 omega=16.54 | ftGround=94N target=90.5 limit=78Nm motorNm=78 tyreNm=-75 inertia=0.86 limRot=0/-15/0 omegaPre=16.51 posN=14/-88/0 susp=-0.0620 springN=255
INFO 2026-07-27 15:27:02.144 joltshadow - docs §70.1: slipdense (player) f=280 w=1 grounded=1 kappa=0.020 fnGround=207 omega=16.60 | ftGround=92N target=90.5 limit=78Nm motorNm=78 tyreNm=-74 inertia=0.86 limRot=0/-21/0 omegaPre=16.57 posN=14/-85/0 susp=-0.0829 springN=184
INFO 2026-07-27 15:27:02.144 joltshadow - docs §70.1: slipdense (player) f=280 w=2 grounded=1 kappa=0.037 fnGround=92 omega=15.16 | ftGround=73N target=90.5 limit=78Nm motorNm=78 tyreNm=-67 inertia=1.07 limRot=0/-2/-3 omegaPre=15.11 posN=2/-67/0 susp=-0.0525 springN=70
INFO 2026-07-27 15:27:02.144 joltshadow - docs §70.1: slipdense (player) f=280 w=3 grounded=1 kappa=0.023 fnGround=160 omega=14.95 | ftGround=82N target=90.5 limit=78Nm motorNm=78 tyreNm=-74 inertia=1.07 limRot=0/2/0 omegaPre=14.93 posN=4/-74/0 susp=-0.0659 springN=135
INFO 2026-07-27 15:27:02.144 joltshadow - docs §78: attdense (player) f=280 joltTilt=0.37 odeTilt=0.31 upDelta=0.11 wBody=(-0.00,0.00,-0.06) |w|=0.06 grounded=4
INFO 2026-07-27 15:27:02.164 joltshadow - docs §70.1: slipdense (player) f=284 w=0 grounded=1 kappa=0.019 fnGround=207 omega=16.66 | ftGround=90N target=90.5 limit=78Nm motorNm=78 tyreNm=-73 inertia=0.86 limRot=0/37/0 omegaPre=16.63 posN=50/-84/0 susp=-0.0511 springN=188
INFO 2026-07-27 15:27:02.164 joltshadow - docs §70.1: slipdense (player) f=284 w=1 grounded=1 kappa=0.021 fnGround=193 omega=16.69 | ftGround=93N target=90.5 limit=78Nm motorNm=78 tyreNm=-75 inertia=0.86 limRot=0/36/0 omegaPre=16.67 posN=-25/-86/0 susp=-0.0748 springN=169
INFO 2026-07-27 15:27:02.164 joltshadow - docs §70.1: slipdense (player) f=284 w=2 grounded=1 kappa=0.047 fnGround=72 omega=15.37 | ftGround=70N target=90.5 limit=78Nm motorNm=78 tyreNm=-65 inertia=1.07 limRot=0/-1/-2 omegaPre=15.32 posN=2/-65/0 susp=-0.0414 springN=49
INFO 2026-07-27 15:27:02.165 joltshadow - docs §70.1: slipdense (player) f=284 w=3 grounded=1 kappa=0.025 fnGround=141 omega=15.05 | ftGround=79N target=90.5 limit=78Nm motorNm=78 tyreNm=-71 inertia=1.07 limRot=0/3/0 omegaPre=15.03 posN=4/-72/0 susp=-0.0581 springN=122
INFO 2026-07-27 15:27:02.165 joltshadow - docs §78: attdense (player) f=284 joltTilt=0.44 odeTilt=0.31 upDelta=0.17 wBody=(-0.00,-0.00,-0.06) |w|=0.06 grounded=4
INFO 2026-07-27 15:27:02.190 joltshadow - docs §70.1: slipdense (player) f=288 w=0 grounded=1 kappa=0.024 fnGround=167 omega=16.82 | ftGround=91N target=90.5 limit=78Nm motorNm=78 tyreNm=-74 inertia=0.86 limRot=0/93/0 omegaPre=16.78 posN=137/-80/0 susp=-0.0393 springN=142
INFO 2026-07-27 15:27:02.190 joltshadow - docs §70.1: slipdense (player) f=288 w=1 grounded=1 kappa=0.023 fnGround=181 omega=16.79 | ftGround=93N target=90.5 limit=78Nm motorNm=78 tyreNm=-75 inertia=0.86 limRot=0/-33/0 omegaPre=16.77 posN=-101/-84/0 susp=-0.0667 springN=160
INFO 2026-07-27 15:27:02.190 joltshadow - docs §70.1: slipdense (player) f=288 w=2 grounded=1 kappa=0.064 fnGround=55 omega=15.70 | ftGround=67N target=90.5 limit=78Nm motorNm=78 tyreNm=-62 inertia=1.07 limRot=0/0/-2 omegaPre=15.62 posN=2/-61/0 susp=-0.0301 springN=33
INFO 2026-07-27 15:27:02.190 joltshadow - docs §70.1: slipdense (player) f=288 w=3 grounded=1 kappa=0.027 fnGround=139 omega=15.15 | ftGround=82N target=90.5 limit=78Nm motorNm=78 tyreNm=-75 inertia=1.07 limRot=0/5/-0 omegaPre=15.13 posN=5/-76/0 susp=-0.0506 springN=116
INFO 2026-07-27 15:27:02.190 joltshadow - docs §78: attdense (player) f=288 joltTilt=0.51 odeTilt=0.29 upDelta=0.27 wBody=(-0.01,-0.00,-0.05) |w|=0.05 grounded=4
INFO 2026-07-27 15:27:02.224 joltshadow - docs §70.1: slipdense (player) f=292 w=0 grounded=1 kappa=0.035 fnGround=151 omega=16.76 | ftGround=114N target=90.5 limit=78Nm motorNm=78 tyreNm=-93 inertia=0.86 limRot=0/304/0 omegaPre=16.86 posN=306/-46/0 susp=-0.0283 springN=126
INFO 2026-07-27 15:27:02.224 joltshadow - docs §70.1: slipdense (player) f=292 w=1 grounded=1 kappa=0.029 fnGround=180 omega=16.66 | ftGround=117N target=90.5 limit=78Nm motorNm=78 tyreNm=-95 inertia=0.86 limRot=0/-227/0 omegaPre=16.78 posN=-334/-62/0 susp=-0.0599 springN=161
INFO 2026-07-27 15:27:02.224 joltshadow - docs §70.1: slipdense (player) f=292 w=2 grounded=1 kappa=0.085 fnGround=52 omega=16.09 | ftGround=75N target=90.5 limit=78Nm motorNm=78 tyreNm=-69 inertia=1.07 limRot=0/1/-2 omegaPre=16.02 posN=-6/-67/0 susp=-0.0201 springN=29
INFO 2026-07-27 15:27:02.224 joltshadow - docs §70.1: slipdense (player) f=292 w=3 grounded=1 kappa=0.027 fnGround=143 omega=15.24 | ftGround=84N target=90.5 limit=78Nm motorNm=78 tyreNm=-77 inertia=1.07 limRot=0/5/-1 omegaPre=15.23 posN=-2/-83/0 susp=-0.0447 springN=121
INFO 2026-07-27 15:27:02.224 joltshadow - docs §78: attdense (player) f=292 joltTilt=0.59 odeTilt=0.27 upDelta=0.39 wBody=(-0.00,-0.00,-0.04) |w|=0.04 grounded=4
INFO 2026-07-27 15:27:02.254 joltshadow - docs §70.1: slipdense (player) f=296 w=0 grounded=1 kappa=0.067 fnGround=184 omega=14.36 | ftGround=197N target=90.5 limit=78Nm motorNm=78 tyreNm=-163 inertia=0.86 limRot=0/522/-491 omegaPre=15.24 posN=374/20/0 susp=-0.0237 springN=154
INFO 2026-07-27 15:27:02.254 joltshadow - docs §70.1: slipdense (player) f=296 w=1 grounded=1 kappa=0.050 fnGround=197 omega=14.16 | ftGround=180N target=90.5 limit=78Nm motorNm=78 tyreNm=-148 inertia=0.86 limRot=0/-257/-622 omegaPre=15.18 posN=-389/57/0 susp=-0.0582 springN=176
INFO 2026-07-27 15:27:02.254 joltshadow - docs §70.1: slipdense (player) f=296 w=2 grounded=1 kappa=0.086 fnGround=58 omega=16.19 | ftGround=84N target=90.5 limit=78Nm motorNm=78 tyreNm=-78 inertia=1.07 limRot=0/-1/-2 omegaPre=16.20 posN=-2/-83/0 susp=-0.0157 springN=35
INFO 2026-07-27 15:27:02.254 joltshadow - docs §70.1: slipdense (player) f=296 w=3 grounded=1 kappa=0.027 fnGround=148 omega=15.31 | ftGround=90N target=90.5 limit=78Nm motorNm=78 tyreNm=-82 inertia=1.07 limRot=0/1/-1 omegaPre=15.27 posN=-1/-90/0 susp=-0.0430 springN=127
INFO 2026-07-27 15:27:02.254 joltshadow - docs §78: attdense (player) f=296 joltTilt=0.65 odeTilt=0.26 upDelta=0.45 wBody=(0.01,0.01,-0.02) |w|=0.03 grounded=4
INFO 2026-07-27 15:27:02.270 testharness - Auto-load: CMiracle3d this=00E14990 vtable=009C66A8, loading 'data\profiles\�����\saves\00000009\maps'
INFO 2026-07-27 15:27:04.131 jolt - Jolt: exported landscape heightfield as a static body (1025x1025 samples, 8.0 world units/cell, height range [0.0, 702.9])
INFO 2026-07-27 15:27:05.270 jolt - Jolt: exported roads as a static body (1931/2019 nodes, 99678 verts, 96713 tris, 88 skipped)
INFO 2026-07-27 15:27:07.755 testharness - Auto-load: LoadSavedGame returned 1
INFO 2026-07-27 15:27:07.755 joltshadow - Shadow: compound chassis shape built - 4 part(s), 4 geom(s) (4 box, 0 sphere, 0 capsule, 0 skipped)
INFO 2026-07-27 15:27:07.755 joltshadow - docs §93: chassis inertia (player) mass=167.0 | JOLT(compound) = (1285.8, 968.4, 552.7) | ODE(box 3.50x2.50x9.00) = (1214.2, 1297.7, 257.5) | ratio = (1.06, 0.75, 2.15)
INFO 2026-07-27 15:27:07.755 joltshadow - docs §54 axis-audit (player) w=0: axis1_local=(0.000,1.000,-0.000) vs assumedSusp -> 0.00 deg | axis2_local=(-1.000,-0.001,-0.001) vs assumedAxle -> 0.06 deg | axis1^axis2 off-perp 0.04 deg || kSusp=6000 N/m cSusp=300 Ns/m range=1.000 R=0.727 mWheel=11.0 driven=1 steer=1
INFO 2026-07-27 15:27:07.756 joltshadow - docs §54 axis-audit (player) w=1: axis1_local=(0.000,1.000,-0.000) vs assumedSusp -> 0.00 deg | axis2_local=(-1.000,0.000,0.001) vs assumedAxle -> 0.04 deg | axis1^axis2 off-perp 0.02 deg || kSusp=6000 N/m cSusp=300 Ns/m range=1.000 R=0.727 mWheel=11.0 driven=1 steer=1
INFO 2026-07-27 15:27:07.756 joltshadow - docs §54 axis-audit (player) w=2: axis1_local=(0.000,1.000,-0.000) vs assumedSusp -> 0.00 deg | axis2_local=(-1.000,0.000,-0.000) vs assumedAxle -> 0.03 deg | axis1^axis2 off-perp 0.03 deg || kSusp=7500 N/m cSusp=375 Ns/m range=1.000 R=0.727 mWheel=11.0 driven=1 steer=0
INFO 2026-07-27 15:27:07.756 joltshadow - docs §54 axis-audit (player) w=3: axis1_local=(0.000,1.000,-0.000) vs assumedSusp -> 0.00 deg | axis2_local=(-1.000,-0.000,-0.000) vs assumedAxle -> 0.03 deg | axis1^axis2 off-perp 0.02 deg || kSusp=7500 N/m cSusp=375 Ns/m range=1.000 R=0.727 mWheel=11.0 driven=1 steer=0
INFO 2026-07-27 15:27:07.756 joltshadow - docs §54 axis-audit SUMMARY (player): worst susp 0.00 deg, worst axle (unsteered only) 0.03 deg, worst off-perp 0.04 deg -> convention CONFIRMED
INFO 2026-07-27 15:27:07.756 joltshadow - Shadow (player): wheelmodel APPLY mode - VehicleConstraint built but NOT simulated; chassis driven by wheelmodel_core (4 wheels)
INFO 2026-07-27 15:27:07.756 joltshadow - docs §75: constraint frame (player) w=0 axle.fwd=+0.0000 (0.00 deg off perpendicular) | anchorOffsetFromWheelCentre=0.0500 m (restLen)
INFO 2026-07-27 15:27:07.756 joltshadow - docs §75: constraint frame (player) w=1 axle.fwd=+0.0000 (0.00 deg off perpendicular) | anchorOffsetFromWheelCentre=0.0500 m (restLen)
INFO 2026-07-27 15:27:07.756 joltshadow - docs §75: constraint frame (player) w=2 axle.fwd=+0.0000 (0.00 deg off perpendicular) | anchorOffsetFromWheelCentre=0.0500 m (restLen)
INFO 2026-07-27 15:27:07.756 joltshadow - docs §75: constraint frame (player) w=3 axle.fwd=+0.0000 (0.00 deg off perpendicular) | anchorOffsetFromWheelCentre=0.0500 m (restLen)
INFO 2026-07-27 15:27:07.756 joltshadow - docs §58 (player): mode 4 - built 4 wheel bodies + SixDOF constraints (chassisMass=167.0, massFloor=4.18) | docs §95.4 wheelMass=44.0 chassisMassFinal=123.0 total=167.0
INFO 2026-07-27 15:27:07.756 joltshadow - Shadow vehicle #2 built (player): 4 wheels (2 driven axle(s)), mass=167.0, chassis=3.50x2.50x9.00, susp_mult=1.00x/damp=1.00, friction=0.93/1.00
INFO 2026-07-27 15:27:07.756 joltshadow - Shadow: compound chassis shape built - 4 part(s), 4 geom(s) (4 box, 0 sphere, 0 capsule, 0 skipped)
INFO 2026-07-27 15:27:07.756 joltshadow - Shadow: compound chassis shape built - 4 part(s), 4 geom(s) (4 box, 0 sphere, 0 capsule, 0 skipped)
INFO 2026-07-27 15:27:07.756 joltshadow - Shadow: compound chassis shape built - 3 part(s), 3 geom(s) (3 box, 0 sphere, 0 capsule, 0 skipped)
INFO 2026-07-27 15:27:07.756 joltshadow - Shadow: compound chassis shape built - 4 part(s), 4 geom(s) (4 box, 0 sphere, 0 capsule, 0 skipped)
INFO 2026-07-27 15:27:07.756 joltshadow - Shadow: compound chassis shape built - 4 part(s), 4 geom(s) (4 box, 0 sphere, 0 capsule, 0 skipped)
INFO 2026-07-27 15:27:07.756 joltshadow - Shadow: compound chassis shape built - 4 part(s), 4 geom(s) (4 box, 0 sphere, 0 capsule, 0 skipped)
INFO 2026-07-27 15:27:07.756 joltshadow - Shadow: compound chassis shape built - 4 part(s), 4 geom(s) (4 box, 0 sphere, 0 capsule, 0 skipped)
INFO 2026-07-27 15:27:07.756 joltshadow - Shadow: compound chassis shape built - 5 part(s), 5 geom(s) (5 box, 0 sphere, 0 capsule, 0 skipped)
INFO 2026-07-27 15:27:07.757 joltshadow - [jolt_profile] ode_step_avg_ms=0.29 jolt_total_avg_ms=1.13 | physics_update_avg_ms=0.96 wheelmodel_avg_ms=0.01 mirror_avg_ms=0.01 applyvehicle_avg_ms=0.00 applyvehicle_calls_per_frame=0.00 | contact_pairs_per_frame=120.6 contact_points_per_frame=120.6 active_bodies_per_frame=5.0 substeps_per_frame=5.48 | frames=299
INFO 2026-07-27 15:27:07.759 testharness - God mode: applying to player vehicle 4B917D20
INFO 2026-07-27 15:27:07.759 testharness - perf: fps=40.7 avg_frame_ms=24.580 min_ms=2.166 max_ms=5493.836 frames=298 window=7.3s
INFO 2026-07-27 15:27:07.829 joltshadow - docs §70.1: slipdense (player) f=4 w=0 grounded=1 kappa=-0.054 fnGround=47 omega=-0.07 | ftGround=-52N target=0.0 limit=1192Nm motorNm=-37 tyreNm=37 inertia=2.91 limRot=0/-0/0 omegaPre=-0.07 posN=-0/37/0 susp=-0.0530 springN=200
INFO 2026-07-27 15:27:07.830 joltshadow - docs §70.1: slipdense (player) f=4 w=1 grounded=1 kappa=-0.054 fnGround=49 omega=-0.07 | ftGround=-54N target=0.0 limit=1192Nm motorNm=-38 tyreNm=39 inertia=2.91 limRot=0/-0/0 omegaPre=-0.07 posN=-0/39/0 susp=-0.0526 springN=196
INFO 2026-07-27 15:27:07.830 joltshadow - docs §70.1: slipdense (player) f=4 w=2 grounded=1 kappa=-0.051 fnGround=353 omega=-0.07 | ftGround=-53N target=0.0 limit=1889Nm motorNm=-37 tyreNm=38 inertia=2.91 limRot=0/-0/-0 omegaPre=-0.07 posN=-1/37/0 susp=-0.0639 springN=511
INFO 2026-07-27 15:27:07.830 joltshadow - docs §70.1: slipdense (player) f=4 w=3 grounded=1 kappa=-0.052 fnGround=344 omega=-0.07 | ftGround=-53N target=0.0 limit=1840Nm motorNm=-37 tyreNm=38 inertia=2.91 limRot=0/-0/-0 omegaPre=-0.07 posN=-1/37/0 susp=-0.0635 springN=506
INFO 2026-07-27 15:27:07.830 joltshadow - docs §78: attdense (player) f=4 joltTilt=0.18 odeTilt=0.00 upDelta=0.17 wBody=(-0.07,-0.00,-0.00) |w|=0.07 grounded=4
INFO 2026-07-27 15:27:07.866 joltshadow - docs §70.1: slipdense (player) f=8 w=0 grounded=1 kappa=0.002 fnGround=212 omega=-0.05 | ftGround=2N target=0.0 limit=1192Nm motorNm=2 tyreNm=-1 inertia=2.91 limRot=0/-0/0 omegaPre=-0.06 posN=-0/-3/0 susp=-0.0363 springN=90
INFO 2026-07-27 15:27:07.867 joltshadow - docs §70.1: slipdense (player) f=8 w=1 grounded=1 kappa=0.002 fnGround=212 omega=-0.05 | ftGround=2N target=0.0 limit=1192Nm motorNm=2 tyreNm=-1 inertia=2.91 limRot=0/-0/0 omegaPre=-0.06 posN=-0/-3/0 susp=-0.0359 springN=89
INFO 2026-07-27 15:27:07.867 joltshadow - docs §70.1: slipdense (player) f=8 w=2 grounded=1 kappa=0.004 fnGround=477 omega=-0.05 | ftGround=4N target=0.0 limit=1340Nm motorNm=4 tyreNm=-3 inertia=2.91 limRot=0/-0/-0 omegaPre=-0.06 posN=-0/-6/0 susp=-0.0582 springN=362
INFO 2026-07-27 15:27:07.867 joltshadow - docs §70.1: slipdense (player) f=8 w=3 grounded=1 kappa=0.004 fnGround=476 omega=-0.05 | ftGround=4N target=0.0 limit=1340Nm motorNm=4 tyreNm=-3 inertia=2.91 limRot=0/-0/-0 omegaPre=-0.06 posN=-0/-6/0 susp=-0.0578 springN=361
INFO 2026-07-27 15:27:07.867 joltshadow - docs §78: attdense (player) f=8 joltTilt=0.30 odeTilt=0.02 upDelta=0.27 wBody=(-0.05,0.00,-0.00) |w|=0.05 grounded=4
INFO 2026-07-27 15:27:07.907 joltshadow - docs §70.1: slipdense (player) f=12 w=0 grounded=1 kappa=0.020 fnGround=163 omega=-0.03 | ftGround=16N target=0.0 limit=1192Nm motorNm=13 tyreNm=-12 inertia=2.91 limRot=0/0/0 omegaPre=-0.04 posN=0/-14/0 susp=-0.0228 springN=61
INFO 2026-07-27 15:27:07.907 joltshadow - docs §70.1: slipdense (player) f=12 w=1 grounded=1 kappa=0.020 fnGround=166 omega=-0.03 | ftGround=16N target=0.0 limit=1192Nm motorNm=13 tyreNm=-12 inertia=2.91 limRot=0/0/0 omegaPre=-0.04 posN=0/-14/0 susp=-0.0228 springN=61
INFO 2026-07-27 15:27:07.907 joltshadow - docs §70.1: slipdense (player) f=12 w=2 grounded=1 kappa=0.022 fnGround=466 omega=-0.03 | ftGround=18N target=0.0 limit=1357Nm motorNm=15 tyreNm=-13 inertia=2.91 limRot=0/-0/-0 omegaPre=-0.04 posN=-0/-18/0 susp=-0.0523 springN=358
INFO 2026-07-27 15:27:07.907 joltshadow - docs §70.1: slipdense (player) f=12 w=3 grounded=1 kappa=0.022 fnGround=465 omega=-0.03 | ftGround=18N target=0.0 limit=1355Nm motorNm=15 tyreNm=-13 inertia=2.91 limRot=0/-0/-0 omegaPre=-0.04 posN=-0/-18/0 susp=-0.0523 springN=358
INFO 2026-07-27 15:27:07.907 joltshadow - docs §78: attdense (player) f=12 joltTilt=0.40 odeTilt=0.04 upDelta=0.36 wBody=(-0.03,0.00,-0.00) |w|=0.03 grounded=4
INFO 2026-07-27 15:27:07.940 joltshadow - docs §70.1: slipdense (player) f=16 w=0 grounded=1 kappa=0.021 fnGround=171 omega=-0.02 | ftGround=22N target=0.0 limit=1192Nm motorNm=17 tyreNm=-16 inertia=2.91 limRot=0/0/0 omegaPre=-0.02 posN=0/-19/0 susp=-0.0168 springN=67
INFO 2026-07-27 15:27:07.940 joltshadow - docs §70.1: slipdense (player) f=16 w=1 grounded=1 kappa=0.021 fnGround=173 omega=-0.02 | ftGround=22N target=0.0 limit=1192Nm motorNm=17 tyreNm=-16 inertia=2.91 limRot=0/0/0 omegaPre=-0.02 posN=0/-18/0 susp=-0.0170 springN=69
INFO 2026-07-27 15:27:07.940 joltshadow - docs §70.1: slipdense (player) f=16 w=2 grounded=1 kappa=0.023 fnGround=473 omega=-0.02 | ftGround=23N target=0.0 limit=1368Nm motorNm=18 tyreNm=-17 inertia=2.91 limRot=0/0/-0 omegaPre=-0.02 posN=0/-22/0 susp=-0.0504 springN=369
INFO 2026-07-27 15:27:07.940 joltshadow - docs §70.1: slipdense (player) f=16 w=3 grounded=1 kappa=0.023 fnGround=475 omega=-0.02 | ftGround=23N target=0.0 limit=1371Nm motorNm=18 tyreNm=-17 inertia=2.91 limRot=0/0/-0 omegaPre=-0.02 posN=0/-22/0 susp=-0.0506 springN=371
INFO 2026-07-27 15:27:07.940 joltshadow - docs §78: attdense (player) f=16 joltTilt=0.45 odeTilt=0.04 upDelta=0.40 wBody=(-0.02,-0.00,-0.00) |w|=0.02 grounded=4
INFO 2026-07-27 15:27:07.969 joltshadow - docs §70.1: slipdense (player) f=20 w=0 grounded=1 kappa=0.023 fnGround=198 omega=-0.01 | ftGround=18N target=0.0 limit=1192Nm motorNm=14 tyreNm=-13 inertia=2.91 limRot=0/0/0 omegaPre=-0.01 posN=0/-16/0 susp=-0.0152 springN=89
INFO 2026-07-27 15:27:07.969 joltshadow - docs §70.1: slipdense (player) f=20 w=1 grounded=1 kappa=0.023 fnGround=200 omega=-0.01 | ftGround=18N target=0.0 limit=1192Nm motorNm=14 tyreNm=-13 inertia=2.91 limRot=0/0/0 omegaPre=-0.01 posN=0/-15/0 susp=-0.0156 springN=91
INFO 2026-07-27 15:27:07.969 joltshadow - docs §70.1: slipdense (player) f=20 w=2 grounded=1 kappa=0.023 fnGround=498 omega=-0.01 | ftGround=18N target=0.0 limit=1433Nm motorNm=14 tyreNm=-13 inertia=2.91 limRot=0/0/0 omegaPre=-0.01 posN=1/-18/0 susp=-0.0504 springN=388
INFO 2026-07-27 15:27:07.969 joltshadow - docs §70.1: slipdense (player) f=20 w=3 grounded=1 kappa=0.023 fnGround=501 omega=-0.01 | ftGround=18N target=0.0 limit=1442Nm motorNm=14 tyreNm=-13 inertia=2.91 limRot=0/0/0 omegaPre=-0.01 posN=1/-18/0 susp=-0.0508 springN=392
INFO 2026-07-27 15:27:07.969 joltshadow - docs §78: attdense (player) f=20 joltTilt=0.47 odeTilt=0.04 upDelta=0.42 wBody=(-0.01,-0.00,-0.00) |w|=0.01 grounded=4
INFO 2026-07-27 15:27:07.985 testharness - Vehicle switch: changed player vehicle to prototype 'Bug01' (id=715)
INFO 2026-07-27 15:27:07.996 joltshadow - Shadow: compound chassis shape built - 4 part(s), 4 geom(s) (4 box, 0 sphere, 0 capsule, 0 skipped)
INFO 2026-07-27 15:27:07.996 joltshadow - docs §93: chassis inertia (player) mass=132.0 | JOLT(compound) = (686.5, 670.8, 149.1) | ODE(box 3.00x2.00x8.00) = (748.0, 803.0, 143.0) | ratio = (0.92, 0.84, 1.04)
INFO 2026-07-27 15:27:07.996 joltshadow - docs §54 axis-audit (player) w=0: axis1_local=(0.000,1.000,-0.000) vs assumedSusp -> 0.00 deg | axis2_local=(-1.000,0.000,-0.000) vs assumedAxle -> 0.00 deg | axis1^axis2 off-perp 0.00 deg || kSusp=6000 N/m cSusp=300 Ns/m range=1.000 R=0.629 mWheel=9.0 driven=1 steer=1
INFO 2026-07-27 15:27:07.996 joltshadow - docs §54 axis-audit (player) w=1: axis1_local=(0.000,1.000,-0.000) vs assumedSusp -> 0.00 deg | axis2_local=(-1.000,0.000,0.000) vs assumedAxle -> 0.00 deg | axis1^axis2 off-perp 0.00 deg || kSusp=6000 N/m cSusp=300 Ns/m range=1.000 R=0.629 mWheel=9.0 driven=1 steer=1
INFO 2026-07-27 15:27:07.996 joltshadow - docs §54 axis-audit (player) w=2: axis1_local=(0.000,1.000,-0.000) vs assumedSusp -> 0.00 deg | axis2_local=(-1.000,0.000,-0.000) vs assumedAxle -> 0.00 deg | axis1^axis2 off-perp 0.00 deg || kSusp=6000 N/m cSusp=300 Ns/m range=1.000 R=0.635 mWheel=9.0 driven=1 steer=0
INFO 2026-07-27 15:27:07.997 joltshadow - docs §54 axis-audit (player) w=3: axis1_local=(0.000,1.000,-0.000) vs assumedSusp -> 0.00 deg | axis2_local=(-1.000,0.000,0.000) vs assumedAxle -> 0.00 deg | axis1^axis2 off-perp 0.00 deg || kSusp=6000 N/m cSusp=300 Ns/m range=1.000 R=0.635 mWheel=9.0 driven=1 steer=0
INFO 2026-07-27 15:27:07.997 joltshadow - docs §54 axis-audit SUMMARY (player): worst susp 0.00 deg, worst axle (unsteered only) 0.00 deg, worst off-perp 0.00 deg -> convention CONFIRMED
INFO 2026-07-27 15:27:07.997 joltshadow - Shadow (player): wheelmodel APPLY mode - VehicleConstraint built but NOT simulated; chassis driven by wheelmodel_core (4 wheels)
INFO 2026-07-27 15:27:07.997 joltshadow - docs §75: constraint frame (player) w=0 axle.fwd=+0.0000 (0.00 deg off perpendicular) | anchorOffsetFromWheelCentre=0.5634 m (restLen)
INFO 2026-07-27 15:27:07.997 joltshadow - docs §75: constraint frame (player) w=1 axle.fwd=+0.0000 (0.00 deg off perpendicular) | anchorOffsetFromWheelCentre=0.5634 m (restLen)
INFO 2026-07-27 15:27:07.997 joltshadow - docs §75: constraint frame (player) w=2 axle.fwd=+0.0000 (0.00 deg off perpendicular) | anchorOffsetFromWheelCentre=0.6395 m (restLen)
INFO 2026-07-27 15:27:07.997 joltshadow - docs §75: constraint frame (player) w=3 axle.fwd=+0.0000 (0.00 deg off perpendicular) | anchorOffsetFromWheelCentre=0.6403 m (restLen)
INFO 2026-07-27 15:27:07.997 joltshadow - docs §58 (player): mode 4 - built 4 wheel bodies + SixDOF constraints (chassisMass=132.0, massFloor=3.30) | docs §95.4 wheelMass=36.0 chassisMassFinal=96.0 total=132.0
INFO 2026-07-27 15:27:07.997 joltshadow - Shadow vehicle #3 built (player): 4 wheels (2 driven axle(s)), mass=132.0, chassis=3.00x2.00x8.00, susp_mult=1.00x/damp=1.00, friction=0.93/1.00
INFO 2026-07-27 15:27:07.999 testharness - God mode: applying to player vehicle 55EE9548
INFO 2026-07-27 15:27:08.012 joltshadow - docs §82: resync (player) #3 dt=0.50s upMax=0.461 deg posMax=0.219 m odeTiltPath=0.462 deg gain=0.9966
INFO 2026-07-27 15:27:08.012 joltshadow - docs §87: resync landing (player) w=0 pre=-0.0012 post=0.5598 m R=0.629 dY=0.0003 dRotDeg=0.00 |corr|=0.0004 m
INFO 2026-07-27 15:27:08.012 joltshadow - docs §87: resync landing (player) w=1 pre=-0.0012 post=0.5598 m R=0.629 dY=0.0003 dRotDeg=0.00 |corr|=0.0004 m
INFO 2026-07-27 15:27:08.012 joltshadow - docs §87: resync landing (player) w=2 pre=-0.0012 post=0.6359 m R=0.635 dY=0.0003 dRotDeg=0.00 |corr|=0.0004 m
INFO 2026-07-27 15:27:08.012 joltshadow - docs §87: resync landing (player) w=3 pre=-0.0013 post=0.6367 m R=0.635 dY=0.0003 dRotDeg=0.00 |corr|=0.0004 m
INFO 2026-07-27 15:27:08.012 joltshadow - docs §82: resync RESIDUAL (player) #3 pos=0.0000 m up=0.0000 deg
INFO 2026-07-27 15:27:08.020 joltshadow - docs §70.1: slipdense (player) f=4 w=0 grounded=0 kappa=0.000 fnGround=0 omega=-0.06 | ftGround=0N target=0.0 limit=815Nm motorNm=-11 tyreNm=0 inertia=1.78 limRot=0/-0/0 omegaPre=-0.00 posN=-1/30/0 susp=-0.5052 springN=2074
INFO 2026-07-27 15:27:08.020 joltshadow - docs §70.1: slipdense (player) f=4 w=1 grounded=0 kappa=0.000 fnGround=0 omega=-0.06 | ftGround=0N target=0.0 limit=815Nm motorNm=-11 tyreNm=0 inertia=1.78 limRot=0/-0/0 omegaPre=-0.00 posN=-1/30/0 susp=-0.5054 springN=2077
INFO 2026-07-27 15:27:08.020 joltshadow - docs §70.1: slipdense (player) f=4 w=2 grounded=0 kappa=0.000 fnGround=0 omega=-0.06 | ftGround=0N target=0.0 limit=823Nm motorNm=-11 tyreNm=0 inertia=1.82 limRot=0/-0/-0 omegaPre=-0.00 posN=-1/29/0 susp=-0.5266 springN=2263
INFO 2026-07-27 15:27:08.020 joltshadow - docs §70.1: slipdense (player) f=4 w=3 grounded=0 kappa=0.000 fnGround=0 omega=-0.06 | ftGround=0N target=0.0 limit=823Nm motorNm=-11 tyreNm=0 inertia=1.82 limRot=0/-0/0 omegaPre=-0.00 posN=-1/29/0 susp=-0.5269 springN=2266
INFO 2026-07-27 15:27:08.020 joltshadow - docs §78: attdense (player) f=4 joltTilt=0.05 odeTilt=0.04 upDelta=0.09 wBody=(-0.06,0.00,-0.00) |w|=0.06 grounded=0
WARNING 2026-07-27 15:27:08.056 jolt - Jolt: static box shape creation failed: Invalid half extent
WARNING 2026-07-27 15:27:08.126 jolt - Jolt: static box shape creation failed: Invalid half extent
WARNING 2026-07-27 15:27:08.139 jolt - Jolt: static box shape creation failed: Invalid half extent
WARNING 2026-07-27 15:27:08.143 jolt - Jolt: static box shape creation failed: Invalid half extent
WARNING 2026-07-27 15:27:08.145 jolt - Jolt: static box shape creation failed: Invalid half extent
WARNING 2026-07-27 15:27:08.153 jolt - Jolt: static box shape creation failed: Invalid half extent
WARNING 2026-07-27 15:27:08.181 jolt - Jolt: static box shape creation failed: Invalid half extent
WARNING 2026-07-27 15:27:08.182 jolt - Jolt: static box shape creation failed: Invalid half extent
WARNING 2026-07-27 15:27:08.182 jolt - Jolt: static box shape creation failed: Invalid half extent
WARNING 2026-07-27 15:27:08.182 jolt - Jolt: static box shape creation failed: Invalid half extent
WARNING 2026-07-27 15:27:08.182 jolt - Jolt: static box shape creation failed: Invalid half extent
INFO 2026-07-27 15:27:08.267 jolt - Jolt: exported 87082 static obstacles (80845 box, 16 sphere, 5990 trimesh, 231 capsule) - 116442 geoms walked total (9050 nested sub-space(s) recursed into, 96234 at top level per dSpaceGetNumGeoms), 20208 dynamic geoms skipped, 102 body-less geoms of unexported class skipped, 0 skipped (capacity exhausted)
INFO 2026-07-27 15:27:08.267 jolt - Jolt: static obstacle export - 4 body-less geom(s) of unexported ODE class 4 (docs §22.9/§22.13 - classes confirmed by disassembly: 0=sphere, 1=box, 2=capsule, 7=trimesh, 11-14=space (recursed into, not "unexported"); others not confirmed against this binary, treat the raw ID as a lead not a fact)
INFO 2026-07-27 15:27:08.268 jolt - Jolt: static obstacle export - 86 body-less geom(s) of unexported ODE class 6 (docs §22.9/§22.13 - classes confirmed by disassembly: 0=sphere, 1=box, 2=capsule, 7=trimesh, 11-14=space (recursed into, not "unexported"); others not confirmed against this binary, treat the raw ID as a lead not a fact)
INFO 2026-07-27 15:27:08.268 jolt - Jolt: static obstacle export - 1 body-less geom(s) of unexported ODE class 8 (docs §22.9/§22.13 - classes confirmed by disassembly: 0=sphere, 1=box, 2=capsule, 7=trimesh, 11-14=space (recursed into, not "unexported"); others not confirmed against this binary, treat the raw ID as a lead not a fact)
INFO 2026-07-27 15:27:08.298 joltshadow - docs §70.1: slipdense (player) f=8 w=0 grounded=0 kappa=0.000 fnGround=0 omega=-0.12 | ftGround=0N target=0.0 limit=815Nm motorNm=1 tyreNm=0 inertia=1.78 limRot=0/0/0 omegaPre=-0.12 posN=-0/7/0 susp=-0.3400 springN=22
INFO 2026-07-27 15:27:08.298 joltshadow - docs §70.1: slipdense (player) f=8 w=1 grounded=0 kappa=0.000 fnGround=0 omega=-0.12 | ftGround=0N target=0.0 limit=815Nm motorNm=1 tyreNm=0 inertia=1.78 limRot=0/0/0 omegaPre=-0.12 posN=-0/7/0 susp=-0.3404 springN=24
INFO 2026-07-27 15:27:08.298 joltshadow - docs §70.1: slipdense (player) f=8 w=2 grounded=0 kappa=0.000 fnGround=0 omega=-0.12 | ftGround=0N target=0.0 limit=823Nm motorNm=1 tyreNm=0 inertia=1.82 limRot=0/0/-0 omegaPre=-0.12 posN=-0/8/0 susp=-0.3554 springN=92
INFO 2026-07-27 15:27:08.298 joltshadow - docs §70.1: slipdense (player) f=8 w=3 grounded=0 kappa=0.000 fnGround=0 omega=-0.12 | ftGround=0N target=0.0 limit=823Nm motorNm=1 tyreNm=0 inertia=1.82 limRot=0/0/-0 omegaPre=-0.12 posN=-0/8/0 susp=-0.3557 springN=93
INFO 2026-07-27 15:27:08.298 joltshadow - docs §78: attdense (player) f=8 joltTilt=0.10 odeTilt=0.04 upDelta=0.06 wBody=(-0.12,0.00,-0.00) |w|=0.12 grounded=0
INFO 2026-07-27 15:27:08.324 joltshadow - docs §70.1: slipdense (player) f=12 w=0 grounded=0 kappa=0.000 fnGround=0 omega=-0.03 | ftGround=0N target=0.0 limit=815Nm motorNm=2 tyreNm=0 inertia=1.78 limRot=0/0/0 omegaPre=-0.03 posN=0/-6/0 susp=-0.0381 springN=-378
INFO 2026-07-27 15:27:08.324 joltshadow - docs §70.1: slipdense (player) f=12 w=1 grounded=0 kappa=0.000 fnGround=0 omega=-0.03 | ftGround=0N target=0.0 limit=815Nm motorNm=2 tyreNm=0 inertia=1.78 limRot=0/0/0 omegaPre=-0.03 posN=0/-6/0 susp=-0.0398 springN=-376
INFO 2026-07-27 15:27:08.324 joltshadow - docs §70.1: slipdense (player) f=12 w=2 grounded=0 kappa=0.000 fnGround=0 omega=-0.03 | ftGround=0N target=0.0 limit=823Nm motorNm=2 tyreNm=0 inertia=1.82 limRot=0/0/0 omegaPre=-0.03 posN=1/-6/0 susp=-0.0365 springN=-452
INFO 2026-07-27 15:27:08.325 joltshadow - docs §70.1: slipdense (player) f=12 w=3 grounded=0 kappa=0.000 fnGround=0 omega=-0.03 | ftGround=0N target=0.0 limit=823Nm motorNm=2 tyreNm=0 inertia=1.82 limRot=0/0/0 omegaPre=-0.03 posN=1/-6/0 susp=-0.0383 springN=-449
INFO 2026-07-27 15:27:08.325 joltshadow - docs §78: attdense (player) f=12 joltTilt=0.37 odeTilt=0.04 upDelta=0.33 wBody=(-0.03,-0.00,0.00) |w|=0.03 grounded=0
INFO 2026-07-27 15:27:08.349 joltshadow - docs §70.1: slipdense (player) f=16 w=0 grounded=0 kappa=0.000 fnGround=0 omega=-0.01 | ftGround=0N target=0.0 limit=815Nm motorNm=1 tyreNm=0 inertia=1.78 limRot=0/0/0 omegaPre=-0.01 posN=0/-3/0 susp=-0.0050 springN=-222
INFO 2026-07-27 15:27:08.350 joltshadow - docs §70.1: slipdense (player) f=16 w=1 grounded=0 kappa=0.000 fnGround=0 omega=-0.01 | ftGround=0N target=0.0 limit=815Nm motorNm=1 tyreNm=0 inertia=1.78 limRot=0/0/0 omegaPre=-0.01 posN=0/-3/0 susp=-0.0066 springN=-222
INFO 2026-07-27 15:27:08.350 joltshadow - docs §70.1: slipdense (player) f=16 w=2 grounded=0 kappa=0.000 fnGround=0 omega=-0.01 | ftGround=0N target=0.0 limit=823Nm motorNm=1 tyreNm=0 inertia=1.82 limRot=0/0/0 omegaPre=-0.01 posN=0/-3/0 susp=0.0005 springN=-282
INFO 2026-07-27 15:27:08.350 joltshadow - docs §70.1: slipdense (player) f=16 w=3 grounded=0 kappa=0.000 fnGround=0 omega=-0.01 | ftGround=0N target=0.0 limit=823Nm motorNm=1 tyreNm=0 inertia=1.82 limRot=0/0/0 omegaPre=-0.01 posN=0/-3/0 susp=-0.0011 springN=-282
INFO 2026-07-27 15:27:08.350 joltshadow - docs §78: attdense (player) f=16 joltTilt=0.39 odeTilt=0.04 upDelta=0.35 wBody=(-0.01,-0.00,0.00) |w|=0.01 grounded=0
INFO 2026-07-27 15:27:08.376 joltshadow - docs §70.1: slipdense (player) f=20 w=0 grounded=0 kappa=0.000 fnGround=0 omega=0.03 | ftGround=0N target=0.0 limit=815Nm motorNm=7 tyreNm=0 inertia=1.78 limRot=0/0/0 omegaPre=0.01 posN=0/-23/0 susp=0.0071 springN=-105
INFO 2026-07-27 15:27:08.376 joltshadow - docs §70.1: slipdense (player) f=20 w=1 grounded=0 kappa=0.000 fnGround=0 omega=0.03 | ftGround=0N target=0.0 limit=815Nm motorNm=7 tyreNm=0 inertia=1.78 limRot=0/0/0 omegaPre=0.01 posN=0/-24/0 susp=0.0058 springN=-106
INFO 2026-07-27 15:27:08.376 joltshadow - docs §70.1: slipdense (player) f=20 w=2 grounded=1 kappa=0.071 fnGround=1313 omega=0.03 | ftGround=53N target=0.0 limit=4686Nm motorNm=41 tyreNm=-34 inertia=1.82 limRot=0/7/-0 omegaPre=0.01 posN=10/-84/0 susp=-0.0030 springN=498
INFO 2026-07-27 15:27:08.376 joltshadow - docs §70.1: slipdense (player) f=20 w=3 grounded=1 kappa=0.075 fnGround=1332 omega=0.03 | ftGround=57N target=0.0 limit=4978Nm motorNm=43 tyreNm=-36 inertia=1.82 limRot=0/7/-0 omegaPre=0.01 posN=10/-89/0 susp=-0.0057 springN=540
INFO 2026-07-27 15:27:08.377 joltshadow - docs §78: attdense (player) f=20 joltTilt=0.38 odeTilt=0.04 upDelta=0.34 wBody=(0.03,0.00,0.00) |w|=0.03 grounded=2
INFO 2026-07-27 15:27:08.404 joltshadow - docs §70.1: slipdense (player) f=24 w=0 grounded=1 kappa=-0.014 fnGround=680 omega=0.02 | ftGround=-13N target=0.0 limit=2812Nm motorNm=-11 tyreNm=8 inertia=1.78 limRot=0/0/0 omegaPre=0.03 posN=1/21/0 susp=-0.0235 springN=633
INFO 2026-07-27 15:27:08.404 joltshadow - docs §70.1: slipdense (player) f=24 w=1 grounded=1 kappa=-0.015 fnGround=681 omega=0.02 | ftGround=-14N target=0.0 limit=2527Nm motorNm=-12 tyreNm=9 inertia=1.78 limRot=0/0/0 omegaPre=0.03 posN=1/23/0 susp=-0.0266 springN=628
INFO 2026-07-27 15:27:08.404 joltshadow - docs §70.1: slipdense (player) f=24 w=2 grounded=1 kappa=-0.017 fnGround=673 omega=0.02 | ftGround=-17N target=0.0 limit=1575Nm motorNm=-14 tyreNm=11 inertia=1.82 limRot=0/0/0 omegaPre=0.03 posN=1/25/0 susp=-0.0453 springN=662
INFO 2026-07-27 15:27:08.404 joltshadow - docs §70.1: slipdense (player) f=24 w=3 grounded=1 kappa=-0.018 fnGround=682 omega=0.02 | ftGround=-17N target=0.0 limit=1555Nm motorNm=-14 tyreNm=11 inertia=1.82 limRot=0/0/0 omegaPre=0.03 posN=1/25/0 susp=-0.0483 springN=673
INFO 2026-07-27 15:27:08.404 joltshadow - docs §78: attdense (player) f=24 joltTilt=0.32 odeTilt=0.04 upDelta=0.28 wBody=(0.02,-0.00,0.01) |w|=0.02 grounded=4
INFO 2026-07-27 15:27:08.434 joltshadow - docs §70.1: slipdense (player) f=28 w=0 grounded=1 kappa=-0.050 fnGround=660 omega=-0.01 | ftGround=-42N target=0.0 limit=1565Nm motorNm=-28 tyreNm=27 inertia=1.78 limRot=0/1/0 omegaPre=-0.01 posN=2/34/0 susp=-0.0569 springN=572
INFO 2026-07-27 15:27:08.434 joltshadow - docs §70.1: slipdense (player) f=28 w=1 grounded=1 kappa=-0.051 fnGround=673 omega=-0.01 | ftGround=-43N target=0.0 limit=1637Nm motorNm=-28 tyreNm=27 inertia=1.78 limRot=0/1/0 omegaPre=-0.01 posN=2/34/0 susp=-0.0593 springN=584
INFO 2026-07-27 15:27:08.434 joltshadow - docs §70.1: slipdense (player) f=28 w=2 grounded=1 kappa=-0.050 fnGround=804 omega=-0.01 | ftGround=-42N target=0.0 limit=2030Nm motorNm=-28 tyreNm=26 inertia=1.82 limRot=0/1/0 omegaPre=-0.01 posN=2/33/0 susp=-0.0759 springN=703
INFO 2026-07-27 15:27:08.434 joltshadow - docs §70.1: slipdense (player) f=28 w=3 grounded=1 kappa=-0.050 fnGround=815 omega=-0.01 | ftGround=-42N target=0.0 limit=2061Nm motorNm=-28 tyreNm=27 inertia=1.82 limRot=0/1/0 omegaPre=-0.01 posN=2/33/0 susp=-0.0787 springN=714
INFO 2026-07-27 15:27:08.434 joltshadow - docs §78: attdense (player) f=28 joltTilt=0.32 odeTilt=0.04 upDelta=0.28 wBody=(-0.01,-0.00,0.01) |w|=0.01 grounded=4
INFO 2026-07-27 15:27:08.461 joltshadow - docs §70.1: slipdense (player) f=32 w=0 grounded=1 kappa=-0.038 fnGround=616 omega=-0.03 | ftGround=-29N target=0.0 limit=1595Nm motorNm=-19 tyreNm=18 inertia=1.78 limRot=0/1/0 omegaPre=-0.03 posN=1/22/0 susp=-0.0712 springN=519
INFO 2026-07-27 15:27:08.461 joltshadow - docs §70.1: slipdense (player) f=32 w=1 grounded=1 kappa=-0.039 fnGround=626 omega=-0.03 | ftGround=-29N target=0.0 limit=1619Nm motorNm=-19 tyreNm=18 inertia=1.78 limRot=0/1/0 omegaPre=-0.03 posN=1/23/0 susp=-0.0738 springN=529
INFO 2026-07-27 15:27:08.461 joltshadow - docs §70.1: slipdense (player) f=32 w=2 grounded=1 kappa=-0.037 fnGround=774 omega=-0.03 | ftGround=-28N target=0.0 limit=1995Nm motorNm=-18 tyreNm=17 inertia=1.82 limRot=0/1/0 omegaPre=-0.03 posN=2/20/0 susp=-0.0925 springN=682
INFO 2026-07-27 15:27:08.461 joltshadow - docs §70.1: slipdense (player) f=32 w=3 grounded=1 kappa=-0.037 fnGround=785 omega=-0.03 | ftGround=-28N target=0.0 limit=2022Nm motorNm=-19 tyreNm=18 inertia=1.82 limRot=0/1/0 omegaPre=-0.03 posN=2/21/0 susp=-0.0953 springN=693
INFO 2026-07-27 15:27:08.461 joltshadow - docs §78: attdense (player) f=32 joltTilt=0.35 odeTilt=0.04 upDelta=0.31 wBody=(-0.03,-0.00,0.01) |w|=0.03 grounded=4
INFO 2026-07-27 15:27:08.488 joltshadow - docs §70.1: slipdense (player) f=36 w=0 grounded=1 kappa=-0.021 fnGround=510 omega=-0.04 | ftGround=-16N target=0.0 limit=1343Nm motorNm=-10 tyreNm=10 inertia=1.78 limRot=0/1/0 omegaPre=-0.04 posN=2/10/0 susp=-0.0732 springN=420
INFO 2026-07-27 15:27:08.489 joltshadow - docs §70.1: slipdense (player) f=36 w=1 grounded=1 kappa=-0.022 fnGround=520 omega=-0.04 | ftGround=-16N target=0.0 limit=1368Nm motorNm=-10 tyreNm=10 inertia=1.78 limRot=0/1/0 omegaPre=-0.04 posN=2/11/0 susp=-0.0761 springN=430
INFO 2026-07-27 15:27:08.489 joltshadow - docs §70.1: slipdense (player) f=36 w=2 grounded=1 kappa=-0.019 fnGround=704 omega=-0.04 | ftGround=-14N target=0.0 limit=1828Nm motorNm=-9 tyreNm=9 inertia=1.82 limRot=0/1/0 omegaPre=-0.04 posN=2/8/0 susp=-0.0982 springN=613
INFO 2026-07-27 15:27:08.489 joltshadow - docs §70.1: slipdense (player) f=36 w=3 grounded=1 kappa=-0.020 fnGround=715 omega=-0.04 | ftGround=-15N target=0.0 limit=1855Nm motorNm=-9 tyreNm=9 inertia=1.82 limRot=0/1/0 omegaPre=-0.04 posN=2/8/0 susp=-0.1013 springN=624
INFO 2026-07-27 15:27:08.489 joltshadow - docs §78: attdense (player) f=36 joltTilt=0.40 odeTilt=0.04 upDelta=0.36 wBody=(-0.04,-0.00,0.01) |w|=0.04 grounded=4
INFO 2026-07-27 15:27:08.515 joltshadow - docs §70.1: slipdense (player) f=40 w=0 grounded=1 kappa=-0.003 fnGround=396 omega=-0.03 | ftGround=-2N target=0.0 limit=1050Nm motorNm=-1 tyreNm=1 inertia=1.78 limRot=0/1/0 omegaPre=-0.03 posN=2/-2/0 susp=-0.0669 springN=306
INFO 2026-07-27 15:27:08.515 joltshadow - docs §70.1: slipdense (player) f=40 w=1 grounded=1 kappa=-0.003 fnGround=406 omega=-0.03 | ftGround=-2N target=0.0 limit=1087Nm motorNm=-1 tyreNm=1 inertia=1.78 limRot=0/1/0 omegaPre=-0.03 posN=2/-2/0 susp=-0.0701 springN=318
INFO 2026-07-27 15:27:08.515 joltshadow - docs §70.1: slipdense (player) f=40 w=2 grounded=1 kappa=-0.000 fnGround=610 omega=-0.03 | ftGround=-0N target=0.0 limit=1610Nm motorNm=0 tyreNm=0 inertia=1.82 limRot=0/2/0 omegaPre=-0.03 posN=3/-6/0 susp=-0.0957 springN=522
INFO 2026-07-27 15:27:08.515 joltshadow - docs §70.1: slipdense (player) f=40 w=3 grounded=1 kappa=-0.001 fnGround=622 omega=-0.03 | ftGround=-1N target=0.0 limit=1640Nm motorNm=0 tyreNm=0 inertia=1.82 limRot=0/2/0 omegaPre=-0.03 posN=3/-5/0 susp=-0.0993 springN=534
INFO 2026-07-27 15:27:08.515 joltshadow - docs §78: attdense (player) f=40 joltTilt=0.46 odeTilt=0.04 upDelta=0.42 wBody=(-0.03,-0.00,0.01) |w|=0.03 grounded=4
INFO 2026-07-27 15:27:08.539 joltshadow - docs §70.1: slipdense (player) f=44 w=0 grounded=1 kappa=0.014 fnGround=300 omega=-0.02 | ftGround=10N target=0.0 limit=815Nm motorNm=7 tyreNm=-7 inertia=1.78 limRot=0/1/0 omegaPre=-0.03 posN=2/-13/0 susp=-0.0571 springN=214
INFO 2026-07-27 15:27:08.539 joltshadow - docs §70.1: slipdense (player) f=44 w=1 grounded=1 kappa=0.013 fnGround=312 omega=-0.02 | ftGround=10N target=0.0 limit=837Nm motorNm=7 tyreNm=-6 inertia=1.78 limRot=0/1/0 omegaPre=-0.03 posN=2/-12/0 susp=-0.0606 springN=226
INFO 2026-07-27 15:27:08.539 joltshadow - docs §70.1: slipdense (player) f=44 w=2 grounded=1 kappa=0.016 fnGround=522 omega=-0.02 | ftGround=12N target=0.0 limit=1379Nm motorNm=8 tyreNm=-8 inertia=1.82 limRot=0/2/0 omegaPre=-0.03 posN=3/-16/0 susp=-0.0889 springN=436
INFO 2026-07-27 15:27:08.539 joltshadow - docs §70.1: slipdense (player) f=44 w=3 grounded=1 kappa=0.015 fnGround=535 omega=-0.02 | ftGround=11N target=0.0 limit=1412Nm motorNm=8 tyreNm=-7 inertia=1.82 limRot=0/2/0 omegaPre=-0.03 posN=3/-15/0 susp=-0.0928 springN=449
INFO 2026-07-27 15:27:08.539 joltshadow - docs §78: attdense (player) f=44 joltTilt=0.50 odeTilt=0.09 upDelta=0.40 wBody=(-0.02,-0.00,0.01) |w|=0.03 grounded=4
INFO 2026-07-27 15:27:08.567 joltshadow - docs §70.1: slipdense (player) f=48 w=0 grounded=1 kappa=0.027 fnGround=211 omega=-0.01 | ftGround=26N target=0.0 limit=815Nm motorNm=17 tyreNm=-16 inertia=1.78 limRot=0/2/0 omegaPre=-0.01 posN=3/-24/0 susp=-0.0438 springN=128
INFO 2026-07-27 15:27:08.567 joltshadow - docs §70.1: slipdense (player) f=48 w=1 grounded=1 kappa=0.026 fnGround=225 omega=-0.01 | ftGround=25N target=0.0 limit=815Nm motorNm=17 tyreNm=-16 inertia=1.78 limRot=0/2/0 omegaPre=-0.01 posN=3/-24/0 susp=-0.0477 springN=142
INFO 2026-07-27 15:27:08.567 joltshadow - docs §70.1: slipdense (player) f=48 w=2 grounded=1 kappa=0.028 fnGround=430 omega=-0.01 | ftGround=27N target=0.0 limit=1152Nm motorNm=18 tyreNm=-17 inertia=1.82 limRot=0/2/-0 omegaPre=-0.01 posN=4/-27/0 susp=-0.0777 springN=344
INFO 2026-07-27 15:27:08.567 joltshadow - docs §70.1: slipdense (player) f=48 w=3 grounded=1 kappa=0.027 fnGround=444 omega=-0.01 | ftGround=26N target=0.0 limit=1188Nm motorNm=17 tyreNm=-16 inertia=1.82 limRot=0/2/-0 omegaPre=-0.01 posN=4/-26/0 susp=-0.0820 springN=359
INFO 2026-07-27 15:27:08.567 joltshadow - docs §78: attdense (player) f=48 joltTilt=0.53 odeTilt=0.54 upDelta=0.10 wBody=(-0.01,-0.00,0.01) |w|=0.02 grounded=4
INFO 2026-07-27 15:27:08.598 joltshadow - docs §70.1: slipdense (player) f=52 w=0 grounded=1 kappa=0.038 fnGround=159 omega=0.01 | ftGround=28N target=0.0 limit=815Nm motorNm=19 tyreNm=-18 inertia=1.78 limRot=0/2/0 omegaPre=0.01 posN=3/-27/0 susp=-0.0303 springN=73
INFO 2026-07-27 15:27:08.599 joltshadow - docs §70.1: slipdense (player) f=52 w=1 grounded=1 kappa=0.037 fnGround=169 omega=0.01 | ftGround=28N target=0.0 limit=815Nm motorNm=18 tyreNm=-17 inertia=1.78 limRot=0/2/0 omegaPre=0.01 posN=3/-26/0 susp=-0.0342 springN=85
INFO 2026-07-27 15:27:08.599 joltshadow - docs §70.1: slipdense (player) f=52 w=2 grounded=1 kappa=0.037 fnGround=353 omega=0.01 | ftGround=28N target=0.0 limit=950Nm motorNm=19 tyreNm=-18 inertia=1.82 limRot=0/2/-0 omegaPre=0.01 posN=4/-28/0 susp=-0.0645 springN=267
INFO 2026-07-27 15:27:08.599 joltshadow - docs §70.1: slipdense (player) f=52 w=3 grounded=1 kappa=0.036 fnGround=367 omega=0.01 | ftGround=27N target=0.0 limit=987Nm motorNm=18 tyreNm=-17 inertia=1.82 limRot=0/2/-0 omegaPre=0.01 posN=3/-27/0 susp=-0.0688 springN=281
INFO 2026-07-27 15:27:08.599 joltshadow - docs §78: attdense (player) f=52 joltTilt=0.53 odeTilt=1.09 upDelta=0.58 wBody=(0.01,-0.00,0.02) |w|=0.02 grounded=4
INFO 2026-07-27 15:27:08.633 joltshadow - docs §70.1: slipdense (player) f=56 w=0 grounded=1 kappa=0.035 fnGround=144 omega=0.03 | ftGround=29N target=0.0 limit=815Nm motorNm=19 tyreNm=-18 inertia=1.78 limRot=0/2/0 omegaPre=0.03 posN=2/-26/0 susp=-0.0198 springN=57
INFO 2026-07-27 15:27:08.633 joltshadow - docs §70.1: slipdense (player) f=56 w=1 grounded=1 kappa=0.034 fnGround=155 omega=0.03 | ftGround=28N target=0.0 limit=815Nm motorNm=19 tyreNm=-18 inertia=1.78 limRot=0/1/0 omegaPre=0.03 posN=2/-25/0 susp=-0.0234 springN=67
INFO 2026-07-27 15:27:08.633 joltshadow - docs §70.1: slipdense (player) f=56 w=2 grounded=1 kappa=0.033 fnGround=298 omega=0.03 | ftGround=28N target=0.0 limit=823Nm motorNm=18 tyreNm=-18 inertia=1.82 limRot=0/2/-0 omegaPre=0.03 posN=3/-26/0 susp=-0.0514 springN=212
INFO 2026-07-27 15:27:08.633 joltshadow - docs §70.1: slipdense (player) f=56 w=3 grounded=1 kappa=0.032 fnGround=309 omega=0.03 | ftGround=27N target=0.0 limit=823Nm motorNm=18 tyreNm=-17 inertia=1.82 limRot=0/2/-0 omegaPre=0.03 posN=3/-25/0 susp=-0.0553 springN=223
INFO 2026-07-27 15:27:08.633 joltshadow - docs §78: attdense (player) f=56 joltTilt=0.49 odeTilt=1.52 upDelta=1.04 wBody=(0.03,-0.00,0.02) |w|=0.03 grounded=4
INFO 2026-07-27 15:27:08.661 joltshadow - docs §70.1: slipdense (player) f=60 w=0 grounded=1 kappa=0.022 fnGround=159 omega=0.04 | ftGround=21N target=0.0 limit=815Nm motorNm=14 tyreNm=-13 inertia=1.78 limRot=0/1/0 omegaPre=0.04 posN=2/-19/0 susp=-0.0160 springN=73
INFO 2026-07-27 15:27:08.661 joltshadow - docs §70.1: slipdense (player) f=60 w=1 grounded=1 kappa=0.021 fnGround=163 omega=0.04 | ftGround=20N target=0.0 limit=815Nm motorNm=13 tyreNm=-13 inertia=1.78 limRot=0/1/0 omegaPre=0.04 posN=2/-18/0 susp=-0.0191 springN=80
INFO 2026-07-27 15:27:08.661 joltshadow - docs §70.1: slipdense (player) f=60 w=2 grounded=1 kappa=0.020 fnGround=282 omega=0.04 | ftGround=19N target=0.0 limit=823Nm motorNm=13 tyreNm=-12 inertia=1.82 limRot=0/1/-0 omegaPre=0.04 posN=2/-17/0 susp=-0.0433 springN=193
INFO 2026-07-27 15:27:08.661 joltshadow - docs §70.1: slipdense (player) f=60 w=3 grounded=1 kappa=0.019 fnGround=289 omega=0.04 | ftGround=18N target=0.0 limit=823Nm motorNm=12 tyreNm=-11 inertia=1.82 limRot=0/1/-0 omegaPre=0.04 posN=2/-17/0 susp=-0.0468 springN=201
INFO 2026-07-27 15:27:08.661 joltshadow - docs §78: attdense (player) f=60 joltTilt=0.43 odeTilt=1.63 upDelta=1.21 wBody=(0.04,-0.00,0.02) |w|=0.04 grounded=4
INFO 2026-07-27 15:27:08.661 joltshadow - Shadow divergence (player): pos=1.926m vel=0.958m/s angle=1.2deg (jolt com=[4668.5 259.8 1251.9] ode com=[4668.5 258.0 1251.5])
INFO 2026-07-27 15:27:08.661 joltshadow - docs §23.6: driver input (player) realThrottle=10.00 brake=0.01 handBrake=1 steerRad=0.000
INFO 2026-07-27 15:27:08.661 joltshadow - docs §32: Jolt SHADOW chassis pitch (player) forward=(-0.223, 0.007, -0.975)
INFO 2026-07-27 15:27:08.661 joltshadow - docs §69: tilt (player) jolt=0.4 deg ode=1.6 deg delta=-1.2 deg upDelta=1.21 deg
INFO 2026-07-27 15:27:08.661 joltshadow - docs §32.4: Jolt SHADOW chassis lowest corner (player) = (4667.79,258.49,1255.30) clearanceToGround=0.488
INFO 2026-07-27 15:27:08.661 joltshadow - docs §23.5: wheel state (player) wheel=0 contact=0 suspLen=1.050 (range 0.050-1.050, 0% compressed) angVel=0.00
INFO 2026-07-27 15:27:08.661 joltshadow - docs §38.11: wheel=0 NO contact, worldAxle=(0.975,0.001,-0.223)
INFO 2026-07-27 15:27:08.661 joltshadow - docs §32: no-contact raycast (player) wheel=0 bodyPos=(4668.45,259.10,1251.49) localMPos=(-1.155,0.060,2.270) origin=(4669.07,259.17,1249.02) dir=(-0.000,-1.000,-0.007) normalRayLen=1.679 groundFoundAt=0.000 shortfallBeyondTravel=-1.679 hitBody=8391031 hitLayer=4 hitMotion=2 hitIsSelfChassis=0
INFO 2026-07-27 15:27:08.661 joltshadow - docs §23.5: wheel state (player) wheel=1 contact=0 suspLen=1.050 (range 0.050-1.050, 0% compressed) angVel=0.00
INFO 2026-07-27 15:27:08.661 joltshadow - docs §38.11: wheel=1 NO contact, worldAxle=(0.975,0.001,-0.223)
INFO 2026-07-27 15:27:08.661 joltshadow - docs §32: no-contact raycast (player) wheel=1 bodyPos=(4668.45,259.10,1251.49) localMPos=(1.155,0.059,2.270) origin=(4666.82,259.17,1249.53) dir=(-0.000,-1.000,-0.007) normalRayLen=1.679 groundFoundAt=0.000 shortfallBeyondTravel=-1.679 hitBody=8391032 hitLayer=4 hitMotion=2 hitIsSelfChassis=0
INFO 2026-07-27 15:27:08.661 joltshadow - docs §23.5: wheel state (player) wheel=2 contact=0 suspLen=1.050 (range 0.050-1.050, 0% compressed) angVel=0.00
INFO 2026-07-27 15:27:08.662 joltshadow - docs §38.11: wheel=2 NO contact, worldAxle=(0.975,0.001,-0.223)
INFO 2026-07-27 15:27:08.662 joltshadow - docs §32: no-contact raycast (player) wheel=2 bodyPos=(4668.45,259.10,1251.49) localMPos=(-1.253,0.145,-2.062) origin=(4670.13,259.23,1253.22) dir=(-0.000,-1.000,-0.007) normalRayLen=1.685 groundFoundAt=0.000 shortfallBeyondTravel=-1.685 hitBody=8391033 hitLayer=4 hitMotion=2 hitIsSelfChassis=0
INFO 2026-07-27 15:27:08.662 joltshadow - docs §23.5: wheel state (player) wheel=3 contact=0 suspLen=1.050 (range 0.050-1.050, 0% compressed) angVel=0.00
INFO 2026-07-27 15:27:08.662 joltshadow - docs §38.11: wheel=3 NO contact, worldAxle=(0.975,0.001,-0.223)
INFO 2026-07-27 15:27:08.662 joltshadow - docs §32: no-contact raycast (player) wheel=3 bodyPos=(4668.45,259.10,1251.49) localMPos=(1.253,0.146,-2.062) origin=(4667.69,259.23,1253.78) dir=(-0.000,-1.000,-0.007) normalRayLen=1.685 groundFoundAt=0.000 shortfallBeyondTravel=-1.685 hitBody=8391034 hitLayer=4 hitMotion=2 hitIsSelfChassis=0
INFO 2026-07-27 15:27:08.662 joltshadow - docs §59/63: harvest (player) wheelsWithContact=4 contactPoints=8 overflow=0 (of 4) | maxNormalF=289N bound(k_t*tau)=1200N ratio=0.24
INFO 2026-07-27 15:27:08.662 joltshadow - docs §58: wheel body (player) w=0 springF=73N stopF=0N travel=-0.0160 (limits -0.5000..0.5000 rel spawn) kSusp=6000 sagPredicted=0.0121 | frameTrav=-0.0163..-0.0160 frameStopN=0
INFO 2026-07-27 15:27:08.662 joltshadow - docs §66: tyre band (player) w=0 fnGround=159N fnTotal=159N pen=0.00125 penRaw=0.00125 tau=0.01000 pen/tau=0.13 | recs tyre=1 rim=1 survived=1 stale=0 distMax=1.00R
INFO 2026-07-27 15:27:08.662 joltshadow - docs §68: steer (player) w=0 steerable=1 commanded=0.000 rad measured=0.000 rad err=0.00 deg steerSign=-1 steerTq=-0Nm cap=815Nm sat=0.00
INFO 2026-07-27 15:27:08.662 joltshadow - docs §70: slip (player) w=0 grounded=1 kappa=0.022 fnGround=159N omega=0.04
INFO 2026-07-27 15:27:08.662 joltshadow - docs §67: spin (player) w=0 driven=1 omega=0.04 rad/s surfaceSpeed=0.02 m/s spinSign=+1 motorTq=14Nm cmdTq=815Nm
INFO 2026-07-27 15:27:08.662 joltshadow - docs §58: wheel body (player) w=1 springF=80N stopF=0N travel=-0.0191 (limits -0.5000..0.5000 rel spawn) kSusp=6000 sagPredicted=0.0133 | frameTrav=-0.0196..-0.0191 frameStopN=0
INFO 2026-07-27 15:27:08.662 joltshadow - docs §66: tyre band (player) w=1 fnGround=163N fnTotal=163N pen=0.00132 penRaw=0.00132 tau=0.01000 pen/tau=0.13 | recs tyre=1 rim=1 survived=1 stale=0 distMax=1.00R
INFO 2026-07-27 15:27:08.662 joltshadow - docs §68: steer (player) w=1 steerable=1 commanded=0.000 rad measured=0.000 rad err=0.00 deg steerSign=-1 steerTq=-0Nm cap=815Nm sat=0.00
INFO 2026-07-27 15:27:08.662 joltshadow - docs §70: slip (player) w=1 grounded=1 kappa=0.021 fnGround=163N omega=0.04
INFO 2026-07-27 15:27:08.662 joltshadow - docs §67: spin (player) w=1 driven=1 omega=0.04 rad/s surfaceSpeed=0.02 m/s spinSign=+1 motorTq=13Nm cmdTq=815Nm
INFO 2026-07-27 15:27:08.662 joltshadow - docs §58: wheel body (player) w=2 springF=193N stopF=0N travel=-0.0433 (limits -0.5000..0.5000 rel spawn) kSusp=6000 sagPredicted=0.0322 | frameTrav=-0.0445..-0.0433 frameStopN=0
INFO 2026-07-27 15:27:08.662 joltshadow - docs §66: tyre band (player) w=2 fnGround=282N fnTotal=282N pen=0.00241 penRaw=0.00241 tau=0.01000 pen/tau=0.24 | recs tyre=1 rim=1 survived=1 stale=0 distMax=1.00R
INFO 2026-07-27 15:27:08.662 joltshadow - docs §68: steer (player) w=2 steerable=0 commanded=0.000 rad measured=-0.000 rad err=-0.00 deg steerSign=-1 steerTq=0Nm cap=340282346638528859811704183484516925440Nm sat=0.00
INFO 2026-07-27 15:27:08.662 joltshadow - docs §70: slip (player) w=2 grounded=1 kappa=0.020 fnGround=282N omega=0.04
INFO 2026-07-27 15:27:08.662 joltshadow - docs §67: spin (player) w=2 driven=1 omega=0.04 rad/s surfaceSpeed=0.02 m/s spinSign=+1 motorTq=13Nm cmdTq=823Nm
INFO 2026-07-27 15:27:08.662 joltshadow - docs §58: wheel body (player) w=3 springF=201N stopF=0N travel=-0.0468 (limits -0.5000..0.5000 rel spawn) kSusp=6000 sagPredicted=0.0334 | frameTrav=-0.0481..-0.0468 frameStopN=0
INFO 2026-07-27 15:27:08.662 joltshadow - docs §66: tyre band (player) w=3 fnGround=289N fnTotal=290N pen=0.00247 penRaw=0.00247 tau=0.01000 pen/tau=0.25 | recs tyre=1 rim=1 survived=1 stale=0 distMax=1.00R
INFO 2026-07-27 15:27:08.663 joltshadow - docs §68: steer (player) w=3 steerable=0 commanded=0.000 rad measured=-0.000 rad err=-0.00 deg steerSign=-1 steerTq=0Nm cap=340282346638528859811704183484516925440Nm sat=0.00
INFO 2026-07-27 15:27:08.663 joltshadow - docs §70: slip (player) w=3 grounded=1 kappa=0.019 fnGround=289N omega=0.04
INFO 2026-07-27 15:27:08.663 joltshadow - docs §67: spin (player) w=3 driven=1 omega=0.04 rad/s surfaceSpeed=0.02 m/s spinSign=+1 motorTq=12Nm cmdTq=823Nm
INFO 2026-07-27 15:27:08.663 joltshadow - docs §67: drivetrain (player) gear=0 rpm=7 driveTorque=600Nm perWheel=150Nm driven=4 throttle=1.00 spin=1 | PRE-STEP brake=0.01 handBrake=1
INFO 2026-07-27 15:27:08.663 joltshadow - docs §66: tyre band SUM (player) fnGroundSum=893N fnTotalSum=894N weight=942N carried=0.95 | penSum=0.00744 recs tyre=4 rim=4 stale=0
INFO 2026-07-27 15:27:08.663 joltshadow - docs §30: REAL ODE chassis COM (player) body=54C8BDB0 = (4668.454, 257.958, 1251.492) forward=(-0.222, 0.028, -0.975)
INFO 2026-07-27 15:27:08.663 joltshadow - docs §33: real ODE chassis geom (player) #1 = class 0 (not a transform) pos=(4668.454,257.958,1251.492) radius=4.500
INFO 2026-07-27 15:27:08.663 joltshadow - docs §33: real ODE chassis geom (player) #2 = transform, inner class=1 pos=(0.000,1.095,-0.495)
INFO 2026-07-27 15:27:08.663 joltshadow - docs §33: real ODE chassis geom (player) #3 = transform, inner class=1 pos=(0.353,3.466,0.718)
INFO 2026-07-27 15:27:08.663 joltshadow - docs §33: real ODE chassis geom (player) #4 = transform, inner class=1 pos=(0.000,1.818,1.842)
INFO 2026-07-27 15:27:08.663 joltshadow - docs §33: real ODE chassis geom (player) #5 = transform, inner class=1 pos=(0.006,1.981,-2.113)
INFO 2026-07-27 15:27:08.663 joltshadow - docs §33: real ODE chassis geom (player) #6 = class 0 (not a transform) pos=(4668.454,257.958,1251.492) radius=30.000
INFO 2026-07-27 15:27:08.663 joltshadow - docs §33: real ODE chassis geom (player) #7 = class 0 (not a transform) pos=(4668.454,257.958,1251.492) radius=6.436
INFO 2026-07-27 15:27:08.663 joltshadow - docs §33: real ODE chassis geom (player) #8 = class 0 (not a transform) pos=(4668.454,257.958,1251.492) radius=200.000
INFO 2026-07-27 15:27:08.663 joltshadow - docs §33: real ODE chassis (player) has 8 total geom(s) directly attached (4 transform(s)) - compare against BuildChassisCompoundShape's own part/geom count in the build log
INFO 2026-07-27 15:27:08.663 joltshadow - docs §28: REAL ODE wheel state (player) wheel=0 displacement=0.0371 range=1.000 (4% compressed, signed) foreAft=2.270 localZ=2.270 cfm=0.002500 erp=0.2500
INFO 2026-07-27 15:27:08.663 joltshadow - docs §28: REAL ODE wheel state (player) wheel=1 displacement=0.0376 range=1.000 (4% compressed, signed) foreAft=2.270 localZ=2.270 cfm=0.002500 erp=0.2500
INFO 2026-07-27 15:27:08.663 joltshadow - docs §28: REAL ODE wheel state (player) wheel=2 displacement=0.0809 range=1.000 (8% compressed, signed) foreAft=-2.062 localZ=-2.062 cfm=0.002500 erp=0.2500
INFO 2026-07-27 15:27:08.663 joltshadow - docs §28: REAL ODE wheel state (player) wheel=3 displacement=0.0807 range=1.000 (8% compressed, signed) foreAft=-2.062 localZ=-2.062 cfm=0.002500 erp=0.2500
INFO 2026-07-27 15:27:08.688 joltshadow - docs §70.1: slipdense (player) f=64 w=0 grounded=1 kappa=0.014 fnGround=194 omega=0.04 | ftGround=10N target=0.0 limit=815Nm motorNm=6 tyreNm=-6 inertia=1.78 limRot=0/0/0 omegaPre=0.04 posN=1/-9/0 susp=-0.0155 springN=106
INFO 2026-07-27 15:27:08.688 joltshadow - docs §70.1: slipdense (player) f=64 w=1 grounded=1 kappa=0.013 fnGround=196 omega=0.04 | ftGround=10N target=0.0 limit=815Nm motorNm=6 tyreNm=-6 inertia=1.78 limRot=0/0/0 omegaPre=0.04 posN=1/-8/0 susp=-0.0182 springN=108
INFO 2026-07-27 15:27:08.688 joltshadow - docs §70.1: slipdense (player) f=64 w=2 grounded=1 kappa=0.011 fnGround=278 omega=0.04 | ftGround=9N target=0.0 limit=823Nm motorNm=6 tyreNm=-5 inertia=1.82 limRot=0/1/-0 omegaPre=0.04 posN=1/-8/0 susp=-0.0383 springN=191
INFO 2026-07-27 15:27:08.689 joltshadow - docs §70.1: slipdense (player) f=64 w=3 grounded=1 kappa=0.011 fnGround=283 omega=0.04 | ftGround=8N target=0.0 limit=823Nm motorNm=5 tyreNm=-5 inertia=1.82 limRot=0/0/-0 omegaPre=0.04 posN=1/-7/0 susp=-0.0412 springN=195
INFO 2026-07-27 15:27:08.689 joltshadow - docs §78: attdense (player) f=64 joltTilt=0.36 odeTilt=1.56 upDelta=1.21 wBody=(0.04,-0.00,0.02) |w|=0.05 grounded=4
INFO 2026-07-27 15:27:08.716 joltshadow - docs §70.1: slipdense (player) f=68 w=0 grounded=1 kappa=0.001 fnGround=230 omega=0.04 | ftGround=1N target=0.0 limit=815Nm motorNm=0 tyreNm=-0 inertia=1.78 limRot=0/0/0 omegaPre=0.04 posN=0/-0/0 susp=-0.0177 springN=142
INFO 2026-07-27 15:27:08.716 joltshadow - docs §70.1: slipdense (player) f=68 w=1 grounded=1 kappa=0.000 fnGround=231 omega=0.04 | ftGround=0N target=0.0 limit=815Nm motorNm=-0 tyreNm=-0 inertia=1.78 limRot=0/0/0 omegaPre=0.04 posN=0/-0/0 susp=-0.0198 springN=143
INFO 2026-07-27 15:27:08.716 joltshadow - docs §70.1: slipdense (player) f=68 w=2 grounded=1 kappa=-0.001 fnGround=284 omega=0.04 | ftGround=-1N target=0.0 limit=823Nm motorNm=-1 tyreNm=0 inertia=1.82 limRot=0/0/0 omegaPre=0.04 posN=0/1/0 susp=-0.0355 springN=199
INFO 2026-07-27 15:27:08.716 joltshadow - docs §70.1: slipdense (player) f=68 w=3 grounded=1 kappa=-0.001 fnGround=287 omega=0.04 | ftGround=-1N target=0.0 limit=823Nm motorNm=-1 tyreNm=1 inertia=1.82 limRot=0/0/0 omegaPre=0.04 posN=0/1/0 susp=-0.0378 springN=201
INFO 2026-07-27 15:27:08.716 joltshadow - docs §78: attdense (player) f=68 joltTilt=0.29 odeTilt=1.38 upDelta=1.09 wBody=(0.04,-0.00,0.02) |w|=0.04 grounded=4
INFO 2026-07-27 15:27:08.722 joltshadow - docs §82: resync (player) #4 dt=0.50s upMax=1.231 deg posMax=0.663 m odeTiltPath=1.890 deg gain=0.6512
INFO 2026-07-27 15:27:08.723 joltshadow - docs §87: resync landing (player) w=0 pre=-0.0019 post=-0.0029 m R=0.629 dY=-0.5816 dRotDeg=1.06 |corr|=0.5819 m
INFO 2026-07-27 15:27:08.723 joltshadow - docs §87: resync landing (player) w=1 pre=-0.0019 post=-0.0027 m R=0.629 dY=-0.5816 dRotDeg=1.06 |corr|=0.5819 m
INFO 2026-07-27 15:27:08.723 joltshadow - docs §87: resync landing (player) w=2 pre=-0.0024 post=-0.0095 m R=0.635 dY=-0.5816 dRotDeg=1.06 |corr|=0.5819 m
INFO 2026-07-27 15:27:08.723 joltshadow - docs §87: resync landing (player) w=3 pre=-0.0024 post=-0.0090 m R=0.635 dY=-0.5816 dRotDeg=1.06 |corr|=0.5819 m
INFO 2026-07-27 15:27:08.723 joltshadow - docs §82: resync RESIDUAL (player) #4 pos=0.0000 m up=0.0198 deg
INFO 2026-07-27 15:27:08.741 joltshadow - docs §70.1: slipdense (player) f=72 w=0 grounded=1 kappa=-0.095 fnGround=1200 omega=-0.02 | ftGround=-71N target=0.0 limit=3020Nm motorNm=-52 tyreNm=42 inertia=1.78 limRot=0/-2/0 omegaPre=0.01 posN=-3/49/0 susp=-0.4810 springN=2088
INFO 2026-07-27 15:27:08.742 joltshadow - docs §70.1: slipdense (player) f=72 w=1 grounded=1 kappa=-0.095 fnGround=1200 omega=-0.02 | ftGround=-71N target=0.0 limit=3020Nm motorNm=-51 tyreNm=42 inertia=1.78 limRot=0/-2/0 omegaPre=0.01 posN=-3/48/0 susp=-0.4811 springN=2091
INFO 2026-07-27 15:27:08.742 joltshadow - docs §70.1: slipdense (player) f=72 w=2 grounded=1 kappa=-0.094 fnGround=1200 omega=-0.02 | ftGround=-71N target=0.0 limit=3049Nm motorNm=-50 tyreNm=40 inertia=1.82 limRot=0/-2/-0 omegaPre=0.01 posN=-3/40/0 susp=-0.5281 springN=2392
INFO 2026-07-27 15:27:08.742 joltshadow - docs §70.1: slipdense (player) f=72 w=3 grounded=1 kappa=-0.094 fnGround=1199 omega=-0.02 | ftGround=-70N target=0.0 limit=3047Nm motorNm=-50 tyreNm=40 inertia=1.82 limRot=0/-2/-0 omegaPre=0.01 posN=-3/40/0 susp=-0.5281 springN=2395
INFO 2026-07-27 15:27:08.742 joltshadow - docs §78: attdense (player) f=72 joltTilt=0.98 odeTilt=1.20 upDelta=0.23 wBody=(-0.02,0.00,-0.00) |w|=0.02 grounded=4
INFO 2026-07-27 15:27:08.767 joltshadow - docs §70.1: slipdense (player) f=76 w=0 grounded=1 kappa=-0.108 fnGround=1200 omega=-0.07 | ftGround=-81N target=0.0 limit=3020Nm motorNm=-48 tyreNm=48 inertia=1.78 limRot=0/-1/0 omegaPre=-0.07 posN=-1/48/0 susp=-0.3844 springN=1011
INFO 2026-07-27 15:27:08.767 joltshadow - docs §70.1: slipdense (player) f=76 w=1 grounded=1 kappa=-0.108 fnGround=1200 omega=-0.07 | ftGround=-81N target=0.0 limit=3020Nm motorNm=-48 tyreNm=48 inertia=1.78 limRot=0/-1/0 omegaPre=-0.07 posN=-1/48/0 susp=-0.3843 springN=1013
INFO 2026-07-27 15:27:08.767 joltshadow - docs §70.1: slipdense (player) f=76 w=2 grounded=1 kappa=-0.098 fnGround=1200 omega=-0.07 | ftGround=-74N target=0.0 limit=3049Nm motorNm=-44 tyreNm=44 inertia=1.82 limRot=0/-1/-0 omegaPre=-0.07 posN=-2/33/0 susp=-0.4566 springN=1517
INFO 2026-07-27 15:27:08.767 joltshadow - docs §70.1: slipdense (player) f=76 w=3 grounded=1 kappa=-0.098 fnGround=1200 omega=-0.07 | ftGround=-73N target=0.0 limit=3049Nm motorNm=-44 tyreNm=44 inertia=1.82 limRot=0/-1/-0 omegaPre=-0.07 posN=-2/33/0 susp=-0.4565 springN=1520
INFO 2026-07-27 15:27:08.767 joltshadow - docs §78: attdense (player) f=76 joltTilt=1.01 odeTilt=1.06 upDelta=0.05 wBody=(-0.07,0.00,-0.00) |w|=0.07 grounded=4
INFO 2026-07-27 15:27:08.792 joltshadow - docs §70.1: slipdense (player) f=80 w=0 grounded=1 kappa=-0.009 fnGround=634 omega=-0.04 | ftGround=-9N target=0.0 limit=2053Nm motorNm=-3 tyreNm=5 inertia=1.78 limRot=0/-0/0 omegaPre=-0.05 posN=-1/-7/0 susp=-0.2743 springN=350
INFO 2026-07-27 15:27:08.792 joltshadow - docs §70.1: slipdense (player) f=80 w=1 grounded=1 kappa=-0.009 fnGround=638 omega=-0.04 | ftGround=-8N target=0.0 limit=2059Nm motorNm=-3 tyreNm=5 inertia=1.78 limRot=0/-0/0 omegaPre=-0.05 posN=-1/-8/0 susp=-0.2749 springN=354
INFO 2026-07-27 15:27:08.792 joltshadow - docs §70.1: slipdense (player) f=80 w=2 grounded=1 kappa=-0.015 fnGround=1010 omega=-0.04 | ftGround=-14N target=0.0 limit=2938Nm motorNm=-6 tyreNm=9 inertia=1.82 limRot=0/-0/-0 omegaPre=-0.05 posN=-1/-8/0 susp=-0.3463 springN=731
INFO 2026-07-27 15:27:08.792 joltshadow - docs §70.1: slipdense (player) f=80 w=3 grounded=1 kappa=-0.014 fnGround=1014 omega=-0.04 | ftGround=-14N target=0.0 limit=2944Nm motorNm=-6 tyreNm=8 inertia=1.82 limRot=0/-0/-0 omegaPre=-0.05 posN=-1/-8/0 susp=-0.3470 springN=736
INFO 2026-07-27 15:27:08.792 joltshadow - docs §78: attdense (player) f=80 joltTilt=1.09 odeTilt=0.94 upDelta=0.15 wBody=(-0.04,0.00,-0.00) |w|=0.04 grounded=4
INFO 2026-07-27 15:27:08.818 joltshadow - docs §70.1: slipdense (player) f=84 w=0 grounded=1 kappa=0.081 fnGround=0 omega=0.00 | ftGround=0N target=0.0 limit=815Nm motorNm=4 tyreNm=0 inertia=1.78 limRot=0/0/0 omegaPre=-0.01 posN=0/-8/0 susp=-0.1680 springN=-149
INFO 2026-07-27 15:27:08.818 joltshadow - docs §70.1: slipdense (player) f=84 w=1 grounded=1 kappa=0.081 fnGround=0 omega=0.00 | ftGround=0N target=0.0 limit=815Nm motorNm=4 tyreNm=0 inertia=1.78 limRot=0/0/0 omegaPre=-0.01 posN=0/-8/0 susp=-0.1697 springN=-142
INFO 2026-07-27 15:27:08.818 joltshadow - docs §70.1: slipdense (player) f=84 w=2 grounded=1 kappa=0.074 fnGround=453 omega=0.00 | ftGround=55N target=0.0 limit=1467Nm motorNm=39 tyreNm=-34 inertia=1.82 limRot=0/1/-0 omegaPre=-0.01 posN=2/-71/0 susp=-0.2347 springN=198
INFO 2026-07-27 15:27:08.818 joltshadow - docs §70.1: slipdense (player) f=84 w=3 grounded=1 kappa=0.074 fnGround=461 omega=0.00 | ftGround=55N target=0.0 limit=1484Nm motorNm=39 tyreNm=-34 inertia=1.82 limRot=0/1/-0 omegaPre=-0.01 posN=2/-71/0 susp=-0.2365 springN=207
INFO 2026-07-27 15:27:08.819 joltshadow - docs §78: attdense (player) f=84 joltTilt=1.12 odeTilt=0.85 upDelta=0.27 wBody=(0.00,0.00,-0.00) |w|=0.00 grounded=4
INFO 2026-07-27 15:27:08.844 joltshadow - docs §70.1: slipdense (player) f=88 w=0 grounded=0 kappa=0.000 fnGround=0 omega=0.06 | ftGround=0N target=0.0 limit=815Nm motorNm=3 tyreNm=0 inertia=1.78 limRot=0/0/0 omegaPre=0.05 posN=1/-15/0 susp=-0.0821 springN=-323
INFO 2026-07-27 15:27:08.844 joltshadow - docs §70.1: slipdense (player) f=88 w=1 grounded=0 kappa=0.000 fnGround=0 omega=0.06 | ftGround=0N target=0.0 limit=815Nm motorNm=3 tyreNm=0 inertia=1.78 limRot=0/0/0 omegaPre=0.05 posN=1/-15/0 susp=-0.0840 springN=-321
INFO 2026-07-27 15:27:08.844 joltshadow - docs §70.1: slipdense (player) f=88 w=2 grounded=0 kappa=0.000 fnGround=0 omega=0.06 | ftGround=0N target=0.0 limit=823Nm motorNm=3 tyreNm=0 inertia=1.82 limRot=0/0/0 omegaPre=0.05 posN=1/-15/0 susp=-0.1365 springN=-229
INFO 2026-07-27 15:27:08.844 joltshadow - docs §70.1: slipdense (player) f=88 w=3 grounded=0 kappa=0.000 fnGround=0 omega=0.06 | ftGround=0N target=0.0 limit=823Nm motorNm=3 tyreNm=0 inertia=1.82 limRot=0/0/0 omegaPre=0.05 posN=1/-15/0 susp=-0.1388 springN=-221
INFO 2026-07-27 15:27:08.844 joltshadow - docs §78: attdense (player) f=88 joltTilt=1.07 odeTilt=0.86 upDelta=0.22 wBody=(0.06,0.00,0.00) |w|=0.06 grounded=0
INFO 2026-07-27 15:27:08.870 joltshadow - docs §70.1: slipdense (player) f=92 w=0 grounded=0 kappa=0.000 fnGround=0 omega=0.08 | ftGround=0N target=0.0 limit=815Nm motorNm=1 tyreNm=0 inertia=1.78 limRot=0/0/0 omegaPre=0.08 posN=0/-5/0 susp=-0.0301 springN=-259
INFO 2026-07-27 15:27:08.870 joltshadow - docs §70.1: slipdense (player) f=92 w=1 grounded=0 kappa=0.000 fnGround=0 omega=0.08 | ftGround=0N target=0.0 limit=815Nm motorNm=1 tyreNm=0 inertia=1.78 limRot=0/0/0 omegaPre=0.08 posN=0/-6/0 susp=-0.0311 springN=-261
INFO 2026-07-27 15:27:08.870 joltshadow - docs §70.1: slipdense (player) f=92 w=2 grounded=0 kappa=0.000 fnGround=0 omega=0.08 | ftGround=0N target=0.0 limit=823Nm motorNm=1 tyreNm=0 inertia=1.82 limRot=0/0/0 omegaPre=0.08 posN=0/-6/0 susp=-0.0618 springN=-326
INFO 2026-07-27 15:27:08.870 joltshadow - docs §70.1: slipdense (player) f=92 w=3 grounded=0 kappa=0.000 fnGround=0 omega=0.08 | ftGround=0N target=0.0 limit=823Nm motorNm=1 tyreNm=0 inertia=1.82 limRot=0/0/0 omegaPre=0.08 posN=0/-6/0 susp=-0.0635 springN=-326
INFO 2026-07-27 15:27:08.870 joltshadow - docs §78: attdense (player) f=92 joltTilt=0.96 odeTilt=0.92 upDelta=0.07 wBody=(0.08,0.00,0.00) |w|=0.08 grounded=0
INFO 2026-07-27 15:27:08.897 joltshadow - docs §70.1: slipdense (player) f=96 w=0 grounded=0 kappa=0.000 fnGround=0 omega=0.09 | ftGround=0N target=0.0 limit=815Nm motorNm=-0 tyreNm=0 inertia=1.78 limRot=0/-0/0 omegaPre=0.09 posN=-0/0/0 susp=-0.0049 springN=-147
INFO 2026-07-27 15:27:08.897 joltshadow - docs §70.1: slipdense (player) f=96 w=1 grounded=0 kappa=0.000 fnGround=0 omega=0.09 | ftGround=0N target=0.0 limit=815Nm motorNm=-0 tyreNm=0 inertia=1.78 limRot=0/-0/0 omegaPre=0.09 posN=-0/0/0 susp=-0.0047 springN=-152
INFO 2026-07-27 15:27:08.897 joltshadow - docs §70.1: slipdense (player) f=96 w=2 grounded=0 kappa=0.000 fnGround=0 omega=0.09 | ftGround=0N target=0.0 limit=823Nm motorNm=-0 tyreNm=0 inertia=1.82 limRot=0/-0/-0 omegaPre=0.09 posN=-0/-0/0 susp=-0.0173 springN=-249
INFO 2026-07-27 15:27:08.897 joltshadow - docs §70.1: slipdense (player) f=96 w=3 grounded=0 kappa=0.000 fnGround=0 omega=0.09 | ftGround=0N target=0.0 limit=823Nm motorNm=-0 tyreNm=0 inertia=1.82 limRot=0/-0/-0 omegaPre=0.09 posN=-0/-0/0 susp=-0.0175 springN=-254
INFO 2026-07-27 15:27:08.897 joltshadow - docs §78: attdense (player) f=96 joltTilt=0.82 odeTilt=1.00 upDelta=0.18 wBody=(0.09,0.00,0.00) |w|=0.09 grounded=0
INFO 2026-07-27 15:27:08.923 joltshadow - docs §70.1: slipdense (player) f=100 w=0 grounded=0 kappa=0.000 fnGround=0 omega=0.08 | ftGround=0N target=0.0 limit=815Nm motorNm=-0 tyreNm=0 inertia=1.78 limRot=0/-0/0 omegaPre=0.08 posN=-0/2/0 susp=0.0031 springN=-66
INFO 2026-07-27 15:27:08.923 joltshadow - docs §70.1: slipdense (player) f=100 w=1 grounded=0 kappa=0.000 fnGround=0 omega=0.08 | ftGround=0N target=0.0 limit=815Nm motorNm=-0 tyreNm=0 inertia=1.78 limRot=0/-0/0 omegaPre=0.08 posN=-0/2/0 susp=0.0041 springN=-70
INFO 2026-07-27 15:27:08.923 joltshadow - docs §70.1: slipdense (player) f=100 w=2 grounded=0 kappa=0.000 fnGround=0 omega=0.08 | ftGround=0N target=0.0 limit=823Nm motorNm=-0 tyreNm=0 inertia=1.82 limRot=0/-0/-0 omegaPre=0.08 posN=-1/2/0 susp=0.0016 springN=-146
INFO 2026-07-27 15:27:08.923 joltshadow - docs §70.1: slipdense (player) f=100 w=3 grounded=0 kappa=0.000 fnGround=0 omega=0.08 | ftGround=0N target=0.0 limit=823Nm motorNm=-0 tyreNm=0 inertia=1.82 limRot=0/-0/-0 omegaPre=0.08 posN=-1/2/0 susp=0.0026 springN=-151
INFO 2026-07-27 15:27:08.923 joltshadow - docs §78: attdense (player) f=100 joltTilt=0.70 odeTilt=1.08 upDelta=0.38 wBody=(0.08,0.00,0.00) |w|=0.08 grounded=0
INFO 2026-07-27 15:27:08.949 joltshadow - docs §70.1: slipdense (player) f=104 w=0 grounded=0 kappa=0.000 fnGround=0 omega=0.07 | ftGround=0N target=0.0 limit=815Nm motorNm=-0 tyreNm=0 inertia=1.78 limRot=0/-0/0 omegaPre=0.08 posN=-1/2/0 susp=0.0035 springN=-19
INFO 2026-07-27 15:27:08.949 joltshadow - docs §70.1: slipdense (player) f=104 w=1 grounded=0 kappa=0.000 fnGround=0 omega=0.07 | ftGround=0N target=0.0 limit=815Nm motorNm=-0 tyreNm=0 inertia=1.78 limRot=0/-0/0 omegaPre=0.08 posN=-1/2/0 susp=0.0053 springN=-23
INFO 2026-07-27 15:27:08.949 joltshadow - docs §70.1: slipdense (player) f=104 w=2 grounded=0 kappa=0.000 fnGround=0 omega=0.07 | ftGround=0N target=0.0 limit=823Nm motorNm=-0 tyreNm=0 inertia=1.82 limRot=0/-0/-0 omegaPre=0.08 posN=-1/2/0 susp=0.0070 springN=-66
INFO 2026-07-27 15:27:08.949 joltshadow - docs §70.1: slipdense (player) f=104 w=3 grounded=0 kappa=0.000 fnGround=0 omega=0.07 | ftGround=0N target=0.0 limit=823Nm motorNm=-0 tyreNm=0 inertia=1.82 limRot=0/-0/-0 omegaPre=0.08 posN=-1/2/0 susp=0.0088 springN=-71
INFO 2026-07-27 15:27:08.949 joltshadow - docs §78: attdense (player) f=104 joltTilt=0.58 odeTilt=1.13 upDelta=0.55 wBody=(0.07,0.00,-0.00) |w|=0.07 grounded=0
INFO 2026-07-27 15:27:08.973 joltshadow - docs §70.1: slipdense (player) f=108 w=0 grounded=0 kappa=0.000 fnGround=0 omega=0.07 | ftGround=0N target=0.0 limit=815Nm motorNm=-0 tyreNm=0 inertia=1.78 limRot=0/-0/0 omegaPre=0.07 posN=-0/1/0 susp=0.0020 springN=0
INFO 2026-07-27 15:27:08.974 joltshadow - docs §70.1: slipdense (player) f=108 w=1 grounded=0 kappa=0.000 fnGround=0 omega=0.07 | ftGround=0N target=0.0 limit=815Nm motorNm=-0 tyreNm=0 inertia=1.78 limRot=0/-0/0 omegaPre=0.07 posN=-0/1/0 susp=0.0042 springN=-2
INFO 2026-07-27 15:27:08.974 joltshadow - docs §70.1: slipdense (player) f=108 w=2 grounded=0 kappa=0.000 fnGround=0 omega=0.07 | ftGround=0N target=0.0 limit=823Nm motorNm=-0 tyreNm=0 inertia=1.82 limRot=0/-0/-0 omegaPre=0.07 posN=-0/1/0 susp=0.0063 springN=-20
INFO 2026-07-27 15:27:08.974 joltshadow - docs §70.1: slipdense (player) f=108 w=3 grounded=0 kappa=0.000 fnGround=0 omega=0.07 | ftGround=0N target=0.0 limit=823Nm motorNm=-0 tyreNm=0 inertia=1.82 limRot=0/-0/-0 omegaPre=0.07 posN=-0/1/0 susp=0.0085 springN=-23
INFO 2026-07-27 15:27:08.974 joltshadow - docs §78: attdense (player) f=108 joltTilt=0.48 odeTilt=1.15 upDelta=0.67 wBody=(0.07,0.00,-0.00) |w|=0.07 grounded=0
INFO 2026-07-27 15:27:08.999 joltshadow - docs §70.1: slipdense (player) f=112 w=0 grounded=0 kappa=0.000 fnGround=0 omega=0.07 | ftGround=0N target=0.0 limit=815Nm motorNm=-0 tyreNm=0 inertia=1.78 limRot=0/-0/0 omegaPre=0.07 posN=-0/0/0 susp=0.0005 springN=6
INFO 2026-07-27 15:27:08.999 joltshadow - docs §70.1: slipdense (player) f=112 w=1 grounded=0 kappa=0.000 fnGround=0 omega=0.07 | ftGround=0N target=0.0 limit=815Nm motorNm=-0 tyreNm=0 inertia=1.78 limRot=0/-0/0 omegaPre=0.07 posN=-0/0/0 susp=0.0028 springN=5
INFO 2026-07-27 15:27:08.999 joltshadow - docs §70.1: slipdense (player) f=112 w=2 grounded=0 kappa=0.000 fnGround=0 omega=0.07 | ftGround=0N target=0.0 limit=823Nm motorNm=-0 tyreNm=0 inertia=1.82 limRot=0/-0/-0 omegaPre=0.07 posN=-0/1/0 susp=0.0038 springN=2
INFO 2026-07-27 15:27:08.999 joltshadow - docs §70.1: slipdense (player) f=112 w=3 grounded=0 kappa=0.000 fnGround=0 omega=0.07 | ftGround=0N target=0.0 limit=823Nm motorNm=-0 tyreNm=0 inertia=1.82 limRot=0/-0/-0 omegaPre=0.07 posN=-0/1/0 susp=0.0062 springN=1
INFO 2026-07-27 15:27:08.999 joltshadow - docs §78: attdense (player) f=112 joltTilt=0.38 odeTilt=1.14 upDelta=0.76 wBody=(0.07,0.00,-0.00) |w|=0.07 grounded=0
INFO 2026-07-27 15:27:09.026 joltshadow - docs §70.1: slipdense (player) f=116 w=0 grounded=0 kappa=0.000 fnGround=0 omega=0.07 | ftGround=0N target=0.0 limit=815Nm motorNm=-0 tyreNm=0 inertia=1.78 limRot=0/-0/0 omegaPre=0.07 posN=-0/-0/0 susp=-0.0008 springN=6
INFO 2026-07-27 15:27:09.026 joltshadow - docs §70.1: slipdense (player) f=116 w=1 grounded=0 kappa=0.000 fnGround=0 omega=0.07 | ftGround=0N target=0.0 limit=815Nm motorNm=-0 tyreNm=0 inertia=1.78 limRot=0/-0/0 omegaPre=0.07 posN=-0/-0/0 susp=0.0017 springN=5
INFO 2026-07-27 15:27:09.026 joltshadow - docs §70.1: slipdense (player) f=116 w=2 grounded=0 kappa=0.000 fnGround=0 omega=0.07 | ftGround=0N target=0.0 limit=823Nm motorNm=-0 tyreNm=0 inertia=1.82 limRot=0/-0/-0 omegaPre=0.07 posN=-0/0/0 susp=0.0013 springN=9
INFO 2026-07-27 15:27:09.026 joltshadow - docs §70.1: slipdense (player) f=116 w=3 grounded=0 kappa=0.000 fnGround=0 omega=0.07 | ftGround=0N target=0.0 limit=823Nm motorNm=-0 tyreNm=0 inertia=1.82 limRot=0/-0/-0 omegaPre=0.07 posN=-0/0/0 susp=0.0038 springN=8
INFO 2026-07-27 15:27:09.026 joltshadow - docs §78: attdense (player) f=116 joltTilt=0.28 odeTilt=1.11 upDelta=0.84 wBody=(0.07,0.00,-0.00) |w|=0.07 grounded=0
INFO 2026-07-27 15:27:09.051 joltshadow - docs §70.1: slipdense (player) f=120 w=0 grounded=0 kappa=0.000 fnGround=0 omega=0.07 | ftGround=0N target=0.0 limit=815Nm motorNm=0 tyreNm=0 inertia=1.78 limRot=0/-0/0 omegaPre=0.07 posN=-0/-0/0 susp=-0.0013 springN=3
INFO 2026-07-27 15:27:09.051 joltshadow - docs §70.1: slipdense (player) f=120 w=1 grounded=0 kappa=0.000 fnGround=0 omega=0.07 | ftGround=0N target=0.0 limit=815Nm motorNm=0 tyreNm=0 inertia=1.78 limRot=0/-0/0 omegaPre=0.07 posN=-0/-0/0 susp=0.0011 springN=4
INFO 2026-07-27 15:27:09.051 joltshadow - docs §70.1: slipdense (player) f=120 w=2 grounded=0 kappa=0.000 fnGround=0 omega=0.07 | ftGround=0N target=0.0 limit=823Nm motorNm=0 tyreNm=0 inertia=1.82 limRot=0/-0/-0 omegaPre=0.07 posN=-0/0/0 susp=-0.0002 springN=9
INFO 2026-07-27 15:27:09.051 joltshadow - docs §70.1: slipdense (player) f=120 w=3 grounded=0 kappa=0.000 fnGround=0 omega=0.07 | ftGround=0N target=0.0 limit=823Nm motorNm=0 tyreNm=0 inertia=1.82 limRot=0/-0/-0 omegaPre=0.07 posN=-0/0/0 susp=0.0024 springN=8
INFO 2026-07-27 15:27:09.051 joltshadow - docs §78: attdense (player) f=120 joltTilt=0.20 odeTilt=1.07 upDelta=0.91 wBody=(0.07,0.00,-0.00) |w|=0.07 grounded=0
INFO 2026-07-27 15:27:09.051 joltshadow - Shadow divergence (player): pos=2.353m vel=1.466m/s angle=0.9deg (jolt com=[4668.5 260.3 1251.9] ode com=[4668.5 258.0 1251.5])
INFO 2026-07-27 15:27:09.051 joltshadow - docs §23.6: driver input (player) realThrottle=-10.00 brake=0.01 handBrake=1 steerRad=0.000
INFO 2026-07-27 15:27:09.052 joltshadow - docs §32: Jolt SHADOW chassis pitch (player) forward=(-0.223, 0.003, -0.975)
INFO 2026-07-27 15:27:09.052 joltshadow - docs §69: tilt (player) jolt=0.2 deg ode=1.1 deg delta=-0.9 deg upDelta=0.91 deg
INFO 2026-07-27 15:27:09.052 joltshadow - docs §32.4: Jolt SHADOW chassis lowest corner (player) = (4670.70,258.98,1254.69) clearanceToGround=0.982
INFO 2026-07-27 15:27:09.052 joltshadow - docs §23.5: wheel state (player) wheel=0 contact=0 suspLen=1.050 (range 0.050-1.050, 0% compressed) angVel=0.00
INFO 2026-07-27 15:27:09.052 joltshadow - docs §38.11: wheel=0 NO contact, worldAxle=(0.975,-0.002,-0.223)
INFO 2026-07-27 15:27:09.052 joltshadow - docs §32: no-contact raycast (player) wheel=0 bodyPos=(4668.46,259.58,1251.55) localMPos=(-1.155,0.060,2.270) origin=(4669.08,259.64,1249.08) dir=(-0.002,-1.000,-0.002) normalRayLen=1.679 groundFoundAt=0.000 shortfallBeyondTravel=-1.679 hitBody=8391030 hitLayer=1 hitMotion=2 hitIsSelfChassis=0
INFO 2026-07-27 15:27:09.052 joltshadow - docs §23.5: wheel state (player) wheel=1 contact=0 suspLen=1.050 (range 0.050-1.050, 0% compressed) angVel=0.00
INFO 2026-07-27 15:27:09.052 joltshadow - docs §38.11: wheel=1 NO contact, worldAxle=(0.975,-0.002,-0.223)
INFO 2026-07-27 15:27:09.052 joltshadow - docs §32: no-contact raycast (player) wheel=1 bodyPos=(4668.46,259.58,1251.55) localMPos=(1.155,0.059,2.270) origin=(4666.83,259.64,1249.59) dir=(-0.002,-1.000,-0.002) normalRayLen=1.679 groundFoundAt=0.000 shortfallBeyondTravel=-1.679 hitBody=8391030 hitLayer=1 hitMotion=2 hitIsSelfChassis=0
INFO 2026-07-27 15:27:09.052 joltshadow - docs §23.5: wheel state (player) wheel=2 contact=0 suspLen=1.050 (range 0.050-1.050, 0% compressed) angVel=0.00
INFO 2026-07-27 15:27:09.052 joltshadow - docs §38.11: wheel=2 NO contact, worldAxle=(0.975,-0.002,-0.223)
INFO 2026-07-27 15:27:09.052 joltshadow - docs §32: no-contact raycast (player) wheel=2 bodyPos=(4668.46,259.58,1251.55) localMPos=(-1.253,0.145,-2.062) origin=(4670.14,259.71,1253.28) dir=(-0.002,-1.000,-0.002) normalRayLen=1.685 groundFoundAt=0.000 shortfallBeyondTravel=-1.685 hitBody=8391030 hitLayer=1 hitMotion=2 hitIsSelfChassis=0
INFO 2026-07-27 15:27:09.052 joltshadow - docs §23.5: wheel state (player) wheel=3 contact=0 suspLen=1.050 (range 0.050-1.050, 0% compressed) angVel=0.00
INFO 2026-07-27 15:27:09.052 joltshadow - docs §38.11: wheel=3 NO contact, worldAxle=(0.975,-0.002,-0.223)
INFO 2026-07-27 15:27:09.052 joltshadow - docs §32: no-contact raycast (player) wheel=3 bodyPos=(4668.46,259.58,1251.55) localMPos=(1.253,0.146,-2.062) origin=(4667.70,259.72,1253.83) dir=(-0.002,-1.000,-0.002) normalRayLen=1.685 groundFoundAt=0.000 shortfallBeyondTravel=-1.685 hitBody=8391030 hitLayer=1 hitMotion=2 hitIsSelfChassis=0
INFO 2026-07-27 15:27:09.052 joltshadow - docs §59/63: harvest (player) wheelsWithContact=0 contactPoints=0 overflow=0 (of 4) | maxNormalF=0N bound(k_t*tau)=0N ratio=0.00
INFO 2026-07-27 15:27:09.052 joltshadow - docs §58: wheel body (player) w=0 springF=3N stopF=0N travel=-0.0013 (limits -0.5000..0.5000 rel spawn) kSusp=6000 sagPredicted=0.0006 | frameTrav=-0.0013..-0.0012 frameStopN=0
INFO 2026-07-27 15:27:09.052 joltshadow - docs §66: tyre band (player) w=0 fnGround=0N fnTotal=0N pen=0.00000 penRaw=0.00000 tau=0.01000 pen/tau=0.00 | recs tyre=0 rim=0 survived=0 stale=0 distMax=0.00R
INFO 2026-07-27 15:27:09.052 joltshadow - docs §68: steer (player) w=0 steerable=1 commanded=0.000 rad measured=0.000 rad err=0.00 deg steerSign=-1 steerTq=0Nm cap=815Nm sat=0.00
INFO 2026-07-27 15:27:09.052 joltshadow - docs §70: slip (player) w=0 grounded=0 kappa=0.000 fnGround=0N omega=0.07
INFO 2026-07-27 15:27:09.052 joltshadow - docs §67: spin (player) w=0 driven=1 omega=0.07 rad/s surfaceSpeed=0.04 m/s spinSign=+1 motorTq=0Nm cmdTq=815Nm
INFO 2026-07-27 15:27:09.052 joltshadow - docs §58: wheel body (player) w=1 springF=4N stopF=0N travel=0.0011 (limits -0.5000..0.5000 rel spawn) kSusp=6000 sagPredicted=0.0006 | frameTrav=0.0011..0.0011 frameStopN=0
INFO 2026-07-27 15:27:09.052 joltshadow - docs §66: tyre band (player) w=1 fnGround=0N fnTotal=0N pen=0.00000 penRaw=0.00000 tau=0.01000 pen/tau=0.00 | recs tyre=0 rim=0 survived=0 stale=0 distMax=0.00R
INFO 2026-07-27 15:27:09.053 joltshadow - docs §68: steer (player) w=1 steerable=1 commanded=0.000 rad measured=0.000 rad err=0.00 deg steerSign=-1 steerTq=0Nm cap=815Nm sat=0.00
INFO 2026-07-27 15:27:09.053 joltshadow - docs §70: slip (player) w=1 grounded=0 kappa=0.000 fnGround=0N omega=0.07
INFO 2026-07-27 15:27:09.053 joltshadow - docs §67: spin (player) w=1 driven=1 omega=0.07 rad/s surfaceSpeed=0.04 m/s spinSign=+1 motorTq=0Nm cmdTq=815Nm
INFO 2026-07-27 15:27:09.053 joltshadow - docs §58: wheel body (player) w=2 springF=9N stopF=0N travel=-0.0002 (limits -0.5000..0.5000 rel spawn) kSusp=6000 sagPredicted=0.0014 | frameTrav=-0.0002..-0.0001 frameStopN=0
INFO 2026-07-27 15:27:09.053 joltshadow - docs §66: tyre band (player) w=2 fnGround=0N fnTotal=0N pen=0.00000 penRaw=0.00000 tau=0.01000 pen/tau=0.00 | recs tyre=0 rim=0 survived=0 stale=0 distMax=0.00R
INFO 2026-07-27 15:27:09.053 joltshadow - docs §68: steer (player) w=2 steerable=0 commanded=0.000 rad measured=0.000 rad err=0.00 deg steerSign=-1 steerTq=0Nm cap=340282346638528859811704183484516925440Nm sat=0.00
INFO 2026-07-27 15:27:09.053 joltshadow - docs §70: slip (player) w=2 grounded=0 kappa=0.000 fnGround=0N omega=0.07
INFO 2026-07-27 15:27:09.053 joltshadow - docs §67: spin (player) w=2 driven=1 omega=0.07 rad/s surfaceSpeed=0.04 m/s spinSign=+1 motorTq=0Nm cmdTq=823Nm
INFO 2026-07-27 15:27:09.053 joltshadow - docs §58: wheel body (player) w=3 springF=8N stopF=0N travel=0.0024 (limits -0.5000..0.5000 rel spawn) kSusp=6000 sagPredicted=0.0014 | frameTrav=0.0024..0.0025 frameStopN=0
INFO 2026-07-27 15:27:09.053 joltshadow - docs §66: tyre band (player) w=3 fnGround=0N fnTotal=0N pen=0.00000 penRaw=0.00000 tau=0.01000 pen/tau=0.00 | recs tyre=0 rim=0 survived=0 stale=0 distMax=0.00R
INFO 2026-07-27 15:27:09.053 joltshadow - docs §68: steer (player) w=3 steerable=0 commanded=0.000 rad measured=0.000 rad err=0.00 deg steerSign=-1 steerTq=0Nm cap=340282346638528859811704183484516925440Nm sat=0.00
INFO 2026-07-27 15:27:09.053 joltshadow - docs §70: slip (player) w=3 grounded=0 kappa=0.000 fnGround=0N omega=0.07
INFO 2026-07-27 15:27:09.053 joltshadow - docs §67: spin (player) w=3 driven=1 omega=0.07 rad/s surfaceSpeed=0.04 m/s spinSign=+1 motorTq=0Nm cmdTq=823Nm
INFO 2026-07-27 15:27:09.053 joltshadow - docs §67: drivetrain (player) gear=0 rpm=14 driveTorque=600Nm perWheel=150Nm driven=4 throttle=-1.00 spin=1 | PRE-STEP brake=0.01 handBrake=1
INFO 2026-07-27 15:27:09.053 joltshadow - docs §66: tyre band SUM (player) fnGroundSum=0N fnTotalSum=0N weight=942N carried=0.00 | penSum=0.00000 recs tyre=0 rim=0 stale=0
INFO 2026-07-27 15:27:09.053 joltshadow - docs §30: REAL ODE chassis COM (player) body=54C8BDB0 = (4668.454, 258.013, 1251.496) forward=(-0.223, 0.019, -0.975)
INFO 2026-07-27 15:27:09.053 joltshadow - docs §33: real ODE chassis geom (player) #1 = class 0 (not a transform) pos=(4668.454,258.013,1251.496) radius=4.500
INFO 2026-07-27 15:27:09.053 joltshadow - docs §33: real ODE chassis geom (player) #2 = transform, inner class=1 pos=(0.000,1.095,-0.495)
INFO 2026-07-27 15:27:09.053 joltshadow - docs §33: real ODE chassis geom (player) #3 = transform, inner class=1 pos=(0.353,3.466,0.718)
INFO 2026-07-27 15:27:09.053 joltshadow - docs §33: real ODE chassis geom (player) #4 = transform, inner class=1 pos=(0.000,1.818,1.842)
INFO 2026-07-27 15:27:09.053 joltshadow - docs §33: real ODE chassis geom (player) #5 = transform, inner class=1 pos=(0.006,1.981,-2.113)
INFO 2026-07-27 15:27:09.053 joltshadow - docs §33: real ODE chassis geom (player) #6 = class 0 (not a transform) pos=(4668.454,258.013,1251.496) radius=30.000
INFO 2026-07-27 15:27:09.053 joltshadow - docs §33: real ODE chassis geom (player) #7 = class 0 (not a transform) pos=(4668.454,258.013,1251.496) radius=6.436
INFO 2026-07-27 15:27:09.053 joltshadow - docs §33: real ODE chassis geom (player) #8 = class 0 (not a transform) pos=(4668.454,258.013,1251.496) radius=200.000
INFO 2026-07-27 15:27:09.053 joltshadow - docs §33: real ODE chassis (player) has 8 total geom(s) directly attached (4 transform(s)) - compare against BuildChassisCompoundShape's own part/geom count in the build log
INFO 2026-07-27 15:27:09.053 joltshadow - docs §28: REAL ODE wheel state (player) wheel=0 displacement=0.0115 range=1.000 (1% compressed, signed) foreAft=2.270 localZ=2.270 cfm=0.002500 erp=0.2500
INFO 2026-07-27 15:27:09.053 joltshadow - docs §28: REAL ODE wheel state (player) wheel=1 displacement=0.0114 range=1.000 (1% compressed, signed) foreAft=2.270 localZ=2.270 cfm=0.002500 erp=0.2500
INFO 2026-07-27 15:27:09.053 joltshadow - docs §28: REAL ODE wheel state (player) wheel=2 displacement=0.0136 range=1.000 (1% compressed, signed) foreAft=-2.062 localZ=-2.062 cfm=0.002500 erp=0.2500
INFO 2026-07-27 15:27:09.054 joltshadow - docs §28: REAL ODE wheel state (player) wheel=3 displacement=0.0137 range=1.000 (1% compressed, signed) foreAft=-2.062 localZ=-2.062 cfm=0.002500 erp=0.2500
INFO 2026-07-27 15:27:09.078 joltshadow - docs §70.1: slipdense (player) f=124 w=0 grounded=0 kappa=0.000 fnGround=0 omega=0.07 | ftGround=0N target=0.0 limit=815Nm motorNm=0 tyreNm=0 inertia=1.78 limRot=0/0/0 omegaPre=0.07 posN=0/-0/0 susp=-0.0013 springN=1
INFO 2026-07-27 15:27:09.078 joltshadow - docs §70.1: slipdense (player) f=124 w=1 grounded=0 kappa=0.000 fnGround=0 omega=0.07 | ftGround=0N target=0.0 limit=815Nm motorNm=0 tyreNm=0 inertia=1.78 limRot=0/0/0 omegaPre=0.07 posN=0/-0/0 susp=0.0009 springN=2
INFO 2026-07-27 15:27:09.078 joltshadow - docs §70.1: slipdense (player) f=124 w=2 grounded=0 kappa=0.000 fnGround=0 omega=0.07 | ftGround=0N target=0.0 limit=823Nm motorNm=0 tyreNm=0 inertia=1.82 limRot=0/0/-0 omegaPre=0.07 posN=0/-0/0 susp=-0.0011 springN=6
INFO 2026-07-27 15:27:09.078 joltshadow - docs §70.1: slipdense (player) f=124 w=3 grounded=0 kappa=0.000 fnGround=0 omega=0.07 | ftGround=0N target=0.0 limit=823Nm motorNm=0 tyreNm=0 inertia=1.82 limRot=0/0/-0 omegaPre=0.07 posN=0/-0/0 susp=0.0015 springN=6
INFO 2026-07-27 15:27:09.078 joltshadow - docs §78: attdense (player) f=124 joltTilt=0.14 odeTilt=1.04 upDelta=0.99 wBody=(0.07,0.00,-0.00) |w|=0.07 grounded=0
INFO 2026-07-27 15:27:09.104 joltshadow - docs §70.1: slipdense (player) f=128 w=0 grounded=0 kappa=0.000 fnGround=0 omega=0.07 | ftGround=0N target=0.0 limit=815Nm motorNm=0 tyreNm=0 inertia=1.78 limRot=0/0/0 omegaPre=0.07 posN=0/-0/0 susp=-0.0013 springN=0
INFO 2026-07-27 15:27:09.104 joltshadow - docs §70.1: slipdense (player) f=128 w=1 grounded=0 kappa=0.000 fnGround=0 omega=0.07 | ftGround=0N target=0.0 limit=815Nm motorNm=0 tyreNm=0 inertia=1.78 limRot=0/0/0 omegaPre=0.07 posN=-0/-0/0 susp=0.0010 springN=0
INFO 2026-07-27 15:27:09.104 joltshadow - docs §70.1: slipdense (player) f=128 w=2 grounded=0 kappa=0.000 fnGround=0 omega=0.07 | ftGround=0N target=0.0 limit=823Nm motorNm=0 tyreNm=0 inertia=1.82 limRot=0/0/-0 omegaPre=0.07 posN=0/-0/0 susp=-0.0014 springN=3
INFO 2026-07-27 15:27:09.104 joltshadow - docs §70.1: slipdense (player) f=128 w=3 grounded=0 kappa=0.000 fnGround=0 omega=0.07 | ftGround=0N target=0.0 limit=823Nm motorNm=0 tyreNm=0 inertia=1.82 limRot=0/0/-0 omegaPre=0.07 posN=0/0/0 susp=0.0011 springN=3
INFO 2026-07-27 15:27:09.104 joltshadow - docs §78: attdense (player) f=128 joltTilt=0.15 odeTilt=1.03 upDelta=1.07 wBody=(0.07,0.00,-0.00) |w|=0.07 grounded=0
INFO 2026-07-27 15:27:09.131 joltshadow - docs §70.1: slipdense (player) f=132 w=0 grounded=0 kappa=0.000 fnGround=0 omega=0.07 | ftGround=0N target=0.0 limit=815Nm motorNm=0 tyreNm=0 inertia=1.78 limRot=0/-0/0 omegaPre=0.07 posN=-0/-0/0 susp=-0.0013 springN=0
INFO 2026-07-27 15:27:09.131 joltshadow - docs §70.1: slipdense (player) f=132 w=1 grounded=0 kappa=0.000 fnGround=0 omega=0.07 | ftGround=0N target=0.0 limit=815Nm motorNm=0 tyreNm=0 inertia=1.78 limRot=0/-0/0 omegaPre=0.07 posN=-0/-0/0 susp=0.0011 springN=-0
INFO 2026-07-27 15:27:09.131 joltshadow - docs §70.1: slipdense (player) f=132 w=2 grounded=0 kappa=0.000 fnGround=0 omega=0.07 | ftGround=0N target=0.0 limit=823Nm motorNm=0 tyreNm=0 inertia=1.82 limRot=0/-0/-0 omegaPre=0.07 posN=-0/0/0 susp=-0.0015 springN=1
INFO 2026-07-27 15:27:09.131 joltshadow - docs §70.1: slipdense (player) f=132 w=3 grounded=0 kappa=0.000 fnGround=0 omega=0.07 | ftGround=0N target=0.0 limit=823Nm motorNm=0 tyreNm=0 inertia=1.82 limRot=0/-0/-0 omegaPre=0.07 posN=-0/0/0 susp=0.0011 springN=1
INFO 2026-07-27 15:27:09.131 joltshadow - docs §78: attdense (player) f=132 joltTilt=0.22 odeTilt=1.03 upDelta=1.18 wBody=(0.07,0.00,-0.00) |w|=0.07 grounded=0
INFO 2026-07-27 15:27:09.158 joltshadow - docs §70.1: slipdense (player) f=136 w=0 grounded=0 kappa=0.000 fnGround=0 omega=0.07 | ftGround=0N target=0.0 limit=815Nm motorNm=-0 tyreNm=0 inertia=1.78 limRot=0/-0/0 omegaPre=0.07 posN=-0/-0/0 susp=-0.0013 springN=0
INFO 2026-07-27 15:27:09.158 joltshadow - docs §70.1: slipdense (player) f=136 w=1 grounded=0 kappa=0.000 fnGround=0 omega=0.07 | ftGround=0N target=0.0 limit=815Nm motorNm=-0 tyreNm=0 inertia=1.78 limRot=0/-0/0 omegaPre=0.07 posN=-0/-0/0 susp=0.0011 springN=-0
INFO 2026-07-27 15:27:09.158 joltshadow - docs §70.1: slipdense (player) f=136 w=2 grounded=0 kappa=0.000 fnGround=0 omega=0.07 | ftGround=0N target=0.0 limit=823Nm motorNm=-0 tyreNm=0 inertia=1.82 limRot=0/-0/-0 omegaPre=0.07 posN=-0/0/0 susp=-0.0014 springN=0
INFO 2026-07-27 15:27:09.158 joltshadow - docs §70.1: slipdense (player) f=136 w=3 grounded=0 kappa=0.000 fnGround=0 omega=0.07 | ftGround=0N target=0.0 limit=823Nm motorNm=-0 tyreNm=0 inertia=1.82 limRot=0/-0/-0 omegaPre=0.07 posN=-0/0/0 susp=0.0012 springN=0
INFO 2026-07-27 15:27:09.158 joltshadow - docs §78: attdense (player) f=136 joltTilt=0.32 odeTilt=1.03 upDelta=1.30 wBody=(0.07,0.00,-0.00) |w|=0.07 grounded=0
INFO 2026-07-27 15:27:09.183 joltshadow - docs §70.1: slipdense (player) f=140 w=0 grounded=0 kappa=0.000 fnGround=0 omega=0.07 | ftGround=0N target=0.0 limit=815Nm motorNm=-0 tyreNm=0 inertia=1.78 limRot=0/0/0 omegaPre=0.07 posN=-0/-0/0 susp=-0.0014 springN=0
INFO 2026-07-27 15:27:09.183 joltshadow - docs §70.1: slipdense (player) f=140 w=1 grounded=0 kappa=0.000 fnGround=0 omega=0.07 | ftGround=0N target=0.0 limit=815Nm motorNm=-0 tyreNm=0 inertia=1.78 limRot=0/0/0 omegaPre=0.07 posN=-0/-0/0 susp=0.0010 springN=0
INFO 2026-07-27 15:27:09.183 joltshadow - docs §70.1: slipdense (player) f=140 w=2 grounded=0 kappa=0.000 fnGround=0 omega=0.07 | ftGround=0N target=0.0 limit=823Nm motorNm=-0 tyreNm=0 inertia=1.82 limRot=0/0/-0 omegaPre=0.07 posN=0/0/0 susp=-0.0014 springN=0
INFO 2026-07-27 15:27:09.183 joltshadow - docs §70.1: slipdense (player) f=140 w=3 grounded=0 kappa=0.000 fnGround=0 omega=0.07 | ftGround=0N target=0.0 limit=823Nm motorNm=-0 tyreNm=0 inertia=1.82 limRot=0/0/-0 omegaPre=0.07 posN=-0/0/0 susp=0.0013 springN=0
INFO 2026-07-27 15:27:09.183 joltshadow - docs §78: attdense (player) f=140 joltTilt=0.41 odeTilt=1.05 upDelta=1.42 wBody=(0.07,0.00,-0.00) |w|=0.07 grounded=0
INFO 2026-07-27 15:27:09.216 joltshadow - docs §70.1: slipdense (player) f=144 w=0 grounded=0 kappa=0.000 fnGround=0 omega=0.07 | ftGround=0N target=0.0 limit=815Nm motorNm=-0 tyreNm=0 inertia=1.78 limRot=0/-0/0 omegaPre=0.07 posN=-0/-0/0 susp=-0.0016 springN=0
INFO 2026-07-27 15:27:09.216 joltshadow - docs §70.1: slipdense (player) f=144 w=1 grounded=0 kappa=0.000 fnGround=0 omega=0.07 | ftGround=0N target=0.0 limit=815Nm motorNm=-0 tyreNm=0 inertia=1.78 limRot=0/-0/0 omegaPre=0.07 posN=-0/-0/0 susp=0.0010 springN=0
INFO 2026-07-27 15:27:09.216 joltshadow - docs §70.1: slipdense (player) f=144 w=2 grounded=0 kappa=0.000 fnGround=0 omega=0.07 | ftGround=0N target=0.0 limit=823Nm motorNm=-0 tyreNm=0 inertia=1.82 limRot=0/-0/-0 omegaPre=0.07 posN=-0/0/0 susp=-0.0013 springN=-0
INFO 2026-07-27 15:27:09.216 joltshadow - docs §70.1: slipdense (player) f=144 w=3 grounded=0 kappa=0.000 fnGround=0 omega=0.07 | ftGround=0N target=0.0 limit=823Nm motorNm=-0 tyreNm=0 inertia=1.82 limRot=0/-0/-0 omegaPre=0.07 posN=-0/0/0 susp=0.0013 springN=-0
INFO 2026-07-27 15:27:09.216 joltshadow - docs §78: attdense (player) f=144 joltTilt=0.54 odeTilt=1.06 upDelta=1.57 wBody=(0.07,-0.00,-0.00) |w|=0.07 grounded=0
INFO 2026-07-27 15:27:09.227 joltshadow - docs §82: resync (player) #5 dt=0.50s upMax=1.614 deg posMax=1.172 m odeTiltPath=0.906 deg gain=1.7818
INFO 2026-07-27 15:27:09.227 joltshadow - docs §87: resync landing (player) w=0 pre=0.5182 post=-0.0026 m R=0.629 dY=-1.1675 dRotDeg=1.61 |corr|=1.1692 m
INFO 2026-07-27 15:27:09.227 joltshadow - docs §87: resync landing (player) w=1 pre=0.5260 post=-0.0028 m R=0.629 dY=-1.1675 dRotDeg=1.61 |corr|=1.1692 m
INFO 2026-07-27 15:27:09.227 joltshadow - docs §87: resync landing (player) w=2 pre=0.5604 post=-0.0022 m R=0.635 dY=-1.1675 dRotDeg=1.61 |corr|=1.1692 m
INFO 2026-07-27 15:27:09.227 joltshadow - docs §87: resync landing (player) w=3 pre=0.5690 post=-0.0014 m R=0.635 dY=-1.1675 dRotDeg=1.61 |corr|=1.1692 m
INFO 2026-07-27 15:27:09.227 joltshadow - docs §82: resync RESIDUAL (player) #5 pos=0.0000 m up=0.0000 deg
INFO 2026-07-27 15:27:09.257 joltshadow - docs §70.1: slipdense (player) f=148 w=0 grounded=1 kappa=-0.223 fnGround=1200 omega=-0.16 | ftGround=-188N target=0.0 limit=3020Nm motorNm=-115 tyreNm=112 inertia=1.78 limRot=0/-2/0 omegaPre=-0.14 posN=-2/132/0 susp=-0.4647 springN=1759
INFO 2026-07-27 15:27:09.257 joltshadow - docs §70.1: slipdense (player) f=148 w=1 grounded=1 kappa=-0.223 fnGround=1200 omega=-0.16 | ftGround=-188N target=0.0 limit=3020Nm motorNm=-115 tyreNm=112 inertia=1.78 limRot=0/-2/0 omegaPre=-0.14 posN=-2/131/0 susp=-0.4648 springN=1762
INFO 2026-07-27 15:27:09.257 joltshadow - docs §70.1: slipdense (player) f=148 w=2 grounded=1 kappa=-0.203 fnGround=1200 omega=-0.16 | ftGround=-171N target=0.0 limit=3049Nm motorNm=-103 tyreNm=100 inertia=1.82 limRot=0/-2/-0 omegaPre=-0.14 posN=-3/104/0 susp=-0.5163 springN=2264
INFO 2026-07-27 15:27:09.257 joltshadow - docs §70.1: slipdense (player) f=148 w=3 grounded=1 kappa=-0.203 fnGround=1200 omega=-0.16 | ftGround=-171N target=0.0 limit=3048Nm motorNm=-103 tyreNm=100 inertia=1.82 limRot=0/-2/-0 omegaPre=-0.14 posN=-3/103/0 susp=-0.5163 springN=2267
INFO 2026-07-27 15:27:09.257 joltshadow - docs §78: attdense (player) f=148 joltTilt=0.92 odeTilt=1.08 upDelta=0.15 wBody=(-0.16,0.00,-0.00) |w|=0.16 grounded=4
INFO 2026-07-27 15:27:09.285 joltshadow - docs §70.1: slipdense (player) f=152 w=0 grounded=1 kappa=-0.061 fnGround=1026 omega=-0.14 | ftGround=-46N target=0.0 limit=2885Nm motorNm=-25 tyreNm=27 inertia=1.78 limRot=0/-1/0 omegaPre=-0.15 posN=-1/20/0 susp=-0.3463 springN=713
INFO 2026-07-27 15:27:09.285 joltshadow - docs §70.1: slipdense (player) f=152 w=1 grounded=1 kappa=-0.061 fnGround=1029 omega=-0.14 | ftGround=-46N target=0.0 limit=2890Nm motorNm=-24 tyreNm=27 inertia=1.78 limRot=0/-1/0 omegaPre=-0.15 posN=-1/20/0 susp=-0.3471 springN=719
INFO 2026-07-27 15:27:09.285 joltshadow - docs §70.1: slipdense (player) f=152 w=2 grounded=1 kappa=-0.044 fnGround=1200 omega=-0.14 | ftGround=-33N target=0.0 limit=3049Nm motorNm=-16 tyreNm=19 inertia=1.82 limRot=0/-1/-0 omegaPre=-0.15 posN=-1/0/0 susp=-0.4291 springN=1317
INFO 2026-07-27 15:27:09.285 joltshadow - docs §70.1: slipdense (player) f=152 w=3 grounded=1 kappa=-0.043 fnGround=1200 omega=-0.14 | ftGround=-32N target=0.0 limit=3049Nm motorNm=-16 tyreNm=19 inertia=1.82 limRot=0/-1/-0 omegaPre=-0.15 posN=-1/-0/0 susp=-0.4300 springN=1325
INFO 2026-07-27 15:27:09.285 joltshadow - docs §78: attdense (player) f=152 joltTilt=1.16 odeTilt=1.08 upDelta=0.08 wBody=(-0.14,0.00,-0.00) |w|=0.14 grounded=4
INFO 2026-07-27 15:27:09.316 joltshadow - docs §70.1: slipdense (player) f=156 w=0 grounded=1 kappa=0.056 fnGround=299 omega=-0.08 | ftGround=48N target=0.0 limit=1194Nm motorNm=34 tyreNm=-29 inertia=1.78 limRot=0/1/0 omegaPre=-0.10 posN=1/-50/0 susp=-0.2139 springN=42
INFO 2026-07-27 15:27:09.316 joltshadow - docs §70.1: slipdense (player) f=156 w=1 grounded=1 kappa=0.056 fnGround=309 omega=-0.08 | ftGround=47N target=0.0 limit=1214Nm motorNm=33 tyreNm=-29 inertia=1.78 limRot=0/1/0 omegaPre=-0.10 posN=1/-50/0 susp=-0.2164 springN=53
INFO 2026-07-27 15:27:09.316 joltshadow - docs §70.1: slipdense (player) f=156 w=2 grounded=1 kappa=0.052 fnGround=783 omega=-0.08 | ftGround=44N target=0.0 limit=2457Nm motorNm=31 tyreNm=-27 inertia=1.82 limRot=0/1/-0 omegaPre=-0.10 posN=2/-55/0 susp=-0.2974 springN=507
INFO 2026-07-27 15:27:09.316 joltshadow - docs §70.1: slipdense (player) f=156 w=3 grounded=1 kappa=0.052 fnGround=794 omega=-0.08 | ftGround=44N target=0.0 limit=2479Nm motorNm=31 tyreNm=-27 inertia=1.82 limRot=0/1/-0 omegaPre=-0.10 posN=2/-55/0 susp=-0.3003 springN=520
INFO 2026-07-27 15:27:09.316 joltshadow - docs §78: attdense (player) f=156 joltTilt=1.34 odeTilt=1.08 upDelta=0.27 wBody=(-0.08,-0.00,-0.00) |w|=0.08 grounded=4
INFO 2026-07-27 15:27:09.358 joltshadow - docs §70.1: slipdense (player) f=160 w=0 grounded=0 kappa=0.000 fnGround=0 omega=0.04 | ftGround=0N target=0.0 limit=815Nm motorNm=3 tyreNm=0 inertia=1.78 limRot=0/0/0 omegaPre=0.02 posN=1/-15/0 susp=-0.0669 springN=-329
INFO 2026-07-27 15:27:09.358 joltshadow - docs §70.1: slipdense (player) f=160 w=1 grounded=0 kappa=0.000 fnGround=0 omega=0.04 | ftGround=0N target=0.0 limit=815Nm motorNm=3 tyreNm=0 inertia=1.78 limRot=0/0/0 omegaPre=0.02 posN=1/-15/0 susp=-0.0705 springN=-326
INFO 2026-07-27 15:27:09.358 joltshadow - docs §70.1: slipdense (player) f=160 w=2 grounded=0 kappa=0.000 fnGround=0 omega=0.04 | ftGround=0N target=0.0 limit=823Nm motorNm=3 tyreNm=0 inertia=1.82 limRot=0/0/0 omegaPre=0.02 posN=1/-14/0 susp=-0.1318 springN=-226
INFO 2026-07-27 15:27:09.358 joltshadow - docs §70.1: slipdense (player) f=160 w=3 grounded=0 kappa=0.000 fnGround=0 omega=0.04 | ftGround=0N target=0.0 limit=823Nm motorNm=3 tyreNm=0 inertia=1.82 limRot=0/0/0 omegaPre=0.02 posN=1/-14/0 susp=-0.1363 springN=-215
INFO 2026-07-27 15:27:09.358 joltshadow - docs §78: attdense (player) f=160 joltTilt=1.37 odeTilt=1.07 upDelta=0.32 wBody=(0.04,0.00,0.01) |w|=0.04 grounded=0
INFO 2026-07-27 15:27:09.398 joltshadow - docs §70.1: slipdense (player) f=164 w=0 grounded=0 kappa=0.000 fnGround=0 omega=0.06 | ftGround=0N target=0.0 limit=815Nm motorNm=-0 tyreNm=0 inertia=1.78 limRot=0/-0/0 omegaPre=0.06 posN=-0/-0/0 susp=-0.0085 springN=-179
INFO 2026-07-27 15:27:09.399 joltshadow - docs §70.1: slipdense (player) f=164 w=1 grounded=0 kappa=0.000 fnGround=0 omega=0.06 | ftGround=0N target=0.0 limit=815Nm motorNm=-0 tyreNm=0 inertia=1.78 limRot=0/-0/0 omegaPre=0.06 posN=-0/-0/0 susp=-0.0106 springN=-183
INFO 2026-07-27 15:27:09.399 joltshadow - docs §70.1: slipdense (player) f=164 w=2 grounded=0 kappa=0.000 fnGround=0 omega=0.06 | ftGround=0N target=0.0 limit=823Nm motorNm=-0 tyreNm=0 inertia=1.82 limRot=0/-0/-0 omegaPre=0.06 posN=-0/-1/0 susp=-0.0331 springN=-289
INFO 2026-07-27 15:27:09.399 joltshadow - docs §70.1: slipdense (player) f=164 w=3 grounded=0 kappa=0.000 fnGround=0 omega=0.06 | ftGround=0N target=0.0 limit=823Nm motorNm=-0 tyreNm=0 inertia=1.82 limRot=0/-0/-0 omegaPre=0.06 posN=-0/-1/0 susp=-0.0360 springN=-292
INFO 2026-07-27 15:27:09.399 joltshadow - docs §78: attdense (player) f=164 joltTilt=1.24 odeTilt=1.07 upDelta=0.21 wBody=(0.06,0.00,0.01) |w|=0.06 grounded=0
INFO 2026-07-27 15:27:09.440 joltshadow - docs §70.1: slipdense (player) f=168 w=0 grounded=0 kappa=0.000 fnGround=0 omega=0.05 | ftGround=0N target=0.0 limit=815Nm motorNm=-1 tyreNm=0 inertia=1.78 limRot=0/-0/0 omegaPre=0.05 posN=-1/3/0 susp=0.0043 springN=-45
INFO 2026-07-27 15:27:09.440 joltshadow - docs §70.1: slipdense (player) f=168 w=1 grounded=0 kappa=0.000 fnGround=0 omega=0.05 | ftGround=0N target=0.0 limit=815Nm motorNm=-1 tyreNm=0 inertia=1.78 limRot=0/-0/0 omegaPre=0.05 posN=-1/3/0 susp=0.0041 springN=-51
INFO 2026-07-27 15:27:09.441 joltshadow - docs §70.1: slipdense (player) f=168 w=2 grounded=0 kappa=0.000 fnGround=0 omega=0.05 | ftGround=0N target=0.0 limit=823Nm motorNm=-1 tyreNm=0 inertia=1.82 limRot=0/-0/-0 omegaPre=0.05 posN=-1/3/0 susp=0.0035 springN=-132
INFO 2026-07-27 15:27:09.441 joltshadow - docs §70.1: slipdense (player) f=168 w=3 grounded=0 kappa=0.000 fnGround=0 omega=0.05 | ftGround=0N target=0.0 limit=823Nm motorNm=-1 tyreNm=0 inertia=1.82 limRot=0/-0/-0 omegaPre=0.05 posN=-1/3/0 susp=0.0030 springN=-139
INFO 2026-07-27 15:27:09.441 joltshadow - docs §78: attdense (player) f=168 joltTilt=1.10 odeTilt=1.07 upDelta=0.10 wBody=(0.05,0.00,0.01) |w|=0.05 grounded=0
INFO 2026-07-27 15:27:09.481 joltshadow - docs §70.1: slipdense (player) f=172 w=0 grounded=0 kappa=0.000 fnGround=0 omega=0.04 | ftGround=0N target=0.0 limit=815Nm motorNm=-0 tyreNm=0 inertia=1.78 limRot=0/-0/0 omegaPre=0.04 posN=-0/2/0 susp=0.0029 springN=-1
INFO 2026-07-27 15:27:09.481 joltshadow - docs §70.1: slipdense (player) f=172 w=1 grounded=0 kappa=0.000 fnGround=0 omega=0.04 | ftGround=0N target=0.0 limit=815Nm motorNm=-0 tyreNm=0 inertia=1.78 limRot=0/-0/0 omegaPre=0.04 posN=-0/2/0 susp=0.0035 springN=-3
INFO 2026-07-27 15:27:09.481 joltshadow - docs §70.1: slipdense (player) f=172 w=2 grounded=0 kappa=0.000 fnGround=0 omega=0.04 | ftGround=0N target=0.0 limit=823Nm motorNm=-0 tyreNm=0 inertia=1.82 limRot=0/-0/-0 omegaPre=0.04 posN=-0/2/0 susp=0.0075 springN=-31
INFO 2026-07-27 15:27:09.481 joltshadow - docs §70.1: slipdense (player) f=172 w=3 grounded=0 kappa=0.000 fnGround=0 omega=0.04 | ftGround=0N target=0.0 limit=823Nm motorNm=-0 tyreNm=0 inertia=1.82 limRot=0/-0/-0 omegaPre=0.04 posN=-0/2/0 susp=0.0081 springN=-35
INFO 2026-07-27 15:27:09.481 joltshadow - docs §78: attdense (player) f=172 joltTilt=0.99 odeTilt=1.07 upDelta=0.11 wBody=(0.04,0.00,0.00) |w|=0.04 grounded=0
INFO 2026-07-27 15:27:09.521 joltshadow - docs §70.1: slipdense (player) f=176 w=0 grounded=0 kappa=0.000 fnGround=0 omega=0.03 | ftGround=0N target=0.0 limit=815Nm motorNm=-0 tyreNm=0 inertia=1.78 limRot=0/-0/0 omegaPre=0.03 posN=-0/0/0 susp=0.0005 springN=6
INFO 2026-07-27 15:27:09.521 joltshadow - docs §70.1: slipdense (player) f=176 w=1 grounded=0 kappa=0.000 fnGround=0 omega=0.03 | ftGround=0N target=0.0 limit=815Nm motorNm=-0 tyreNm=0 inertia=1.78 limRot=0/-0/0 omegaPre=0.03 posN=-0/0/0 susp=0.0013 springN=5
INFO 2026-07-27 15:27:09.522 joltshadow - docs §70.1: slipdense (player) f=176 w=2 grounded=0 kappa=0.000 fnGround=0 omega=0.03 | ftGround=0N target=0.0 limit=823Nm motorNm=-0 tyreNm=0 inertia=1.82 limRot=0/-0/-0 omegaPre=0.03 posN=-0/0/0 susp=0.0038 springN=5
INFO 2026-07-27 15:27:09.522 joltshadow - docs §70.1: slipdense (player) f=176 w=3 grounded=0 kappa=0.000 fnGround=0 omega=0.03 | ftGround=0N target=0.0 limit=823Nm motorNm=-0 tyreNm=0 inertia=1.82 limRot=0/-0/-0 omegaPre=0.03 posN=-0/0/0 susp=0.0046 springN=4
INFO 2026-07-27 15:27:09.522 joltshadow - docs §78: attdense (player) f=176 joltTilt=0.90 odeTilt=1.07 upDelta=0.18 wBody=(0.03,0.00,0.00) |w|=0.03 grounded=0
INFO 2026-07-27 15:27:09.566 joltshadow - docs §70.1: slipdense (player) f=180 w=0 grounded=0 kappa=0.000 fnGround=0 omega=0.03 | ftGround=0N target=0.0 limit=815Nm motorNm=0 tyreNm=0 inertia=1.78 limRot=0/-0/0 omegaPre=0.03 posN=-0/-0/0 susp=-0.0005 springN=3
INFO 2026-07-27 15:27:09.566 joltshadow - docs §70.1: slipdense (player) f=180 w=1 grounded=0 kappa=0.000 fnGround=0 omega=0.03 | ftGround=0N target=0.0 limit=815Nm motorNm=0 tyreNm=0 inertia=1.78 limRot=0/-0/0 omegaPre=0.03 posN=-0/-0/0 susp=0.0004 springN=3
INFO 2026-07-27 15:27:09.566 joltshadow - docs §70.1: slipdense (player) f=180 w=2 grounded=0 kappa=0.000 fnGround=0 omega=0.03 | ftGround=0N target=0.0 limit=823Nm motorNm=0 tyreNm=0 inertia=1.82 limRot=0/-0/-0 omegaPre=0.03 posN=-0/-0/0 susp=0.0005 springN=9
INFO 2026-07-27 15:27:09.566 joltshadow - docs §70.1: slipdense (player) f=180 w=3 grounded=0 kappa=0.000 fnGround=0 omega=0.03 | ftGround=0N target=0.0 limit=823Nm motorNm=0 tyreNm=0 inertia=1.82 limRot=0/-0/-0 omegaPre=0.03 posN=-0/-0/0 susp=0.0014 springN=9
INFO 2026-07-27 15:27:09.567 joltshadow - docs §78: attdense (player) f=180 joltTilt=0.81 odeTilt=1.07 upDelta=0.27 wBody=(0.03,0.00,0.00) |w|=0.03 grounded=0
INFO 2026-07-27 15:27:09.567 joltshadow - Shadow divergence (player): pos=2.375m vel=1.436m/s angle=0.3deg (jolt com=[4668.5 260.3 1251.9] ode com=[4668.5 258.0 1251.5])
INFO 2026-07-27 15:27:09.567 joltshadow - docs §23.6: driver input (player) realThrottle=10.00 brake=0.01 handBrake=1 steerRad=0.000
INFO 2026-07-27 15:27:09.567 joltshadow - docs §32: Jolt SHADOW chassis pitch (player) forward=(-0.223, 0.014, -0.975)
INFO 2026-07-27 15:27:09.567 joltshadow - docs §69: tilt (player) jolt=0.8 deg ode=1.1 deg delta=-0.3 deg upDelta=0.27 deg
INFO 2026-07-27 15:27:09.567 joltshadow - docs §32.4: Jolt SHADOW chassis lowest corner (player) = (4667.80,258.95,1255.37) clearanceToGround=0.951
INFO 2026-07-27 15:27:09.567 joltshadow - docs §23.5: wheel state (player) wheel=0 contact=0 suspLen=1.050 (range 0.050-1.050, 0% compressed) angVel=0.00
INFO 2026-07-27 15:27:09.567 joltshadow - docs §38.11: wheel=0 NO contact, worldAxle=(0.975,0.001,-0.223)
INFO 2026-07-27 15:27:09.567 joltshadow - docs §32: no-contact raycast (player) wheel=0 bodyPos=(4668.46,259.58,1251.56) localMPos=(-1.155,0.060,2.270) origin=(4669.08,259.68,1249.09) dir=(-0.002,-1.000,-0.014) normalRayLen=1.679 groundFoundAt=0.000 shortfallBeyondTravel=-1.679 hitBody=8391030 hitLayer=1 hitMotion=2 hitIsSelfChassis=0
INFO 2026-07-27 15:27:09.567 joltshadow - docs §23.5: wheel state (player) wheel=1 contact=0 suspLen=1.050 (range 0.050-1.050, 0% compressed) angVel=0.00
INFO 2026-07-27 15:27:09.567 joltshadow - docs §38.11: wheel=1 NO contact, worldAxle=(0.975,0.001,-0.223)
INFO 2026-07-27 15:27:09.567 joltshadow - docs §32: no-contact raycast (player) wheel=1 bodyPos=(4668.46,259.58,1251.56) localMPos=(1.155,0.059,2.270) origin=(4666.83,259.67,1249.61) dir=(-0.002,-1.000,-0.014) normalRayLen=1.679 groundFoundAt=0.000 shortfallBeyondTravel=-1.679 hitBody=8391030 hitLayer=1 hitMotion=2 hitIsSelfChassis=0
INFO 2026-07-27 15:27:09.567 joltshadow - docs §23.5: wheel state (player) wheel=2 contact=0 suspLen=1.050 (range 0.050-1.050, 0% compressed) angVel=0.00
INFO 2026-07-27 15:27:09.567 joltshadow - docs §38.11: wheel=2 NO contact, worldAxle=(0.975,0.001,-0.223)
INFO 2026-07-27 15:27:09.567 joltshadow - docs §32: no-contact raycast (player) wheel=2 bodyPos=(4668.46,259.58,1251.56) localMPos=(-1.253,0.145,-2.062) origin=(4670.14,259.70,1253.30) dir=(-0.002,-1.000,-0.014) normalRayLen=1.685 groundFoundAt=0.000 shortfallBeyondTravel=-1.685 hitBody=8391030 hitLayer=1 hitMotion=2 hitIsSelfChassis=0
INFO 2026-07-27 15:27:09.567 joltshadow - docs §23.5: wheel state (player) wheel=3 contact=0 suspLen=1.050 (range 0.050-1.050, 0% compressed) angVel=0.00
INFO 2026-07-27 15:27:09.567 joltshadow - docs §38.11: wheel=3 NO contact, worldAxle=(0.975,0.001,-0.223)
INFO 2026-07-27 15:27:09.567 joltshadow - docs §32: no-contact raycast (player) wheel=3 bodyPos=(4668.46,259.58,1251.56) localMPos=(1.253,0.146,-2.062) origin=(4667.69,259.70,1253.85) dir=(-0.002,-1.000,-0.014) normalRayLen=1.685 groundFoundAt=0.000 shortfallBeyondTravel=-1.685 hitBody=8391030 hitLayer=1 hitMotion=2 hitIsSelfChassis=0
INFO 2026-07-27 15:27:09.567 joltshadow - docs §59/63: harvest (player) wheelsWithContact=0 contactPoints=0 overflow=0 (of 4) | maxNormalF=0N bound(k_t*tau)=0N ratio=0.00
INFO 2026-07-27 15:27:09.567 joltshadow - docs §58: wheel body (player) w=0 springF=3N stopF=0N travel=-0.0005 (limits -0.5000..0.5000 rel spawn) kSusp=6000 sagPredicted=0.0005 | frameTrav=-0.0005..-0.0004 frameStopN=0
INFO 2026-07-27 15:27:09.567 joltshadow - docs §66: tyre band (player) w=0 fnGround=0N fnTotal=0N pen=0.00000 penRaw=0.00000 tau=0.01000 pen/tau=0.00 | recs tyre=0 rim=0 survived=0 stale=0 distMax=0.00R
INFO 2026-07-27 15:27:09.568 joltshadow - docs §68: steer (player) w=0 steerable=1 commanded=0.000 rad measured=0.000 rad err=0.00 deg steerSign=-1 steerTq=0Nm cap=815Nm sat=0.00
INFO 2026-07-27 15:27:09.568 joltshadow - docs §70: slip (player) w=0 grounded=0 kappa=0.000 fnGround=0N omega=0.03
INFO 2026-07-27 15:27:09.568 joltshadow - docs §67: spin (player) w=0 driven=1 omega=0.03 rad/s surfaceSpeed=0.02 m/s spinSign=+1 motorTq=0Nm cmdTq=815Nm
INFO 2026-07-27 15:27:09.568 joltshadow - docs §58: wheel body (player) w=1 springF=3N stopF=0N travel=0.0004 (limits -0.5000..0.5000 rel spawn) kSusp=6000 sagPredicted=0.0004 | frameTrav=0.0004..0.0005 frameStopN=0
INFO 2026-07-27 15:27:09.568 joltshadow - docs §66: tyre band (player) w=1 fnGround=0N fnTotal=0N pen=0.00000 penRaw=0.00000 tau=0.01000 pen/tau=0.00 | recs tyre=0 rim=0 survived=0 stale=0 distMax=0.00R
INFO 2026-07-27 15:27:09.568 joltshadow - docs §68: steer (player) w=1 steerable=1 commanded=0.000 rad measured=0.000 rad err=0.00 deg steerSign=-1 steerTq=0Nm cap=815Nm sat=0.00
INFO 2026-07-27 15:27:09.568 joltshadow - docs §70: slip (player) w=1 grounded=0 kappa=0.000 fnGround=0N omega=0.03
INFO 2026-07-27 15:27:09.568 joltshadow - docs §67: spin (player) w=1 driven=1 omega=0.03 rad/s surfaceSpeed=0.02 m/s spinSign=+1 motorTq=0Nm cmdTq=815Nm
INFO 2026-07-27 15:27:09.568 joltshadow - docs §58: wheel body (player) w=2 springF=9N stopF=0N travel=0.0005 (limits -0.5000..0.5000 rel spawn) kSusp=6000 sagPredicted=0.0015 | frameTrav=0.0005..0.0009 frameStopN=0
INFO 2026-07-27 15:27:09.568 joltshadow - docs §66: tyre band (player) w=2 fnGround=0N fnTotal=0N pen=0.00000 penRaw=0.00000 tau=0.01000 pen/tau=0.00 | recs tyre=0 rim=0 survived=0 stale=0 distMax=0.00R
INFO 2026-07-27 15:27:09.568 joltshadow - docs §68: steer (player) w=2 steerable=0 commanded=0.000 rad measured=0.000 rad err=0.00 deg steerSign=-1 steerTq=0Nm cap=340282346638528859811704183484516925440Nm sat=0.00
INFO 2026-07-27 15:27:09.568 joltshadow - docs §70: slip (player) w=2 grounded=0 kappa=0.000 fnGround=0N omega=0.03
INFO 2026-07-27 15:27:09.568 joltshadow - docs §67: spin (player) w=2 driven=1 omega=0.03 rad/s surfaceSpeed=0.02 m/s spinSign=+1 motorTq=0Nm cmdTq=823Nm
INFO 2026-07-27 15:27:09.568 joltshadow - docs §58: wheel body (player) w=3 springF=9N stopF=0N travel=0.0014 (limits -0.5000..0.5000 rel spawn) kSusp=6000 sagPredicted=0.0014 | frameTrav=0.0014..0.0019 frameStopN=0
INFO 2026-07-27 15:27:09.569 joltshadow - docs §66: tyre band (player) w=3 fnGround=0N fnTotal=0N pen=0.00000 penRaw=0.00000 tau=0.01000 pen/tau=0.00 | recs tyre=0 rim=0 survived=0 stale=0 distMax=0.00R
INFO 2026-07-27 15:27:09.569 joltshadow - docs §68: steer (player) w=3 steerable=0 commanded=0.000 rad measured=0.000 rad err=0.00 deg steerSign=-1 steerTq=0Nm cap=340282346638528859811704183484516925440Nm sat=0.00
INFO 2026-07-27 15:27:09.569 joltshadow - docs §70: slip (player) w=3 grounded=0 kappa=0.000 fnGround=0N omega=0.03
INFO 2026-07-27 15:27:09.569 joltshadow - docs §67: spin (player) w=3 driven=1 omega=0.03 rad/s surfaceSpeed=0.02 m/s spinSign=+1 motorTq=0Nm cmdTq=823Nm
INFO 2026-07-27 15:27:09.569 joltshadow - docs §67: drivetrain (player) gear=0 rpm=7 driveTorque=600Nm perWheel=150Nm driven=4 throttle=1.00 spin=1 | PRE-STEP brake=0.01 handBrake=1
INFO 2026-07-27 15:27:09.569 joltshadow - docs §66: tyre band SUM (player) fnGroundSum=0N fnTotalSum=0N weight=942N carried=0.00 | penSum=0.00000 recs tyre=0 rim=0 stale=0
INFO 2026-07-27 15:27:09.569 joltshadow - docs §30: REAL ODE chassis COM (player) body=54C8BDB0 = (4668.454, 257.999, 1251.496) forward=(-0.223, 0.019, -0.975)
INFO 2026-07-27 15:27:09.569 joltshadow - docs §33: real ODE chassis geom (player) #1 = class 0 (not a transform) pos=(4668.454,257.999,1251.496) radius=4.500
INFO 2026-07-27 15:27:09.569 joltshadow - docs §33: real ODE chassis geom (player) #2 = transform, inner class=1 pos=(0.000,1.095,-0.495)
INFO 2026-07-27 15:27:09.569 joltshadow - docs §33: real ODE chassis geom (player) #3 = transform, inner class=1 pos=(0.353,3.466,0.718)
INFO 2026-07-27 15:27:09.569 joltshadow - docs §33: real ODE chassis geom (player) #4 = transform, inner class=1 pos=(0.000,1.818,1.842)
INFO 2026-07-27 15:27:09.569 joltshadow - docs §33: real ODE chassis geom (player) #5 = transform, inner class=1 pos=(0.006,1.981,-2.113)
INFO 2026-07-27 15:27:09.569 joltshadow - docs §33: real ODE chassis geom (player) #6 = class 0 (not a transform) pos=(4668.454,257.999,1251.496) radius=30.000
INFO 2026-07-27 15:27:09.569 joltshadow - docs §33: real ODE chassis geom (player) #7 = class 0 (not a transform) pos=(4668.454,257.999,1251.496) radius=6.436
INFO 2026-07-27 15:27:09.569 joltshadow - docs §33: real ODE chassis geom (player) #8 = class 0 (not a transform) pos=(4668.454,257.999,1251.496) radius=200.000
INFO 2026-07-27 15:27:09.569 joltshadow - docs §33: real ODE chassis (player) has 8 total geom(s) directly attached (4 transform(s)) - compare against BuildChassisCompoundShape's own part/geom count in the build log
INFO 2026-07-27 15:27:09.569 joltshadow - docs §28: REAL ODE wheel state (player) wheel=0 displacement=0.0242 range=1.000 (2% compressed, signed) foreAft=2.270 localZ=2.270 cfm=0.002500 erp=0.2500
INFO 2026-07-27 15:27:09.569 joltshadow - docs §28: REAL ODE wheel state (player) wheel=1 displacement=0.0241 range=1.000 (2% compressed, signed) foreAft=2.270 localZ=2.270 cfm=0.002500 erp=0.2500
INFO 2026-07-27 15:27:09.569 joltshadow - docs §28: REAL ODE wheel state (player) wheel=2 displacement=0.0264 range=1.000 (3% compressed, signed) foreAft=-2.062 localZ=-2.062 cfm=0.002500 erp=0.2500
INFO 2026-07-27 15:27:09.570 joltshadow - docs §28: REAL ODE wheel state (player) wheel=3 displacement=0.0264 range=1.000 (3% compressed, signed) foreAft=-2.062 localZ=-2.062 cfm=0.002500 erp=0.2500
INFO 2026-07-27 15:27:09.612 joltshadow - docs §70.1: slipdense (player) f=184 w=0 grounded=0 kappa=0.000 fnGround=0 omega=0.04 | ftGround=0N target=0.0 limit=815Nm motorNm=0 tyreNm=0 inertia=1.78 limRot=0/0/0 omegaPre=0.04 posN=0/-0/0 susp=-0.0005 springN=1
INFO 2026-07-27 15:27:09.612 joltshadow - docs §70.1: slipdense (player) f=184 w=1 grounded=0 kappa=0.000 fnGround=0 omega=0.04 | ftGround=0N target=0.0 limit=815Nm motorNm=0 tyreNm=0 inertia=1.78 limRot=0/0/0 omegaPre=0.04 posN=0/-0/0 susp=0.0002 springN=1
INFO 2026-07-27 15:27:09.612 joltshadow - docs §70.1: slipdense (player) f=184 w=2 grounded=0 kappa=0.000 fnGround=0 omega=0.04 | ftGround=0N target=0.0 limit=823Nm motorNm=0 tyreNm=0 inertia=1.82 limRot=0/0/0 omegaPre=0.04 posN=0/-0/0 susp=-0.0007 springN=4
INFO 2026-07-27 15:27:09.612 joltshadow - docs §70.1: slipdense (player) f=184 w=3 grounded=0 kappa=0.000 fnGround=0 omega=0.04 | ftGround=0N target=0.0 limit=823Nm motorNm=0 tyreNm=0 inertia=1.82 limRot=0/0/0 omegaPre=0.04 posN=0/-0/0 susp=0.0002 springN=4
INFO 2026-07-27 15:27:09.613 joltshadow - docs §78: attdense (player) f=184 joltTilt=0.72 odeTilt=1.07 upDelta=0.36 wBody=(0.04,0.00,0.00) |w|=0.04 grounded=0
INFO 2026-07-27 15:27:09.650 joltshadow - docs §70.1: slipdense (player) f=188 w=0 grounded=0 kappa=0.000 fnGround=0 omega=0.04 | ftGround=0N target=0.0 limit=815Nm motorNm=0 tyreNm=0 inertia=1.78 limRot=0/0/0 omegaPre=0.04 posN=0/-0/0 susp=-0.0002 springN=-1
INFO 2026-07-27 15:27:09.650 joltshadow - docs §70.1: slipdense (player) f=188 w=1 grounded=0 kappa=0.000 fnGround=0 omega=0.04 | ftGround=0N target=0.0 limit=815Nm motorNm=0 tyreNm=0 inertia=1.78 limRot=0/0/0 omegaPre=0.04 posN=0/-0/0 susp=0.0005 springN=-1
INFO 2026-07-27 15:27:09.650 joltshadow - docs §70.1: slipdense (player) f=188 w=2 grounded=0 kappa=0.000 fnGround=0 omega=0.04 | ftGround=0N target=0.0 limit=823Nm motorNm=0 tyreNm=0 inertia=1.82 limRot=0/0/0 omegaPre=0.04 posN=0/-0/0 susp=-0.0008 springN=1
INFO 2026-07-27 15:27:09.650 joltshadow - docs §70.1: slipdense (player) f=188 w=3 grounded=0 kappa=0.000 fnGround=0 omega=0.04 | ftGround=0N target=0.0 limit=823Nm motorNm=0 tyreNm=0 inertia=1.82 limRot=0/0/0 omegaPre=0.04 posN=0/-0/0 susp=0.0000 springN=1
INFO 2026-07-27 15:27:09.650 joltshadow - docs §78: attdense (player) f=188 joltTilt=0.64 odeTilt=1.07 upDelta=0.43 wBody=(0.04,0.00,0.00) |w|=0.04 grounded=0
INFO 2026-07-27 15:27:09.687 joltshadow - docs §70.1: slipdense (player) f=192 w=0 grounded=0 kappa=0.000 fnGround=0 omega=0.04 | ftGround=0N target=0.0 limit=815Nm motorNm=0 tyreNm=0 inertia=1.78 limRot=0/0/0 omegaPre=0.04 posN=0/-0/0 susp=0.0001 springN=-1
INFO 2026-07-27 15:27:09.687 joltshadow - docs §70.1: slipdense (player) f=192 w=1 grounded=0 kappa=0.000 fnGround=0 omega=0.04 | ftGround=0N target=0.0 limit=815Nm motorNm=0 tyreNm=0 inertia=1.78 limRot=0/0/0 omegaPre=0.04 posN=0/-0/0 susp=0.0008 springN=-1
INFO 2026-07-27 15:27:09.687 joltshadow - docs §70.1: slipdense (player) f=192 w=2 grounded=0 kappa=0.000 fnGround=0 omega=0.04 | ftGround=0N target=0.0 limit=823Nm motorNm=0 tyreNm=0 inertia=1.82 limRot=0/0/0 omegaPre=0.04 posN=0/-0/0 susp=-0.0007 springN=0
INFO 2026-07-27 15:27:09.687 joltshadow - docs §70.1: slipdense (player) f=192 w=3 grounded=0 kappa=0.000 fnGround=0 omega=0.04 | ftGround=0N target=0.0 limit=823Nm motorNm=0 tyreNm=0 inertia=1.82 limRot=0/0/0 omegaPre=0.04 posN=0/0/0 susp=0.0000 springN=0
INFO 2026-07-27 15:27:09.687 joltshadow - docs §78: attdense (player) f=192 joltTilt=0.57 odeTilt=1.07 upDelta=0.50 wBody=(0.04,0.00,0.00) |w|=0.04 grounded=0
INFO 2026-07-27 15:27:09.727 joltshadow - docs §70.1: slipdense (player) f=196 w=0 grounded=0 kappa=0.000 fnGround=0 omega=0.04 | ftGround=0N target=0.0 limit=815Nm motorNm=0 tyreNm=0 inertia=1.78 limRot=0/-0/0 omegaPre=0.04 posN=-0/0/0 susp=0.0001 springN=-0
INFO 2026-07-27 15:27:09.727 joltshadow - docs §70.1: slipdense (player) f=196 w=1 grounded=0 kappa=0.000 fnGround=0 omega=0.04 | ftGround=0N target=0.0 limit=815Nm motorNm=0 tyreNm=0 inertia=1.78 limRot=0/-0/0 omegaPre=0.04 posN=-0/0/0 susp=0.0008 springN=-0
INFO 2026-07-27 15:27:09.727 joltshadow - docs §70.1: slipdense (player) f=196 w=2 grounded=0 kappa=0.000 fnGround=0 omega=0.04 | ftGround=0N target=0.0 limit=823Nm motorNm=0 tyreNm=0 inertia=1.82 limRot=0/-0/-0 omegaPre=0.04 posN=-0/0/0 susp=-0.0007 springN=0
INFO 2026-07-27 15:27:09.727 joltshadow - docs §70.1: slipdense (player) f=196 w=3 grounded=0 kappa=0.000 fnGround=0 omega=0.04 | ftGround=0N target=0.0 limit=823Nm motorNm=0 tyreNm=0 inertia=1.82 limRot=0/-0/-0 omegaPre=0.04 posN=-0/0/0 susp=0.0000 springN=0
INFO 2026-07-27 15:27:09.727 joltshadow - docs §78: attdense (player) f=196 joltTilt=0.50 odeTilt=1.07 upDelta=0.58 wBody=(0.04,0.00,0.00) |w|=0.04 grounded=0
INFO 2026-07-27 15:27:09.727 joltshadow - docs §82: resync (player) #6 dt=0.50s upMax=0.577 deg posMax=1.186 m odeTiltPath=0.037 deg gain=-1.0000
INFO 2026-07-27 15:27:09.727 joltshadow - docs §87: resync landing (player) w=0 pre=0.5686 post=-0.0042 m R=0.629 dY=-1.1808 dRotDeg=0.57 |corr|=1.1840 m
INFO 2026-07-27 15:27:09.727 joltshadow - docs §87: resync landing (player) w=1 pre=0.5689 post=-0.0044 m R=0.629 dY=-1.1808 dRotDeg=0.57 |corr|=1.1840 m
INFO 2026-07-27 15:27:09.727 joltshadow - docs §87: resync landing (player) w=2 pre=0.5351 post=-0.0038 m R=0.635 dY=-1.1808 dRotDeg=0.57 |corr|=1.1840 m
INFO 2026-07-27 15:27:09.727 joltshadow - docs §87: resync landing (player) w=3 pre=0.5356 post=-0.0030 m R=0.635 dY=-1.1808 dRotDeg=0.57 |corr|=1.1840 m
INFO 2026-07-27 15:27:09.727 joltshadow - docs §82: resync RESIDUAL (player) #6 pos=0.0000 m up=0.0000 deg
INFO 2026-07-27 15:27:09.771 joltshadow - docs §70.1: slipdense (player) f=200 w=0 grounded=1 kappa=-0.168 fnGround=1200 omega=-0.16 | ftGround=-126N target=0.0 limit=3020Nm motorNm=-74 tyreNm=75 inertia=1.78 limRot=0/-1/0 omegaPre=-0.16 posN=-2/84/0 susp=-0.4091 springN=1155
INFO 2026-07-27 15:27:09.772 joltshadow - docs §70.1: slipdense (player) f=200 w=1 grounded=1 kappa=-0.168 fnGround=1200 omega=-0.16 | ftGround=-126N target=0.0 limit=3020Nm motorNm=-74 tyreNm=75 inertia=1.78 limRot=0/-1/0 omegaPre=-0.16 posN=-2/83/0 susp=-0.4092 springN=1159
INFO 2026-07-27 15:27:09.772 joltshadow - docs §70.1: slipdense (player) f=200 w=2 grounded=1 kappa=-0.145 fnGround=1200 omega=-0.16 | ftGround=-109N target=0.0 limit=3049Nm motorNm=-63 tyreNm=65 inertia=1.82 limRot=0/-1/-0 omegaPre=-0.16 posN=-2/54/0 susp=-0.4814 springN=1787
INFO 2026-07-27 15:27:09.772 joltshadow - docs §70.1: slipdense (player) f=200 w=3 grounded=1 kappa=-0.145 fnGround=1200 omega=-0.16 | ftGround=-109N target=0.0 limit=3049Nm motorNm=-63 tyreNm=65 inertia=1.82 limRot=0/-1/-0 omegaPre=-0.16 posN=-2/53/0 susp=-0.4816 springN=1792
INFO 2026-07-27 15:27:09.772 joltshadow - docs §78: attdense (player) f=200 joltTilt=1.03 odeTilt=1.07 upDelta=0.05 wBody=(-0.16,0.00,-0.00) |w|=0.16 grounded=4
INFO 2026-07-27 15:27:09.808 joltshadow - docs §70.1: slipdense (player) f=204 w=0 grounded=1 kappa=0.028 fnGround=438 omega=-0.09 | ftGround=24N target=0.0 limit=1585Nm motorNm=19 tyreNm=-15 inertia=1.78 limRot=0/1/0 omegaPre=-0.11 posN=1/-32/0 susp=-0.2423 springN=164
INFO 2026-07-27 15:27:09.808 joltshadow - docs §70.1: slipdense (player) f=204 w=1 grounded=1 kappa=0.028 fnGround=447 omega=-0.09 | ftGround=24N target=0.0 limit=1602Nm motorNm=18 tyreNm=-15 inertia=1.78 limRot=0/1/0 omegaPre=-0.11 posN=1/-32/0 susp=-0.2444 springN=174
INFO 2026-07-27 15:27:09.808 joltshadow - docs §70.1: slipdense (player) f=204 w=2 grounded=1 kappa=0.026 fnGround=924 omega=-0.09 | ftGround=22N target=0.0 limit=2800Nm motorNm=18 tyreNm=-14 inertia=1.82 limRot=0/0/0 omegaPre=-0.11 posN=1/-40/0 susp=-0.3253 springN=642
INFO 2026-07-27 15:27:09.808 joltshadow - docs §70.1: slipdense (player) f=204 w=3 grounded=1 kappa=0.026 fnGround=933 omega=-0.09 | ftGround=22N target=0.0 limit=2815Nm motorNm=18 tyreNm=-14 inertia=1.82 limRot=0/0/-0 omegaPre=-0.11 posN=1/-40/0 susp=-0.3277 springN=653
INFO 2026-07-27 15:27:09.808 joltshadow - docs §78: attdense (player) f=204 joltTilt=1.30 odeTilt=1.07 upDelta=0.23 wBody=(-0.09,-0.00,-0.00) |w|=0.09 grounded=4
INFO 2026-07-27 15:27:09.847 joltshadow - docs §70.1: slipdense (player) f=208 w=0 grounded=0 kappa=0.000 fnGround=0 omega=0.01 | ftGround=0N target=0.0 limit=815Nm motorNm=5 tyreNm=0 inertia=1.78 limRot=0/0/0 omegaPre=-0.01 posN=1/-21/0 susp=-0.0981 springN=-331
INFO 2026-07-27 15:27:09.847 joltshadow - docs §70.1: slipdense (player) f=208 w=1 grounded=0 kappa=0.000 fnGround=0 omega=0.01 | ftGround=0N target=0.0 limit=815Nm motorNm=5 tyreNm=0 inertia=1.78 limRot=0/0/0 omegaPre=-0.01 posN=1/-21/0 susp=-0.1017 springN=-325
INFO 2026-07-27 15:27:09.847 joltshadow - docs §70.1: slipdense (player) f=208 w=2 grounded=1 kappa=0.209 fnGround=0 omega=0.01 | ftGround=0N target=0.0 limit=850Nm motorNm=5 tyreNm=0 inertia=1.82 limRot=0/0/0 omegaPre=-0.01 posN=1/-19/0 susp=-0.1719 springN=-81
INFO 2026-07-27 15:27:09.847 joltshadow - docs §70.1: slipdense (player) f=208 w=3 grounded=1 kappa=0.211 fnGround=0 omega=0.01 | ftGround=0N target=0.0 limit=890Nm motorNm=5 tyreNm=0 inertia=1.82 limRot=0/0/0 omegaPre=-0.01 posN=1/-19/0 susp=-0.1765 springN=-62
INFO 2026-07-27 15:27:09.847 joltshadow - docs §78: attdense (player) f=208 joltTilt=1.38 odeTilt=1.07 upDelta=0.33 wBody=(0.01,0.00,0.01) |w|=0.01 grounded=2
INFO 2026-07-27 15:27:09.888 joltshadow - docs §70.1: slipdense (player) f=212 w=0 grounded=0 kappa=0.000 fnGround=0 omega=0.06 | ftGround=0N target=0.0 limit=815Nm motorNm=0 tyreNm=0 inertia=1.78 limRot=0/-0/0 omegaPre=0.06 posN=0/-3/0 susp=-0.0176 springN=-225
INFO 2026-07-27 15:27:09.888 joltshadow - docs §70.1: slipdense (player) f=212 w=1 grounded=0 kappa=0.000 fnGround=0 omega=0.06 | ftGround=0N target=0.0 limit=815Nm motorNm=0 tyreNm=0 inertia=1.78 limRot=0/-0/0 omegaPre=0.06 posN=0/-3/0 susp=-0.0202 springN=-228
INFO 2026-07-27 15:27:09.888 joltshadow - docs §70.1: slipdense (player) f=212 w=2 grounded=0 kappa=0.000 fnGround=0 omega=0.06 | ftGround=0N target=0.0 limit=823Nm motorNm=0 tyreNm=0 inertia=1.82 limRot=0/-0/-0 omegaPre=0.06 posN=0/-4/0 susp=-0.0513 springN=-315
INFO 2026-07-27 15:27:09.889 joltshadow - docs §70.1: slipdense (player) f=212 w=3 grounded=0 kappa=0.000 fnGround=0 omega=0.06 | ftGround=0N target=0.0 limit=823Nm motorNm=0 tyreNm=0 inertia=1.82 limRot=0/-0/-0 omegaPre=0.06 posN=0/-4/0 susp=-0.0549 springN=-315
INFO 2026-07-27 15:27:09.889 joltshadow - docs §78: attdense (player) f=212 joltTilt=1.27 odeTilt=1.07 upDelta=0.23 wBody=(0.06,0.00,0.01) |w|=0.06 grounded=0
INFO 2026-07-27 15:27:09.929 joltshadow - docs §70.1: slipdense (player) f=216 w=0 grounded=0 kappa=0.000 fnGround=0 omega=0.05 | ftGround=0N target=0.0 limit=815Nm motorNm=-1 tyreNm=0 inertia=1.78 limRot=0/-0/0 omegaPre=0.06 posN=-1/3/0 susp=0.0037 springN=-73
INFO 2026-07-27 15:27:09.929 joltshadow - docs §70.1: slipdense (player) f=216 w=1 grounded=0 kappa=0.000 fnGround=0 omega=0.05 | ftGround=0N target=0.0 limit=815Nm motorNm=-1 tyreNm=0 inertia=1.78 limRot=0/-0/0 omegaPre=0.06 posN=-1/3/0 susp=0.0031 springN=-78
INFO 2026-07-27 15:27:09.929 joltshadow - docs §70.1: slipdense (player) f=216 w=2 grounded=0 kappa=0.000 fnGround=0 omega=0.05 | ftGround=0N target=0.0 limit=823Nm motorNm=-1 tyreNm=0 inertia=1.82 limRot=0/-0/-0 omegaPre=0.06 posN=-1/3/0 susp=-0.0017 springN=-173
INFO 2026-07-27 15:27:09.929 joltshadow - docs §70.1: slipdense (player) f=216 w=3 grounded=0 kappa=0.000 fnGround=0 omega=0.05 | ftGround=0N target=0.0 limit=823Nm motorNm=-1 tyreNm=0 inertia=1.82 limRot=0/-0/-0 omegaPre=0.06 posN=-1/2/0 susp=-0.0029 springN=-179
INFO 2026-07-27 15:27:09.929 joltshadow - docs §78: attdense (player) f=216 joltTilt=1.13 odeTilt=1.07 upDelta=0.12 wBody=(0.05,0.00,0.01) |w|=0.05 grounded=0
INFO 2026-07-27 15:27:09.969 joltshadow - docs §70.1: slipdense (player) f=220 w=0 grounded=0 kappa=0.000 fnGround=0 omega=0.04 | ftGround=0N target=0.0 limit=815Nm motorNm=-0 tyreNm=0 inertia=1.78 limRot=0/-0/0 omegaPre=0.04 posN=-0/2/0 susp=0.0040 springN=-8
INFO 2026-07-27 15:27:09.969 joltshadow - docs §70.1: slipdense (player) f=220 w=1 grounded=0 kappa=0.000 fnGround=0 omega=0.04 | ftGround=0N target=0.0 limit=815Nm motorNm=-0 tyreNm=0 inertia=1.78 limRot=0/-0/0 omegaPre=0.04 posN=-0/2/0 susp=0.0044 springN=-11
INFO 2026-07-27 15:27:09.969 joltshadow - docs §70.1: slipdense (player) f=220 w=2 grounded=0 kappa=0.000 fnGround=0 omega=0.04 | ftGround=0N target=0.0 limit=823Nm motorNm=-0 tyreNm=0 inertia=1.82 limRot=0/-0/-0 omegaPre=0.04 posN=-1/2/0 susp=0.0076 springN=-51
INFO 2026-07-27 15:27:09.969 joltshadow - docs §70.1: slipdense (player) f=220 w=3 grounded=0 kappa=0.000 fnGround=0 omega=0.04 | ftGround=0N target=0.0 limit=823Nm motorNm=-0 tyreNm=0 inertia=1.82 limRot=0/-0/-0 omegaPre=0.04 posN=-1/2/0 susp=0.0079 springN=-56
INFO 2026-07-27 15:27:09.969 joltshadow - docs §78: attdense (player) f=220 joltTilt=1.01 odeTilt=1.07 upDelta=0.11 wBody=(0.04,0.00,0.00) |w|=0.04 grounded=0
INFO 2026-07-27 15:27:10.008 joltshadow - docs §70.1: slipdense (player) f=224 w=0 grounded=0 kappa=0.000 fnGround=0 omega=0.04 | ftGround=0N target=0.0 limit=815Nm motorNm=-0 tyreNm=0 inertia=1.78 limRot=0/-0/0 omegaPre=0.04 posN=-0/1/0 susp=0.0015 springN=6
INFO 2026-07-27 15:27:10.008 joltshadow - docs §70.1: slipdense (player) f=224 w=1 grounded=0 kappa=0.000 fnGround=0 omega=0.04 | ftGround=0N target=0.0 limit=815Nm motorNm=-0 tyreNm=0 inertia=1.78 limRot=0/-0/0 omegaPre=0.04 posN=-0/1/0 susp=0.0024 springN=4
INFO 2026-07-27 15:27:10.008 joltshadow - docs §70.1: slipdense (player) f=224 w=2 grounded=0 kappa=0.000 fnGround=0 omega=0.04 | ftGround=0N target=0.0 limit=823Nm motorNm=-0 tyreNm=0 inertia=1.82 limRot=0/-0/-0 omegaPre=0.04 posN=-0/1/0 susp=0.0047 springN=-1
INFO 2026-07-27 15:27:10.008 joltshadow - docs §70.1: slipdense (player) f=224 w=3 grounded=0 kappa=0.000 fnGround=0 omega=0.04 | ftGround=0N target=0.0 limit=823Nm motorNm=-0 tyreNm=0 inertia=1.82 limRot=0/-0/-0 omegaPre=0.04 posN=-0/1/0 susp=0.0056 springN=-3
INFO 2026-07-27 15:27:10.008 joltshadow - docs §78: attdense (player) f=224 joltTilt=0.93 odeTilt=1.07 upDelta=0.16 wBody=(0.04,0.00,0.00) |w|=0.04 grounded=0
INFO 2026-07-27 15:27:10.043 joltshadow - docs §70.1: slipdense (player) f=228 w=0 grounded=0 kappa=0.000 fnGround=0 omega=0.04 | ftGround=0N target=0.0 limit=815Nm motorNm=0 tyreNm=0 inertia=1.78 limRot=0/-0/0 omegaPre=0.04 posN=-0/-0/0 susp=0.0003 springN=5
INFO 2026-07-27 15:27:10.043 joltshadow - docs §70.1: slipdense (player) f=228 w=1 grounded=0 kappa=0.000 fnGround=0 omega=0.04 | ftGround=0N target=0.0 limit=815Nm motorNm=0 tyreNm=0 inertia=1.78 limRot=0/-0/0 omegaPre=0.04 posN=-0/-0/0 susp=0.0012 springN=4
INFO 2026-07-27 15:27:10.043 joltshadow - docs §70.1: slipdense (player) f=228 w=2 grounded=0 kappa=0.000 fnGround=0 omega=0.04 | ftGround=0N target=0.0 limit=823Nm motorNm=0 tyreNm=0 inertia=1.82 limRot=0/-0/-0 omegaPre=0.04 posN=-0/-0/0 susp=0.0015 springN=9
INFO 2026-07-27 15:27:10.043 joltshadow - docs §70.1: slipdense (player) f=228 w=3 grounded=0 kappa=0.000 fnGround=0 omega=0.04 | ftGround=0N target=0.0 limit=823Nm motorNm=0 tyreNm=0 inertia=1.82 limRot=0/-0/-0 omegaPre=0.04 posN=-0/0/0 susp=0.0024 springN=9
INFO 2026-07-27 15:27:10.043 joltshadow - docs §78: attdense (player) f=228 joltTilt=0.86 odeTilt=1.07 upDelta=0.22 wBody=(0.04,0.00,0.00) |w|=0.04 grounded=0
INFO 2026-07-27 15:27:10.081 joltshadow - docs §70.1: slipdense (player) f=232 w=0 grounded=0 kappa=0.000 fnGround=0 omega=0.04 | ftGround=0N target=0.0 limit=815Nm motorNm=0 tyreNm=0 inertia=1.78 limRot=0/0/0 omegaPre=0.04 posN=0/-0/0 susp=-0.0001 springN=2
INFO 2026-07-27 15:27:10.081 joltshadow - docs §70.1: slipdense (player) f=232 w=1 grounded=0 kappa=0.000 fnGround=0 omega=0.04 | ftGround=0N target=0.0 limit=815Nm motorNm=0 tyreNm=0 inertia=1.78 limRot=0/0/0 omegaPre=0.04 posN=0/-0/0 susp=0.0007 springN=2
INFO 2026-07-27 15:27:10.081 joltshadow - docs §70.1: slipdense (player) f=232 w=2 grounded=0 kappa=0.000 fnGround=0 omega=0.04 | ftGround=0N target=0.0 limit=823Nm motorNm=0 tyreNm=0 inertia=1.82 limRot=0/0/0 omegaPre=0.04 posN=0/-0/0 susp=-0.0004 springN=7
INFO 2026-07-27 15:27:10.082 joltshadow - docs §70.1: slipdense (player) f=232 w=3 grounded=0 kappa=0.000 fnGround=0 omega=0.04 | ftGround=0N target=0.0 limit=823Nm motorNm=0 tyreNm=0 inertia=1.82 limRot=0/0/0 omegaPre=0.04 posN=0/-0/0 susp=0.0004 springN=7
INFO 2026-07-27 15:27:10.082 joltshadow - docs §78: attdense (player) f=232 joltTilt=0.79 odeTilt=1.07 upDelta=0.29 wBody=(0.04,0.00,0.00) |w|=0.04 grounded=0
INFO 2026-07-27 15:27:10.124 joltshadow - docs §70.1: slipdense (player) f=236 w=0 grounded=0 kappa=0.000 fnGround=0 omega=0.04 | ftGround=0N target=0.0 limit=815Nm motorNm=0 tyreNm=0 inertia=1.78 limRot=0/0/0 omegaPre=0.04 posN=0/-0/0 susp=-0.0001 springN=0
INFO 2026-07-27 15:27:10.124 joltshadow - docs §70.1: slipdense (player) f=236 w=1 grounded=0 kappa=0.000 fnGround=0 omega=0.04 | ftGround=0N target=0.0 limit=815Nm motorNm=0 tyreNm=0 inertia=1.78 limRot=0/0/0 omegaPre=0.04 posN=0/-0/0 susp=0.0006 springN=0
INFO 2026-07-27 15:27:10.125 joltshadow - docs §70.1: slipdense (player) f=236 w=2 grounded=0 kappa=0.000 fnGround=0 omega=0.04 | ftGround=0N target=0.0 limit=823Nm motorNm=0 tyreNm=0 inertia=1.82 limRot=0/0/-0 omegaPre=0.04 posN=0/-0/0 susp=-0.0010 springN=3
INFO 2026-07-27 15:27:10.125 joltshadow - docs §70.1: slipdense (player) f=236 w=3 grounded=0 kappa=0.000 fnGround=0 omega=0.04 | ftGround=0N target=0.0 limit=823Nm motorNm=0 tyreNm=0 inertia=1.82 limRot=0/0/-0 omegaPre=0.04 posN=0/-0/0 susp=-0.0001 springN=3
INFO 2026-07-27 15:27:10.125 joltshadow - docs §78: attdense (player) f=236 joltTilt=0.70 odeTilt=1.07 upDelta=0.37 wBody=(0.04,0.00,0.00) |w|=0.04 grounded=0
INFO 2026-07-27 15:27:10.160 joltshadow - docs §70.1: slipdense (player) f=240 w=0 grounded=0 kappa=0.000 fnGround=0 omega=0.04 | ftGround=0N target=0.0 limit=815Nm motorNm=0 tyreNm=0 inertia=1.78 limRot=0/-0/0 omegaPre=0.04 posN=-0/-0/0 susp=0.0001 springN=-0
INFO 2026-07-27 15:27:10.160 joltshadow - docs §70.1: slipdense (player) f=240 w=1 grounded=0 kappa=0.000 fnGround=0 omega=0.04 | ftGround=0N target=0.0 limit=815Nm motorNm=0 tyreNm=0 inertia=1.78 limRot=0/-0/0 omegaPre=0.04 posN=-0/-0/0 susp=0.0008 springN=-0
INFO 2026-07-27 15:27:10.160 joltshadow - docs §70.1: slipdense (player) f=240 w=2 grounded=0 kappa=0.000 fnGround=0 omega=0.04 | ftGround=0N target=0.0 limit=823Nm motorNm=0 tyreNm=0 inertia=1.82 limRot=0/-0/-0 omegaPre=0.04 posN=-0/0/0 susp=-0.0009 springN=1
INFO 2026-07-27 15:27:10.160 joltshadow - docs §70.1: slipdense (player) f=240 w=3 grounded=0 kappa=0.000 fnGround=0 omega=0.04 | ftGround=0N target=0.0 limit=823Nm motorNm=0 tyreNm=0 inertia=1.82 limRot=0/-0/-0 omegaPre=0.04 posN=-0/0/0 susp=-0.0001 springN=0
INFO 2026-07-27 15:27:10.160 joltshadow - docs §78: attdense (player) f=240 joltTilt=0.63 odeTilt=1.07 upDelta=0.44 wBody=(0.04,0.00,0.00) |w|=0.04 grounded=0
INFO 2026-07-27 15:27:10.161 joltshadow - Shadow divergence (player): pos=2.469m vel=0.536m/s angle=0.4deg (jolt com=[4668.5 260.4 1251.9] ode com=[4668.5 258.0 1251.5])
INFO 2026-07-27 15:27:10.161 joltshadow - docs §23.6: driver input (player) realThrottle=-10.00 brake=0.01 handBrake=1 steerRad=0.000
INFO 2026-07-27 15:27:10.161 joltshadow - docs §32: Jolt SHADOW chassis pitch (player) forward=(-0.223, 0.011, -0.975)
INFO 2026-07-27 15:27:10.161 joltshadow - docs §69: tilt (player) jolt=0.6 deg ode=1.1 deg delta=-0.4 deg upDelta=0.44 deg
INFO 2026-07-27 15:27:10.161 joltshadow - docs §32.4: Jolt SHADOW chassis lowest corner (player) = (4667.80,259.06,1255.39) clearanceToGround=1.056
INFO 2026-07-27 15:27:10.161 joltshadow - docs §23.5: wheel state (player) wheel=0 contact=0 suspLen=1.050 (range 0.050-1.050, 0% compressed) angVel=0.00
INFO 2026-07-27 15:27:10.161 joltshadow - docs §38.11: wheel=0 NO contact, worldAxle=(0.975,0.000,-0.223)
INFO 2026-07-27 15:27:10.161 joltshadow - docs §32: no-contact raycast (player) wheel=0 bodyPos=(4668.46,259.68,1251.58) localMPos=(-1.155,0.060,2.270) origin=(4669.08,259.76,1249.11) dir=(-0.002,-1.000,-0.011) normalRayLen=1.679 groundFoundAt=0.000 shortfallBeyondTravel=-1.679 hitBody=8391030 hitLayer=1 hitMotion=2 hitIsSelfChassis=0
INFO 2026-07-27 15:27:10.161 joltshadow - docs §23.5: wheel state (player) wheel=1 contact=0 suspLen=1.050 (range 0.050-1.050, 0% compressed) angVel=0.00
INFO 2026-07-27 15:27:10.161 joltshadow - docs §38.11: wheel=1 NO contact, worldAxle=(0.975,0.000,-0.223)
INFO 2026-07-27 15:27:10.161 joltshadow - docs §32: no-contact raycast (player) wheel=1 bodyPos=(4668.46,259.68,1251.58) localMPos=(1.155,0.059,2.270) origin=(4666.83,259.76,1249.63) dir=(-0.002,-1.000,-0.011) normalRayLen=1.679 groundFoundAt=0.000 shortfallBeyondTravel=-1.679 hitBody=8391030 hitLayer=1 hitMotion=2 hitIsSelfChassis=0
INFO 2026-07-27 15:27:10.161 joltshadow - docs §23.5: wheel state (player) wheel=2 contact=0 suspLen=1.050 (range 0.050-1.050, 0% compressed) angVel=0.00
INFO 2026-07-27 15:27:10.161 joltshadow - docs §38.11: wheel=2 NO contact, worldAxle=(0.975,0.000,-0.223)
INFO 2026-07-27 15:27:10.161 joltshadow - docs §32: no-contact raycast (player) wheel=2 bodyPos=(4668.46,259.68,1251.58) localMPos=(-1.253,0.145,-2.062) origin=(4670.14,259.80,1253.31) dir=(-0.002,-1.000,-0.011) normalRayLen=1.685 groundFoundAt=0.000 shortfallBeyondTravel=-1.685 hitBody=8391030 hitLayer=1 hitMotion=2 hitIsSelfChassis=0
INFO 2026-07-27 15:27:10.161 joltshadow - docs §23.5: wheel state (player) wheel=3 contact=0 suspLen=1.050 (range 0.050-1.050, 0% compressed) angVel=0.00
INFO 2026-07-27 15:27:10.161 joltshadow - docs §38.11: wheel=3 NO contact, worldAxle=(0.975,0.000,-0.223)
INFO 2026-07-27 15:27:10.161 joltshadow - docs §32: no-contact raycast (player) wheel=3 bodyPos=(4668.46,259.68,1251.58) localMPos=(1.253,0.146,-2.062) origin=(4667.70,259.80,1253.87) dir=(-0.002,-1.000,-0.011) normalRayLen=1.685 groundFoundAt=0.000 shortfallBeyondTravel=-1.685 hitBody=8391030 hitLayer=1 hitMotion=2 hitIsSelfChassis=0
INFO 2026-07-27 15:27:10.161 joltshadow - docs §59/63: harvest (player) wheelsWithContact=0 contactPoints=0 overflow=0 (of 4) | maxNormalF=0N bound(k_t*tau)=0N ratio=0.00
INFO 2026-07-27 15:27:10.161 joltshadow - docs §58: wheel body (player) w=0 springF=-0N stopF=0N travel=0.0001 (limits -0.5000..0.5000 rel spawn) kSusp=6000 sagPredicted=-0.0000 | frameTrav=0.0001..0.0001 frameStopN=0
INFO 2026-07-27 15:27:10.161 joltshadow - docs §66: tyre band (player) w=0 fnGround=0N fnTotal=0N pen=0.00000 penRaw=0.00000 tau=0.01000 pen/tau=0.00 | recs tyre=0 rim=0 survived=0 stale=0 distMax=0.00R
INFO 2026-07-27 15:27:10.161 joltshadow - docs §68: steer (player) w=0 steerable=1 commanded=0.000 rad measured=0.000 rad err=0.00 deg steerSign=-1 steerTq=-0Nm cap=815Nm sat=0.00
INFO 2026-07-27 15:27:10.162 joltshadow - docs §70: slip (player) w=0 grounded=0 kappa=0.000 fnGround=0N omega=0.04
INFO 2026-07-27 15:27:10.162 joltshadow - docs §67: spin (player) w=0 driven=1 omega=0.04 rad/s surfaceSpeed=0.02 m/s spinSign=+1 motorTq=0Nm cmdTq=815Nm
INFO 2026-07-27 15:27:10.162 joltshadow - docs §58: wheel body (player) w=1 springF=-0N stopF=0N travel=0.0008 (limits -0.5000..0.5000 rel spawn) kSusp=6000 sagPredicted=-0.0001 | frameTrav=0.0008..0.0008 frameStopN=0
INFO 2026-07-27 15:27:10.162 joltshadow - docs §66: tyre band (player) w=1 fnGround=0N fnTotal=0N pen=0.00000 penRaw=0.00000 tau=0.01000 pen/tau=0.00 | recs tyre=0 rim=0 survived=0 stale=0 distMax=0.00R
INFO 2026-07-27 15:27:10.162 joltshadow - docs §68: steer (player) w=1 steerable=1 commanded=0.000 rad measured=0.000 rad err=0.00 deg steerSign=-1 steerTq=-0Nm cap=815Nm sat=0.00
INFO 2026-07-27 15:27:10.162 joltshadow - docs §70: slip (player) w=1 grounded=0 kappa=0.000 fnGround=0N omega=0.04
INFO 2026-07-27 15:27:10.162 joltshadow - docs §67: spin (player) w=1 driven=1 omega=0.04 rad/s surfaceSpeed=0.02 m/s spinSign=+1 motorTq=0Nm cmdTq=815Nm
INFO 2026-07-27 15:27:10.162 joltshadow - docs §58: wheel body (player) w=2 springF=1N stopF=0N travel=-0.0009 (limits -0.5000..0.5000 rel spawn) kSusp=6000 sagPredicted=0.0001 | frameTrav=-0.0009..-0.0009 frameStopN=0
INFO 2026-07-27 15:27:10.162 joltshadow - docs §66: tyre band (player) w=2 fnGround=0N fnTotal=0N pen=0.00000 penRaw=0.00000 tau=0.01000 pen/tau=0.00 | recs tyre=0 rim=0 survived=0 stale=0 distMax=0.00R
INFO 2026-07-27 15:27:10.162 joltshadow - docs §68: steer (player) w=2 steerable=0 commanded=0.000 rad measured=0.000 rad err=0.00 deg steerSign=-1 steerTq=0Nm cap=340282346638528859811704183484516925440Nm sat=0.00
INFO 2026-07-27 15:27:10.162 joltshadow - docs §70: slip (player) w=2 grounded=0 kappa=0.000 fnGround=0N omega=0.04
INFO 2026-07-27 15:27:10.162 joltshadow - docs §67: spin (player) w=2 driven=1 omega=0.04 rad/s surfaceSpeed=0.02 m/s spinSign=+1 motorTq=0Nm cmdTq=823Nm
INFO 2026-07-27 15:27:10.162 joltshadow - docs §58: wheel body (player) w=3 springF=0N stopF=0N travel=-0.0001 (limits -0.5000..0.5000 rel spawn) kSusp=6000 sagPredicted=0.0001 | frameTrav=-0.0001..-0.0001 frameStopN=0
INFO 2026-07-27 15:27:10.162 joltshadow - docs §66: tyre band (player) w=3 fnGround=0N fnTotal=0N pen=0.00000 penRaw=0.00000 tau=0.01000 pen/tau=0.00 | recs tyre=0 rim=0 survived=0 stale=0 distMax=0.00R
INFO 2026-07-27 15:27:10.162 joltshadow - docs §68: steer (player) w=3 steerable=0 commanded=0.000 rad measured=0.000 rad err=0.00 deg steerSign=-1 steerTq=0Nm cap=340282346638528859811704183484516925440Nm sat=0.00
INFO 2026-07-27 15:27:10.162 joltshadow - docs §70: slip (player) w=3 grounded=0 kappa=0.000 fnGround=0N omega=0.04
INFO 2026-07-27 15:27:10.162 joltshadow - docs §67: spin (player) w=3 driven=1 omega=0.04 rad/s surfaceSpeed=0.02 m/s spinSign=+1 motorTq=0Nm cmdTq=823Nm
INFO 2026-07-27 15:27:10.162 joltshadow - docs §67: drivetrain (player) gear=0 rpm=8 driveTorque=600Nm perWheel=150Nm driven=4 throttle=-1.00 spin=1 | PRE-STEP brake=0.01 handBrake=1
INFO 2026-07-27 15:27:10.162 joltshadow - docs §66: tyre band SUM (player) fnGroundSum=0N fnTotalSum=0N weight=942N carried=0.00 | penSum=0.00000 recs tyre=0 rim=0 stale=0
INFO 2026-07-27 15:27:10.162 joltshadow - docs §30: REAL ODE chassis COM (player) body=54C8BDB0 = (4668.454, 257.999, 1251.496) forward=(-0.223, 0.019, -0.975)
INFO 2026-07-27 15:27:10.162 joltshadow - docs §33: real ODE chassis geom (player) #1 = class 0 (not a transform) pos=(4668.454,257.999,1251.496) radius=4.500
INFO 2026-07-27 15:27:10.163 joltshadow - docs §33: real ODE chassis geom (player) #2 = transform, inner class=1 pos=(0.000,1.095,-0.495)
INFO 2026-07-27 15:27:10.163 joltshadow - docs §33: real ODE chassis geom (player) #3 = transform, inner class=1 pos=(0.353,3.466,0.718)
INFO 2026-07-27 15:27:10.163 joltshadow - docs §33: real ODE chassis geom (player) #4 = transform, inner class=1 pos=(0.000,1.818,1.842)
INFO 2026-07-27 15:27:10.163 joltshadow - docs §33: real ODE chassis geom (player) #5 = transform, inner class=1 pos=(0.006,1.981,-2.113)
INFO 2026-07-27 15:27:10.163 joltshadow - docs §33: real ODE chassis geom (player) #6 = class 0 (not a transform) pos=(4668.454,257.999,1251.496) radius=30.000
INFO 2026-07-27 15:27:10.163 joltshadow - docs §33: real ODE chassis geom (player) #7 = class 0 (not a transform) pos=(4668.454,257.999,1251.496) radius=6.436
INFO 2026-07-27 15:27:10.163 joltshadow - docs §33: real ODE chassis geom (player) #8 = class 0 (not a transform) pos=(4668.454,257.999,1251.496) radius=200.000
INFO 2026-07-27 15:27:10.163 joltshadow - docs §33: real ODE chassis (player) has 8 total geom(s) directly attached (4 transform(s)) - compare against BuildChassisCompoundShape's own part/geom count in the build log
INFO 2026-07-27 15:27:10.163 joltshadow - docs §28: REAL ODE wheel state (player) wheel=0 displacement=0.0218 range=1.000 (2% compressed, signed) foreAft=2.270 localZ=2.270 cfm=0.002500 erp=0.2500
INFO 2026-07-27 15:27:10.163 joltshadow - docs §28: REAL ODE wheel state (player) wheel=1 displacement=0.0218 range=1.000 (2% compressed, signed) foreAft=2.270 localZ=2.270 cfm=0.002500 erp=0.2500
INFO 2026-07-27 15:27:10.163 joltshadow - docs §28: REAL ODE wheel state (player) wheel=2 displacement=0.0236 range=1.000 (2% compressed, signed) foreAft=-2.062 localZ=-2.062 cfm=0.002500 erp=0.2500
INFO 2026-07-27 15:27:10.163 joltshadow - docs §28: REAL ODE wheel state (player) wheel=3 displacement=0.0237 range=1.000 (2% compressed, signed) foreAft=-2.062 localZ=-2.062 cfm=0.002500 erp=0.2500
INFO 2026-07-27 15:27:10.201 joltshadow - docs §70.1: slipdense (player) f=244 w=0 grounded=0 kappa=0.000 fnGround=0 omega=0.04 | ftGround=0N target=0.0 limit=815Nm motorNm=0 tyreNm=0 inertia=1.78 limRot=0/-0/0 omegaPre=0.04 posN=0/0/0 susp=0.0002 springN=-0
INFO 2026-07-27 15:27:10.201 joltshadow - docs §70.1: slipdense (player) f=244 w=1 grounded=0 kappa=0.000 fnGround=0 omega=0.04 | ftGround=0N target=0.0 limit=815Nm motorNm=0 tyreNm=0 inertia=1.78 limRot=0/-0/0 omegaPre=0.04 posN=0/0/0 susp=0.0009 springN=-0
INFO 2026-07-27 15:27:10.201 joltshadow - docs §70.1: slipdense (player) f=244 w=2 grounded=0 kappa=0.000 fnGround=0 omega=0.04 | ftGround=0N target=0.0 limit=823Nm motorNm=0 tyreNm=0 inertia=1.82 limRot=0/0/-0 omegaPre=0.04 posN=0/0/0 susp=-0.0008 springN=0
INFO 2026-07-27 15:27:10.201 joltshadow - docs §70.1: slipdense (player) f=244 w=3 grounded=0 kappa=0.000 fnGround=0 omega=0.04 | ftGround=0N target=0.0 limit=823Nm motorNm=0 tyreNm=0 inertia=1.82 limRot=0/0/-0 omegaPre=0.04 posN=-0/0/0 susp=-0.0000 springN=0
INFO 2026-07-27 15:27:10.201 joltshadow - docs §78: attdense (player) f=244 joltTilt=0.55 odeTilt=1.07 upDelta=0.52 wBody=(0.04,0.00,0.00) |w|=0.04 grounded=0
INFO 2026-07-27 15:27:10.232 joltshadow - docs §82: resync (player) #7 dt=0.51s upMax=0.578 deg posMax=1.192 m odeTiltPath=0.013 deg gain=-1.0000
INFO 2026-07-27 15:27:10.232 joltshadow - docs §87: resync landing (player) w=0 pre=0.5714 post=-0.0057 m R=0.629 dY=-1.1865 dRotDeg=0.58 |corr|=1.1897 m
INFO 2026-07-27 15:27:10.232 joltshadow - docs §87: resync landing (player) w=1 pre=0.5714 post=-0.0059 m R=0.629 dY=-1.1865 dRotDeg=0.58 |corr|=1.1897 m
INFO 2026-07-27 15:27:10.232 joltshadow - docs §87: resync landing (player) w=2 pre=0.5383 post=-0.0053 m R=0.635 dY=-1.1865 dRotDeg=0.58 |corr|=1.1897 m
INFO 2026-07-27 15:27:10.232 joltshadow - docs §87: resync landing (player) w=3 pre=0.5383 post=-0.0046 m R=0.635 dY=-1.1865 dRotDeg=0.58 |corr|=1.1897 m
INFO 2026-07-27 15:27:10.232 joltshadow - docs §82: resync RESIDUAL (player) #7 pos=0.0000 m up=0.0000 deg
INFO 2026-07-27 15:27:10.245 joltshadow - docs §70.1: slipdense (player) f=248 w=0 grounded=1 kappa=-0.169 fnGround=1200 omega=-0.09 | ftGround=-117N target=0.0 limit=815Nm motorNm=-80 tyreNm=69 inertia=1.78 limRot=0/-2/0 omegaPre=0.04 posN=-3/84/0 susp=-0.5135 springN=2565
INFO 2026-07-27 15:27:10.245 joltshadow - docs §70.1: slipdense (player) f=248 w=1 grounded=1 kappa=-0.169 fnGround=1200 omega=-0.09 | ftGround=-117N target=0.0 limit=815Nm motorNm=-79 tyreNm=69 inertia=1.78 limRot=0/-2/0 omegaPre=0.04 posN=-3/84/0 susp=-0.5136 springN=2567
INFO 2026-07-27 15:27:10.245 joltshadow - docs §70.1: slipdense (player) f=248 w=2 grounded=1 kappa=-0.157 fnGround=1200 omega=-0.09 | ftGround=-109N target=0.0 limit=823Nm motorNm=-73 tyreNm=62 inertia=1.82 limRot=0/-2/-0 omegaPre=0.04 posN=-3/67/0 susp=-0.5556 springN=2962
INFO 2026-07-27 15:27:10.245 joltshadow - docs §70.1: slipdense (player) f=248 w=3 grounded=1 kappa=-0.157 fnGround=1199 omega=-0.09 | ftGround=-109N target=0.0 limit=823Nm motorNm=-73 tyreNm=62 inertia=1.82 limRot=0/-2/0 omegaPre=0.04 posN=-3/67/0 susp=-0.5557 springN=2965
INFO 2026-07-27 15:27:10.245 joltshadow - docs §78: attdense (player) f=248 joltTilt=0.96 odeTilt=1.07 upDelta=0.11 wBody=(-0.09,0.00,-0.00) |w|=0.09 grounded=4
INFO 2026-07-27 15:27:10.284 joltshadow - docs §70.1: slipdense (player) f=252 w=0 grounded=1 kappa=-0.131 fnGround=1171 omega=-0.15 | ftGround=-88N target=0.0 limit=3020Nm motorNm=-50 tyreNm=53 inertia=1.78 limRot=0/-1/0 omegaPre=-0.16 posN=-2/53/0 susp=-0.3814 springN=927
INFO 2026-07-27 15:27:10.284 joltshadow - docs §70.1: slipdense (player) f=252 w=1 grounded=1 kappa=-0.131 fnGround=1173 omega=-0.15 | ftGround=-88N target=0.0 limit=3020Nm motorNm=-50 tyreNm=53 inertia=1.78 limRot=0/-1/0 omegaPre=-0.16 posN=-2/53/0 susp=-0.3818 springN=931
INFO 2026-07-27 15:27:10.284 joltshadow - docs §70.1: slipdense (player) f=252 w=2 grounded=1 kappa=-0.108 fnGround=1200 omega=-0.15 | ftGround=-73N target=0.0 limit=3049Nm motorNm=-41 tyreNm=44 inertia=1.82 limRot=0/-1/-0 omegaPre=-0.16 posN=-2/28/0 susp=-0.4586 springN=1560
INFO 2026-07-27 15:27:10.284 joltshadow - docs §70.1: slipdense (player) f=252 w=3 grounded=1 kappa=-0.107 fnGround=1200 omega=-0.15 | ftGround=-72N target=0.0 limit=3049Nm motorNm=-41 tyreNm=43 inertia=1.82 limRot=0/-1/-0 omegaPre=-0.16 posN=-2/28/0 susp=-0.4590 springN=1565
INFO 2026-07-27 15:27:10.284 joltshadow - docs §78: attdense (player) f=252 joltTilt=1.08 odeTilt=1.07 upDelta=0.02 wBody=(-0.15,0.00,-0.00) |w|=0.15 grounded=4
INFO 2026-07-27 15:27:10.326 joltshadow - docs §70.1: slipdense (player) f=256 w=0 grounded=1 kappa=0.072 fnGround=0 omega=-0.06 | ftGround=0N target=0.0 limit=911Nm motorNm=5 tyreNm=0 inertia=1.78 limRot=0/0/0 omegaPre=-0.09 posN=0/-8/0 susp=-0.1908 springN=-80
INFO 2026-07-27 15:27:10.327 joltshadow - docs §70.1: slipdense (player) f=256 w=1 grounded=1 kappa=0.072 fnGround=0 omega=-0.06 | ftGround=0N target=0.0 limit=933Nm motorNm=5 tyreNm=0 inertia=1.78 limRot=0/0/0 omegaPre=-0.09 posN=0/-8/0 susp=-0.1937 springN=-66
INFO 2026-07-27 15:27:10.327 joltshadow - docs §70.1: slipdense (player) f=256 w=2 grounded=1 kappa=0.067 fnGround=652 omega=-0.06 | ftGround=50N target=0.0 limit=2150Nm motorNm=36 tyreNm=-31 inertia=1.82 limRot=0/1/-0 omegaPre=-0.09 posN=2/-71/0 susp=-0.2721 springN=381
INFO 2026-07-27 15:27:10.327 joltshadow - docs §70.1: slipdense (player) f=256 w=3 grounded=1 kappa=0.067 fnGround=664 omega=-0.06 | ftGround=50N target=0.0 limit=2175Nm motorNm=36 tyreNm=-31 inertia=1.82 limRot=0/1/-0 omegaPre=-0.09 posN=2/-71/0 susp=-0.2753 springN=395
INFO 2026-07-27 15:27:10.327 joltshadow - docs §78: attdense (player) f=256 joltTilt=1.35 odeTilt=1.07 upDelta=0.29 wBody=(-0.06,-0.00,0.00) |w|=0.06 grounded=4
INFO 2026-07-27 15:27:10.367 joltshadow - docs §70.1: slipdense (player) f=260 w=0 grounded=0 kappa=0.000 fnGround=0 omega=0.04 | ftGround=0N target=0.0 limit=815Nm motorNm=3 tyreNm=0 inertia=1.78 limRot=0/0/0 omegaPre=0.03 posN=1/-14/0 susp=-0.0604 springN=-326
INFO 2026-07-27 15:27:10.367 joltshadow - docs §70.1: slipdense (player) f=260 w=1 grounded=0 kappa=0.000 fnGround=0 omega=0.04 | ftGround=0N target=0.0 limit=815Nm motorNm=3 tyreNm=0 inertia=1.78 limRot=0/0/0 omegaPre=0.03 posN=1/-14/0 susp=-0.0640 springN=-324
INFO 2026-07-27 15:27:10.367 joltshadow - docs §70.1: slipdense (player) f=260 w=2 grounded=0 kappa=0.000 fnGround=0 omega=0.04 | ftGround=0N target=0.0 limit=823Nm motorNm=3 tyreNm=0 inertia=1.82 limRot=0/0/0 omegaPre=0.03 posN=1/-13/0 susp=-0.1212 springN=-258
INFO 2026-07-27 15:27:10.367 joltshadow - docs §70.1: slipdense (player) f=260 w=3 grounded=0 kappa=0.000 fnGround=0 omega=0.04 | ftGround=0N target=0.0 limit=823Nm motorNm=3 tyreNm=0 inertia=1.82 limRot=0/0/0 omegaPre=0.03 posN=1/-13/0 susp=-0.1257 springN=-247
INFO 2026-07-27 15:27:10.367 joltshadow - docs §78: attdense (player) f=260 joltTilt=1.35 odeTilt=1.07 upDelta=0.30 wBody=(0.04,0.00,0.01) |w|=0.04 grounded=0
INFO 2026-07-27 15:27:10.408 joltshadow - docs §70.1: slipdense (player) f=264 w=0 grounded=0 kappa=0.000 fnGround=0 omega=0.06 | ftGround=0N target=0.0 limit=815Nm motorNm=-0 tyreNm=0 inertia=1.78 limRot=0/-0/0 omegaPre=0.06 posN=-0/1/0 susp=-0.0058 springN=-163
INFO 2026-07-27 15:27:10.408 joltshadow - docs §70.1: slipdense (player) f=264 w=1 grounded=0 kappa=0.000 fnGround=0 omega=0.06 | ftGround=0N target=0.0 limit=815Nm motorNm=-0 tyreNm=0 inertia=1.78 limRot=0/-0/0 omegaPre=0.06 posN=-0/1/0 susp=-0.0077 springN=-168
INFO 2026-07-27 15:27:10.408 joltshadow - docs §70.1: slipdense (player) f=264 w=2 grounded=0 kappa=0.000 fnGround=0 omega=0.06 | ftGround=0N target=0.0 limit=823Nm motorNm=-0 tyreNm=0 inertia=1.82 limRot=0/-0/-0 omegaPre=0.06 posN=-0/-0/0 susp=-0.0267 springN=-276
INFO 2026-07-27 15:27:10.408 joltshadow - docs §70.1: slipdense (player) f=264 w=3 grounded=0 kappa=0.000 fnGround=0 omega=0.06 | ftGround=0N target=0.0 limit=823Nm motorNm=-0 tyreNm=0 inertia=1.82 limRot=0/-0/-0 omegaPre=0.06 posN=-0/-0/0 susp=-0.0295 springN=-280
INFO 2026-07-27 15:27:10.408 joltshadow - docs §78: attdense (player) f=264 joltTilt=1.21 odeTilt=1.07 upDelta=0.18 wBody=(0.06,0.00,0.01) |w|=0.06 grounded=0
INFO 2026-07-27 15:27:10.447 joltshadow - docs §70.1: slipdense (player) f=268 w=0 grounded=0 kappa=0.000 fnGround=0 omega=0.05 | ftGround=0N target=0.0 limit=815Nm motorNm=-1 tyreNm=0 inertia=1.78 limRot=0/-0/0 omegaPre=0.05 posN=-1/3/0 susp=0.0046 springN=-44
INFO 2026-07-27 15:27:10.447 joltshadow - docs §70.1: slipdense (player) f=268 w=1 grounded=0 kappa=0.000 fnGround=0 omega=0.05 | ftGround=0N target=0.0 limit=815Nm motorNm=-1 tyreNm=0 inertia=1.78 limRot=0/-0/0 omegaPre=0.05 posN=-1/3/0 susp=0.0045 springN=-50
INFO 2026-07-27 15:27:10.447 joltshadow - docs §70.1: slipdense (player) f=268 w=2 grounded=0 kappa=0.000 fnGround=0 omega=0.05 | ftGround=0N target=0.0 limit=823Nm motorNm=-1 tyreNm=0 inertia=1.82 limRot=0/-0/-0 omegaPre=0.05 posN=-1/3/0 susp=0.0040 springN=-128
INFO 2026-07-27 15:27:10.447 joltshadow - docs §70.1: slipdense (player) f=268 w=3 grounded=0 kappa=0.000 fnGround=0 omega=0.05 | ftGround=0N target=0.0 limit=823Nm motorNm=-1 tyreNm=0 inertia=1.82 limRot=0/-0/-0 omegaPre=0.05 posN=-1/3/0 susp=0.0034 springN=-134
INFO 2026-07-27 15:27:10.448 joltshadow - docs §78: attdense (player) f=268 joltTilt=1.09 odeTilt=1.07 upDelta=0.09 wBody=(0.05,0.00,0.01) |w|=0.05 grounded=0
INFO 2026-07-27 15:27:10.485 joltshadow - docs §70.1: slipdense (player) f=272 w=0 grounded=0 kappa=0.000 fnGround=0 omega=0.04 | ftGround=0N target=0.0 limit=815Nm motorNm=-0 tyreNm=0 inertia=1.78 limRot=0/-0/0 omegaPre=0.04 posN=-0/2/0 susp=0.0030 springN=-0
INFO 2026-07-27 15:27:10.485 joltshadow - docs §70.1: slipdense (player) f=272 w=1 grounded=0 kappa=0.000 fnGround=0 omega=0.04 | ftGround=0N target=0.0 limit=815Nm motorNm=-0 tyreNm=0 inertia=1.78 limRot=0/-0/0 omegaPre=0.04 posN=-0/2/0 susp=0.0036 springN=-3
INFO 2026-07-27 15:27:10.486 joltshadow - docs §70.1: slipdense (player) f=272 w=2 grounded=0 kappa=0.000 fnGround=0 omega=0.04 | ftGround=0N target=0.0 limit=823Nm motorNm=-0 tyreNm=0 inertia=1.82 limRot=0/-0/-0 omegaPre=0.04 posN=-0/2/0 susp=0.0074 springN=-31
INFO 2026-07-27 15:27:10.486 joltshadow - docs §70.1: slipdense (player) f=272 w=3 grounded=0 kappa=0.000 fnGround=0 omega=0.04 | ftGround=0N target=0.0 limit=823Nm motorNm=-0 tyreNm=0 inertia=1.82 limRot=0/-0/-0 omegaPre=0.04 posN=-0/2/0 susp=0.0079 springN=-34
INFO 2026-07-27 15:27:10.486 joltshadow - docs §78: attdense (player) f=272 joltTilt=0.99 odeTilt=1.07 upDelta=0.12 wBody=(0.04,0.00,0.00) |w|=0.04 grounded=0
INFO 2026-07-27 15:27:10.529 joltshadow - docs §70.1: slipdense (player) f=276 w=0 grounded=0 kappa=0.000 fnGround=0 omega=0.03 | ftGround=0N target=0.0 limit=815Nm motorNm=-0 tyreNm=0 inertia=1.78 limRot=0/-0/0 omegaPre=0.03 posN=-0/0/0 susp=0.0005 springN=7
INFO 2026-07-27 15:27:10.529 joltshadow - docs §70.1: slipdense (player) f=276 w=1 grounded=0 kappa=0.000 fnGround=0 omega=0.03 | ftGround=0N target=0.0 limit=815Nm motorNm=-0 tyreNm=0 inertia=1.78 limRot=0/-0/0 omegaPre=0.03 posN=-0/0/0 susp=0.0012 springN=6
INFO 2026-07-27 15:27:10.529 joltshadow - docs §70.1: slipdense (player) f=276 w=2 grounded=0 kappa=0.000 fnGround=0 omega=0.03 | ftGround=0N target=0.0 limit=823Nm motorNm=-0 tyreNm=0 inertia=1.82 limRot=0/-0/-0 omegaPre=0.03 posN=-0/0/0 susp=0.0035 springN=6
INFO 2026-07-27 15:27:10.529 joltshadow - docs §70.1: slipdense (player) f=276 w=3 grounded=0 kappa=0.000 fnGround=0 omega=0.03 | ftGround=0N target=0.0 limit=823Nm motorNm=-0 tyreNm=0 inertia=1.82 limRot=0/-0/-0 omegaPre=0.03 posN=-0/0/0 susp=0.0044 springN=4
INFO 2026-07-27 15:27:10.529 joltshadow - docs §78: attdense (player) f=276 joltTilt=0.89 odeTilt=1.07 upDelta=0.19 wBody=(0.03,0.00,0.00) |w|=0.03 grounded=0
INFO 2026-07-27 15:27:10.570 joltshadow - docs §70.1: slipdense (player) f=280 w=0 grounded=0 kappa=0.000 fnGround=0 omega=0.03 | ftGround=0N target=0.0 limit=815Nm motorNm=0 tyreNm=0 inertia=1.78 limRot=0/-0/0 omegaPre=0.03 posN=-0/-0/0 susp=-0.0004 springN=3
INFO 2026-07-27 15:27:10.570 joltshadow - docs §70.1: slipdense (player) f=280 w=1 grounded=0 kappa=0.000 fnGround=0 omega=0.03 | ftGround=0N target=0.0 limit=815Nm motorNm=0 tyreNm=0 inertia=1.78 limRot=0/-0/0 omegaPre=0.03 posN=-0/-0/0 susp=0.0004 springN=3
INFO 2026-07-27 15:27:10.571 joltshadow - docs §70.1: slipdense (player) f=280 w=2 grounded=0 kappa=0.000 fnGround=0 omega=0.03 | ftGround=0N target=0.0 limit=823Nm motorNm=0 tyreNm=0 inertia=1.82 limRot=0/-0/-0 omegaPre=0.03 posN=-0/-0/0 susp=0.0005 springN=9
INFO 2026-07-27 15:27:10.571 joltshadow - docs §70.1: slipdense (player) f=280 w=3 grounded=0 kappa=0.000 fnGround=0 omega=0.03 | ftGround=0N target=0.0 limit=823Nm motorNm=0 tyreNm=0 inertia=1.82 limRot=0/-0/-0 omegaPre=0.03 posN=-0/-0/0 susp=0.0014 springN=9
INFO 2026-07-27 15:27:10.571 joltshadow - docs §78: attdense (player) f=280 joltTilt=0.81 odeTilt=1.07 upDelta=0.26 wBody=(0.03,0.00,0.00) |w|=0.03 grounded=0
INFO 2026-07-27 15:27:10.614 joltshadow - docs §70.1: slipdense (player) f=284 w=0 grounded=0 kappa=0.000 fnGround=0 omega=0.04 | ftGround=0N target=0.0 limit=815Nm motorNm=0 tyreNm=0 inertia=1.78 limRot=0/0/0 omegaPre=0.04 posN=0/-0/0 susp=-0.0005 springN=1
INFO 2026-07-27 15:27:10.614 joltshadow - docs §70.1: slipdense (player) f=284 w=1 grounded=0 kappa=0.000 fnGround=0 omega=0.04 | ftGround=0N target=0.0 limit=815Nm motorNm=0 tyreNm=0 inertia=1.78 limRot=0/0/0 omegaPre=0.04 posN=0/-0/0 susp=0.0003 springN=1
INFO 2026-07-27 15:27:10.614 joltshadow - docs §70.1: slipdense (player) f=284 w=2 grounded=0 kappa=0.000 fnGround=0 omega=0.04 | ftGround=0N target=0.0 limit=823Nm motorNm=0 tyreNm=0 inertia=1.82 limRot=0/0/0 omegaPre=0.04 posN=0/-0/0 susp=-0.0006 springN=4
INFO 2026-07-27 15:27:10.614 joltshadow - docs §70.1: slipdense (player) f=284 w=3 grounded=0 kappa=0.000 fnGround=0 omega=0.04 | ftGround=0N target=0.0 limit=823Nm motorNm=0 tyreNm=0 inertia=1.82 limRot=0/0/0 omegaPre=0.04 posN=0/-0/0 susp=0.0003 springN=5
INFO 2026-07-27 15:27:10.614 joltshadow - docs §78: attdense (player) f=284 joltTilt=0.72 odeTilt=1.07 upDelta=0.35 wBody=(0.04,0.00,0.00) |w|=0.04 grounded=0
INFO 2026-07-27 15:27:10.658 joltshadow - docs §70.1: slipdense (player) f=288 w=0 grounded=0 kappa=0.000 fnGround=0 omega=0.04 | ftGround=0N target=0.0 limit=815Nm motorNm=0 tyreNm=0 inertia=1.78 limRot=0/0/0 omegaPre=0.04 posN=0/-0/0 susp=-0.0003 springN=-0
INFO 2026-07-27 15:27:10.658 joltshadow - docs §70.1: slipdense (player) f=288 w=1 grounded=0 kappa=0.000 fnGround=0 omega=0.04 | ftGround=0N target=0.0 limit=815Nm motorNm=0 tyreNm=0 inertia=1.78 limRot=0/0/0 omegaPre=0.04 posN=0/-0/0 susp=0.0005 springN=-0
INFO 2026-07-27 15:27:10.658 joltshadow - docs §70.1: slipdense (player) f=288 w=2 grounded=0 kappa=0.000 fnGround=0 omega=0.04 | ftGround=0N target=0.0 limit=823Nm motorNm=0 tyreNm=0 inertia=1.82 limRot=0/0/0 omegaPre=0.04 posN=0/-0/0 susp=-0.0008 springN=2
INFO 2026-07-27 15:27:10.658 joltshadow - docs §70.1: slipdense (player) f=288 w=3 grounded=0 kappa=0.000 fnGround=0 omega=0.04 | ftGround=0N target=0.0 limit=823Nm motorNm=0 tyreNm=0 inertia=1.82 limRot=0/0/0 omegaPre=0.04 posN=0/-0/0 susp=0.0000 springN=2
INFO 2026-07-27 15:27:10.659 joltshadow - docs §78: attdense (player) f=288 joltTilt=0.64 odeTilt=1.07 upDelta=0.43 wBody=(0.04,0.00,0.00) |w|=0.04 grounded=0
INFO 2026-07-27 15:27:10.701 joltshadow - docs §70.1: slipdense (player) f=292 w=0 grounded=0 kappa=0.000 fnGround=0 omega=0.04 | ftGround=0N target=0.0 limit=815Nm motorNm=0 tyreNm=0 inertia=1.78 limRot=0/0/0 omegaPre=0.04 posN=0/-0/0 susp=-0.0001 springN=-1
INFO 2026-07-27 15:27:10.701 joltshadow - docs §70.1: slipdense (player) f=292 w=1 grounded=0 kappa=0.000 fnGround=0 omega=0.04 | ftGround=0N target=0.0 limit=815Nm motorNm=0 tyreNm=0 inertia=1.78 limRot=0/0/0 omegaPre=0.04 posN=0/-0/0 susp=0.0006 springN=-0
INFO 2026-07-27 15:27:10.701 joltshadow - docs §70.1: slipdense (player) f=292 w=2 grounded=0 kappa=0.000 fnGround=0 omega=0.04 | ftGround=0N target=0.0 limit=823Nm motorNm=0 tyreNm=0 inertia=1.82 limRot=0/0/0 omegaPre=0.04 posN=0/0/0 susp=-0.0008 springN=0
INFO 2026-07-27 15:27:10.701 joltshadow - docs §70.1: slipdense (player) f=292 w=3 grounded=0 kappa=0.000 fnGround=0 omega=0.04 | ftGround=0N target=0.0 limit=823Nm motorNm=0 tyreNm=0 inertia=1.82 limRot=0/0/0 omegaPre=0.04 posN=0/0/0 susp=-0.0001 springN=0
INFO 2026-07-27 15:27:10.701 joltshadow - docs §78: attdense (player) f=292 joltTilt=0.56 odeTilt=1.07 upDelta=0.52 wBody=(0.04,0.00,0.00) |w|=0.04 grounded=0
INFO 2026-07-27 15:27:10.734 joltshadow - docs §82: resync (player) #8 dt=0.50s upMax=0.582 deg posMax=1.200 m odeTiltPath=0.013 deg gain=-1.0000
INFO 2026-07-27 15:27:10.734 joltshadow - docs §87: resync landing (player) w=0 pre=0.5768 post=-0.0072 m R=0.629 dY=-1.1960 dRotDeg=0.58 |corr|=1.1991 m
INFO 2026-07-27 15:27:10.734 joltshadow - docs §87: resync landing (player) w=1 pre=0.5773 post=-0.0074 m R=0.629 dY=-1.1960 dRotDeg=0.58 |corr|=1.1991 m
INFO 2026-07-27 15:27:10.735 joltshadow - docs §87: resync landing (player) w=2 pre=0.5435 post=-0.0068 m R=0.635 dY=-1.1960 dRotDeg=0.58 |corr|=1.1991 m
INFO 2026-07-27 15:27:10.735 joltshadow - docs §87: resync landing (player) w=3 pre=0.5441 post=-0.0060 m R=0.635 dY=-1.1960 dRotDeg=0.58 |corr|=1.1991 m
INFO 2026-07-27 15:27:10.735 joltshadow - docs §82: resync RESIDUAL (player) #8 pos=0.0000 m up=0.0000 deg
INFO 2026-07-27 15:27:10.745 joltshadow - docs §70.1: slipdense (player) f=296 w=0 grounded=1 kappa=-0.147 fnGround=1200 omega=-0.08 | ftGround=-120N target=0.0 limit=815Nm motorNm=-82 tyreNm=71 inertia=1.78 limRot=0/-1/0 omegaPre=0.04 posN=-2/87/0 susp=-0.5171 springN=2655
INFO 2026-07-27 15:27:10.745 joltshadow - docs §70.1: slipdense (player) f=296 w=1 grounded=1 kappa=-0.147 fnGround=1200 omega=-0.08 | ftGround=-120N target=0.0 limit=815Nm motorNm=-82 tyreNm=71 inertia=1.78 limRot=0/-1/0 omegaPre=0.04 posN=-2/87/0 susp=-0.5172 springN=2659
INFO 2026-07-27 15:27:10.745 joltshadow - docs §70.1: slipdense (player) f=296 w=2 grounded=1 kappa=-0.137 fnGround=1200 omega=-0.08 | ftGround=-112N target=0.0 limit=823Nm motorNm=-75 tyreNm=64 inertia=1.82 limRot=0/-1/-0 omegaPre=0.04 posN=-2/70/0 susp=-0.5592 springN=3036
INFO 2026-07-27 15:27:10.745 joltshadow - docs §70.1: slipdense (player) f=296 w=3 grounded=1 kappa=-0.137 fnGround=1199 omega=-0.08 | ftGround=-112N target=0.0 limit=823Nm motorNm=-75 tyreNm=64 inertia=1.82 limRot=0/-1/0 omegaPre=0.04 posN=-2/70/0 susp=-0.5593 springN=3040
INFO 2026-07-27 15:27:10.745 joltshadow - docs §78: attdense (player) f=296 joltTilt=0.96 odeTilt=1.07 upDelta=0.12 wBody=(-0.08,0.00,-0.00) |w|=0.08 grounded=4
INFO 2026-07-27 15:27:10.786 joltshadow - docs §70.1: slipdense (player) f=300 w=0 grounded=1 kappa=-0.128 fnGround=1169 omega=-0.15 | ftGround=-105N target=0.0 limit=3020Nm motorNm=-60 tyreNm=63 inertia=1.78 limRot=0/-1/0 omegaPre=-0.17 posN=-1/64/0 susp=-0.3816 springN=923
INFO 2026-07-27 15:27:10.786 joltshadow - docs §70.1: slipdense (player) f=300 w=1 grounded=1 kappa=-0.128 fnGround=1170 omega=-0.15 | ftGround=-105N target=0.0 limit=3020Nm motorNm=-60 tyreNm=63 inertia=1.78 limRot=0/-1/0 omegaPre=-0.17 posN=-1/64/0 susp=-0.3821 springN=928
INFO 2026-07-27 15:27:10.786 joltshadow - docs §70.1: slipdense (player) f=300 w=2 grounded=1 kappa=-0.105 fnGround=1200 omega=-0.15 | ftGround=-86N target=0.0 limit=3049Nm motorNm=-49 tyreNm=52 inertia=1.82 limRot=0/-1/-0 omegaPre=-0.17 posN=-1/35/0 susp=-0.4607 springN=1567
INFO 2026-07-27 15:27:10.786 joltshadow - docs §70.1: slipdense (player) f=300 w=3 grounded=1 kappa=-0.104 fnGround=1200 omega=-0.15 | ftGround=-85N target=0.0 limit=3049Nm motorNm=-48 tyreNm=51 inertia=1.82 limRot=0/-1/-0 omegaPre=-0.17 posN=-1/35/0 susp=-0.4612 springN=1573
INFO 2026-07-27 15:27:10.786 joltshadow - docs §78: attdense (player) f=300 joltTilt=1.10 odeTilt=1.07 upDelta=0.03 wBody=(-0.15,0.00,-0.00) |w|=0.15 grounded=4
INFO 2026-07-27 15:27:10.786 joltshadow - Shadow divergence (player): pos=1.483m vel=4.219m/s angle=0.0deg (jolt com=[4668.5 259.4 1251.9] ode com=[4668.5 258.0 1251.5])
INFO 2026-07-27 15:27:10.786 joltshadow - docs §23.6: driver input (player) realThrottle=-10.00 brake=0.01 handBrake=1 steerRad=0.000
INFO 2026-07-27 15:27:10.786 joltshadow - docs §32: Jolt SHADOW chassis pitch (player) forward=(-0.223, 0.019, -0.975)
INFO 2026-07-27 15:27:10.786 joltshadow - docs §69: tilt (player) jolt=1.1 deg ode=1.1 deg delta=+0.0 deg upDelta=0.03 deg
INFO 2026-07-27 15:27:10.786 joltshadow - docs §32.4: Jolt SHADOW chassis lowest corner (player) = (4667.79,258.03,1255.31) clearanceToGround=0.028
INFO 2026-07-27 15:27:10.786 joltshadow - docs §23.5: wheel state (player) wheel=0 contact=0 suspLen=1.050 (range 0.050-1.050, 0% compressed) angVel=0.00
INFO 2026-07-27 15:27:10.786 joltshadow - docs §38.11: wheel=0 NO contact, worldAxle=(0.975,0.000,-0.223)
INFO 2026-07-27 15:27:10.786 joltshadow - docs §32: no-contact raycast (player) wheel=0 bodyPos=(4668.46,258.68,1251.51) localMPos=(-1.155,0.060,2.270) origin=(4669.08,258.78,1249.04) dir=(-0.004,-1.000,-0.019) normalRayLen=1.679 groundFoundAt=0.000 shortfallBeyondTravel=-1.679 hitBody=8391031 hitLayer=4 hitMotion=2 hitIsSelfChassis=0
INFO 2026-07-27 15:27:10.787 joltshadow - docs §23.5: wheel state (player) wheel=1 contact=0 suspLen=1.050 (range 0.050-1.050, 0% compressed) angVel=0.00
INFO 2026-07-27 15:27:10.787 joltshadow - docs §38.11: wheel=1 NO contact, worldAxle=(0.975,0.000,-0.223)
INFO 2026-07-27 15:27:10.787 joltshadow - docs §32: no-contact raycast (player) wheel=1 bodyPos=(4668.46,258.68,1251.51) localMPos=(1.155,0.059,2.270) origin=(4666.82,258.78,1249.56) dir=(-0.004,-1.000,-0.019) normalRayLen=1.679 groundFoundAt=0.000 shortfallBeyondTravel=-1.679 hitBody=8391032 hitLayer=4 hitMotion=2 hitIsSelfChassis=0
INFO 2026-07-27 15:27:10.787 joltshadow - docs §23.5: wheel state (player) wheel=2 contact=0 suspLen=1.050 (range 0.050-1.050, 0% compressed) angVel=0.00
INFO 2026-07-27 15:27:10.787 joltshadow - docs §38.11: wheel=2 NO contact, worldAxle=(0.975,0.000,-0.223)
INFO 2026-07-27 15:27:10.787 joltshadow - docs §32: no-contact raycast (player) wheel=2 bodyPos=(4668.46,258.68,1251.51) localMPos=(-1.253,0.145,-2.062) origin=(4670.14,258.78,1253.24) dir=(-0.004,-1.000,-0.019) normalRayLen=1.685 groundFoundAt=0.000 shortfallBeyondTravel=-1.685 hitBody=8391033 hitLayer=4 hitMotion=2 hitIsSelfChassis=0
INFO 2026-07-27 15:27:10.787 joltshadow - docs §23.5: wheel state (player) wheel=3 contact=0 suspLen=1.050 (range 0.050-1.050, 0% compressed) angVel=0.00
INFO 2026-07-27 15:27:10.787 joltshadow - docs §38.11: wheel=3 NO contact, worldAxle=(0.975,0.000,-0.223)
INFO 2026-07-27 15:27:10.787 joltshadow - docs §32: no-contact raycast (player) wheel=3 bodyPos=(4668.46,258.68,1251.51) localMPos=(1.253,0.146,-2.062) origin=(4667.69,258.78,1253.80) dir=(-0.004,-1.000,-0.019) normalRayLen=1.685 groundFoundAt=0.000 shortfallBeyondTravel=-1.685 hitBody=8391034 hitLayer=4 hitMotion=2 hitIsSelfChassis=0
INFO 2026-07-27 15:27:10.787 joltshadow - docs §59/63: harvest (player) wheelsWithContact=4 contactPoints=8 overflow=0 (of 4) | maxNormalF=1200N bound(k_t*tau)=1200N ratio=1.00
INFO 2026-07-27 15:27:10.787 joltshadow - docs §58: wheel body (player) w=0 springF=923N stopF=0N travel=-0.3816 (limits -0.5000..0.5000 rel spawn) kSusp=6000 sagPredicted=0.1538 | frameTrav=-0.4187..-0.3816 frameStopN=0
INFO 2026-07-27 15:27:10.787 joltshadow - docs §66: tyre band (player) w=0 fnGround=1169N fnTotal=1169N pen=0.01000 penRaw=0.03006 tau=0.01000 pen/tau=1.00 | recs tyre=1 rim=1 survived=1 stale=0 distMax=0.95R
INFO 2026-07-27 15:27:10.787 joltshadow - docs §68: steer (player) w=0 steerable=1 commanded=0.000 rad measured=-0.000 rad err=-0.00 deg steerSign=-1 steerTq=0Nm cap=3020Nm sat=0.00
INFO 2026-07-27 15:27:10.787 joltshadow - docs §70: slip (player) w=0 grounded=1 kappa=-0.128 fnGround=1169N omega=-0.15
INFO 2026-07-27 15:27:10.787 joltshadow - docs §67: spin (player) w=0 driven=1 omega=-0.15 rad/s surfaceSpeed=-0.10 m/s spinSign=+1 motorTq=-60Nm cmdTq=3020Nm
INFO 2026-07-27 15:27:10.787 joltshadow - docs §58: wheel body (player) w=1 springF=928N stopF=0N travel=-0.3821 (limits -0.5000..0.5000 rel spawn) kSusp=6000 sagPredicted=0.1547 | frameTrav=-0.4190..-0.3821 frameStopN=0
INFO 2026-07-27 15:27:10.787 joltshadow - docs §66: tyre band (player) w=1 fnGround=1170N fnTotal=1170N pen=0.01000 penRaw=0.03006 tau=0.01000 pen/tau=1.00 | recs tyre=1 rim=1 survived=1 stale=0 distMax=0.95R
INFO 2026-07-27 15:27:10.787 joltshadow - docs §68: steer (player) w=1 steerable=1 commanded=0.000 rad measured=-0.000 rad err=-0.00 deg steerSign=-1 steerTq=0Nm cap=3020Nm sat=0.00
INFO 2026-07-27 15:27:10.787 joltshadow - docs §70: slip (player) w=1 grounded=1 kappa=-0.128 fnGround=1170N omega=-0.15
INFO 2026-07-27 15:27:10.787 joltshadow - docs §67: spin (player) w=1 driven=1 omega=-0.15 rad/s surfaceSpeed=-0.10 m/s spinSign=+1 motorTq=-60Nm cmdTq=3020Nm
INFO 2026-07-27 15:27:10.787 joltshadow - docs §58: wheel body (player) w=2 springF=1567N stopF=0N travel=-0.4607 (limits -0.5000..0.5000 rel spawn) kSusp=6000 sagPredicted=0.2612 | frameTrav=-0.4896..-0.4607 frameStopN=0
INFO 2026-07-27 15:27:10.787 joltshadow - docs §66: tyre band (player) w=2 fnGround=1200N fnTotal=1200N pen=0.01000 penRaw=0.03158 tau=0.01000 pen/tau=1.00 | recs tyre=1 rim=1 survived=1 stale=0 distMax=0.95R
INFO 2026-07-27 15:27:10.787 joltshadow - docs §68: steer (player) w=2 steerable=0 commanded=0.000 rad measured=-0.000 rad err=-0.00 deg steerSign=-1 steerTq=0Nm cap=340282346638528859811704183484516925440Nm sat=0.00
INFO 2026-07-27 15:27:10.787 joltshadow - docs §70: slip (player) w=2 grounded=1 kappa=-0.105 fnGround=1200N omega=-0.15
INFO 2026-07-27 15:27:10.788 joltshadow - docs §67: spin (player) w=2 driven=1 omega=-0.15 rad/s surfaceSpeed=-0.10 m/s spinSign=+1 motorTq=-49Nm cmdTq=3049Nm
INFO 2026-07-27 15:27:10.788 joltshadow - docs §58: wheel body (player) w=3 springF=1573N stopF=0N travel=-0.4612 (limits -0.5000..0.5000 rel spawn) kSusp=6000 sagPredicted=0.2622 | frameTrav=-0.4899..-0.4612 frameStopN=0
INFO 2026-07-27 15:27:10.788 joltshadow - docs §66: tyre band (player) w=3 fnGround=1200N fnTotal=1200N pen=0.01000 penRaw=0.03161 tau=0.01000 pen/tau=1.00 | recs tyre=1 rim=1 survived=1 stale=0 distMax=0.95R
INFO 2026-07-27 15:27:10.788 joltshadow - docs §68: steer (player) w=3 steerable=0 commanded=0.000 rad measured=-0.000 rad err=-0.00 deg steerSign=-1 steerTq=0Nm cap=340282346638528859811704183484516925440Nm sat=0.00
INFO 2026-07-27 15:27:10.788 joltshadow - docs §70: slip (player) w=3 grounded=1 kappa=-0.104 fnGround=1200N omega=-0.15
INFO 2026-07-27 15:27:10.788 joltshadow - docs §67: spin (player) w=3 driven=1 omega=-0.15 rad/s surfaceSpeed=-0.10 m/s spinSign=+1 motorTq=-48Nm cmdTq=3049Nm
INFO 2026-07-27 15:27:10.788 joltshadow - docs §67: drivetrain (player) gear=0 rpm=34 driveTorque=600Nm perWheel=150Nm driven=4 throttle=-1.00 spin=1 | PRE-STEP brake=0.01 handBrake=1
INFO 2026-07-27 15:27:10.788 joltshadow - docs §66: tyre band SUM (player) fnGroundSum=4739N fnTotalSum=4739N weight=942N carried=5.03 | penSum=0.04000 recs tyre=4 rim=4 stale=0
INFO 2026-07-27 15:27:10.788 joltshadow - docs §30: REAL ODE chassis COM (player) body=54C8BDB0 = (4668.454, 257.995, 1251.496) forward=(-0.223, 0.019, -0.975)
INFO 2026-07-27 15:27:10.788 joltshadow - docs §33: real ODE chassis geom (player) #1 = class 0 (not a transform) pos=(4668.454,257.995,1251.496) radius=4.500
INFO 2026-07-27 15:27:10.788 joltshadow - docs §33: real ODE chassis geom (player) #2 = transform, inner class=1 pos=(0.000,1.095,-0.495)
INFO 2026-07-27 15:27:10.788 joltshadow - docs §33: real ODE chassis geom (player) #3 = transform, inner class=1 pos=(0.353,3.466,0.718)
INFO 2026-07-27 15:27:10.788 joltshadow - docs §33: real ODE chassis geom (player) #4 = transform, inner class=1 pos=(0.000,1.818,1.842)
INFO 2026-07-27 15:27:10.788 joltshadow - docs §33: real ODE chassis geom (player) #5 = transform, inner class=1 pos=(0.006,1.981,-2.113)
INFO 2026-07-27 15:27:10.788 joltshadow - docs §33: real ODE chassis geom (player) #6 = class 0 (not a transform) pos=(4668.454,257.995,1251.496) radius=30.000
INFO 2026-07-27 15:27:10.788 joltshadow - docs §33: real ODE chassis geom (player) #7 = class 0 (not a transform) pos=(4668.454,257.995,1251.496) radius=6.436
INFO 2026-07-27 15:27:10.788 joltshadow - docs §33: real ODE chassis geom (player) #8 = class 0 (not a transform) pos=(4668.454,257.995,1251.496) radius=200.000
INFO 2026-07-27 15:27:10.788 joltshadow - docs §33: real ODE chassis (player) has 8 total geom(s) directly attached (4 transform(s)) - compare against BuildChassisCompoundShape's own part/geom count in the build log
INFO 2026-07-27 15:27:10.788 joltshadow - docs §28: REAL ODE wheel state (player) wheel=0 displacement=0.0242 range=1.000 (2% compressed, signed) foreAft=2.270 localZ=2.270 cfm=0.002500 erp=0.2500
INFO 2026-07-27 15:27:10.788 joltshadow - docs §28: REAL ODE wheel state (player) wheel=1 displacement=0.0242 range=1.000 (2% compressed, signed) foreAft=2.270 localZ=2.270 cfm=0.002500 erp=0.2500
INFO 2026-07-27 15:27:10.788 joltshadow - docs §28: REAL ODE wheel state (player) wheel=2 displacement=0.0265 range=1.000 (3% compressed, signed) foreAft=-2.062 localZ=-2.062 cfm=0.002500 erp=0.2500
INFO 2026-07-27 15:27:10.788 joltshadow - docs §28: REAL ODE wheel state (player) wheel=3 displacement=0.0265 range=1.000 (3% compressed, signed) foreAft=-2.062 localZ=-2.062 cfm=0.002500 erp=0.2500
INFO 2026-07-27 15:27:10.831 joltshadow - docs §70.1: slipdense (player) f=304 w=0 grounded=1 kappa=0.087 fnGround=0 omega=-0.05 | ftGround=0N target=0.0 limit=921Nm motorNm=5 tyreNm=0 inertia=1.78 limRot=0/0/0 omegaPre=-0.08 posN=0/-7/0 susp=-0.1827 springN=-122
INFO 2026-07-27 15:27:10.831 joltshadow - docs §70.1: slipdense (player) f=304 w=1 grounded=1 kappa=0.087 fnGround=0 omega=-0.05 | ftGround=0N target=0.0 limit=945Nm motorNm=5 tyreNm=0 inertia=1.78 limRot=0/0/0 omegaPre=-0.08 posN=0/-7/0 susp=-0.1857 springN=-108
INFO 2026-07-27 15:27:10.831 joltshadow - docs §70.1: slipdense (player) f=304 w=2 grounded=1 kappa=0.082 fnGround=607 omega=-0.05 | ftGround=67N target=0.0 limit=2170Nm motorNm=47 tyreNm=-41 inertia=1.82 limRot=0/2/-0 omegaPre=-0.08 posN=3/-86/0 susp=-0.2649 springN=343
INFO 2026-07-27 15:27:10.831 joltshadow - docs §70.1: slipdense (player) f=304 w=3 grounded=1 kappa=0.082 fnGround=620 omega=-0.05 | ftGround=67N target=0.0 limit=2196Nm motorNm=47 tyreNm=-41 inertia=1.82 limRot=0/2/-0 omegaPre=-0.08 posN=3/-86/0 susp=-0.2682 springN=357
INFO 2026-07-27 15:27:10.831 joltshadow - docs §78: attdense (player) f=304 joltTilt=1.37 odeTilt=1.07 upDelta=0.31 wBody=(-0.05,-0.00,0.00) |w|=0.05 grounded=4
INFO 2026-07-27 15:27:10.873 joltshadow - docs §70.1: slipdense (player) f=308 w=0 grounded=0 kappa=0.000 fnGround=0 omega=0.05 | ftGround=0N target=0.0 limit=815Nm motorNm=2 tyreNm=0 inertia=1.78 limRot=0/0/0 omegaPre=0.04 posN=1/-11/0 susp=-0.0498 springN=-313
INFO 2026-07-27 15:27:10.874 joltshadow - docs §70.1: slipdense (player) f=308 w=1 grounded=0 kappa=0.000 fnGround=0 omega=0.05 | ftGround=0N target=0.0 limit=815Nm motorNm=2 tyreNm=0 inertia=1.78 limRot=0/0/0 omegaPre=0.04 posN=1/-11/0 susp=-0.0532 springN=-312
INFO 2026-07-27 15:27:10.874 joltshadow - docs §70.1: slipdense (player) f=308 w=2 grounded=0 kappa=0.000 fnGround=0 omega=0.05 | ftGround=0N target=0.0 limit=823Nm motorNm=2 tyreNm=0 inertia=1.82 limRot=0/0/0 omegaPre=0.04 posN=1/-11/0 susp=-0.1061 springN=-288
INFO 2026-07-27 15:27:10.874 joltshadow - docs §70.1: slipdense (player) f=308 w=3 grounded=0 kappa=0.000 fnGround=0 omega=0.05 | ftGround=0N target=0.0 limit=823Nm motorNm=2 tyreNm=0 inertia=1.82 limRot=0/0/0 omegaPre=0.04 posN=1/-11/0 susp=-0.1104 springN=-282
INFO 2026-07-27 15:27:10.874 joltshadow - docs §78: attdense (player) f=308 joltTilt=1.34 odeTilt=1.07 upDelta=0.29 wBody=(0.05,0.00,0.01) |w|=0.05 grounded=0
INFO 2026-07-27 15:27:10.914 joltshadow - docs §70.1: slipdense (player) f=312 w=0 grounded=0 kappa=0.000 fnGround=0 omega=0.06 | ftGround=0N target=0.0 limit=815Nm motorNm=-0 tyreNm=0 inertia=1.78 limRot=0/-0/0 omegaPre=0.07 posN=-0/1/0 susp=-0.0035 springN=-146
INFO 2026-07-27 15:27:10.914 joltshadow - docs §70.1: slipdense (player) f=312 w=1 grounded=0 kappa=0.000 fnGround=0 omega=0.06 | ftGround=0N target=0.0 limit=815Nm motorNm=-0 tyreNm=0 inertia=1.78 limRot=0/-0/0 omegaPre=0.07 posN=-0/1/0 susp=-0.0050 springN=-151
INFO 2026-07-27 15:27:10.914 joltshadow - docs §70.1: slipdense (player) f=312 w=2 grounded=0 kappa=0.000 fnGround=0 omega=0.06 | ftGround=0N target=0.0 limit=823Nm motorNm=-0 tyreNm=0 inertia=1.82 limRot=0/-0/-0 omegaPre=0.07 posN=-0/1/0 susp=-0.0215 springN=-263
INFO 2026-07-27 15:27:10.914 joltshadow - docs §70.1: slipdense (player) f=312 w=3 grounded=0 kappa=0.000 fnGround=0 omega=0.06 | ftGround=0N target=0.0 limit=823Nm motorNm=-0 tyreNm=0 inertia=1.82 limRot=0/-0/-0 omegaPre=0.07 posN=-0/0/0 susp=-0.0236 springN=-268
INFO 2026-07-27 15:27:10.914 joltshadow - docs §78: attdense (player) f=312 joltTilt=1.20 odeTilt=1.07 upDelta=0.17 wBody=(0.06,0.00,0.01) |w|=0.06 grounded=0
INFO 2026-07-27 15:27:10.958 joltshadow - docs §70.1: slipdense (player) f=316 w=0 grounded=0 kappa=0.000 fnGround=0 omega=0.05 | ftGround=0N target=0.0 limit=815Nm motorNm=-1 tyreNm=0 inertia=1.78 limRot=0/-0/0 omegaPre=0.05 posN=-1/3/0 susp=0.0044 springN=-28
INFO 2026-07-27 15:27:10.958 joltshadow - docs §70.1: slipdense (player) f=316 w=1 grounded=0 kappa=0.000 fnGround=0 omega=0.05 | ftGround=0N target=0.0 limit=815Nm motorNm=-1 tyreNm=0 inertia=1.78 limRot=0/-0/0 omegaPre=0.05 posN=-1/3/0 susp=0.0047 springN=-33
INFO 2026-07-27 15:27:10.958 joltshadow - docs §70.1: slipdense (player) f=316 w=2 grounded=0 kappa=0.000 fnGround=0 omega=0.05 | ftGround=0N target=0.0 limit=823Nm motorNm=-1 tyreNm=0 inertia=1.82 limRot=0/-0/-0 omegaPre=0.05 posN=-1/3/0 susp=0.0061 springN=-99
INFO 2026-07-27 15:27:10.958 joltshadow - docs §70.1: slipdense (player) f=316 w=3 grounded=0 kappa=0.000 fnGround=0 omega=0.05 | ftGround=0N target=0.0 limit=823Nm motorNm=-1 tyreNm=0 inertia=1.82 limRot=0/-0/-0 omegaPre=0.05 posN=-1/3/0 susp=0.0063 springN=-105
INFO 2026-07-27 15:27:10.958 joltshadow - docs §78: attdense (player) f=316 joltTilt=1.05 odeTilt=1.07 upDelta=0.10 wBody=(0.05,0.00,0.00) |w|=0.05 grounded=0
INFO 2026-07-27 15:27:11.002 joltshadow - docs §70.1: slipdense (player) f=320 w=0 grounded=0 kappa=0.000 fnGround=0 omega=0.04 | ftGround=0N target=0.0 limit=815Nm motorNm=-0 tyreNm=0 inertia=1.78 limRot=0/-0/0 omegaPre=0.04 posN=-0/1/0 susp=0.0020 springN=4
INFO 2026-07-27 15:27:11.003 joltshadow - docs §70.1: slipdense (player) f=320 w=1 grounded=0 kappa=0.000 fnGround=0 omega=0.04 | ftGround=0N target=0.0 limit=815Nm motorNm=-0 tyreNm=0 inertia=1.78 limRot=0/-0/0 omegaPre=0.04 posN=-0/1/0 susp=0.0030 springN=2
INFO 2026-07-27 15:27:11.003 joltshadow - docs §70.1: slipdense (player) f=320 w=2 grounded=0 kappa=0.000 fnGround=0 omega=0.04 | ftGround=0N target=0.0 limit=823Nm motorNm=-0 tyreNm=0 inertia=1.82 limRot=0/-0/-0 omegaPre=0.04 posN=-0/1/0 susp=0.0061 springN=-12
INFO 2026-07-27 15:27:11.003 joltshadow - docs §70.1: slipdense (player) f=320 w=3 grounded=0 kappa=0.000 fnGround=0 omega=0.04 | ftGround=0N target=0.0 limit=823Nm motorNm=-0 tyreNm=0 inertia=1.82 limRot=0/-0/-0 omegaPre=0.04 posN=-0/1/0 susp=0.0071 springN=-15
INFO 2026-07-27 15:27:11.003 joltshadow - docs §78: attdense (player) f=320 joltTilt=0.94 odeTilt=1.07 upDelta=0.15 wBody=(0.04,0.00,0.00) |w|=0.04 grounded=0
INFO 2026-07-27 15:27:11.044 joltshadow - docs §70.1: slipdense (player) f=324 w=0 grounded=0 kappa=0.000 fnGround=0 omega=0.04 | ftGround=0N target=0.0 limit=815Nm motorNm=0 tyreNm=0 inertia=1.78 limRot=0/-0/0 omegaPre=0.04 posN=-0/0/0 susp=-0.0001 springN=5
INFO 2026-07-27 15:27:11.044 joltshadow - docs §70.1: slipdense (player) f=324 w=1 grounded=0 kappa=0.000 fnGround=0 omega=0.04 | ftGround=0N target=0.0 limit=815Nm motorNm=0 tyreNm=0 inertia=1.78 limRot=0/-0/0 omegaPre=0.04 posN=-0/0/0 susp=0.0011 springN=5
INFO 2026-07-27 15:27:11.044 joltshadow - docs §70.1: slipdense (player) f=324 w=2 grounded=0 kappa=0.000 fnGround=0 omega=0.04 | ftGround=0N target=0.0 limit=823Nm motorNm=0 tyreNm=0 inertia=1.82 limRot=0/-0/-0 omegaPre=0.04 posN=-0/0/0 susp=0.0021 springN=9
INFO 2026-07-27 15:27:11.044 joltshadow - docs §70.1: slipdense (player) f=324 w=3 grounded=0 kappa=0.000 fnGround=0 omega=0.04 | ftGround=0N target=0.0 limit=823Nm motorNm=0 tyreNm=0 inertia=1.82 limRot=0/-0/-0 omegaPre=0.04 posN=-0/0/0 susp=0.0033 springN=8
INFO 2026-07-27 15:27:11.045 joltshadow - docs §78: attdense (player) f=324 joltTilt=0.84 odeTilt=1.07 upDelta=0.24 wBody=(0.04,0.00,-0.00) |w|=0.04 grounded=0
INFO 2026-07-27 15:27:11.083 joltshadow - docs §70.1: slipdense (player) f=328 w=0 grounded=0 kappa=0.000 fnGround=0 omega=0.04 | ftGround=0N target=0.0 limit=815Nm motorNm=0 tyreNm=0 inertia=1.78 limRot=0/-0/0 omegaPre=0.04 posN=-0/-0/0 susp=-0.0006 springN=2
INFO 2026-07-27 15:27:11.084 joltshadow - docs §70.1: slipdense (player) f=328 w=1 grounded=0 kappa=0.000 fnGround=0 omega=0.04 | ftGround=0N target=0.0 limit=815Nm motorNm=0 tyreNm=0 inertia=1.78 limRot=0/-0/0 omegaPre=0.04 posN=-0/-0/0 susp=0.0004 springN=2
INFO 2026-07-27 15:27:11.084 joltshadow - docs §70.1: slipdense (player) f=328 w=2 grounded=0 kappa=0.000 fnGround=0 omega=0.04 | ftGround=0N target=0.0 limit=823Nm motorNm=0 tyreNm=0 inertia=1.82 limRot=0/-0/-0 omegaPre=0.04 posN=-0/-0/0 susp=-0.0002 springN=8
INFO 2026-07-27 15:27:11.084 joltshadow - docs §70.1: slipdense (player) f=328 w=3 grounded=0 kappa=0.000 fnGround=0 omega=0.04 | ftGround=0N target=0.0 limit=823Nm motorNm=0 tyreNm=0 inertia=1.82 limRot=0/-0/-0 omegaPre=0.04 posN=-0/-0/0 susp=0.0009 springN=8
INFO 2026-07-27 15:27:11.084 joltshadow - docs §78: attdense (player) f=328 joltTilt=0.76 odeTilt=1.07 upDelta=0.32 wBody=(0.04,0.00,-0.00) |w|=0.04 grounded=0
INFO 2026-07-27 15:27:11.122 joltshadow - docs §70.1: slipdense (player) f=332 w=0 grounded=0 kappa=0.000 fnGround=0 omega=0.04 | ftGround=0N target=0.0 limit=815Nm motorNm=0 tyreNm=0 inertia=1.78 limRot=0/-0/0 omegaPre=0.04 posN=0/-0/0 susp=-0.0006 springN=0
INFO 2026-07-27 15:27:11.122 joltshadow - docs §70.1: slipdense (player) f=332 w=1 grounded=0 kappa=0.000 fnGround=0 omega=0.04 | ftGround=0N target=0.0 limit=815Nm motorNm=0 tyreNm=0 inertia=1.78 limRot=0/-0/0 omegaPre=0.04 posN=0/-0/0 susp=0.0005 springN=0
INFO 2026-07-27 15:27:11.122 joltshadow - docs §70.1: slipdense (player) f=332 w=2 grounded=0 kappa=0.000 fnGround=0 omega=0.04 | ftGround=0N target=0.0 limit=823Nm motorNm=0 tyreNm=0 inertia=1.82 limRot=0/0/-0 omegaPre=0.04 posN=0/-0/0 susp=-0.0009 springN=4
INFO 2026-07-27 15:27:11.122 joltshadow - docs §70.1: slipdense (player) f=332 w=3 grounded=0 kappa=0.000 fnGround=0 omega=0.04 | ftGround=0N target=0.0 limit=823Nm motorNm=0 tyreNm=0 inertia=1.82 limRot=0/0/-0 omegaPre=0.04 posN=0/-0/0 susp=0.0002 springN=4
INFO 2026-07-27 15:27:11.122 joltshadow - docs §78: attdense (player) f=332 joltTilt=0.67 odeTilt=1.07 upDelta=0.40 wBody=(0.04,0.00,-0.00) |w|=0.04 grounded=0
INFO 2026-07-27 15:27:11.162 joltshadow - docs §70.1: slipdense (player) f=336 w=0 grounded=0 kappa=0.000 fnGround=0 omega=0.04 | ftGround=0N target=0.0 limit=815Nm motorNm=-0 tyreNm=0 inertia=1.78 limRot=0/-0/0 omegaPre=0.04 posN=-0/0/0 susp=-0.0007 springN=0
INFO 2026-07-27 15:27:11.162 joltshadow - docs §70.1: slipdense (player) f=336 w=1 grounded=0 kappa=0.000 fnGround=0 omega=0.04 | ftGround=0N target=0.0 limit=815Nm motorNm=-0 tyreNm=0 inertia=1.78 limRot=0/-0/0 omegaPre=0.04 posN=-0/0/0 susp=0.0004 springN=0
INFO 2026-07-27 15:27:11.162 joltshadow - docs §70.1: slipdense (player) f=336 w=2 grounded=0 kappa=0.000 fnGround=0 omega=0.04 | ftGround=0N target=0.0 limit=823Nm motorNm=-0 tyreNm=0 inertia=1.82 limRot=0/-0/-0 omegaPre=0.04 posN=-0/0/0 susp=-0.0010 springN=1
INFO 2026-07-27 15:27:11.162 joltshadow - docs §70.1: slipdense (player) f=336 w=3 grounded=0 kappa=0.000 fnGround=0 omega=0.04 | ftGround=0N target=0.0 limit=823Nm motorNm=-0 tyreNm=0 inertia=1.82 limRot=0/-0/-0 omegaPre=0.04 posN=-0/0/0 susp=0.0002 springN=1
INFO 2026-07-27 15:27:11.162 joltshadow - docs §78: attdense (player) f=336 joltTilt=0.58 odeTilt=1.07 upDelta=0.49 wBody=(0.04,0.00,-0.00) |w|=0.04 grounded=0
INFO 2026-07-27 15:27:11.198 joltshadow - docs §70.1: slipdense (player) f=340 w=0 grounded=0 kappa=0.000 fnGround=0 omega=0.04 | ftGround=0N target=0.0 limit=815Nm motorNm=-0 tyreNm=0 inertia=1.78 limRot=0/-0/0 omegaPre=0.04 posN=-0/0/0 susp=-0.0008 springN=0
INFO 2026-07-27 15:27:11.198 joltshadow - docs §70.1: slipdense (player) f=340 w=1 grounded=0 kappa=0.000 fnGround=0 omega=0.04 | ftGround=0N target=0.0 limit=815Nm motorNm=-0 tyreNm=0 inertia=1.78 limRot=0/-0/0 omegaPre=0.04 posN=-0/0/0 susp=0.0004 springN=0
INFO 2026-07-27 15:27:11.198 joltshadow - docs §70.1: slipdense (player) f=340 w=2 grounded=0 kappa=0.000 fnGround=0 omega=0.04 | ftGround=0N target=0.0 limit=823Nm motorNm=-0 tyreNm=0 inertia=1.82 limRot=0/-0/-0 omegaPre=0.04 posN=-0/0/0 susp=-0.0007 springN=-0
INFO 2026-07-27 15:27:11.198 joltshadow - docs §70.1: slipdense (player) f=340 w=3 grounded=0 kappa=0.000 fnGround=0 omega=0.04 | ftGround=0N target=0.0 limit=823Nm motorNm=-0 tyreNm=0 inertia=1.82 limRot=0/-0/-0 omegaPre=0.04 posN=-0/0/0 susp=0.0005 springN=-1
INFO 2026-07-27 15:27:11.198 joltshadow - docs §78: attdense (player) f=340 joltTilt=0.50 odeTilt=1.07 upDelta=0.57 wBody=(0.04,0.00,-0.00) |w|=0.04 grounded=0
INFO 2026-07-27 15:27:11.240 joltshadow - docs §70.1: slipdense (player) f=344 w=0 grounded=0 kappa=0.000 fnGround=0 omega=0.04 | ftGround=0N target=0.0 limit=815Nm motorNm=0 tyreNm=0 inertia=1.78 limRot=0/-0/0 omegaPre=0.04 posN=-0/-0/0 susp=-0.0005 springN=-1
INFO 2026-07-27 15:27:11.240 joltshadow - docs §70.1: slipdense (player) f=344 w=1 grounded=0 kappa=0.000 fnGround=0 omega=0.04 | ftGround=0N target=0.0 limit=815Nm motorNm=0 tyreNm=0 inertia=1.78 limRot=0/-0/0 omegaPre=0.04 posN=-0/-0/0 susp=0.0006 springN=-1
INFO 2026-07-27 15:27:11.241 joltshadow - docs §70.1: slipdense (player) f=344 w=2 grounded=0 kappa=0.000 fnGround=0 omega=0.04 | ftGround=0N target=0.0 limit=823Nm motorNm=0 tyreNm=0 inertia=1.82 limRot=0/-0/-0 omegaPre=0.04 posN=-0/0/0 susp=-0.0006 springN=-0
INFO 2026-07-27 15:27:11.241 joltshadow - docs §70.1: slipdense (player) f=344 w=3 grounded=0 kappa=0.000 fnGround=0 omega=0.04 | ftGround=0N target=0.0 limit=823Nm motorNm=0 tyreNm=0 inertia=1.82 limRot=0/-0/-0 omegaPre=0.04 posN=-0/0/0 susp=0.0006 springN=-0
INFO 2026-07-27 15:27:11.241 joltshadow - docs §78: attdense (player) f=344 joltTilt=0.41 odeTilt=1.07 upDelta=0.66 wBody=(0.04,0.00,-0.00) |w|=0.04 grounded=0
INFO 2026-07-27 15:27:11.241 joltshadow - docs §82: resync (player) #9 dt=0.51s upMax=0.662 deg posMax=1.202 m odeTiltPath=0.007 deg gain=-1.0000
INFO 2026-07-27 15:27:11.241 joltshadow - docs §87: resync landing (player) w=0 pre=0.5765 post=-0.0087 m R=0.629 dY=-1.1967 dRotDeg=0.66 |corr|=1.2001 m
INFO 2026-07-27 15:27:11.241 joltshadow - docs §87: resync landing (player) w=1 pre=0.5773 post=-0.0089 m R=0.629 dY=-1.1967 dRotDeg=0.66 |corr|=1.2001 m
INFO 2026-07-27 15:27:11.241 joltshadow - docs §87: resync landing (player) w=2 pre=0.5489 post=-0.0083 m R=0.635 dY=-1.1967 dRotDeg=0.66 |corr|=1.2001 m
INFO 2026-07-27 15:27:11.241 joltshadow - docs §87: resync landing (player) w=3 pre=0.5497 post=-0.0076 m R=0.635 dY=-1.1967 dRotDeg=0.66 |corr|=1.2001 m
INFO 2026-07-27 15:27:11.241 joltshadow - docs §82: resync RESIDUAL (player) #9 pos=0.0000 m up=0.0198 deg
INFO 2026-07-27 15:27:11.279 joltshadow - docs §70.1: slipdense (player) f=348 w=0 grounded=1 kappa=-0.196 fnGround=1200 omega=-0.17 | ftGround=-166N target=0.0 limit=3020Nm motorNm=-99 tyreNm=99 inertia=1.78 limRot=0/-1/0 omegaPre=-0.16 posN=-2/114/0 susp=-0.4384 springN=1418
INFO 2026-07-27 15:27:11.279 joltshadow - docs §70.1: slipdense (player) f=348 w=1 grounded=1 kappa=-0.196 fnGround=1200 omega=-0.17 | ftGround=-165N target=0.0 limit=3020Nm motorNm=-99 tyreNm=99 inertia=1.78 limRot=0/-1/0 omegaPre=-0.16 posN=-2/114/0 susp=-0.4385 springN=1423
INFO 2026-07-27 15:27:11.279 joltshadow - docs §70.1: slipdense (player) f=348 w=2 grounded=1 kappa=-0.174 fnGround=1200 omega=-0.17 | ftGround=-147N target=0.0 limit=3049Nm motorNm=-87 tyreNm=87 inertia=1.82 limRot=0/-1/-0 omegaPre=-0.16 posN=-2/83/0 susp=-0.5024 springN=1997
INFO 2026-07-27 15:27:11.279 joltshadow - docs §70.1: slipdense (player) f=348 w=3 grounded=1 kappa=-0.174 fnGround=1200 omega=-0.17 | ftGround=-147N target=0.0 limit=3048Nm motorNm=-87 tyreNm=87 inertia=1.82 limRot=0/-1/-0 omegaPre=-0.16 posN=-2/83/0 susp=-0.5025 springN=2002
INFO 2026-07-27 15:27:11.279 joltshadow - docs §78: attdense (player) f=348 joltTilt=0.97 odeTilt=1.07 upDelta=0.09 wBody=(-0.17,0.00,-0.01) |w|=0.17 grounded=4
INFO 2026-07-27 15:27:11.317 joltshadow - docs §70.1: slipdense (player) f=352 w=0 grounded=1 kappa=0.011 fnGround=542 omega=-0.10 | ftGround=7N target=0.0 limit=1980Nm motorNm=8 tyreNm=-4 inertia=1.78 limRot=0/0/0 omegaPre=-0.12 posN=0/-20/0 susp=-0.2625 springN=252
INFO 2026-07-27 15:27:11.318 joltshadow - docs §70.1: slipdense (player) f=352 w=1 grounded=1 kappa=0.011 fnGround=550 omega=-0.10 | ftGround=7N target=0.0 limit=1995Nm motorNm=8 tyreNm=-4 inertia=1.78 limRot=0/0/0 omegaPre=-0.12 posN=0/-20/0 susp=-0.2643 springN=261
INFO 2026-07-27 15:27:11.318 joltshadow - docs §70.1: slipdense (player) f=352 w=2 grounded=1 kappa=0.011 fnGround=1030 omega=-0.10 | ftGround=8N target=0.0 limit=3039Nm motorNm=9 tyreNm=-5 inertia=1.82 limRot=0/0/0 omegaPre=-0.12 posN=0/-29/0 susp=-0.3460 springN=746
INFO 2026-07-27 15:27:11.318 joltshadow - docs §70.1: slipdense (player) f=352 w=3 grounded=1 kappa=0.012 fnGround=1038 omega=-0.10 | ftGround=8N target=0.0 limit=3047Nm motorNm=9 tyreNm=-5 inertia=1.82 limRot=0/0/0 omegaPre=-0.12 posN=0/-29/0 susp=-0.3481 springN=757
INFO 2026-07-27 15:27:11.318 joltshadow - docs §78: attdense (player) f=352 joltTilt=1.28 odeTilt=1.07 upDelta=0.21 wBody=(-0.10,0.00,-0.00) |w|=0.10 grounded=4
INFO 2026-07-27 15:27:11.361 joltshadow - docs §70.1: slipdense (player) f=356 w=0 grounded=0 kappa=0.000 fnGround=0 omega=0.02 | ftGround=0N target=0.0 limit=815Nm motorNm=5 tyreNm=0 inertia=1.78 limRot=0/0/0 omegaPre=-0.02 posN=1/-21/0 susp=-0.0965 springN=-334
INFO 2026-07-27 15:27:11.361 joltshadow - docs §70.1: slipdense (player) f=356 w=1 grounded=0 kappa=0.000 fnGround=0 omega=0.02 | ftGround=0N target=0.0 limit=815Nm motorNm=5 tyreNm=0 inertia=1.78 limRot=0/0/0 omegaPre=-0.02 posN=1/-21/0 susp=-0.0999 springN=-329
INFO 2026-07-27 15:27:11.361 joltshadow - docs §70.1: slipdense (player) f=356 w=2 grounded=1 kappa=0.230 fnGround=0 omega=0.02 | ftGround=0N target=0.0 limit=954Nm motorNm=5 tyreNm=0 inertia=1.82 limRot=0/0/0 omegaPre=-0.02 posN=1/-19/0 susp=-0.1701 springN=-97
INFO 2026-07-27 15:27:11.361 joltshadow - docs §70.1: slipdense (player) f=356 w=3 grounded=1 kappa=0.228 fnGround=0 omega=0.02 | ftGround=0N target=0.0 limit=992Nm motorNm=5 tyreNm=0 inertia=1.82 limRot=0/0/0 omegaPre=-0.02 posN=1/-19/0 susp=-0.1745 springN=-79
INFO 2026-07-27 15:27:11.361 joltshadow - docs §78: attdense (player) f=356 joltTilt=1.38 odeTilt=1.07 upDelta=0.33 wBody=(0.02,-0.00,0.00) |w|=0.02 grounded=2
INFO 2026-07-27 15:27:11.402 joltshadow - docs §70.1: slipdense (player) f=360 w=0 grounded=0 kappa=0.000 fnGround=0 omega=0.06 | ftGround=0N target=0.0 limit=815Nm motorNm=0 tyreNm=0 inertia=1.78 limRot=0/-0/0 omegaPre=0.06 posN=0/-2/0 susp=-0.0169 springN=-223
INFO 2026-07-27 15:27:11.402 joltshadow - docs §70.1: slipdense (player) f=360 w=1 grounded=0 kappa=0.000 fnGround=0 omega=0.06 | ftGround=0N target=0.0 limit=815Nm motorNm=0 tyreNm=0 inertia=1.78 limRot=0/-0/0 omegaPre=0.06 posN=0/-3/0 susp=-0.0193 springN=-226
INFO 2026-07-27 15:27:11.402 joltshadow - docs §70.1: slipdense (player) f=360 w=2 grounded=0 kappa=0.000 fnGround=0 omega=0.06 | ftGround=0N target=0.0 limit=823Nm motorNm=0 tyreNm=0 inertia=1.82 limRot=0/-0/-0 omegaPre=0.06 posN=0/-3/0 susp=-0.0500 springN=-316
INFO 2026-07-27 15:27:11.402 joltshadow - docs §70.1: slipdense (player) f=360 w=3 grounded=0 kappa=0.000 fnGround=0 omega=0.06 | ftGround=0N target=0.0 limit=823Nm motorNm=0 tyreNm=0 inertia=1.82 limRot=0/-0/-0 omegaPre=0.06 posN=0/-3/0 susp=-0.0534 springN=-316
INFO 2026-07-27 15:27:11.402 joltshadow - docs §78: attdense (player) f=360 joltTilt=1.27 odeTilt=1.07 upDelta=0.23 wBody=(0.06,-0.00,0.01) |w|=0.06 grounded=0
INFO 2026-07-27 15:27:11.402 joltshadow - Shadow divergence (player): pos=1.969m vel=3.666m/s angle=0.2deg (jolt com=[4668.5 259.9 1251.9] ode com=[4668.5 258.0 1251.5])
INFO 2026-07-27 15:27:11.402 joltshadow - docs §23.6: driver input (player) realThrottle=10.00 brake=0.01 handBrake=1 steerRad=0.000
INFO 2026-07-27 15:27:11.402 joltshadow - docs §32: Jolt SHADOW chassis pitch (player) forward=(-0.223, 0.022, -0.975)
INFO 2026-07-27 15:27:11.403 joltshadow - docs §69: tilt (player) jolt=1.3 deg ode=1.1 deg delta=+0.2 deg upDelta=0.23 deg
INFO 2026-07-27 15:27:11.403 joltshadow - docs §32.4: Jolt SHADOW chassis lowest corner (player) = (4667.80,258.51,1255.33) clearanceToGround=0.510
INFO 2026-07-27 15:27:11.403 joltshadow - docs §23.5: wheel state (player) wheel=0 contact=0 suspLen=1.050 (range 0.050-1.050, 0% compressed) angVel=0.00
INFO 2026-07-27 15:27:11.403 joltshadow - docs §38.11: wheel=0 NO contact, worldAxle=(0.975,0.002,-0.223)
INFO 2026-07-27 15:27:11.403 joltshadow - docs §32: no-contact raycast (player) wheel=0 bodyPos=(4668.46,259.17,1251.53) localMPos=(-1.155,0.060,2.270) origin=(4669.08,259.28,1249.06) dir=(-0.003,-1.000,-0.022) normalRayLen=1.679 groundFoundAt=0.000 shortfallBeyondTravel=-1.679 hitBody=8391044 hitLayer=4 hitMotion=2 hitIsSelfChassis=0
INFO 2026-07-27 15:27:11.403 joltshadow - docs §23.5: wheel state (player) wheel=1 contact=0 suspLen=1.050 (range 0.050-1.050, 0% compressed) angVel=0.00
INFO 2026-07-27 15:27:11.403 joltshadow - docs §38.11: wheel=1 NO contact, worldAxle=(0.975,0.002,-0.223)
INFO 2026-07-27 15:27:11.403 joltshadow - docs §32: no-contact raycast (player) wheel=1 bodyPos=(4668.46,259.17,1251.53) localMPos=(1.155,0.059,2.270) origin=(4666.83,259.28,1249.58) dir=(-0.003,-1.000,-0.022) normalRayLen=1.679 groundFoundAt=0.000 shortfallBeyondTravel=-1.679 hitBody=8391045 hitLayer=4 hitMotion=2 hitIsSelfChassis=0
INFO 2026-07-27 15:27:11.403 joltshadow - docs §23.5: wheel state (player) wheel=2 contact=0 suspLen=1.050 (range 0.050-1.050, 0% compressed) angVel=0.00
INFO 2026-07-27 15:27:11.403 joltshadow - docs §38.11: wheel=2 NO contact, worldAxle=(0.975,0.002,-0.223)
INFO 2026-07-27 15:27:11.403 joltshadow - docs §32: no-contact raycast (player) wheel=2 bodyPos=(4668.46,259.17,1251.53) localMPos=(-1.253,0.145,-2.062) origin=(4670.14,259.27,1253.27) dir=(-0.003,-1.000,-0.022) normalRayLen=1.685 groundFoundAt=0.000 shortfallBeyondTravel=-1.685 hitBody=8391033 hitLayer=4 hitMotion=2 hitIsSelfChassis=0
INFO 2026-07-27 15:27:11.403 joltshadow - docs §23.5: wheel state (player) wheel=3 contact=0 suspLen=1.050 (range 0.050-1.050, 0% compressed) angVel=0.00
INFO 2026-07-27 15:27:11.403 joltshadow - docs §38.11: wheel=3 NO contact, worldAxle=(0.975,0.002,-0.223)
INFO 2026-07-27 15:27:11.403 joltshadow - docs §32: no-contact raycast (player) wheel=3 bodyPos=(4668.46,259.17,1251.53) localMPos=(1.253,0.146,-2.062) origin=(4667.69,259.27,1253.82) dir=(-0.003,-1.000,-0.022) normalRayLen=1.685 groundFoundAt=0.000 shortfallBeyondTravel=-1.685 hitBody=8391034 hitLayer=4 hitMotion=2 hitIsSelfChassis=0
INFO 2026-07-27 15:27:11.403 joltshadow - docs §59/63: harvest (player) wheelsWithContact=0 contactPoints=0 overflow=0 (of 4) | maxNormalF=0N bound(k_t*tau)=0N ratio=0.00
INFO 2026-07-27 15:27:11.404 joltshadow - docs §58: wheel body (player) w=0 springF=-223N stopF=0N travel=-0.0169 (limits -0.5000..0.5000 rel spawn) kSusp=6000 sagPredicted=-0.0371 | frameTrav=-0.0238..-0.0169 frameStopN=0
INFO 2026-07-27 15:27:11.404 joltshadow - docs §66: tyre band (player) w=0 fnGround=0N fnTotal=0N pen=0.00000 penRaw=0.00000 tau=0.01000 pen/tau=0.00 | recs tyre=0 rim=0 survived=0 stale=0 distMax=0.00R
INFO 2026-07-27 15:27:11.404 joltshadow - docs §68: steer (player) w=0 steerable=1 commanded=0.000 rad measured=-0.000 rad err=-0.00 deg steerSign=-1 steerTq=0Nm cap=815Nm sat=0.00
INFO 2026-07-27 15:27:11.404 joltshadow - docs §70: slip (player) w=0 grounded=0 kappa=0.000 fnGround=0N omega=0.06
INFO 2026-07-27 15:27:11.404 joltshadow - docs §67: spin (player) w=0 driven=1 omega=0.06 rad/s surfaceSpeed=0.04 m/s spinSign=+1 motorTq=0Nm cmdTq=815Nm
INFO 2026-07-27 15:27:11.404 joltshadow - docs §58: wheel body (player) w=1 springF=-226N stopF=0N travel=-0.0193 (limits -0.5000..0.5000 rel spawn) kSusp=6000 sagPredicted=-0.0377 | frameTrav=-0.0264..-0.0193 frameStopN=0
INFO 2026-07-27 15:27:11.404 joltshadow - docs §66: tyre band (player) w=1 fnGround=0N fnTotal=0N pen=0.00000 penRaw=0.00000 tau=0.01000 pen/tau=0.00 | recs tyre=0 rim=0 survived=0 stale=0 distMax=0.00R
INFO 2026-07-27 15:27:11.404 joltshadow - docs §68: steer (player) w=1 steerable=1 commanded=0.000 rad measured=-0.000 rad err=-0.00 deg steerSign=-1 steerTq=0Nm cap=815Nm sat=0.00
INFO 2026-07-27 15:27:11.404 joltshadow - docs §70: slip (player) w=1 grounded=0 kappa=0.000 fnGround=0N omega=0.06
INFO 2026-07-27 15:27:11.404 joltshadow - docs §67: spin (player) w=1 driven=1 omega=0.06 rad/s surfaceSpeed=0.04 m/s spinSign=+1 motorTq=0Nm cmdTq=815Nm
INFO 2026-07-27 15:27:11.404 joltshadow - docs §58: wheel body (player) w=2 springF=-316N stopF=0N travel=-0.0500 (limits -0.5000..0.5000 rel spawn) kSusp=6000 sagPredicted=-0.0526 | frameTrav=-0.0628..-0.0500 frameStopN=0
INFO 2026-07-27 15:27:11.404 joltshadow - docs §66: tyre band (player) w=2 fnGround=0N fnTotal=0N pen=0.00000 penRaw=0.00000 tau=0.01000 pen/tau=0.00 | recs tyre=0 rim=0 survived=0 stale=0 distMax=0.00R
INFO 2026-07-27 15:27:11.404 joltshadow - docs §68: steer (player) w=2 steerable=0 commanded=0.000 rad measured=-0.000 rad err=-0.00 deg steerSign=-1 steerTq=0Nm cap=340282346638528859811704183484516925440Nm sat=0.00
INFO 2026-07-27 15:27:11.404 joltshadow - docs §70: slip (player) w=2 grounded=0 kappa=0.000 fnGround=0N omega=0.06
INFO 2026-07-27 15:27:11.404 joltshadow - docs §67: spin (player) w=2 driven=1 omega=0.06 rad/s surfaceSpeed=0.04 m/s spinSign=+1 motorTq=0Nm cmdTq=823Nm
INFO 2026-07-27 15:27:11.404 joltshadow - docs §58: wheel body (player) w=3 springF=-316N stopF=0N travel=-0.0534 (limits -0.5000..0.5000 rel spawn) kSusp=6000 sagPredicted=-0.0527 | frameTrav=-0.0665..-0.0534 frameStopN=0
INFO 2026-07-27 15:27:11.404 joltshadow - docs §66: tyre band (player) w=3 fnGround=0N fnTotal=0N pen=0.00000 penRaw=0.00000 tau=0.01000 pen/tau=0.00 | recs tyre=0 rim=0 survived=0 stale=0 distMax=0.00R
INFO 2026-07-27 15:27:11.404 joltshadow - docs §68: steer (player) w=3 steerable=0 commanded=0.000 rad measured=-0.000 rad err=-0.00 deg steerSign=-1 steerTq=0Nm cap=340282346638528859811704183484516925440Nm sat=0.00
INFO 2026-07-27 15:27:11.404 joltshadow - docs §70: slip (player) w=3 grounded=0 kappa=0.000 fnGround=0N omega=0.06
INFO 2026-07-27 15:27:11.404 joltshadow - docs §67: spin (player) w=3 driven=1 omega=0.06 rad/s surfaceSpeed=0.04 m/s spinSign=+1 motorTq=0Nm cmdTq=823Nm
INFO 2026-07-27 15:27:11.404 joltshadow - docs §67: drivetrain (player) gear=0 rpm=12 driveTorque=600Nm perWheel=150Nm driven=4 throttle=1.00 spin=1 | PRE-STEP brake=0.01 handBrake=1
INFO 2026-07-27 15:27:11.404 joltshadow - docs §66: tyre band SUM (player) fnGroundSum=0N fnTotalSum=0N weight=942N carried=0.00 | penSum=0.00000 recs tyre=0 rim=0 stale=0
INFO 2026-07-27 15:27:11.404 joltshadow - docs §30: REAL ODE chassis COM (player) body=54C8BDB0 = (4668.454, 257.994, 1251.496) forward=(-0.223, 0.019, -0.975)
INFO 2026-07-27 15:27:11.405 joltshadow - docs §33: real ODE chassis geom (player) #1 = class 0 (not a transform) pos=(4668.454,257.994,1251.496) radius=4.500
INFO 2026-07-27 15:27:11.405 joltshadow - docs §33: real ODE chassis geom (player) #2 = transform, inner class=1 pos=(0.000,1.095,-0.495)
INFO 2026-07-27 15:27:11.405 joltshadow - docs §33: real ODE chassis geom (player) #3 = transform, inner class=1 pos=(0.353,3.466,0.718)
INFO 2026-07-27 15:27:11.405 joltshadow - docs §33: real ODE chassis geom (player) #4 = transform, inner class=1 pos=(0.000,1.818,1.842)
INFO 2026-07-27 15:27:11.405 joltshadow - docs §33: real ODE chassis geom (player) #5 = transform, inner class=1 pos=(0.006,1.981,-2.113)
INFO 2026-07-27 15:27:11.405 joltshadow - docs §33: real ODE chassis geom (player) #6 = class 0 (not a transform) pos=(4668.454,257.994,1251.496) radius=30.000
INFO 2026-07-27 15:27:11.405 joltshadow - docs §33: real ODE chassis geom (player) #7 = class 0 (not a transform) pos=(4668.454,257.994,1251.496) radius=6.436
INFO 2026-07-27 15:27:11.405 joltshadow - docs §33: real ODE chassis geom (player) #8 = class 0 (not a transform) pos=(4668.454,257.994,1251.496) radius=200.000
INFO 2026-07-27 15:27:11.405 joltshadow - docs §33: real ODE chassis (player) has 8 total geom(s) directly attached (4 transform(s)) - compare against BuildChassisCompoundShape's own part/geom count in the build log
INFO 2026-07-27 15:27:11.405 joltshadow - docs §28: REAL ODE wheel state (player) wheel=0 displacement=0.0235 range=1.000 (2% compressed, signed) foreAft=2.270 localZ=2.270 cfm=0.002500 erp=0.2500
INFO 2026-07-27 15:27:11.405 joltshadow - docs §28: REAL ODE wheel state (player) wheel=1 displacement=0.0236 range=1.000 (2% compressed, signed) foreAft=2.270 localZ=2.270 cfm=0.002500 erp=0.2500
INFO 2026-07-27 15:27:11.405 joltshadow - docs §28: REAL ODE wheel state (player) wheel=2 displacement=0.0256 range=1.000 (3% compressed, signed) foreAft=-2.062 localZ=-2.062 cfm=0.002500 erp=0.2500
INFO 2026-07-27 15:27:11.405 joltshadow - docs §28: REAL ODE wheel state (player) wheel=3 displacement=0.0255 range=1.000 (3% compressed, signed) foreAft=-2.062 localZ=-2.062 cfm=0.002500 erp=0.2500
INFO 2026-07-27 15:27:11.446 joltshadow - docs §70.1: slipdense (player) f=364 w=0 grounded=0 kappa=0.000 fnGround=0 omega=0.05 | ftGround=0N target=0.0 limit=815Nm motorNm=-1 tyreNm=0 inertia=1.78 limRot=0/-0/0 omegaPre=0.06 posN=-1/3/0 susp=0.0040 springN=-63
INFO 2026-07-27 15:27:11.446 joltshadow - docs §70.1: slipdense (player) f=364 w=1 grounded=0 kappa=0.000 fnGround=0 omega=0.05 | ftGround=0N target=0.0 limit=815Nm motorNm=-1 tyreNm=0 inertia=1.78 limRot=0/-0/0 omegaPre=0.06 posN=-1/3/0 susp=0.0038 springN=-69
INFO 2026-07-27 15:27:11.446 joltshadow - docs §70.1: slipdense (player) f=364 w=2 grounded=0 kappa=0.000 fnGround=0 omega=0.05 | ftGround=0N target=0.0 limit=823Nm motorNm=-1 tyreNm=0 inertia=1.82 limRot=0/-0/-0 omegaPre=0.06 posN=-1/3/0 susp=0.0004 springN=-160
INFO 2026-07-27 15:27:11.446 joltshadow - docs §70.1: slipdense (player) f=364 w=3 grounded=0 kappa=0.000 fnGround=0 omega=0.05 | ftGround=0N target=0.0 limit=823Nm motorNm=-1 tyreNm=0 inertia=1.82 limRot=0/-0/-0 omegaPre=0.06 posN=-1/3/0 susp=-0.0002 springN=-167
INFO 2026-07-27 15:27:11.446 joltshadow - docs §78: attdense (player) f=364 joltTilt=1.12 odeTilt=1.08 upDelta=0.11 wBody=(0.05,-0.00,0.00) |w|=0.05 grounded=0
INFO 2026-07-27 15:27:11.487 joltshadow - docs §70.1: slipdense (player) f=368 w=0 grounded=0 kappa=0.000 fnGround=0 omega=0.04 | ftGround=0N target=0.0 limit=815Nm motorNm=-0 tyreNm=0 inertia=1.78 limRot=0/-0/0 omegaPre=0.04 posN=-0/2/0 susp=0.0034 springN=-4
INFO 2026-07-27 15:27:11.487 joltshadow - docs §70.1: slipdense (player) f=368 w=1 grounded=0 kappa=0.000 fnGround=0 omega=0.04 | ftGround=0N target=0.0 limit=815Nm motorNm=-0 tyreNm=0 inertia=1.78 limRot=0/-0/0 omegaPre=0.04 posN=-0/2/0 susp=0.0041 springN=-7
INFO 2026-07-27 15:27:11.487 joltshadow - docs §70.1: slipdense (player) f=368 w=2 grounded=0 kappa=0.000 fnGround=0 omega=0.04 | ftGround=0N target=0.0 limit=823Nm motorNm=-0 tyreNm=0 inertia=1.82 limRot=0/-0/-0 omegaPre=0.04 posN=-1/2/0 susp=0.0076 springN=-42
INFO 2026-07-27 15:27:11.487 joltshadow - docs §70.1: slipdense (player) f=368 w=3 grounded=0 kappa=0.000 fnGround=0 omega=0.04 | ftGround=0N target=0.0 limit=823Nm motorNm=-0 tyreNm=0 inertia=1.82 limRot=0/-0/-0 omegaPre=0.04 posN=-1/2/0 susp=0.0082 springN=-47
INFO 2026-07-27 15:27:11.487 joltshadow - docs §78: attdense (player) f=368 joltTilt=1.01 odeTilt=1.08 upDelta=0.12 wBody=(0.04,-0.00,0.00) |w|=0.04 grounded=0
INFO 2026-07-27 15:27:11.529 joltshadow - docs §70.1: slipdense (player) f=372 w=0 grounded=0 kappa=0.000 fnGround=0 omega=0.04 | ftGround=0N target=0.0 limit=815Nm motorNm=-0 tyreNm=0 inertia=1.78 limRot=0/-0/0 omegaPre=0.04 posN=-0/0/0 susp=0.0010 springN=6
INFO 2026-07-27 15:27:11.529 joltshadow - docs §70.1: slipdense (player) f=372 w=1 grounded=0 kappa=0.000 fnGround=0 omega=0.04 | ftGround=0N target=0.0 limit=815Nm motorNm=-0 tyreNm=0 inertia=1.78 limRot=0/-0/0 omegaPre=0.04 posN=-0/0/0 susp=0.0019 springN=5
INFO 2026-07-27 15:27:11.529 joltshadow - docs §70.1: slipdense (player) f=372 w=2 grounded=0 kappa=0.000 fnGround=0 omega=0.04 | ftGround=0N target=0.0 limit=823Nm motorNm=-0 tyreNm=0 inertia=1.82 limRot=0/-0/-0 omegaPre=0.04 posN=-0/0/0 susp=0.0040 springN=3
INFO 2026-07-27 15:27:11.529 joltshadow - docs §70.1: slipdense (player) f=372 w=3 grounded=0 kappa=0.000 fnGround=0 omega=0.04 | ftGround=0N target=0.0 limit=823Nm motorNm=-0 tyreNm=0 inertia=1.82 limRot=0/-0/-0 omegaPre=0.04 posN=-0/0/0 susp=0.0051 springN=2
INFO 2026-07-27 15:27:11.530 joltshadow - docs §78: attdense (player) f=372 joltTilt=0.92 odeTilt=1.08 upDelta=0.18 wBody=(0.04,-0.00,0.00) |w|=0.04 grounded=0
INFO 2026-07-27 15:27:11.572 joltshadow - docs §70.1: slipdense (player) f=376 w=0 grounded=0 kappa=0.000 fnGround=0 omega=0.04 | ftGround=0N target=0.0 limit=815Nm motorNm=0 tyreNm=0 inertia=1.78 limRot=0/-0/0 omegaPre=0.04 posN=-0/-0/0 susp=-0.0001 springN=3
INFO 2026-07-27 15:27:11.572 joltshadow - docs §70.1: slipdense (player) f=376 w=1 grounded=0 kappa=0.000 fnGround=0 omega=0.04 | ftGround=0N target=0.0 limit=815Nm motorNm=0 tyreNm=0 inertia=1.78 limRot=0/-0/0 omegaPre=0.04 posN=-0/-0/0 susp=0.0009 springN=3
INFO 2026-07-27 15:27:11.572 joltshadow - docs §70.1: slipdense (player) f=376 w=2 grounded=0 kappa=0.000 fnGround=0 omega=0.04 | ftGround=0N target=0.0 limit=823Nm motorNm=0 tyreNm=0 inertia=1.82 limRot=0/-0/-0 omegaPre=0.04 posN=-0/-0/0 susp=0.0005 springN=9
INFO 2026-07-27 15:27:11.572 joltshadow - docs §70.1: slipdense (player) f=376 w=3 grounded=0 kappa=0.000 fnGround=0 omega=0.04 | ftGround=0N target=0.0 limit=823Nm motorNm=0 tyreNm=0 inertia=1.82 limRot=0/-0/-0 omegaPre=0.04 posN=-0/-0/0 susp=0.0017 springN=9
INFO 2026-07-27 15:27:11.572 joltshadow - docs §78: attdense (player) f=376 joltTilt=0.84 odeTilt=1.08 upDelta=0.25 wBody=(0.04,-0.00,-0.00) |w|=0.04 grounded=0
INFO 2026-07-27 15:27:11.616 joltshadow - docs §70.1: slipdense (player) f=380 w=0 grounded=0 kappa=0.000 fnGround=0 omega=0.04 | ftGround=0N target=0.0 limit=815Nm motorNm=0 tyreNm=0 inertia=1.78 limRot=0/0/0 omegaPre=0.04 posN=0/-0/0 susp=-0.0002 springN=1
INFO 2026-07-27 15:27:11.616 joltshadow - docs §70.1: slipdense (player) f=380 w=1 grounded=0 kappa=0.000 fnGround=0 omega=0.04 | ftGround=0N target=0.0 limit=815Nm motorNm=0 tyreNm=0 inertia=1.78 limRot=0/0/0 omegaPre=0.04 posN=0/-0/0 susp=0.0007 springN=1
INFO 2026-07-27 15:27:11.616 joltshadow - docs §70.1: slipdense (player) f=380 w=2 grounded=0 kappa=0.000 fnGround=0 omega=0.04 | ftGround=0N target=0.0 limit=823Nm motorNm=0 tyreNm=0 inertia=1.82 limRot=0/0/-0 omegaPre=0.04 posN=0/-0/0 susp=-0.0009 springN=5
INFO 2026-07-27 15:27:11.617 joltshadow - docs §70.1: slipdense (player) f=380 w=3 grounded=0 kappa=0.000 fnGround=0 omega=0.04 | ftGround=0N target=0.0 limit=823Nm motorNm=0 tyreNm=0 inertia=1.82 limRot=0/0/-0 omegaPre=0.04 posN=0/-0/0 susp=0.0002 springN=5
INFO 2026-07-27 15:27:11.617 joltshadow - docs §78: attdense (player) f=380 joltTilt=0.75 odeTilt=1.08 upDelta=0.33 wBody=(0.04,-0.00,-0.00) |w|=0.04 grounded=0
INFO 2026-07-27 15:27:11.657 joltshadow - docs §70.1: slipdense (player) f=384 w=0 grounded=0 kappa=0.000 fnGround=0 omega=0.04 | ftGround=0N target=0.0 limit=815Nm motorNm=0 tyreNm=0 inertia=1.78 limRot=0/0/0 omegaPre=0.04 posN=0/-0/0 susp=-0.0003 springN=0
INFO 2026-07-27 15:27:11.657 joltshadow - docs §70.1: slipdense (player) f=384 w=1 grounded=0 kappa=0.000 fnGround=0 omega=0.04 | ftGround=0N target=0.0 limit=815Nm motorNm=0 tyreNm=0 inertia=1.78 limRot=0/0/0 omegaPre=0.04 posN=-0/-0/0 susp=0.0007 springN=0
INFO 2026-07-27 15:27:11.657 joltshadow - docs §70.1: slipdense (player) f=384 w=2 grounded=0 kappa=0.000 fnGround=0 omega=0.04 | ftGround=0N target=0.0 limit=823Nm motorNm=0 tyreNm=0 inertia=1.82 limRot=0/0/0 omegaPre=0.04 posN=0/0/0 susp=-0.0010 springN=1
INFO 2026-07-27 15:27:11.657 joltshadow - docs §70.1: slipdense (player) f=384 w=3 grounded=0 kappa=0.000 fnGround=0 omega=0.04 | ftGround=0N target=0.0 limit=823Nm motorNm=0 tyreNm=0 inertia=1.82 limRot=0/0/0 omegaPre=0.04 posN=0/0/0 susp=0.0001 springN=1
INFO 2026-07-27 15:27:11.657 joltshadow - docs §78: attdense (player) f=384 joltTilt=0.67 odeTilt=1.08 upDelta=0.42 wBody=(0.04,-0.00,-0.00) |w|=0.04 grounded=0
INFO 2026-07-27 15:27:11.701 joltshadow - docs §70.1: slipdense (player) f=388 w=0 grounded=0 kappa=0.000 fnGround=0 omega=0.04 | ftGround=0N target=0.0 limit=815Nm motorNm=-0 tyreNm=0 inertia=1.78 limRot=0/-0/0 omegaPre=0.04 posN=-0/0/0 susp=-0.0005 springN=1
INFO 2026-07-27 15:27:11.701 joltshadow - docs §70.1: slipdense (player) f=388 w=1 grounded=0 kappa=0.000 fnGround=0 omega=0.04 | ftGround=0N target=0.0 limit=815Nm motorNm=-0 tyreNm=0 inertia=1.78 limRot=0/-0/0 omegaPre=0.04 posN=-0/0/0 susp=0.0006 springN=0
INFO 2026-07-27 15:27:11.701 joltshadow - docs §70.1: slipdense (player) f=388 w=2 grounded=0 kappa=0.000 fnGround=0 omega=0.04 | ftGround=0N target=0.0 limit=823Nm motorNm=-0 tyreNm=0 inertia=1.82 limRot=0/-0/-0 omegaPre=0.04 posN=-0/0/0 susp=-0.0008 springN=-0
INFO 2026-07-27 15:27:11.701 joltshadow - docs §70.1: slipdense (player) f=388 w=3 grounded=0 kappa=0.000 fnGround=0 omega=0.04 | ftGround=0N target=0.0 limit=823Nm motorNm=-0 tyreNm=0 inertia=1.82 limRot=0/-0/-0 omegaPre=0.04 posN=-0/0/0 susp=0.0004 springN=-0
INFO 2026-07-27 15:27:11.701 joltshadow - docs §78: attdense (player) f=388 joltTilt=0.58 odeTilt=1.08 upDelta=0.51 wBody=(0.04,-0.00,-0.00) |w|=0.04 grounded=0
INFO 2026-07-27 15:27:11.742 joltshadow - docs §70.1: slipdense (player) f=392 w=0 grounded=0 kappa=0.000 fnGround=0 omega=0.04 | ftGround=0N target=0.0 limit=815Nm motorNm=-0 tyreNm=0 inertia=1.78 limRot=0/0/0 omegaPre=0.04 posN=0/0/0 susp=-0.0004 springN=-0
INFO 2026-07-27 15:27:11.742 joltshadow - docs §70.1: slipdense (player) f=392 w=1 grounded=0 kappa=0.000 fnGround=0 omega=0.04 | ftGround=0N target=0.0 limit=815Nm motorNm=-0 tyreNm=0 inertia=1.78 limRot=0/0/0 omegaPre=0.04 posN=0/0/0 susp=0.0007 springN=-0
INFO 2026-07-27 15:27:11.742 joltshadow - docs §70.1: slipdense (player) f=392 w=2 grounded=0 kappa=0.000 fnGround=0 omega=0.04 | ftGround=0N target=0.0 limit=823Nm motorNm=-0 tyreNm=0 inertia=1.82 limRot=0/0/0 omegaPre=0.04 posN=0/0/0 susp=-0.0006 springN=-0
INFO 2026-07-27 15:27:11.742 joltshadow - docs §70.1: slipdense (player) f=392 w=3 grounded=0 kappa=0.000 fnGround=0 omega=0.04 | ftGround=0N target=0.0 limit=823Nm motorNm=-0 tyreNm=0 inertia=1.82 limRot=0/0/0 omegaPre=0.04 posN=0/0/0 susp=0.0005 springN=-0
INFO 2026-07-27 15:27:11.742 joltshadow - docs §78: attdense (player) f=392 joltTilt=0.49 odeTilt=1.09 upDelta=0.60 wBody=(0.04,-0.00,-0.00) |w|=0.04 grounded=0
INFO 2026-07-27 15:27:11.743 joltshadow - docs §82: resync (player) #10 dt=0.50s upMax=0.596 deg posMax=1.205 m odeTiltPath=0.017 deg gain=-1.0000
INFO 2026-07-27 15:27:11.743 joltshadow - docs §87: resync landing (player) w=0 pre=0.5798 post=-0.0095 m R=0.629 dY=-1.2002 dRotDeg=0.59 |corr|=1.2035 m
INFO 2026-07-27 15:27:11.743 joltshadow - docs §87: resync landing (player) w=1 pre=0.5799 post=-0.0091 m R=0.629 dY=-1.2002 dRotDeg=0.59 |corr|=1.2035 m
INFO 2026-07-27 15:27:11.743 joltshadow - docs §87: resync landing (player) w=2 pre=0.5461 post=-0.0096 m R=0.635 dY=-1.2002 dRotDeg=0.59 |corr|=1.2035 m
INFO 2026-07-27 15:27:11.743 joltshadow - docs §87: resync landing (player) w=3 pre=0.5463 post=-0.0090 m R=0.635 dY=-1.2002 dRotDeg=0.59 |corr|=1.2035 m
INFO 2026-07-27 15:27:11.743 joltshadow - docs §82: resync RESIDUAL (player) #10 pos=0.0000 m up=0.0000 deg
INFO 2026-07-27 15:27:11.786 joltshadow - docs §70.1: slipdense (player) f=396 w=0 grounded=1 kappa=-0.184 fnGround=1200 omega=-0.16 | ftGround=-124N target=0.0 limit=3020Nm motorNm=-73 tyreNm=74 inertia=1.78 limRot=0/-1/0 omegaPre=-0.16 posN=-1/83/0 susp=-0.4174 springN=1202
INFO 2026-07-27 15:27:11.786 joltshadow - docs §70.1: slipdense (player) f=396 w=1 grounded=1 kappa=-0.184 fnGround=1200 omega=-0.16 | ftGround=-124N target=0.0 limit=3020Nm motorNm=-73 tyreNm=74 inertia=1.78 limRot=0/-1/0 omegaPre=-0.16 posN=-1/83/0 susp=-0.4178 springN=1209
INFO 2026-07-27 15:27:11.786 joltshadow - docs §70.1: slipdense (player) f=396 w=2 grounded=1 kappa=-0.161 fnGround=1200 omega=-0.16 | ftGround=-109N target=0.0 limit=3049Nm motorNm=-63 tyreNm=65 inertia=1.82 limRot=0/-1/-0 omegaPre=-0.16 posN=-1/55/0 susp=-0.4881 springN=1825
INFO 2026-07-27 15:27:11.786 joltshadow - docs §70.1: slipdense (player) f=396 w=3 grounded=1 kappa=-0.161 fnGround=1200 omega=-0.16 | ftGround=-108N target=0.0 limit=3048Nm motorNm=-63 tyreNm=64 inertia=1.82 limRot=0/-1/-0 omegaPre=-0.16 posN=-1/54/0 susp=-0.4885 springN=1832
INFO 2026-07-27 15:27:11.786 joltshadow - docs §78: attdense (player) f=396 joltTilt=1.03 odeTilt=1.09 upDelta=0.07 wBody=(-0.16,0.00,-0.01) |w|=0.16 grounded=4
INFO 2026-07-27 15:27:11.827 joltshadow - docs §70.1: slipdense (player) f=400 w=0 grounded=1 kappa=0.031 fnGround=399 omega=-0.09 | ftGround=21N target=0.0 limit=1587Nm motorNm=17 tyreNm=-13 inertia=1.78 limRot=0/1/0 omegaPre=-0.11 posN=1/-31/0 susp=-0.2359 springN=127
INFO 2026-07-27 15:27:11.827 joltshadow - docs §70.1: slipdense (player) f=400 w=1 grounded=1 kappa=0.031 fnGround=409 omega=-0.09 | ftGround=21N target=0.0 limit=1608Nm motorNm=17 tyreNm=-13 inertia=1.78 limRot=0/1/0 omegaPre=-0.11 posN=1/-31/0 susp=-0.2383 springN=139
INFO 2026-07-27 15:27:11.827 joltshadow - docs §70.1: slipdense (player) f=400 w=2 grounded=1 kappa=0.029 fnGround=888 omega=-0.09 | ftGround=20N target=0.0 limit=2816Nm motorNm=16 tyreNm=-12 inertia=1.82 limRot=0/1/0 omegaPre=-0.11 posN=1/-38/0 susp=-0.3193 springN=603
INFO 2026-07-27 15:27:11.827 joltshadow - docs §70.1: slipdense (player) f=400 w=3 grounded=1 kappa=0.029 fnGround=899 omega=-0.09 | ftGround=19N target=0.0 limit=2834Nm motorNm=16 tyreNm=-12 inertia=1.82 limRot=0/1/0 omegaPre=-0.11 posN=1/-38/0 susp=-0.3220 springN=616
INFO 2026-07-27 15:27:11.827 joltshadow - docs §78: attdense (player) f=400 joltTilt=1.32 odeTilt=1.09 upDelta=0.24 wBody=(-0.09,-0.00,-0.00) |w|=0.09 grounded=4
INFO 2026-07-27 15:27:11.872 joltshadow - docs §70.1: slipdense (player) f=404 w=0 grounded=0 kappa=0.000 fnGround=0 omega=0.04 | ftGround=0N target=0.0 limit=815Nm motorNm=3 tyreNm=0 inertia=1.78 limRot=0/0/0 omegaPre=0.01 posN=1/-16/0 susp=-0.0714 springN=-336
INFO 2026-07-27 15:27:11.872 joltshadow - docs §70.1: slipdense (player) f=404 w=1 grounded=0 kappa=0.000 fnGround=0 omega=0.04 | ftGround=0N target=0.0 limit=815Nm motorNm=3 tyreNm=0 inertia=1.78 limRot=0/0/0 omegaPre=0.01 posN=1/-16/0 susp=-0.0749 springN=-334
INFO 2026-07-27 15:27:11.872 joltshadow - docs §70.1: slipdense (player) f=404 w=2 grounded=0 kappa=0.000 fnGround=0 omega=0.04 | ftGround=0N target=0.0 limit=823Nm motorNm=3 tyreNm=0 inertia=1.82 limRot=0/0/0 omegaPre=0.01 posN=1/-15/0 susp=-0.1371 springN=-221
INFO 2026-07-27 15:27:11.872 joltshadow - docs §70.1: slipdense (player) f=404 w=3 grounded=0 kappa=0.000 fnGround=0 omega=0.04 | ftGround=0N target=0.0 limit=823Nm motorNm=3 tyreNm=0 inertia=1.82 limRot=0/0/0 omegaPre=0.01 posN=1/-15/0 susp=-0.1419 springN=-206
INFO 2026-07-27 15:27:11.872 joltshadow - docs §78: attdense (player) f=404 joltTilt=1.37 odeTilt=1.09 upDelta=0.31 wBody=(0.04,-0.00,0.01) |w|=0.04 grounded=0
INFO 2026-07-27 15:27:11.916 joltshadow - docs §70.1: slipdense (player) f=408 w=0 grounded=0 kappa=0.000 fnGround=0 omega=0.06 | ftGround=0N target=0.0 limit=815Nm motorNm=-0 tyreNm=0 inertia=1.78 limRot=0/-0/0 omegaPre=0.06 posN=-0/1/0 susp=-0.0064 springN=-165
INFO 2026-07-27 15:27:11.916 joltshadow - docs §70.1: slipdense (player) f=408 w=1 grounded=0 kappa=0.000 fnGround=0 omega=0.06 | ftGround=0N target=0.0 limit=815Nm motorNm=-0 tyreNm=0 inertia=1.78 limRot=0/-0/0 omegaPre=0.06 posN=-0/1/0 susp=-0.0079 springN=-171
INFO 2026-07-27 15:27:11.917 joltshadow - docs §70.1: slipdense (player) f=408 w=2 grounded=0 kappa=0.000 fnGround=0 omega=0.06 | ftGround=0N target=0.0 limit=823Nm motorNm=-0 tyreNm=0 inertia=1.82 limRot=0/-0/-0 omegaPre=0.06 posN=-0/-0/0 susp=-0.0275 springN=-280
INFO 2026-07-27 15:27:11.917 joltshadow - docs §70.1: slipdense (player) f=408 w=3 grounded=0 kappa=0.000 fnGround=0 omega=0.06 | ftGround=0N target=0.0 limit=823Nm motorNm=-0 tyreNm=0 inertia=1.82 limRot=0/-0/-0 omegaPre=0.06 posN=-0/-0/0 susp=-0.0302 springN=-284
INFO 2026-07-27 15:27:11.917 joltshadow - docs §78: attdense (player) f=408 joltTilt=1.22 odeTilt=1.09 upDelta=0.17 wBody=(0.06,-0.00,0.01) |w|=0.06 grounded=0
INFO 2026-07-27 15:27:11.958 joltshadow - docs §70.1: slipdense (player) f=412 w=0 grounded=0 kappa=0.000 fnGround=0 omega=0.05 | ftGround=0N target=0.0 limit=815Nm motorNm=-1 tyreNm=0 inertia=1.78 limRot=0/-0/0 omegaPre=0.05 posN=-1/3/0 susp=0.0043 springN=-41
INFO 2026-07-27 15:27:11.958 joltshadow - docs §70.1: slipdense (player) f=412 w=1 grounded=0 kappa=0.000 fnGround=0 omega=0.05 | ftGround=0N target=0.0 limit=815Nm motorNm=-1 tyreNm=0 inertia=1.78 limRot=0/-0/0 omegaPre=0.05 posN=-1/3/0 susp=0.0043 springN=-46
INFO 2026-07-27 15:27:11.958 joltshadow - docs §70.1: slipdense (player) f=412 w=2 grounded=0 kappa=0.000 fnGround=0 omega=0.05 | ftGround=0N target=0.0 limit=823Nm motorNm=-1 tyreNm=0 inertia=1.82 limRot=0/-0/-0 omegaPre=0.05 posN=-1/3/0 susp=0.0045 springN=-123
INFO 2026-07-27 15:27:11.959 joltshadow - docs §70.1: slipdense (player) f=412 w=3 grounded=0 kappa=0.000 fnGround=0 omega=0.05 | ftGround=0N target=0.0 limit=823Nm motorNm=-1 tyreNm=0 inertia=1.82 limRot=0/-0/-0 omegaPre=0.05 posN=-1/3/0 susp=0.0040 springN=-129
INFO 2026-07-27 15:27:11.959 joltshadow - docs §78: attdense (player) f=412 joltTilt=1.08 odeTilt=1.09 upDelta=0.10 wBody=(0.05,-0.00,0.00) |w|=0.05 grounded=0
INFO 2026-07-27 15:27:11.996 joltshadow - docs §70.1: slipdense (player) f=416 w=0 grounded=0 kappa=0.000 fnGround=0 omega=0.04 | ftGround=0N target=0.0 limit=815Nm motorNm=-0 tyreNm=0 inertia=1.78 limRot=0/-0/0 omegaPre=0.04 posN=-0/1/0 susp=0.0028 springN=-0
INFO 2026-07-27 15:27:11.996 joltshadow - docs §70.1: slipdense (player) f=416 w=1 grounded=0 kappa=0.000 fnGround=0 omega=0.04 | ftGround=0N target=0.0 limit=815Nm motorNm=-0 tyreNm=0 inertia=1.78 limRot=0/-0/0 omegaPre=0.04 posN=-0/1/0 susp=0.0035 springN=-3
INFO 2026-07-27 15:27:11.996 joltshadow - docs §70.1: slipdense (player) f=416 w=2 grounded=0 kappa=0.000 fnGround=0 omega=0.04 | ftGround=0N target=0.0 limit=823Nm motorNm=-0 tyreNm=0 inertia=1.82 limRot=0/-0/-0 omegaPre=0.04 posN=-0/2/0 susp=0.0073 springN=-28
INFO 2026-07-27 15:27:11.996 joltshadow - docs §70.1: slipdense (player) f=416 w=3 grounded=0 kappa=0.000 fnGround=0 omega=0.04 | ftGround=0N target=0.0 limit=823Nm motorNm=-0 tyreNm=0 inertia=1.82 limRot=0/-0/-0 omegaPre=0.04 posN=-0/1/0 susp=0.0080 springN=-32
INFO 2026-07-27 15:27:11.997 joltshadow - docs §78: attdense (player) f=416 joltTilt=0.97 odeTilt=1.09 upDelta=0.14 wBody=(0.04,0.00,0.00) |w|=0.04 grounded=0
INFO 2026-07-27 15:27:12.036 joltshadow - docs §70.1: slipdense (player) f=420 w=0 grounded=0 kappa=0.000 fnGround=0 omega=0.04 | ftGround=0N target=0.0 limit=815Nm motorNm=-0 tyreNm=0 inertia=1.78 limRot=0/-0/0 omegaPre=0.04 posN=-0/0/0 susp=0.0005 springN=6
INFO 2026-07-27 15:27:12.037 joltshadow - docs §70.1: slipdense (player) f=420 w=1 grounded=0 kappa=0.000 fnGround=0 omega=0.04 | ftGround=0N target=0.0 limit=815Nm motorNm=-0 tyreNm=0 inertia=1.78 limRot=0/-0/0 omegaPre=0.04 posN=-0/0/0 susp=0.0015 springN=5
INFO 2026-07-27 15:27:12.037 joltshadow - docs §70.1: slipdense (player) f=420 w=2 grounded=0 kappa=0.000 fnGround=0 omega=0.04 | ftGround=0N target=0.0 limit=823Nm motorNm=-0 tyreNm=0 inertia=1.82 limRot=0/-0/-0 omegaPre=0.04 posN=-0/0/0 susp=0.0035 springN=6
INFO 2026-07-27 15:27:12.037 joltshadow - docs §70.1: slipdense (player) f=420 w=3 grounded=0 kappa=0.000 fnGround=0 omega=0.04 | ftGround=0N target=0.0 limit=823Nm motorNm=-0 tyreNm=0 inertia=1.82 limRot=0/-0/-0 omegaPre=0.04 posN=-0/0/0 susp=0.0046 springN=4
INFO 2026-07-27 15:27:12.037 joltshadow - docs §78: attdense (player) f=420 joltTilt=0.88 odeTilt=1.08 upDelta=0.21 wBody=(0.04,0.00,0.00) |w|=0.04 grounded=0
INFO 2026-07-27 15:27:12.037 joltshadow - Shadow divergence (player): pos=2.316m vel=1.860m/s angle=0.2deg (jolt com=[4668.5 260.3 1251.9] ode com=[4668.5 258.0 1251.5])
INFO 2026-07-27 15:27:12.037 joltshadow - docs §23.6: driver input (player) realThrottle=-10.00 brake=0.01 handBrake=1 steerRad=0.000
INFO 2026-07-27 15:27:12.037 joltshadow - docs §32: Jolt SHADOW chassis pitch (player) forward=(-0.223, 0.015, -0.975)
INFO 2026-07-27 15:27:12.037 joltshadow - docs §69: tilt (player) jolt=0.9 deg ode=1.1 deg delta=-0.2 deg upDelta=0.21 deg
INFO 2026-07-27 15:27:12.037 joltshadow - docs §32.4: Jolt SHADOW chassis lowest corner (player) = (4667.80,258.88,1255.36) clearanceToGround=0.883
INFO 2026-07-27 15:27:12.037 joltshadow - docs §23.5: wheel state (player) wheel=0 contact=0 suspLen=1.050 (range 0.050-1.050, 0% compressed) angVel=0.00
INFO 2026-07-27 15:27:12.037 joltshadow - docs §38.11: wheel=0 NO contact, worldAxle=(0.975,0.001,-0.223)
INFO 2026-07-27 15:27:12.037 joltshadow - docs §32: no-contact raycast (player) wheel=0 bodyPos=(4668.46,259.52,1251.56) localMPos=(-1.155,0.060,2.270) origin=(4669.08,259.62,1249.09) dir=(-0.002,-1.000,-0.015) normalRayLen=1.679 groundFoundAt=0.000 shortfallBeyondTravel=-1.679 hitBody=8391030 hitLayer=1 hitMotion=2 hitIsSelfChassis=0
INFO 2026-07-27 15:27:12.037 joltshadow - docs §23.5: wheel state (player) wheel=1 contact=0 suspLen=1.050 (range 0.050-1.050, 0% compressed) angVel=0.00
INFO 2026-07-27 15:27:12.037 joltshadow - docs §38.11: wheel=1 NO contact, worldAxle=(0.975,0.001,-0.223)
INFO 2026-07-27 15:27:12.037 joltshadow - docs §32: no-contact raycast (player) wheel=1 bodyPos=(4668.46,259.52,1251.56) localMPos=(1.155,0.059,2.270) origin=(4666.83,259.61,1249.60) dir=(-0.002,-1.000,-0.015) normalRayLen=1.679 groundFoundAt=0.000 shortfallBeyondTravel=-1.679 hitBody=8391030 hitLayer=1 hitMotion=2 hitIsSelfChassis=0
INFO 2026-07-27 15:27:12.037 joltshadow - docs §23.5: wheel state (player) wheel=2 contact=0 suspLen=1.050 (range 0.050-1.050, 0% compressed) angVel=0.00
INFO 2026-07-27 15:27:12.037 joltshadow - docs §38.11: wheel=2 NO contact, worldAxle=(0.975,0.001,-0.223)
INFO 2026-07-27 15:27:12.037 joltshadow - docs §32: no-contact raycast (player) wheel=2 bodyPos=(4668.46,259.52,1251.56) localMPos=(-1.253,0.145,-2.062) origin=(4670.14,259.63,1253.29) dir=(-0.002,-1.000,-0.015) normalRayLen=1.685 groundFoundAt=0.000 shortfallBeyondTravel=-1.685 hitBody=8391030 hitLayer=1 hitMotion=2 hitIsSelfChassis=0
INFO 2026-07-27 15:27:12.038 joltshadow - docs §23.5: wheel state (player) wheel=3 contact=0 suspLen=1.050 (range 0.050-1.050, 0% compressed) angVel=0.00
INFO 2026-07-27 15:27:12.038 joltshadow - docs §38.11: wheel=3 NO contact, worldAxle=(0.975,0.001,-0.223)
INFO 2026-07-27 15:27:12.038 joltshadow - docs §32: no-contact raycast (player) wheel=3 bodyPos=(4668.46,259.52,1251.56) localMPos=(1.253,0.146,-2.062) origin=(4667.69,259.63,1253.85) dir=(-0.002,-1.000,-0.015) normalRayLen=1.685 groundFoundAt=0.000 shortfallBeyondTravel=-1.685 hitBody=8391030 hitLayer=1 hitMotion=2 hitIsSelfChassis=0
INFO 2026-07-27 15:27:12.038 joltshadow - docs §59/63: harvest (player) wheelsWithContact=0 contactPoints=0 overflow=0 (of 4) | maxNormalF=0N bound(k_t*tau)=0N ratio=0.00
INFO 2026-07-27 15:27:12.038 joltshadow - docs §58: wheel body (player) w=0 springF=6N stopF=0N travel=0.0005 (limits -0.5000..0.5000 rel spawn) kSusp=6000 sagPredicted=0.0010 | frameTrav=0.0005..0.0008 frameStopN=0
INFO 2026-07-27 15:27:12.038 joltshadow - docs §66: tyre band (player) w=0 fnGround=0N fnTotal=0N pen=0.00000 penRaw=0.00000 tau=0.01000 pen/tau=0.00 | recs tyre=0 rim=0 survived=0 stale=0 distMax=0.00R
INFO 2026-07-27 15:27:12.038 joltshadow - docs §68: steer (player) w=0 steerable=1 commanded=0.000 rad measured=-0.000 rad err=-0.00 deg steerSign=-1 steerTq=-0Nm cap=815Nm sat=0.00
INFO 2026-07-27 15:27:12.038 joltshadow - docs §70: slip (player) w=0 grounded=0 kappa=0.000 fnGround=0N omega=0.04
INFO 2026-07-27 15:27:12.038 joltshadow - docs §67: spin (player) w=0 driven=1 omega=0.04 rad/s surfaceSpeed=0.02 m/s spinSign=+1 motorTq=-0Nm cmdTq=815Nm
INFO 2026-07-27 15:27:12.038 joltshadow - docs §58: wheel body (player) w=1 springF=5N stopF=0N travel=0.0015 (limits -0.5000..0.5000 rel spawn) kSusp=6000 sagPredicted=0.0009 | frameTrav=0.0015..0.0018 frameStopN=0
INFO 2026-07-27 15:27:12.038 joltshadow - docs §66: tyre band (player) w=1 fnGround=0N fnTotal=0N pen=0.00000 penRaw=0.00000 tau=0.01000 pen/tau=0.00 | recs tyre=0 rim=0 survived=0 stale=0 distMax=0.00R
INFO 2026-07-27 15:27:12.038 joltshadow - docs §68: steer (player) w=1 steerable=1 commanded=0.000 rad measured=-0.000 rad err=-0.00 deg steerSign=-1 steerTq=-0Nm cap=815Nm sat=0.00
INFO 2026-07-27 15:27:12.038 joltshadow - docs §70: slip (player) w=1 grounded=0 kappa=0.000 fnGround=0N omega=0.04
INFO 2026-07-27 15:27:12.038 joltshadow - docs §67: spin (player) w=1 driven=1 omega=0.04 rad/s surfaceSpeed=0.02 m/s spinSign=+1 motorTq=-0Nm cmdTq=815Nm
INFO 2026-07-27 15:27:12.038 joltshadow - docs §58: wheel body (player) w=2 springF=6N stopF=0N travel=0.0035 (limits -0.5000..0.5000 rel spawn) kSusp=6000 sagPredicted=0.0010 | frameTrav=0.0035..0.0042 frameStopN=0
INFO 2026-07-27 15:27:12.038 joltshadow - docs §66: tyre band (player) w=2 fnGround=0N fnTotal=0N pen=0.00000 penRaw=0.00000 tau=0.01000 pen/tau=0.00 | recs tyre=0 rim=0 survived=0 stale=0 distMax=0.00R
INFO 2026-07-27 15:27:12.038 joltshadow - docs §68: steer (player) w=2 steerable=0 commanded=0.000 rad measured=0.000 rad err=0.00 deg steerSign=-1 steerTq=0Nm cap=340282346638528859811704183484516925440Nm sat=0.00
INFO 2026-07-27 15:27:12.038 joltshadow - docs §70: slip (player) w=2 grounded=0 kappa=0.000 fnGround=0N omega=0.04
INFO 2026-07-27 15:27:12.038 joltshadow - docs §67: spin (player) w=2 driven=1 omega=0.04 rad/s surfaceSpeed=0.02 m/s spinSign=+1 motorTq=-0Nm cmdTq=823Nm
INFO 2026-07-27 15:27:12.038 joltshadow - docs §58: wheel body (player) w=3 springF=4N stopF=0N travel=0.0046 (limits -0.5000..0.5000 rel spawn) kSusp=6000 sagPredicted=0.0007 | frameTrav=0.0046..0.0053 frameStopN=0
INFO 2026-07-27 15:27:12.039 joltshadow - docs §66: tyre band (player) w=3 fnGround=0N fnTotal=0N pen=0.00000 penRaw=0.00000 tau=0.01000 pen/tau=0.00 | recs tyre=0 rim=0 survived=0 stale=0 distMax=0.00R
INFO 2026-07-27 15:27:12.039 joltshadow - docs §68: steer (player) w=3 steerable=0 commanded=0.000 rad measured=-0.000 rad err=-0.00 deg steerSign=-1 steerTq=0Nm cap=340282346638528859811704183484516925440Nm sat=0.00
INFO 2026-07-27 15:27:12.039 joltshadow - docs §70: slip (player) w=3 grounded=0 kappa=0.000 fnGround=0N omega=0.04
INFO 2026-07-27 15:27:12.039 joltshadow - docs §67: spin (player) w=3 driven=1 omega=0.04 rad/s surfaceSpeed=0.02 m/s spinSign=+1 motorTq=-0Nm cmdTq=823Nm
INFO 2026-07-27 15:27:12.039 joltshadow - docs §67: drivetrain (player) gear=0 rpm=7 driveTorque=600Nm perWheel=150Nm driven=4 throttle=-1.00 spin=1 | PRE-STEP brake=0.01 handBrake=1
INFO 2026-07-27 15:27:12.039 joltshadow - docs §66: tyre band SUM (player) fnGroundSum=0N fnTotalSum=0N weight=942N carried=0.00 | penSum=0.00000 recs tyre=0 rim=0 stale=0
INFO 2026-07-27 15:27:12.039 joltshadow - docs §30: REAL ODE chassis COM (player) body=54C8BDB0 = (4668.454, 257.995, 1251.496) forward=(-0.223, 0.019, -0.975)
INFO 2026-07-27 15:27:12.039 joltshadow - docs §33: real ODE chassis geom (player) #1 = class 0 (not a transform) pos=(4668.454,257.995,1251.496) radius=4.500
INFO 2026-07-27 15:27:12.039 joltshadow - docs §33: real ODE chassis geom (player) #2 = transform, inner class=1 pos=(0.000,1.095,-0.495)
INFO 2026-07-27 15:27:12.039 joltshadow - docs §33: real ODE chassis geom (player) #3 = transform, inner class=1 pos=(0.353,3.466,0.718)
INFO 2026-07-27 15:27:12.039 joltshadow - docs §33: real ODE chassis geom (player) #4 = transform, inner class=1 pos=(0.000,1.818,1.842)
INFO 2026-07-27 15:27:12.039 joltshadow - docs §33: real ODE chassis geom (player) #5 = transform, inner class=1 pos=(0.006,1.981,-2.113)
INFO 2026-07-27 15:27:12.039 joltshadow - docs §33: real ODE chassis geom (player) #6 = class 0 (not a transform) pos=(4668.454,257.995,1251.496) radius=30.000
INFO 2026-07-27 15:27:12.039 joltshadow - docs §33: real ODE chassis geom (player) #7 = class 0 (not a transform) pos=(4668.454,257.995,1251.496) radius=6.436
INFO 2026-07-27 15:27:12.039 joltshadow - docs §33: real ODE chassis geom (player) #8 = class 0 (not a transform) pos=(4668.454,257.995,1251.496) radius=200.000
INFO 2026-07-27 15:27:12.039 joltshadow - docs §33: real ODE chassis (player) has 8 total geom(s) directly attached (4 transform(s)) - compare against BuildChassisCompoundShape's own part/geom count in the build log
INFO 2026-07-27 15:27:12.039 joltshadow - docs §28: REAL ODE wheel state (player) wheel=0 displacement=0.0223 range=1.000 (2% compressed, signed) foreAft=2.270 localZ=2.270 cfm=0.002500 erp=0.2500
INFO 2026-07-27 15:27:12.039 joltshadow - docs §28: REAL ODE wheel state (player) wheel=1 displacement=0.0226 range=1.000 (2% compressed, signed) foreAft=2.270 localZ=2.270 cfm=0.002500 erp=0.2500
INFO 2026-07-27 15:27:12.039 joltshadow - docs §28: REAL ODE wheel state (player) wheel=2 displacement=0.0247 range=1.000 (2% compressed, signed) foreAft=-2.062 localZ=-2.062 cfm=0.002500 erp=0.2500
INFO 2026-07-27 15:27:12.040 joltshadow - docs §28: REAL ODE wheel state (player) wheel=3 displacement=0.0243 range=1.000 (2% compressed, signed) foreAft=-2.062 localZ=-2.062 cfm=0.002500 erp=0.2500
INFO 2026-07-27 15:27:12.075 joltshadow - docs §70.1: slipdense (player) f=424 w=0 grounded=0 kappa=0.000 fnGround=0 omega=0.04 | ftGround=0N target=0.0 limit=815Nm motorNm=0 tyreNm=0 inertia=1.78 limRot=0/-0/0 omegaPre=0.04 posN=-0/-0/0 susp=-0.0002 springN=3
INFO 2026-07-27 15:27:12.075 joltshadow - docs §70.1: slipdense (player) f=424 w=1 grounded=0 kappa=0.000 fnGround=0 omega=0.04 | ftGround=0N target=0.0 limit=815Nm motorNm=0 tyreNm=0 inertia=1.78 limRot=0/-0/0 omegaPre=0.04 posN=-0/-0/0 susp=0.0008 springN=3
INFO 2026-07-27 15:27:12.075 joltshadow - docs §70.1: slipdense (player) f=424 w=2 grounded=0 kappa=0.000 fnGround=0 omega=0.04 | ftGround=0N target=0.0 limit=823Nm motorNm=0 tyreNm=0 inertia=1.82 limRot=0/-0/-0 omegaPre=0.04 posN=-0/-0/0 susp=0.0004 springN=9
INFO 2026-07-27 15:27:12.075 joltshadow - docs §70.1: slipdense (player) f=424 w=3 grounded=0 kappa=0.000 fnGround=0 omega=0.04 | ftGround=0N target=0.0 limit=823Nm motorNm=0 tyreNm=0 inertia=1.82 limRot=0/-0/-0 omegaPre=0.04 posN=-0/-0/0 susp=0.0016 springN=9
INFO 2026-07-27 15:27:12.075 joltshadow - docs §78: attdense (player) f=424 joltTilt=0.81 odeTilt=1.08 upDelta=0.28 wBody=(0.04,0.00,0.00) |w|=0.04 grounded=0
INFO 2026-07-27 15:27:12.118 joltshadow - docs §70.1: slipdense (player) f=428 w=0 grounded=0 kappa=0.000 fnGround=0 omega=0.04 | ftGround=0N target=0.0 limit=815Nm motorNm=0 tyreNm=0 inertia=1.78 limRot=0/0/0 omegaPre=0.04 posN=0/-0/0 susp=-0.0003 springN=1
INFO 2026-07-27 15:27:12.118 joltshadow - docs §70.1: slipdense (player) f=428 w=1 grounded=0 kappa=0.000 fnGround=0 omega=0.04 | ftGround=0N target=0.0 limit=815Nm motorNm=0 tyreNm=0 inertia=1.78 limRot=0/0/0 omegaPre=0.04 posN=0/-0/0 susp=0.0006 springN=1
INFO 2026-07-27 15:27:12.119 joltshadow - docs §70.1: slipdense (player) f=428 w=2 grounded=0 kappa=0.000 fnGround=0 omega=0.04 | ftGround=0N target=0.0 limit=823Nm motorNm=0 tyreNm=0 inertia=1.82 limRot=0/0/0 omegaPre=0.04 posN=0/-0/0 susp=-0.0009 springN=5
INFO 2026-07-27 15:27:12.119 joltshadow - docs §70.1: slipdense (player) f=428 w=3 grounded=0 kappa=0.000 fnGround=0 omega=0.04 | ftGround=0N target=0.0 limit=823Nm motorNm=0 tyreNm=0 inertia=1.82 limRot=0/0/0 omegaPre=0.04 posN=0/-0/0 susp=0.0002 springN=5
INFO 2026-07-27 15:27:12.119 joltshadow - docs §78: attdense (player) f=428 joltTilt=0.72 odeTilt=1.08 upDelta=0.36 wBody=(0.04,0.00,0.00) |w|=0.04 grounded=0
INFO 2026-07-27 15:27:12.161 joltshadow - docs §70.1: slipdense (player) f=432 w=0 grounded=0 kappa=0.000 fnGround=0 omega=0.04 | ftGround=0N target=0.0 limit=815Nm motorNm=0 tyreNm=0 inertia=1.78 limRot=0/0/0 omegaPre=0.04 posN=0/-0/0 susp=-0.0001 springN=-0
INFO 2026-07-27 15:27:12.161 joltshadow - docs §70.1: slipdense (player) f=432 w=1 grounded=0 kappa=0.000 fnGround=0 omega=0.04 | ftGround=0N target=0.0 limit=815Nm motorNm=0 tyreNm=0 inertia=1.78 limRot=0/0/0 omegaPre=0.04 posN=0/-0/0 susp=0.0008 springN=-0
INFO 2026-07-27 15:27:12.162 joltshadow - docs §70.1: slipdense (player) f=432 w=2 grounded=0 kappa=0.000 fnGround=0 omega=0.04 | ftGround=0N target=0.0 limit=823Nm motorNm=0 tyreNm=0 inertia=1.82 limRot=0/0/0 omegaPre=0.04 posN=0/-0/0 susp=-0.0011 springN=1
INFO 2026-07-27 15:27:12.162 joltshadow - docs §70.1: slipdense (player) f=432 w=3 grounded=0 kappa=0.000 fnGround=0 omega=0.04 | ftGround=0N target=0.0 limit=823Nm motorNm=0 tyreNm=0 inertia=1.82 limRot=0/0/0 omegaPre=0.04 posN=0/-0/0 susp=-0.0001 springN=2
INFO 2026-07-27 15:27:12.162 joltshadow - docs §78: attdense (player) f=432 joltTilt=0.63 odeTilt=1.08 upDelta=0.45 wBody=(0.04,0.00,0.00) |w|=0.04 grounded=0
INFO 2026-07-27 15:27:12.201 joltshadow - docs §70.1: slipdense (player) f=436 w=0 grounded=0 kappa=0.000 fnGround=0 omega=0.04 | ftGround=0N target=0.0 limit=815Nm motorNm=0 tyreNm=0 inertia=1.78 limRot=0/0/0 omegaPre=0.04 posN=0/-0/0 susp=0.0000 springN=-0
INFO 2026-07-27 15:27:12.201 joltshadow - docs §70.1: slipdense (player) f=436 w=1 grounded=0 kappa=0.000 fnGround=0 omega=0.04 | ftGround=0N target=0.0 limit=815Nm motorNm=0 tyreNm=0 inertia=1.78 limRot=0/0/0 omegaPre=0.04 posN=0/0/0 susp=0.0009 springN=-0
INFO 2026-07-27 15:27:12.201 joltshadow - docs §70.1: slipdense (player) f=436 w=2 grounded=0 kappa=0.000 fnGround=0 omega=0.04 | ftGround=0N target=0.0 limit=823Nm motorNm=0 tyreNm=0 inertia=1.82 limRot=0/0/-0 omegaPre=0.04 posN=0/0/0 susp=-0.0010 springN=0
INFO 2026-07-27 15:27:12.201 joltshadow - docs §70.1: slipdense (player) f=436 w=3 grounded=0 kappa=0.000 fnGround=0 omega=0.04 | ftGround=0N target=0.0 limit=823Nm motorNm=0 tyreNm=0 inertia=1.82 limRot=0/0/-0 omegaPre=0.04 posN=0/0/0 susp=-0.0001 springN=0
INFO 2026-07-27 15:27:12.202 joltshadow - docs §78: attdense (player) f=436 joltTilt=0.55 odeTilt=1.08 upDelta=0.53 wBody=(0.04,0.00,0.00) |w|=0.04 grounded=0
INFO 2026-07-27 15:27:12.242 joltshadow - docs §70.1: slipdense (player) f=440 w=0 grounded=0 kappa=0.000 fnGround=0 omega=0.04 | ftGround=0N target=0.0 limit=815Nm motorNm=-0 tyreNm=0 inertia=1.78 limRot=0/0/0 omegaPre=0.04 posN=0/0/0 susp=0.0001 springN=-0
INFO 2026-07-27 15:27:12.242 joltshadow - docs §70.1: slipdense (player) f=440 w=1 grounded=0 kappa=0.000 fnGround=0 omega=0.04 | ftGround=0N target=0.0 limit=815Nm motorNm=-0 tyreNm=0 inertia=1.78 limRot=0/0/0 omegaPre=0.04 posN=0/0/0 susp=0.0009 springN=-0
INFO 2026-07-27 15:27:12.242 joltshadow - docs §70.1: slipdense (player) f=440 w=2 grounded=0 kappa=0.000 fnGround=0 omega=0.04 | ftGround=0N target=0.0 limit=823Nm motorNm=-0 tyreNm=0 inertia=1.82 limRot=0/0/0 omegaPre=0.04 posN=0/0/0 susp=-0.0009 springN=-0
INFO 2026-07-27 15:27:12.242 joltshadow - docs §70.1: slipdense (player) f=440 w=3 grounded=0 kappa=0.000 fnGround=0 omega=0.04 | ftGround=0N target=0.0 limit=823Nm motorNm=-0 tyreNm=0 inertia=1.82 limRot=0/0/0 omegaPre=0.04 posN=0/0/0 susp=0.0001 springN=-0
INFO 2026-07-27 15:27:12.242 joltshadow - docs §78: attdense (player) f=440 joltTilt=0.47 odeTilt=1.08 upDelta=0.61 wBody=(0.04,0.00,0.00) |w|=0.04 grounded=0
INFO 2026-07-27 15:27:12.242 joltshadow - docs §82: resync (player) #11 dt=0.50s upMax=0.613 deg posMax=1.207 m odeTiltPath=0.008 deg gain=-1.0000
INFO 2026-07-27 15:27:12.242 joltshadow - docs §87: resync landing (player) w=0 pre=0.5826 post=-0.0095 m R=0.629 dY=-1.2033 dRotDeg=0.61 |corr|=1.2064 m
INFO 2026-07-27 15:27:12.242 joltshadow - docs §87: resync landing (player) w=1 pre=0.5828 post=-0.0091 m R=0.629 dY=-1.2033 dRotDeg=0.61 |corr|=1.2064 m
INFO 2026-07-27 15:27:12.243 joltshadow - docs §87: resync landing (player) w=2 pre=0.5510 post=-0.0096 m R=0.635 dY=-1.2033 dRotDeg=0.61 |corr|=1.2064 m
INFO 2026-07-27 15:27:12.243 joltshadow - docs §87: resync landing (player) w=3 pre=0.5512 post=-0.0092 m R=0.635 dY=-1.2033 dRotDeg=0.61 |corr|=1.2064 m
INFO 2026-07-27 15:27:12.243 joltshadow - docs §82: resync RESIDUAL (player) #11 pos=0.0000 m up=0.0000 deg
INFO 2026-07-27 15:27:12.281 joltshadow - docs §70.1: slipdense (player) f=444 w=0 grounded=1 kappa=-0.202 fnGround=1200 omega=-0.17 | ftGround=-136N target=0.0 limit=3020Nm motorNm=-82 tyreNm=81 inertia=1.78 limRot=0/-1/0 omegaPre=-0.16 posN=-2/93/0 susp=-0.4338 springN=1369
INFO 2026-07-27 15:27:12.282 joltshadow - docs §70.1: slipdense (player) f=444 w=1 grounded=1 kappa=-0.202 fnGround=1200 omega=-0.17 | ftGround=-136N target=0.0 limit=3020Nm motorNm=-81 tyreNm=81 inertia=1.78 limRot=0/-1/0 omegaPre=-0.16 posN=-2/93/0 susp=-0.4341 springN=1375
INFO 2026-07-27 15:27:12.282 joltshadow - docs §70.1: slipdense (player) f=444 w=2 grounded=1 kappa=-0.180 fnGround=1200 omega=-0.17 | ftGround=-122N target=0.0 limit=3049Nm motorNm=-72 tyreNm=72 inertia=1.82 limRot=0/-1/-0 omegaPre=-0.16 posN=-2/66/0 susp=-0.4993 springN=1955
INFO 2026-07-27 15:27:12.282 joltshadow - docs §70.1: slipdense (player) f=444 w=3 grounded=1 kappa=-0.180 fnGround=1200 omega=-0.17 | ftGround=-121N target=0.0 limit=3048Nm motorNm=-72 tyreNm=72 inertia=1.82 limRot=0/-1/-0 omegaPre=-0.16 posN=-2/65/0 susp=-0.4997 springN=1961
INFO 2026-07-27 15:27:12.282 joltshadow - docs §78: attdense (player) f=444 joltTilt=0.99 odeTilt=1.09 upDelta=0.09 wBody=(-0.17,0.00,-0.00) |w|=0.17 grounded=4
INFO 2026-07-27 15:27:12.320 joltshadow - docs §70.1: slipdense (player) f=448 w=0 grounded=1 kappa=0.011 fnGround=530 omega=-0.10 | ftGround=9N target=0.0 limit=1840Nm motorNm=10 tyreNm=-6 inertia=1.78 limRot=0/0/0 omegaPre=-0.12 posN=0/-22/0 susp=-0.2617 springN=245
INFO 2026-07-27 15:27:12.320 joltshadow - docs §70.1: slipdense (player) f=448 w=1 grounded=1 kappa=0.011 fnGround=539 omega=-0.10 | ftGround=9N target=0.0 limit=1857Nm motorNm=10 tyreNm=-6 inertia=1.78 limRot=0/0/0 omegaPre=-0.12 posN=0/-22/0 susp=-0.2638 springN=255
INFO 2026-07-27 15:27:12.320 joltshadow - docs §70.1: slipdense (player) f=448 w=2 grounded=1 kappa=0.011 fnGround=1020 omega=-0.10 | ftGround=9N target=0.0 limit=2982Nm motorNm=10 tyreNm=-6 inertia=1.82 limRot=0/0/0 omegaPre=-0.12 posN=1/-31/0 susp=-0.3458 springN=740
INFO 2026-07-27 15:27:12.320 joltshadow - docs §70.1: slipdense (player) f=448 w=3 grounded=1 kappa=0.011 fnGround=1029 omega=-0.10 | ftGround=9N target=0.0 limit=2991Nm motorNm=10 tyreNm=-6 inertia=1.82 limRot=0/0/0 omegaPre=-0.12 posN=1/-31/0 susp=-0.3482 springN=752
INFO 2026-07-27 15:27:12.320 joltshadow - docs §78: attdense (player) f=448 joltTilt=1.29 odeTilt=1.09 upDelta=0.21 wBody=(-0.10,-0.00,-0.00) |w|=0.10 grounded=4
INFO 2026-07-27 15:27:12.358 joltshadow - docs §70.1: slipdense (player) f=452 w=0 grounded=0 kappa=0.000 fnGround=0 omega=0.00 | ftGround=0N target=0.0 limit=815Nm motorNm=6 tyreNm=0 inertia=1.78 limRot=0/0/0 omegaPre=-0.02 posN=2/-24/0 susp=-0.1113 springN=-322
INFO 2026-07-27 15:27:12.358 joltshadow - docs §70.1: slipdense (player) f=452 w=1 grounded=0 kappa=0.000 fnGround=0 omega=0.00 | ftGround=0N target=0.0 limit=815Nm motorNm=6 tyreNm=0 inertia=1.78 limRot=0/0/0 omegaPre=-0.02 posN=2/-23/0 susp=-0.1152 springN=-312
INFO 2026-07-27 15:27:12.358 joltshadow - docs §70.1: slipdense (player) f=452 w=2 grounded=1 kappa=0.183 fnGround=0 omega=0.00 | ftGround=0N target=0.0 limit=987Nm motorNm=6 tyreNm=0 inertia=1.82 limRot=0/0/0 omegaPre=-0.02 posN=2/-21/0 susp=-0.1884 springN=-7
INFO 2026-07-27 15:27:12.358 joltshadow - docs §70.1: slipdense (player) f=452 w=3 grounded=1 kappa=0.185 fnGround=0 omega=0.00 | ftGround=0N target=0.0 limit=1027Nm motorNm=6 tyreNm=0 inertia=1.82 limRot=0/0/0 omegaPre=-0.02 posN=2/-21/0 susp=-0.1930 springN=15
INFO 2026-07-27 15:27:12.358 joltshadow - docs §78: attdense (player) f=452 joltTilt=1.39 odeTilt=1.08 upDelta=0.33 wBody=(0.00,0.00,0.00) |w|=0.01 grounded=2
INFO 2026-07-27 15:27:12.399 joltshadow - docs §70.1: slipdense (player) f=456 w=0 grounded=0 kappa=0.000 fnGround=0 omega=0.06 | ftGround=0N target=0.0 limit=815Nm motorNm=1 tyreNm=0 inertia=1.78 limRot=0/0/0 omegaPre=0.06 posN=0/-4/0 susp=-0.0225 springN=-244
INFO 2026-07-27 15:27:12.399 joltshadow - docs §70.1: slipdense (player) f=456 w=1 grounded=0 kappa=0.000 fnGround=0 omega=0.06 | ftGround=0N target=0.0 limit=815Nm motorNm=1 tyreNm=0 inertia=1.78 limRot=0/0/0 omegaPre=0.06 posN=0/-4/0 susp=-0.0253 springN=-247
INFO 2026-07-27 15:27:12.399 joltshadow - docs §70.1: slipdense (player) f=456 w=2 grounded=0 kappa=0.000 fnGround=0 omega=0.06 | ftGround=0N target=0.0 limit=823Nm motorNm=1 tyreNm=0 inertia=1.82 limRot=0/0/0 omegaPre=0.06 posN=0/-5/0 susp=-0.0603 springN=-321
INFO 2026-07-27 15:27:12.400 joltshadow - docs §70.1: slipdense (player) f=456 w=3 grounded=0 kappa=0.000 fnGround=0 omega=0.06 | ftGround=0N target=0.0 limit=823Nm motorNm=1 tyreNm=0 inertia=1.82 limRot=0/0/0 omegaPre=0.06 posN=0/-5/0 susp=-0.0641 springN=-320
INFO 2026-07-27 15:27:12.400 joltshadow - docs §78: attdense (player) f=456 joltTilt=1.29 odeTilt=1.08 upDelta=0.24 wBody=(0.06,0.00,0.01) |w|=0.06 grounded=0
INFO 2026-07-27 15:27:12.438 joltshadow - docs §70.1: slipdense (player) f=460 w=0 grounded=0 kappa=0.000 fnGround=0 omega=0.06 | ftGround=0N target=0.0 limit=815Nm motorNm=-1 tyreNm=0 inertia=1.78 limRot=0/-0/0 omegaPre=0.06 posN=-1/3/0 susp=0.0025 springN=-87
INFO 2026-07-27 15:27:12.438 joltshadow - docs §70.1: slipdense (player) f=460 w=1 grounded=0 kappa=0.000 fnGround=0 omega=0.06 | ftGround=0N target=0.0 limit=815Nm motorNm=-1 tyreNm=0 inertia=1.78 limRot=0/-0/0 omegaPre=0.06 posN=-1/3/0 susp=0.0017 springN=-93
INFO 2026-07-27 15:27:12.438 joltshadow - docs §70.1: slipdense (player) f=460 w=2 grounded=0 kappa=0.000 fnGround=0 omega=0.06 | ftGround=0N target=0.0 limit=823Nm motorNm=-1 tyreNm=0 inertia=1.82 limRot=0/-0/-0 omegaPre=0.06 posN=-1/2/0 susp=-0.0047 springN=-195
INFO 2026-07-27 15:27:12.439 joltshadow - docs §70.1: slipdense (player) f=460 w=3 grounded=0 kappa=0.000 fnGround=0 omega=0.06 | ftGround=0N target=0.0 limit=823Nm motorNm=-1 tyreNm=0 inertia=1.82 limRot=0/-0/-0 omegaPre=0.06 posN=-1/2/0 susp=-0.0061 springN=-201
INFO 2026-07-27 15:27:12.439 joltshadow - docs §78: attdense (player) f=460 joltTilt=1.15 odeTilt=1.08 upDelta=0.13 wBody=(0.06,0.00,0.01) |w|=0.06 grounded=0
INFO 2026-07-27 15:27:12.480 joltshadow - docs §70.1: slipdense (player) f=464 w=0 grounded=0 kappa=0.000 fnGround=0 omega=0.04 | ftGround=0N target=0.0 limit=815Nm motorNm=-0 tyreNm=0 inertia=1.78 limRot=0/-0/0 omegaPre=0.05 posN=-0/2/0 susp=0.0040 springN=-11
INFO 2026-07-27 15:27:12.481 joltshadow - docs §70.1: slipdense (player) f=464 w=1 grounded=0 kappa=0.000 fnGround=0 omega=0.04 | ftGround=0N target=0.0 limit=815Nm motorNm=-0 tyreNm=0 inertia=1.78 limRot=0/-0/0 omegaPre=0.05 posN=-0/2/0 susp=0.0043 springN=-15
INFO 2026-07-27 15:27:12.481 joltshadow - docs §70.1: slipdense (player) f=464 w=2 grounded=0 kappa=0.000 fnGround=0 omega=0.04 | ftGround=0N target=0.0 limit=823Nm motorNm=-0 tyreNm=0 inertia=1.82 limRot=0/-0/-0 omegaPre=0.05 posN=-1/2/0 susp=0.0078 springN=-61
INFO 2026-07-27 15:27:12.481 joltshadow - docs §70.1: slipdense (player) f=464 w=3 grounded=0 kappa=0.000 fnGround=0 omega=0.04 | ftGround=0N target=0.0 limit=823Nm motorNm=-0 tyreNm=0 inertia=1.82 limRot=0/-0/-0 omegaPre=0.05 posN=-1/2/0 susp=0.0080 springN=-66
INFO 2026-07-27 15:27:12.481 joltshadow - docs §78: attdense (player) f=464 joltTilt=1.02 odeTilt=1.08 upDelta=0.11 wBody=(0.04,0.00,0.00) |w|=0.04 grounded=0
INFO 2026-07-27 15:27:12.518 joltshadow - docs §70.1: slipdense (player) f=468 w=0 grounded=0 kappa=0.000 fnGround=0 omega=0.04 | ftGround=0N target=0.0 limit=815Nm motorNm=-0 tyreNm=0 inertia=1.78 limRot=0/-0/0 omegaPre=0.04 posN=-0/1/0 susp=0.0015 springN=6
INFO 2026-07-27 15:27:12.518 joltshadow - docs §70.1: slipdense (player) f=468 w=1 grounded=0 kappa=0.000 fnGround=0 omega=0.04 | ftGround=0N target=0.0 limit=815Nm motorNm=-0 tyreNm=0 inertia=1.78 limRot=0/-0/0 omegaPre=0.04 posN=-0/1/0 susp=0.0022 springN=4
INFO 2026-07-27 15:27:12.519 joltshadow - docs §70.1: slipdense (player) f=468 w=2 grounded=0 kappa=0.000 fnGround=0 omega=0.04 | ftGround=0N target=0.0 limit=823Nm motorNm=-0 tyreNm=0 inertia=1.82 limRot=0/-0/-0 omegaPre=0.04 posN=-0/1/0 susp=0.0055 springN=-4
INFO 2026-07-27 15:27:12.519 joltshadow - docs §70.1: slipdense (player) f=468 w=3 grounded=0 kappa=0.000 fnGround=0 omega=0.04 | ftGround=0N target=0.0 limit=823Nm motorNm=-0 tyreNm=0 inertia=1.82 limRot=0/-0/-0 omegaPre=0.04 posN=-0/1/0 susp=0.0062 springN=-7
INFO 2026-07-27 15:27:12.519 joltshadow - docs §78: attdense (player) f=468 joltTilt=0.94 odeTilt=1.08 upDelta=0.17 wBody=(0.04,0.00,0.00) |w|=0.04 grounded=0
INFO 2026-07-27 15:27:12.560 joltshadow - docs §70.1: slipdense (player) f=472 w=0 grounded=0 kappa=0.000 fnGround=0 omega=0.04 | ftGround=0N target=0.0 limit=815Nm motorNm=0 tyreNm=0 inertia=1.78 limRot=0/-0/0 omegaPre=0.04 posN=-0/-0/0 susp=0.0001 springN=4
INFO 2026-07-27 15:27:12.560 joltshadow - docs §70.1: slipdense (player) f=472 w=1 grounded=0 kappa=0.000 fnGround=0 omega=0.04 | ftGround=0N target=0.0 limit=815Nm motorNm=0 tyreNm=0 inertia=1.78 limRot=0/-0/0 omegaPre=0.04 posN=-0/-0/0 susp=0.0008 springN=4
INFO 2026-07-27 15:27:12.560 joltshadow - docs §70.1: slipdense (player) f=472 w=2 grounded=0 kappa=0.000 fnGround=0 omega=0.04 | ftGround=0N target=0.0 limit=823Nm motorNm=0 tyreNm=0 inertia=1.82 limRot=0/-0/-0 omegaPre=0.04 posN=-0/-0/0 susp=0.0015 springN=10
INFO 2026-07-27 15:27:12.560 joltshadow - docs §70.1: slipdense (player) f=472 w=3 grounded=0 kappa=0.000 fnGround=0 omega=0.04 | ftGround=0N target=0.0 limit=823Nm motorNm=0 tyreNm=0 inertia=1.82 limRot=0/-0/-0 omegaPre=0.04 posN=-0/-0/0 susp=0.0023 springN=9
INFO 2026-07-27 15:27:12.560 joltshadow - docs §78: attdense (player) f=472 joltTilt=0.86 odeTilt=1.08 upDelta=0.24 wBody=(0.04,0.00,0.00) |w|=0.04 grounded=0
INFO 2026-07-27 15:27:12.602 joltshadow - docs §70.1: slipdense (player) f=476 w=0 grounded=0 kappa=0.000 fnGround=0 omega=0.04 | ftGround=0N target=0.0 limit=815Nm motorNm=0 tyreNm=0 inertia=1.78 limRot=0/-0/0 omegaPre=0.04 posN=-0/-0/0 susp=-0.0002 springN=1
INFO 2026-07-27 15:27:12.602 joltshadow - docs §70.1: slipdense (player) f=476 w=1 grounded=0 kappa=0.000 fnGround=0 omega=0.04 | ftGround=0N target=0.0 limit=815Nm motorNm=0 tyreNm=0 inertia=1.78 limRot=0/-0/0 omegaPre=0.04 posN=-0/-0/0 susp=0.0006 springN=1
INFO 2026-07-27 15:27:12.602 joltshadow - docs §70.1: slipdense (player) f=476 w=2 grounded=0 kappa=0.000 fnGround=0 omega=0.04 | ftGround=0N target=0.0 limit=823Nm motorNm=0 tyreNm=0 inertia=1.82 limRot=0/-0/-0 omegaPre=0.04 posN=-0/-0/0 susp=-0.0005 springN=7
INFO 2026-07-27 15:27:12.602 joltshadow - docs §70.1: slipdense (player) f=476 w=3 grounded=0 kappa=0.000 fnGround=0 omega=0.04 | ftGround=0N target=0.0 limit=823Nm motorNm=0 tyreNm=0 inertia=1.82 limRot=0/-0/-0 omegaPre=0.04 posN=-0/-0/0 susp=0.0002 springN=7
INFO 2026-07-27 15:27:12.602 joltshadow - docs §78: attdense (player) f=476 joltTilt=0.78 odeTilt=1.08 upDelta=0.31 wBody=(0.04,0.00,0.00) |w|=0.04 grounded=0
INFO 2026-07-27 15:27:12.648 joltshadow - docs §70.1: slipdense (player) f=480 w=0 grounded=0 kappa=0.000 fnGround=0 omega=0.04 | ftGround=0N target=0.0 limit=815Nm motorNm=0 tyreNm=0 inertia=1.78 limRot=0/0/0 omegaPre=0.04 posN=0/-0/0 susp=-0.0000 springN=-0
INFO 2026-07-27 15:27:12.648 joltshadow - docs §70.1: slipdense (player) f=480 w=1 grounded=0 kappa=0.000 fnGround=0 omega=0.04 | ftGround=0N target=0.0 limit=815Nm motorNm=0 tyreNm=0 inertia=1.78 limRot=0/0/0 omegaPre=0.04 posN=0/-0/0 susp=0.0006 springN=0
INFO 2026-07-27 15:27:12.649 joltshadow - docs §70.1: slipdense (player) f=480 w=2 grounded=0 kappa=0.000 fnGround=0 omega=0.04 | ftGround=0N target=0.0 limit=823Nm motorNm=0 tyreNm=0 inertia=1.82 limRot=0/0/0 omegaPre=0.04 posN=0/-0/0 susp=-0.0010 springN=2
INFO 2026-07-27 15:27:12.649 joltshadow - docs §70.1: slipdense (player) f=480 w=3 grounded=0 kappa=0.000 fnGround=0 omega=0.04 | ftGround=0N target=0.0 limit=823Nm motorNm=0 tyreNm=0 inertia=1.82 limRot=0/0/0 omegaPre=0.04 posN=0/-0/0 susp=-0.0003 springN=2
INFO 2026-07-27 15:27:12.649 joltshadow - docs §78: attdense (player) f=480 joltTilt=0.69 odeTilt=1.09 upDelta=0.40 wBody=(0.04,0.00,0.00) |w|=0.04 grounded=0
INFO 2026-07-27 15:27:12.649 joltshadow - Shadow divergence (player): pos=2.465m vel=0.860m/s angle=0.4deg (jolt com=[4668.5 260.4 1251.9] ode com=[4668.5 258.0 1251.5])
INFO 2026-07-27 15:27:12.649 joltshadow - docs §23.6: driver input (player) realThrottle=10.00 brake=0.01 handBrake=1 steerRad=0.000
INFO 2026-07-27 15:27:12.649 joltshadow - docs §32: Jolt SHADOW chassis pitch (player) forward=(-0.223, 0.012, -0.975)
INFO 2026-07-27 15:27:12.649 joltshadow - docs §69: tilt (player) jolt=0.7 deg ode=1.1 deg delta=-0.4 deg upDelta=0.40 deg
INFO 2026-07-27 15:27:12.649 joltshadow - docs §32.4: Jolt SHADOW chassis lowest corner (player) = (4667.80,259.04,1255.38) clearanceToGround=1.042
INFO 2026-07-27 15:27:12.649 joltshadow - docs §23.5: wheel state (player) wheel=0 contact=0 suspLen=1.050 (range 0.050-1.050, 0% compressed) angVel=0.00
INFO 2026-07-27 15:27:12.649 joltshadow - docs §38.11: wheel=0 NO contact, worldAxle=(0.975,0.000,-0.223)
INFO 2026-07-27 15:27:12.649 joltshadow - docs §32: no-contact raycast (player) wheel=0 bodyPos=(4668.46,259.67,1251.58) localMPos=(-1.155,0.060,2.270) origin=(4669.08,259.75,1249.11) dir=(-0.002,-1.000,-0.012) normalRayLen=1.679 groundFoundAt=0.000 shortfallBeyondTravel=-1.679 hitBody=8391030 hitLayer=1 hitMotion=2 hitIsSelfChassis=0
INFO 2026-07-27 15:27:12.649 joltshadow - docs §23.5: wheel state (player) wheel=1 contact=0 suspLen=1.050 (range 0.050-1.050, 0% compressed) angVel=0.00
INFO 2026-07-27 15:27:12.649 joltshadow - docs §38.11: wheel=1 NO contact, worldAxle=(0.975,0.000,-0.223)
INFO 2026-07-27 15:27:12.650 joltshadow - docs §32: no-contact raycast (player) wheel=1 bodyPos=(4668.46,259.67,1251.58) localMPos=(1.155,0.059,2.270) origin=(4666.83,259.75,1249.62) dir=(-0.002,-1.000,-0.012) normalRayLen=1.679 groundFoundAt=0.000 shortfallBeyondTravel=-1.679 hitBody=8391030 hitLayer=1 hitMotion=2 hitIsSelfChassis=0
INFO 2026-07-27 15:27:12.650 joltshadow - docs §23.5: wheel state (player) wheel=2 contact=0 suspLen=1.050 (range 0.050-1.050, 0% compressed) angVel=0.00
INFO 2026-07-27 15:27:12.650 joltshadow - docs §38.11: wheel=2 NO contact, worldAxle=(0.975,0.000,-0.223)
INFO 2026-07-27 15:27:12.650 joltshadow - docs §32: no-contact raycast (player) wheel=2 bodyPos=(4668.46,259.67,1251.58) localMPos=(-1.253,0.145,-2.062) origin=(4670.14,259.79,1253.31) dir=(-0.002,-1.000,-0.012) normalRayLen=1.685 groundFoundAt=0.000 shortfallBeyondTravel=-1.685 hitBody=8391030 hitLayer=1 hitMotion=2 hitIsSelfChassis=0
INFO 2026-07-27 15:27:12.650 joltshadow - docs §23.5: wheel state (player) wheel=3 contact=0 suspLen=1.050 (range 0.050-1.050, 0% compressed) angVel=0.00
INFO 2026-07-27 15:27:12.650 joltshadow - docs §38.11: wheel=3 NO contact, worldAxle=(0.975,0.000,-0.223)
INFO 2026-07-27 15:27:12.650 joltshadow - docs §32: no-contact raycast (player) wheel=3 bodyPos=(4668.46,259.67,1251.58) localMPos=(1.253,0.146,-2.062) origin=(4667.69,259.79,1253.87) dir=(-0.002,-1.000,-0.012) normalRayLen=1.685 groundFoundAt=0.000 shortfallBeyondTravel=-1.685 hitBody=8391030 hitLayer=1 hitMotion=2 hitIsSelfChassis=0
INFO 2026-07-27 15:27:12.650 joltshadow - docs §59/63: harvest (player) wheelsWithContact=0 contactPoints=0 overflow=0 (of 4) | maxNormalF=0N bound(k_t*tau)=0N ratio=0.00
INFO 2026-07-27 15:27:12.650 joltshadow - docs §58: wheel body (player) w=0 springF=-0N stopF=0N travel=-0.0000 (limits -0.5000..0.5000 rel spawn) kSusp=6000 sagPredicted=-0.0000 | frameTrav=-0.0000..-0.0000 frameStopN=0
INFO 2026-07-27 15:27:12.650 joltshadow - docs §66: tyre band (player) w=0 fnGround=0N fnTotal=0N pen=0.00000 penRaw=0.00000 tau=0.01000 pen/tau=0.00 | recs tyre=0 rim=0 survived=0 stale=0 distMax=0.00R
INFO 2026-07-27 15:27:12.650 joltshadow - docs §68: steer (player) w=0 steerable=1 commanded=0.000 rad measured=0.000 rad err=0.00 deg steerSign=-1 steerTq=0Nm cap=815Nm sat=0.00
INFO 2026-07-27 15:27:12.650 joltshadow - docs §70: slip (player) w=0 grounded=0 kappa=0.000 fnGround=0N omega=0.04
INFO 2026-07-27 15:27:12.650 joltshadow - docs §67: spin (player) w=0 driven=1 omega=0.04 rad/s surfaceSpeed=0.02 m/s spinSign=+1 motorTq=0Nm cmdTq=815Nm
INFO 2026-07-27 15:27:12.650 joltshadow - docs §58: wheel body (player) w=1 springF=0N stopF=0N travel=0.0006 (limits -0.5000..0.5000 rel spawn) kSusp=6000 sagPredicted=0.0000 | frameTrav=0.0006..0.0006 frameStopN=0
INFO 2026-07-27 15:27:12.651 joltshadow - docs §66: tyre band (player) w=1 fnGround=0N fnTotal=0N pen=0.00000 penRaw=0.00000 tau=0.01000 pen/tau=0.00 | recs tyre=0 rim=0 survived=0 stale=0 distMax=0.00R
INFO 2026-07-27 15:27:12.651 joltshadow - docs §68: steer (player) w=1 steerable=1 commanded=0.000 rad measured=0.000 rad err=0.00 deg steerSign=-1 steerTq=0Nm cap=815Nm sat=0.00
INFO 2026-07-27 15:27:12.651 joltshadow - docs §70: slip (player) w=1 grounded=0 kappa=0.000 fnGround=0N omega=0.04
INFO 2026-07-27 15:27:12.651 joltshadow - docs §67: spin (player) w=1 driven=1 omega=0.04 rad/s surfaceSpeed=0.02 m/s spinSign=+1 motorTq=0Nm cmdTq=815Nm
INFO 2026-07-27 15:27:12.651 joltshadow - docs §58: wheel body (player) w=2 springF=2N stopF=0N travel=-0.0010 (limits -0.5000..0.5000 rel spawn) kSusp=6000 sagPredicted=0.0004 | frameTrav=-0.0010..-0.0010 frameStopN=0
INFO 2026-07-27 15:27:12.651 joltshadow - docs §66: tyre band (player) w=2 fnGround=0N fnTotal=0N pen=0.00000 penRaw=0.00000 tau=0.01000 pen/tau=0.00 | recs tyre=0 rim=0 survived=0 stale=0 distMax=0.00R
INFO 2026-07-27 15:27:12.651 joltshadow - docs §68: steer (player) w=2 steerable=0 commanded=0.000 rad measured=0.000 rad err=0.00 deg steerSign=-1 steerTq=0Nm cap=340282346638528859811704183484516925440Nm sat=0.00
INFO 2026-07-27 15:27:12.651 joltshadow - docs §70: slip (player) w=2 grounded=0 kappa=0.000 fnGround=0N omega=0.04
INFO 2026-07-27 15:27:12.651 joltshadow - docs §67: spin (player) w=2 driven=1 omega=0.04 rad/s surfaceSpeed=0.02 m/s spinSign=+1 motorTq=0Nm cmdTq=823Nm
INFO 2026-07-27 15:27:12.651 joltshadow - docs §58: wheel body (player) w=3 springF=2N stopF=0N travel=-0.0003 (limits -0.5000..0.5000 rel spawn) kSusp=6000 sagPredicted=0.0004 | frameTrav=-0.0003..-0.0002 frameStopN=0
INFO 2026-07-27 15:27:12.651 joltshadow - docs §66: tyre band (player) w=3 fnGround=0N fnTotal=0N pen=0.00000 penRaw=0.00000 tau=0.01000 pen/tau=0.00 | recs tyre=0 rim=0 survived=0 stale=0 distMax=0.00R
INFO 2026-07-27 15:27:12.651 joltshadow - docs §68: steer (player) w=3 steerable=0 commanded=0.000 rad measured=0.000 rad err=0.00 deg steerSign=-1 steerTq=0Nm cap=340282346638528859811704183484516925440Nm sat=0.00
INFO 2026-07-27 15:27:12.651 joltshadow - docs §70: slip (player) w=3 grounded=0 kappa=0.000 fnGround=0N omega=0.04
INFO 2026-07-27 15:27:12.651 joltshadow - docs §67: spin (player) w=3 driven=1 omega=0.04 rad/s surfaceSpeed=0.02 m/s spinSign=+1 motorTq=0Nm cmdTq=823Nm
INFO 2026-07-27 15:27:12.651 joltshadow - docs §67: drivetrain (player) gear=0 rpm=8 driveTorque=600Nm perWheel=150Nm driven=4 throttle=1.00 spin=1 | PRE-STEP brake=0.01 handBrake=1
INFO 2026-07-27 15:27:12.652 joltshadow - docs §66: tyre band SUM (player) fnGroundSum=0N fnTotalSum=0N weight=942N carried=0.00 | penSum=0.00000 recs tyre=0 rim=0 stale=0
INFO 2026-07-27 15:27:12.652 joltshadow - docs §30: REAL ODE chassis COM (player) body=54C8BDB0 = (4668.454, 257.992, 1251.496) forward=(-0.223, 0.019, -0.975)
INFO 2026-07-27 15:27:12.652 joltshadow - docs §33: real ODE chassis geom (player) #1 = class 0 (not a transform) pos=(4668.454,257.992,1251.496) radius=4.500
INFO 2026-07-27 15:27:12.652 joltshadow - docs §33: real ODE chassis geom (player) #2 = transform, inner class=1 pos=(0.000,1.095,-0.495)
INFO 2026-07-27 15:27:12.652 joltshadow - docs §33: real ODE chassis geom (player) #3 = transform, inner class=1 pos=(0.353,3.466,0.718)
INFO 2026-07-27 15:27:12.652 joltshadow - docs §33: real ODE chassis geom (player) #4 = transform, inner class=1 pos=(0.000,1.818,1.842)
INFO 2026-07-27 15:27:12.652 joltshadow - docs §33: real ODE chassis geom (player) #5 = transform, inner class=1 pos=(0.006,1.981,-2.113)
INFO 2026-07-27 15:27:12.652 joltshadow - docs §33: real ODE chassis geom (player) #6 = class 0 (not a transform) pos=(4668.454,257.992,1251.496) radius=30.000
INFO 2026-07-27 15:27:12.652 joltshadow - docs §33: real ODE chassis geom (player) #7 = class 0 (not a transform) pos=(4668.454,257.992,1251.496) radius=6.436
INFO 2026-07-27 15:27:12.652 joltshadow - docs §33: real ODE chassis geom (player) #8 = class 0 (not a transform) pos=(4668.454,257.992,1251.496) radius=200.000
INFO 2026-07-27 15:27:12.652 joltshadow - docs §33: real ODE chassis (player) has 8 total geom(s) directly attached (4 transform(s)) - compare against BuildChassisCompoundShape's own part/geom count in the build log
INFO 2026-07-27 15:27:12.652 joltshadow - docs §28: REAL ODE wheel state (player) wheel=0 displacement=0.0242 range=1.000 (2% compressed, signed) foreAft=2.270 localZ=2.270 cfm=0.002500 erp=0.2500
INFO 2026-07-27 15:27:12.652 joltshadow - docs §28: REAL ODE wheel state (player) wheel=1 displacement=0.0247 range=1.000 (2% compressed, signed) foreAft=2.270 localZ=2.270 cfm=0.002500 erp=0.2500
INFO 2026-07-27 15:27:12.652 joltshadow - docs §28: REAL ODE wheel state (player) wheel=2 displacement=0.0268 range=1.000 (3% compressed, signed) foreAft=-2.062 localZ=-2.062 cfm=0.002500 erp=0.2500
INFO 2026-07-27 15:27:12.652 joltshadow - docs §28: REAL ODE wheel state (player) wheel=3 displacement=0.0264 range=1.000 (3% compressed, signed) foreAft=-2.062 localZ=-2.062 cfm=0.002500 erp=0.2500
INFO 2026-07-27 15:27:12.698 joltshadow - docs §70.1: slipdense (player) f=484 w=0 grounded=0 kappa=0.000 fnGround=0 omega=0.04 | ftGround=0N target=0.0 limit=815Nm motorNm=0 tyreNm=0 inertia=1.78 limRot=0/-0/0 omegaPre=0.04 posN=-0/0/0 susp=0.0001 springN=0
INFO 2026-07-27 15:27:12.698 joltshadow - docs §70.1: slipdense (player) f=484 w=1 grounded=0 kappa=0.000 fnGround=0 omega=0.04 | ftGround=0N target=0.0 limit=815Nm motorNm=0 tyreNm=0 inertia=1.78 limRot=0/-0/0 omegaPre=0.04 posN=-0/0/0 susp=0.0008 springN=-0
INFO 2026-07-27 15:27:12.699 joltshadow - docs §70.1: slipdense (player) f=484 w=2 grounded=0 kappa=0.000 fnGround=0 omega=0.04 | ftGround=0N target=0.0 limit=823Nm motorNm=0 tyreNm=0 inertia=1.82 limRot=0/-0/-0 omegaPre=0.04 posN=-0/0/0 susp=-0.0009 springN=0
INFO 2026-07-27 15:27:12.699 joltshadow - docs §70.1: slipdense (player) f=484 w=3 grounded=0 kappa=0.000 fnGround=0 omega=0.04 | ftGround=0N target=0.0 limit=823Nm motorNm=0 tyreNm=0 inertia=1.82 limRot=0/-0/-0 omegaPre=0.04 posN=-0/0/0 susp=-0.0001 springN=0
INFO 2026-07-27 15:27:12.699 joltshadow - docs §78: attdense (player) f=484 joltTilt=0.59 odeTilt=1.09 upDelta=0.50 wBody=(0.04,0.00,0.00) |w|=0.04 grounded=0
INFO 2026-07-27 15:27:12.749 joltshadow - docs §70.1: slipdense (player) f=488 w=0 grounded=0 kappa=0.000 fnGround=0 omega=0.04 | ftGround=0N target=0.0 limit=815Nm motorNm=-0 tyreNm=0 inertia=1.78 limRot=0/-0/0 omegaPre=0.04 posN=-0/0/0 susp=0.0000 springN=0
INFO 2026-07-27 15:27:12.749 joltshadow - docs §70.1: slipdense (player) f=488 w=1 grounded=0 kappa=0.000 fnGround=0 omega=0.04 | ftGround=0N target=0.0 limit=815Nm motorNm=-0 tyreNm=0 inertia=1.78 limRot=0/-0/0 omegaPre=0.04 posN=-0/0/0 susp=0.0007 springN=0
INFO 2026-07-27 15:27:12.750 joltshadow - docs §70.1: slipdense (player) f=488 w=2 grounded=0 kappa=0.000 fnGround=0 omega=0.04 | ftGround=0N target=0.0 limit=823Nm motorNm=-0 tyreNm=0 inertia=1.82 limRot=0/-0/-0 omegaPre=0.04 posN=-0/0/0 susp=-0.0007 springN=-1
INFO 2026-07-27 15:27:12.750 joltshadow - docs §70.1: slipdense (player) f=488 w=3 grounded=0 kappa=0.000 fnGround=0 omega=0.04 | ftGround=0N target=0.0 limit=823Nm motorNm=-0 tyreNm=0 inertia=1.82 limRot=0/-0/-0 omegaPre=0.04 posN=-0/0/0 susp=0.0002 springN=-1
INFO 2026-07-27 15:27:12.750 joltshadow - docs §78: attdense (player) f=488 joltTilt=0.48 odeTilt=1.09 upDelta=0.61 wBody=(0.04,0.00,0.00) |w|=0.04 grounded=0
INFO 2026-07-27 15:27:12.750 joltshadow - docs §82: resync (player) #12 dt=0.51s upMax=0.608 deg posMax=1.211 m odeTiltPath=0.012 deg gain=-1.0000
INFO 2026-07-27 15:27:12.750 joltshadow - docs §87: resync landing (player) w=0 pre=0.5805 post=-0.0095 m R=0.629 dY=-1.2065 dRotDeg=0.61 |corr|=1.2097 m
INFO 2026-07-27 15:27:12.750 joltshadow - docs §87: resync landing (player) w=1 pre=0.5806 post=-0.0091 m R=0.629 dY=-1.2065 dRotDeg=0.61 |corr|=1.2097 m
INFO 2026-07-27 15:27:12.750 joltshadow - docs §87: resync landing (player) w=2 pre=0.5478 post=-0.0097 m R=0.635 dY=-1.2065 dRotDeg=0.61 |corr|=1.2097 m
INFO 2026-07-27 15:27:12.750 joltshadow - docs §87: resync landing (player) w=3 pre=0.5479 post=-0.0092 m R=0.635 dY=-1.2065 dRotDeg=0.61 |corr|=1.2097 m
INFO 2026-07-27 15:27:12.750 joltshadow - docs §82: resync RESIDUAL (player) #12 pos=0.0000 m up=0.0000 deg
INFO 2026-07-27 15:27:12.761 joltshadow - [jolt_profile] ode_step_avg_ms=0.24 jolt_total_avg_ms=1.31 | physics_update_avg_ms=1.07 wheelmodel_avg_ms=0.01 mirror_avg_ms=0.06 applyvehicle_avg_ms=0.00 applyvehicle_calls_per_frame=0.00 | contact_pairs_per_frame=30.3 contact_points_per_frame=30.3 active_bodies_per_frame=18.8 substeps_per_frame=3.19 | frames=510
INFO 2026-07-27 15:27:12.763 testharness - perf: fps=101.9 avg_frame_ms=9.813 min_ms=5.532 max_ms=257.234 frames=510 window=5.0s
INFO 2026-07-27 15:27:12.798 joltshadow - docs §70.1: slipdense (player) f=492 w=0 grounded=1 kappa=-0.137 fnGround=1200 omega=-0.16 | ftGround=-112N target=0.0 limit=3020Nm motorNm=-65 tyreNm=67 inertia=1.78 limRot=0/-1/0 omegaPre=-0.17 posN=-1/72/0 susp=-0.3973 springN=1022
INFO 2026-07-27 15:27:12.798 joltshadow - docs §70.1: slipdense (player) f=492 w=1 grounded=1 kappa=-0.137 fnGround=1200 omega=-0.16 | ftGround=-112N target=0.0 limit=3020Nm motorNm=-64 tyreNm=67 inertia=1.78 limRot=0/-1/0 omegaPre=-0.17 posN=-1/71/0 susp=-0.3979 springN=1029
INFO 2026-07-27 15:27:12.798 joltshadow - docs §70.1: slipdense (player) f=492 w=2 grounded=1 kappa=-0.113 fnGround=1200 omega=-0.16 | ftGround=-92N target=0.0 limit=3049Nm motorNm=-53 tyreNm=55 inertia=1.82 limRot=0/-1/-0 omegaPre=-0.17 posN=-1/41/0 susp=-0.4727 springN=1667
INFO 2026-07-27 15:27:12.799 joltshadow - docs §70.1: slipdense (player) f=492 w=3 grounded=1 kappa=-0.112 fnGround=1200 omega=-0.16 | ftGround=-92N target=0.0 limit=3049Nm motorNm=-53 tyreNm=55 inertia=1.82 limRot=0/-1/-0 omegaPre=-0.17 posN=-1/40/0 susp=-0.4734 springN=1675
INFO 2026-07-27 15:27:12.799 joltshadow - docs §78: attdense (player) f=492 joltTilt=1.06 odeTilt=1.09 upDelta=0.03 wBody=(-0.16,0.00,-0.01) |w|=0.16 grounded=4
INFO 2026-07-27 15:27:12.847 joltshadow - docs §70.1: slipdense (player) f=496 w=0 grounded=1 kappa=0.092 fnGround=0 omega=-0.05 | ftGround=0N target=0.0 limit=897Nm motorNm=6 tyreNm=0 inertia=1.78 limRot=0/0/0 omegaPre=-0.09 posN=0/-8/0 susp=-0.1788 springN=-146
INFO 2026-07-27 15:27:12.847 joltshadow - docs §70.1: slipdense (player) f=496 w=1 grounded=1 kappa=0.091 fnGround=0 omega=-0.05 | ftGround=0N target=0.0 limit=923Nm motorNm=6 tyreNm=0 inertia=1.78 limRot=0/0/0 omegaPre=-0.09 posN=0/-8/0 susp=-0.1820 springN=-131
INFO 2026-07-27 15:27:12.847 joltshadow - docs §70.1: slipdense (player) f=496 w=2 grounded=1 kappa=0.088 fnGround=582 omega=-0.05 | ftGround=66N target=0.0 limit=2142Nm motorNm=46 tyreNm=-41 inertia=1.82 limRot=0/2/-0 omegaPre=-0.09 posN=4/-85/0 susp=-0.2602 springN=317
INFO 2026-07-27 15:27:12.848 joltshadow - docs §70.1: slipdense (player) f=496 w=3 grounded=1 kappa=0.087 fnGround=596 omega=-0.05 | ftGround=66N target=0.0 limit=2171Nm motorNm=46 tyreNm=-40 inertia=1.82 limRot=0/2/-0 omegaPre=-0.09 posN=4/-85/0 susp=-0.2637 springN=333
INFO 2026-07-27 15:27:12.848 joltshadow - docs §78: attdense (player) f=496 joltTilt=1.37 odeTilt=1.09 upDelta=0.28 wBody=(-0.05,0.00,0.00) |w|=0.05 grounded=4
INFO 2026-07-27 15:27:12.895 joltshadow - docs §70.1: slipdense (player) f=500 w=0 grounded=0 kappa=0.000 fnGround=0 omega=0.05 | ftGround=0N target=0.0 limit=815Nm motorNm=2 tyreNm=0 inertia=1.78 limRot=0/0/0 omegaPre=0.04 posN=1/-8/0 susp=-0.0379 springN=-294
INFO 2026-07-27 15:27:12.895 joltshadow - docs §70.1: slipdense (player) f=500 w=1 grounded=0 kappa=0.000 fnGround=0 omega=0.05 | ftGround=0N target=0.0 limit=815Nm motorNm=2 tyreNm=0 inertia=1.78 limRot=0/0/0 omegaPre=0.04 posN=1/-8/0 susp=-0.0414 springN=-295
INFO 2026-07-27 15:27:12.895 joltshadow - docs §70.1: slipdense (player) f=500 w=2 grounded=0 kappa=0.000 fnGround=0 omega=0.05 | ftGround=0N target=0.0 limit=823Nm motorNm=2 tyreNm=0 inertia=1.82 limRot=0/0/0 omegaPre=0.04 posN=1/-9/0 susp=-0.0875 springN=-317
INFO 2026-07-27 15:27:12.895 joltshadow - docs §70.1: slipdense (player) f=500 w=3 grounded=0 kappa=0.000 fnGround=0 omega=0.05 | ftGround=0N target=0.0 limit=823Nm motorNm=2 tyreNm=0 inertia=1.82 limRot=0/0/0 omegaPre=0.04 posN=1/-9/0 susp=-0.0919 springN=-311
INFO 2026-07-27 15:27:12.895 joltshadow - docs §78: attdense (player) f=500 joltTilt=1.33 odeTilt=1.09 upDelta=0.27 wBody=(0.05,-0.00,0.01) |w|=0.06 grounded=0
INFO 2026-07-27 15:27:12.939 joltshadow - docs §70.1: slipdense (player) f=504 w=0 grounded=0 kappa=0.000 fnGround=0 omega=0.06 | ftGround=0N target=0.0 limit=815Nm motorNm=-1 tyreNm=0 inertia=1.78 limRot=0/-0/0 omegaPre=0.06 posN=-1/2/0 susp=0.0011 springN=-110
INFO 2026-07-27 15:27:12.939 joltshadow - docs §70.1: slipdense (player) f=504 w=1 grounded=0 kappa=0.000 fnGround=0 omega=0.06 | ftGround=0N target=0.0 limit=815Nm motorNm=-1 tyreNm=0 inertia=1.78 limRot=0/-0/0 omegaPre=0.06 posN=-1/2/0 susp=-0.0001 springN=-116
INFO 2026-07-27 15:27:12.939 joltshadow - docs §70.1: slipdense (player) f=504 w=2 grounded=0 kappa=0.000 fnGround=0 omega=0.06 | ftGround=0N target=0.0 limit=823Nm motorNm=-1 tyreNm=0 inertia=1.82 limRot=0/-0/-0 omegaPre=0.06 posN=-1/2/0 susp=-0.0104 springN=-223
INFO 2026-07-27 15:27:12.939 joltshadow - docs §70.1: slipdense (player) f=504 w=3 grounded=0 kappa=0.000 fnGround=0 omega=0.06 | ftGround=0N target=0.0 limit=823Nm motorNm=-1 tyreNm=0 inertia=1.82 limRot=0/-0/-0 omegaPre=0.06 posN=-1/2/0 susp=-0.0122 springN=-229
INFO 2026-07-27 15:27:12.939 joltshadow - docs §78: attdense (player) f=504 joltTilt=1.18 odeTilt=1.09 upDelta=0.15 wBody=(0.06,-0.00,0.01) |w|=0.06 grounded=0
INFO 2026-07-27 15:27:12.982 joltshadow - docs §70.1: slipdense (player) f=508 w=0 grounded=0 kappa=0.000 fnGround=0 omega=0.04 | ftGround=0N target=0.0 limit=815Nm motorNm=-1 tyreNm=0 inertia=1.78 limRot=0/-0/0 omegaPre=0.05 posN=-1/3/0 susp=0.0042 springN=-15
INFO 2026-07-27 15:27:12.982 joltshadow - docs §70.1: slipdense (player) f=508 w=1 grounded=0 kappa=0.000 fnGround=0 omega=0.04 | ftGround=0N target=0.0 limit=815Nm motorNm=-1 tyreNm=0 inertia=1.78 limRot=0/-0/0 omegaPre=0.05 posN=-1/3/0 susp=0.0046 springN=-20
INFO 2026-07-27 15:27:12.982 joltshadow - docs §70.1: slipdense (player) f=508 w=2 grounded=0 kappa=0.000 fnGround=0 omega=0.04 | ftGround=0N target=0.0 limit=823Nm motorNm=-1 tyreNm=0 inertia=1.82 limRot=0/-0/-0 omegaPre=0.05 posN=-1/3/0 susp=0.0075 springN=-73
INFO 2026-07-27 15:27:12.982 joltshadow - docs §70.1: slipdense (player) f=508 w=3 grounded=0 kappa=0.000 fnGround=0 omega=0.04 | ftGround=0N target=0.0 limit=823Nm motorNm=-1 tyreNm=0 inertia=1.82 limRot=0/-0/-0 omegaPre=0.05 posN=-1/2/0 susp=0.0076 springN=-79
INFO 2026-07-27 15:27:12.982 joltshadow - docs §78: attdense (player) f=508 joltTilt=1.05 odeTilt=1.09 upDelta=0.10 wBody=(0.04,-0.00,0.00) |w|=0.04 grounded=0
INFO 2026-07-27 15:27:13.030 joltshadow - docs §70.1: slipdense (player) f=512 w=0 grounded=0 kappa=0.000 fnGround=0 omega=0.03 | ftGround=0N target=0.0 limit=815Nm motorNm=-0 tyreNm=0 inertia=1.78 limRot=0/-0/0 omegaPre=0.04 posN=-0/1/0 susp=0.0013 springN=6
INFO 2026-07-27 15:27:13.031 joltshadow - docs §70.1: slipdense (player) f=512 w=1 grounded=0 kappa=0.000 fnGround=0 omega=0.03 | ftGround=0N target=0.0 limit=815Nm motorNm=-0 tyreNm=0 inertia=1.78 limRot=0/-0/0 omegaPre=0.04 posN=-0/1/0 susp=0.0022 springN=4
INFO 2026-07-27 15:27:13.031 joltshadow - docs §70.1: slipdense (player) f=512 w=2 grounded=0 kappa=0.000 fnGround=0 omega=0.03 | ftGround=0N target=0.0 limit=823Nm motorNm=-0 tyreNm=0 inertia=1.82 limRot=0/-0/-0 omegaPre=0.04 posN=-0/1/0 susp=0.0050 springN=-1
INFO 2026-07-27 15:27:13.031 joltshadow - docs §70.1: slipdense (player) f=512 w=3 grounded=0 kappa=0.000 fnGround=0 omega=0.03 | ftGround=0N target=0.0 limit=823Nm motorNm=-0 tyreNm=0 inertia=1.82 limRot=0/-0/-0 omegaPre=0.04 posN=-0/1/0 susp=0.0058 springN=-3
INFO 2026-07-27 15:27:13.031 joltshadow - docs §78: attdense (player) f=512 joltTilt=0.95 odeTilt=1.08 upDelta=0.16 wBody=(0.03,-0.00,0.00) |w|=0.03 grounded=0
INFO 2026-07-27 15:27:13.075 joltshadow - docs §70.1: slipdense (player) f=516 w=0 grounded=0 kappa=0.000 fnGround=0 omega=0.03 | ftGround=0N target=0.0 limit=815Nm motorNm=0 tyreNm=0 inertia=1.78 limRot=0/-0/0 omegaPre=0.03 posN=-0/-0/0 susp=0.0001 springN=3
INFO 2026-07-27 15:27:13.075 joltshadow - docs §70.1: slipdense (player) f=516 w=1 grounded=0 kappa=0.000 fnGround=0 omega=0.03 | ftGround=0N target=0.0 limit=815Nm motorNm=0 tyreNm=0 inertia=1.78 limRot=0/-0/0 omegaPre=0.03 posN=-0/-0/0 susp=0.0010 springN=3
INFO 2026-07-27 15:27:13.075 joltshadow - docs §70.1: slipdense (player) f=516 w=2 grounded=0 kappa=0.000 fnGround=0 omega=0.03 | ftGround=0N target=0.0 limit=823Nm motorNm=0 tyreNm=0 inertia=1.82 limRot=0/-0/-0 omegaPre=0.03 posN=-0/-0/0 susp=0.0009 springN=10
INFO 2026-07-27 15:27:13.075 joltshadow - docs §70.1: slipdense (player) f=516 w=3 grounded=0 kappa=0.000 fnGround=0 omega=0.03 | ftGround=0N target=0.0 limit=823Nm motorNm=0 tyreNm=0 inertia=1.82 limRot=0/-0/-0 omegaPre=0.03 posN=-0/-0/0 susp=0.0018 springN=9
INFO 2026-07-27 15:27:13.075 joltshadow - docs §78: attdense (player) f=516 joltTilt=0.87 odeTilt=1.08 upDelta=0.23 wBody=(0.03,-0.00,0.00) |w|=0.03 grounded=0
INFO 2026-07-27 15:27:13.123 joltshadow - docs §70.1: slipdense (player) f=520 w=0 grounded=0 kappa=0.000 fnGround=0 omega=0.04 | ftGround=0N target=0.0 limit=815Nm motorNm=0 tyreNm=0 inertia=1.78 limRot=0/0/0 omegaPre=0.04 posN=0/-0/0 susp=-0.0000 springN=1
INFO 2026-07-27 15:27:13.124 joltshadow - docs §70.1: slipdense (player) f=520 w=1 grounded=0 kappa=0.000 fnGround=0 omega=0.04 | ftGround=0N target=0.0 limit=815Nm motorNm=0 tyreNm=0 inertia=1.78 limRot=0/0/0 omegaPre=0.04 posN=0/-0/0 susp=0.0008 springN=1
INFO 2026-07-27 15:27:13.124 joltshadow - docs §70.1: slipdense (player) f=520 w=2 grounded=0 kappa=0.000 fnGround=0 omega=0.04 | ftGround=0N target=0.0 limit=823Nm motorNm=0 tyreNm=0 inertia=1.82 limRot=0/0/-0 omegaPre=0.04 posN=0/-0/0 susp=-0.0009 springN=5
INFO 2026-07-27 15:27:13.124 joltshadow - docs §70.1: slipdense (player) f=520 w=3 grounded=0 kappa=0.000 fnGround=0 omega=0.04 | ftGround=0N target=0.0 limit=823Nm motorNm=0 tyreNm=0 inertia=1.82 limRot=0/0/-0 omegaPre=0.04 posN=0/-0/0 susp=0.0000 springN=5
INFO 2026-07-27 15:27:13.124 joltshadow - docs §78: attdense (player) f=520 joltTilt=0.78 odeTilt=1.08 upDelta=0.31 wBody=(0.04,-0.00,0.00) |w|=0.04 grounded=0
INFO 2026-07-27 15:27:13.163 joltshadow - docs §70.1: slipdense (player) f=524 w=0 grounded=0 kappa=0.000 fnGround=0 omega=0.04 | ftGround=0N target=0.0 limit=815Nm motorNm=-0 tyreNm=0 inertia=1.78 limRot=0/-0/0 omegaPre=0.04 posN=-0/0/0 susp=-0.0003 springN=1
INFO 2026-07-27 15:27:13.164 joltshadow - docs §70.1: slipdense (player) f=524 w=1 grounded=0 kappa=0.000 fnGround=0 omega=0.04 | ftGround=0N target=0.0 limit=815Nm motorNm=-0 tyreNm=0 inertia=1.78 limRot=0/-0/0 omegaPre=0.04 posN=-0/0/0 susp=0.0006 springN=1
INFO 2026-07-27 15:27:13.164 joltshadow - docs §70.1: slipdense (player) f=524 w=2 grounded=0 kappa=0.000 fnGround=0 omega=0.04 | ftGround=0N target=0.0 limit=823Nm motorNm=-0 tyreNm=0 inertia=1.82 limRot=0/-0/-0 omegaPre=0.04 posN=-0/0/0 susp=-0.0010 springN=1
INFO 2026-07-27 15:27:13.164 joltshadow - docs §70.1: slipdense (player) f=524 w=3 grounded=0 kappa=0.000 fnGround=0 omega=0.04 | ftGround=0N target=0.0 limit=823Nm motorNm=-0 tyreNm=0 inertia=1.82 limRot=0/-0/-0 omegaPre=0.04 posN=-0/0/0 susp=-0.0000 springN=1
INFO 2026-07-27 15:27:13.164 joltshadow - docs §78: attdense (player) f=524 joltTilt=0.70 odeTilt=1.09 upDelta=0.39 wBody=(0.04,-0.00,0.00) |w|=0.04 grounded=0
INFO 2026-07-27 15:27:13.202 joltshadow - docs §70.1: slipdense (player) f=528 w=0 grounded=0 kappa=0.000 fnGround=0 omega=0.04 | ftGround=0N target=0.0 limit=815Nm motorNm=-0 tyreNm=0 inertia=1.78 limRot=0/-0/0 omegaPre=0.04 posN=-0/0/0 susp=-0.0003 springN=0
INFO 2026-07-27 15:27:13.202 joltshadow - docs §70.1: slipdense (player) f=528 w=1 grounded=0 kappa=0.000 fnGround=0 omega=0.04 | ftGround=0N target=0.0 limit=815Nm motorNm=-0 tyreNm=0 inertia=1.78 limRot=0/-0/0 omegaPre=0.04 posN=-0/0/0 susp=0.0006 springN=0
INFO 2026-07-27 15:27:13.202 joltshadow - docs §70.1: slipdense (player) f=528 w=2 grounded=0 kappa=0.000 fnGround=0 omega=0.04 | ftGround=0N target=0.0 limit=823Nm motorNm=-0 tyreNm=0 inertia=1.82 limRot=0/-0/-0 omegaPre=0.04 posN=-0/0/0 susp=-0.0009 springN=0
INFO 2026-07-27 15:27:13.203 joltshadow - docs §70.1: slipdense (player) f=528 w=3 grounded=0 kappa=0.000 fnGround=0 omega=0.04 | ftGround=0N target=0.0 limit=823Nm motorNm=-0 tyreNm=0 inertia=1.82 limRot=0/-0/-0 omegaPre=0.04 posN=-0/0/0 susp=0.0001 springN=-0
INFO 2026-07-27 15:27:13.203 joltshadow - docs §78: attdense (player) f=528 joltTilt=0.62 odeTilt=1.09 upDelta=0.46 wBody=(0.04,-0.00,0.00) |w|=0.04 grounded=0
INFO 2026-07-27 15:27:13.241 joltshadow - docs §70.1: slipdense (player) f=532 w=0 grounded=0 kappa=0.000 fnGround=0 omega=0.04 | ftGround=0N target=0.0 limit=815Nm motorNm=-0 tyreNm=0 inertia=1.78 limRot=0/-0/0 omegaPre=0.04 posN=-0/0/0 susp=-0.0002 springN=-0
INFO 2026-07-27 15:27:13.241 joltshadow - docs §70.1: slipdense (player) f=532 w=1 grounded=0 kappa=0.000 fnGround=0 omega=0.04 | ftGround=0N target=0.0 limit=815Nm motorNm=-0 tyreNm=0 inertia=1.78 limRot=0/-0/0 omegaPre=0.04 posN=-0/0/0 susp=0.0007 springN=-0
INFO 2026-07-27 15:27:13.241 joltshadow - docs §70.1: slipdense (player) f=532 w=2 grounded=0 kappa=0.000 fnGround=0 omega=0.04 | ftGround=0N target=0.0 limit=823Nm motorNm=-0 tyreNm=0 inertia=1.82 limRot=0/-0/-0 omegaPre=0.04 posN=-0/0/0 susp=-0.0007 springN=-0
INFO 2026-07-27 15:27:13.241 joltshadow - docs §70.1: slipdense (player) f=532 w=3 grounded=0 kappa=0.000 fnGround=0 omega=0.04 | ftGround=0N target=0.0 limit=823Nm motorNm=-0 tyreNm=0 inertia=1.82 limRot=0/-0/-0 omegaPre=0.04 posN=-0/0/0 susp=0.0002 springN=-0
INFO 2026-07-27 15:27:13.241 joltshadow - docs §78: attdense (player) f=532 joltTilt=0.55 odeTilt=1.09 upDelta=0.54 wBody=(0.04,-0.00,0.00) |w|=0.04 grounded=0
INFO 2026-07-27 15:27:13.251 joltshadow - docs §82: resync (player) #13 dt=0.50s upMax=0.557 deg posMax=1.211 m odeTiltPath=0.017 deg gain=-1.0000
INFO 2026-07-27 15:27:13.251 joltshadow - docs §87: resync landing (player) w=0 pre=0.5899 post=-0.0095 m R=0.629 dY=-1.2061 dRotDeg=0.56 |corr|=1.2095 m
INFO 2026-07-27 15:27:13.252 joltshadow - docs §87: resync landing (player) w=1 pre=0.5896 post=-0.0091 m R=0.629 dY=-1.2061 dRotDeg=0.56 |corr|=1.2095 m
INFO 2026-07-27 15:27:13.252 joltshadow - docs §87: resync landing (player) w=2 pre=0.5536 post=-0.0096 m R=0.635 dY=-1.2061 dRotDeg=0.56 |corr|=1.2095 m
INFO 2026-07-27 15:27:13.252 joltshadow - docs §87: resync landing (player) w=3 pre=0.5534 post=-0.0092 m R=0.635 dY=-1.2061 dRotDeg=0.56 |corr|=1.2095 m
INFO 2026-07-27 15:27:13.252 joltshadow - docs §82: resync RESIDUAL (player) #13 pos=0.0000 m up=0.0000 deg
INFO 2026-07-27 15:27:13.288 joltshadow - docs §70.1: slipdense (player) f=536 w=0 grounded=1 kappa=-0.204 fnGround=1200 omega=-0.16 | ftGround=-153N target=0.0 limit=3020Nm motorNm=-92 tyreNm=91 inertia=1.78 limRot=0/-1/0 omegaPre=-0.14 posN=-2/106/0 susp=-0.4457 springN=1486
INFO 2026-07-27 15:27:13.288 joltshadow - docs §70.1: slipdense (player) f=536 w=1 grounded=1 kappa=-0.203 fnGround=1200 omega=-0.16 | ftGround=-153N target=0.0 limit=3020Nm motorNm=-92 tyreNm=91 inertia=1.78 limRot=0/-1/0 omegaPre=-0.14 posN=-2/105/0 susp=-0.4460 springN=1491
INFO 2026-07-27 15:27:13.288 joltshadow - docs §70.1: slipdense (player) f=536 w=2 grounded=1 kappa=-0.183 fnGround=1200 omega=-0.16 | ftGround=-137N target=0.0 limit=3049Nm motorNm=-82 tyreNm=81 inertia=1.82 limRot=0/-1/-0 omegaPre=-0.14 posN=-2/78/0 susp=-0.5061 springN=2037
INFO 2026-07-27 15:27:13.288 joltshadow - docs §70.1: slipdense (player) f=536 w=3 grounded=1 kappa=-0.182 fnGround=1200 omega=-0.16 | ftGround=-137N target=0.0 limit=3048Nm motorNm=-81 tyreNm=80 inertia=1.82 limRot=0/-1/0 omegaPre=-0.14 posN=-2/78/0 susp=-0.5064 springN=2043
INFO 2026-07-27 15:27:13.289 joltshadow - docs §78: attdense (player) f=536 joltTilt=0.96 odeTilt=1.08 upDelta=0.12 wBody=(-0.16,0.00,-0.01) |w|=0.16 grounded=4
INFO 2026-07-27 15:27:13.334 joltshadow - docs §70.1: slipdense (player) f=540 w=0 grounded=1 kappa=0.032 fnGround=416 omega=-0.09 | ftGround=21N target=0.0 limit=1636Nm motorNm=17 tyreNm=-13 inertia=1.78 limRot=0/1/0 omegaPre=-0.11 posN=1/-31/0 susp=-0.2392 springN=141
INFO 2026-07-27 15:27:13.334 joltshadow - docs §70.1: slipdense (player) f=540 w=1 grounded=1 kappa=0.032 fnGround=426 omega=-0.09 | ftGround=21N target=0.0 limit=1656Nm motorNm=17 tyreNm=-13 inertia=1.78 limRot=0/1/0 omegaPre=-0.11 posN=1/-31/0 susp=-0.2416 springN=153
INFO 2026-07-27 15:27:13.334 joltshadow - docs §70.1: slipdense (player) f=540 w=2 grounded=1 kappa=0.030 fnGround=902 omega=-0.09 | ftGround=20N target=0.0 limit=2842Nm motorNm=17 tyreNm=-12 inertia=1.82 limRot=0/1/0 omegaPre=-0.11 posN=1/-38/0 susp=-0.3221 springN=616
INFO 2026-07-27 15:27:13.335 joltshadow - docs §70.1: slipdense (player) f=540 w=3 grounded=1 kappa=0.030 fnGround=913 omega=-0.09 | ftGround=20N target=0.0 limit=2859Nm motorNm=16 tyreNm=-12 inertia=1.82 limRot=0/1/0 omegaPre=-0.11 posN=1/-38/0 susp=-0.3248 springN=628
INFO 2026-07-27 15:27:13.335 joltshadow - docs §78: attdense (player) f=540 joltTilt=1.31 odeTilt=1.08 upDelta=0.23 wBody=(-0.09,-0.00,-0.00) |w|=0.09 grounded=4
INFO 2026-07-27 15:27:13.335 joltshadow - Shadow divergence (player): pos=1.630m vel=4.952m/s angle=0.2deg (jolt com=[4668.5 259.6 1251.9] ode com=[4668.5 258.0 1251.5])
INFO 2026-07-27 15:27:13.335 joltshadow - docs §23.6: driver input (player) realThrottle=-10.00 brake=0.01 handBrake=1 steerRad=0.000
INFO 2026-07-27 15:27:13.335 joltshadow - docs §32: Jolt SHADOW chassis pitch (player) forward=(-0.223, 0.023, -0.975)
INFO 2026-07-27 15:27:13.335 joltshadow - docs §69: tilt (player) jolt=1.3 deg ode=1.1 deg delta=+0.2 deg upDelta=0.23 deg
INFO 2026-07-27 15:27:13.335 joltshadow - docs §32.4: Jolt SHADOW chassis lowest corner (player) = (4667.79,258.16,1255.31) clearanceToGround=0.163
INFO 2026-07-27 15:27:13.335 joltshadow - docs §23.5: wheel state (player) wheel=0 contact=0 suspLen=1.050 (range 0.050-1.050, 0% compressed) angVel=0.00
INFO 2026-07-27 15:27:13.335 joltshadow - docs §38.11: wheel=0 NO contact, worldAxle=(0.975,0.001,-0.223)
INFO 2026-07-27 15:27:13.335 joltshadow - docs §32: no-contact raycast (player) wheel=0 bodyPos=(4668.46,258.83,1251.52) localMPos=(-1.155,0.060,2.270) origin=(4669.08,258.94,1249.05) dir=(-0.004,-1.000,-0.022) normalRayLen=1.679 groundFoundAt=0.000 shortfallBeyondTravel=-1.679 hitBody=8391031 hitLayer=4 hitMotion=2 hitIsSelfChassis=0
INFO 2026-07-27 15:27:13.335 joltshadow - docs §23.5: wheel state (player) wheel=1 contact=0 suspLen=1.050 (range 0.050-1.050, 0% compressed) angVel=0.00
INFO 2026-07-27 15:27:13.335 joltshadow - docs §38.11: wheel=1 NO contact, worldAxle=(0.975,0.001,-0.223)
INFO 2026-07-27 15:27:13.336 joltshadow - docs §32: no-contact raycast (player) wheel=1 bodyPos=(4668.46,258.83,1251.52) localMPos=(1.155,0.059,2.270) origin=(4666.83,258.94,1249.56) dir=(-0.004,-1.000,-0.022) normalRayLen=1.679 groundFoundAt=0.000 shortfallBeyondTravel=-1.679 hitBody=8391032 hitLayer=4 hitMotion=2 hitIsSelfChassis=0
INFO 2026-07-27 15:27:13.336 joltshadow - docs §23.5: wheel state (player) wheel=2 contact=0 suspLen=1.050 (range 0.050-1.050, 0% compressed) angVel=0.00
INFO 2026-07-27 15:27:13.336 joltshadow - docs §38.11: wheel=2 NO contact, worldAxle=(0.975,0.001,-0.223)
INFO 2026-07-27 15:27:13.336 joltshadow - docs §32: no-contact raycast (player) wheel=2 bodyPos=(4668.46,258.83,1251.52) localMPos=(-1.253,0.145,-2.062) origin=(4670.14,258.93,1253.25) dir=(-0.004,-1.000,-0.022) normalRayLen=1.685 groundFoundAt=0.000 shortfallBeyondTravel=-1.685 hitBody=8391033 hitLayer=4 hitMotion=2 hitIsSelfChassis=0
INFO 2026-07-27 15:27:13.336 joltshadow - docs §23.5: wheel state (player) wheel=3 contact=0 suspLen=1.050 (range 0.050-1.050, 0% compressed) angVel=0.00
INFO 2026-07-27 15:27:13.336 joltshadow - docs §38.11: wheel=3 NO contact, worldAxle=(0.975,0.001,-0.223)
INFO 2026-07-27 15:27:13.336 joltshadow - docs §32: no-contact raycast (player) wheel=3 bodyPos=(4668.46,258.83,1251.52) localMPos=(1.253,0.146,-2.062) origin=(4667.69,258.92,1253.81) dir=(-0.004,-1.000,-0.022) normalRayLen=1.685 groundFoundAt=0.000 shortfallBeyondTravel=-1.685 hitBody=8391034 hitLayer=4 hitMotion=2 hitIsSelfChassis=0
INFO 2026-07-27 15:27:13.336 joltshadow - docs §59/63: harvest (player) wheelsWithContact=4 contactPoints=8 overflow=0 (of 4) | maxNormalF=913N bound(k_t*tau)=1200N ratio=0.76
INFO 2026-07-27 15:27:13.336 joltshadow - docs §58: wheel body (player) w=0 springF=141N stopF=0N travel=-0.2392 (limits -0.5000..0.5000 rel spawn) kSusp=6000 sagPredicted=0.0235 | frameTrav=-0.2684..-0.2392 frameStopN=0
INFO 2026-07-27 15:27:13.336 joltshadow - docs §66: tyre band (player) w=0 fnGround=416N fnTotal=416N pen=0.01000 penRaw=0.01685 tau=0.01000 pen/tau=1.00 | recs tyre=1 rim=1 survived=1 stale=0 distMax=0.97R
INFO 2026-07-27 15:27:13.336 joltshadow - docs §68: steer (player) w=0 steerable=1 commanded=0.000 rad measured=0.000 rad err=0.00 deg steerSign=-1 steerTq=0Nm cap=1636Nm sat=0.00
INFO 2026-07-27 15:27:13.336 joltshadow - docs §70: slip (player) w=0 grounded=1 kappa=0.032 fnGround=416N omega=-0.09
INFO 2026-07-27 15:27:13.336 joltshadow - docs §67: spin (player) w=0 driven=1 omega=-0.09 rad/s surfaceSpeed=-0.06 m/s spinSign=+1 motorTq=17Nm cmdTq=1636Nm
INFO 2026-07-27 15:27:13.336 joltshadow - docs §58: wheel body (player) w=1 springF=153N stopF=0N travel=-0.2416 (limits -0.5000..0.5000 rel spawn) kSusp=6000 sagPredicted=0.0255 | frameTrav=-0.2704..-0.2416 frameStopN=0
INFO 2026-07-27 15:27:13.336 joltshadow - docs §66: tyre band (player) w=1 fnGround=426N fnTotal=426N pen=0.01000 penRaw=0.01703 tau=0.01000 pen/tau=1.00 | recs tyre=1 rim=1 survived=1 stale=0 distMax=0.97R
INFO 2026-07-27 15:27:13.336 joltshadow - docs §68: steer (player) w=1 steerable=1 commanded=0.000 rad measured=0.000 rad err=0.00 deg steerSign=-1 steerTq=0Nm cap=1656Nm sat=0.00
INFO 2026-07-27 15:27:13.337 joltshadow - docs §70: slip (player) w=1 grounded=1 kappa=0.032 fnGround=426N omega=-0.09
INFO 2026-07-27 15:27:13.337 joltshadow - docs §67: spin (player) w=1 driven=1 omega=-0.09 rad/s surfaceSpeed=-0.06 m/s spinSign=+1 motorTq=17Nm cmdTq=1656Nm
INFO 2026-07-27 15:27:13.337 joltshadow - docs §58: wheel body (player) w=2 springF=616N stopF=0N travel=-0.3221 (limits -0.5000..0.5000 rel spawn) kSusp=6000 sagPredicted=0.1026 | frameTrav=-0.3518..-0.3221 frameStopN=0
INFO 2026-07-27 15:27:13.337 joltshadow - docs §66: tyre band (player) w=2 fnGround=902N fnTotal=903N pen=0.01000 penRaw=0.02770 tau=0.01000 pen/tau=1.00 | recs tyre=1 rim=1 survived=1 stale=0 distMax=0.96R
INFO 2026-07-27 15:27:13.337 joltshadow - docs §68: steer (player) w=2 steerable=0 commanded=0.000 rad measured=0.000 rad err=0.00 deg steerSign=-1 steerTq=0Nm cap=340282346638528859811704183484516925440Nm sat=0.00
INFO 2026-07-27 15:27:13.337 joltshadow - docs §70: slip (player) w=2 grounded=1 kappa=0.030 fnGround=902N omega=-0.09
INFO 2026-07-27 15:27:13.337 joltshadow - docs §67: spin (player) w=2 driven=1 omega=-0.09 rad/s surfaceSpeed=-0.06 m/s spinSign=+1 motorTq=17Nm cmdTq=2842Nm
INFO 2026-07-27 15:27:13.337 joltshadow - docs §58: wheel body (player) w=3 springF=628N stopF=0N travel=-0.3248 (limits -0.5000..0.5000 rel spawn) kSusp=6000 sagPredicted=0.1047 | frameTrav=-0.3540..-0.3248 frameStopN=0
INFO 2026-07-27 15:27:13.337 joltshadow - docs §66: tyre band (player) w=3 fnGround=913N fnTotal=913N pen=0.01000 penRaw=0.02780 tau=0.01000 pen/tau=1.00 | recs tyre=1 rim=1 survived=1 stale=0 distMax=0.96R
INFO 2026-07-27 15:27:13.337 joltshadow - docs §68: steer (player) w=3 steerable=0 commanded=0.000 rad measured=0.000 rad err=0.00 deg steerSign=-1 steerTq=0Nm cap=340282346638528859811704183484516925440Nm sat=0.00
INFO 2026-07-27 15:27:13.337 joltshadow - docs §70: slip (player) w=3 grounded=1 kappa=0.030 fnGround=913N omega=-0.09
INFO 2026-07-27 15:27:13.337 joltshadow - docs §67: spin (player) w=3 driven=1 omega=-0.09 rad/s surfaceSpeed=-0.06 m/s spinSign=+1 motorTq=16Nm cmdTq=2859Nm
INFO 2026-07-27 15:27:13.337 joltshadow - docs §67: drivetrain (player) gear=0 rpm=23 driveTorque=600Nm perWheel=150Nm driven=4 throttle=-1.00 spin=1 | PRE-STEP brake=0.01 handBrake=1
INFO 2026-07-27 15:27:13.337 joltshadow - docs §66: tyre band SUM (player) fnGroundSum=2657N fnTotalSum=2659N weight=942N carried=2.82 | penSum=0.04000 recs tyre=4 rim=4 stale=0
INFO 2026-07-27 15:27:13.337 joltshadow - docs §30: REAL ODE chassis COM (player) body=54C8BDB0 = (4668.454, 257.993, 1251.496) forward=(-0.223, 0.019, -0.975)
INFO 2026-07-27 15:27:13.337 joltshadow - docs §33: real ODE chassis geom (player) #1 = class 0 (not a transform) pos=(4668.454,257.993,1251.496) radius=4.500
INFO 2026-07-27 15:27:13.337 joltshadow - docs §33: real ODE chassis geom (player) #2 = transform, inner class=1 pos=(0.000,1.095,-0.495)
INFO 2026-07-27 15:27:13.337 joltshadow - docs §33: real ODE chassis geom (player) #3 = transform, inner class=1 pos=(0.353,3.466,0.718)
INFO 2026-07-27 15:27:13.337 joltshadow - docs §33: real ODE chassis geom (player) #4 = transform, inner class=1 pos=(0.000,1.818,1.842)
INFO 2026-07-27 15:27:13.338 joltshadow - docs §33: real ODE chassis geom (player) #5 = transform, inner class=1 pos=(0.006,1.981,-2.113)
INFO 2026-07-27 15:27:13.338 joltshadow - docs §33: real ODE chassis geom (player) #6 = class 0 (not a transform) pos=(4668.454,257.993,1251.496) radius=30.000
INFO 2026-07-27 15:27:13.338 joltshadow - docs §33: real ODE chassis geom (player) #7 = class 0 (not a transform) pos=(4668.454,257.993,1251.496) radius=6.436
INFO 2026-07-27 15:27:13.338 joltshadow - docs §33: real ODE chassis geom (player) #8 = class 0 (not a transform) pos=(4668.454,257.993,1251.496) radius=200.000
INFO 2026-07-27 15:27:13.338 joltshadow - docs §33: real ODE chassis (player) has 8 total geom(s) directly attached (4 transform(s)) - compare against BuildChassisCompoundShape's own part/geom count in the build log
INFO 2026-07-27 15:27:13.338 joltshadow - docs §28: REAL ODE wheel state (player) wheel=0 displacement=0.0240 range=1.000 (2% compressed, signed) foreAft=2.270 localZ=2.270 cfm=0.002500 erp=0.2500
INFO 2026-07-27 15:27:13.338 joltshadow - docs §28: REAL ODE wheel state (player) wheel=1 displacement=0.0244 range=1.000 (2% compressed, signed) foreAft=2.270 localZ=2.270 cfm=0.002500 erp=0.2500
INFO 2026-07-27 15:27:13.338 joltshadow - docs §28: REAL ODE wheel state (player) wheel=2 displacement=0.0264 range=1.000 (3% compressed, signed) foreAft=-2.062 localZ=-2.062 cfm=0.002500 erp=0.2500
INFO 2026-07-27 15:27:13.338 joltshadow - docs §28: REAL ODE wheel state (player) wheel=3 displacement=0.0260 range=1.000 (3% compressed, signed) foreAft=-2.062 localZ=-2.062 cfm=0.002500 erp=0.2500
INFO 2026-07-27 15:27:13.384 joltshadow - docs §70.1: slipdense (player) f=544 w=0 grounded=0 kappa=0.000 fnGround=0 omega=0.05 | ftGround=0N target=0.0 limit=815Nm motorNm=3 tyreNm=0 inertia=1.78 limRot=0/0/0 omegaPre=0.02 posN=1/-14/0 susp=-0.0611 springN=-330
INFO 2026-07-27 15:27:13.385 joltshadow - docs §70.1: slipdense (player) f=544 w=1 grounded=0 kappa=0.000 fnGround=0 omega=0.05 | ftGround=0N target=0.0 limit=815Nm motorNm=3 tyreNm=0 inertia=1.78 limRot=0/0/0 omegaPre=0.02 posN=1/-14/0 susp=-0.0645 springN=-328
INFO 2026-07-27 15:27:13.385 joltshadow - docs §70.1: slipdense (player) f=544 w=2 grounded=0 kappa=0.000 fnGround=0 omega=0.05 | ftGround=0N target=0.0 limit=823Nm motorNm=3 tyreNm=0 inertia=1.82 limRot=0/0/0 omegaPre=0.02 posN=1/-13/0 susp=-0.1223 springN=-261
INFO 2026-07-27 15:27:13.385 joltshadow - docs §70.1: slipdense (player) f=544 w=3 grounded=0 kappa=0.000 fnGround=0 omega=0.05 | ftGround=0N target=0.0 limit=823Nm motorNm=3 tyreNm=0 inertia=1.82 limRot=0/0/0 omegaPre=0.02 posN=1/-13/0 susp=-0.1270 springN=-250
INFO 2026-07-27 15:27:13.385 joltshadow - docs §78: attdense (player) f=544 joltTilt=1.35 odeTilt=1.09 upDelta=0.29 wBody=(0.05,0.00,0.01) |w|=0.05 grounded=0
INFO 2026-07-27 15:27:13.432 joltshadow - docs §70.1: slipdense (player) f=548 w=0 grounded=0 kappa=0.000 fnGround=0 omega=0.06 | ftGround=0N target=0.0 limit=815Nm motorNm=-0 tyreNm=0 inertia=1.78 limRot=0/-0/0 omegaPre=0.07 posN=-1/2/0 susp=-0.0028 springN=-140
INFO 2026-07-27 15:27:13.432 joltshadow - docs §70.1: slipdense (player) f=548 w=1 grounded=0 kappa=0.000 fnGround=0 omega=0.06 | ftGround=0N target=0.0 limit=815Nm motorNm=-0 tyreNm=0 inertia=1.78 limRot=0/-0/0 omegaPre=0.07 posN=-0/1/0 susp=-0.0040 springN=-146
INFO 2026-07-27 15:27:13.432 joltshadow - docs §70.1: slipdense (player) f=548 w=2 grounded=0 kappa=0.000 fnGround=0 omega=0.06 | ftGround=0N target=0.0 limit=823Nm motorNm=-0 tyreNm=0 inertia=1.82 limRot=0/-0/-0 omegaPre=0.07 posN=-0/1/0 susp=-0.0193 springN=-257
INFO 2026-07-27 15:27:13.432 joltshadow - docs §70.1: slipdense (player) f=548 w=3 grounded=0 kappa=0.000 fnGround=0 omega=0.06 | ftGround=0N target=0.0 limit=823Nm motorNm=-0 tyreNm=0 inertia=1.82 limRot=0/-0/-0 omegaPre=0.07 posN=-0/1/0 susp=-0.0213 springN=-262
INFO 2026-07-27 15:27:13.432 joltshadow - docs §78: attdense (player) f=548 joltTilt=1.18 odeTilt=1.09 upDelta=0.14 wBody=(0.06,0.00,0.01) |w|=0.06 grounded=0
INFO 2026-07-27 15:27:13.481 joltshadow - docs §70.1: slipdense (player) f=552 w=0 grounded=0 kappa=0.000 fnGround=0 omega=0.05 | ftGround=0N target=0.0 limit=815Nm motorNm=-1 tyreNm=0 inertia=1.78 limRot=0/-0/0 omegaPre=0.05 posN=-1/3/0 susp=0.0043 springN=-20
INFO 2026-07-27 15:27:13.481 joltshadow - docs §70.1: slipdense (player) f=552 w=1 grounded=0 kappa=0.000 fnGround=0 omega=0.05 | ftGround=0N target=0.0 limit=815Nm motorNm=-1 tyreNm=0 inertia=1.78 limRot=0/-0/0 omegaPre=0.05 posN=-1/2/0 susp=0.0048 springN=-24
INFO 2026-07-27 15:27:13.481 joltshadow - docs §70.1: slipdense (player) f=552 w=2 grounded=0 kappa=0.000 fnGround=0 omega=0.05 | ftGround=0N target=0.0 limit=823Nm motorNm=-1 tyreNm=0 inertia=1.82 limRot=0/-0/-0 omegaPre=0.05 posN=-1/2/0 susp=0.0070 springN=-79
INFO 2026-07-27 15:27:13.481 joltshadow - docs §70.1: slipdense (player) f=552 w=3 grounded=0 kappa=0.000 fnGround=0 omega=0.05 | ftGround=0N target=0.0 limit=823Nm motorNm=-1 tyreNm=0 inertia=1.82 limRot=0/-0/-0 omegaPre=0.05 posN=-1/2/0 susp=0.0074 springN=-85
INFO 2026-07-27 15:27:13.481 joltshadow - docs §78: attdense (player) f=552 joltTilt=1.01 odeTilt=1.09 upDelta=0.12 wBody=(0.05,0.00,0.00) |w|=0.05 grounded=0
INFO 2026-07-27 15:27:13.528 joltshadow - docs §70.1: slipdense (player) f=556 w=0 grounded=0 kappa=0.000 fnGround=0 omega=0.04 | ftGround=0N target=0.0 limit=815Nm motorNm=-0 tyreNm=0 inertia=1.78 limRot=0/-0/0 omegaPre=0.04 posN=-0/1/0 susp=0.0013 springN=6
INFO 2026-07-27 15:27:13.528 joltshadow - docs §70.1: slipdense (player) f=556 w=1 grounded=0 kappa=0.000 fnGround=0 omega=0.04 | ftGround=0N target=0.0 limit=815Nm motorNm=-0 tyreNm=0 inertia=1.78 limRot=0/-0/0 omegaPre=0.04 posN=-0/1/0 susp=0.0024 springN=4
INFO 2026-07-27 15:27:13.528 joltshadow - docs §70.1: slipdense (player) f=556 w=2 grounded=0 kappa=0.000 fnGround=0 omega=0.04 | ftGround=0N target=0.0 limit=823Nm motorNm=-0 tyreNm=0 inertia=1.82 limRot=0/-0/-0 omegaPre=0.04 posN=-0/1/0 susp=0.0053 springN=-4
INFO 2026-07-27 15:27:13.528 joltshadow - docs §70.1: slipdense (player) f=556 w=3 grounded=0 kappa=0.000 fnGround=0 omega=0.04 | ftGround=0N target=0.0 limit=823Nm motorNm=-0 tyreNm=0 inertia=1.82 limRot=0/-0/-0 omegaPre=0.04 posN=-0/1/0 susp=0.0065 springN=-7
INFO 2026-07-27 15:27:13.528 joltshadow - docs §78: attdense (player) f=556 joltTilt=0.90 odeTilt=1.09 upDelta=0.21 wBody=(0.04,0.00,0.00) |w|=0.04 grounded=0
INFO 2026-07-27 15:27:13.577 joltshadow - docs §70.1: slipdense (player) f=560 w=0 grounded=0 kappa=0.000 fnGround=0 omega=0.04 | ftGround=0N target=0.0 limit=815Nm motorNm=0 tyreNm=0 inertia=1.78 limRot=0/-0/0 omegaPre=0.04 posN=-0/-0/0 susp=-0.0003 springN=4
INFO 2026-07-27 15:27:13.577 joltshadow - docs §70.1: slipdense (player) f=560 w=1 grounded=0 kappa=0.000 fnGround=0 omega=0.04 | ftGround=0N target=0.0 limit=815Nm motorNm=0 tyreNm=0 inertia=1.78 limRot=0/-0/0 omegaPre=0.04 posN=-0/-0/0 susp=0.0008 springN=4
INFO 2026-07-27 15:27:13.577 joltshadow - docs §70.1: slipdense (player) f=560 w=2 grounded=0 kappa=0.000 fnGround=0 omega=0.04 | ftGround=0N target=0.0 limit=823Nm motorNm=0 tyreNm=0 inertia=1.82 limRot=0/-0/-0 omegaPre=0.04 posN=-0/-0/0 susp=0.0009 springN=10
INFO 2026-07-27 15:27:13.577 joltshadow - docs §70.1: slipdense (player) f=560 w=3 grounded=0 kappa=0.000 fnGround=0 omega=0.04 | ftGround=0N target=0.0 limit=823Nm motorNm=0 tyreNm=0 inertia=1.82 limRot=0/-0/-0 omegaPre=0.04 posN=-0/-0/0 susp=0.0022 springN=9
INFO 2026-07-27 15:27:13.577 joltshadow - docs §78: attdense (player) f=560 joltTilt=0.79 odeTilt=1.09 upDelta=0.31 wBody=(0.04,0.00,-0.00) |w|=0.04 grounded=0
INFO 2026-07-27 15:27:13.623 joltshadow - docs §70.1: slipdense (player) f=564 w=0 grounded=0 kappa=0.000 fnGround=0 omega=0.04 | ftGround=0N target=0.0 limit=815Nm motorNm=0 tyreNm=0 inertia=1.78 limRot=0/0/0 omegaPre=0.04 posN=0/-0/0 susp=-0.0007 springN=1
INFO 2026-07-27 15:27:13.623 joltshadow - docs §70.1: slipdense (player) f=564 w=1 grounded=0 kappa=0.000 fnGround=0 omega=0.04 | ftGround=0N target=0.0 limit=815Nm motorNm=0 tyreNm=0 inertia=1.78 limRot=0/0/0 omegaPre=0.04 posN=0/-0/0 susp=0.0004 springN=1
INFO 2026-07-27 15:27:13.623 joltshadow - docs §70.1: slipdense (player) f=564 w=2 grounded=0 kappa=0.000 fnGround=0 omega=0.04 | ftGround=0N target=0.0 limit=823Nm motorNm=0 tyreNm=0 inertia=1.82 limRot=0/0/-0 omegaPre=0.04 posN=0/-0/0 susp=-0.0006 springN=5
INFO 2026-07-27 15:27:13.623 joltshadow - docs §70.1: slipdense (player) f=564 w=3 grounded=0 kappa=0.000 fnGround=0 omega=0.04 | ftGround=0N target=0.0 limit=823Nm motorNm=0 tyreNm=0 inertia=1.82 limRot=0/0/-0 omegaPre=0.04 posN=0/-0/0 susp=0.0006 springN=5
INFO 2026-07-27 15:27:13.623 joltshadow - docs §78: attdense (player) f=564 joltTilt=0.68 odeTilt=1.09 upDelta=0.41 wBody=(0.04,0.00,-0.00) |w|=0.04 grounded=0
INFO 2026-07-27 15:27:13.668 joltshadow - docs §70.1: slipdense (player) f=568 w=0 grounded=0 kappa=0.000 fnGround=0 omega=0.04 | ftGround=0N target=0.0 limit=815Nm motorNm=-0 tyreNm=0 inertia=1.78 limRot=0/-0/0 omegaPre=0.04 posN=-0/0/0 susp=-0.0009 springN=1
INFO 2026-07-27 15:27:13.668 joltshadow - docs §70.1: slipdense (player) f=568 w=1 grounded=0 kappa=0.000 fnGround=0 omega=0.04 | ftGround=0N target=0.0 limit=815Nm motorNm=-0 tyreNm=0 inertia=1.78 limRot=0/-0/0 omegaPre=0.04 posN=-0/0/0 susp=0.0003 springN=1
INFO 2026-07-27 15:27:13.668 joltshadow - docs §70.1: slipdense (player) f=568 w=2 grounded=0 kappa=0.000 fnGround=0 omega=0.04 | ftGround=0N target=0.0 limit=823Nm motorNm=-0 tyreNm=0 inertia=1.82 limRot=0/-0/-0 omegaPre=0.04 posN=-0/0/0 susp=-0.0008 springN=1
INFO 2026-07-27 15:27:13.668 joltshadow - docs §70.1: slipdense (player) f=568 w=3 grounded=0 kappa=0.000 fnGround=0 omega=0.04 | ftGround=0N target=0.0 limit=823Nm motorNm=-0 tyreNm=0 inertia=1.82 limRot=0/-0/-0 omegaPre=0.04 posN=-0/0/0 susp=0.0005 springN=1
INFO 2026-07-27 15:27:13.668 joltshadow - docs §78: attdense (player) f=568 joltTilt=0.58 odeTilt=1.09 upDelta=0.51 wBody=(0.04,0.00,-0.00) |w|=0.04 grounded=0
INFO 2026-07-27 15:27:13.706 joltshadow - docs §70.1: slipdense (player) f=572 w=0 grounded=0 kappa=0.000 fnGround=0 omega=0.04 | ftGround=0N target=0.0 limit=815Nm motorNm=0 tyreNm=0 inertia=1.78 limRot=0/-0/0 omegaPre=0.04 posN=-0/-0/0 susp=-0.0007 springN=-0
INFO 2026-07-27 15:27:13.706 joltshadow - docs §70.1: slipdense (player) f=572 w=1 grounded=0 kappa=0.000 fnGround=0 omega=0.04 | ftGround=0N target=0.0 limit=815Nm motorNm=0 tyreNm=0 inertia=1.78 limRot=0/-0/0 omegaPre=0.04 posN=-0/0/0 susp=0.0005 springN=-0
INFO 2026-07-27 15:27:13.706 joltshadow - docs §70.1: slipdense (player) f=572 w=2 grounded=0 kappa=0.000 fnGround=0 omega=0.04 | ftGround=0N target=0.0 limit=823Nm motorNm=0 tyreNm=0 inertia=1.82 limRot=0/-0/-0 omegaPre=0.04 posN=-0/0/0 susp=-0.0006 springN=0
INFO 2026-07-27 15:27:13.706 joltshadow - docs §70.1: slipdense (player) f=572 w=3 grounded=0 kappa=0.000 fnGround=0 omega=0.04 | ftGround=0N target=0.0 limit=823Nm motorNm=0 tyreNm=0 inertia=1.82 limRot=0/-0/-0 omegaPre=0.04 posN=-0/0/0 susp=0.0006 springN=-0
INFO 2026-07-27 15:27:13.706 joltshadow - docs §78: attdense (player) f=572 joltTilt=0.49 odeTilt=1.09 upDelta=0.60 wBody=(0.04,0.00,-0.00) |w|=0.04 grounded=0
INFO 2026-07-27 15:27:13.747 joltshadow - docs §70.1: slipdense (player) f=576 w=0 grounded=0 kappa=0.000 fnGround=0 omega=0.04 | ftGround=0N target=0.0 limit=815Nm motorNm=-0 tyreNm=0 inertia=1.78 limRot=0/0/0 omegaPre=0.04 posN=0/0/0 susp=-0.0008 springN=0
INFO 2026-07-27 15:27:13.748 joltshadow - docs §70.1: slipdense (player) f=576 w=1 grounded=0 kappa=0.000 fnGround=0 omega=0.04 | ftGround=0N target=0.0 limit=815Nm motorNm=-0 tyreNm=0 inertia=1.78 limRot=0/0/0 omegaPre=0.04 posN=-0/0/0 susp=0.0004 springN=0
INFO 2026-07-27 15:27:13.748 joltshadow - docs §70.1: slipdense (player) f=576 w=2 grounded=0 kappa=0.000 fnGround=0 omega=0.04 | ftGround=0N target=0.0 limit=823Nm motorNm=-0 tyreNm=0 inertia=1.82 limRot=0/0/0 omegaPre=0.04 posN=0/0/0 susp=-0.0006 springN=-0
INFO 2026-07-27 15:27:13.748 joltshadow - docs §70.1: slipdense (player) f=576 w=3 grounded=0 kappa=0.000 fnGround=0 omega=0.04 | ftGround=0N target=0.0 limit=823Nm motorNm=-0 tyreNm=0 inertia=1.82 limRot=0/0/0 omegaPre=0.04 posN=0/0/0 susp=0.0007 springN=-0
INFO 2026-07-27 15:27:13.748 joltshadow - docs §78: attdense (player) f=576 joltTilt=0.40 odeTilt=1.08 upDelta=0.69 wBody=(0.04,0.00,-0.00) |w|=0.04 grounded=0
INFO 2026-07-27 15:27:13.759 joltshadow - docs §82: resync (player) #14 dt=0.51s upMax=0.719 deg posMax=1.207 m odeTiltPath=0.018 deg gain=-1.0000
INFO 2026-07-27 15:27:13.759 joltshadow - docs §87: resync landing (player) w=0 pre=0.5768 post=-0.0095 m R=0.629 dY=-1.2003 dRotDeg=0.72 |corr|=1.2037 m
INFO 2026-07-27 15:27:13.759 joltshadow - docs §87: resync landing (player) w=1 pre=0.5776 post=-0.0091 m R=0.629 dY=-1.2003 dRotDeg=0.72 |corr|=1.2037 m
INFO 2026-07-27 15:27:13.759 joltshadow - docs §87: resync landing (player) w=2 pre=0.5521 post=-0.0096 m R=0.635 dY=-1.2003 dRotDeg=0.72 |corr|=1.2037 m
INFO 2026-07-27 15:27:13.759 joltshadow - docs §87: resync landing (player) w=3 pre=0.5529 post=-0.0092 m R=0.635 dY=-1.2003 dRotDeg=0.72 |corr|=1.2037 m
INFO 2026-07-27 15:27:13.759 joltshadow - docs §82: resync RESIDUAL (player) #14 pos=0.0000 m up=0.0000 deg
INFO 2026-07-27 15:27:13.795 joltshadow - docs §70.1: slipdense (player) f=580 w=0 grounded=1 kappa=-0.200 fnGround=1200 omega=-0.16 | ftGround=-161N target=0.0 limit=3020Nm motorNm=-97 tyreNm=96 inertia=1.78 limRot=0/-1/0 omegaPre=-0.13 posN=-2/112/0 susp=-0.4504 springN=1536
INFO 2026-07-27 15:27:13.796 joltshadow - docs §70.1: slipdense (player) f=580 w=1 grounded=1 kappa=-0.200 fnGround=1200 omega=-0.16 | ftGround=-160N target=0.0 limit=3020Nm motorNm=-97 tyreNm=96 inertia=1.78 limRot=0/-1/0 omegaPre=-0.13 posN=-2/111/0 susp=-0.4507 springN=1541
INFO 2026-07-27 15:27:13.796 joltshadow - docs §70.1: slipdense (player) f=580 w=2 grounded=1 kappa=-0.179 fnGround=1200 omega=-0.16 | ftGround=-144N target=0.0 limit=3049Nm motorNm=-86 tyreNm=84 inertia=1.82 limRot=0/-2/-0 omegaPre=-0.13 posN=-2/84/0 susp=-0.5083 springN=2075
INFO 2026-07-27 15:27:13.796 joltshadow - docs §70.1: slipdense (player) f=580 w=3 grounded=1 kappa=-0.179 fnGround=1200 omega=-0.16 | ftGround=-144N target=0.0 limit=3048Nm motorNm=-86 tyreNm=84 inertia=1.82 limRot=0/-2/-0 omegaPre=-0.13 posN=-2/83/0 susp=-0.5085 springN=2080
INFO 2026-07-27 15:27:13.796 joltshadow - docs §78: attdense (player) f=580 joltTilt=0.94 odeTilt=1.08 upDelta=0.14 wBody=(-0.16,0.00,-0.00) |w|=0.16 grounded=4
INFO 2026-07-27 15:27:13.844 joltshadow - docs §70.1: slipdense (player) f=584 w=0 grounded=1 kappa=0.040 fnGround=375 omega=-0.09 | ftGround=27N target=0.0 limit=1526Nm motorNm=21 tyreNm=-17 inertia=1.78 limRot=0/1/0 omegaPre=-0.11 posN=1/-35/0 susp=-0.2310 springN=105
INFO 2026-07-27 15:27:13.844 joltshadow - docs §70.1: slipdense (player) f=584 w=1 grounded=1 kappa=0.040 fnGround=385 omega=-0.09 | ftGround=27N target=0.0 limit=1546Nm motorNm=21 tyreNm=-17 inertia=1.78 limRot=0/1/0 omegaPre=-0.11 posN=1/-35/0 susp=-0.2335 springN=116
INFO 2026-07-27 15:27:13.845 joltshadow - docs §70.1: slipdense (player) f=584 w=2 grounded=1 kappa=0.038 fnGround=859 omega=-0.09 | ftGround=25N target=0.0 limit=2752Nm motorNm=20 tyreNm=-16 inertia=1.82 limRot=0/1/0 omegaPre=-0.11 posN=1/-42/0 susp=-0.3138 springN=575
INFO 2026-07-27 15:27:13.845 joltshadow - docs §70.1: slipdense (player) f=584 w=3 grounded=1 kappa=0.037 fnGround=870 omega=-0.09 | ftGround=25N target=0.0 limit=2771Nm motorNm=20 tyreNm=-16 inertia=1.82 limRot=0/1/0 omegaPre=-0.11 posN=1/-42/0 susp=-0.3165 springN=587
INFO 2026-07-27 15:27:13.845 joltshadow - docs §78: attdense (player) f=584 joltTilt=1.31 odeTilt=1.08 upDelta=0.24 wBody=(-0.09,-0.00,-0.00) |w|=0.09 grounded=4
INFO 2026-07-27 15:27:13.888 joltshadow - docs §70.1: slipdense (player) f=588 w=0 grounded=0 kappa=0.000 fnGround=0 omega=0.04 | ftGround=0N target=0.0 limit=815Nm motorNm=4 tyreNm=0 inertia=1.78 limRot=0/0/0 omegaPre=0.00 posN=1/-17/0 susp=-0.0737 springN=-336
INFO 2026-07-27 15:27:13.888 joltshadow - docs §70.1: slipdense (player) f=588 w=1 grounded=0 kappa=0.000 fnGround=0 omega=0.04 | ftGround=0N target=0.0 limit=815Nm motorNm=4 tyreNm=0 inertia=1.78 limRot=0/0/0 omegaPre=0.00 posN=1/-16/0 susp=-0.0771 springN=-334
INFO 2026-07-27 15:27:13.888 joltshadow - docs §70.1: slipdense (player) f=588 w=2 grounded=0 kappa=0.000 fnGround=0 omega=0.04 | ftGround=0N target=0.0 limit=823Nm motorNm=4 tyreNm=0 inertia=1.82 limRot=0/0/0 omegaPre=0.00 posN=1/-16/0 susp=-0.1399 springN=-210
INFO 2026-07-27 15:27:13.888 joltshadow - docs §70.1: slipdense (player) f=588 w=3 grounded=0 kappa=0.000 fnGround=0 omega=0.04 | ftGround=0N target=0.0 limit=823Nm motorNm=4 tyreNm=0 inertia=1.82 limRot=0/0/0 omegaPre=0.00 posN=1/-15/0 susp=-0.1446 springN=-195
INFO 2026-07-27 15:27:13.888 joltshadow - docs §78: attdense (player) f=588 joltTilt=1.36 odeTilt=1.09 upDelta=0.30 wBody=(0.04,0.00,0.01) |w|=0.04 grounded=0
INFO 2026-07-27 15:27:13.929 joltshadow - docs §70.1: slipdense (player) f=592 w=0 grounded=0 kappa=0.000 fnGround=0 omega=0.07 | ftGround=0N target=0.0 limit=815Nm motorNm=-0 tyreNm=0 inertia=1.78 limRot=0/-0/0 omegaPre=0.06 posN=-0/-0/0 susp=-0.0095 springN=-186
INFO 2026-07-27 15:27:13.929 joltshadow - docs §70.1: slipdense (player) f=592 w=1 grounded=0 kappa=0.000 fnGround=0 omega=0.07 | ftGround=0N target=0.0 limit=815Nm motorNm=-0 tyreNm=0 inertia=1.78 limRot=0/-0/0 omegaPre=0.06 posN=-0/-1/0 susp=-0.0115 springN=-191
INFO 2026-07-27 15:27:13.929 joltshadow - docs §70.1: slipdense (player) f=592 w=2 grounded=0 kappa=0.000 fnGround=0 omega=0.07 | ftGround=0N target=0.0 limit=823Nm motorNm=-0 tyreNm=0 inertia=1.82 limRot=0/-0/-0 omegaPre=0.06 posN=-0/-1/0 susp=-0.0349 springN=-295
INFO 2026-07-27 15:27:13.929 joltshadow - docs §70.1: slipdense (player) f=592 w=3 grounded=0 kappa=0.000 fnGround=0 omega=0.07 | ftGround=0N target=0.0 limit=823Nm motorNm=-0 tyreNm=0 inertia=1.82 limRot=0/-0/-0 omegaPre=0.06 posN=-0/-1/0 susp=-0.0380 springN=-297
INFO 2026-07-27 15:27:13.929 joltshadow - docs §78: attdense (player) f=592 joltTilt=1.23 odeTilt=1.09 upDelta=0.18 wBody=(0.07,0.00,0.01) |w|=0.07 grounded=0
INFO 2026-07-27 15:27:13.974 joltshadow - docs §70.1: slipdense (player) f=596 w=0 grounded=0 kappa=0.000 fnGround=0 omega=0.05 | ftGround=0N target=0.0 limit=815Nm motorNm=-1 tyreNm=0 inertia=1.78 limRot=0/-0/0 omegaPre=0.06 posN=-1/3/0 susp=0.0046 springN=-43
INFO 2026-07-27 15:27:13.974 joltshadow - docs §70.1: slipdense (player) f=596 w=1 grounded=0 kappa=0.000 fnGround=0 omega=0.05 | ftGround=0N target=0.0 limit=815Nm motorNm=-1 tyreNm=0 inertia=1.78 limRot=0/-0/0 omegaPre=0.06 posN=-1/3/0 susp=0.0044 springN=-48
INFO 2026-07-27 15:27:13.974 joltshadow - docs §70.1: slipdense (player) f=596 w=2 grounded=0 kappa=0.000 fnGround=0 omega=0.05 | ftGround=0N target=0.0 limit=823Nm motorNm=-1 tyreNm=0 inertia=1.82 limRot=0/-0/-0 omegaPre=0.06 posN=-1/3/0 susp=0.0043 springN=-126
INFO 2026-07-27 15:27:13.974 joltshadow - docs §70.1: slipdense (player) f=596 w=3 grounded=0 kappa=0.000 fnGround=0 omega=0.05 | ftGround=0N target=0.0 limit=823Nm motorNm=-1 tyreNm=0 inertia=1.82 limRot=0/-0/-0 omegaPre=0.06 posN=-1/3/0 susp=0.0038 springN=-132
INFO 2026-07-27 15:27:13.974 joltshadow - docs §78: attdense (player) f=596 joltTilt=1.07 odeTilt=1.09 upDelta=0.11 wBody=(0.05,0.00,0.01) |w|=0.05 grounded=0
INFO 2026-07-27 15:27:14.016 joltshadow - docs §70.1: slipdense (player) f=600 w=0 grounded=0 kappa=0.000 fnGround=0 omega=0.04 | ftGround=0N target=0.0 limit=815Nm motorNm=-0 tyreNm=0 inertia=1.78 limRot=0/-0/0 omegaPre=0.04 posN=-0/1/0 susp=0.0027 springN=1
INFO 2026-07-27 15:27:14.017 joltshadow - docs §70.1: slipdense (player) f=600 w=1 grounded=0 kappa=0.000 fnGround=0 omega=0.04 | ftGround=0N target=0.0 limit=815Nm motorNm=-0 tyreNm=0 inertia=1.78 limRot=0/-0/0 omegaPre=0.04 posN=-0/1/0 susp=0.0034 springN=-1
INFO 2026-07-27 15:27:14.017 joltshadow - docs §70.1: slipdense (player) f=600 w=2 grounded=0 kappa=0.000 fnGround=0 omega=0.04 | ftGround=0N target=0.0 limit=823Nm motorNm=-0 tyreNm=0 inertia=1.82 limRot=0/-0/-0 omegaPre=0.04 posN=-0/1/0 susp=0.0072 springN=-24
INFO 2026-07-27 15:27:14.017 joltshadow - docs §70.1: slipdense (player) f=600 w=3 grounded=0 kappa=0.000 fnGround=0 omega=0.04 | ftGround=0N target=0.0 limit=823Nm motorNm=-0 tyreNm=0 inertia=1.82 limRot=0/-0/-0 omegaPre=0.04 posN=-0/1/0 susp=0.0078 springN=-27
INFO 2026-07-27 15:27:14.017 joltshadow - docs §78: attdense (player) f=600 joltTilt=0.95 odeTilt=1.09 upDelta=0.16 wBody=(0.04,0.00,0.00) |w|=0.04 grounded=0
INFO 2026-07-27 15:27:14.017 joltshadow - Shadow divergence (player): pos=2.243m vel=2.243m/s angle=0.2deg (jolt com=[4668.5 260.2 1251.9] ode com=[4668.5 258.0 1251.5])
INFO 2026-07-27 15:27:14.017 joltshadow - docs §23.6: driver input (player) realThrottle=-10.00 brake=0.01 handBrake=1 steerRad=0.000
INFO 2026-07-27 15:27:14.017 joltshadow - docs §32: Jolt SHADOW chassis pitch (player) forward=(-0.223, 0.017, -0.975)
INFO 2026-07-27 15:27:14.017 joltshadow - docs §69: tilt (player) jolt=1.0 deg ode=1.1 deg delta=-0.1 deg upDelta=0.16 deg
INFO 2026-07-27 15:27:14.017 joltshadow - docs §32.4: Jolt SHADOW chassis lowest corner (player) = (4667.80,258.80,1255.35) clearanceToGround=0.804
INFO 2026-07-27 15:27:14.017 joltshadow - docs §23.5: wheel state (player) wheel=0 contact=0 suspLen=1.050 (range 0.050-1.050, 0% compressed) angVel=0.00
INFO 2026-07-27 15:27:14.017 joltshadow - docs §38.11: wheel=0 NO contact, worldAxle=(0.975,0.001,-0.223)
INFO 2026-07-27 15:27:14.017 joltshadow - docs §32: no-contact raycast (player) wheel=0 bodyPos=(4668.46,259.45,1251.55) localMPos=(-1.155,0.060,2.270) origin=(4669.08,259.54,1249.08) dir=(-0.002,-1.000,-0.016) normalRayLen=1.679 groundFoundAt=0.000 shortfallBeyondTravel=-1.679 hitBody=8391030 hitLayer=1 hitMotion=2 hitIsSelfChassis=0
INFO 2026-07-27 15:27:14.017 joltshadow - docs §23.5: wheel state (player) wheel=1 contact=0 suspLen=1.050 (range 0.050-1.050, 0% compressed) angVel=0.00
INFO 2026-07-27 15:27:14.017 joltshadow - docs §38.11: wheel=1 NO contact, worldAxle=(0.975,0.001,-0.223)
INFO 2026-07-27 15:27:14.017 joltshadow - docs §32: no-contact raycast (player) wheel=1 bodyPos=(4668.46,259.45,1251.55) localMPos=(1.155,0.059,2.270) origin=(4666.83,259.54,1249.60) dir=(-0.002,-1.000,-0.016) normalRayLen=1.679 groundFoundAt=0.000 shortfallBeyondTravel=-1.679 hitBody=8391030 hitLayer=1 hitMotion=2 hitIsSelfChassis=0
INFO 2026-07-27 15:27:14.017 joltshadow - docs §23.5: wheel state (player) wheel=2 contact=0 suspLen=1.050 (range 0.050-1.050, 0% compressed) angVel=0.00
INFO 2026-07-27 15:27:14.017 joltshadow - docs §38.11: wheel=2 NO contact, worldAxle=(0.975,0.001,-0.223)
INFO 2026-07-27 15:27:14.017 joltshadow - docs §32: no-contact raycast (player) wheel=2 bodyPos=(4668.46,259.45,1251.55) localMPos=(-1.253,0.145,-2.062) origin=(4670.14,259.56,1253.28) dir=(-0.002,-1.000,-0.016) normalRayLen=1.685 groundFoundAt=0.000 shortfallBeyondTravel=-1.685 hitBody=8391030 hitLayer=1 hitMotion=2 hitIsSelfChassis=0
INFO 2026-07-27 15:27:14.017 joltshadow - docs §23.5: wheel state (player) wheel=3 contact=0 suspLen=1.050 (range 0.050-1.050, 0% compressed) angVel=0.00
INFO 2026-07-27 15:27:14.017 joltshadow - docs §38.11: wheel=3 NO contact, worldAxle=(0.975,0.001,-0.223)
INFO 2026-07-27 15:27:14.017 joltshadow - docs §32: no-contact raycast (player) wheel=3 bodyPos=(4668.46,259.45,1251.55) localMPos=(1.253,0.146,-2.062) origin=(4667.69,259.56,1253.84) dir=(-0.002,-1.000,-0.016) normalRayLen=1.685 groundFoundAt=0.000 shortfallBeyondTravel=-1.685 hitBody=8391030 hitLayer=1 hitMotion=2 hitIsSelfChassis=0
INFO 2026-07-27 15:27:14.018 joltshadow - docs §59/63: harvest (player) wheelsWithContact=0 contactPoints=0 overflow=0 (of 4) | maxNormalF=0N bound(k_t*tau)=0N ratio=0.00
INFO 2026-07-27 15:27:14.018 joltshadow - docs §58: wheel body (player) w=0 springF=1N stopF=0N travel=0.0027 (limits -0.5000..0.5000 rel spawn) kSusp=6000 sagPredicted=0.0002 | frameTrav=0.0027..0.0030 frameStopN=0
INFO 2026-07-27 15:27:14.018 joltshadow - docs §66: tyre band (player) w=0 fnGround=0N fnTotal=0N pen=0.00000 penRaw=0.00000 tau=0.01000 pen/tau=0.00 | recs tyre=0 rim=0 survived=0 stale=0 distMax=0.00R
INFO 2026-07-27 15:27:14.018 joltshadow - docs §68: steer (player) w=0 steerable=1 commanded=0.000 rad measured=0.000 rad err=0.00 deg steerSign=-1 steerTq=0Nm cap=815Nm sat=0.00
INFO 2026-07-27 15:27:14.018 joltshadow - docs §70: slip (player) w=0 grounded=0 kappa=0.000 fnGround=0N omega=0.04
INFO 2026-07-27 15:27:14.018 joltshadow - docs §67: spin (player) w=0 driven=1 omega=0.04 rad/s surfaceSpeed=0.03 m/s spinSign=+1 motorTq=-0Nm cmdTq=815Nm
INFO 2026-07-27 15:27:14.018 joltshadow - docs §58: wheel body (player) w=1 springF=-1N stopF=0N travel=0.0034 (limits -0.5000..0.5000 rel spawn) kSusp=6000 sagPredicted=-0.0002 | frameTrav=0.0034..0.0037 frameStopN=0
INFO 2026-07-27 15:27:14.018 joltshadow - docs §66: tyre band (player) w=1 fnGround=0N fnTotal=0N pen=0.00000 penRaw=0.00000 tau=0.01000 pen/tau=0.00 | recs tyre=0 rim=0 survived=0 stale=0 distMax=0.00R
INFO 2026-07-27 15:27:14.018 joltshadow - docs §68: steer (player) w=1 steerable=1 commanded=0.000 rad measured=0.000 rad err=0.00 deg steerSign=-1 steerTq=0Nm cap=815Nm sat=0.00
INFO 2026-07-27 15:27:14.018 joltshadow - docs §70: slip (player) w=1 grounded=0 kappa=0.000 fnGround=0N omega=0.04
INFO 2026-07-27 15:27:14.018 joltshadow - docs §67: spin (player) w=1 driven=1 omega=0.04 rad/s surfaceSpeed=0.03 m/s spinSign=+1 motorTq=-0Nm cmdTq=815Nm
INFO 2026-07-27 15:27:14.018 joltshadow - docs §58: wheel body (player) w=2 springF=-24N stopF=0N travel=0.0072 (limits -0.5000..0.5000 rel spawn) kSusp=6000 sagPredicted=-0.0039 | frameTrav=0.0072..0.0075 frameStopN=0
INFO 2026-07-27 15:27:14.018 joltshadow - docs §66: tyre band (player) w=2 fnGround=0N fnTotal=0N pen=0.00000 penRaw=0.00000 tau=0.01000 pen/tau=0.00 | recs tyre=0 rim=0 survived=0 stale=0 distMax=0.00R
INFO 2026-07-27 15:27:14.018 joltshadow - docs §68: steer (player) w=2 steerable=0 commanded=0.000 rad measured=0.000 rad err=0.00 deg steerSign=-1 steerTq=0Nm cap=340282346638528859811704183484516925440Nm sat=0.00
INFO 2026-07-27 15:27:14.018 joltshadow - docs §70: slip (player) w=2 grounded=0 kappa=0.000 fnGround=0N omega=0.04
INFO 2026-07-27 15:27:14.019 joltshadow - docs §67: spin (player) w=2 driven=1 omega=0.04 rad/s surfaceSpeed=0.03 m/s spinSign=+1 motorTq=-0Nm cmdTq=823Nm
INFO 2026-07-27 15:27:14.019 joltshadow - docs §58: wheel body (player) w=3 springF=-27N stopF=0N travel=0.0078 (limits -0.5000..0.5000 rel spawn) kSusp=6000 sagPredicted=-0.0045 | frameTrav=0.0078..0.0081 frameStopN=0
INFO 2026-07-27 15:27:14.019 joltshadow - docs §66: tyre band (player) w=3 fnGround=0N fnTotal=0N pen=0.00000 penRaw=0.00000 tau=0.01000 pen/tau=0.00 | recs tyre=0 rim=0 survived=0 stale=0 distMax=0.00R
INFO 2026-07-27 15:27:14.019 joltshadow - docs §68: steer (player) w=3 steerable=0 commanded=0.000 rad measured=0.000 rad err=0.00 deg steerSign=-1 steerTq=0Nm cap=340282346638528859811704183484516925440Nm sat=0.00
INFO 2026-07-27 15:27:14.019 joltshadow - docs §70: slip (player) w=3 grounded=0 kappa=0.000 fnGround=0N omega=0.04
INFO 2026-07-27 15:27:14.019 joltshadow - docs §67: spin (player) w=3 driven=1 omega=0.04 rad/s surfaceSpeed=0.03 m/s spinSign=+1 motorTq=-0Nm cmdTq=823Nm
INFO 2026-07-27 15:27:14.019 joltshadow - docs §67: drivetrain (player) gear=0 rpm=9 driveTorque=600Nm perWheel=150Nm driven=4 throttle=-1.00 spin=1 | PRE-STEP brake=0.01 handBrake=1
INFO 2026-07-27 15:27:14.019 joltshadow - docs §66: tyre band SUM (player) fnGroundSum=0N fnTotalSum=0N weight=942N carried=0.00 | penSum=0.00000 recs tyre=0 rim=0 stale=0
INFO 2026-07-27 15:27:14.019 joltshadow - docs §30: REAL ODE chassis COM (player) body=54C8BDB0 = (4668.454, 257.993, 1251.496) forward=(-0.223, 0.019, -0.975)
INFO 2026-07-27 15:27:14.019 joltshadow - docs §33: real ODE chassis geom (player) #1 = class 0 (not a transform) pos=(4668.454,257.993,1251.496) radius=4.500
INFO 2026-07-27 15:27:14.019 joltshadow - docs §33: real ODE chassis geom (player) #2 = transform, inner class=1 pos=(0.000,1.095,-0.495)
INFO 2026-07-27 15:27:14.019 joltshadow - docs §33: real ODE chassis geom (player) #3 = transform, inner class=1 pos=(0.353,3.466,0.718)
INFO 2026-07-27 15:27:14.019 joltshadow - docs §33: real ODE chassis geom (player) #4 = transform, inner class=1 pos=(0.000,1.818,1.842)
INFO 2026-07-27 15:27:14.019 joltshadow - docs §33: real ODE chassis geom (player) #5 = transform, inner class=1 pos=(0.006,1.981,-2.113)
INFO 2026-07-27 15:27:14.019 joltshadow - docs §33: real ODE chassis geom (player) #6 = class 0 (not a transform) pos=(4668.454,257.993,1251.496) radius=30.000
INFO 2026-07-27 15:27:14.019 joltshadow - docs §33: real ODE chassis geom (player) #7 = class 0 (not a transform) pos=(4668.454,257.993,1251.496) radius=6.436
INFO 2026-07-27 15:27:14.019 joltshadow - docs §33: real ODE chassis geom (player) #8 = class 0 (not a transform) pos=(4668.454,257.993,1251.496) radius=200.000
INFO 2026-07-27 15:27:14.019 joltshadow - docs §33: real ODE chassis (player) has 8 total geom(s) directly attached (4 transform(s)) - compare against BuildChassisCompoundShape's own part/geom count in the build log
INFO 2026-07-27 15:27:14.019 joltshadow - docs §28: REAL ODE wheel state (player) wheel=0 displacement=0.0239 range=1.000 (2% compressed, signed) foreAft=2.270 localZ=2.270 cfm=0.002500 erp=0.2500
INFO 2026-07-27 15:27:14.019 joltshadow - docs §28: REAL ODE wheel state (player) wheel=1 displacement=0.0243 range=1.000 (2% compressed, signed) foreAft=2.270 localZ=2.270 cfm=0.002500 erp=0.2500
INFO 2026-07-27 15:27:14.019 joltshadow - docs §28: REAL ODE wheel state (player) wheel=2 displacement=0.0266 range=1.000 (3% compressed, signed) foreAft=-2.062 localZ=-2.062 cfm=0.002500 erp=0.2500
INFO 2026-07-27 15:27:14.019 joltshadow - docs §28: REAL ODE wheel state (player) wheel=3 displacement=0.0262 range=1.000 (3% compressed, signed) foreAft=-2.062 localZ=-2.062 cfm=0.002500 erp=0.2500
INFO 2026-07-27 15:27:14.057 joltshadow - docs §70.1: slipdense (player) f=604 w=0 grounded=0 kappa=0.000 fnGround=0 omega=0.04 | ftGround=0N target=0.0 limit=815Nm motorNm=-0 tyreNm=0 inertia=1.78 limRot=0/-0/0 omegaPre=0.04 posN=-0/0/0 susp=0.0007 springN=5
INFO 2026-07-27 15:27:14.057 joltshadow - docs §70.1: slipdense (player) f=604 w=1 grounded=0 kappa=0.000 fnGround=0 omega=0.04 | ftGround=0N target=0.0 limit=815Nm motorNm=-0 tyreNm=0 inertia=1.78 limRot=0/-0/0 omegaPre=0.04 posN=-0/0/0 susp=0.0015 springN=5
INFO 2026-07-27 15:27:14.057 joltshadow - docs §70.1: slipdense (player) f=604 w=2 grounded=0 kappa=0.000 fnGround=0 omega=0.04 | ftGround=0N target=0.0 limit=823Nm motorNm=-0 tyreNm=0 inertia=1.82 limRot=0/-0/-0 omegaPre=0.04 posN=-0/0/0 susp=0.0032 springN=7
INFO 2026-07-27 15:27:14.057 joltshadow - docs §70.1: slipdense (player) f=604 w=3 grounded=0 kappa=0.000 fnGround=0 omega=0.04 | ftGround=0N target=0.0 limit=823Nm motorNm=-0 tyreNm=0 inertia=1.82 limRot=0/-0/-0 omegaPre=0.04 posN=-0/0/0 susp=0.0041 springN=6
INFO 2026-07-27 15:27:14.057 joltshadow - docs §78: attdense (player) f=604 joltTilt=0.87 odeTilt=1.09 upDelta=0.23 wBody=(0.04,0.00,0.00) |w|=0.04 grounded=0
INFO 2026-07-27 15:27:14.098 joltshadow - docs §70.1: slipdense (player) f=608 w=0 grounded=0 kappa=0.000 fnGround=0 omega=0.04 | ftGround=0N target=0.0 limit=815Nm motorNm=0 tyreNm=0 inertia=1.78 limRot=0/-0/0 omegaPre=0.04 posN=-0/-0/0 susp=-0.0001 springN=3
INFO 2026-07-27 15:27:14.098 joltshadow - docs §70.1: slipdense (player) f=608 w=1 grounded=0 kappa=0.000 fnGround=0 omega=0.04 | ftGround=0N target=0.0 limit=815Nm motorNm=0 tyreNm=0 inertia=1.78 limRot=0/-0/0 omegaPre=0.04 posN=-0/-0/0 susp=0.0007 springN=3
INFO 2026-07-27 15:27:14.099 joltshadow - docs §70.1: slipdense (player) f=608 w=2 grounded=0 kappa=0.000 fnGround=0 omega=0.04 | ftGround=0N target=0.0 limit=823Nm motorNm=0 tyreNm=0 inertia=1.82 limRot=0/-0/-0 omegaPre=0.04 posN=-0/-0/0 susp=0.0002 springN=9
INFO 2026-07-27 15:27:14.099 joltshadow - docs §70.1: slipdense (player) f=608 w=3 grounded=0 kappa=0.000 fnGround=0 omega=0.04 | ftGround=0N target=0.0 limit=823Nm motorNm=0 tyreNm=0 inertia=1.82 limRot=0/-0/-0 omegaPre=0.04 posN=-0/-0/0 susp=0.0012 springN=9
INFO 2026-07-27 15:27:14.099 joltshadow - docs §78: attdense (player) f=608 joltTilt=0.78 odeTilt=1.08 upDelta=0.31 wBody=(0.04,0.00,0.00) |w|=0.04 grounded=0
INFO 2026-07-27 15:27:14.139 joltshadow - docs §70.1: slipdense (player) f=612 w=0 grounded=0 kappa=0.000 fnGround=0 omega=0.04 | ftGround=0N target=0.0 limit=815Nm motorNm=0 tyreNm=0 inertia=1.78 limRot=0/-0/0 omegaPre=0.04 posN=-0/-0/0 susp=-0.0005 springN=2
INFO 2026-07-27 15:27:14.139 joltshadow - docs §70.1: slipdense (player) f=612 w=1 grounded=0 kappa=0.000 fnGround=0 omega=0.04 | ftGround=0N target=0.0 limit=815Nm motorNm=0 tyreNm=0 inertia=1.78 limRot=0/-0/0 omegaPre=0.04 posN=-0/-0/0 susp=0.0005 springN=1
INFO 2026-07-27 15:27:14.139 joltshadow - docs §70.1: slipdense (player) f=612 w=2 grounded=0 kappa=0.000 fnGround=0 omega=0.04 | ftGround=0N target=0.0 limit=823Nm motorNm=0 tyreNm=0 inertia=1.82 limRot=0/-0/-0 omegaPre=0.04 posN=-0/-0/0 susp=-0.0008 springN=4
INFO 2026-07-27 15:27:14.139 joltshadow - docs §70.1: slipdense (player) f=612 w=3 grounded=0 kappa=0.000 fnGround=0 omega=0.04 | ftGround=0N target=0.0 limit=823Nm motorNm=0 tyreNm=0 inertia=1.82 limRot=0/-0/-0 omegaPre=0.04 posN=-0/-0/0 susp=0.0002 springN=4
INFO 2026-07-27 15:27:14.139 joltshadow - docs §78: attdense (player) f=612 joltTilt=0.69 odeTilt=1.08 upDelta=0.39 wBody=(0.04,0.00,0.00) |w|=0.04 grounded=0
INFO 2026-07-27 15:27:14.183 joltshadow - docs §70.1: slipdense (player) f=616 w=0 grounded=0 kappa=0.000 fnGround=0 omega=0.04 | ftGround=0N target=0.0 limit=815Nm motorNm=-0 tyreNm=0 inertia=1.78 limRot=0/-0/0 omegaPre=0.04 posN=-0/0/0 susp=-0.0008 springN=1
INFO 2026-07-27 15:27:14.183 joltshadow - docs §70.1: slipdense (player) f=616 w=1 grounded=0 kappa=0.000 fnGround=0 omega=0.04 | ftGround=0N target=0.0 limit=815Nm motorNm=-0 tyreNm=0 inertia=1.78 limRot=0/-0/0 omegaPre=0.04 posN=-0/0/0 susp=0.0002 springN=1
INFO 2026-07-27 15:27:14.183 joltshadow - docs §70.1: slipdense (player) f=616 w=2 grounded=0 kappa=0.000 fnGround=0 omega=0.04 | ftGround=0N target=0.0 limit=823Nm motorNm=-0 tyreNm=0 inertia=1.82 limRot=0/-0/-0 omegaPre=0.04 posN=-0/0/0 susp=-0.0007 springN=1
INFO 2026-07-27 15:27:14.183 joltshadow - docs §70.1: slipdense (player) f=616 w=3 grounded=0 kappa=0.000 fnGround=0 omega=0.04 | ftGround=0N target=0.0 limit=823Nm motorNm=-0 tyreNm=0 inertia=1.82 limRot=0/-0/-0 omegaPre=0.04 posN=-0/0/0 susp=0.0004 springN=0
INFO 2026-07-27 15:27:14.183 joltshadow - docs §78: attdense (player) f=616 joltTilt=0.59 odeTilt=1.08 upDelta=0.49 wBody=(0.04,0.00,0.00) |w|=0.04 grounded=0
INFO 2026-07-27 15:27:14.226 joltshadow - docs §70.1: slipdense (player) f=620 w=0 grounded=0 kappa=0.000 fnGround=0 omega=0.04 | ftGround=0N target=0.0 limit=815Nm motorNm=0 tyreNm=0 inertia=1.78 limRot=0/0/0 omegaPre=0.04 posN=0/-0/0 susp=-0.0005 springN=-0
INFO 2026-07-27 15:27:14.227 joltshadow - docs §70.1: slipdense (player) f=620 w=1 grounded=0 kappa=0.000 fnGround=0 omega=0.04 | ftGround=0N target=0.0 limit=815Nm motorNm=0 tyreNm=0 inertia=1.78 limRot=0/0/0 omegaPre=0.04 posN=0/0/0 susp=0.0004 springN=-0
INFO 2026-07-27 15:27:14.227 joltshadow - docs §70.1: slipdense (player) f=620 w=2 grounded=0 kappa=0.000 fnGround=0 omega=0.04 | ftGround=0N target=0.0 limit=823Nm motorNm=0 tyreNm=0 inertia=1.82 limRot=0/0/0 omegaPre=0.04 posN=0/0/0 susp=-0.0006 springN=-0
INFO 2026-07-27 15:27:14.227 joltshadow - docs §70.1: slipdense (player) f=620 w=3 grounded=0 kappa=0.000 fnGround=0 omega=0.04 | ftGround=0N target=0.0 limit=823Nm motorNm=0 tyreNm=0 inertia=1.82 limRot=0/0/0 omegaPre=0.04 posN=0/0/0 susp=0.0004 springN=0
INFO 2026-07-27 15:27:14.227 joltshadow - docs §78: attdense (player) f=620 joltTilt=0.50 odeTilt=1.08 upDelta=0.59 wBody=(0.04,0.00,0.00) |w|=0.04 grounded=0
INFO 2026-07-27 15:27:14.259 joltshadow - docs §82: resync (player) #15 dt=0.50s upMax=0.663 deg posMax=1.210 m odeTiltPath=0.015 deg gain=-1.0000
INFO 2026-07-27 15:27:14.259 joltshadow - docs §87: resync landing (player) w=0 pre=0.5819 post=-0.0095 m R=0.629 dY=-1.2054 dRotDeg=0.66 |corr|=1.2088 m
INFO 2026-07-27 15:27:14.259 joltshadow - docs §87: resync landing (player) w=1 pre=0.5824 post=-0.0091 m R=0.629 dY=-1.2054 dRotDeg=0.66 |corr|=1.2088 m
INFO 2026-07-27 15:27:14.259 joltshadow - docs §87: resync landing (player) w=2 pre=0.5531 post=-0.0097 m R=0.635 dY=-1.2054 dRotDeg=0.66 |corr|=1.2088 m
INFO 2026-07-27 15:27:14.259 joltshadow - docs §87: resync landing (player) w=3 pre=0.5537 post=-0.0092 m R=0.635 dY=-1.2054 dRotDeg=0.66 |corr|=1.2088 m
INFO 2026-07-27 15:27:14.259 joltshadow - docs §82: resync RESIDUAL (player) #15 pos=0.0000 m up=0.0000 deg
INFO 2026-07-27 15:27:14.269 joltshadow - docs §70.1: slipdense (player) f=624 w=0 grounded=1 kappa=-0.136 fnGround=1200 omega=-0.08 | ftGround=-92N target=0.0 limit=815Nm motorNm=-66 tyreNm=54 inertia=1.78 limRot=0/-2/0 omegaPre=0.04 posN=-3/66/0 susp=-0.5224 springN=2734
INFO 2026-07-27 15:27:14.269 joltshadow - docs §70.1: slipdense (player) f=624 w=1 grounded=1 kappa=-0.136 fnGround=1200 omega=-0.08 | ftGround=-92N target=0.0 limit=815Nm motorNm=-66 tyreNm=54 inertia=1.78 limRot=0/-2/0 omegaPre=0.04 posN=-3/65/0 susp=-0.5228 springN=2740
INFO 2026-07-27 15:27:14.269 joltshadow - docs §70.1: slipdense (player) f=624 w=2 grounded=1 kappa=-0.127 fnGround=1200 omega=-0.08 | ftGround=-85N target=0.0 limit=823Nm motorNm=-62 tyreNm=49 inertia=1.82 limRot=0/-2/-0 omegaPre=0.04 posN=-3/50/0 susp=-0.5680 springN=3142
INFO 2026-07-27 15:27:14.269 joltshadow - docs §70.1: slipdense (player) f=624 w=3 grounded=1 kappa=-0.126 fnGround=1199 omega=-0.08 | ftGround=-85N target=0.0 limit=823Nm motorNm=-61 tyreNm=49 inertia=1.82 limRot=0/-2/0 omegaPre=0.04 posN=-3/49/0 susp=-0.5681 springN=3146
INFO 2026-07-27 15:27:14.269 joltshadow - docs §78: attdense (player) f=624 joltTilt=1.00 odeTilt=1.09 upDelta=0.09 wBody=(-0.08,0.00,-0.00) |w|=0.08 grounded=4
INFO 2026-07-27 15:27:14.308 joltshadow - docs §70.1: slipdense (player) f=628 w=0 grounded=1 kappa=-0.157 fnGround=1200 omega=-0.16 | ftGround=-118N target=0.0 limit=3020Nm motorNm=-68 tyreNm=70 inertia=1.78 limRot=0/-1/0 omegaPre=-0.17 posN=-1/74/0 susp=-0.3962 springN=1020
INFO 2026-07-27 15:27:14.308 joltshadow - docs §70.1: slipdense (player) f=628 w=1 grounded=1 kappa=-0.156 fnGround=1200 omega=-0.16 | ftGround=-117N target=0.0 limit=3020Nm motorNm=-68 tyreNm=70 inertia=1.78 limRot=0/-1/0 omegaPre=-0.17 posN=-1/74/0 susp=-0.3969 springN=1027
INFO 2026-07-27 15:27:14.308 joltshadow - docs §70.1: slipdense (player) f=628 w=2 grounded=1 kappa=-0.132 fnGround=1200 omega=-0.16 | ftGround=-99N target=0.0 limit=3049Nm motorNm=-57 tyreNm=59 inertia=1.82 limRot=0/-1/-0 omegaPre=-0.17 posN=-1/44/0 susp=-0.4738 springN=1672
INFO 2026-07-27 15:27:14.308 joltshadow - docs §70.1: slipdense (player) f=628 w=3 grounded=1 kappa=-0.132 fnGround=1200 omega=-0.16 | ftGround=-99N target=0.0 limit=3049Nm motorNm=-57 tyreNm=59 inertia=1.82 limRot=0/-1/-0 omegaPre=-0.17 posN=-1/44/0 susp=-0.4746 springN=1680
INFO 2026-07-27 15:27:14.308 joltshadow - docs §78: attdense (player) f=628 joltTilt=1.10 odeTilt=1.09 upDelta=0.00 wBody=(-0.16,0.00,-0.01) |w|=0.16 grounded=4
INFO 2026-07-27 15:27:14.348 joltshadow - docs §70.1: slipdense (player) f=632 w=0 grounded=1 kappa=0.054 fnGround=290 omega=-0.07 | ftGround=45N target=0.0 limit=1181Nm motorNm=32 tyreNm=-28 inertia=1.78 limRot=0/1/0 omegaPre=-0.09 posN=2/-49/0 susp=-0.2156 springN=34
INFO 2026-07-27 15:27:14.348 joltshadow - docs §70.1: slipdense (player) f=632 w=1 grounded=1 kappa=0.054 fnGround=301 omega=-0.07 | ftGround=45N target=0.0 limit=1205Nm motorNm=32 tyreNm=-28 inertia=1.78 limRot=0/1/0 omegaPre=-0.09 posN=2/-49/0 susp=-0.2184 springN=47
INFO 2026-07-27 15:27:14.348 joltshadow - docs §70.1: slipdense (player) f=632 w=2 grounded=1 kappa=0.049 fnGround=774 omega=-0.07 | ftGround=41N target=0.0 limit=2452Nm motorNm=29 tyreNm=-25 inertia=1.82 limRot=0/1/0 omegaPre=-0.09 posN=2/-54/0 susp=-0.2998 springN=498
INFO 2026-07-27 15:27:14.348 joltshadow - docs §70.1: slipdense (player) f=632 w=3 grounded=1 kappa=0.048 fnGround=787 omega=-0.07 | ftGround=41N target=0.0 limit=2478Nm motorNm=29 tyreNm=-25 inertia=1.82 limRot=0/1/0 omegaPre=-0.09 posN=2/-53/0 susp=-0.3029 springN=513
INFO 2026-07-27 15:27:14.348 joltshadow - docs §78: attdense (player) f=632 joltTilt=1.36 odeTilt=1.09 upDelta=0.28 wBody=(-0.07,-0.00,-0.00) |w|=0.07 grounded=4
INFO 2026-07-27 15:27:14.392 joltshadow - docs §70.1: slipdense (player) f=636 w=0 grounded=0 kappa=0.000 fnGround=0 omega=0.04 | ftGround=0N target=0.0 limit=815Nm motorNm=3 tyreNm=0 inertia=1.78 limRot=0/0/0 omegaPre=0.02 posN=1/-15/0 susp=-0.0641 springN=-334
INFO 2026-07-27 15:27:14.392 joltshadow - docs §70.1: slipdense (player) f=636 w=1 grounded=0 kappa=0.000 fnGround=0 omega=0.04 | ftGround=0N target=0.0 limit=815Nm motorNm=3 tyreNm=0 inertia=1.78 limRot=0/0/0 omegaPre=0.02 posN=1/-15/0 susp=-0.0680 springN=-331
INFO 2026-07-27 15:27:14.392 joltshadow - docs §70.1: slipdense (player) f=636 w=2 grounded=0 kappa=0.000 fnGround=0 omega=0.04 | ftGround=0N target=0.0 limit=823Nm motorNm=3 tyreNm=0 inertia=1.82 limRot=0/0/0 omegaPre=0.02 posN=1/-14/0 susp=-0.1281 springN=-248
INFO 2026-07-27 15:27:14.392 joltshadow - docs §70.1: slipdense (player) f=636 w=3 grounded=0 kappa=0.000 fnGround=0 omega=0.04 | ftGround=0N target=0.0 limit=823Nm motorNm=3 tyreNm=0 inertia=1.82 limRot=0/0/0 omegaPre=0.02 posN=1/-14/0 susp=-0.1329 springN=-236
INFO 2026-07-27 15:27:14.392 joltshadow - docs §78: attdense (player) f=636 joltTilt=1.38 odeTilt=1.08 upDelta=0.32 wBody=(0.04,-0.00,0.01) |w|=0.04 grounded=0
INFO 2026-07-27 15:27:14.437 joltshadow - docs §70.1: slipdense (player) f=640 w=0 grounded=0 kappa=0.000 fnGround=0 omega=0.07 | ftGround=0N target=0.0 limit=815Nm motorNm=-0 tyreNm=0 inertia=1.78 limRot=0/-0/0 omegaPre=0.07 posN=-0/1/0 susp=-0.0036 springN=-150
INFO 2026-07-27 15:27:14.438 joltshadow - docs §70.1: slipdense (player) f=640 w=1 grounded=0 kappa=0.000 fnGround=0 omega=0.07 | ftGround=0N target=0.0 limit=815Nm motorNm=-0 tyreNm=0 inertia=1.78 limRot=0/-0/0 omegaPre=0.07 posN=-0/1/0 susp=-0.0053 springN=-155
INFO 2026-07-27 15:27:14.438 joltshadow - docs §70.1: slipdense (player) f=640 w=2 grounded=0 kappa=0.000 fnGround=0 omega=0.07 | ftGround=0N target=0.0 limit=823Nm motorNm=-0 tyreNm=0 inertia=1.82 limRot=0/-0/-0 omegaPre=0.07 posN=-0/0/0 susp=-0.0223 springN=-268
INFO 2026-07-27 15:27:14.438 joltshadow - docs §70.1: slipdense (player) f=640 w=3 grounded=0 kappa=0.000 fnGround=0 omega=0.07 | ftGround=0N target=0.0 limit=823Nm motorNm=-0 tyreNm=0 inertia=1.82 limRot=0/-0/-0 omegaPre=0.07 posN=-0/0/0 susp=-0.0249 springN=-272
INFO 2026-07-27 15:27:14.438 joltshadow - docs §78: attdense (player) f=640 joltTilt=1.21 odeTilt=1.08 upDelta=0.18 wBody=(0.07,-0.00,0.01) |w|=0.07 grounded=0
INFO 2026-07-27 15:27:14.484 joltshadow - docs §70.1: slipdense (player) f=644 w=0 grounded=0 kappa=0.000 fnGround=0 omega=0.05 | ftGround=0N target=0.0 limit=815Nm motorNm=-1 tyreNm=0 inertia=1.78 limRot=0/-0/0 omegaPre=0.05 posN=-1/3/0 susp=0.0047 springN=-26
INFO 2026-07-27 15:27:14.484 joltshadow - docs §70.1: slipdense (player) f=644 w=1 grounded=0 kappa=0.000 fnGround=0 omega=0.05 | ftGround=0N target=0.0 limit=815Nm motorNm=-1 tyreNm=0 inertia=1.78 limRot=0/-0/0 omegaPre=0.05 posN=-1/3/0 susp=0.0049 springN=-31
INFO 2026-07-27 15:27:14.484 joltshadow - docs §70.1: slipdense (player) f=644 w=2 grounded=0 kappa=0.000 fnGround=0 omega=0.05 | ftGround=0N target=0.0 limit=823Nm motorNm=-1 tyreNm=0 inertia=1.82 limRot=0/-0/-0 omegaPre=0.05 posN=-1/3/0 susp=0.0065 springN=-95
INFO 2026-07-27 15:27:14.484 joltshadow - docs §70.1: slipdense (player) f=644 w=3 grounded=0 kappa=0.000 fnGround=0 omega=0.05 | ftGround=0N target=0.0 limit=823Nm motorNm=-1 tyreNm=0 inertia=1.82 limRot=0/-0/-0 omegaPre=0.05 posN=-1/3/0 susp=0.0064 springN=-101
INFO 2026-07-27 15:27:14.484 joltshadow - docs §78: attdense (player) f=644 joltTilt=1.06 odeTilt=1.09 upDelta=0.10 wBody=(0.05,-0.00,0.00) |w|=0.05 grounded=0
INFO 2026-07-27 15:27:14.523 joltshadow - docs §70.1: slipdense (player) f=648 w=0 grounded=0 kappa=0.000 fnGround=0 omega=0.04 | ftGround=0N target=0.0 limit=815Nm motorNm=-0 tyreNm=0 inertia=1.78 limRot=0/-0/0 omegaPre=0.04 posN=-0/1/0 susp=0.0026 springN=3
INFO 2026-07-27 15:27:14.523 joltshadow - docs §70.1: slipdense (player) f=648 w=1 grounded=0 kappa=0.000 fnGround=0 omega=0.04 | ftGround=0N target=0.0 limit=815Nm motorNm=-0 tyreNm=0 inertia=1.78 limRot=0/-0/0 omegaPre=0.04 posN=-0/1/0 susp=0.0033 springN=1
INFO 2026-07-27 15:27:14.523 joltshadow - docs §70.1: slipdense (player) f=648 w=2 grounded=0 kappa=0.000 fnGround=0 omega=0.04 | ftGround=0N target=0.0 limit=823Nm motorNm=-0 tyreNm=0 inertia=1.82 limRot=0/-0/-0 omegaPre=0.04 posN=-0/1/0 susp=0.0066 springN=-16
INFO 2026-07-27 15:27:14.523 joltshadow - docs §70.1: slipdense (player) f=648 w=3 grounded=0 kappa=0.000 fnGround=0 omega=0.04 | ftGround=0N target=0.0 limit=823Nm motorNm=-0 tyreNm=0 inertia=1.82 limRot=0/-0/-0 omegaPre=0.04 posN=-0/1/0 susp=0.0073 springN=-19
INFO 2026-07-27 15:27:14.523 joltshadow - docs §78: attdense (player) f=648 joltTilt=0.96 odeTilt=1.09 upDelta=0.15 wBody=(0.04,-0.00,0.00) |w|=0.04 grounded=0
INFO 2026-07-27 15:27:14.525 testharness - Scenario started
INFO 2026-07-27 15:27:14.573 joltshadow - docs §70.1: slipdense (player) f=652 w=0 grounded=0 kappa=0.000 fnGround=0 omega=-0.63 | ftGround=0N target=-29.1 limit=149Nm motorNm=-149 tyreNm=0 inertia=1.78 limRot=0/-0/0 omegaPre=0.29 posN=-0/-8/0 susp=0.0003 springN=17
INFO 2026-07-27 15:27:14.573 joltshadow - docs §70.1: slipdense (player) f=652 w=1 grounded=0 kappa=0.000 fnGround=0 omega=-0.63 | ftGround=0N target=-29.1 limit=149Nm motorNm=-149 tyreNm=0 inertia=1.78 limRot=0/-0/0 omegaPre=0.29 posN=-0/-8/0 susp=0.0011 springN=17
INFO 2026-07-27 15:27:14.573 joltshadow - docs §70.1: slipdense (player) f=652 w=2 grounded=0 kappa=0.000 fnGround=0 omega=-0.62 | ftGround=0N target=-29.1 limit=149Nm motorNm=-149 tyreNm=0 inertia=1.82 limRot=0/-0/0 omegaPre=0.29 posN=-0/-8/0 susp=0.0018 springN=2
INFO 2026-07-27 15:27:14.573 joltshadow - docs §70.1: slipdense (player) f=652 w=3 grounded=0 kappa=0.000 fnGround=0 omega=-0.62 | ftGround=0N target=-29.1 limit=149Nm motorNm=-149 tyreNm=0 inertia=1.82 limRot=0/-0/0 omegaPre=0.29 posN=-0/-8/0 susp=0.0027 springN=1
INFO 2026-07-27 15:27:14.573 joltshadow - docs §78: attdense (player) f=652 joltTilt=0.87 odeTilt=1.09 upDelta=0.23 wBody=(0.05,-0.00,0.00) |w|=0.05 grounded=0
INFO 2026-07-27 15:27:14.617 joltshadow - docs §70.1: slipdense (player) f=656 w=0 grounded=0 kappa=0.000 fnGround=0 omega=3.14 | ftGround=0N target=29.1 limit=149Nm motorNm=149 tyreNm=0 inertia=1.78 limRot=0/0/0 omegaPre=2.30 posN=0/7/0 susp=0.0006 springN=-16
INFO 2026-07-27 15:27:14.618 joltshadow - docs §70.1: slipdense (player) f=656 w=1 grounded=0 kappa=0.000 fnGround=0 omega=3.14 | ftGround=0N target=29.1 limit=149Nm motorNm=149 tyreNm=0 inertia=1.78 limRot=0/0/0 omegaPre=2.30 posN=0/7/0 susp=0.0013 springN=-15
INFO 2026-07-27 15:27:14.618 joltshadow - docs §70.1: slipdense (player) f=656 w=2 grounded=0 kappa=0.000 fnGround=0 omega=3.08 | ftGround=0N target=29.1 limit=149Nm motorNm=149 tyreNm=0 inertia=1.82 limRot=0/0/-0 omegaPre=2.26 posN=0/7/0 susp=-0.0009 springN=19
INFO 2026-07-27 15:27:14.618 joltshadow - docs §70.1: slipdense (player) f=656 w=3 grounded=0 kappa=0.000 fnGround=0 omega=3.08 | ftGround=0N target=29.1 limit=149Nm motorNm=149 tyreNm=0 inertia=1.82 limRot=0/0/-0 omegaPre=2.26 posN=0/7/0 susp=-0.0002 springN=19
INFO 2026-07-27 15:27:14.618 joltshadow - docs §78: attdense (player) f=656 joltTilt=0.81 odeTilt=1.09 upDelta=0.28 wBody=(0.00,-0.00,0.00) |w|=0.00 grounded=0
INFO 2026-07-27 15:27:14.656 joltshadow - docs §70.1: slipdense (player) f=660 w=0 grounded=0 kappa=0.000 fnGround=0 omega=6.32 | ftGround=0N target=29.1 limit=149Nm motorNm=149 tyreNm=0 inertia=1.78 limRot=0/0/0 omegaPre=5.48 posN=0/6/0 susp=0.0020 springN=-22
INFO 2026-07-27 15:27:14.656 joltshadow - docs §70.1: slipdense (player) f=660 w=1 grounded=0 kappa=0.000 fnGround=0 omega=6.32 | ftGround=0N target=29.1 limit=149Nm motorNm=149 tyreNm=0 inertia=1.78 limRot=0/0/0 omegaPre=5.48 posN=0/7/0 susp=0.0022 springN=-20
INFO 2026-07-27 15:27:14.656 joltshadow - docs §70.1: slipdense (player) f=660 w=2 grounded=0 kappa=0.000 fnGround=0 omega=6.20 | ftGround=0N target=29.1 limit=149Nm motorNm=149 tyreNm=0 inertia=1.82 limRot=0/0/-0 omegaPre=5.38 posN=0/6/0 susp=-0.0020 springN=18
INFO 2026-07-27 15:27:14.656 joltshadow - docs §70.1: slipdense (player) f=660 w=3 grounded=0 kappa=0.000 fnGround=0 omega=6.20 | ftGround=0N target=29.1 limit=149Nm motorNm=149 tyreNm=0 inertia=1.82 limRot=0/0/-0 omegaPre=5.38 posN=0/6/0 susp=-0.0018 springN=19
INFO 2026-07-27 15:27:14.656 joltshadow - docs §78: attdense (player) f=660 joltTilt=0.84 odeTilt=1.09 upDelta=0.25 wBody=(-0.03,-0.00,0.00) |w|=0.03 grounded=0
INFO 2026-07-27 15:27:14.656 joltshadow - Shadow divergence (player): pos=2.462m vel=0.860m/s angle=0.2deg (jolt com=[4668.5 260.4 1251.9] ode com=[4668.5 258.0 1251.5])
INFO 2026-07-27 15:27:14.656 joltshadow - docs §23.6: driver input (player) realThrottle=10.00 brake=0.01 handBrake=0 steerRad=0.000
INFO 2026-07-27 15:27:14.656 joltshadow - docs §32: Jolt SHADOW chassis pitch (player) forward=(-0.223, 0.015, -0.975)
INFO 2026-07-27 15:27:14.656 joltshadow - docs §69: tilt (player) jolt=0.8 deg ode=1.1 deg delta=-0.2 deg upDelta=0.25 deg
INFO 2026-07-27 15:27:14.656 joltshadow - docs §32.4: Jolt SHADOW chassis lowest corner (player) = (4667.80,259.03,1255.38) clearanceToGround=1.029
INFO 2026-07-27 15:27:14.656 joltshadow - docs §23.5: wheel state (player) wheel=0 contact=0 suspLen=1.050 (range 0.050-1.050, 0% compressed) angVel=0.00
INFO 2026-07-27 15:27:14.656 joltshadow - docs §38.11: wheel=0 NO contact, worldAxle=(0.975,0.001,-0.223)
INFO 2026-07-27 15:27:14.656 joltshadow - docs §32: no-contact raycast (player) wheel=0 bodyPos=(4668.46,259.66,1251.57) localMPos=(-1.155,0.060,2.270) origin=(4669.08,259.76,1249.10) dir=(-0.003,-1.000,-0.014) normalRayLen=1.679 groundFoundAt=0.000 shortfallBeyondTravel=-1.679 hitBody=8391030 hitLayer=1 hitMotion=2 hitIsSelfChassis=0
INFO 2026-07-27 15:27:14.656 joltshadow - docs §23.5: wheel state (player) wheel=1 contact=0 suspLen=1.050 (range 0.050-1.050, 0% compressed) angVel=0.00
INFO 2026-07-27 15:27:14.656 joltshadow - docs §38.11: wheel=1 NO contact, worldAxle=(0.975,0.001,-0.223)
INFO 2026-07-27 15:27:14.656 joltshadow - docs §32: no-contact raycast (player) wheel=1 bodyPos=(4668.46,259.66,1251.57) localMPos=(1.155,0.059,2.270) origin=(4666.83,259.75,1249.62) dir=(-0.003,-1.000,-0.014) normalRayLen=1.679 groundFoundAt=0.000 shortfallBeyondTravel=-1.679 hitBody=8391030 hitLayer=1 hitMotion=2 hitIsSelfChassis=0
INFO 2026-07-27 15:27:14.657 joltshadow - docs §23.5: wheel state (player) wheel=2 contact=0 suspLen=1.050 (range 0.050-1.050, 0% compressed) angVel=0.00
INFO 2026-07-27 15:27:14.657 joltshadow - docs §38.11: wheel=2 NO contact, worldAxle=(0.975,0.001,-0.223)
INFO 2026-07-27 15:27:14.657 joltshadow - docs §32: no-contact raycast (player) wheel=2 bodyPos=(4668.46,259.66,1251.57) localMPos=(-1.253,0.145,-2.062) origin=(4670.14,259.78,1253.31) dir=(-0.003,-1.000,-0.014) normalRayLen=1.685 groundFoundAt=0.000 shortfallBeyondTravel=-1.685 hitBody=8391030 hitLayer=1 hitMotion=2 hitIsSelfChassis=0
INFO 2026-07-27 15:27:14.657 joltshadow - docs §23.5: wheel state (player) wheel=3 contact=0 suspLen=1.050 (range 0.050-1.050, 0% compressed) angVel=0.00
INFO 2026-07-27 15:27:14.657 joltshadow - docs §38.11: wheel=3 NO contact, worldAxle=(0.975,0.001,-0.223)
INFO 2026-07-27 15:27:14.657 joltshadow - docs §32: no-contact raycast (player) wheel=3 bodyPos=(4668.46,259.66,1251.57) localMPos=(1.253,0.146,-2.062) origin=(4667.69,259.78,1253.86) dir=(-0.003,-1.000,-0.014) normalRayLen=1.685 groundFoundAt=0.000 shortfallBeyondTravel=-1.685 hitBody=8391030 hitLayer=1 hitMotion=2 hitIsSelfChassis=0
INFO 2026-07-27 15:27:14.657 joltshadow - docs §59/63: harvest (player) wheelsWithContact=0 contactPoints=0 overflow=0 (of 4) | maxNormalF=0N bound(k_t*tau)=0N ratio=0.00
INFO 2026-07-27 15:27:14.657 joltshadow - docs §58: wheel body (player) w=0 springF=-22N stopF=0N travel=0.0020 (limits -0.5000..0.5000 rel spawn) kSusp=6000 sagPredicted=-0.0036 | frameTrav=0.0018..0.0020 frameStopN=0
INFO 2026-07-27 15:27:14.657 joltshadow - docs §66: tyre band (player) w=0 fnGround=0N fnTotal=0N pen=0.00000 penRaw=0.00000 tau=0.01000 pen/tau=0.00 | recs tyre=0 rim=0 survived=0 stale=0 distMax=0.00R
INFO 2026-07-27 15:27:14.657 joltshadow - docs §68: steer (player) w=0 steerable=1 commanded=0.000 rad measured=0.000 rad err=0.00 deg steerSign=-1 steerTq=-0Nm cap=815Nm sat=0.00
INFO 2026-07-27 15:27:14.657 joltshadow - docs §70: slip (player) w=0 grounded=0 kappa=0.000 fnGround=0N omega=6.32
INFO 2026-07-27 15:27:14.657 joltshadow - docs §67: spin (player) w=0 driven=1 omega=6.32 rad/s surfaceSpeed=3.97 m/s spinSign=+1 motorTq=149Nm cmdTq=149Nm
INFO 2026-07-27 15:27:14.657 joltshadow - docs §58: wheel body (player) w=1 springF=-20N stopF=0N travel=0.0022 (limits -0.5000..0.5000 rel spawn) kSusp=6000 sagPredicted=-0.0034 | frameTrav=0.0021..0.0022 frameStopN=0
INFO 2026-07-27 15:27:14.657 joltshadow - docs §66: tyre band (player) w=1 fnGround=0N fnTotal=0N pen=0.00000 penRaw=0.00000 tau=0.01000 pen/tau=0.00 | recs tyre=0 rim=0 survived=0 stale=0 distMax=0.00R
INFO 2026-07-27 15:27:14.657 joltshadow - docs §68: steer (player) w=1 steerable=1 commanded=0.000 rad measured=0.000 rad err=0.00 deg steerSign=-1 steerTq=-0Nm cap=815Nm sat=0.00
INFO 2026-07-27 15:27:14.657 joltshadow - docs §70: slip (player) w=1 grounded=0 kappa=0.000 fnGround=0N omega=6.32
INFO 2026-07-27 15:27:14.657 joltshadow - docs §67: spin (player) w=1 driven=1 omega=6.32 rad/s surfaceSpeed=3.97 m/s spinSign=+1 motorTq=149Nm cmdTq=149Nm
INFO 2026-07-27 15:27:14.657 joltshadow - docs §58: wheel body (player) w=2 springF=18N stopF=0N travel=-0.0020 (limits -0.5000..0.5000 rel spawn) kSusp=6000 sagPredicted=0.0030 | frameTrav=-0.0020..-0.0019 frameStopN=0
INFO 2026-07-27 15:27:14.657 joltshadow - docs §66: tyre band (player) w=2 fnGround=0N fnTotal=0N pen=0.00000 penRaw=0.00000 tau=0.01000 pen/tau=0.00 | recs tyre=0 rim=0 survived=0 stale=0 distMax=0.00R
INFO 2026-07-27 15:27:14.657 joltshadow - docs §68: steer (player) w=2 steerable=0 commanded=0.000 rad measured=-0.000 rad err=-0.00 deg steerSign=-1 steerTq=0Nm cap=340282346638528859811704183484516925440Nm sat=0.00
INFO 2026-07-27 15:27:14.658 joltshadow - docs §70: slip (player) w=2 grounded=0 kappa=0.000 fnGround=0N omega=6.20
INFO 2026-07-27 15:27:14.658 joltshadow - docs §67: spin (player) w=2 driven=1 omega=6.20 rad/s surfaceSpeed=3.94 m/s spinSign=+1 motorTq=149Nm cmdTq=149Nm
INFO 2026-07-27 15:27:14.658 joltshadow - docs §58: wheel body (player) w=3 springF=19N stopF=0N travel=-0.0018 (limits -0.5000..0.5000 rel spawn) kSusp=6000 sagPredicted=0.0032 | frameTrav=-0.0018..-0.0016 frameStopN=0
INFO 2026-07-27 15:27:14.658 joltshadow - docs §66: tyre band (player) w=3 fnGround=0N fnTotal=0N pen=0.00000 penRaw=0.00000 tau=0.01000 pen/tau=0.00 | recs tyre=0 rim=0 survived=0 stale=0 distMax=0.00R
INFO 2026-07-27 15:27:14.658 joltshadow - docs §68: steer (player) w=3 steerable=0 commanded=0.000 rad measured=-0.000 rad err=-0.00 deg steerSign=-1 steerTq=0Nm cap=340282346638528859811704183484516925440Nm sat=0.00
INFO 2026-07-27 15:27:14.658 joltshadow - docs §70: slip (player) w=3 grounded=0 kappa=0.000 fnGround=0N omega=6.20
INFO 2026-07-27 15:27:14.658 joltshadow - docs §67: spin (player) w=3 driven=1 omega=6.20 rad/s surfaceSpeed=3.94 m/s spinSign=+1 motorTq=149Nm cmdTq=149Nm
INFO 2026-07-27 15:27:14.658 joltshadow - docs §67: drivetrain (player) gear=0 rpm=1120 driveTorque=600Nm perWheel=150Nm driven=4 throttle=1.00 spin=1 | PRE-STEP brake=0.01 handBrake=0
INFO 2026-07-27 15:27:14.658 joltshadow - docs §66: tyre band SUM (player) fnGroundSum=0N fnTotalSum=0N weight=942N carried=0.00 | penSum=0.00000 recs tyre=0 rim=0 stale=0
INFO 2026-07-27 15:27:14.658 joltshadow - docs §30: REAL ODE chassis COM (player) body=54C8BDB0 = (4668.454, 257.992, 1251.496) forward=(-0.223, 0.019, -0.975)
INFO 2026-07-27 15:27:14.658 joltshadow - docs §33: real ODE chassis geom (player) #1 = class 0 (not a transform) pos=(4668.454,257.992,1251.496) radius=4.500
INFO 2026-07-27 15:27:14.658 joltshadow - docs §33: real ODE chassis geom (player) #2 = transform, inner class=1 pos=(0.000,1.095,-0.495)
INFO 2026-07-27 15:27:14.658 joltshadow - docs §33: real ODE chassis geom (player) #3 = transform, inner class=1 pos=(0.353,3.466,0.718)
INFO 2026-07-27 15:27:14.658 joltshadow - docs §33: real ODE chassis geom (player) #4 = transform, inner class=1 pos=(0.000,1.818,1.842)
INFO 2026-07-27 15:27:14.658 joltshadow - docs §33: real ODE chassis geom (player) #5 = transform, inner class=1 pos=(0.006,1.981,-2.113)
INFO 2026-07-27 15:27:14.658 joltshadow - docs §33: real ODE chassis geom (player) #6 = class 0 (not a transform) pos=(4668.454,257.992,1251.496) radius=30.000
INFO 2026-07-27 15:27:14.658 joltshadow - docs §33: real ODE chassis geom (player) #7 = class 0 (not a transform) pos=(4668.454,257.992,1251.496) radius=6.436
INFO 2026-07-27 15:27:14.658 joltshadow - docs §33: real ODE chassis geom (player) #8 = class 0 (not a transform) pos=(4668.454,257.992,1251.496) radius=200.000
INFO 2026-07-27 15:27:14.658 joltshadow - docs §33: real ODE chassis (player) has 8 total geom(s) directly attached (4 transform(s)) - compare against BuildChassisCompoundShape's own part/geom count in the build log
INFO 2026-07-27 15:27:14.658 joltshadow - docs §28: REAL ODE wheel state (player) wheel=0 displacement=0.0250 range=1.000 (3% compressed, signed) foreAft=2.270 localZ=2.270 cfm=0.002500 erp=0.2500
INFO 2026-07-27 15:27:14.658 joltshadow - docs §28: REAL ODE wheel state (player) wheel=1 displacement=0.0254 range=1.000 (3% compressed, signed) foreAft=2.270 localZ=2.270 cfm=0.002500 erp=0.2500
INFO 2026-07-27 15:27:14.658 joltshadow - docs §28: REAL ODE wheel state (player) wheel=2 displacement=0.0277 range=1.000 (3% compressed, signed) foreAft=-2.062 localZ=-2.062 cfm=0.002500 erp=0.2500
INFO 2026-07-27 15:27:14.658 joltshadow - docs §28: REAL ODE wheel state (player) wheel=3 displacement=0.0273 range=1.000 (3% compressed, signed) foreAft=-2.062 localZ=-2.062 cfm=0.002500 erp=0.2500
INFO 2026-07-27 15:27:14.704 joltshadow - docs §70.1: slipdense (player) f=664 w=0 grounded=0 kappa=0.000 fnGround=0 omega=4.81 | ftGround=0N target=-29.1 limit=149Nm motorNm=-149 tyreNm=0 inertia=1.78 limRot=0/0/0 omegaPre=5.81 posN=0/-7/0 susp=0.0013 springN=14
INFO 2026-07-27 15:27:14.704 joltshadow - docs §70.1: slipdense (player) f=664 w=1 grounded=0 kappa=0.000 fnGround=0 omega=4.81 | ftGround=0N target=-29.1 limit=149Nm motorNm=-149 tyreNm=0 inertia=1.78 limRot=0/0/0 omegaPre=5.81 posN=0/-7/0 susp=0.0008 springN=15
INFO 2026-07-27 15:27:14.704 joltshadow - docs §70.1: slipdense (player) f=664 w=2 grounded=0 kappa=0.000 fnGround=0 omega=4.72 | ftGround=0N target=-29.1 limit=149Nm motorNm=-149 tyreNm=0 inertia=1.82 limRot=0/0/0 omegaPre=5.70 posN=0/-7/0 susp=-0.0009 springN=-9
INFO 2026-07-27 15:27:14.704 joltshadow - docs §70.1: slipdense (player) f=664 w=3 grounded=0 kappa=0.000 fnGround=0 omega=4.72 | ftGround=0N target=-29.1 limit=149Nm motorNm=-149 tyreNm=0 inertia=1.82 limRot=0/0/0 omegaPre=5.70 posN=0/-7/0 susp=-0.0014 springN=-8
INFO 2026-07-27 15:27:14.704 joltshadow - docs §78: attdense (player) f=664 joltTilt=0.90 odeTilt=1.09 upDelta=0.20 wBody=(-0.00,-0.00,0.00) |w|=0.00 grounded=0
INFO 2026-07-27 15:27:14.743 joltshadow - docs §70.1: slipdense (player) f=668 w=0 grounded=0 kappa=0.000 fnGround=0 omega=1.55 | ftGround=0N target=-29.1 limit=149Nm motorNm=-149 tyreNm=0 inertia=1.78 limRot=0/0/0 omegaPre=2.30 posN=0/-6/0 susp=-0.0012 springN=24
INFO 2026-07-27 15:27:14.743 joltshadow - docs §70.1: slipdense (player) f=668 w=1 grounded=0 kappa=0.000 fnGround=0 omega=1.55 | ftGround=0N target=-29.1 limit=149Nm motorNm=-149 tyreNm=0 inertia=1.78 limRot=0/0/0 omegaPre=2.30 posN=0/-6/0 susp=-0.0018 springN=25
INFO 2026-07-27 15:27:14.743 joltshadow - docs §70.1: slipdense (player) f=668 w=2 grounded=0 kappa=0.000 fnGround=0 omega=1.52 | ftGround=0N target=-29.1 limit=149Nm motorNm=-149 tyreNm=0 inertia=1.82 limRot=0/0/-0 omegaPre=2.26 posN=0/-6/0 susp=0.0011 springN=-18
INFO 2026-07-27 15:27:14.743 joltshadow - docs §70.1: slipdense (player) f=668 w=3 grounded=0 kappa=0.000 fnGround=0 omega=1.52 | ftGround=0N target=-29.1 limit=149Nm motorNm=-149 tyreNm=0 inertia=1.82 limRot=0/0/-0 omegaPre=2.26 posN=0/-6/0 susp=0.0006 springN=-18
INFO 2026-07-27 15:27:14.743 joltshadow - docs §78: attdense (player) f=668 joltTilt=0.86 odeTilt=1.09 upDelta=0.23 wBody=(0.03,-0.00,0.00) |w|=0.03 grounded=0
INFO 2026-07-27 15:27:14.763 joltshadow - docs §82: resync (player) #16 dt=0.50s upMax=0.337 deg posMax=1.213 m odeTiltPath=0.009 deg gain=-1.0000
INFO 2026-07-27 15:27:14.763 joltshadow - docs §87: resync landing (player) w=0 pre=0.6046 post=-0.0095 m R=0.629 dY=-1.2077 dRotDeg=0.26 |corr|=1.2107 m
INFO 2026-07-27 15:27:14.763 joltshadow - docs §87: resync landing (player) w=1 pre=0.6032 post=-0.0091 m R=0.629 dY=-1.2077 dRotDeg=0.26 |corr|=1.2107 m
INFO 2026-07-27 15:27:14.763 joltshadow - docs §87: resync landing (player) w=2 pre=0.5423 post=-0.0096 m R=0.635 dY=-1.2077 dRotDeg=0.26 |corr|=1.2107 m
INFO 2026-07-27 15:27:14.764 joltshadow - docs §87: resync landing (player) w=3 pre=0.5406 post=-0.0092 m R=0.635 dY=-1.2077 dRotDeg=0.26 |corr|=1.2107 m
INFO 2026-07-27 15:27:14.764 joltshadow - docs §82: resync RESIDUAL (player) #16 pos=0.0000 m up=0.0000 deg
INFO 2026-07-27 15:27:14.784 joltshadow - docs §70.1: slipdense (player) f=672 w=0 grounded=1 kappa=-0.350 fnGround=1200 omega=-0.37 | ftGround=-236N target=-29.1 limit=149Nm motorNm=-149 tyreNm=139 inertia=1.78 limRot=0/-2/0 omegaPre=-0.28 posN=-3/162/0 susp=-0.4985 springN=2190
INFO 2026-07-27 15:27:14.784 joltshadow - docs §70.1: slipdense (player) f=672 w=1 grounded=1 kappa=-0.350 fnGround=1200 omega=-0.38 | ftGround=-236N target=-29.1 limit=149Nm motorNm=-149 tyreNm=139 inertia=1.78 limRot=0/-1/0 omegaPre=-0.28 posN=-3/162/0 susp=-0.4986 springN=2194
INFO 2026-07-27 15:27:14.784 joltshadow - docs §70.1: slipdense (player) f=672 w=2 grounded=1 kappa=-0.359 fnGround=1200 omega=-0.41 | ftGround=-242N target=-29.1 limit=149Nm motorNm=-149 tyreNm=138 inertia=1.82 limRot=0/-2/-0 omegaPre=-0.30 posN=-3/161/0 susp=-0.5376 springN=2580
INFO 2026-07-27 15:27:14.784 joltshadow - docs §70.1: slipdense (player) f=672 w=3 grounded=1 kappa=-0.359 fnGround=1199 omega=-0.41 | ftGround=-242N target=-29.1 limit=149Nm motorNm=-149 tyreNm=138 inertia=1.82 limRot=0/-2/0 omegaPre=-0.30 posN=-3/161/0 susp=-0.5378 springN=2586
INFO 2026-07-27 15:27:14.785 joltshadow - docs §78: attdense (player) f=672 joltTilt=0.90 odeTilt=1.08 upDelta=0.19 wBody=(-0.11,0.00,-0.01) |w|=0.11 grounded=4
INFO 2026-07-27 15:27:14.826 joltshadow - docs §70.1: slipdense (player) f=676 w=0 grounded=1 kappa=-0.315 fnGround=921 omega=-0.79 | ftGround=-213N target=-29.1 limit=149Nm motorNm=-149 tyreNm=127 inertia=1.78 limRot=0/-0/0 omegaPre=-0.64 posN=0/130/0 susp=-0.3287 springN=618
INFO 2026-07-27 15:27:14.827 joltshadow - docs §70.1: slipdense (player) f=676 w=1 grounded=1 kappa=-0.315 fnGround=926 omega=-0.79 | ftGround=-213N target=-29.1 limit=149Nm motorNm=-149 tyreNm=127 inertia=1.78 limRot=0/-0/0 omegaPre=-0.64 posN=0/130/0 susp=-0.3288 springN=623
INFO 2026-07-27 15:27:14.827 joltshadow - docs §70.1: slipdense (player) f=676 w=2 grounded=1 kappa=-0.316 fnGround=1200 omega=-0.78 | ftGround=-214N target=-29.1 limit=149Nm motorNm=-149 tyreNm=128 inertia=1.82 limRot=0/0/-0 omegaPre=-0.65 posN=0/128/0 susp=-0.4062 springN=1087
INFO 2026-07-27 15:27:14.827 joltshadow - docs §70.1: slipdense (player) f=676 w=3 grounded=1 kappa=-0.317 fnGround=1200 omega=-0.78 | ftGround=-214N target=-29.1 limit=149Nm motorNm=-149 tyreNm=128 inertia=1.82 limRot=0/0/-0 omegaPre=-0.65 posN=0/128/0 susp=-0.4063 springN=1092
INFO 2026-07-27 15:27:14.827 joltshadow - docs §78: attdense (player) f=676 joltTilt=1.11 odeTilt=1.08 upDelta=0.02 wBody=(-0.08,0.00,-0.01) |w|=0.08 grounded=4
INFO 2026-07-27 15:27:14.869 joltshadow - docs §70.1: slipdense (player) f=680 w=0 grounded=0 kappa=0.000 fnGround=0 omega=-0.55 | ftGround=0N target=29.1 limit=149Nm motorNm=149 tyreNm=0 inertia=1.78 limRot=0/0/0 omegaPre=-1.39 posN=-0/23/0 susp=-0.1566 springN=-187
INFO 2026-07-27 15:27:14.869 joltshadow - docs §70.1: slipdense (player) f=680 w=1 grounded=0 kappa=0.000 fnGround=0 omega=-0.55 | ftGround=0N target=29.1 limit=149Nm motorNm=149 tyreNm=0 inertia=1.78 limRot=0/0/0 omegaPre=-1.39 posN=-0/24/0 susp=-0.1549 springN=-190
INFO 2026-07-27 15:27:14.869 joltshadow - docs §70.1: slipdense (player) f=680 w=2 grounded=1 kappa=0.283 fnGround=372 omega=-0.67 | ftGround=226N target=29.1 limit=149Nm motorNm=149 tyreNm=-141 inertia=1.82 limRot=0/-1/0 omegaPre=-1.18 posN=-2/-210/0 susp=-0.2232 springN=127
INFO 2026-07-27 15:27:14.869 joltshadow - docs §70.1: slipdense (player) f=680 w=3 grounded=1 kappa=0.283 fnGround=368 omega=-0.67 | ftGround=226N target=29.1 limit=149Nm motorNm=149 tyreNm=-141 inertia=1.82 limRot=0/-1/0 omegaPre=-1.18 posN=-2/-209/0 susp=-0.2213 springN=123
INFO 2026-07-27 15:27:14.869 joltshadow - docs §78: attdense (player) f=680 joltTilt=1.13 odeTilt=1.08 upDelta=0.06 wBody=(0.04,0.00,-0.01) |w|=0.04 grounded=2
INFO 2026-07-27 15:27:14.908 joltshadow - docs §70.1: slipdense (player) f=684 w=0 grounded=0 kappa=0.000 fnGround=0 omega=2.71 | ftGround=0N target=29.1 limit=149Nm motorNm=149 tyreNm=0 inertia=1.78 limRot=0/-0/0 omegaPre=2.13 posN=0/-1/0 susp=-0.0460 springN=-311
INFO 2026-07-27 15:27:14.908 joltshadow - docs §70.1: slipdense (player) f=684 w=1 grounded=0 kappa=0.000 fnGround=0 omega=2.71 | ftGround=0N target=29.1 limit=149Nm motorNm=149 tyreNm=0 inertia=1.78 limRot=0/-0/0 omegaPre=2.12 posN=0/-1/0 susp=-0.0446 springN=-311
INFO 2026-07-27 15:27:14.908 joltshadow - docs §70.1: slipdense (player) f=684 w=2 grounded=0 kappa=0.000 fnGround=0 omega=2.13 | ftGround=0N target=29.1 limit=149Nm motorNm=149 tyreNm=0 inertia=1.82 limRot=0/0/-0 omegaPre=1.55 posN=0/-2/0 susp=-0.0867 springN=-317
INFO 2026-07-27 15:27:14.908 joltshadow - docs §70.1: slipdense (player) f=684 w=3 grounded=0 kappa=0.000 fnGround=0 omega=2.15 | ftGround=0N target=29.1 limit=149Nm motorNm=149 tyreNm=0 inertia=1.82 limRot=0/0/-0 omegaPre=1.57 posN=0/-2/0 susp=-0.0850 springN=-318
INFO 2026-07-27 15:27:14.908 joltshadow - docs §78: attdense (player) f=684 joltTilt=0.99 odeTilt=1.08 upDelta=0.11 wBody=(0.07,0.00,-0.01) |w|=0.07 grounded=0
INFO 2026-07-27 15:27:14.948 joltshadow - docs §70.1: slipdense (player) f=688 w=0 grounded=0 kappa=0.000 fnGround=0 omega=6.06 | ftGround=0N target=29.1 limit=149Nm motorNm=149 tyreNm=0 inertia=1.78 limRot=0/-0/0 omegaPre=5.14 posN=0/8/0 susp=-0.0018 springN=-158
INFO 2026-07-27 15:27:14.948 joltshadow - docs §70.1: slipdense (player) f=688 w=1 grounded=0 kappa=0.000 fnGround=0 omega=6.06 | ftGround=0N target=29.1 limit=149Nm motorNm=149 tyreNm=0 inertia=1.78 limRot=0/-0/0 omegaPre=5.14 posN=0/8/0 susp=-0.0002 springN=-159
INFO 2026-07-27 15:27:14.948 joltshadow - docs §70.1: slipdense (player) f=688 w=2 grounded=0 kappa=0.000 fnGround=0 omega=5.41 | ftGround=0N target=29.1 limit=149Nm motorNm=149 tyreNm=0 inertia=1.82 limRot=0/-0/-0 omegaPre=4.51 posN=0/7/0 susp=-0.0155 springN=-222
INFO 2026-07-27 15:27:14.949 joltshadow - docs §70.1: slipdense (player) f=688 w=3 grounded=0 kappa=0.000 fnGround=0 omega=5.43 | ftGround=0N target=29.1 limit=149Nm motorNm=149 tyreNm=0 inertia=1.82 limRot=0/-0/-0 omegaPre=4.53 posN=0/7/0 susp=-0.0137 springN=-223
INFO 2026-07-27 15:27:14.949 joltshadow - docs §78: attdense (player) f=688 joltTilt=0.85 odeTilt=1.08 upDelta=0.24 wBody=(0.04,0.00,-0.01) |w|=0.05 grounded=0
INFO 2026-07-27 15:27:14.993 joltshadow - docs §70.1: slipdense (player) f=692 w=0 grounded=0 kappa=0.000 fnGround=0 omega=9.82 | ftGround=0N target=29.1 limit=149Nm motorNm=149 tyreNm=0 inertia=1.78 limRot=0/0/0 omegaPre=8.90 posN=0/9/0 susp=0.0070 springN=-48
INFO 2026-07-27 15:27:14.993 joltshadow - docs §70.1: slipdense (player) f=692 w=1 grounded=0 kappa=0.000 fnGround=0 omega=9.82 | ftGround=0N target=29.1 limit=149Nm motorNm=149 tyreNm=0 inertia=1.78 limRot=0/0/0 omegaPre=8.90 posN=0/9/0 susp=0.0084 springN=-47
INFO 2026-07-27 15:27:14.993 joltshadow - docs §70.1: slipdense (player) f=692 w=2 grounded=0 kappa=0.000 fnGround=0 omega=9.11 | ftGround=0N target=29.1 limit=149Nm motorNm=149 tyreNm=0 inertia=1.82 limRot=0/0/-0 omegaPre=8.20 posN=0/8/0 susp=0.0046 springN=-60
INFO 2026-07-27 15:27:14.993 joltshadow - docs §70.1: slipdense (player) f=692 w=3 grounded=0 kappa=0.000 fnGround=0 omega=9.13 | ftGround=0N target=29.1 limit=149Nm motorNm=149 tyreNm=0 inertia=1.82 limRot=0/0/-0 omegaPre=8.22 posN=0/8/0 susp=0.0061 springN=-60
INFO 2026-07-27 15:27:14.993 joltshadow - docs §78: attdense (player) f=692 joltTilt=0.81 odeTilt=1.08 upDelta=0.29 wBody=(-0.00,0.00,-0.01) |w|=0.01 grounded=0
INFO 2026-07-27 15:27:15.030 joltshadow - docs §70.1: slipdense (player) f=696 w=0 grounded=0 kappa=0.000 fnGround=0 omega=12.92 | ftGround=0N target=29.1 limit=149Nm motorNm=149 tyreNm=0 inertia=1.78 limRot=0/0/0 omegaPre=12.17 posN=0/8/0 susp=0.0056 springN=-19
INFO 2026-07-27 15:27:15.030 joltshadow - docs §70.1: slipdense (player) f=696 w=1 grounded=0 kappa=0.000 fnGround=0 omega=12.92 | ftGround=0N target=29.1 limit=149Nm motorNm=149 tyreNm=0 inertia=1.78 limRot=0/0/0 omegaPre=12.17 posN=0/8/0 susp=0.0064 springN=-17
INFO 2026-07-27 15:27:15.030 joltshadow - docs §70.1: slipdense (player) f=696 w=2 grounded=0 kappa=0.000 fnGround=0 omega=12.14 | ftGround=0N target=29.1 limit=149Nm motorNm=149 tyreNm=0 inertia=1.82 limRot=0/0/0 omegaPre=11.40 posN=0/8/0 susp=0.0037 springN=2
INFO 2026-07-27 15:27:15.030 joltshadow - docs §70.1: slipdense (player) f=696 w=3 grounded=0 kappa=0.000 fnGround=0 omega=12.16 | ftGround=0N target=29.1 limit=149Nm motorNm=149 tyreNm=0 inertia=1.82 limRot=0/0/0 omegaPre=11.42 posN=0/8/0 susp=0.0046 springN=4
INFO 2026-07-27 15:27:15.030 joltshadow - docs §78: attdense (player) f=696 joltTilt=0.85 odeTilt=1.08 upDelta=0.25 wBody=(-0.04,0.00,-0.01) |w|=0.04 grounded=0
INFO 2026-07-27 15:27:15.070 joltshadow - docs §70.1: slipdense (player) f=700 w=0 grounded=0 kappa=0.000 fnGround=0 omega=9.49 | ftGround=0N target=-29.1 limit=149Nm motorNm=-149 tyreNm=0 inertia=1.78 limRot=0/0/0 omegaPre=10.41 posN=0/-7/0 susp=0.0013 springN=24
INFO 2026-07-27 15:27:15.071 joltshadow - docs §70.1: slipdense (player) f=700 w=1 grounded=0 kappa=0.000 fnGround=0 omega=9.49 | ftGround=0N target=-29.1 limit=149Nm motorNm=-149 tyreNm=0 inertia=1.78 limRot=0/0/0 omegaPre=10.41 posN=0/-7/0 susp=0.0016 springN=26
INFO 2026-07-27 15:27:15.071 joltshadow - docs §70.1: slipdense (player) f=700 w=2 grounded=0 kappa=0.000 fnGround=0 omega=8.78 | ftGround=0N target=-29.1 limit=149Nm motorNm=-149 tyreNm=0 inertia=1.82 limRot=0/0/0 omegaPre=9.68 posN=0/-7/0 susp=0.0019 springN=-6
INFO 2026-07-27 15:27:15.071 joltshadow - docs §70.1: slipdense (player) f=700 w=3 grounded=0 kappa=0.000 fnGround=0 omega=8.80 | ftGround=0N target=-29.1 limit=149Nm motorNm=-149 tyreNm=0 inertia=1.82 limRot=0/0/0 omegaPre=9.70 posN=0/-7/0 susp=0.0023 springN=-4
INFO 2026-07-27 15:27:15.071 joltshadow - docs §78: attdense (player) f=700 joltTilt=0.88 odeTilt=1.08 upDelta=0.22 wBody=(0.00,-0.00,-0.00) |w|=0.01 grounded=0
INFO 2026-07-27 15:27:15.122 joltshadow - docs §70.1: slipdense (player) f=704 w=0 grounded=0 kappa=0.000 fnGround=0 omega=9.41 | ftGround=0N target=29.1 limit=149Nm motorNm=149 tyreNm=0 inertia=1.78 limRot=0/1/0 omegaPre=8.40 posN=-0/9/0 susp=-0.0013 springN=-3
INFO 2026-07-27 15:27:15.122 joltshadow - docs §70.1: slipdense (player) f=704 w=1 grounded=0 kappa=0.000 fnGround=0 omega=9.41 | ftGround=0N target=29.1 limit=149Nm motorNm=149 tyreNm=0 inertia=1.78 limRot=0/1/0 omegaPre=8.40 posN=-0/9/0 susp=-0.0007 springN=-3
INFO 2026-07-27 15:27:15.122 joltshadow - docs §70.1: slipdense (player) f=704 w=2 grounded=0 kappa=0.000 fnGround=0 omega=8.70 | ftGround=0N target=29.1 limit=149Nm motorNm=149 tyreNm=0 inertia=1.82 limRot=0/0/-0 omegaPre=7.71 posN=0/8/0 susp=0.0005 springN=8
INFO 2026-07-27 15:27:15.122 joltshadow - docs §70.1: slipdense (player) f=704 w=3 grounded=0 kappa=0.000 fnGround=0 omega=8.72 | ftGround=0N target=29.1 limit=149Nm motorNm=149 tyreNm=0 inertia=1.82 limRot=0/-0/-0 omegaPre=7.73 posN=0/9/0 susp=0.0012 springN=8
INFO 2026-07-27 15:27:15.122 joltshadow - docs §78: attdense (player) f=704 joltTilt=0.85 odeTilt=1.08 upDelta=0.25 wBody=(-0.01,-0.00,-0.00) |w|=0.01 grounded=0
INFO 2026-07-27 15:27:15.162 joltshadow - docs §70.1: slipdense (player) f=708 w=0 grounded=0 kappa=0.000 fnGround=0 omega=12.75 | ftGround=0N target=29.1 limit=149Nm motorNm=149 tyreNm=0 inertia=1.78 limRot=0/0/0 omegaPre=12.00 posN=-0/6/0 susp=0.0011 springN=-22
INFO 2026-07-27 15:27:15.162 joltshadow - docs §70.1: slipdense (player) f=708 w=1 grounded=0 kappa=0.000 fnGround=0 omega=12.75 | ftGround=0N target=29.1 limit=149Nm motorNm=149 tyreNm=0 inertia=1.78 limRot=0/0/0 omegaPre=12.00 posN=-0/7/0 susp=0.0013 springN=-21
INFO 2026-07-27 15:27:15.162 joltshadow - docs §70.1: slipdense (player) f=708 w=2 grounded=0 kappa=0.000 fnGround=0 omega=11.98 | ftGround=0N target=29.1 limit=149Nm motorNm=149 tyreNm=0 inertia=1.82 limRot=0/0/0 omegaPre=11.24 posN=1/6/0 susp=-0.0012 springN=18
INFO 2026-07-27 15:27:15.162 joltshadow - docs §70.1: slipdense (player) f=708 w=3 grounded=0 kappa=0.000 fnGround=0 omega=12.00 | ftGround=0N target=29.1 limit=149Nm motorNm=149 tyreNm=0 inertia=1.82 limRot=0/0/0 omegaPre=11.26 posN=1/7/0 susp=-0.0010 springN=19
INFO 2026-07-27 15:27:15.162 joltshadow - docs §78: attdense (player) f=708 joltTilt=0.91 odeTilt=1.09 upDelta=0.18 wBody=(-0.04,-0.00,-0.00) |w|=0.04 grounded=0
INFO 2026-07-27 15:27:15.205 joltshadow - docs §70.1: slipdense (player) f=712 w=0 grounded=0 kappa=0.000 fnGround=0 omega=16.35 | ftGround=0N target=29.1 limit=149Nm motorNm=149 tyreNm=0 inertia=1.78 limRot=0/-16/0 omegaPre=15.60 posN=-1/6/0 susp=0.0028 springN=-23
INFO 2026-07-27 15:27:15.205 joltshadow - docs §70.1: slipdense (player) f=712 w=1 grounded=0 kappa=0.000 fnGround=0 omega=16.35 | ftGround=0N target=29.1 limit=149Nm motorNm=149 tyreNm=0 inertia=1.78 limRot=0/-23/0 omegaPre=15.60 posN=-1/7/0 susp=0.0025 springN=-22
INFO 2026-07-27 15:27:15.205 joltshadow - docs §70.1: slipdense (player) f=712 w=2 grounded=0 kappa=0.000 fnGround=0 omega=15.51 | ftGround=0N target=29.1 limit=149Nm motorNm=149 tyreNm=0 inertia=1.82 limRot=0/0/0 omegaPre=14.77 posN=3/6/0 susp=-0.0020 springN=17
INFO 2026-07-27 15:27:15.205 joltshadow - docs §70.1: slipdense (player) f=712 w=3 grounded=0 kappa=0.000 fnGround=0 omega=15.53 | ftGround=0N target=29.1 limit=149Nm motorNm=149 tyreNm=0 inertia=1.82 limRot=0/0/0 omegaPre=14.79 posN=3/8/0 susp=-0.0024 springN=17
INFO 2026-07-27 15:27:15.205 joltshadow - docs §78: attdense (player) f=712 joltTilt=1.05 odeTilt=1.09 upDelta=0.05 wBody=(-0.07,-0.00,0.00) |w|=0.07 grounded=0
INFO 2026-07-27 15:27:15.242 joltshadow - docs §70.1: slipdense (player) f=716 w=0 grounded=0 kappa=0.000 fnGround=0 omega=18.07 | ftGround=0N target=-46.5 limit=93Nm motorNm=-93 tyreNm=0 inertia=1.78 limRot=0/-432/0 omegaPre=18.49 posN=-11/-15/0 susp=0.0031 springN=-6
INFO 2026-07-27 15:27:15.242 joltshadow - docs §70.1: slipdense (player) f=716 w=1 grounded=0 kappa=0.000 fnGround=0 omega=18.07 | ftGround=0N target=-46.5 limit=93Nm motorNm=-93 tyreNm=0 inertia=1.78 limRot=0/-605/0 omegaPre=18.49 posN=-11/1/0 susp=0.0024 springN=-12
INFO 2026-07-27 15:27:15.242 joltshadow - docs §70.1: slipdense (player) f=716 w=2 grounded=0 kappa=0.000 fnGround=0 omega=17.20 | ftGround=0N target=-46.5 limit=93Nm motorNm=-93 tyreNm=0 inertia=1.82 limRot=0/1/1 omegaPre=17.61 posN=20/-16/0 susp=-0.0018 springN=11
INFO 2026-07-27 15:27:15.242 joltshadow - docs §70.1: slipdense (player) f=716 w=3 grounded=0 kappa=0.000 fnGround=0 omega=17.22 | ftGround=0N target=-46.5 limit=93Nm motorNm=-93 tyreNm=0 inertia=1.82 limRot=0/1/1 omegaPre=17.63 posN=20/3/0 susp=-0.0026 springN=4
INFO 2026-07-27 15:27:15.242 joltshadow - docs §78: attdense (player) f=716 joltTilt=1.23 odeTilt=1.09 upDelta=0.15 wBody=(-0.08,-0.01,0.02) |w|=0.09 grounded=0
INFO 2026-07-27 15:27:15.262 joltshadow - docs §82: resync (player) #17 dt=0.50s upMax=0.293 deg posMax=1.232 m odeTiltPath=0.007 deg gain=-1.0000
INFO 2026-07-27 15:27:15.263 joltshadow - docs §87: resync landing (player) w=0 pre=0.6121 post=-0.0095 m R=0.629 dY=-1.2008 dRotDeg=0.25 |corr|=1.2320 m
INFO 2026-07-27 15:27:15.263 joltshadow - docs §87: resync landing (player) w=1 pre=0.6144 post=-0.0091 m R=0.629 dY=-1.2008 dRotDeg=0.25 |corr|=1.2320 m
INFO 2026-07-27 15:27:15.263 joltshadow - docs §87: resync landing (player) w=2 pre=0.5186 post=-0.0096 m R=0.635 dY=-1.2008 dRotDeg=0.25 |corr|=1.2320 m
INFO 2026-07-27 15:27:15.263 joltshadow - docs §87: resync landing (player) w=3 pre=0.5211 post=-0.0092 m R=0.635 dY=-1.2008 dRotDeg=0.25 |corr|=1.2320 m
INFO 2026-07-27 15:27:15.263 joltshadow - docs §82: resync RESIDUAL (player) #17 pos=0.0000 m up=0.0000 deg
INFO 2026-07-27 15:27:15.287 joltshadow - docs §70.1: slipdense (player) f=720 w=0 grounded=1 kappa=-0.153 fnGround=1195 omega=2.16 | ftGround=-333N target=-29.1 limit=149Nm motorNm=-149 tyreNm=203 inertia=1.78 limRot=0/-2982/0 omegaPre=9.62 posN=103/323/0 susp=-0.4898 springN=1983
INFO 2026-07-27 15:27:15.287 joltshadow - docs §70.1: slipdense (player) f=720 w=1 grounded=1 kappa=0.091 fnGround=1193 omega=1.87 | ftGround=168N target=-29.1 limit=149Nm motorNm=-149 tyreNm=-97 inertia=1.78 limRot=0/-3077/0 omegaPre=9.43 posN=-207/-98/0 susp=-0.4888 springN=1953
INFO 2026-07-27 15:27:15.287 joltshadow - docs §70.1: slipdense (player) f=720 w=2 grounded=1 kappa=0.056 fnGround=1199 omega=2.20 | ftGround=115N target=-29.1 limit=149Nm motorNm=-149 tyreNm=-62 inertia=1.82 limRot=0/66/2 omegaPre=9.35 posN=95/-113/0 susp=-0.5350 springN=2599
INFO 2026-07-27 15:27:15.287 joltshadow - docs §70.1: slipdense (player) f=720 w=3 grounded=1 kappa=0.244 fnGround=1200 omega=1.85 | ftGround=420N target=-29.1 limit=149Nm motorNm=-149 tyreNm=-238 inertia=1.82 limRot=0/67/1 omegaPre=9.12 posN=95/-416/0 susp=-0.5343 springN=2568
INFO 2026-07-27 15:27:15.287 joltshadow - docs §78: attdense (player) f=720 joltTilt=0.97 odeTilt=1.08 upDelta=0.12 wBody=(-0.26,0.09,0.04) |w|=0.28 grounded=4
INFO 2026-07-27 15:27:15.287 joltshadow - Shadow divergence (player): pos=1.377m vel=2.717m/s angle=0.1deg (jolt com=[4668.5 259.3 1251.9] ode com=[4668.5 258.0 1251.5])
INFO 2026-07-27 15:27:15.287 joltshadow - docs §23.6: driver input (player) realThrottle=-10.00 brake=0.01 handBrake=0 steerRad=0.000
INFO 2026-07-27 15:27:15.287 joltshadow - docs §32: Jolt SHADOW chassis pitch (player) forward=(-0.224, 0.017, -0.974)
INFO 2026-07-27 15:27:15.287 joltshadow - docs §69: tilt (player) jolt=1.0 deg ode=1.1 deg delta=-0.1 deg upDelta=0.12 deg
INFO 2026-07-27 15:27:15.287 joltshadow - docs §32.4: Jolt SHADOW chassis lowest corner (player) = (4670.70,257.93,1254.63) clearanceToGround=-1.000 (no ground found within 20m straight down)
INFO 2026-07-27 15:27:15.287 joltshadow - docs §23.5: wheel state (player) wheel=0 contact=0 suspLen=1.050 (range 0.050-1.050, 0% compressed) angVel=0.00
INFO 2026-07-27 15:27:15.287 joltshadow - docs §38.11: wheel=0 NO contact, worldAxle=(0.975,-0.001,-0.224)
INFO 2026-07-27 15:27:15.287 joltshadow - docs §32: no-contact raycast (player) wheel=0 bodyPos=(4668.45,258.57,1251.49) localMPos=(-1.155,0.060,2.270) origin=(4669.07,258.67,1249.02) dir=(-0.004,-1.000,-0.016) normalRayLen=1.679 groundFoundAt=0.000 shortfallBeyondTravel=-1.679 hitBody=8391031 hitLayer=4 hitMotion=2 hitIsSelfChassis=0
INFO 2026-07-27 15:27:15.287 joltshadow - docs §23.5: wheel state (player) wheel=1 contact=0 suspLen=1.050 (range 0.050-1.050, 0% compressed) angVel=0.00
INFO 2026-07-27 15:27:15.287 joltshadow - docs §38.11: wheel=1 NO contact, worldAxle=(0.975,-0.001,-0.224)
INFO 2026-07-27 15:27:15.287 joltshadow - docs §32: no-contact raycast (player) wheel=1 bodyPos=(4668.45,258.57,1251.49) localMPos=(1.155,0.059,2.270) origin=(4666.82,258.67,1249.54) dir=(-0.004,-1.000,-0.016) normalRayLen=1.679 groundFoundAt=0.000 shortfallBeyondTravel=-1.679 hitBody=8391032 hitLayer=4 hitMotion=2 hitIsSelfChassis=0
INFO 2026-07-27 15:27:15.287 joltshadow - docs §23.5: wheel state (player) wheel=2 contact=0 suspLen=1.050 (range 0.050-1.050, 0% compressed) angVel=0.00
INFO 2026-07-27 15:27:15.287 joltshadow - docs §38.11: wheel=2 NO contact, worldAxle=(0.975,-0.001,-0.224)
INFO 2026-07-27 15:27:15.287 joltshadow - docs §32: no-contact raycast (player) wheel=2 bodyPos=(4668.45,258.57,1251.49) localMPos=(-1.253,0.145,-2.062) origin=(4670.13,258.68,1253.22) dir=(-0.004,-1.000,-0.016) normalRayLen=1.685 groundFoundAt=0.000 shortfallBeyondTravel=-1.685 hitBody=8391033 hitLayer=4 hitMotion=2 hitIsSelfChassis=0
INFO 2026-07-27 15:27:15.287 joltshadow - docs §23.5: wheel state (player) wheel=3 contact=0 suspLen=1.050 (range 0.050-1.050, 0% compressed) angVel=0.00
INFO 2026-07-27 15:27:15.287 joltshadow - docs §38.11: wheel=3 NO contact, worldAxle=(0.975,-0.001,-0.224)
INFO 2026-07-27 15:27:15.287 joltshadow - docs §32: no-contact raycast (player) wheel=3 bodyPos=(4668.45,258.57,1251.49) localMPos=(1.253,0.146,-2.062) origin=(4667.69,258.68,1253.79) dir=(-0.004,-1.000,-0.016) normalRayLen=1.685 groundFoundAt=0.000 shortfallBeyondTravel=-1.685 hitBody=8391034 hitLayer=4 hitMotion=2 hitIsSelfChassis=0
INFO 2026-07-27 15:27:15.287 joltshadow - docs §59/63: harvest (player) wheelsWithContact=4 contactPoints=8 overflow=0 (of 4) | maxNormalF=1200N bound(k_t*tau)=1200N ratio=1.00
INFO 2026-07-27 15:27:15.288 joltshadow - docs §58: wheel body (player) w=0 springF=1983N stopF=0N travel=-0.4898 (limits -0.5000..0.5000 rel spawn) kSusp=6000 sagPredicted=0.3304 | frameTrav=-0.5100..-0.4898 frameStopN=0
INFO 2026-07-27 15:27:15.288 joltshadow - docs §66: tyre band (player) w=0 fnGround=1195N fnTotal=1200N pen=0.01000 penRaw=0.03455 tau=0.01000 pen/tau=1.00 | recs tyre=1 rim=1 survived=1 stale=0 distMax=0.95R
INFO 2026-07-27 15:27:15.288 joltshadow - docs §68: steer (player) w=0 steerable=1 commanded=0.000 rad measured=0.276 rad err=15.80 deg steerSign=-1 steerTq=3006Nm cap=3006Nm sat=1.00
INFO 2026-07-27 15:27:15.288 joltshadow - docs §70: slip (player) w=0 grounded=1 kappa=-0.153 fnGround=1195N omega=2.16
INFO 2026-07-27 15:27:15.288 joltshadow - docs §67: spin (player) w=0 driven=1 omega=2.16 rad/s surfaceSpeed=1.36 m/s spinSign=+1 motorTq=-149Nm cmdTq=149Nm
INFO 2026-07-27 15:27:15.288 joltshadow - docs §58: wheel body (player) w=1 springF=1953N stopF=0N travel=-0.4888 (limits -0.5000..0.5000 rel spawn) kSusp=6000 sagPredicted=0.3255 | frameTrav=-0.5098..-0.4888 frameStopN=0
INFO 2026-07-27 15:27:15.288 joltshadow - docs §66: tyre band (player) w=1 fnGround=1193N fnTotal=1200N pen=0.01000 penRaw=0.03437 tau=0.01000 pen/tau=1.00 | recs tyre=1 rim=1 survived=1 stale=0 distMax=0.95R
INFO 2026-07-27 15:27:15.288 joltshadow - docs §68: steer (player) w=1 steerable=1 commanded=0.000 rad measured=0.359 rad err=20.59 deg steerSign=-1 steerTq=3000Nm cap=3000Nm sat=1.00
INFO 2026-07-27 15:27:15.288 joltshadow - docs §70: slip (player) w=1 grounded=1 kappa=0.091 fnGround=1193N omega=1.87
INFO 2026-07-27 15:27:15.288 joltshadow - docs §67: spin (player) w=1 driven=1 omega=1.87 rad/s surfaceSpeed=1.18 m/s spinSign=+1 motorTq=-149Nm cmdTq=149Nm
INFO 2026-07-27 15:27:15.288 joltshadow - docs §58: wheel body (player) w=2 springF=2599N stopF=0N travel=-0.5350 (limits -0.5000..0.5000 rel spawn) kSusp=6000 sagPredicted=0.4332 | frameTrav=-0.5524..-0.5350 frameStopN=0
INFO 2026-07-27 15:27:15.288 joltshadow - docs §66: tyre band (player) w=2 fnGround=1199N fnTotal=1200N pen=0.01000 penRaw=0.06164 tau=0.01000 pen/tau=1.00 | recs tyre=1 rim=1 survived=1 stale=0 distMax=0.90R
INFO 2026-07-27 15:27:15.288 joltshadow - docs §68: steer (player) w=2 steerable=0 commanded=0.000 rad measured=-0.000 rad err=-0.00 deg steerSign=-1 steerTq=0Nm cap=340282346638528859811704183484516925440Nm sat=0.00
INFO 2026-07-27 15:27:15.288 joltshadow - docs §70: slip (player) w=2 grounded=1 kappa=0.056 fnGround=1199N omega=2.20
INFO 2026-07-27 15:27:15.288 joltshadow - docs §67: spin (player) w=2 driven=1 omega=2.20 rad/s surfaceSpeed=1.40 m/s spinSign=+1 motorTq=-149Nm cmdTq=149Nm
INFO 2026-07-27 15:27:15.288 joltshadow - docs §58: wheel body (player) w=3 springF=2568N stopF=0N travel=-0.5343 (limits -0.5000..0.5000 rel spawn) kSusp=6000 sagPredicted=0.4280 | frameTrav=-0.5521..-0.5343 frameStopN=0
INFO 2026-07-27 15:27:15.288 joltshadow - docs §66: tyre band (player) w=3 fnGround=1200N fnTotal=1200N pen=0.01000 penRaw=0.06137 tau=0.01000 pen/tau=1.00 | recs tyre=1 rim=1 survived=1 stale=0 distMax=0.90R
INFO 2026-07-27 15:27:15.288 joltshadow - docs §68: steer (player) w=3 steerable=0 commanded=0.000 rad measured=0.000 rad err=0.00 deg steerSign=-1 steerTq=0Nm cap=340282346638528859811704183484516925440Nm sat=0.00
INFO 2026-07-27 15:27:15.288 joltshadow - docs §70: slip (player) w=3 grounded=1 kappa=0.244 fnGround=1200N omega=1.85
INFO 2026-07-27 15:27:15.289 joltshadow - docs §67: spin (player) w=3 driven=1 omega=1.85 rad/s surfaceSpeed=1.17 m/s spinSign=+1 motorTq=-149Nm cmdTq=149Nm
INFO 2026-07-27 15:27:15.289 joltshadow - docs §67: drivetrain (player) gear=0 rpm=1935 driveTorque=600Nm perWheel=150Nm driven=4 throttle=-1.00 spin=1 | PRE-STEP brake=0.01 handBrake=0
INFO 2026-07-27 15:27:15.289 joltshadow - docs §66: tyre band SUM (player) fnGroundSum=4786N fnTotalSum=4800N weight=942N carried=5.10 | penSum=0.04000 recs tyre=4 rim=4 stale=0
INFO 2026-07-27 15:27:15.289 joltshadow - docs §30: REAL ODE chassis COM (player) body=54C8BDB0 = (4668.454, 257.995, 1251.496) forward=(-0.223, 0.019, -0.975)
INFO 2026-07-27 15:27:15.289 joltshadow - docs §33: real ODE chassis geom (player) #1 = class 0 (not a transform) pos=(4668.454,257.995,1251.496) radius=4.500
INFO 2026-07-27 15:27:15.289 joltshadow - docs §33: real ODE chassis geom (player) #2 = transform, inner class=1 pos=(0.000,1.095,-0.495)
INFO 2026-07-27 15:27:15.289 joltshadow - docs §33: real ODE chassis geom (player) #3 = transform, inner class=1 pos=(0.353,3.466,0.718)
INFO 2026-07-27 15:27:15.289 joltshadow - docs §33: real ODE chassis geom (player) #4 = transform, inner class=1 pos=(0.000,1.818,1.842)
INFO 2026-07-27 15:27:15.289 joltshadow - docs §33: real ODE chassis geom (player) #5 = transform, inner class=1 pos=(0.006,1.981,-2.113)
INFO 2026-07-27 15:27:15.289 joltshadow - docs §33: real ODE chassis geom (player) #6 = class 0 (not a transform) pos=(4668.454,257.995,1251.496) radius=30.000
INFO 2026-07-27 15:27:15.289 joltshadow - docs §33: real ODE chassis geom (player) #7 = class 0 (not a transform) pos=(4668.454,257.995,1251.496) radius=6.436
INFO 2026-07-27 15:27:15.289 joltshadow - docs §33: real ODE chassis geom (player) #8 = class 0 (not a transform) pos=(4668.454,257.995,1251.496) radius=200.000
INFO 2026-07-27 15:27:15.289 joltshadow - docs §33: real ODE chassis (player) has 8 total geom(s) directly attached (4 transform(s)) - compare against BuildChassisCompoundShape's own part/geom count in the build log
INFO 2026-07-27 15:27:15.289 joltshadow - docs §28: REAL ODE wheel state (player) wheel=0 displacement=0.0220 range=1.000 (2% compressed, signed) foreAft=2.270 localZ=2.270 cfm=0.002500 erp=0.2500
INFO 2026-07-27 15:27:15.289 joltshadow - docs §28: REAL ODE wheel state (player) wheel=1 displacement=0.0225 range=1.000 (2% compressed, signed) foreAft=2.270 localZ=2.270 cfm=0.002500 erp=0.2500
INFO 2026-07-27 15:27:15.289 joltshadow - docs §28: REAL ODE wheel state (player) wheel=2 displacement=0.0246 range=1.000 (2% compressed, signed) foreAft=-2.062 localZ=-2.062 cfm=0.002500 erp=0.2500
INFO 2026-07-27 15:27:15.289 joltshadow - docs §28: REAL ODE wheel state (player) wheel=3 displacement=0.0242 range=1.000 (2% compressed, signed) foreAft=-2.062 localZ=-2.062 cfm=0.002500 erp=0.2500
INFO 2026-07-27 15:27:15.332 joltshadow - docs §70.1: slipdense (player) f=724 w=0 grounded=1 kappa=-0.106 fnGround=680 omega=1.57 | ftGround=-176N target=-29.1 limit=149Nm motorNm=-149 tyreNm=109 inertia=1.78 limRot=0/-229/0 omegaPre=1.84 posN=403/26/0 susp=-0.2919 springN=378
INFO 2026-07-27 15:27:15.332 joltshadow - docs §70.1: slipdense (player) f=724 w=1 grounded=1 kappa=-0.140 fnGround=699 omega=1.43 | ftGround=-215N target=-29.1 limit=149Nm motorNm=-149 tyreNm=132 inertia=1.78 limRot=0/-1626/0 omegaPre=1.56 posN=180/125/0 susp=-0.2913 springN=419
INFO 2026-07-27 15:27:15.333 joltshadow - docs §70.1: slipdense (player) f=724 w=2 grounded=1 kappa=-0.114 fnGround=1190 omega=1.55 | ftGround=-187N target=-29.1 limit=149Nm motorNm=-149 tyreNm=117 inertia=1.82 limRot=0/-144/-1 omegaPre=1.75 posN=-221/59/0 susp=-0.3917 springN=990
INFO 2026-07-27 15:27:15.333 joltshadow - docs §70.1: slipdense (player) f=724 w=3 grounded=1 kappa=-0.155 fnGround=1199 omega=1.36 | ftGround=-229N target=-29.1 limit=149Nm motorNm=-149 tyreNm=142 inertia=1.82 limRot=0/-144/-1 omegaPre=1.41 posN=-221/179/0 susp=-0.3912 springN=1038
INFO 2026-07-27 15:27:15.333 joltshadow - docs §78: attdense (player) f=724 joltTilt=1.46 odeTilt=1.08 upDelta=0.38 wBody=(-0.13,0.03,-0.08) |w|=0.16 grounded=4
INFO 2026-07-27 15:27:15.374 joltshadow - docs §70.1: slipdense (player) f=728 w=0 grounded=0 kappa=0.000 fnGround=0 omega=-0.84 | ftGround=0N target=-29.1 limit=149Nm motorNm=-149 tyreNm=0 inertia=1.78 limRot=0/801/0 omegaPre=-0.01 posN=-7/-67/0 susp=-0.1216 springN=-283
INFO 2026-07-27 15:27:15.374 joltshadow - docs §70.1: slipdense (player) f=728 w=1 grounded=0 kappa=0.000 fnGround=0 omega=-0.56 | ftGround=0N target=-29.1 limit=149Nm motorNm=-149 tyreNm=0 inertia=1.78 limRot=0/802/0 omegaPre=0.27 posN=-7/-63/0 susp=-0.1271 springN=-250
INFO 2026-07-27 15:27:15.374 joltshadow - docs §70.1: slipdense (player) f=728 w=2 grounded=1 kappa=-0.222 fnGround=301 omega=0.78 | ftGround=-198N target=-29.1 limit=149Nm motorNm=-149 tyreNm=125 inertia=1.82 limRot=0/26/1 omegaPre=0.95 posN=41/127/0 susp=-0.2083 springN=58
INFO 2026-07-27 15:27:15.374 joltshadow - docs §70.1: slipdense (player) f=728 w=3 grounded=1 kappa=-0.195 fnGround=370 omega=0.94 | ftGround=-200N target=-29.1 limit=149Nm motorNm=-149 tyreNm=126 inertia=1.82 limRot=0/27/1 omegaPre=1.11 posN=42/131/0 susp=-0.2155 springN=127
INFO 2026-07-27 15:27:15.374 joltshadow - docs §78: attdense (player) f=728 joltTilt=1.53 odeTilt=1.08 upDelta=0.48 wBody=(0.08,-0.04,-0.06) |w|=0.11 grounded=2
INFO 2026-07-27 15:27:15.416 joltshadow - docs §70.1: slipdense (player) f=732 w=0 grounded=0 kappa=0.000 fnGround=0 omega=2.76 | ftGround=0N target=29.1 limit=149Nm motorNm=149 tyreNm=0 inertia=1.78 limRot=0/793/0 omegaPre=1.83 posN=-14/-3/0 susp=-0.0247 springN=-262
INFO 2026-07-27 15:27:15.417 joltshadow - docs §70.1: slipdense (player) f=732 w=1 grounded=0 kappa=0.000 fnGround=0 omega=3.03 | ftGround=0N target=29.1 limit=149Nm motorNm=149 tyreNm=0 inertia=1.78 limRot=0/801/0 omegaPre=2.11 posN=-14/6/0 susp=-0.0263 springN=-266
INFO 2026-07-27 15:27:15.417 joltshadow - docs §70.1: slipdense (player) f=732 w=2 grounded=0 kappa=0.000 fnGround=0 omega=4.31 | ftGround=0N target=29.1 limit=149Nm motorNm=149 tyreNm=0 inertia=1.82 limRot=0/-0/1 omegaPre=3.41 posN=3/-5/0 susp=-0.0671 springN=-326
INFO 2026-07-27 15:27:15.417 joltshadow - docs §70.1: slipdense (player) f=732 w=3 grounded=0 kappa=0.000 fnGround=0 omega=4.70 | ftGround=0N target=29.1 limit=149Nm motorNm=149 tyreNm=0 inertia=1.82 limRot=0/-0/1 omegaPre=3.80 posN=3/5/0 susp=-0.0732 springN=-305
INFO 2026-07-27 15:27:15.417 joltshadow - docs §78: attdense (player) f=732 joltTilt=1.31 odeTilt=1.08 upDelta=0.37 wBody=(0.10,-0.05,-0.06) |w|=0.13 grounded=0
INFO 2026-07-27 15:27:15.460 joltshadow - docs §70.1: slipdense (player) f=736 w=0 grounded=0 kappa=0.000 fnGround=0 omega=6.35 | ftGround=0N target=29.1 limit=149Nm motorNm=149 tyreNm=0 inertia=1.78 limRot=0/-792/0 omegaPre=5.43 posN=2/9/0 susp=0.0041 springN=-103
INFO 2026-07-27 15:27:15.460 joltshadow - docs §70.1: slipdense (player) f=736 w=1 grounded=0 kappa=0.000 fnGround=0 omega=6.63 | ftGround=0N target=29.1 limit=149Nm motorNm=149 tyreNm=0 inertia=1.78 limRot=0/695/0 omegaPre=5.71 posN=1/10/0 susp=0.0049 springN=-111
INFO 2026-07-27 15:27:15.460 joltshadow - docs §70.1: slipdense (player) f=736 w=2 grounded=0 kappa=0.000 fnGround=0 omega=7.84 | ftGround=0N target=29.1 limit=149Nm motorNm=149 tyreNm=0 inertia=1.82 limRot=0/1/0 omegaPre=6.94 posN=2/9/0 susp=-0.0061 springN=-179
INFO 2026-07-27 15:27:15.460 joltshadow - docs §70.1: slipdense (player) f=736 w=3 grounded=0 kappa=0.000 fnGround=0 omega=8.23 | ftGround=0N target=29.1 limit=149Nm motorNm=149 tyreNm=0 inertia=1.82 limRot=0/1/0 omegaPre=7.33 posN=2/9/0 susp=-0.0079 springN=-188
INFO 2026-07-27 15:27:15.460 joltshadow - docs §78: attdense (player) f=736 joltTilt=1.17 odeTilt=1.08 upDelta=0.45 wBody=(0.06,-0.07,-0.07) |w|=0.11 grounded=0
INFO 2026-07-27 15:27:15.499 joltshadow - docs §70.1: slipdense (player) f=740 w=0 grounded=0 kappa=0.000 fnGround=0 omega=9.69 | ftGround=0N target=29.1 limit=149Nm motorNm=149 tyreNm=0 inertia=1.78 limRot=0/289/0 omegaPre=8.77 posN=8/14/0 susp=0.0058 springN=-30
INFO 2026-07-27 15:27:15.500 joltshadow - docs §70.1: slipdense (player) f=740 w=1 grounded=0 kappa=0.000 fnGround=0 omega=9.94 | ftGround=0N target=29.1 limit=149Nm motorNm=149 tyreNm=0 inertia=1.78 limRot=0/-624/0 omegaPre=9.02 posN=8/4/0 susp=0.0088 springN=-39
INFO 2026-07-27 15:27:15.500 joltshadow - docs §70.1: slipdense (player) f=740 w=2 grounded=0 kappa=0.000 fnGround=0 omega=11.12 | ftGround=0N target=29.1 limit=149Nm motorNm=149 tyreNm=0 inertia=1.82 limRot=0/0/-0 omegaPre=10.22 posN=-10/14/0 susp=0.0042 springN=-42
INFO 2026-07-27 15:27:15.500 joltshadow - docs §70.1: slipdense (player) f=740 w=3 grounded=0 kappa=0.000 fnGround=0 omega=11.52 | ftGround=0N target=29.1 limit=149Nm motorNm=149 tyreNm=0 inertia=1.82 limRot=0/0/-0 omegaPre=10.62 posN=-10/3/0 susp=0.0067 springN=-58
INFO 2026-07-27 15:27:15.500 joltshadow - docs §78: attdense (player) f=740 joltTilt=1.14 odeTilt=1.09 upDelta=0.53 wBody=(0.01,-0.05,-0.06) |w|=0.08 grounded=0
INFO 2026-07-27 15:27:15.539 joltshadow - docs §70.1: slipdense (player) f=744 w=0 grounded=0 kappa=0.000 fnGround=0 omega=9.60 | ftGround=0N target=-29.1 limit=149Nm motorNm=-149 tyreNm=0 inertia=1.78 limRot=0/-13/0 omegaPre=10.35 posN=-2/-9/0 susp=0.0032 springN=9
INFO 2026-07-27 15:27:15.539 joltshadow - docs §70.1: slipdense (player) f=744 w=1 grounded=0 kappa=0.000 fnGround=0 omega=9.85 | ftGround=0N target=-29.1 limit=149Nm motorNm=-149 tyreNm=0 inertia=1.78 limRot=0/44/0 omegaPre=10.60 posN=-2/-7/0 susp=0.0058 springN=11
INFO 2026-07-27 15:27:15.539 joltshadow - docs §70.1: slipdense (player) f=744 w=2 grounded=0 kappa=0.000 fnGround=0 omega=11.04 | ftGround=0N target=-29.1 limit=149Nm motorNm=-149 tyreNm=0 inertia=1.82 limRot=0/0/1 omegaPre=11.78 posN=1/-9/0 susp=0.0025 springN=-7
INFO 2026-07-27 15:27:15.539 joltshadow - docs §70.1: slipdense (player) f=744 w=3 grounded=0 kappa=0.000 fnGround=0 omega=11.44 | ftGround=0N target=-29.1 limit=149Nm motorNm=-149 tyreNm=0 inertia=1.82 limRot=0/0/1 omegaPre=12.17 posN=1/-7/0 susp=0.0053 springN=-9
INFO 2026-07-27 15:27:15.539 joltshadow - docs §78: attdense (player) f=744 joltTilt=1.20 odeTilt=1.08 upDelta=0.65 wBody=(0.01,-0.05,-0.07) |w|=0.09 grounded=0
INFO 2026-07-27 15:27:15.587 joltshadow - docs §70.1: slipdense (player) f=748 w=0 grounded=0 kappa=0.000 fnGround=0 omega=7.59 | ftGround=0N target=29.1 limit=149Nm motorNm=149 tyreNm=0 inertia=1.78 limRot=0/0/0 omegaPre=6.59 posN=0/10/0 susp=-0.0016 springN=12
INFO 2026-07-27 15:27:15.587 joltshadow - docs §70.1: slipdense (player) f=748 w=1 grounded=0 kappa=0.000 fnGround=0 omega=7.84 | ftGround=0N target=29.1 limit=149Nm motorNm=149 tyreNm=0 inertia=1.78 limRot=0/0/0 omegaPre=6.84 posN=0/10/0 susp=0.0008 springN=13
INFO 2026-07-27 15:27:15.587 joltshadow - docs §70.1: slipdense (player) f=748 w=2 grounded=0 kappa=0.000 fnGround=0 omega=9.07 | ftGround=0N target=29.1 limit=149Nm motorNm=149 tyreNm=0 inertia=1.82 limRot=0/0/0 omegaPre=8.08 posN=0/10/0 susp=0.0006 springN=2
INFO 2026-07-27 15:27:15.587 joltshadow - docs §70.1: slipdense (player) f=748 w=3 grounded=0 kappa=0.000 fnGround=0 omega=9.47 | ftGround=0N target=29.1 limit=149Nm motorNm=149 tyreNm=0 inertia=1.82 limRot=0/0/0 omegaPre=8.48 posN=-0/10/0 susp=0.0034 springN=2
INFO 2026-07-27 15:27:15.587 joltshadow - docs §78: attdense (player) f=748 joltTilt=1.22 odeTilt=1.08 upDelta=0.80 wBody=(0.03,-0.05,-0.07) |w|=0.09 grounded=0
INFO 2026-07-27 15:27:15.625 joltshadow - docs §70.1: slipdense (player) f=752 w=0 grounded=0 kappa=0.000 fnGround=0 omega=7.34 | ftGround=0N target=29.1 limit=149Nm motorNm=149 tyreNm=0 inertia=1.78 limRot=0/0/0 omegaPre=6.59 posN=0/8/0 susp=-0.0023 springN=-2
INFO 2026-07-27 15:27:15.626 joltshadow - docs §70.1: slipdense (player) f=752 w=1 grounded=0 kappa=0.000 fnGround=0 omega=7.59 | ftGround=0N target=29.1 limit=149Nm motorNm=149 tyreNm=0 inertia=1.78 limRot=0/0/0 omegaPre=6.84 posN=-0/8/0 susp=0.0001 springN=-2
INFO 2026-07-27 15:27:15.626 joltshadow - docs §70.1: slipdense (player) f=752 w=2 grounded=0 kappa=0.000 fnGround=0 omega=8.82 | ftGround=0N target=29.1 limit=149Nm motorNm=149 tyreNm=0 inertia=1.82 limRot=0/0/0 omegaPre=8.08 posN=0/8/0 susp=-0.0006 springN=7
INFO 2026-07-27 15:27:15.626 joltshadow - docs §70.1: slipdense (player) f=752 w=3 grounded=0 kappa=0.000 fnGround=0 omega=9.22 | ftGround=0N target=29.1 limit=149Nm motorNm=149 tyreNm=0 inertia=1.82 limRot=0/0/0 omegaPre=8.48 posN=-0/8/0 susp=0.0022 springN=7
INFO 2026-07-27 15:27:15.626 joltshadow - docs §78: attdense (player) f=752 joltTilt=1.24 odeTilt=1.08 upDelta=0.92 wBody=(0.02,-0.05,-0.07) |w|=0.09 grounded=0
INFO 2026-07-27 15:27:15.671 joltshadow - docs §70.1: slipdense (player) f=756 w=0 grounded=0 kappa=0.000 fnGround=0 omega=11.19 | ftGround=0N target=29.1 limit=149Nm motorNm=149 tyreNm=0 inertia=1.78 limRot=0/1/0 omegaPre=10.19 posN=-0/6/0 susp=-0.0001 springN=-22
INFO 2026-07-27 15:27:15.671 joltshadow - docs §70.1: slipdense (player) f=756 w=1 grounded=0 kappa=0.000 fnGround=0 omega=11.44 | ftGround=0N target=29.1 limit=149Nm motorNm=149 tyreNm=0 inertia=1.78 limRot=0/1/0 omegaPre=10.43 posN=-0/6/0 susp=0.0028 springN=-23
INFO 2026-07-27 15:27:15.671 joltshadow - docs §70.1: slipdense (player) f=756 w=2 grounded=0 kappa=0.000 fnGround=0 omega=12.60 | ftGround=0N target=29.1 limit=149Nm motorNm=149 tyreNm=0 inertia=1.82 limRot=0/0/0 omegaPre=11.61 posN=-0/6/0 susp=-0.0029 springN=19
INFO 2026-07-27 15:27:15.671 joltshadow - docs §70.1: slipdense (player) f=756 w=3 grounded=0 kappa=0.000 fnGround=0 omega=13.00 | ftGround=0N target=29.1 limit=149Nm motorNm=149 tyreNm=0 inertia=1.82 limRot=0/0/1 omegaPre=12.01 posN=-0/6/0 susp=0.0002 springN=18
INFO 2026-07-27 15:27:15.671 joltshadow - docs §78: attdense (player) f=756 joltTilt=1.33 odeTilt=1.09 upDelta=1.04 wBody=(-0.01,-0.05,-0.07) |w|=0.09 grounded=0
INFO 2026-07-27 15:27:15.708 joltshadow - docs §70.1: slipdense (player) f=760 w=0 grounded=0 kappa=0.000 fnGround=0 omega=14.20 | ftGround=0N target=29.1 limit=149Nm motorNm=149 tyreNm=0 inertia=1.78 limRot=0/2/0 omegaPre=13.45 posN=0/6/0 susp=0.0016 springN=-24
INFO 2026-07-27 15:27:15.708 joltshadow - docs §70.1: slipdense (player) f=760 w=1 grounded=0 kappa=0.000 fnGround=0 omega=14.45 | ftGround=0N target=29.1 limit=149Nm motorNm=149 tyreNm=0 inertia=1.78 limRot=0/2/0 omegaPre=13.70 posN=0/6/0 susp=0.0039 springN=-22
INFO 2026-07-27 15:27:15.708 joltshadow - docs §70.1: slipdense (player) f=760 w=2 grounded=0 kappa=0.000 fnGround=0 omega=15.55 | ftGround=0N target=29.1 limit=149Nm motorNm=149 tyreNm=0 inertia=1.82 limRot=0/1/1 omegaPre=14.82 posN=0/6/0 susp=-0.0035 springN=16
INFO 2026-07-27 15:27:15.708 joltshadow - docs §70.1: slipdense (player) f=760 w=3 grounded=0 kappa=0.000 fnGround=0 omega=15.95 | ftGround=0N target=29.1 limit=149Nm motorNm=149 tyreNm=0 inertia=1.82 limRot=0/1/1 omegaPre=15.21 posN=-0/6/0 susp=-0.0009 springN=18
INFO 2026-07-27 15:27:15.708 joltshadow - docs §78: attdense (player) f=760 joltTilt=1.46 odeTilt=1.09 upDelta=1.15 wBody=(-0.04,-0.05,-0.07) |w|=0.10 grounded=0
INFO 2026-07-27 15:27:15.754 joltshadow - docs §70.1: slipdense (player) f=764 w=0 grounded=0 kappa=0.000 fnGround=0 omega=16.11 | ftGround=0N target=-46.5 limit=93Nm motorNm=-93 tyreNm=0 inertia=1.78 limRot=0/5/0 omegaPre=16.74 posN=0/-7/0 susp=0.0018 springN=-6
INFO 2026-07-27 15:27:15.754 joltshadow - docs §70.1: slipdense (player) f=764 w=1 grounded=0 kappa=0.000 fnGround=0 omega=16.36 | ftGround=0N target=-46.5 limit=93Nm motorNm=-93 tyreNm=0 inertia=1.78 limRot=0/6/0 omegaPre=16.98 posN=0/-7/0 susp=0.0037 springN=-5
INFO 2026-07-27 15:27:15.754 joltshadow - docs §70.1: slipdense (player) f=764 w=2 grounded=0 kappa=0.000 fnGround=0 omega=17.42 | ftGround=0N target=-46.5 limit=93Nm motorNm=-93 tyreNm=0 inertia=1.82 limRot=0/1/1 omegaPre=18.04 posN=0/-6/0 susp=-0.0031 springN=4
INFO 2026-07-27 15:27:15.754 joltshadow - docs §70.1: slipdense (player) f=764 w=3 grounded=0 kappa=0.000 fnGround=0 omega=17.82 | ftGround=0N target=-46.5 limit=93Nm motorNm=-93 tyreNm=0 inertia=1.82 limRot=0/1/1 omegaPre=18.43 posN=-0/-6/0 susp=-0.0011 springN=5
INFO 2026-07-27 15:27:15.755 joltshadow - docs §78: attdense (player) f=764 joltTilt=1.67 odeTilt=1.09 upDelta=1.29 wBody=(-0.06,-0.05,-0.07) |w|=0.10 grounded=0
INFO 2026-07-27 15:27:15.766 joltshadow - docs §82: resync (player) #18 dt=0.50s upMax=1.328 deg posMax=1.242 m odeTiltPath=0.006 deg gain=-1.0000
INFO 2026-07-27 15:27:15.766 joltshadow - docs §87: resync landing (player) w=0 pre=0.6253 post=-0.0095 m R=0.629 dY=-1.1948 dRotDeg=1.52 |corr|=1.2420 m
INFO 2026-07-27 15:27:15.766 joltshadow - docs §87: resync landing (player) w=1 pre=0.5706 post=-0.0091 m R=0.629 dY=-1.1948 dRotDeg=1.52 |corr|=1.2420 m
INFO 2026-07-27 15:27:15.766 joltshadow - docs §87: resync landing (player) w=2 pre=0.5504 post=-0.0096 m R=0.635 dY=-1.1948 dRotDeg=1.52 |corr|=1.2420 m
INFO 2026-07-27 15:27:15.766 joltshadow - docs §87: resync landing (player) w=3 pre=0.4911 post=-0.0092 m R=0.635 dY=-1.1948 dRotDeg=1.52 |corr|=1.2420 m
INFO 2026-07-27 15:27:15.766 joltshadow - docs §82: resync RESIDUAL (player) #18 pos=0.0000 m up=0.0000 deg
INFO 2026-07-27 15:27:15.797 joltshadow - docs §70.1: slipdense (player) f=768 w=0 grounded=1 kappa=-0.101 fnGround=1200 omega=2.17 | ftGround=-221N target=-29.1 limit=149Nm motorNm=-149 tyreNm=137 inertia=1.78 limRot=0/7/0 omegaPre=2.48 posN=-13/150/0 susp=-0.4614 springN=1602
INFO 2026-07-27 15:27:15.797 joltshadow - docs §70.1: slipdense (player) f=768 w=1 grounded=1 kappa=-0.100 fnGround=1200 omega=2.17 | ftGround=-219N target=-29.1 limit=149Nm motorNm=-149 tyreNm=136 inertia=1.78 limRot=0/4/0 omegaPre=2.48 posN=-15/146/0 susp=-0.4610 springN=1603
INFO 2026-07-27 15:27:15.797 joltshadow - docs §70.1: slipdense (player) f=768 w=2 grounded=1 kappa=-0.093 fnGround=1200 omega=2.20 | ftGround=-202N target=-29.1 limit=149Nm motorNm=-149 tyreNm=122 inertia=1.82 limRot=0/5/-0 omegaPre=2.94 posN=7/114/0 susp=-0.5203 springN=2338
INFO 2026-07-27 15:27:15.797 joltshadow - docs §70.1: slipdense (player) f=768 w=3 grounded=1 kappa=-0.092 fnGround=1200 omega=2.19 | ftGround=-199N target=-29.1 limit=149Nm motorNm=-149 tyreNm=121 inertia=1.82 limRot=0/5/-0 omegaPre=2.97 posN=7/109/0 susp=-0.5200 springN=2340
INFO 2026-07-27 15:27:15.797 joltshadow - docs §78: attdense (player) f=768 joltTilt=1.05 odeTilt=1.09 upDelta=0.03 wBody=(-0.30,0.00,-0.00) |w|=0.30 grounded=4
INFO 2026-07-27 15:27:15.840 joltshadow - docs §70.1: slipdense (player) f=772 w=0 grounded=1 kappa=0.093 fnGround=504 omega=2.87 | ftGround=221N target=29.1 limit=149Nm motorNm=149 tyreNm=-132 inertia=1.78 limRot=0/51/0 omegaPre=2.77 posN=-112/-153/0 susp=-0.2645 springN=199
INFO 2026-07-27 15:27:15.840 joltshadow - docs §70.1: slipdense (player) f=772 w=1 grounded=1 kappa=0.099 fnGround=493 omega=2.81 | ftGround=230N target=29.1 limit=149Nm motorNm=149 tyreNm=-138 inertia=1.78 limRot=0/27/0 omegaPre=2.75 posN=-95/-181/0 susp=-0.2631 springN=183
INFO 2026-07-27 15:27:15.840 joltshadow - docs §70.1: slipdense (player) f=772 w=2 grounded=1 kappa=0.091 fnGround=1180 omega=2.87 | ftGround=214N target=29.1 limit=149Nm motorNm=149 tyreNm=-124 inertia=1.82 limRot=0/37/1 omegaPre=2.73 posN=63/-170/0 susp=-0.3769 springN=974
INFO 2026-07-27 15:27:15.840 joltshadow - docs §70.1: slipdense (player) f=772 w=3 grounded=1 kappa=0.097 fnGround=1174 omega=2.82 | ftGround=223N target=29.1 limit=149Nm motorNm=149 tyreNm=-130 inertia=1.82 limRot=0/37/1 omegaPre=2.70 posN=63/-199/0 susp=-0.3751 springN=953
INFO 2026-07-27 15:27:15.840 joltshadow - docs §78: attdense (player) f=772 joltTilt=1.69 odeTilt=1.09 upDelta=0.60 wBody=(-0.23,0.02,0.02) |w|=0.24 grounded=4
INFO 2026-07-27 15:27:15.878 joltshadow - docs §70.1: slipdense (player) f=776 w=0 grounded=0 kappa=0.000 fnGround=0 omega=4.77 | ftGround=0N target=29.1 limit=149Nm motorNm=149 tyreNm=0 inertia=1.78 limRot=0/461/0 omegaPre=4.03 posN=-41/1/0 susp=-0.1097 springN=-359
INFO 2026-07-27 15:27:15.878 joltshadow - docs §70.1: slipdense (player) f=776 w=1 grounded=0 kappa=0.000 fnGround=0 omega=4.57 | ftGround=0N target=29.1 limit=149Nm motorNm=149 tyreNm=0 inertia=1.78 limRot=0/415/0 omegaPre=3.83 posN=-41/28/0 susp=-0.1088 springN=-365
INFO 2026-07-27 15:27:15.878 joltshadow - docs §70.1: slipdense (player) f=776 w=2 grounded=1 kappa=0.110 fnGround=445 omega=2.76 | ftGround=256N target=29.1 limit=149Nm motorNm=149 tyreNm=-157 inertia=1.82 limRot=0/54/4 omegaPre=2.82 posN=96/-267/0 susp=-0.2212 springN=206
INFO 2026-07-27 15:27:15.878 joltshadow - docs §70.1: slipdense (player) f=776 w=3 grounded=1 kappa=0.105 fnGround=426 omega=2.72 | ftGround=240N target=29.1 limit=149Nm motorNm=149 tyreNm=-147 inertia=1.82 limRot=0/54/4 omegaPre=2.74 posN=96/-221/0 susp=-0.2197 springN=189
INFO 2026-07-27 15:27:15.878 joltshadow - docs §78: attdense (player) f=776 joltTilt=1.99 odeTilt=1.09 upDelta=0.90 wBody=(-0.08,0.01,0.02) |w|=0.08 grounded=2
INFO 2026-07-27 15:27:15.916 joltshadow - docs §70.1: slipdense (player) f=780 w=0 grounded=0 kappa=0.000 fnGround=0 omega=1.47 | ftGround=0N target=-29.1 limit=149Nm motorNm=-149 tyreNm=0 inertia=1.78 limRot=0/448/-681 omegaPre=2.31 posN=-6/-13/0 susp=-0.0232 springN=-255
INFO 2026-07-27 15:27:15.916 joltshadow - docs §70.1: slipdense (player) f=780 w=1 grounded=0 kappa=0.000 fnGround=0 omega=1.27 | ftGround=0N target=-29.1 limit=149Nm motorNm=-149 tyreNm=0 inertia=1.78 limRot=0/394/-714 omegaPre=2.11 posN=-7/-14/0 susp=-0.0246 springN=-232
INFO 2026-07-27 15:27:15.916 joltshadow - docs §70.1: slipdense (player) f=780 w=2 grounded=0 kappa=0.000 fnGround=0 omega=-0.47 | ftGround=0N target=-29.1 limit=149Nm motorNm=-149 tyreNm=0 inertia=1.82 limRot=0/-1/-0 omegaPre=0.35 posN=-8/-13/0 susp=-0.0894 springN=-311
INFO 2026-07-27 15:27:15.917 joltshadow - docs §70.1: slipdense (player) f=780 w=3 grounded=0 kappa=0.000 fnGround=0 omega=-0.48 | ftGround=0N target=-29.1 limit=149Nm motorNm=-149 tyreNm=0 inertia=1.82 limRot=0/-1/-0 omegaPre=0.34 posN=-8/-14/0 susp=-0.0891 springN=-297
INFO 2026-07-27 15:27:15.917 joltshadow - docs §78: attdense (player) f=780 joltTilt=1.96 odeTilt=1.08 upDelta=0.88 wBody=(0.06,0.05,-0.03) |w|=0.08 grounded=0
INFO 2026-07-27 15:27:15.917 joltshadow - Shadow divergence (player): pos=1.893m vel=4.111m/s angle=0.9deg (jolt com=[4668.5 259.9 1251.7] ode com=[4668.5 258.0 1251.5])
INFO 2026-07-27 15:27:15.917 joltshadow - docs §23.6: driver input (player) realThrottle=-10.00 brake=0.01 handBrake=0 steerRad=0.000
INFO 2026-07-27 15:27:15.917 joltshadow - docs §32: Jolt SHADOW chassis pitch (player) forward=(-0.225, 0.034, -0.974)
INFO 2026-07-27 15:27:15.917 joltshadow - docs §69: tilt (player) jolt=2.0 deg ode=1.1 deg delta=+0.9 deg upDelta=0.88 deg
INFO 2026-07-27 15:27:15.917 joltshadow - docs §32.4: Jolt SHADOW chassis lowest corner (player) = (4670.66,258.43,1254.44) clearanceToGround=0.431
INFO 2026-07-27 15:27:15.917 joltshadow - docs §23.5: wheel state (player) wheel=0 contact=0 suspLen=1.050 (range 0.050-1.050, 0% compressed) angVel=0.00
INFO 2026-07-27 15:27:15.917 joltshadow - docs §38.11: wheel=0 NO contact, worldAxle=(0.974,-0.000,-0.225)
INFO 2026-07-27 15:27:15.917 joltshadow - docs §32: no-contact raycast (player) wheel=0 bodyPos=(4668.41,259.13,1251.32) localMPos=(-1.155,0.060,2.270) origin=(4669.03,259.27,1248.86) dir=(-0.008,-0.999,-0.033) normalRayLen=1.679 groundFoundAt=0.000 shortfallBeyondTravel=-1.679 hitBody=8391031 hitLayer=4 hitMotion=2 hitIsSelfChassis=0
INFO 2026-07-27 15:27:15.917 joltshadow - docs §23.5: wheel state (player) wheel=1 contact=0 suspLen=1.050 (range 0.050-1.050, 0% compressed) angVel=0.00
INFO 2026-07-27 15:27:15.917 joltshadow - docs §38.11: wheel=1 NO contact, worldAxle=(0.974,-0.000,-0.225)
INFO 2026-07-27 15:27:15.917 joltshadow - docs §32: no-contact raycast (player) wheel=1 bodyPos=(4668.41,259.13,1251.32) localMPos=(1.155,0.059,2.270) origin=(4666.78,259.27,1249.38) dir=(-0.008,-0.999,-0.033) normalRayLen=1.679 groundFoundAt=0.000 shortfallBeyondTravel=-1.679 hitBody=8391032 hitLayer=4 hitMotion=2 hitIsSelfChassis=0
INFO 2026-07-27 15:27:15.917 joltshadow - docs §23.5: wheel state (player) wheel=2 contact=0 suspLen=1.050 (range 0.050-1.050, 0% compressed) angVel=0.00
INFO 2026-07-27 15:27:15.917 joltshadow - docs §38.11: wheel=2 NO contact, worldAxle=(0.974,-0.000,-0.225)
INFO 2026-07-27 15:27:15.917 joltshadow - docs §32: no-contact raycast (player) wheel=2 bodyPos=(4668.41,259.13,1251.32) localMPos=(-1.253,0.145,-2.062) origin=(4670.10,259.21,1253.05) dir=(-0.008,-0.999,-0.033) normalRayLen=1.685 groundFoundAt=0.000 shortfallBeyondTravel=-1.685 hitBody=8391033 hitLayer=4 hitMotion=2 hitIsSelfChassis=0
INFO 2026-07-27 15:27:15.917 joltshadow - docs §23.5: wheel state (player) wheel=3 contact=0 suspLen=1.050 (range 0.050-1.050, 0% compressed) angVel=0.00
INFO 2026-07-27 15:27:15.917 joltshadow - docs §38.11: wheel=3 NO contact, worldAxle=(0.974,-0.000,-0.225)
INFO 2026-07-27 15:27:15.917 joltshadow - docs §32: no-contact raycast (player) wheel=3 bodyPos=(4668.41,259.13,1251.32) localMPos=(1.253,0.146,-2.062) origin=(4667.66,259.21,1253.62) dir=(-0.008,-0.999,-0.033) normalRayLen=1.685 groundFoundAt=0.000 shortfallBeyondTravel=-1.685 hitBody=8391034 hitLayer=4 hitMotion=2 hitIsSelfChassis=0
INFO 2026-07-27 15:27:15.917 joltshadow - docs §59/63: harvest (player) wheelsWithContact=2 contactPoints=2 overflow=0 (of 4) | maxNormalF=0N bound(k_t*tau)=0N ratio=0.00
INFO 2026-07-27 15:27:15.918 joltshadow - docs §58: wheel body (player) w=0 springF=-255N stopF=0N travel=-0.0232 (limits -0.5000..0.5000 rel spawn) kSusp=6000 sagPredicted=-0.0426 | frameTrav=-0.0325..-0.0232 frameStopN=0
INFO 2026-07-27 15:27:15.918 joltshadow - docs §66: tyre band (player) w=0 fnGround=0N fnTotal=0N pen=0.00000 penRaw=0.00000 tau=0.01000 pen/tau=0.00 | recs tyre=0 rim=0 survived=0 stale=0 distMax=0.00R
INFO 2026-07-27 15:27:15.918 joltshadow - docs §68: steer (player) w=0 steerable=1 commanded=0.000 rad measured=0.611 rad err=35.02 deg steerSign=-1 steerTq=815Nm cap=815Nm sat=1.00
INFO 2026-07-27 15:27:15.918 joltshadow - docs §70: slip (player) w=0 grounded=0 kappa=0.000 fnGround=0N omega=1.47
INFO 2026-07-27 15:27:15.918 joltshadow - docs §67: spin (player) w=0 driven=1 omega=1.47 rad/s surfaceSpeed=0.93 m/s spinSign=+1 motorTq=-149Nm cmdTq=149Nm
INFO 2026-07-27 15:27:15.918 joltshadow - docs §58: wheel body (player) w=1 springF=-232N stopF=0N travel=-0.0246 (limits -0.5000..0.5000 rel spawn) kSusp=6000 sagPredicted=-0.0387 | frameTrav=-0.0336..-0.0246 frameStopN=0
INFO 2026-07-27 15:27:15.918 joltshadow - docs §66: tyre band (player) w=1 fnGround=0N fnTotal=0N pen=0.00000 penRaw=0.00000 tau=0.01000 pen/tau=0.00 | recs tyre=0 rim=0 survived=0 stale=0 distMax=0.00R
INFO 2026-07-27 15:27:15.918 joltshadow - docs §68: steer (player) w=1 steerable=1 commanded=0.000 rad measured=0.612 rad err=35.09 deg steerSign=-1 steerTq=815Nm cap=815Nm sat=1.00
INFO 2026-07-27 15:27:15.918 joltshadow - docs §70: slip (player) w=1 grounded=0 kappa=0.000 fnGround=0N omega=1.27
INFO 2026-07-27 15:27:15.918 joltshadow - docs §67: spin (player) w=1 driven=1 omega=1.27 rad/s surfaceSpeed=0.80 m/s spinSign=+1 motorTq=-149Nm cmdTq=149Nm
INFO 2026-07-27 15:27:15.918 joltshadow - docs §58: wheel body (player) w=2 springF=-311N stopF=0N travel=-0.0894 (limits -0.5000..0.5000 rel spawn) kSusp=6000 sagPredicted=-0.0518 | frameTrav=-0.1086..-0.0894 frameStopN=0
INFO 2026-07-27 15:27:15.918 joltshadow - docs §66: tyre band (player) w=2 fnGround=0N fnTotal=0N pen=0.00000 penRaw=0.00000 tau=0.01000 pen/tau=0.00 | recs tyre=1 rim=0 survived=0 stale=0 distMax=1.03R
INFO 2026-07-27 15:27:15.918 joltshadow - docs §68: steer (player) w=2 steerable=0 commanded=0.000 rad measured=-0.000 rad err=-0.00 deg steerSign=-1 steerTq=0Nm cap=340282346638528859811704183484516925440Nm sat=0.00
INFO 2026-07-27 15:27:15.918 joltshadow - docs §70: slip (player) w=2 grounded=0 kappa=0.000 fnGround=0N omega=-0.47
INFO 2026-07-27 15:27:15.919 joltshadow - docs §67: spin (player) w=2 driven=1 omega=-0.47 rad/s surfaceSpeed=-0.30 m/s spinSign=+1 motorTq=-149Nm cmdTq=149Nm
INFO 2026-07-27 15:27:15.919 joltshadow - docs §58: wheel body (player) w=3 springF=-297N stopF=0N travel=-0.0891 (limits -0.5000..0.5000 rel spawn) kSusp=6000 sagPredicted=-0.0494 | frameTrav=-0.1081..-0.0891 frameStopN=0
INFO 2026-07-27 15:27:15.919 joltshadow - docs §66: tyre band (player) w=3 fnGround=0N fnTotal=0N pen=0.00000 penRaw=0.00000 tau=0.01000 pen/tau=0.00 | recs tyre=1 rim=0 survived=0 stale=0 distMax=1.03R
INFO 2026-07-27 15:27:15.919 joltshadow - docs §68: steer (player) w=3 steerable=0 commanded=0.000 rad measured=-0.000 rad err=-0.00 deg steerSign=-1 steerTq=0Nm cap=340282346638528859811704183484516925440Nm sat=0.00
INFO 2026-07-27 15:27:15.919 joltshadow - docs §70: slip (player) w=3 grounded=0 kappa=0.000 fnGround=0N omega=-0.48
INFO 2026-07-27 15:27:15.919 joltshadow - docs §67: spin (player) w=3 driven=1 omega=-0.48 rad/s surfaceSpeed=-0.30 m/s spinSign=+1 motorTq=-149Nm cmdTq=149Nm
INFO 2026-07-27 15:27:15.919 joltshadow - docs §67: drivetrain (player) gear=0 rpm=263 driveTorque=600Nm perWheel=150Nm driven=4 throttle=-1.00 spin=1 | PRE-STEP brake=0.01 handBrake=0
INFO 2026-07-27 15:27:15.919 joltshadow - docs §66: tyre band SUM (player) fnGroundSum=0N fnTotalSum=0N weight=942N carried=0.00 | penSum=0.00000 recs tyre=2 rim=0 stale=0
INFO 2026-07-27 15:27:15.919 joltshadow - docs §30: REAL ODE chassis COM (player) body=54C8BDB0 = (4668.454, 257.995, 1251.496) forward=(-0.223, 0.019, -0.975)
INFO 2026-07-27 15:27:15.919 joltshadow - docs §33: real ODE chassis geom (player) #1 = class 0 (not a transform) pos=(4668.454,257.995,1251.496) radius=4.500
INFO 2026-07-27 15:27:15.919 joltshadow - docs §33: real ODE chassis geom (player) #2 = transform, inner class=1 pos=(0.000,1.095,-0.495)
INFO 2026-07-27 15:27:15.919 joltshadow - docs §33: real ODE chassis geom (player) #3 = transform, inner class=1 pos=(0.353,3.466,0.718)
INFO 2026-07-27 15:27:15.919 joltshadow - docs §33: real ODE chassis geom (player) #4 = transform, inner class=1 pos=(0.000,1.818,1.842)
INFO 2026-07-27 15:27:15.919 joltshadow - docs §33: real ODE chassis geom (player) #5 = transform, inner class=1 pos=(0.006,1.981,-2.113)
INFO 2026-07-27 15:27:15.919 joltshadow - docs §33: real ODE chassis geom (player) #6 = class 0 (not a transform) pos=(4668.454,257.995,1251.496) radius=30.000
INFO 2026-07-27 15:27:15.919 joltshadow - docs §33: real ODE chassis geom (player) #7 = class 0 (not a transform) pos=(4668.454,257.995,1251.496) radius=6.436
INFO 2026-07-27 15:27:15.919 joltshadow - docs §33: real ODE chassis geom (player) #8 = class 0 (not a transform) pos=(4668.454,257.995,1251.496) radius=200.000
INFO 2026-07-27 15:27:15.919 joltshadow - docs §33: real ODE chassis (player) has 8 total geom(s) directly attached (4 transform(s)) - compare against BuildChassisCompoundShape's own part/geom count in the build log
INFO 2026-07-27 15:27:15.919 joltshadow - docs §28: REAL ODE wheel state (player) wheel=0 displacement=0.0222 range=1.000 (2% compressed, signed) foreAft=2.270 localZ=2.270 cfm=0.002500 erp=0.2500
INFO 2026-07-27 15:27:15.919 joltshadow - docs §28: REAL ODE wheel state (player) wheel=1 displacement=0.0226 range=1.000 (2% compressed, signed) foreAft=2.270 localZ=2.270 cfm=0.002500 erp=0.2500
INFO 2026-07-27 15:27:15.919 joltshadow - docs §28: REAL ODE wheel state (player) wheel=2 displacement=0.0248 range=1.000 (2% compressed, signed) foreAft=-2.062 localZ=-2.062 cfm=0.002500 erp=0.2500
INFO 2026-07-27 15:27:15.919 joltshadow - docs §28: REAL ODE wheel state (player) wheel=3 displacement=0.0244 range=1.000 (2% compressed, signed) foreAft=-2.062 localZ=-2.062 cfm=0.002500 erp=0.2500
INFO 2026-07-27 15:27:15.961 joltshadow - docs §70.1: slipdense (player) f=784 w=0 grounded=0 kappa=0.000 fnGround=0 omega=-2.21 | ftGround=0N target=-29.1 limit=149Nm motorNm=-149 tyreNm=0 inertia=1.78 limRot=0/457/-674 omegaPre=-1.29 posN=-6/-1/0 susp=0.0026 springN=-69
INFO 2026-07-27 15:27:15.961 joltshadow - docs §70.1: slipdense (player) f=784 w=1 grounded=0 kappa=0.000 fnGround=0 omega=-2.41 | ftGround=0N target=-29.1 limit=149Nm motorNm=-149 tyreNm=0 inertia=1.78 limRot=0/409/-704 omegaPre=-1.49 posN=-6/-2/0 susp=0.0008 springN=-50
INFO 2026-07-27 15:27:15.961 joltshadow - docs §70.1: slipdense (player) f=784 w=2 grounded=0 kappa=0.000 fnGround=0 omega=-4.08 | ftGround=0N target=-29.1 limit=149Nm motorNm=-149 tyreNm=0 inertia=1.82 limRot=0/-0/-0 omegaPre=-3.18 posN=-8/-2/0 susp=-0.0102 springN=-247
INFO 2026-07-27 15:27:15.961 joltshadow - docs §70.1: slipdense (player) f=784 w=3 grounded=0 kappa=0.000 fnGround=0 omega=-4.09 | ftGround=0N target=-29.1 limit=149Nm motorNm=-149 tyreNm=0 inertia=1.82 limRot=0/-0/-0 omegaPre=-3.19 posN=-8/-3/0 susp=-0.0111 springN=-227
INFO 2026-07-27 15:27:15.961 joltshadow - docs §78: attdense (player) f=784 joltTilt=1.78 odeTilt=1.08 upDelta=0.70 wBody=(0.08,0.06,-0.06) |w|=0.12 grounded=0
INFO 2026-07-27 15:27:15.999 joltshadow - docs §70.1: slipdense (player) f=788 w=0 grounded=0 kappa=0.000 fnGround=0 omega=-5.39 | ftGround=0N target=-29.1 limit=149Nm motorNm=-149 tyreNm=0 inertia=1.78 limRot=0/549/-602 omegaPre=-4.64 posN=-6/-2/0 susp=0.0028 springN=-0
INFO 2026-07-27 15:27:15.999 joltshadow - docs §70.1: slipdense (player) f=788 w=1 grounded=0 kappa=0.000 fnGround=0 omega=-5.59 | ftGround=0N target=-29.1 limit=149Nm motorNm=-149 tyreNm=0 inertia=1.78 limRot=0/511/-634 omegaPre=-4.84 posN=-6/-3/0 susp=0.0011 springN=17
INFO 2026-07-27 15:27:15.999 joltshadow - docs §70.1: slipdense (player) f=788 w=2 grounded=0 kappa=0.000 fnGround=0 omega=-7.20 | ftGround=0N target=-29.1 limit=149Nm motorNm=-149 tyreNm=0 inertia=1.82 limRot=0/-0/-1 omegaPre=-6.46 posN=-7/-2/0 susp=0.0091 springN=-114
INFO 2026-07-27 15:27:15.999 joltshadow - docs §70.1: slipdense (player) f=788 w=3 grounded=0 kappa=0.000 fnGround=0 omega=-7.21 | ftGround=0N target=-29.1 limit=149Nm motorNm=-149 tyreNm=0 inertia=1.82 limRot=0/-0/-1 omegaPre=-6.47 posN=-8/-3/0 susp=0.0076 springN=-94
INFO 2026-07-27 15:27:15.999 joltshadow - docs §78: attdense (player) f=788 joltTilt=1.62 odeTilt=1.08 upDelta=0.57 wBody=(0.08,0.06,-0.09) |w|=0.14 grounded=0
INFO 2026-07-27 15:27:16.035 joltshadow - docs §70.1: slipdense (player) f=792 w=0 grounded=0 kappa=0.000 fnGround=0 omega=-7.07 | ftGround=0N target=-29.1 limit=149Nm motorNm=-149 tyreNm=0 inertia=1.78 limRot=0/675/-456 omegaPre=-6.40 posN=-8/-6/0 susp=0.0000 springN=12
INFO 2026-07-27 15:27:16.035 joltshadow - docs §70.1: slipdense (player) f=792 w=1 grounded=0 kappa=0.000 fnGround=0 omega=-7.27 | ftGround=0N target=-29.1 limit=149Nm motorNm=-149 tyreNm=0 inertia=1.78 limRot=0/649/-492 omegaPre=-6.60 posN=-8/-7/0 susp=-0.0003 springN=17
INFO 2026-07-27 15:27:16.035 joltshadow - docs §70.1: slipdense (player) f=792 w=2 grounded=0 kappa=0.000 fnGround=0 omega=-8.84 | ftGround=0N target=-29.1 limit=149Nm motorNm=-149 tyreNm=0 inertia=1.82 limRot=0/-1/-1 omegaPre=-8.19 posN=-9/-5/0 susp=0.0087 springN=-30
INFO 2026-07-27 15:27:16.035 joltshadow - docs §70.1: slipdense (player) f=792 w=3 grounded=0 kappa=0.000 fnGround=0 omega=-8.85 | ftGround=0N target=-29.1 limit=149Nm motorNm=-149 tyreNm=0 inertia=1.82 limRot=0/-1/-1 omegaPre=-8.19 posN=-9/-6/0 susp=0.0084 springN=-23
INFO 2026-07-27 15:27:16.035 joltshadow - docs §78: attdense (player) f=792 joltTilt=1.49 odeTilt=1.08 upDelta=0.54 wBody=(0.08,0.06,-0.11) |w|=0.15 grounded=0
INFO 2026-07-27 15:27:16.071 joltshadow - docs §70.1: slipdense (player) f=796 w=0 grounded=0 kappa=0.000 fnGround=0 omega=-8.66 | ftGround=0N target=-29.1 limit=149Nm motorNm=-149 tyreNm=0 inertia=1.78 limRot=0/775/-251 omegaPre=-7.82 posN=-8/-7/0 susp=-0.0012 springN=10
INFO 2026-07-27 15:27:16.071 joltshadow - docs §70.1: slipdense (player) f=796 w=1 grounded=0 kappa=0.000 fnGround=0 omega=-8.86 | ftGround=0N target=-29.1 limit=149Nm motorNm=-149 tyreNm=0 inertia=1.78 limRot=0/762/-287 omegaPre=-8.02 posN=-8/-8/0 susp=-0.0009 springN=18
INFO 2026-07-27 15:27:16.071 joltshadow - docs §70.1: slipdense (player) f=796 w=2 grounded=0 kappa=0.000 fnGround=0 omega=-10.40 | ftGround=0N target=-29.1 limit=149Nm motorNm=-149 tyreNm=0 inertia=1.82 limRot=0/-0/-1 omegaPre=-9.58 posN=-8/-7/0 susp=0.0045 springN=-5
INFO 2026-07-27 15:27:16.071 joltshadow - docs §70.1: slipdense (player) f=796 w=3 grounded=0 kappa=0.000 fnGround=0 omega=-10.41 | ftGround=0N target=-29.1 limit=149Nm motorNm=-149 tyreNm=0 inertia=1.82 limRot=0/-0/-1 omegaPre=-9.59 posN=-9/-8/0 susp=0.0048 springN=5
INFO 2026-07-27 15:27:16.072 joltshadow - docs §78: attdense (player) f=796 joltTilt=1.40 odeTilt=1.08 upDelta=0.66 wBody=(0.10,0.06,-0.13) |w|=0.17 grounded=0
INFO 2026-07-27 15:27:16.110 joltshadow - docs §70.1: slipdense (player) f=800 w=0 grounded=0 kappa=0.000 fnGround=0 omega=-11.84 | ftGround=0N target=-29.1 limit=149Nm motorNm=-149 tyreNm=0 inertia=1.78 limRot=0/812/0 omegaPre=-11.00 posN=-3/-5/0 susp=-0.0014 springN=9
INFO 2026-07-27 15:27:16.110 joltshadow - docs §70.1: slipdense (player) f=800 w=1 grounded=0 kappa=0.000 fnGround=0 omega=-12.04 | ftGround=0N target=-29.1 limit=149Nm motorNm=-149 tyreNm=0 inertia=1.78 limRot=0/815/0 omegaPre=-11.20 posN=-4/-9/0 susp=-0.0027 springN=30
INFO 2026-07-27 15:27:16.111 joltshadow - docs §70.1: slipdense (player) f=800 w=2 grounded=0 kappa=0.000 fnGround=0 omega=-13.52 | ftGround=0N target=-29.1 limit=149Nm motorNm=-149 tyreNm=0 inertia=1.82 limRot=0/-0/-2 omegaPre=-12.70 posN=-9/-4/0 susp=0.0032 springN=-16
INFO 2026-07-27 15:27:16.111 joltshadow - docs §70.1: slipdense (player) f=800 w=3 grounded=0 kappa=0.000 fnGround=0 omega=-13.53 | ftGround=0N target=-29.1 limit=149Nm motorNm=-149 tyreNm=0 inertia=1.82 limRot=0/-0/-2 omegaPre=-12.71 posN=-9/-8/0 susp=0.0017 springN=7
INFO 2026-07-27 15:27:16.111 joltshadow - docs §78: attdense (player) f=800 joltTilt=1.39 odeTilt=1.08 upDelta=0.96 wBody=(0.13,0.06,-0.16) |w|=0.22 grounded=0
INFO 2026-07-27 15:27:16.156 joltshadow - docs §70.1: slipdense (player) f=804 w=0 grounded=0 kappa=0.000 fnGround=0 omega=-15.55 | ftGround=0N target=-29.1 limit=149Nm motorNm=-149 tyreNm=0 inertia=1.78 limRot=0/421/0 omegaPre=-14.42 posN=43/5/0 susp=-0.0020 springN=22
INFO 2026-07-27 15:27:16.156 joltshadow - docs §70.1: slipdense (player) f=804 w=1 grounded=0 kappa=0.000 fnGround=0 omega=-15.76 | ftGround=0N target=-29.1 limit=149Nm motorNm=-149 tyreNm=0 inertia=1.78 limRot=0/455/0 omegaPre=-14.62 posN=42/-24/0 susp=-0.0040 springN=23
INFO 2026-07-27 15:27:16.156 joltshadow - docs §70.1: slipdense (player) f=804 w=2 grounded=0 kappa=0.000 fnGround=0 omega=-17.22 | ftGround=0N target=-29.1 limit=149Nm motorNm=-149 tyreNm=0 inertia=1.82 limRot=0/3/-4 omegaPre=-16.07 posN=-10/8/0 susp=0.0031 springN=-14
INFO 2026-07-27 15:27:16.156 joltshadow - docs §70.1: slipdense (player) f=804 w=3 grounded=0 kappa=0.000 fnGround=0 omega=-17.22 | ftGround=0N target=-29.1 limit=149Nm motorNm=-149 tyreNm=0 inertia=1.82 limRot=0/3/-4 omegaPre=-16.07 posN=-11/-24/0 susp=0.0008 springN=-11
INFO 2026-07-27 15:27:16.156 joltshadow - docs §78: attdense (player) f=804 joltTilt=1.54 odeTilt=1.08 upDelta=1.47 wBody=(0.17,0.10,-0.16) |w|=0.25 grounded=0
INFO 2026-07-27 15:27:16.200 joltshadow - docs §70.1: slipdense (player) f=808 w=0 grounded=0 kappa=0.000 fnGround=0 omega=-14.06 | ftGround=0N target=29.1 limit=149Nm motorNm=149 tyreNm=0 inertia=1.78 limRot=0/8/0 omegaPre=-14.82 posN=-6/6/0 susp=-0.0033 springN=1
INFO 2026-07-27 15:27:16.200 joltshadow - docs §70.1: slipdense (player) f=808 w=1 grounded=0 kappa=0.000 fnGround=0 omega=-14.26 | ftGround=0N target=29.1 limit=149Nm motorNm=149 tyreNm=0 inertia=1.78 limRot=0/0/0 omegaPre=-15.02 posN=-6/7/0 susp=0.0001 springN=-25
INFO 2026-07-27 15:27:16.200 joltshadow - docs §70.1: slipdense (player) f=808 w=2 grounded=0 kappa=0.000 fnGround=0 omega=-15.86 | ftGround=0N target=29.1 limit=149Nm motorNm=149 tyreNm=0 inertia=1.82 limRot=0/0/-1 omegaPre=-16.60 posN=-4/8/0 susp=-0.0009 springN=23
INFO 2026-07-27 15:27:16.200 joltshadow - docs §70.1: slipdense (player) f=808 w=3 grounded=0 kappa=0.000 fnGround=0 omega=-15.87 | ftGround=0N target=29.1 limit=149Nm motorNm=149 tyreNm=0 inertia=1.82 limRot=0/0/-1 omegaPre=-16.61 posN=-4/8/0 susp=0.0029 springN=-7
INFO 2026-07-27 15:27:16.200 joltshadow - docs §78: attdense (player) f=808 joltTilt=1.68 odeTilt=1.08 upDelta=1.88 wBody=(0.15,0.05,-0.11) |w|=0.19 grounded=0
INFO 2026-07-27 15:27:16.242 joltshadow - docs §70.1: slipdense (player) f=812 w=0 grounded=0 kappa=0.000 fnGround=0 omega=-10.55 | ftGround=0N target=29.1 limit=149Nm motorNm=149 tyreNm=0 inertia=1.78 limRot=0/0/0 omegaPre=-11.38 posN=-1/5/0 susp=-0.0002 springN=-24
INFO 2026-07-27 15:27:16.242 joltshadow - docs §70.1: slipdense (player) f=812 w=1 grounded=0 kappa=0.000 fnGround=0 omega=-10.75 | ftGround=0N target=29.1 limit=149Nm motorNm=149 tyreNm=0 inertia=1.78 limRot=0/0/0 omegaPre=-11.58 posN=-1/5/0 susp=0.0032 springN=-27
INFO 2026-07-27 15:27:16.242 joltshadow - docs §70.1: slipdense (player) f=812 w=2 grounded=0 kappa=0.000 fnGround=0 omega=-12.41 | ftGround=0N target=29.1 limit=149Nm motorNm=149 tyreNm=0 inertia=1.82 limRot=0/1/-1 omegaPre=-13.23 posN=-0/6/0 susp=-0.0030 springN=20
INFO 2026-07-27 15:27:16.242 joltshadow - docs §70.1: slipdense (player) f=812 w=3 grounded=0 kappa=0.000 fnGround=0 omega=-12.42 | ftGround=0N target=29.1 limit=149Nm motorNm=149 tyreNm=0 inertia=1.82 limRot=0/1/-1 omegaPre=-13.24 posN=-1/6/0 susp=0.0009 springN=16
INFO 2026-07-27 15:27:16.242 joltshadow - docs §78: attdense (player) f=812 joltTilt=1.93 odeTilt=1.09 upDelta=2.26 wBody=(0.11,0.06,-0.12) |w|=0.18 grounded=0
INFO 2026-07-27 15:27:16.272 joltshadow - docs §82: resync (player) #19 dt=0.51s upMax=2.520 deg posMax=1.373 m odeTiltPath=0.011 deg gain=-1.0000
INFO 2026-07-27 15:27:16.273 joltshadow - docs §87: resync landing (player) w=0 pre=0.5931 post=-0.0095 m R=0.629 dY=-1.2046 dRotDeg=2.89 |corr|=1.3730 m
INFO 2026-07-27 15:27:16.273 joltshadow - docs §87: resync landing (player) w=1 pre=0.5050 post=-0.0091 m R=0.629 dY=-1.2046 dRotDeg=2.89 |corr|=1.3730 m
INFO 2026-07-27 15:27:16.273 joltshadow - docs §87: resync landing (player) w=2 pre=0.6283 post=-0.0097 m R=0.635 dY=-1.2046 dRotDeg=2.89 |corr|=1.3730 m
INFO 2026-07-27 15:27:16.273 joltshadow - docs §87: resync landing (player) w=3 pre=0.5328 post=-0.0092 m R=0.635 dY=-1.2046 dRotDeg=2.89 |corr|=1.3730 m
INFO 2026-07-27 15:27:16.273 joltshadow - docs §82: resync RESIDUAL (player) #19 pos=0.0000 m up=0.0000 deg
INFO 2026-07-27 15:27:16.284 joltshadow - docs §70.1: slipdense (player) f=816 w=0 grounded=1 kappa=-1.904 fnGround=1200 omega=-0.67 | ftGround=-1428N target=29.1 limit=149Nm motorNm=149 tyreNm=835 inertia=1.78 limRot=0/4/0 omegaPre=-7.95 posN=3/889/0 susp=-0.5170 springN=2645
INFO 2026-07-27 15:27:16.284 joltshadow - docs §70.1: slipdense (player) f=816 w=1 grounded=1 kappa=-1.832 fnGround=1200 omega=-0.67 | ftGround=-1374N target=29.1 limit=149Nm motorNm=149 tyreNm=804 inertia=1.78 limRot=0/4/0 omegaPre=-8.15 posN=3/840/0 susp=-0.5173 springN=2650
INFO 2026-07-27 15:27:16.285 joltshadow - docs §70.1: slipdense (player) f=816 w=2 grounded=1 kappa=-4.488 fnGround=1200 omega=-2.28 | ftGround=-2337N target=29.1 limit=149Nm motorNm=149 tyreNm=1319 inertia=1.82 limRot=0/-10/1 omegaPre=-9.87 posN=-13/1792/0 susp=-0.5591 springN=2965
INFO 2026-07-27 15:27:16.285 joltshadow - docs §70.1: slipdense (player) f=816 w=3 grounded=1 kappa=-4.186 fnGround=1199 omega=-2.01 | ftGround=-2343N target=29.1 limit=149Nm motorNm=149 tyreNm=1324 inertia=1.82 limRot=0/-10/2 omegaPre=-9.88 posN=-13/1805/0 susp=-0.5592 springN=2969
INFO 2026-07-27 15:27:16.285 joltshadow - docs §78: attdense (player) f=816 joltTilt=0.96 odeTilt=1.09 upDelta=0.13 wBody=(-0.04,0.00,-0.00) |w|=0.04 grounded=4
INFO 2026-07-27 15:27:16.322 joltshadow - docs §70.1: slipdense (player) f=820 w=0 grounded=1 kappa=0.299 fnGround=1195 omega=-0.18 | ftGround=202N target=29.1 limit=149Nm motorNm=149 tyreNm=-122 inertia=1.78 limRot=0/-0/0 omegaPre=-0.36 posN=-0/-143/0 susp=-0.3950 springN=971
INFO 2026-07-27 15:27:16.322 joltshadow - docs §70.1: slipdense (player) f=820 w=1 grounded=1 kappa=0.299 fnGround=1196 omega=-0.18 | ftGround=202N target=29.1 limit=149Nm motorNm=149 tyreNm=-122 inertia=1.78 limRot=0/-1/0 omegaPre=-0.36 posN=-0/-143/0 susp=-0.3945 springN=972
INFO 2026-07-27 15:27:16.322 joltshadow - docs §70.1: slipdense (player) f=820 w=2 grounded=1 kappa=0.299 fnGround=1200 omega=-0.21 | ftGround=202N target=29.1 limit=149Nm motorNm=149 tyreNm=-123 inertia=1.82 limRot=0/-0/0 omegaPre=-0.38 posN=-1/-157/0 susp=-0.4718 springN=1689
INFO 2026-07-27 15:27:16.323 joltshadow - docs §70.1: slipdense (player) f=820 w=3 grounded=1 kappa=0.299 fnGround=1200 omega=-0.21 | ftGround=202N target=29.1 limit=149Nm motorNm=149 tyreNm=-123 inertia=1.82 limRot=0/-0/0 omegaPre=-0.38 posN=-1/-157/0 susp=-0.4715 springN=1691
INFO 2026-07-27 15:27:16.323 joltshadow - docs §78: attdense (player) f=820 joltTilt=1.08 odeTilt=1.09 upDelta=0.02 wBody=(-0.22,0.00,-0.01) |w|=0.22 grounded=4
INFO 2026-07-27 15:27:16.366 joltshadow - docs §70.1: slipdense (player) f=824 w=0 grounded=1 kappa=-0.264 fnGround=0 omega=-1.43 | ftGround=0N target=-29.1 limit=149Nm motorNm=-149 tyreNm=0 inertia=1.78 limRot=0/0/0 omegaPre=-1.02 posN=-1/-55/0 susp=-0.1992 springN=-29
INFO 2026-07-27 15:27:16.366 joltshadow - docs §70.1: slipdense (player) f=824 w=1 grounded=1 kappa=-0.263 fnGround=0 omega=-1.43 | ftGround=0N target=-29.1 limit=149Nm motorNm=-149 tyreNm=0 inertia=1.78 limRot=0/0/0 omegaPre=-1.02 posN=-1/-55/0 susp=-0.1967 springN=-35
INFO 2026-07-27 15:27:16.366 joltshadow - docs §70.1: slipdense (player) f=824 w=2 grounded=1 kappa=-0.270 fnGround=694 omega=-1.21 | ftGround=-203N target=-29.1 limit=149Nm motorNm=-149 tyreNm=123 inertia=1.82 limRot=0/-2/-0 omegaPre=-1.03 posN=-4/136/0 susp=-0.2843 springN=414
INFO 2026-07-27 15:27:16.366 joltshadow - docs §70.1: slipdense (player) f=824 w=3 grounded=1 kappa=-0.269 fnGround=687 omega=-1.21 | ftGround=-203N target=-29.1 limit=149Nm motorNm=-149 tyreNm=123 inertia=1.82 limRot=0/-2/-0 omegaPre=-1.03 posN=-4/136/0 susp=-0.2817 springN=407
INFO 2026-07-27 15:27:16.366 joltshadow - docs §78: attdense (player) f=824 joltTilt=1.40 odeTilt=1.09 upDelta=0.32 wBody=(-0.03,0.00,-0.01) |w|=0.03 grounded=4
INFO 2026-07-27 15:27:16.411 joltshadow - docs §70.1: slipdense (player) f=828 w=0 grounded=0 kappa=0.000 fnGround=0 omega=-5.19 | ftGround=0N target=-29.1 limit=149Nm motorNm=-149 tyreNm=0 inertia=1.78 limRot=0/-0/0 omegaPre=-4.36 posN=0/-19/0 susp=-0.0578 springN=-289
INFO 2026-07-27 15:27:16.411 joltshadow - docs §70.1: slipdense (player) f=828 w=1 grounded=0 kappa=0.000 fnGround=0 omega=-5.20 | ftGround=0N target=-29.1 limit=149Nm motorNm=-149 tyreNm=0 inertia=1.78 limRot=0/-0/0 omegaPre=-4.36 posN=0/-19/0 susp=-0.0564 springN=-287
INFO 2026-07-27 15:27:16.411 joltshadow - docs §70.1: slipdense (player) f=828 w=2 grounded=0 kappa=0.000 fnGround=0 omega=-3.51 | ftGround=0N target=-29.1 limit=149Nm motorNm=-149 tyreNm=0 inertia=1.82 limRot=0/0/-0 omegaPre=-2.69 posN=0/-20/0 susp=-0.1119 springN=-303
INFO 2026-07-27 15:27:16.411 joltshadow - docs §70.1: slipdense (player) f=828 w=3 grounded=0 kappa=0.000 fnGround=0 omega=-3.56 | ftGround=0N target=-29.1 limit=149Nm motorNm=-149 tyreNm=0 inertia=1.82 limRot=0/0/-0 omegaPre=-2.74 posN=0/-20/0 susp=-0.1102 springN=-305
INFO 2026-07-27 15:27:16.411 joltshadow - docs §78: attdense (player) f=828 joltTilt=1.21 odeTilt=1.08 upDelta=0.14 wBody=(0.14,-0.00,-0.01) |w|=0.14 grounded=0
INFO 2026-07-27 15:27:16.453 joltshadow - docs §70.1: slipdense (player) f=832 w=0 grounded=0 kappa=0.000 fnGround=0 omega=-8.71 | ftGround=0N target=-29.1 limit=149Nm motorNm=-149 tyreNm=0 inertia=1.78 limRot=0/-0/0 omegaPre=-7.87 posN=-0/-6/0 susp=-0.0085 springN=-124
INFO 2026-07-27 15:27:16.453 joltshadow - docs §70.1: slipdense (player) f=832 w=1 grounded=0 kappa=0.000 fnGround=0 omega=-8.71 | ftGround=0N target=-29.1 limit=149Nm motorNm=-149 tyreNm=0 inertia=1.78 limRot=0/-0/0 omegaPre=-7.87 posN=-0/-6/0 susp=-0.0059 springN=-128
INFO 2026-07-27 15:27:16.453 joltshadow - docs §70.1: slipdense (player) f=832 w=2 grounded=0 kappa=0.000 fnGround=0 omega=-6.96 | ftGround=0N target=-29.1 limit=149Nm motorNm=-149 tyreNm=0 inertia=1.82 limRot=0/-0/0 omegaPre=-6.14 posN=-0/-7/0 susp=-0.0210 springN=-279
INFO 2026-07-27 15:27:16.453 joltshadow - docs §70.1: slipdense (player) f=832 w=3 grounded=0 kappa=0.000 fnGround=0 omega=-7.01 | ftGround=0N target=-29.1 limit=149Nm motorNm=-149 tyreNm=0 inertia=1.82 limRot=0/-0/0 omegaPre=-6.18 posN=-0/-7/0 susp=-0.0180 springN=-283
INFO 2026-07-27 15:27:16.453 joltshadow - docs §78: attdense (player) f=832 joltTilt=0.82 odeTilt=1.08 upDelta=0.28 wBody=(0.18,-0.00,-0.01) |w|=0.18 grounded=0
INFO 2026-07-27 15:27:16.501 joltshadow - docs §70.1: slipdense (player) f=836 w=0 grounded=0 kappa=0.000 fnGround=0 omega=-7.12 | ftGround=0N target=29.1 limit=149Nm motorNm=149 tyreNm=0 inertia=1.78 limRot=0/-3/0 omegaPre=-7.96 posN=-1/10/0 susp=0.0015 springN=-35
INFO 2026-07-27 15:27:16.501 joltshadow - docs §70.1: slipdense (player) f=836 w=1 grounded=0 kappa=0.000 fnGround=0 omega=-7.12 | ftGround=0N target=29.1 limit=149Nm motorNm=149 tyreNm=0 inertia=1.78 limRot=0/-3/0 omegaPre=-7.96 posN=-1/10/0 susp=0.0061 springN=-39
INFO 2026-07-27 15:27:16.501 joltshadow - docs §70.1: slipdense (player) f=836 w=2 grounded=0 kappa=0.000 fnGround=0 omega=-5.40 | ftGround=0N target=29.1 limit=149Nm motorNm=149 tyreNm=0 inertia=1.82 limRot=0/-0/0 omegaPre=-6.22 posN=-1/10/0 susp=0.0053 springN=-75
INFO 2026-07-27 15:27:16.502 joltshadow - docs §70.1: slipdense (player) f=836 w=3 grounded=0 kappa=0.000 fnGround=0 omega=-5.45 | ftGround=0N target=29.1 limit=149Nm motorNm=149 tyreNm=0 inertia=1.82 limRot=0/-0/0 omegaPre=-6.27 posN=-1/10/0 susp=0.0104 springN=-79
INFO 2026-07-27 15:27:16.502 joltshadow - docs §78: attdense (player) f=836 joltTilt=0.42 odeTilt=1.09 upDelta=0.73 wBody=(0.14,-0.00,-0.01) |w|=0.14 grounded=0
INFO 2026-07-27 15:27:16.543 joltshadow - docs §70.1: slipdense (player) f=840 w=0 grounded=0 kappa=0.000 fnGround=0 omega=-3.60 | ftGround=0N target=29.1 limit=149Nm motorNm=149 tyreNm=0 inertia=1.78 limRot=0/-12/0 omegaPre=-4.52 posN=-0/7/0 susp=0.0016 springN=-20
INFO 2026-07-27 15:27:16.543 joltshadow - docs §70.1: slipdense (player) f=840 w=1 grounded=0 kappa=0.000 fnGround=0 omega=-3.60 | ftGround=0N target=29.1 limit=149Nm motorNm=149 tyreNm=0 inertia=1.78 limRot=0/-12/0 omegaPre=-4.53 posN=-0/7/0 susp=0.0068 springN=-22
INFO 2026-07-27 15:27:16.544 joltshadow - docs §70.1: slipdense (player) f=840 w=2 grounded=0 kappa=0.000 fnGround=0 omega=-1.95 | ftGround=0N target=29.1 limit=149Nm motorNm=149 tyreNm=0 inertia=1.82 limRot=0/-0/0 omegaPre=-2.86 posN=-0/7/0 susp=0.0022 springN=9
INFO 2026-07-27 15:27:16.544 joltshadow - docs §70.1: slipdense (player) f=840 w=3 grounded=0 kappa=0.000 fnGround=0 omega=-2.00 | ftGround=0N target=29.1 limit=149Nm motorNm=149 tyreNm=0 inertia=1.82 limRot=0/-0/0 omegaPre=-2.90 posN=-0/8/0 susp=0.0080 springN=7
INFO 2026-07-27 15:27:16.544 joltshadow - docs §78: attdense (player) f=840 joltTilt=0.27 odeTilt=1.09 upDelta=1.02 wBody=(0.10,-0.00,-0.01) |w|=0.10 grounded=0
INFO 2026-07-27 15:27:16.544 joltshadow - Shadow divergence (player): pos=2.302m vel=2.224m/s angle=1.0deg (jolt com=[4668.6 260.2 1252.1] ode com=[4668.5 258.0 1251.5])
INFO 2026-07-27 15:27:16.544 joltshadow - docs §23.6: driver input (player) realThrottle=10.00 brake=0.01 handBrake=0 steerRad=0.000
INFO 2026-07-27 15:27:16.544 joltshadow - docs §32: Jolt SHADOW chassis pitch (player) forward=(-0.223, 0.002, -0.975)
INFO 2026-07-27 15:27:16.544 joltshadow - docs §69: tilt (player) jolt=0.3 deg ode=1.1 deg delta=-0.8 deg upDelta=1.02 deg
INFO 2026-07-27 15:27:16.544 joltshadow - docs §32.4: Jolt SHADOW chassis lowest corner (player) = (4670.74,258.87,1254.84) clearanceToGround=0.874
INFO 2026-07-27 15:27:16.544 joltshadow - docs §23.5: wheel state (player) wheel=0 contact=0 suspLen=1.050 (range 0.050-1.050, 0% compressed) angVel=0.00
INFO 2026-07-27 15:27:16.544 joltshadow - docs §38.11: wheel=0 NO contact, worldAxle=(0.975,-0.004,-0.223)
INFO 2026-07-27 15:27:16.544 joltshadow - docs §32: no-contact raycast (player) wheel=0 bodyPos=(4668.50,259.47,1251.69) localMPos=(-1.155,0.060,2.270) origin=(4669.12,259.53,1249.22) dir=(-0.005,-1.000,-0.001) normalRayLen=1.679 groundFoundAt=0.000 shortfallBeyondTravel=-1.679 hitBody=8391030 hitLayer=1 hitMotion=2 hitIsSelfChassis=0
INFO 2026-07-27 15:27:16.544 joltshadow - docs §23.5: wheel state (player) wheel=1 contact=0 suspLen=1.050 (range 0.050-1.050, 0% compressed) angVel=0.00
INFO 2026-07-27 15:27:16.544 joltshadow - docs §38.11: wheel=1 NO contact, worldAxle=(0.975,-0.004,-0.223)
INFO 2026-07-27 15:27:16.544 joltshadow - docs §32: no-contact raycast (player) wheel=1 bodyPos=(4668.50,259.47,1251.69) localMPos=(1.155,0.059,2.270) origin=(4666.87,259.54,1249.74) dir=(-0.005,-1.000,-0.001) normalRayLen=1.679 groundFoundAt=0.000 shortfallBeyondTravel=-1.679 hitBody=8391030 hitLayer=1 hitMotion=2 hitIsSelfChassis=0
INFO 2026-07-27 15:27:16.544 joltshadow - docs §23.5: wheel state (player) wheel=2 contact=0 suspLen=1.050 (range 0.050-1.050, 0% compressed) angVel=0.00
INFO 2026-07-27 15:27:16.544 joltshadow - docs §38.11: wheel=2 NO contact, worldAxle=(0.975,-0.004,-0.223)
INFO 2026-07-27 15:27:16.544 joltshadow - docs §32: no-contact raycast (player) wheel=2 bodyPos=(4668.50,259.47,1251.69) localMPos=(-1.253,0.145,-2.062) origin=(4670.18,259.60,1253.42) dir=(-0.005,-1.000,-0.001) normalRayLen=1.685 groundFoundAt=0.000 shortfallBeyondTravel=-1.685 hitBody=8391030 hitLayer=1 hitMotion=2 hitIsSelfChassis=0
INFO 2026-07-27 15:27:16.544 joltshadow - docs §23.5: wheel state (player) wheel=3 contact=0 suspLen=1.050 (range 0.050-1.050, 0% compressed) angVel=0.00
INFO 2026-07-27 15:27:16.544 joltshadow - docs §38.11: wheel=3 NO contact, worldAxle=(0.975,-0.004,-0.223)
INFO 2026-07-27 15:27:16.545 joltshadow - docs §32: no-contact raycast (player) wheel=3 bodyPos=(4668.50,259.47,1251.69) localMPos=(1.253,0.146,-2.062) origin=(4667.74,259.62,1253.98) dir=(-0.005,-1.000,-0.001) normalRayLen=1.685 groundFoundAt=0.000 shortfallBeyondTravel=-1.685 hitBody=8391030 hitLayer=1 hitMotion=2 hitIsSelfChassis=0
INFO 2026-07-27 15:27:16.545 joltshadow - docs §59/63: harvest (player) wheelsWithContact=0 contactPoints=0 overflow=0 (of 4) | maxNormalF=0N bound(k_t*tau)=0N ratio=0.00
INFO 2026-07-27 15:27:16.545 joltshadow - docs §58: wheel body (player) w=0 springF=-20N stopF=0N travel=0.0016 (limits -0.5000..0.5000 rel spawn) kSusp=6000 sagPredicted=-0.0033 | frameTrav=0.0016..0.0016 frameStopN=0
INFO 2026-07-27 15:27:16.545 joltshadow - docs §66: tyre band (player) w=0 fnGround=0N fnTotal=0N pen=0.00000 penRaw=0.00000 tau=0.01000 pen/tau=0.00 | recs tyre=0 rim=0 survived=0 stale=0 distMax=0.00R
INFO 2026-07-27 15:27:16.545 joltshadow - docs §68: steer (player) w=0 steerable=1 commanded=0.000 rad measured=0.001 rad err=0.07 deg steerSign=-1 steerTq=13Nm cap=815Nm sat=0.02
INFO 2026-07-27 15:27:16.545 joltshadow - docs §70: slip (player) w=0 grounded=0 kappa=0.000 fnGround=0N omega=-3.60
INFO 2026-07-27 15:27:16.545 joltshadow - docs §67: spin (player) w=0 driven=1 omega=-3.60 rad/s surfaceSpeed=-2.27 m/s spinSign=+1 motorTq=149Nm cmdTq=149Nm
INFO 2026-07-27 15:27:16.545 joltshadow - docs §58: wheel body (player) w=1 springF=-22N stopF=0N travel=0.0068 (limits -0.5000..0.5000 rel spawn) kSusp=6000 sagPredicted=-0.0036 | frameTrav=0.0068..0.0069 frameStopN=0
INFO 2026-07-27 15:27:16.545 joltshadow - docs §66: tyre band (player) w=1 fnGround=0N fnTotal=0N pen=0.00000 penRaw=0.00000 tau=0.01000 pen/tau=0.00 | recs tyre=0 rim=0 survived=0 stale=0 distMax=0.00R
INFO 2026-07-27 15:27:16.545 joltshadow - docs §68: steer (player) w=1 steerable=1 commanded=0.000 rad measured=0.001 rad err=0.07 deg steerSign=-1 steerTq=13Nm cap=815Nm sat=0.02
INFO 2026-07-27 15:27:16.545 joltshadow - docs §70: slip (player) w=1 grounded=0 kappa=0.000 fnGround=0N omega=-3.60
INFO 2026-07-27 15:27:16.545 joltshadow - docs §67: spin (player) w=1 driven=1 omega=-3.60 rad/s surfaceSpeed=-2.27 m/s spinSign=+1 motorTq=149Nm cmdTq=149Nm
INFO 2026-07-27 15:27:16.545 joltshadow - docs §58: wheel body (player) w=2 springF=9N stopF=0N travel=0.0022 (limits -0.5000..0.5000 rel spawn) kSusp=6000 sagPredicted=0.0015 | frameTrav=0.0022..0.0033 frameStopN=0
INFO 2026-07-27 15:27:16.545 joltshadow - docs §66: tyre band (player) w=2 fnGround=0N fnTotal=0N pen=0.00000 penRaw=0.00000 tau=0.01000 pen/tau=0.00 | recs tyre=0 rim=0 survived=0 stale=0 distMax=0.00R
INFO 2026-07-27 15:27:16.545 joltshadow - docs §68: steer (player) w=2 steerable=0 commanded=0.000 rad measured=0.000 rad err=0.00 deg steerSign=-1 steerTq=0Nm cap=340282346638528859811704183484516925440Nm sat=0.00
INFO 2026-07-27 15:27:16.545 joltshadow - docs §70: slip (player) w=2 grounded=0 kappa=0.000 fnGround=0N omega=-1.95
INFO 2026-07-27 15:27:16.545 joltshadow - docs §67: spin (player) w=2 driven=1 omega=-1.95 rad/s surfaceSpeed=-1.24 m/s spinSign=+1 motorTq=149Nm cmdTq=149Nm
INFO 2026-07-27 15:27:16.545 joltshadow - docs §58: wheel body (player) w=3 springF=7N stopF=0N travel=0.0080 (limits -0.5000..0.5000 rel spawn) kSusp=6000 sagPredicted=0.0012 | frameTrav=0.0080..0.0091 frameStopN=0
INFO 2026-07-27 15:27:16.545 joltshadow - docs §66: tyre band (player) w=3 fnGround=0N fnTotal=0N pen=0.00000 penRaw=0.00000 tau=0.01000 pen/tau=0.00 | recs tyre=0 rim=0 survived=0 stale=0 distMax=0.00R
INFO 2026-07-27 15:27:16.545 joltshadow - docs §68: steer (player) w=3 steerable=0 commanded=0.000 rad measured=0.000 rad err=0.00 deg steerSign=-1 steerTq=0Nm cap=340282346638528859811704183484516925440Nm sat=0.00
INFO 2026-07-27 15:27:16.546 joltshadow - docs §70: slip (player) w=3 grounded=0 kappa=0.000 fnGround=0N omega=-2.00
INFO 2026-07-27 15:27:16.546 joltshadow - docs §67: spin (player) w=3 driven=1 omega=-2.00 rad/s surfaceSpeed=-1.27 m/s spinSign=+1 motorTq=149Nm cmdTq=149Nm
INFO 2026-07-27 15:27:16.546 joltshadow - docs §67: drivetrain (player) gear=0 rpm=764 driveTorque=600Nm perWheel=150Nm driven=4 throttle=1.00 spin=1 | PRE-STEP brake=0.01 handBrake=0
INFO 2026-07-27 15:27:16.546 joltshadow - docs §66: tyre band SUM (player) fnGroundSum=0N fnTotalSum=0N weight=942N carried=0.00 | penSum=0.00000 recs tyre=0 rim=0 stale=0
INFO 2026-07-27 15:27:16.546 joltshadow - docs §30: REAL ODE chassis COM (player) body=54C8BDB0 = (4668.454, 257.991, 1251.496) forward=(-0.223, 0.019, -0.975)
INFO 2026-07-27 15:27:16.546 joltshadow - docs §33: real ODE chassis geom (player) #1 = class 0 (not a transform) pos=(4668.454,257.991,1251.496) radius=4.500
INFO 2026-07-27 15:27:16.546 joltshadow - docs §33: real ODE chassis geom (player) #2 = transform, inner class=1 pos=(0.000,1.095,-0.495)
INFO 2026-07-27 15:27:16.546 joltshadow - docs §33: real ODE chassis geom (player) #3 = transform, inner class=1 pos=(0.353,3.466,0.718)
INFO 2026-07-27 15:27:16.546 joltshadow - docs §33: real ODE chassis geom (player) #4 = transform, inner class=1 pos=(0.000,1.818,1.842)
INFO 2026-07-27 15:27:16.546 joltshadow - docs §33: real ODE chassis geom (player) #5 = transform, inner class=1 pos=(0.006,1.981,-2.113)
INFO 2026-07-27 15:27:16.546 joltshadow - docs §33: real ODE chassis geom (player) #6 = class 0 (not a transform) pos=(4668.454,257.991,1251.496) radius=30.000
INFO 2026-07-27 15:27:16.546 joltshadow - docs §33: real ODE chassis geom (player) #7 = class 0 (not a transform) pos=(4668.454,257.991,1251.496) radius=6.436
INFO 2026-07-27 15:27:16.546 joltshadow - docs §33: real ODE chassis geom (player) #8 = class 0 (not a transform) pos=(4668.454,257.991,1251.496) radius=200.000
INFO 2026-07-27 15:27:16.546 joltshadow - docs §33: real ODE chassis (player) has 8 total geom(s) directly attached (4 transform(s)) - compare against BuildChassisCompoundShape's own part/geom count in the build log
INFO 2026-07-27 15:27:16.546 joltshadow - docs §28: REAL ODE wheel state (player) wheel=0 displacement=0.0257 range=1.000 (3% compressed, signed) foreAft=2.270 localZ=2.270 cfm=0.002500 erp=0.2500
INFO 2026-07-27 15:27:16.546 joltshadow - docs §28: REAL ODE wheel state (player) wheel=1 displacement=0.0261 range=1.000 (3% compressed, signed) foreAft=2.270 localZ=2.270 cfm=0.002500 erp=0.2500
INFO 2026-07-27 15:27:16.546 joltshadow - docs §28: REAL ODE wheel state (player) wheel=2 displacement=0.0283 range=1.000 (3% compressed, signed) foreAft=-2.062 localZ=-2.062 cfm=0.002500 erp=0.2500
INFO 2026-07-27 15:27:16.546 joltshadow - docs §28: REAL ODE wheel state (player) wheel=3 displacement=0.0279 range=1.000 (3% compressed, signed) foreAft=-2.062 localZ=-2.062 cfm=0.002500 erp=0.2500
INFO 2026-07-27 15:27:16.591 joltshadow - docs §70.1: slipdense (player) f=844 w=0 grounded=0 kappa=0.000 fnGround=0 omega=0.33 | ftGround=0N target=29.1 limit=149Nm motorNm=149 tyreNm=0 inertia=1.78 limRot=0/-145/0 omegaPre=-0.59 posN=-3/5/0 susp=0.0014 springN=-18
INFO 2026-07-27 15:27:16.591 joltshadow - docs §70.1: slipdense (player) f=844 w=1 grounded=0 kappa=0.000 fnGround=0 omega=0.33 | ftGround=0N target=29.1 limit=149Nm motorNm=149 tyreNm=0 inertia=1.78 limRot=0/-142/0 omegaPre=-0.59 posN=-3/8/0 susp=0.0061 springN=-18
INFO 2026-07-27 15:27:16.591 joltshadow - docs §70.1: slipdense (player) f=844 w=2 grounded=0 kappa=0.000 fnGround=0 omega=1.91 | ftGround=0N target=29.1 limit=149Nm motorNm=149 tyreNm=0 inertia=1.82 limRot=0/0/0 omegaPre=1.00 posN=3/5/0 susp=-0.0029 springN=26
INFO 2026-07-27 15:27:16.591 joltshadow - docs §70.1: slipdense (player) f=844 w=3 grounded=0 kappa=0.000 fnGround=0 omega=1.86 | ftGround=0N target=29.1 limit=149Nm motorNm=149 tyreNm=0 inertia=1.82 limRot=0/0/0 omegaPre=0.96 posN=3/8/0 susp=0.0023 springN=27
INFO 2026-07-27 15:27:16.591 joltshadow - docs §78: attdense (player) f=844 joltTilt=0.33 odeTilt=1.09 upDelta=1.23 wBody=(0.06,-0.00,-0.01) |w|=0.06 grounded=0
INFO 2026-07-27 15:27:16.638 joltshadow - docs §70.1: slipdense (player) f=848 w=0 grounded=0 kappa=0.000 fnGround=0 omega=4.35 | ftGround=0N target=29.1 limit=149Nm motorNm=149 tyreNm=0 inertia=1.78 limRot=0/-822/0 omegaPre=3.26 posN=-6/-0/0 susp=0.0017 springN=-15
INFO 2026-07-27 15:27:16.638 joltshadow - docs §70.1: slipdense (player) f=848 w=1 grounded=0 kappa=0.000 fnGround=0 omega=4.34 | ftGround=0N target=29.1 limit=149Nm motorNm=149 tyreNm=0 inertia=1.78 limRot=0/-822/0 omegaPre=3.26 posN=-6/13/0 susp=0.0052 springN=-20
INFO 2026-07-27 15:27:16.638 joltshadow - docs §70.1: slipdense (player) f=848 w=2 grounded=0 kappa=0.000 fnGround=0 omega=5.85 | ftGround=0N target=29.1 limit=149Nm motorNm=149 tyreNm=0 inertia=1.82 limRot=0/1/0 omegaPre=4.78 posN=18/-1/0 susp=-0.0045 springN=23
INFO 2026-07-27 15:27:16.638 joltshadow - docs §70.1: slipdense (player) f=848 w=3 grounded=0 kappa=0.000 fnGround=0 omega=5.80 | ftGround=0N target=29.1 limit=149Nm motorNm=149 tyreNm=0 inertia=1.82 limRot=0/1/0 omegaPre=4.73 posN=19/14/0 susp=-0.0006 springN=17
INFO 2026-07-27 15:27:16.639 joltshadow - docs §78: attdense (player) f=848 joltTilt=0.41 odeTilt=1.09 upDelta=1.35 wBody=(0.02,-0.03,0.01) |w|=0.04 grounded=0
INFO 2026-07-27 15:27:16.678 joltshadow - docs §70.1: slipdense (player) f=852 w=0 grounded=0 kappa=0.000 fnGround=0 omega=0.98 | ftGround=0N target=-29.1 limit=149Nm motorNm=-149 tyreNm=0 inertia=1.78 limRot=0/-804/-131 omegaPre=1.73 posN=-6/-6/0 susp=0.0000 springN=11
INFO 2026-07-27 15:27:16.678 joltshadow - docs §70.1: slipdense (player) f=852 w=1 grounded=0 kappa=0.000 fnGround=0 omega=0.98 | ftGround=0N target=-29.1 limit=149Nm motorNm=-149 tyreNm=0 inertia=1.78 limRot=0/-804/-127 omegaPre=1.73 posN=-6/-6/0 susp=0.0017 springN=27
INFO 2026-07-27 15:27:16.679 joltshadow - docs §70.1: slipdense (player) f=852 w=2 grounded=0 kappa=0.000 fnGround=0 omega=2.56 | ftGround=0N target=-29.1 limit=149Nm motorNm=-149 tyreNm=0 inertia=1.82 limRot=0/-1/-0 omegaPre=3.30 posN=-8/-6/0 susp=-0.0020 springN=-20
INFO 2026-07-27 15:27:16.679 joltshadow - docs §70.1: slipdense (player) f=852 w=3 grounded=0 kappa=0.000 fnGround=0 omega=2.52 | ftGround=0N target=-29.1 limit=149Nm motorNm=-149 tyreNm=0 inertia=1.82 limRot=0/-1/-0 omegaPre=3.26 posN=-8/-6/0 susp=-0.0001 springN=-2
INFO 2026-07-27 15:27:16.679 joltshadow - docs §78: attdense (player) f=852 joltTilt=0.49 odeTilt=1.09 upDelta=1.46 wBody=(0.06,-0.00,-0.02) |w|=0.07 grounded=0
INFO 2026-07-27 15:27:16.719 joltshadow - docs §70.1: slipdense (player) f=856 w=0 grounded=0 kappa=0.000 fnGround=0 omega=-2.37 | ftGround=0N target=-29.1 limit=149Nm motorNm=-149 tyreNm=0 inertia=1.78 limRot=0/-801/-152 omegaPre=-1.36 posN=-11/-7/0 susp=-0.0022 springN=14
INFO 2026-07-27 15:27:16.719 joltshadow - docs §70.1: slipdense (player) f=856 w=1 grounded=0 kappa=0.000 fnGround=0 omega=-2.37 | ftGround=0N target=-29.1 limit=149Nm motorNm=-149 tyreNm=0 inertia=1.78 limRot=0/-802/0 omegaPre=-1.36 posN=-11/-4/0 susp=-0.0008 springN=32
INFO 2026-07-27 15:27:16.719 joltshadow - docs §70.1: slipdense (player) f=856 w=2 grounded=0 kappa=0.000 fnGround=0 omega=-0.72 | ftGround=0N target=-29.1 limit=149Nm motorNm=-149 tyreNm=0 inertia=1.82 limRot=0/-1/0 omegaPre=0.26 posN=-4/-7/0 susp=0.0002 springN=-27
INFO 2026-07-27 15:27:16.719 joltshadow - docs §70.1: slipdense (player) f=856 w=3 grounded=0 kappa=0.000 fnGround=0 omega=-0.77 | ftGround=0N target=-29.1 limit=149Nm motorNm=-149 tyreNm=0 inertia=1.82 limRot=0/-1/0 omegaPre=0.22 posN=-4/-3/0 susp=0.0017 springN=-8
INFO 2026-07-27 15:27:16.720 joltshadow - docs §78: attdense (player) f=856 joltTilt=0.62 odeTilt=1.09 upDelta=1.63 wBody=(0.09,0.00,-0.05) |w|=0.11 grounded=0
INFO 2026-07-27 15:27:16.762 joltshadow - docs §70.1: slipdense (player) f=860 w=0 grounded=0 kappa=0.000 fnGround=0 omega=-6.05 | ftGround=0N target=-29.1 limit=149Nm motorNm=-149 tyreNm=0 inertia=1.78 limRot=0/-761/-294 omegaPre=-5.21 posN=-7/-6/0 susp=-0.0040 springN=13
INFO 2026-07-27 15:27:16.763 joltshadow - docs §70.1: slipdense (player) f=860 w=1 grounded=0 kappa=0.000 fnGround=0 omega=-6.05 | ftGround=0N target=-29.1 limit=149Nm motorNm=-149 tyreNm=0 inertia=1.78 limRot=0/-762/-291 omegaPre=-5.21 posN=-7/-6/0 susp=-0.0008 springN=27
INFO 2026-07-27 15:27:16.763 joltshadow - docs §70.1: slipdense (player) f=860 w=2 grounded=0 kappa=0.000 fnGround=0 omega=-4.33 | ftGround=0N target=-29.1 limit=149Nm motorNm=-149 tyreNm=0 inertia=1.82 limRot=0/-1/-0 omegaPre=-3.51 posN=-8/-5/0 susp=0.0002 springN=-23
INFO 2026-07-27 15:27:16.763 joltshadow - docs §70.1: slipdense (player) f=860 w=3 grounded=0 kappa=0.000 fnGround=0 omega=-4.38 | ftGround=0N target=-29.1 limit=149Nm motorNm=-149 tyreNm=0 inertia=1.82 limRot=0/-1/-0 omegaPre=-3.56 posN=-8/-6/0 susp=0.0035 springN=-8
INFO 2026-07-27 15:27:16.763 joltshadow - docs §78: attdense (player) f=860 joltTilt=0.83 odeTilt=1.08 upDelta=1.87 wBody=(0.12,0.00,-0.09) |w|=0.15 grounded=0
INFO 2026-07-27 15:27:16.773 joltshadow - docs §82: resync (player) #20 dt=0.50s upMax=1.938 deg posMax=1.250 m odeTiltPath=0.012 deg gain=-1.0000
INFO 2026-07-27 15:27:16.773 joltshadow - docs §87: resync landing (player) w=0 pre=0.5213 post=-0.0095 m R=0.629 dY=-1.1945 dRotDeg=1.94 |corr|=1.2497 m
INFO 2026-07-27 15:27:16.773 joltshadow - docs §87: resync landing (player) w=1 pre=0.5296 post=-0.0091 m R=0.629 dY=-1.1945 dRotDeg=1.94 |corr|=1.2497 m
INFO 2026-07-27 15:27:16.773 joltshadow - docs §87: resync landing (player) w=2 pre=0.5829 post=-0.0096 m R=0.635 dY=-1.1945 dRotDeg=1.94 |corr|=1.2497 m
INFO 2026-07-27 15:27:16.774 joltshadow - docs §87: resync landing (player) w=3 pre=0.5919 post=-0.0092 m R=0.635 dY=-1.1945 dRotDeg=1.94 |corr|=1.2497 m
INFO 2026-07-27 15:27:16.774 joltshadow - docs §82: resync RESIDUAL (player) #20 pos=0.0000 m up=0.0000 deg
INFO 2026-07-27 15:27:16.806 joltshadow - docs §70.1: slipdense (player) f=864 w=0 grounded=1 kappa=-0.188 fnGround=1189 omega=-1.49 | ftGround=-226N target=-29.1 limit=149Nm motorNm=-149 tyreNm=133 inertia=1.78 limRot=0/-2500/-1533 omegaPre=-1.50 posN=211/45/0 susp=-0.4641 springN=1720
INFO 2026-07-27 15:27:16.806 joltshadow - docs §70.1: slipdense (player) f=864 w=1 grounded=1 kappa=-0.244 fnGround=1189 omega=-1.23 | ftGround=-230N target=-29.1 limit=149Nm motorNm=-149 tyreNm=137 inertia=1.78 limRot=0/-2727/-1510 omegaPre=-1.22 posN=-80/264/0 susp=-0.4667 springN=1760
INFO 2026-07-27 15:27:16.806 joltshadow - docs §70.1: slipdense (player) f=864 w=2 grounded=1 kappa=-0.220 fnGround=1199 omega=-1.39 | ftGround=-239N target=-29.1 limit=149Nm motorNm=-149 tyreNm=138 inertia=1.82 limRot=0/-35/0 omegaPre=-1.35 posN=-53/157/0 susp=-0.5106 springN=2110
INFO 2026-07-27 15:27:16.806 joltshadow - docs §70.1: slipdense (player) f=864 w=3 grounded=1 kappa=-0.297 fnGround=1198 omega=-1.05 | ftGround=-243N target=-29.1 limit=149Nm motorNm=-149 tyreNm=141 inertia=1.82 limRot=0/-33/0 omegaPre=-0.97 posN=-51/171/0 susp=-0.5125 springN=2149
INFO 2026-07-27 15:27:16.806 joltshadow - docs §78: attdense (player) f=864 joltTilt=0.82 odeTilt=1.08 upDelta=0.28 wBody=(-0.10,-0.08,-0.04) |w|=0.13 grounded=4
INFO 2026-07-27 15:27:16.847 joltshadow - docs §70.1: slipdense (player) f=868 w=0 grounded=1 kappa=0.131 fnGround=673 omega=-1.36 | ftGround=190N target=29.1 limit=149Nm motorNm=149 tyreNm=-118 inertia=1.78 limRot=0/-1679/-1274 omegaPre=-1.86 posN=160/-257/0 susp=-0.2857 springN=374
INFO 2026-07-27 15:27:16.847 joltshadow - docs §70.1: slipdense (player) f=868 w=1 grounded=1 kappa=0.170 fnGround=713 omega=-1.02 | ftGround=196N target=29.1 limit=149Nm motorNm=149 tyreNm=-121 inertia=1.78 limRot=0/-2046/-1288 omegaPre=-1.54 posN=-194/-29/0 susp=-0.2910 springN=412
INFO 2026-07-27 15:27:16.847 joltshadow - docs §70.1: slipdense (player) f=868 w=2 grounded=1 kappa=0.149 fnGround=1037 omega=-1.21 | ftGround=199N target=29.1 limit=149Nm motorNm=149 tyreNm=-123 inertia=1.82 limRot=0/-8/-1 omegaPre=-1.70 posN=-3/-141/0 susp=-0.3529 springN=764
INFO 2026-07-27 15:27:16.847 joltshadow - docs §70.1: slipdense (player) f=868 w=3 grounded=1 kappa=0.221 fnGround=1079 omega=-0.76 | ftGround=206N target=29.1 limit=149Nm motorNm=149 tyreNm=-127 inertia=1.82 limRot=0/-7/-1 omegaPre=-1.28 posN=-3/-162/0 susp=-0.3592 springN=808
INFO 2026-07-27 15:27:16.847 joltshadow - docs §78: attdense (player) f=868 joltTilt=1.03 odeTilt=1.08 upDelta=0.17 wBody=(-0.07,-0.11,-0.03) |w|=0.13 grounded=4
INFO 2026-07-27 15:27:16.886 joltshadow - docs §70.1: slipdense (player) f=872 w=0 grounded=0 kappa=0.000 fnGround=0 omega=0.61 | ftGround=0N target=29.1 limit=149Nm motorNm=149 tyreNm=0 inertia=1.78 limRot=0/-656/-481 omegaPre=-0.23 posN=-1/-0/0 susp=-0.1270 springN=-303
INFO 2026-07-27 15:27:16.886 joltshadow - docs §70.1: slipdense (player) f=872 w=1 grounded=0 kappa=0.000 fnGround=0 omega=0.88 | ftGround=0N target=29.1 limit=149Nm motorNm=149 tyreNm=0 inertia=1.78 limRot=0/-671/-460 omegaPre=0.04 posN=-1/7/0 susp=-0.1305 springN=-303
INFO 2026-07-27 15:27:16.886 joltshadow - docs §70.1: slipdense (player) f=872 w=2 grounded=1 kappa=0.244 fnGround=0 omega=-0.54 | ftGround=0N target=29.1 limit=149Nm motorNm=149 tyreNm=0 inertia=1.82 limRot=0/1/0 omegaPre=-0.85 posN=12/1/0 susp=-0.1931 springN=29
INFO 2026-07-27 15:27:16.886 joltshadow - docs §70.1: slipdense (player) f=872 w=3 grounded=1 kappa=0.337 fnGround=127 omega=-0.46 | ftGround=227N target=29.1 limit=149Nm motorNm=149 tyreNm=-143 inertia=1.82 limRot=0/21/0 omegaPre=-0.50 posN=44/-220/0 susp=-0.1976 springN=51
INFO 2026-07-27 15:27:16.886 joltshadow - docs §78: attdense (player) f=872 joltTilt=1.18 odeTilt=1.08 upDelta=0.17 wBody=(-0.04,-0.09,0.01) |w|=0.10 grounded=2
INFO 2026-07-27 15:27:16.926 joltshadow - docs §70.1: slipdense (player) f=876 w=0 grounded=0 kappa=0.000 fnGround=0 omega=4.04 | ftGround=0N target=29.1 limit=149Nm motorNm=149 tyreNm=0 inertia=1.78 limRot=0/-698/-418 omegaPre=3.03 posN=6/1/0 susp=-0.0290 springN=-270
INFO 2026-07-27 15:27:16.926 joltshadow - docs §70.1: slipdense (player) f=876 w=1 grounded=0 kappa=0.000 fnGround=0 omega=4.31 | ftGround=0N target=29.1 limit=149Nm motorNm=149 tyreNm=0 inertia=1.78 limRot=0/-716/-387 omegaPre=3.31 posN=6/2/0 susp=-0.0277 springN=-299
INFO 2026-07-27 15:27:16.927 joltshadow - docs §70.1: slipdense (player) f=876 w=2 grounded=0 kappa=0.000 fnGround=0 omega=2.82 | ftGround=0N target=29.1 limit=149Nm motorNm=149 tyreNm=0 inertia=1.82 limRot=0/1/-0 omegaPre=1.84 posN=8/1/0 susp=-0.0663 springN=-295
INFO 2026-07-27 15:27:16.927 joltshadow - docs §70.1: slipdense (player) f=876 w=3 grounded=0 kappa=0.000 fnGround=0 omega=2.90 | ftGround=0N target=29.1 limit=149Nm motorNm=149 tyreNm=0 inertia=1.82 limRot=0/1/-0 omegaPre=1.92 posN=8/2/0 susp=-0.0663 springN=-318
INFO 2026-07-27 15:27:16.927 joltshadow - docs §78: attdense (player) f=876 joltTilt=1.21 odeTilt=1.08 upDelta=0.13 wBody=(-0.01,-0.09,0.05) |w|=0.10 grounded=0
INFO 2026-07-27 15:27:16.966 joltshadow - docs §70.1: slipdense (player) f=880 w=0 grounded=0 kappa=0.000 fnGround=0 omega=5.96 | ftGround=0N target=-29.1 limit=149Nm motorNm=-149 tyreNm=0 inertia=1.78 limRot=0/-773/-257 omegaPre=6.63 posN=-10/-7/0 susp=0.0008 springN=-107
INFO 2026-07-27 15:27:16.966 joltshadow - docs §70.1: slipdense (player) f=880 w=1 grounded=0 kappa=0.000 fnGround=0 omega=6.24 | ftGround=0N target=-29.1 limit=149Nm motorNm=-149 tyreNm=0 inertia=1.78 limRot=0/-786/-215 omegaPre=6.90 posN=-11/-8/0 susp=0.0057 springN=-126
INFO 2026-07-27 15:27:16.966 joltshadow - docs §70.1: slipdense (player) f=880 w=2 grounded=0 kappa=0.000 fnGround=0 omega=4.71 | ftGround=0N target=-29.1 limit=149Nm motorNm=-149 tyreNm=0 inertia=1.82 limRot=0/-1/-1 omegaPre=5.37 posN=-11/-6/0 susp=-0.0112 springN=-188
INFO 2026-07-27 15:27:16.966 joltshadow - docs §70.1: slipdense (player) f=880 w=3 grounded=0 kappa=0.000 fnGround=0 omega=4.79 | ftGround=0N target=-29.1 limit=149Nm motorNm=-149 tyreNm=0 inertia=1.82 limRot=0/-1/-1 omegaPre=5.45 posN=-12/-7/0 susp=-0.0068 springN=-209
INFO 2026-07-27 15:27:16.967 joltshadow - docs §78: attdense (player) f=880 joltTilt=1.27 odeTilt=1.08 upDelta=0.24 wBody=(-0.02,-0.09,0.06) |w|=0.11 grounded=0
INFO 2026-07-27 15:27:17.011 joltshadow - docs §70.1: slipdense (player) f=884 w=0 grounded=0 kappa=0.000 fnGround=0 omega=2.20 | ftGround=0N target=-29.1 limit=149Nm motorNm=-149 tyreNm=0 inertia=1.78 limRot=0/-808/-107 omegaPre=3.12 posN=-6/-4/0 susp=0.0034 springN=-5
INFO 2026-07-27 15:27:17.011 joltshadow - docs §70.1: slipdense (player) f=884 w=1 grounded=0 kappa=0.000 fnGround=0 omega=2.47 | ftGround=0N target=-29.1 limit=149Nm motorNm=-149 tyreNm=0 inertia=1.78 limRot=0/-813/-53 omegaPre=3.39 posN=-6/-4/0 susp=0.0058 springN=15
INFO 2026-07-27 15:27:17.011 joltshadow - docs §70.1: slipdense (player) f=884 w=2 grounded=0 kappa=0.000 fnGround=0 omega=1.02 | ftGround=0N target=-29.1 limit=149Nm motorNm=-149 tyreNm=0 inertia=1.82 limRot=0/-1/-0 omegaPre=1.92 posN=-7/-3/0 susp=0.0064 springN=-83
INFO 2026-07-27 15:27:17.011 joltshadow - docs §70.1: slipdense (player) f=884 w=3 grounded=0 kappa=0.000 fnGround=0 omega=1.10 | ftGround=0N target=-29.1 limit=149Nm motorNm=-149 tyreNm=0 inertia=1.82 limRot=0/-1/-0 omegaPre=2.00 posN=-7/-4/0 susp=0.0088 springN=-63
INFO 2026-07-27 15:27:17.011 joltshadow - docs §78: attdense (player) f=884 joltTilt=1.31 odeTilt=1.08 upDelta=0.36 wBody=(0.01,-0.09,0.01) |w|=0.09 grounded=0
INFO 2026-07-27 15:27:17.054 joltshadow - docs §70.1: slipdense (player) f=888 w=0 grounded=0 kappa=0.000 fnGround=0 omega=3.95 | ftGround=0N target=29.1 limit=149Nm motorNm=149 tyreNm=0 inertia=1.78 limRot=0/-814/-25 omegaPre=3.03 posN=8/8/0 susp=0.0007 springN=0
INFO 2026-07-27 15:27:17.054 joltshadow - docs §70.1: slipdense (player) f=888 w=1 grounded=0 kappa=0.000 fnGround=0 omega=4.23 | ftGround=0N target=29.1 limit=149Nm motorNm=149 tyreNm=0 inertia=1.78 limRot=0/-813/0 omegaPre=3.31 posN=8/8/0 susp=0.0026 springN=-8
INFO 2026-07-27 15:27:17.054 joltshadow - docs §70.1: slipdense (player) f=888 w=2 grounded=0 kappa=0.000 fnGround=0 omega=2.74 | ftGround=0N target=29.1 limit=149Nm motorNm=149 tyreNm=0 inertia=1.82 limRot=0/1/-0 omegaPre=1.84 posN=8/8/0 susp=0.0042 springN=10
INFO 2026-07-27 15:27:17.054 joltshadow - docs §70.1: slipdense (player) f=888 w=3 grounded=0 kappa=0.000 fnGround=0 omega=2.82 | ftGround=0N target=29.1 limit=149Nm motorNm=149 tyreNm=0 inertia=1.82 limRot=0/1/-0 omegaPre=1.92 posN=7/8/0 susp=0.0063 springN=-1
INFO 2026-07-27 15:27:17.054 joltshadow - docs §78: attdense (player) f=888 joltTilt=1.35 odeTilt=1.08 upDelta=0.45 wBody=(-0.02,-0.09,0.04) |w|=0.10 grounded=0
INFO 2026-07-27 15:27:17.096 joltshadow - docs §70.1: slipdense (player) f=892 w=0 grounded=0 kappa=0.000 fnGround=0 omega=7.47 | ftGround=0N target=29.1 limit=149Nm motorNm=149 tyreNm=0 inertia=1.78 limRot=0/-779/0 omegaPre=6.46 posN=15/12/0 susp=0.0005 springN=-9
INFO 2026-07-27 15:27:17.096 joltshadow - docs §70.1: slipdense (player) f=892 w=1 grounded=0 kappa=0.000 fnGround=0 omega=7.74 | ftGround=0N target=29.1 limit=149Nm motorNm=149 tyreNm=0 inertia=1.78 limRot=0/-739/0 omegaPre=6.74 posN=15/1/0 susp=0.0035 springN=-24
INFO 2026-07-27 15:27:17.096 joltshadow - docs §70.1: slipdense (player) f=892 w=2 grounded=0 kappa=0.000 fnGround=0 omega=6.19 | ftGround=0N target=29.1 limit=149Nm motorNm=149 tyreNm=0 inertia=1.82 limRot=0/1/-1 omegaPre=5.20 posN=-6/13/0 susp=-0.0011 springN=32
INFO 2026-07-27 15:27:17.096 joltshadow - docs §70.1: slipdense (player) f=892 w=3 grounded=0 kappa=0.000 fnGround=0 omega=6.27 | ftGround=0N target=29.1 limit=149Nm motorNm=149 tyreNm=0 inertia=1.82 limRot=0/1/-1 omegaPre=5.29 posN=-7/0/0 susp=0.0023 springN=15
INFO 2026-07-27 15:27:17.097 joltshadow - docs §78: attdense (player) f=892 joltTilt=1.51 odeTilt=1.09 upDelta=0.65 wBody=(-0.06,-0.08,0.07) |w|=0.12 grounded=0
INFO 2026-07-27 15:27:17.135 joltshadow - docs §70.1: slipdense (player) f=896 w=0 grounded=0 kappa=0.000 fnGround=0 omega=10.67 | ftGround=0N target=29.1 limit=149Nm motorNm=149 tyreNm=0 inertia=1.78 limRot=0/-545/0 omegaPre=10.03 posN=-12/6/0 susp=0.0015 springN=-26
INFO 2026-07-27 15:27:17.135 joltshadow - docs §70.1: slipdense (player) f=896 w=1 grounded=0 kappa=0.000 fnGround=0 omega=10.90 | ftGround=0N target=29.1 limit=149Nm motorNm=149 tyreNm=0 inertia=1.78 limRot=0/773/0 omegaPre=10.26 posN=-12/7/0 susp=0.0038 springN=-15
INFO 2026-07-27 15:27:17.135 joltshadow - docs §70.1: slipdense (player) f=896 w=2 grounded=0 kappa=0.000 fnGround=0 omega=9.39 | ftGround=0N target=29.1 limit=149Nm motorNm=149 tyreNm=0 inertia=1.82 limRot=0/-1/-0 omegaPre=8.73 posN=-10/7/0 susp=-0.0032 springN=17
INFO 2026-07-27 15:27:17.135 joltshadow - docs §70.1: slipdense (player) f=896 w=3 grounded=0 kappa=0.000 fnGround=0 omega=9.47 | ftGround=0N target=29.1 limit=149Nm motorNm=149 tyreNm=0 inertia=1.82 limRot=0/-1/-0 omegaPre=8.81 posN=-10/7/0 susp=-0.0006 springN=29
INFO 2026-07-27 15:27:17.135 joltshadow - docs §78: attdense (player) f=896 joltTilt=1.73 odeTilt=1.09 upDelta=0.88 wBody=(-0.09,-0.05,0.05) |w|=0.11 grounded=0
INFO 2026-07-27 15:27:17.176 joltshadow - docs §70.1: slipdense (player) f=900 w=0 grounded=0 kappa=0.000 fnGround=0 omega=12.53 | ftGround=0N target=-29.1 limit=149Nm motorNm=-149 tyreNm=0 inertia=1.78 limRot=0/12/0 omegaPre=13.28 posN=8/-9/0 susp=0.0025 springN=-10
INFO 2026-07-27 15:27:17.176 joltshadow - docs §70.1: slipdense (player) f=900 w=1 grounded=0 kappa=0.000 fnGround=0 omega=12.81 | ftGround=0N target=-29.1 limit=149Nm motorNm=-149 tyreNm=0 inertia=1.78 limRot=0/-119/0 omegaPre=13.56 posN=8/-12/0 susp=0.0029 springN=-3
INFO 2026-07-27 15:27:17.176 joltshadow - docs §70.1: slipdense (player) f=900 w=2 grounded=0 kappa=0.000 fnGround=0 omega=11.28 | ftGround=0N target=-29.1 limit=149Nm motorNm=-149 tyreNm=0 inertia=1.82 limRot=0/2/-1 omegaPre=12.02 posN=4/-8/0 susp=-0.0026 springN=4
INFO 2026-07-27 15:27:17.176 joltshadow - docs §70.1: slipdense (player) f=900 w=3 grounded=0 kappa=0.000 fnGround=0 omega=11.36 | ftGround=0N target=-29.1 limit=149Nm motorNm=-149 tyreNm=0 inertia=1.82 limRot=0/2/-1 omegaPre=12.10 posN=4/-11/0 susp=-0.0022 springN=12
INFO 2026-07-27 15:27:17.176 joltshadow - docs §78: attdense (player) f=900 joltTilt=1.99 odeTilt=1.09 upDelta=1.10 wBody=(-0.10,-0.10,0.04) |w|=0.15 grounded=0
INFO 2026-07-27 15:27:17.176 joltshadow - Shadow divergence (player): pos=2.509m vel=1.054m/s angle=2.2deg (jolt com=[4668.7 260.4 1252.1] ode com=[4668.5 258.0 1251.5])
INFO 2026-07-27 15:27:17.176 joltshadow - docs §23.6: driver input (player) realThrottle=-10.00 brake=0.01 handBrake=0 steerRad=0.000
INFO 2026-07-27 15:27:17.176 joltshadow - docs §32: Jolt SHADOW chassis pitch (player) forward=(-0.190, 0.031, -0.981)
INFO 2026-07-27 15:27:17.176 joltshadow - docs §69: tilt (player) jolt=2.0 deg ode=1.1 deg delta=+0.9 deg upDelta=1.10 deg
INFO 2026-07-27 15:27:17.177 joltshadow - docs §32.4: Jolt SHADOW chassis lowest corner (player) = (4670.71,258.95,1254.95) clearanceToGround=0.954
INFO 2026-07-27 15:27:17.177 joltshadow - docs §23.5: wheel state (player) wheel=0 contact=0 suspLen=1.050 (range 0.050-1.050, 0% compressed) angVel=0.00
INFO 2026-07-27 15:27:17.177 joltshadow - docs §38.11: wheel=0 NO contact, worldAxle=(0.981,-0.015,-0.191)
INFO 2026-07-27 15:27:17.177 joltshadow - docs §32: no-contact raycast (player) wheel=0 bodyPos=(4668.58,259.67,1251.75) localMPos=(-1.155,0.060,2.270) origin=(4669.29,259.78,1249.31) dir=(-0.021,-0.999,-0.028) normalRayLen=1.679 groundFoundAt=0.000 shortfallBeyondTravel=-1.679 hitBody=8391030 hitLayer=1 hitMotion=2 hitIsSelfChassis=0
INFO 2026-07-27 15:27:17.177 joltshadow - docs §23.5: wheel state (player) wheel=1 contact=0 suspLen=1.050 (range 0.050-1.050, 0% compressed) angVel=0.00
INFO 2026-07-27 15:27:17.177 joltshadow - docs §38.11: wheel=1 NO contact, worldAxle=(0.981,-0.015,-0.191)
INFO 2026-07-27 15:27:17.177 joltshadow - docs §32: no-contact raycast (player) wheel=1 bodyPos=(4668.58,259.67,1251.75) localMPos=(1.155,0.059,2.270) origin=(4667.02,259.82,1249.75) dir=(-0.021,-0.999,-0.028) normalRayLen=1.679 groundFoundAt=0.000 shortfallBeyondTravel=-1.679 hitBody=8391030 hitLayer=1 hitMotion=2 hitIsSelfChassis=0
INFO 2026-07-27 15:27:17.177 joltshadow - docs §23.5: wheel state (player) wheel=2 contact=0 suspLen=1.050 (range 0.050-1.050, 0% compressed) angVel=0.00
INFO 2026-07-27 15:27:17.177 joltshadow - docs §38.11: wheel=2 NO contact, worldAxle=(0.981,-0.015,-0.191)
INFO 2026-07-27 15:27:17.177 joltshadow - docs §32: no-contact raycast (player) wheel=2 bodyPos=(4668.58,259.67,1251.75) localMPos=(-1.253,0.145,-2.062) origin=(4670.21,259.73,1253.54) dir=(-0.021,-0.999,-0.028) normalRayLen=1.685 groundFoundAt=0.000 shortfallBeyondTravel=-1.685 hitBody=8391030 hitLayer=1 hitMotion=2 hitIsSelfChassis=0
INFO 2026-07-27 15:27:17.177 joltshadow - docs §23.5: wheel state (player) wheel=3 contact=0 suspLen=1.050 (range 0.050-1.050, 0% compressed) angVel=0.00
INFO 2026-07-27 15:27:17.177 joltshadow - docs §38.11: wheel=3 NO contact, worldAxle=(0.981,-0.015,-0.191)
INFO 2026-07-27 15:27:17.177 joltshadow - docs §32: no-contact raycast (player) wheel=3 bodyPos=(4668.58,259.67,1251.75) localMPos=(1.253,0.146,-2.062) origin=(4667.75,259.77,1254.02) dir=(-0.021,-0.999,-0.028) normalRayLen=1.685 groundFoundAt=0.000 shortfallBeyondTravel=-1.685 hitBody=8391030 hitLayer=1 hitMotion=2 hitIsSelfChassis=0
INFO 2026-07-27 15:27:17.177 joltshadow - docs §59/63: harvest (player) wheelsWithContact=0 contactPoints=0 overflow=0 (of 4) | maxNormalF=0N bound(k_t*tau)=0N ratio=0.00
INFO 2026-07-27 15:27:17.177 joltshadow - docs §58: wheel body (player) w=0 springF=-10N stopF=0N travel=0.0025 (limits -0.5000..0.5000 rel spawn) kSusp=6000 sagPredicted=-0.0016 | frameTrav=0.0025..0.0026 frameStopN=0
INFO 2026-07-27 15:27:17.177 joltshadow - docs §66: tyre band (player) w=0 fnGround=0N fnTotal=0N pen=0.00000 penRaw=0.00000 tau=0.01000 pen/tau=0.00 | recs tyre=0 rim=0 survived=0 stale=0 distMax=0.00R
INFO 2026-07-27 15:27:17.177 joltshadow - docs §68: steer (player) w=0 steerable=1 commanded=0.000 rad measured=-0.061 rad err=-3.52 deg steerSign=-1 steerTq=-107Nm cap=815Nm sat=0.13
INFO 2026-07-27 15:27:17.177 joltshadow - docs §70: slip (player) w=0 grounded=0 kappa=0.000 fnGround=0N omega=12.53
INFO 2026-07-27 15:27:17.177 joltshadow - docs §67: spin (player) w=0 driven=1 omega=12.53 rad/s surfaceSpeed=7.88 m/s spinSign=+1 motorTq=-149Nm cmdTq=149Nm
INFO 2026-07-27 15:27:17.177 joltshadow - docs §58: wheel body (player) w=1 springF=-3N stopF=0N travel=0.0029 (limits -0.5000..0.5000 rel spawn) kSusp=6000 sagPredicted=-0.0005 | frameTrav=0.0029..0.0031 frameStopN=0
INFO 2026-07-27 15:27:17.178 joltshadow - docs §66: tyre band (player) w=1 fnGround=0N fnTotal=0N pen=0.00000 penRaw=0.00000 tau=0.01000 pen/tau=0.00 | recs tyre=0 rim=0 survived=0 stale=0 distMax=0.00R
INFO 2026-07-27 15:27:17.178 joltshadow - docs §68: steer (player) w=1 steerable=1 commanded=0.000 rad measured=-0.026 rad err=-1.48 deg steerSign=-1 steerTq=205Nm cap=815Nm sat=0.25
INFO 2026-07-27 15:27:17.178 joltshadow - docs §70: slip (player) w=1 grounded=0 kappa=0.000 fnGround=0N omega=12.81
INFO 2026-07-27 15:27:17.178 joltshadow - docs §67: spin (player) w=1 driven=1 omega=12.81 rad/s surfaceSpeed=8.06 m/s spinSign=+1 motorTq=-149Nm cmdTq=149Nm
INFO 2026-07-27 15:27:17.178 joltshadow - docs §58: wheel body (player) w=2 springF=4N stopF=0N travel=-0.0026 (limits -0.5000..0.5000 rel spawn) kSusp=6000 sagPredicted=0.0007 | frameTrav=-0.0027..-0.0026 frameStopN=0
INFO 2026-07-27 15:27:17.178 joltshadow - docs §66: tyre band (player) w=2 fnGround=0N fnTotal=0N pen=0.00000 penRaw=0.00000 tau=0.01000 pen/tau=0.00 | recs tyre=0 rim=0 survived=0 stale=0 distMax=0.00R
INFO 2026-07-27 15:27:17.178 joltshadow - docs §68: steer (player) w=2 steerable=0 commanded=0.000 rad measured=-0.000 rad err=-0.00 deg steerSign=-1 steerTq=0Nm cap=340282346638528859811704183484516925440Nm sat=0.00
INFO 2026-07-27 15:27:17.178 joltshadow - docs §70: slip (player) w=2 grounded=0 kappa=0.000 fnGround=0N omega=11.28
INFO 2026-07-27 15:27:17.178 joltshadow - docs §67: spin (player) w=2 driven=1 omega=11.28 rad/s surfaceSpeed=7.16 m/s spinSign=+1 motorTq=-149Nm cmdTq=149Nm
INFO 2026-07-27 15:27:17.178 joltshadow - docs §58: wheel body (player) w=3 springF=12N stopF=0N travel=-0.0022 (limits -0.5000..0.5000 rel spawn) kSusp=6000 sagPredicted=0.0020 | frameTrav=-0.0023..-0.0022 frameStopN=0
INFO 2026-07-27 15:27:17.178 joltshadow - docs §66: tyre band (player) w=3 fnGround=0N fnTotal=0N pen=0.00000 penRaw=0.00000 tau=0.01000 pen/tau=0.00 | recs tyre=0 rim=0 survived=0 stale=0 distMax=0.00R
INFO 2026-07-27 15:27:17.178 joltshadow - docs §68: steer (player) w=3 steerable=0 commanded=0.000 rad measured=-0.000 rad err=-0.00 deg steerSign=-1 steerTq=0Nm cap=340282346638528859811704183484516925440Nm sat=0.00
INFO 2026-07-27 15:27:17.178 joltshadow - docs §70: slip (player) w=3 grounded=0 kappa=0.000 fnGround=0N omega=11.36
INFO 2026-07-27 15:27:17.178 joltshadow - docs §67: spin (player) w=3 driven=1 omega=11.36 rad/s surfaceSpeed=7.22 m/s spinSign=+1 motorTq=-149Nm cmdTq=149Nm
INFO 2026-07-27 15:27:17.178 joltshadow - docs §67: drivetrain (player) gear=0 rpm=2628 driveTorque=600Nm perWheel=150Nm driven=4 throttle=-1.00 spin=1 | PRE-STEP brake=0.01 handBrake=0
INFO 2026-07-27 15:27:17.178 joltshadow - docs §66: tyre band SUM (player) fnGroundSum=0N fnTotalSum=0N weight=942N carried=0.00 | penSum=0.00000 recs tyre=0 rim=0 stale=0
INFO 2026-07-27 15:27:17.178 joltshadow - docs §30: REAL ODE chassis COM (player) body=54C8BDB0 = (4668.454, 257.994, 1251.496) forward=(-0.223, 0.019, -0.975)
INFO 2026-07-27 15:27:17.178 joltshadow - docs §33: real ODE chassis geom (player) #1 = class 0 (not a transform) pos=(4668.454,257.994,1251.496) radius=4.500
INFO 2026-07-27 15:27:17.178 joltshadow - docs §33: real ODE chassis geom (player) #2 = transform, inner class=1 pos=(0.000,1.095,-0.495)
INFO 2026-07-27 15:27:17.178 joltshadow - docs §33: real ODE chassis geom (player) #3 = transform, inner class=1 pos=(0.353,3.466,0.718)
INFO 2026-07-27 15:27:17.178 joltshadow - docs §33: real ODE chassis geom (player) #4 = transform, inner class=1 pos=(0.000,1.818,1.842)
INFO 2026-07-27 15:27:17.178 joltshadow - docs §33: real ODE chassis geom (player) #5 = transform, inner class=1 pos=(0.006,1.981,-2.113)
INFO 2026-07-27 15:27:17.178 joltshadow - docs §33: real ODE chassis geom (player) #6 = class 0 (not a transform) pos=(4668.454,257.994,1251.496) radius=30.000
INFO 2026-07-27 15:27:17.178 joltshadow - docs §33: real ODE chassis geom (player) #7 = class 0 (not a transform) pos=(4668.454,257.994,1251.496) radius=6.436
INFO 2026-07-27 15:27:17.179 joltshadow - docs §33: real ODE chassis geom (player) #8 = class 0 (not a transform) pos=(4668.454,257.994,1251.496) radius=200.000
INFO 2026-07-27 15:27:17.179 joltshadow - docs §33: real ODE chassis (player) has 8 total geom(s) directly attached (4 transform(s)) - compare against BuildChassisCompoundShape's own part/geom count in the build log
INFO 2026-07-27 15:27:17.179 joltshadow - docs §28: REAL ODE wheel state (player) wheel=0 displacement=0.0228 range=1.000 (2% compressed, signed) foreAft=2.270 localZ=2.270 cfm=0.002500 erp=0.2500
INFO 2026-07-27 15:27:17.179 joltshadow - docs §28: REAL ODE wheel state (player) wheel=1 displacement=0.0232 range=1.000 (2% compressed, signed) foreAft=2.270 localZ=2.270 cfm=0.002500 erp=0.2500
INFO 2026-07-27 15:27:17.179 joltshadow - docs §28: REAL ODE wheel state (player) wheel=2 displacement=0.0254 range=1.000 (3% compressed, signed) foreAft=-2.062 localZ=-2.062 cfm=0.002500 erp=0.2500
INFO 2026-07-27 15:27:17.179 joltshadow - docs §28: REAL ODE wheel state (player) wheel=3 displacement=0.0250 range=1.000 (3% compressed, signed) foreAft=-2.062 localZ=-2.062 cfm=0.002500 erp=0.2500
INFO 2026-07-27 15:27:17.218 joltshadow - docs §70.1: slipdense (player) f=904 w=0 grounded=0 kappa=0.000 fnGround=0 omega=9.01 | ftGround=0N target=-29.1 limit=149Nm motorNm=-149 tyreNm=0 inertia=1.78 limRot=0/-2/0 omegaPre=9.76 posN=0/-6/0 susp=-0.0006 springN=24
INFO 2026-07-27 15:27:17.218 joltshadow - docs §70.1: slipdense (player) f=904 w=1 grounded=0 kappa=0.000 fnGround=0 omega=9.29 | ftGround=0N target=-29.1 limit=149Nm motorNm=-149 tyreNm=0 inertia=1.78 limRot=0/1/0 omegaPre=10.05 posN=0/-7/0 susp=0.0005 springN=21
INFO 2026-07-27 15:27:17.218 joltshadow - docs §70.1: slipdense (player) f=904 w=2 grounded=0 kappa=0.000 fnGround=0 omega=7.83 | ftGround=0N target=-29.1 limit=149Nm motorNm=-149 tyreNm=0 inertia=1.82 limRot=0/1/-0 omegaPre=8.57 posN=-1/-6/0 susp=-0.0008 springN=-14
INFO 2026-07-27 15:27:17.218 joltshadow - docs §70.1: slipdense (player) f=904 w=3 grounded=0 kappa=0.000 fnGround=0 omega=7.91 | ftGround=0N target=-29.1 limit=149Nm motorNm=-149 tyreNm=0 inertia=1.82 limRot=0/1/-0 omegaPre=8.65 posN=-1/-6/0 susp=0.0003 springN=-17
INFO 2026-07-27 15:27:17.218 joltshadow - docs §78: attdense (player) f=904 joltTilt=2.23 odeTilt=1.09 upDelta=1.33 wBody=(-0.06,-0.09,0.04) |w|=0.12 grounded=0
INFO 2026-07-27 15:27:17.265 joltshadow - docs §70.1: slipdense (player) f=908 w=0 grounded=0 kappa=0.000 fnGround=0 omega=5.16 | ftGround=0N target=-29.1 limit=149Nm motorNm=-149 tyreNm=0 inertia=1.78 limRot=0/0/0 omegaPre=6.17 posN=-0/-6/0 susp=-0.0032 springN=25
INFO 2026-07-27 15:27:17.265 joltshadow - docs §70.1: slipdense (player) f=908 w=1 grounded=0 kappa=0.000 fnGround=0 omega=5.44 | ftGround=0N target=-29.1 limit=149Nm motorNm=-149 tyreNm=0 inertia=1.78 limRot=0/0/0 omegaPre=6.45 posN=-0/-6/0 susp=-0.0018 springN=24
INFO 2026-07-27 15:27:17.265 joltshadow - docs §70.1: slipdense (player) f=908 w=2 grounded=0 kappa=0.000 fnGround=0 omega=4.05 | ftGround=0N target=-29.1 limit=149Nm motorNm=-149 tyreNm=0 inertia=1.82 limRot=0/0/-0 omegaPre=5.04 posN=-0/-6/0 susp=0.0010 springN=-19
INFO 2026-07-27 15:27:17.265 joltshadow - docs §70.1: slipdense (player) f=908 w=3 grounded=0 kappa=0.000 fnGround=0 omega=4.14 | ftGround=0N target=-29.1 limit=149Nm motorNm=-149 tyreNm=0 inertia=1.82 limRot=0/0/-0 omegaPre=5.12 posN=-0/-6/0 susp=0.0025 springN=-19
INFO 2026-07-27 15:27:17.265 joltshadow - docs §78: attdense (player) f=908 joltTilt=2.40 odeTilt=1.08 upDelta=1.52 wBody=(-0.03,-0.09,0.04) |w|=0.10 grounded=0
INFO 2026-07-27 15:27:17.276 joltshadow - docs §82: resync (player) #21 dt=0.50s upMax=1.554 deg posMax=1.257 m odeTiltPath=0.006 deg gain=-1.0000
INFO 2026-07-27 15:27:17.276 joltshadow - docs §87: resync landing (player) w=0 pre=0.6327 post=-0.0095 m R=0.629 dY=-1.2092 dRotDeg=2.83 |corr|=1.2572 m
INFO 2026-07-27 15:27:17.276 joltshadow - docs §87: resync landing (player) w=1 pre=0.6802 post=-0.0091 m R=0.629 dY=-1.2092 dRotDeg=2.83 |corr|=1.2572 m
INFO 2026-07-27 15:27:17.276 joltshadow - docs §87: resync landing (player) w=2 pre=0.4696 post=-0.0096 m R=0.635 dY=-1.2092 dRotDeg=2.83 |corr|=1.2572 m
INFO 2026-07-27 15:27:17.276 joltshadow - docs §87: resync landing (player) w=3 pre=0.5212 post=-0.0092 m R=0.635 dY=-1.2092 dRotDeg=2.83 |corr|=1.2572 m
INFO 2026-07-27 15:27:17.276 joltshadow - docs §82: resync RESIDUAL (player) #21 pos=0.0000 m up=0.0000 deg
INFO 2026-07-27 15:27:17.309 joltshadow - docs §70.1: slipdense (player) f=912 w=0 grounded=1 kappa=0.265 fnGround=1200 omega=0.80 | ftGround=199N target=29.1 limit=149Nm motorNm=149 tyreNm=-118 inertia=1.78 limRot=0/-2/0 omegaPre=0.20 posN=-2/-133/0 susp=-0.4569 springN=1591
INFO 2026-07-27 15:27:17.310 joltshadow - docs §70.1: slipdense (player) f=912 w=1 grounded=1 kappa=0.266 fnGround=1200 omega=0.80 | ftGround=199N target=29.1 limit=149Nm motorNm=149 tyreNm=-119 inertia=1.78 limRot=0/-2/0 omegaPre=0.21 posN=-3/-134/0 susp=-0.4572 springN=1596
INFO 2026-07-27 15:27:17.310 joltshadow - docs §70.1: slipdense (player) f=912 w=2 grounded=1 kappa=0.277 fnGround=1200 omega=0.80 | ftGround=208N target=29.1 limit=149Nm motorNm=149 tyreNm=-122 inertia=1.82 limRot=0/-1/-0 omegaPre=0.19 posN=-1/-156/0 susp=-0.5124 springN=2176
INFO 2026-07-27 15:27:17.310 joltshadow - docs §70.1: slipdense (player) f=912 w=3 grounded=1 kappa=0.277 fnGround=1200 omega=0.80 | ftGround=208N target=29.1 limit=149Nm motorNm=149 tyreNm=-122 inertia=1.82 limRot=0/-1/-0 omegaPre=0.19 posN=-1/-157/0 susp=-0.5126 springN=2181
INFO 2026-07-27 15:27:17.310 joltshadow - docs §78: attdense (player) f=912 joltTilt=0.95 odeTilt=1.08 upDelta=0.14 wBody=(-0.21,-0.00,-0.00) |w|=0.21 grounded=4
INFO 2026-07-27 15:27:17.350 joltshadow - docs §70.1: slipdense (player) f=916 w=0 grounded=1 kappa=0.223 fnGround=552 omega=1.34 | ftGround=218N target=29.1 limit=149Nm motorNm=149 tyreNm=-131 inertia=1.78 limRot=0/-1/0 omegaPre=1.23 posN=-1/-163/0 susp=-0.2739 springN=239
INFO 2026-07-27 15:27:17.350 joltshadow - docs §70.1: slipdense (player) f=916 w=1 grounded=1 kappa=0.223 fnGround=550 omega=1.34 | ftGround=218N target=29.1 limit=149Nm motorNm=149 tyreNm=-132 inertia=1.78 limRot=0/-1/0 omegaPre=1.23 posN=-1/-164/0 susp=-0.2718 springN=233
INFO 2026-07-27 15:27:17.350 joltshadow - docs §70.1: slipdense (player) f=916 w=2 grounded=1 kappa=0.221 fnGround=1160 omega=1.33 | ftGround=213N target=29.1 limit=149Nm motorNm=149 tyreNm=-127 inertia=1.82 limRot=0/-1/0 omegaPre=1.20 posN=-2/-172/0 susp=-0.3720 springN=928
INFO 2026-07-27 15:27:17.350 joltshadow - docs §70.1: slipdense (player) f=916 w=3 grounded=1 kappa=0.221 fnGround=1157 omega=1.33 | ftGround=213N target=29.1 limit=149Nm motorNm=149 tyreNm=-127 inertia=1.82 limRot=0/-1/0 omegaPre=1.20 posN=-2/-172/0 susp=-0.3698 springN=922
INFO 2026-07-27 15:27:17.350 joltshadow - docs §78: attdense (player) f=916 joltTilt=1.47 odeTilt=1.09 upDelta=0.39 wBody=(-0.22,0.00,-0.01) |w|=0.22 grounded=4
INFO 2026-07-27 15:27:17.394 joltshadow - docs §70.1: slipdense (player) f=920 w=0 grounded=0 kappa=0.000 fnGround=0 omega=3.97 | ftGround=0N target=29.1 limit=149Nm motorNm=149 tyreNm=0 inertia=1.78 limRot=0/0/0 omegaPre=3.05 posN=0/17/0 susp=-0.0942 springN=-388
INFO 2026-07-27 15:27:17.394 joltshadow - docs §70.1: slipdense (player) f=920 w=1 grounded=0 kappa=0.000 fnGround=0 omega=3.97 | ftGround=0N target=29.1 limit=149Nm motorNm=149 tyreNm=0 inertia=1.78 limRot=0/0/0 omegaPre=3.05 posN=0/17/0 susp=-0.0948 springN=-382
INFO 2026-07-27 15:27:17.394 joltshadow - docs §70.1: slipdense (player) f=920 w=2 grounded=1 kappa=0.182 fnGround=196 omega=1.51 | ftGround=239N target=29.1 limit=149Nm motorNm=149 tyreNm=-149 inertia=1.82 limRot=0/0/0 omegaPre=1.51 posN=-0/-225/0 susp=-0.1945 springN=89
INFO 2026-07-27 15:27:17.394 joltshadow - docs §70.1: slipdense (player) f=920 w=3 grounded=1 kappa=0.182 fnGround=186 omega=1.51 | ftGround=239N target=29.1 limit=149Nm motorNm=149 tyreNm=-149 inertia=1.82 limRot=0/0/0 omegaPre=1.51 posN=-0/-224/0 susp=-0.1950 springN=93
INFO 2026-07-27 15:27:17.395 joltshadow - docs §78: attdense (player) f=920 joltTilt=1.87 odeTilt=1.09 upDelta=0.78 wBody=(-0.10,0.00,-0.01) |w|=0.10 grounded=2
INFO 2026-07-27 15:27:17.436 joltshadow - docs §70.1: slipdense (player) f=924 w=0 grounded=0 kappa=0.000 fnGround=0 omega=5.81 | ftGround=0N target=-29.1 limit=149Nm motorNm=-149 tyreNm=0 inertia=1.78 limRot=0/0/0 omegaPre=6.65 posN=1/-12/0 susp=-0.0112 springN=-235
INFO 2026-07-27 15:27:17.436 joltshadow - docs §70.1: slipdense (player) f=924 w=1 grounded=0 kappa=0.000 fnGround=0 omega=5.81 | ftGround=0N target=-29.1 limit=149Nm motorNm=-149 tyreNm=0 inertia=1.78 limRot=0/0/0 omegaPre=6.65 posN=1/-12/0 susp=-0.0142 springN=-229
INFO 2026-07-27 15:27:17.436 joltshadow - docs §70.1: slipdense (player) f=924 w=2 grounded=0 kappa=0.000 fnGround=0 omega=3.32 | ftGround=0N target=-29.1 limit=149Nm motorNm=-149 tyreNm=0 inertia=1.82 limRot=0/0/0 omegaPre=4.14 posN=1/-10/0 susp=-0.0647 springN=-303
INFO 2026-07-27 15:27:17.436 joltshadow - docs §70.1: slipdense (player) f=924 w=3 grounded=0 kappa=0.000 fnGround=0 omega=3.32 | ftGround=0N target=-29.1 limit=149Nm motorNm=-149 tyreNm=0 inertia=1.82 limRot=0/0/0 omegaPre=4.14 posN=1/-10/0 susp=-0.0678 springN=-297
INFO 2026-07-27 15:27:17.436 joltshadow - docs §78: attdense (player) f=924 joltTilt=2.01 odeTilt=1.09 upDelta=0.93 wBody=(-0.04,-0.00,0.00) |w|=0.04 grounded=0
INFO 2026-07-27 15:27:17.483 joltshadow - docs §70.1: slipdense (player) f=928 w=0 grounded=0 kappa=0.000 fnGround=0 omega=1.96 | ftGround=0N target=-29.1 limit=149Nm motorNm=-149 tyreNm=0 inertia=1.78 limRot=0/-0/0 omegaPre=2.88 posN=-0/-2/0 susp=0.0056 springN=-32
INFO 2026-07-27 15:27:17.483 joltshadow - docs §70.1: slipdense (player) f=928 w=1 grounded=0 kappa=0.000 fnGround=0 omega=1.96 | ftGround=0N target=-29.1 limit=149Nm motorNm=-149 tyreNm=0 inertia=1.78 limRot=0/-0/0 omegaPre=2.88 posN=-0/-2/0 susp=0.0030 springN=-33
INFO 2026-07-27 15:27:17.483 joltshadow - docs §70.1: slipdense (player) f=928 w=2 grounded=0 kappa=0.000 fnGround=0 omega=-0.46 | ftGround=0N target=-29.1 limit=149Nm motorNm=-149 tyreNm=0 inertia=1.82 limRot=0/-0/-0 omegaPre=0.45 posN=-0/-2/0 susp=-0.0010 springN=-191
INFO 2026-07-27 15:27:17.483 joltshadow - docs §70.1: slipdense (player) f=928 w=3 grounded=0 kappa=0.000 fnGround=0 omega=-0.46 | ftGround=0N target=-29.1 limit=149Nm motorNm=-149 tyreNm=0 inertia=1.82 limRot=0/-0/-0 omegaPre=0.45 posN=-0/-2/0 susp=-0.0037 springN=-192
INFO 2026-07-27 15:27:17.483 joltshadow - docs §78: attdense (player) f=928 joltTilt=2.06 odeTilt=1.09 upDelta=0.97 wBody=(-0.01,-0.00,0.00) |w|=0.01 grounded=0
INFO 2026-07-27 15:27:17.529 joltshadow - docs §70.1: slipdense (player) f=932 w=0 grounded=0 kappa=0.000 fnGround=0 omega=-1.97 | ftGround=0N target=-29.1 limit=149Nm motorNm=-149 tyreNm=0 inertia=1.78 limRot=0/0/0 omegaPre=-1.22 posN=-0/-4/0 susp=0.0012 springN=27
INFO 2026-07-27 15:27:17.529 joltshadow - docs §70.1: slipdense (player) f=932 w=1 grounded=0 kappa=0.000 fnGround=0 omega=-1.97 | ftGround=0N target=-29.1 limit=149Nm motorNm=-149 tyreNm=0 inertia=1.78 limRot=0/0/0 omegaPre=-1.22 posN=-0/-4/0 susp=-0.0000 springN=23
INFO 2026-07-27 15:27:17.529 joltshadow - docs §70.1: slipdense (player) f=932 w=2 grounded=0 kappa=0.000 fnGround=0 omega=-4.31 | ftGround=0N target=-29.1 limit=149Nm motorNm=-149 tyreNm=0 inertia=1.82 limRot=0/-0/-0 omegaPre=-3.58 posN=-1/-4/0 susp=0.0102 springN=-57
INFO 2026-07-27 15:27:17.529 joltshadow - docs §70.1: slipdense (player) f=932 w=3 grounded=0 kappa=0.000 fnGround=0 omega=-4.32 | ftGround=0N target=-29.1 limit=149Nm motorNm=-149 tyreNm=0 inertia=1.82 limRot=0/-0/-0 omegaPre=-3.58 posN=-1/-4/0 susp=0.0089 springN=-61
INFO 2026-07-27 15:27:17.529 joltshadow - docs §78: attdense (player) f=932 joltTilt=2.06 odeTilt=1.09 upDelta=0.98 wBody=(0.01,-0.00,0.00) |w|=0.01 grounded=0
INFO 2026-07-27 15:27:17.573 joltshadow - docs §70.1: slipdense (player) f=936 w=0 grounded=0 kappa=0.000 fnGround=0 omega=1.71 | ftGround=0N target=29.1 limit=149Nm motorNm=149 tyreNm=0 inertia=1.78 limRot=0/-0/0 omegaPre=0.71 posN=-0/7/0 susp=0.0005 springN=-12
INFO 2026-07-27 15:27:17.573 joltshadow - docs §70.1: slipdense (player) f=936 w=1 grounded=0 kappa=0.000 fnGround=0 omega=1.71 | ftGround=0N target=29.1 limit=149Nm motorNm=149 tyreNm=0 inertia=1.78 limRot=0/-0/0 omegaPre=0.71 posN=-0/7/0 susp=-0.0002 springN=-13
INFO 2026-07-27 15:27:17.573 joltshadow - docs §70.1: slipdense (player) f=936 w=2 grounded=0 kappa=0.000 fnGround=0 omega=-0.70 | ftGround=0N target=29.1 limit=149Nm motorNm=149 tyreNm=0 inertia=1.82 limRot=0/-0/-0 omegaPre=-1.69 posN=-0/7/0 susp=0.0051 springN=17
INFO 2026-07-27 15:27:17.573 joltshadow - docs §70.1: slipdense (player) f=936 w=3 grounded=0 kappa=0.000 fnGround=0 omega=-0.70 | ftGround=0N target=29.1 limit=149Nm motorNm=149 tyreNm=0 inertia=1.82 limRot=0/-0/-0 omegaPre=-1.69 posN=-0/7/0 susp=0.0043 springN=15
INFO 2026-07-27 15:27:17.574 joltshadow - docs §78: attdense (player) f=936 joltTilt=2.12 odeTilt=1.09 upDelta=1.04 wBody=(-0.05,-0.00,0.00) |w|=0.05 grounded=0
INFO 2026-07-27 15:27:17.614 joltshadow - docs §70.1: slipdense (player) f=940 w=0 grounded=0 kappa=0.000 fnGround=0 omega=5.14 | ftGround=0N target=29.1 limit=149Nm motorNm=149 tyreNm=0 inertia=1.78 limRot=0/0/0 omegaPre=4.31 posN=0/6/0 susp=0.0024 springN=-22
INFO 2026-07-27 15:27:17.614 joltshadow - docs §70.1: slipdense (player) f=940 w=1 grounded=0 kappa=0.000 fnGround=0 omega=5.14 | ftGround=0N target=29.1 limit=149Nm motorNm=149 tyreNm=0 inertia=1.78 limRot=0/0/0 omegaPre=4.30 posN=0/6/0 susp=0.0011 springN=-21
INFO 2026-07-27 15:27:17.615 joltshadow - docs §70.1: slipdense (player) f=940 w=2 grounded=0 kappa=0.000 fnGround=0 omega=2.66 | ftGround=0N target=29.1 limit=149Nm motorNm=149 tyreNm=0 inertia=1.82 limRot=0/0/0 omegaPre=1.84 posN=0/6/0 susp=0.0006 springN=26
INFO 2026-07-27 15:27:17.615 joltshadow - docs §70.1: slipdense (player) f=940 w=3 grounded=0 kappa=0.000 fnGround=0 omega=2.66 | ftGround=0N target=29.1 limit=149Nm motorNm=149 tyreNm=0 inertia=1.82 limRot=0/0/0 omegaPre=1.84 posN=0/6/0 susp=-0.0008 springN=28
INFO 2026-07-27 15:27:17.615 joltshadow - docs §78: attdense (player) f=940 joltTilt=2.27 odeTilt=1.11 upDelta=1.16 wBody=(-0.08,-0.00,0.00) |w|=0.08 grounded=0
INFO 2026-07-27 15:27:17.653 joltshadow - docs §70.1: slipdense (player) f=944 w=0 grounded=0 kappa=0.000 fnGround=0 omega=8.32 | ftGround=0N target=29.1 limit=149Nm motorNm=149 tyreNm=0 inertia=1.78 limRot=0/1/0 omegaPre=7.57 posN=0/6/0 susp=0.0037 springN=-23
INFO 2026-07-27 15:27:17.653 joltshadow - docs §70.1: slipdense (player) f=944 w=1 grounded=0 kappa=0.000 fnGround=0 omega=8.32 | ftGround=0N target=29.1 limit=149Nm motorNm=149 tyreNm=0 inertia=1.78 limRot=0/1/0 omegaPre=7.57 posN=0/6/0 susp=0.0017 springN=-21
INFO 2026-07-27 15:27:17.653 joltshadow - docs §70.1: slipdense (player) f=944 w=2 grounded=0 kappa=0.000 fnGround=0 omega=5.78 | ftGround=0N target=29.1 limit=149Nm motorNm=149 tyreNm=0 inertia=1.82 limRot=0/0/0 omegaPre=5.04 posN=0/6/0 susp=-0.0010 springN=21
INFO 2026-07-27 15:27:17.653 joltshadow - docs §70.1: slipdense (player) f=944 w=3 grounded=0 kappa=0.000 fnGround=0 omega=5.78 | ftGround=0N target=29.1 limit=149Nm motorNm=149 tyreNm=0 inertia=1.82 limRot=0/0/0 omegaPre=5.04 posN=0/6/0 susp=-0.0032 springN=23
INFO 2026-07-27 15:27:17.653 joltshadow - docs §78: attdense (player) f=944 joltTilt=2.47 odeTilt=1.17 upDelta=1.31 wBody=(-0.11,-0.00,0.00) |w|=0.11 grounded=0
INFO 2026-07-27 15:27:17.700 joltshadow - docs §70.1: slipdense (player) f=948 w=0 grounded=0 kappa=0.000 fnGround=0 omega=12.34 | ftGround=0N target=29.1 limit=149Nm motorNm=149 tyreNm=0 inertia=1.78 limRot=0/2/0 omegaPre=11.42 posN=0/6/0 susp=0.0048 springN=-22
INFO 2026-07-27 15:27:17.700 joltshadow - docs §70.1: slipdense (player) f=948 w=1 grounded=0 kappa=0.000 fnGround=0 omega=12.34 | ftGround=0N target=29.1 limit=149Nm motorNm=149 tyreNm=0 inertia=1.78 limRot=0/4/0 omegaPre=11.42 posN=0/6/0 susp=0.0014 springN=-18
INFO 2026-07-27 15:27:17.700 joltshadow - docs §70.1: slipdense (player) f=948 w=2 grounded=0 kappa=0.000 fnGround=0 omega=9.72 | ftGround=0N target=29.1 limit=149Nm motorNm=149 tyreNm=0 inertia=1.82 limRot=0/0/0 omegaPre=8.82 posN=1/7/0 susp=-0.0009 springN=14
INFO 2026-07-27 15:27:17.700 joltshadow - docs §70.1: slipdense (player) f=948 w=3 grounded=0 kappa=0.000 fnGround=0 omega=9.72 | ftGround=0N target=29.1 limit=149Nm motorNm=149 tyreNm=0 inertia=1.82 limRot=0/0/0 omegaPre=8.82 posN=1/7/0 susp=-0.0044 springN=18
INFO 2026-07-27 15:27:17.701 joltshadow - docs §78: attdense (player) f=948 joltTilt=2.83 odeTilt=1.26 upDelta=1.58 wBody=(-0.14,-0.00,0.00) |w|=0.14 grounded=0
INFO 2026-07-27 15:27:17.745 joltshadow - docs §70.1: slipdense (player) f=952 w=0 grounded=0 kappa=0.000 fnGround=0 omega=16.11 | ftGround=0N target=29.1 limit=149Nm motorNm=149 tyreNm=0 inertia=1.78 limRot=0/5/0 omegaPre=15.27 posN=-0/5/0 susp=0.0051 springN=-20
INFO 2026-07-27 15:27:17.745 joltshadow - docs §70.1: slipdense (player) f=952 w=1 grounded=0 kappa=0.000 fnGround=0 omega=16.10 | ftGround=0N target=29.1 limit=149Nm motorNm=149 tyreNm=0 inertia=1.78 limRot=0/5/0 omegaPre=15.27 posN=-0/6/0 susp=0.0009 springN=-18
INFO 2026-07-27 15:27:17.745 joltshadow - docs §70.1: slipdense (player) f=952 w=2 grounded=0 kappa=0.000 fnGround=0 omega=13.42 | ftGround=0N target=29.1 limit=149Nm motorNm=149 tyreNm=0 inertia=1.82 limRot=0/0/0 omegaPre=12.60 posN=2/7/0 susp=-0.0000 springN=12
INFO 2026-07-27 15:27:17.745 joltshadow - docs §70.1: slipdense (player) f=952 w=3 grounded=0 kappa=0.000 fnGround=0 omega=13.42 | ftGround=0N target=29.1 limit=149Nm motorNm=149 tyreNm=0 inertia=1.82 limRot=0/0/0 omegaPre=12.60 posN=2/8/0 susp=-0.0046 springN=14
INFO 2026-07-27 15:27:17.745 joltshadow - docs §78: attdense (player) f=952 joltTilt=3.25 odeTilt=1.31 upDelta=1.95 wBody=(-0.18,-0.00,0.01) |w|=0.18 grounded=0
INFO 2026-07-27 15:27:17.766 joltshadow - [jolt_profile] ode_step_avg_ms=0.17 jolt_total_avg_ms=0.96 | physics_update_avg_ms=0.69 wheelmodel_avg_ms=0.01 mirror_avg_ms=0.07 applyvehicle_avg_ms=0.00 applyvehicle_calls_per_frame=0.00 | contact_pairs_per_frame=29.4 contact_points_per_frame=29.4 active_bodies_per_frame=18.0 substeps_per_frame=3.59 | frames=465
INFO 2026-07-27 15:27:17.769 testharness - perf: fps=92.9 avg_frame_ms=10.764 min_ms=7.914 max_ms=18.395 frames=465 window=5.0s
INFO 2026-07-27 15:27:17.777 joltshadow - docs §82: resync (player) #22 dt=0.50s upMax=2.303 deg posMax=1.235 m odeTiltPath=0.235 deg gain=9.7912
INFO 2026-07-27 15:27:17.778 joltshadow - docs §87: resync landing (player) w=0 pre=0.7343 post=-0.0095 m R=0.629 dY=-1.2285 dRotDeg=2.30 |corr|=1.2341 m
INFO 2026-07-27 15:27:17.778 joltshadow - docs §87: resync landing (player) w=1 pre=0.7219 post=-0.0090 m R=0.629 dY=-1.2285 dRotDeg=2.30 |corr|=1.2341 m
INFO 2026-07-27 15:27:17.778 joltshadow - docs §87: resync landing (player) w=2 pre=0.4724 post=-0.0097 m R=0.635 dY=-1.2285 dRotDeg=2.30 |corr|=1.2341 m
INFO 2026-07-27 15:27:17.778 joltshadow - docs §87: resync landing (player) w=3 pre=0.4590 post=-0.0092 m R=0.635 dY=-1.2285 dRotDeg=2.30 |corr|=1.2341 m
INFO 2026-07-27 15:27:17.778 joltshadow - docs §82: resync RESIDUAL (player) #22 pos=0.0000 m up=0.0000 deg
INFO 2026-07-27 15:27:17.788 joltshadow - docs §70.1: slipdense (player) f=956 w=0 grounded=1 kappa=2.535 fnGround=1199 omega=12.13 | ftGround=2383N target=29.1 limit=149Nm motorNm=149 tyreNm=-1394 inertia=1.78 limRot=0/-14/0 omegaPre=18.47 posN=4/-1685/0 susp=-0.5116 springN=2500
INFO 2026-07-27 15:27:17.789 joltshadow - docs §70.1: slipdense (player) f=956 w=1 grounded=1 kappa=2.572 fnGround=1198 omega=12.26 | ftGround=2261N target=29.1 limit=149Nm motorNm=149 tyreNm=-1324 inertia=1.78 limRot=0/-192/0 omegaPre=18.47 posN=-294/-1579/0 susp=-0.5115 springN=2487
INFO 2026-07-27 15:27:17.789 joltshadow - docs §70.1: slipdense (player) f=956 w=2 grounded=1 kappa=1.811 fnGround=1199 omega=9.84 | ftGround=2381N target=29.1 limit=149Nm motorNm=149 tyreNm=-1331 inertia=1.82 limRot=0/41/0 omegaPre=15.74 posN=70/-1702/0 susp=-0.5639 springN=3084
INFO 2026-07-27 15:27:17.789 joltshadow - docs §70.1: slipdense (player) f=956 w=3 grounded=1 kappa=1.762 fnGround=1199 omega=9.54 | ftGround=2380N target=29.1 limit=149Nm motorNm=149 tyreNm=-1330 inertia=1.82 limRot=0/41/-2 omegaPre=15.74 posN=70/-1735/0 susp=-0.5636 springN=3070
INFO 2026-07-27 15:27:17.789 joltshadow - docs §78: attdense (player) f=956 joltTilt=1.18 odeTilt=1.32 upDelta=0.14 wBody=(-0.19,0.01,0.02) |w|=0.19 grounded=4
INFO 2026-07-27 15:27:17.836 joltshadow - docs §70.1: slipdense (player) f=960 w=0 grounded=1 kappa=0.041 fnGround=899 omega=6.55 | ftGround=214N target=29.1 limit=149Nm motorNm=149 tyreNm=-118 inertia=1.78 limRot=0/4/0 omegaPre=6.22 posN=394/-202/0 susp=-0.3303 springN=582
INFO 2026-07-27 15:27:17.836 joltshadow - docs §70.1: slipdense (player) f=960 w=1 grounded=1 kappa=0.091 fnGround=780 omega=5.45 | ftGround=394N target=29.1 limit=149Nm motorNm=149 tyreNm=-231 inertia=1.78 limRot=0/-1486/0 omegaPre=5.82 posN=-1152/203/0 susp=-0.3205 springN=445
INFO 2026-07-27 15:27:17.836 joltshadow - docs §70.1: slipdense (player) f=960 w=2 grounded=1 kappa=0.044 fnGround=1195 omega=6.39 | ftGround=227N target=29.1 limit=149Nm motorNm=149 tyreNm=-123 inertia=1.82 limRot=0/167/4 omegaPre=6.22 posN=259/-190/0 susp=-0.4544 springN=1594
INFO 2026-07-27 15:27:17.836 joltshadow - docs §70.1: slipdense (player) f=960 w=3 grounded=1 kappa=0.060 fnGround=1195 omega=5.74 | ftGround=276N target=29.1 limit=149Nm motorNm=149 tyreNm=-155 inertia=1.82 limRot=0/171/4 omegaPre=5.86 posN=266/-322/0 susp=-0.4422 springN=1398
INFO 2026-07-27 15:27:17.837 joltshadow - docs §78: attdense (player) f=960 joltTilt=1.76 odeTilt=1.30 upDelta=0.52 wBody=(-0.29,0.17,0.17) |w|=0.38 grounded=4
INFO 2026-07-27 15:27:17.837 joltshadow - Shadow divergence (player): pos=1.506m vel=4.557m/s angle=0.6deg (jolt com=[4668.5 259.5 1251.5] ode com=[4668.4 258.0 1251.2])
INFO 2026-07-27 15:27:17.837 joltshadow - docs §23.6: driver input (player) realThrottle=1.00 brake=0.01 handBrake=0 steerRad=0.000
INFO 2026-07-27 15:27:17.837 joltshadow - docs §32: Jolt SHADOW chassis pitch (player) forward=(-0.227, 0.030, -0.974)
INFO 2026-07-27 15:27:17.837 joltshadow - docs §69: tilt (player) jolt=1.8 deg ode=1.3 deg delta=+0.5 deg upDelta=0.52 deg
INFO 2026-07-27 15:27:17.837 joltshadow - docs §32.4: Jolt SHADOW chassis lowest corner (player) = (4670.62,258.02,1254.28) clearanceToGround=0.016
INFO 2026-07-27 15:27:17.837 joltshadow - docs §23.5: wheel state (player) wheel=0 contact=0 suspLen=1.050 (range 0.050-1.050, 0% compressed) angVel=0.00
INFO 2026-07-27 15:27:17.837 joltshadow - docs §38.11: wheel=0 NO contact, worldAxle=(0.974,-0.005,-0.227)
INFO 2026-07-27 15:27:17.837 joltshadow - docs §32: no-contact raycast (player) wheel=0 bodyPos=(4668.37,258.71,1251.16) localMPos=(-1.155,0.060,2.270) origin=(4668.98,258.83,1248.69) dir=(-0.012,-1.000,-0.028) normalRayLen=1.679 groundFoundAt=0.000 shortfallBeyondTravel=-1.679 hitBody=8391031 hitLayer=4 hitMotion=2 hitIsSelfChassis=0
INFO 2026-07-27 15:27:17.837 joltshadow - docs §23.5: wheel state (player) wheel=1 contact=0 suspLen=1.050 (range 0.050-1.050, 0% compressed) angVel=0.00
INFO 2026-07-27 15:27:17.837 joltshadow - docs §38.11: wheel=1 NO contact, worldAxle=(0.974,-0.005,-0.227)
INFO 2026-07-27 15:27:17.837 joltshadow - docs §32: no-contact raycast (player) wheel=1 bodyPos=(4668.37,258.71,1251.16) localMPos=(1.155,0.059,2.270) origin=(4666.73,258.85,1249.21) dir=(-0.012,-1.000,-0.028) normalRayLen=1.679 groundFoundAt=0.000 shortfallBeyondTravel=-1.679 hitBody=8391032 hitLayer=4 hitMotion=2 hitIsSelfChassis=0
INFO 2026-07-27 15:27:17.837 joltshadow - docs §23.5: wheel state (player) wheel=2 contact=0 suspLen=1.050 (range 0.050-1.050, 0% compressed) angVel=0.00
INFO 2026-07-27 15:27:17.837 joltshadow - docs §38.11: wheel=2 NO contact, worldAxle=(0.974,-0.005,-0.227)
INFO 2026-07-27 15:27:17.837 joltshadow - docs §32: no-contact raycast (player) wheel=2 bodyPos=(4668.37,258.71,1251.16) localMPos=(-1.253,0.145,-2.062) origin=(4670.06,258.79,1252.89) dir=(-0.012,-1.000,-0.028) normalRayLen=1.685 groundFoundAt=0.000 shortfallBeyondTravel=-1.685 hitBody=8391033 hitLayer=4 hitMotion=2 hitIsSelfChassis=0
INFO 2026-07-27 15:27:17.837 joltshadow - docs §23.5: wheel state (player) wheel=3 contact=0 suspLen=1.050 (range 0.050-1.050, 0% compressed) angVel=0.00
INFO 2026-07-27 15:27:17.837 joltshadow - docs §38.11: wheel=3 NO contact, worldAxle=(0.974,-0.005,-0.227)
INFO 2026-07-27 15:27:17.837 joltshadow - docs §32: no-contact raycast (player) wheel=3 bodyPos=(4668.37,258.71,1251.16) localMPos=(1.253,0.146,-2.062) origin=(4667.62,258.80,1253.45) dir=(-0.012,-1.000,-0.028) normalRayLen=1.685 groundFoundAt=0.000 shortfallBeyondTravel=-1.685 hitBody=8391034 hitLayer=4 hitMotion=2 hitIsSelfChassis=0
INFO 2026-07-27 15:27:17.837 joltshadow - docs §59/63: harvest (player) wheelsWithContact=4 contactPoints=8 overflow=0 (of 4) | maxNormalF=1195N bound(k_t*tau)=1200N ratio=1.00
INFO 2026-07-27 15:27:17.837 joltshadow - docs §58: wheel body (player) w=0 springF=582N stopF=0N travel=-0.3303 (limits -0.5000..0.5000 rel spawn) kSusp=6000 sagPredicted=0.0971 | frameTrav=-0.3896..-0.3303 frameStopN=0
INFO 2026-07-27 15:27:17.838 joltshadow - docs §66: tyre band (player) w=0 fnGround=899N fnTotal=899N pen=0.01000 penRaw=0.02796 tau=0.01000 pen/tau=1.00 | recs tyre=1 rim=1 survived=1 stale=0 distMax=0.96R
INFO 2026-07-27 15:27:17.838 joltshadow - docs §68: steer (player) w=0 steerable=1 commanded=0.000 rad measured=0.178 rad err=10.21 deg steerSign=-1 steerTq=314Nm cap=3019Nm sat=0.10
INFO 2026-07-27 15:27:17.838 joltshadow - docs §70: slip (player) w=0 grounded=1 kappa=0.041 fnGround=899N omega=6.55
INFO 2026-07-27 15:27:17.838 joltshadow - docs §67: spin (player) w=0 driven=1 omega=6.55 rad/s surfaceSpeed=4.12 m/s spinSign=+1 motorTq=149Nm cmdTq=149Nm
INFO 2026-07-27 15:27:17.838 joltshadow - docs §58: wheel body (player) w=1 springF=445N stopF=0N travel=-0.3205 (limits -0.5000..0.5000 rel spawn) kSusp=6000 sagPredicted=0.0742 | frameTrav=-0.3840..-0.3205 frameStopN=0
INFO 2026-07-27 15:27:17.838 joltshadow - docs §66: tyre band (player) w=1 fnGround=780N fnTotal=787N pen=0.01000 penRaw=0.02677 tau=0.01000 pen/tau=1.00 | recs tyre=1 rim=1 survived=1 stale=0 distMax=0.96R
INFO 2026-07-27 15:27:17.838 joltshadow - docs §68: steer (player) w=1 steerable=1 commanded=0.000 rad measured=0.557 rad err=31.94 deg steerSign=-1 steerTq=1171Nm cap=3004Nm sat=0.39
INFO 2026-07-27 15:27:17.838 joltshadow - docs §70: slip (player) w=1 grounded=1 kappa=0.091 fnGround=780N omega=5.45
INFO 2026-07-27 15:27:17.838 joltshadow - docs §67: spin (player) w=1 driven=1 omega=5.45 rad/s surfaceSpeed=3.43 m/s spinSign=+1 motorTq=149Nm cmdTq=149Nm
INFO 2026-07-27 15:27:17.838 joltshadow - docs §58: wheel body (player) w=2 springF=1594N stopF=0N travel=-0.4544 (limits -0.5000..0.5000 rel spawn) kSusp=6000 sagPredicted=0.2657 | frameTrav=-0.4957..-0.4544 frameStopN=0
INFO 2026-07-27 15:27:17.838 joltshadow - docs §66: tyre band (player) w=2 fnGround=1195N fnTotal=1200N pen=0.01000 penRaw=0.03140 tau=0.01000 pen/tau=1.00 | recs tyre=1 rim=1 survived=1 stale=0 distMax=0.95R
INFO 2026-07-27 15:27:17.838 joltshadow - docs §68: steer (player) w=2 steerable=0 commanded=0.000 rad measured=-0.000 rad err=-0.00 deg steerSign=-1 steerTq=0Nm cap=340282346638528859811704183484516925440Nm sat=0.00
INFO 2026-07-27 15:27:17.838 joltshadow - docs §70: slip (player) w=2 grounded=1 kappa=0.044 fnGround=1195N omega=6.39
INFO 2026-07-27 15:27:17.838 joltshadow - docs §67: spin (player) w=2 driven=1 omega=6.39 rad/s surfaceSpeed=4.06 m/s spinSign=+1 motorTq=149Nm cmdTq=149Nm
INFO 2026-07-27 15:27:17.838 joltshadow - docs §58: wheel body (player) w=3 springF=1398N stopF=0N travel=-0.4422 (limits -0.5000..0.5000 rel spawn) kSusp=6000 sagPredicted=0.2330 | frameTrav=-0.4899..-0.4422 frameStopN=0
INFO 2026-07-27 15:27:17.838 joltshadow - docs §66: tyre band (player) w=3 fnGround=1195N fnTotal=1200N pen=0.01000 penRaw=0.03121 tau=0.01000 pen/tau=1.00 | recs tyre=1 rim=1 survived=1 stale=0 distMax=0.95R
INFO 2026-07-27 15:27:17.838 joltshadow - docs §68: steer (player) w=3 steerable=0 commanded=0.000 rad measured=-0.000 rad err=-0.00 deg steerSign=-1 steerTq=0Nm cap=340282346638528859811704183484516925440Nm sat=0.00
INFO 2026-07-27 15:27:17.838 joltshadow - docs §70: slip (player) w=3 grounded=1 kappa=0.060 fnGround=1195N omega=5.74
INFO 2026-07-27 15:27:17.838 joltshadow - docs §67: spin (player) w=3 driven=1 omega=5.74 rad/s surfaceSpeed=3.64 m/s spinSign=+1 motorTq=149Nm cmdTq=149Nm
INFO 2026-07-27 15:27:17.838 joltshadow - docs §67: drivetrain (player) gear=0 rpm=1244 driveTorque=600Nm perWheel=150Nm driven=4 throttle=1.00 spin=1 | PRE-STEP brake=0.01 handBrake=0
INFO 2026-07-27 15:27:17.838 joltshadow - docs §66: tyre band SUM (player) fnGroundSum=4068N fnTotalSum=4086N weight=942N carried=4.34 | penSum=0.04000 recs tyre=4 rim=4 stale=0
INFO 2026-07-27 15:27:17.839 joltshadow - docs §30: REAL ODE chassis COM (player) body=54C8BDB0 = (4668.384, 257.991, 1251.191) forward=(-0.222, 0.023, -0.975)
INFO 2026-07-27 15:27:17.839 joltshadow - docs §33: real ODE chassis geom (player) #1 = class 0 (not a transform) pos=(4668.384,257.991,1251.191) radius=4.500
INFO 2026-07-27 15:27:17.839 joltshadow - docs §33: real ODE chassis geom (player) #2 = transform, inner class=1 pos=(0.000,1.095,-0.495)
INFO 2026-07-27 15:27:17.839 joltshadow - docs §33: real ODE chassis geom (player) #3 = transform, inner class=1 pos=(0.353,3.466,0.718)
INFO 2026-07-27 15:27:17.839 joltshadow - docs §33: real ODE chassis geom (player) #4 = transform, inner class=1 pos=(0.000,1.818,1.842)
INFO 2026-07-27 15:27:17.839 joltshadow - docs §33: real ODE chassis geom (player) #5 = transform, inner class=1 pos=(0.006,1.981,-2.113)
INFO 2026-07-27 15:27:17.839 joltshadow - docs §33: real ODE chassis geom (player) #6 = class 0 (not a transform) pos=(4668.384,257.991,1251.191) radius=30.000
INFO 2026-07-27 15:27:17.839 joltshadow - docs §33: real ODE chassis geom (player) #7 = class 0 (not a transform) pos=(4668.384,257.991,1251.191) radius=6.436
INFO 2026-07-27 15:27:17.839 joltshadow - docs §33: real ODE chassis geom (player) #8 = class 0 (not a transform) pos=(4668.384,257.991,1251.191) radius=200.000
INFO 2026-07-27 15:27:17.839 joltshadow - docs §33: real ODE chassis (player) has 8 total geom(s) directly attached (4 transform(s)) - compare against BuildChassisCompoundShape's own part/geom count in the build log
INFO 2026-07-27 15:27:17.839 joltshadow - docs §28: REAL ODE wheel state (player) wheel=0 displacement=0.0167 range=1.000 (2% compressed, signed) foreAft=2.270 localZ=2.270 cfm=0.002500 erp=0.2500
INFO 2026-07-27 15:27:17.839 joltshadow - docs §28: REAL ODE wheel state (player) wheel=1 displacement=0.0171 range=1.000 (2% compressed, signed) foreAft=2.270 localZ=2.270 cfm=0.002500 erp=0.2500
INFO 2026-07-27 15:27:17.839 joltshadow - docs §28: REAL ODE wheel state (player) wheel=2 displacement=0.0356 range=1.000 (4% compressed, signed) foreAft=-2.062 localZ=-2.062 cfm=0.002500 erp=0.2500
INFO 2026-07-27 15:27:17.839 joltshadow - docs §28: REAL ODE wheel state (player) wheel=3 displacement=0.0352 range=1.000 (4% compressed, signed) foreAft=-2.062 localZ=-2.062 cfm=0.002500 erp=0.2500
INFO 2026-07-27 15:27:17.885 joltshadow - docs §70.1: slipdense (player) f=964 w=0 grounded=0 kappa=0.000 fnGround=0 omega=8.34 | ftGround=0N target=29.1 limit=149Nm motorNm=149 tyreNm=0 inertia=1.78 limRot=0/-573/-579 omegaPre=7.26 posN=7/8/0 susp=-0.1262 springN=-308
INFO 2026-07-27 15:27:17.885 joltshadow - docs §70.1: slipdense (player) f=964 w=1 grounded=0 kappa=0.000 fnGround=0 omega=7.99 | ftGround=0N target=29.1 limit=149Nm motorNm=149 tyreNm=0 inertia=1.78 limRot=0/-623/-525 omegaPre=6.90 posN=4/14/0 susp=-0.1045 springN=-415
INFO 2026-07-27 15:27:17.885 joltshadow - docs §70.1: slipdense (player) f=964 w=2 grounded=1 kappa=0.049 fnGround=662 omega=6.84 | ftGround=268N target=29.1 limit=149Nm motorNm=149 tyreNm=-158 inertia=1.82 limRot=0/-48/-2 omegaPre=6.87 posN=-60/-279/0 susp=-0.2590 springN=421
INFO 2026-07-27 15:27:17.885 joltshadow - docs §70.1: slipdense (player) f=964 w=3 grounded=1 kappa=0.060 fnGround=418 omega=5.36 | ftGround=257N target=29.1 limit=149Nm motorNm=149 tyreNm=-157 inertia=1.82 limRot=0/-38/-1 omegaPre=5.38 posN=-43/-252/0 susp=-0.2281 springN=166
INFO 2026-07-27 15:27:17.885 joltshadow - docs §78: attdense (player) f=964 joltTilt=2.41 odeTilt=1.29 upDelta=1.32 wBody=(-0.09,0.34,0.20) |w|=0.40 grounded=2
INFO 2026-07-27 15:27:17.930 joltshadow - docs §70.1: slipdense (player) f=968 w=0 grounded=0 kappa=0.000 fnGround=0 omega=12.11 | ftGround=0N target=29.1 limit=149Nm motorNm=149 tyreNm=0 inertia=1.78 limRot=0/-773/-265 omegaPre=11.27 posN=6/-3/0 susp=-0.0210 springN=-275
INFO 2026-07-27 15:27:17.930 joltshadow - docs §70.1: slipdense (player) f=968 w=1 grounded=0 kappa=0.000 fnGround=0 omega=11.76 | ftGround=0N target=29.1 limit=149Nm motorNm=149 tyreNm=0 inertia=1.78 limRot=0/-791/-207 omegaPre=10.92 posN=2/-3/0 susp=-0.0100 springN=-255
INFO 2026-07-27 15:27:17.930 joltshadow - docs §70.1: slipdense (player) f=968 w=2 grounded=0 kappa=0.000 fnGround=0 omega=8.83 | ftGround=0N target=29.1 limit=149Nm motorNm=149 tyreNm=0 inertia=1.82 limRot=0/-2/-1 omegaPre=8.01 posN=11/1/0 susp=-0.1095 springN=-207
INFO 2026-07-27 15:27:17.930 joltshadow - docs §70.1: slipdense (player) f=968 w=3 grounded=0 kappa=0.000 fnGround=0 omega=8.51 | ftGround=0N target=29.1 limit=149Nm motorNm=149 tyreNm=0 inertia=1.82 limRot=0/-2/-1 omegaPre=7.69 posN=7/2/0 susp=-0.0742 springN=-331
INFO 2026-07-27 15:27:17.930 joltshadow - docs §78: attdense (player) f=968 joltTilt=2.68 odeTilt=1.28 upDelta=1.73 wBody=(-0.01,0.34,0.16) |w|=0.38 grounded=0
INFO 2026-07-27 15:27:17.972 joltshadow - docs §70.1: slipdense (player) f=972 w=0 grounded=0 kappa=0.000 fnGround=0 omega=15.63 | ftGround=0N target=29.1 limit=149Nm motorNm=149 tyreNm=0 inertia=1.78 limRot=0/-769/0 omegaPre=14.71 posN=24/14/0 susp=0.0066 springN=-103
INFO 2026-07-27 15:27:17.972 joltshadow - docs §70.1: slipdense (player) f=972 w=1 grounded=0 kappa=0.000 fnGround=0 omega=15.27 | ftGround=0N target=29.1 limit=149Nm motorNm=149 tyreNm=0 inertia=1.78 limRot=0/-742/0 omegaPre=14.35 posN=19/2/0 susp=0.0081 springN=-85
INFO 2026-07-27 15:27:17.972 joltshadow - docs §70.1: slipdense (player) f=972 w=2 grounded=0 kappa=0.000 fnGround=0 omega=12.28 | ftGround=0N target=29.1 limit=149Nm motorNm=149 tyreNm=0 inertia=1.82 limRot=0/-3/-2 omegaPre=11.38 posN=3/20/0 susp=-0.0251 springN=-219
INFO 2026-07-27 15:27:17.972 joltshadow - docs §70.1: slipdense (player) f=972 w=3 grounded=0 kappa=0.000 fnGround=0 omega=11.96 | ftGround=0N target=29.1 limit=149Nm motorNm=149 tyreNm=0 inertia=1.82 limRot=0/-3/-2 omegaPre=11.06 posN=-1/6/0 susp=-0.0083 springN=-209
INFO 2026-07-27 15:27:17.972 joltshadow - docs §78: attdense (player) f=972 joltTilt=2.94 odeTilt=1.25 upDelta=2.10 wBody=(-0.05,0.35,0.20) |w|=0.41 grounded=0
INFO 2026-07-27 15:27:18.016 joltshadow - docs §70.1: slipdense (player) f=976 w=0 grounded=0 kappa=0.000 fnGround=0 omega=18.83 | ftGround=0N target=46.5 limit=93Nm motorNm=93 tyreNm=0 inertia=1.78 limRot=0/674/0 omegaPre=18.33 posN=-54/-17/0 susp=0.0092 springN=-44
INFO 2026-07-27 15:27:18.017 joltshadow - docs §70.1: slipdense (player) f=976 w=1 grounded=0 kappa=0.000 fnGround=0 omega=18.47 | ftGround=0N target=46.5 limit=93Nm motorNm=93 tyreNm=0 inertia=1.78 limRot=0/595/0 omegaPre=17.95 posN=-58/22/0 susp=0.0053 springN=-3
INFO 2026-07-27 15:27:18.017 joltshadow - docs §70.1: slipdense (player) f=976 w=2 grounded=0 kappa=0.000 fnGround=0 omega=15.55 | ftGround=0N target=46.5 limit=93Nm motorNm=93 tyreNm=0 inertia=1.82 limRot=0/-7/-0 omegaPre=14.99 posN=23/-12/0 susp=0.0044 springN=-102
INFO 2026-07-27 15:27:18.017 joltshadow - docs §70.1: slipdense (player) f=976 w=3 grounded=0 kappa=0.000 fnGround=0 omega=15.23 | ftGround=0N target=46.5 limit=93Nm motorNm=93 tyreNm=0 inertia=1.82 limRot=0/-7/-0 omegaPre=14.67 posN=18/30/0 susp=0.0045 springN=-28
INFO 2026-07-27 15:27:18.017 joltshadow - docs §78: attdense (player) f=976 joltTilt=3.36 odeTilt=1.21 upDelta=2.58 wBody=(-0.12,0.37,0.16) |w|=0.42 grounded=0
INFO 2026-07-27 15:27:18.059 joltshadow - docs §70.1: slipdense (player) f=980 w=0 grounded=0 kappa=0.000 fnGround=0 omega=21.87 | ftGround=0N target=46.5 limit=93Nm motorNm=93 tyreNm=0 inertia=1.78 limRot=0/-9/0 omegaPre=21.34 posN=4/-0/0 susp=0.0064 springN=-11
INFO 2026-07-27 15:27:18.059 joltshadow - docs §70.1: slipdense (player) f=980 w=1 grounded=0 kappa=0.000 fnGround=0 omega=21.52 | ftGround=0N target=46.5 limit=93Nm motorNm=93 tyreNm=0 inertia=1.78 limRot=0/-8/0 omegaPre=20.99 posN=1/-0/0 susp=0.0022 springN=-8
INFO 2026-07-27 15:27:18.059 joltshadow - docs §70.1: slipdense (player) f=980 w=2 grounded=0 kappa=0.000 fnGround=0 omega=18.55 | ftGround=0N target=46.5 limit=93Nm motorNm=93 tyreNm=0 inertia=1.82 limRot=0/-5/-3 omegaPre=18.04 posN=6/5/0 susp=0.0061 springN=-8
INFO 2026-07-27 15:27:18.059 joltshadow - docs §70.1: slipdense (player) f=980 w=3 grounded=0 kappa=0.000 fnGround=0 omega=18.23 | ftGround=0N target=46.5 limit=93Nm motorNm=93 tyreNm=0 inertia=1.82 limRot=0/-5/-3 omegaPre=17.72 posN=3/5/0 susp=0.0009 springN=16
INFO 2026-07-27 15:27:18.059 joltshadow - docs §78: attdense (player) f=980 joltTilt=3.88 odeTilt=1.20 upDelta=3.18 wBody=(-0.16,0.34,0.18) |w|=0.41 grounded=0
INFO 2026-07-27 15:27:18.102 joltshadow - docs §70.1: slipdense (player) f=984 w=0 grounded=0 kappa=0.000 fnGround=0 omega=24.81 | ftGround=0N target=46.5 limit=93Nm motorNm=93 tyreNm=0 inertia=1.78 limRot=0/-14/0 omegaPre=24.23 posN=1/-1/0 susp=0.0038 springN=-8
INFO 2026-07-27 15:27:18.103 joltshadow - docs §70.1: slipdense (player) f=984 w=1 grounded=0 kappa=0.000 fnGround=0 omega=24.46 | ftGround=0N target=46.5 limit=93Nm motorNm=93 tyreNm=0 inertia=1.78 limRot=0/-13/0 omegaPre=23.88 posN=-2/-1/0 susp=0.0020 springN=-15
INFO 2026-07-27 15:27:18.103 joltshadow - docs §70.1: slipdense (player) f=984 w=2 grounded=0 kappa=0.000 fnGround=0 omega=21.43 | ftGround=0N target=46.5 limit=93Nm motorNm=93 tyreNm=0 inertia=1.82 limRot=0/-7/-3 omegaPre=20.87 posN=4/5/0 susp=0.0015 springN=20
INFO 2026-07-27 15:27:18.103 joltshadow - docs §70.1: slipdense (player) f=984 w=3 grounded=0 kappa=0.000 fnGround=0 omega=21.11 | ftGround=0N target=46.5 limit=93Nm motorNm=93 tyreNm=0 inertia=1.82 limRot=0/-6/-3 omegaPre=20.55 posN=1/4/0 susp=-0.0017 springN=19
INFO 2026-07-27 15:27:18.103 joltshadow - docs §78: attdense (player) f=984 joltTilt=4.49 odeTilt=1.27 upDelta=3.86 wBody=(-0.19,0.34,0.18) |w|=0.43 grounded=0
INFO 2026-07-27 15:27:18.147 joltshadow - docs §70.1: slipdense (player) f=988 w=0 grounded=0 kappa=0.000 fnGround=0 omega=27.42 | ftGround=0N target=46.5 limit=93Nm motorNm=93 tyreNm=0 inertia=1.78 limRot=0/-5/0 omegaPre=26.74 posN=2/-1/0 susp=0.0035 springN=-12
INFO 2026-07-27 15:27:18.147 joltshadow - docs §70.1: slipdense (player) f=988 w=1 grounded=0 kappa=0.000 fnGround=0 omega=27.07 | ftGround=0N target=46.5 limit=93Nm motorNm=93 tyreNm=0 inertia=1.78 limRot=0/-5/0 omegaPre=26.39 posN=-1/-1/0 susp=0.0006 springN=-11
INFO 2026-07-27 15:27:18.147 joltshadow - docs §70.1: slipdense (player) f=988 w=2 grounded=0 kappa=0.000 fnGround=0 omega=24.00 | ftGround=0N target=46.5 limit=93Nm motorNm=93 tyreNm=0 inertia=1.82 limRot=0/-7/-3 omegaPre=23.33 posN=3/5/0 susp=0.0003 springN=14
INFO 2026-07-27 15:27:18.147 joltshadow - docs §70.1: slipdense (player) f=988 w=3 grounded=0 kappa=0.000 fnGround=0 omega=23.68 | ftGround=0N target=46.5 limit=93Nm motorNm=93 tyreNm=0 inertia=1.82 limRot=0/-7/-3 omegaPre=23.01 posN=0/5/0 susp=-0.0036 springN=15
INFO 2026-07-27 15:27:18.147 joltshadow - docs §78: attdense (player) f=988 joltTilt=5.13 odeTilt=1.28 upDelta=4.43 wBody=(-0.21,0.34,0.19) |w|=0.44 grounded=0
INFO 2026-07-27 15:27:18.191 joltshadow - docs §70.1: slipdense (player) f=992 w=0 grounded=0 kappa=0.000 fnGround=0 omega=29.31 | ftGround=0N target=77.6 limit=56Nm motorNm=56 tyreNm=0 inertia=1.78 limRot=0/167/0 omegaPre=28.97 posN=5/1/0 susp=0.0035 springN=-14
INFO 2026-07-27 15:27:18.192 joltshadow - docs §70.1: slipdense (player) f=992 w=1 grounded=0 kappa=0.000 fnGround=0 omega=28.96 | ftGround=0N target=77.6 limit=56Nm motorNm=56 tyreNm=0 inertia=1.78 limRot=0/170/0 omegaPre=28.62 posN=2/-8/0 susp=-0.0003 springN=-5
INFO 2026-07-27 15:27:18.192 joltshadow - docs §70.1: slipdense (player) f=992 w=2 grounded=0 kappa=0.000 fnGround=0 omega=25.85 | ftGround=0N target=77.6 limit=56Nm motorNm=56 tyreNm=0 inertia=1.82 limRot=0/-9/-4 omegaPre=25.51 posN=-9/8/0 susp=0.0003 springN=4
INFO 2026-07-27 15:27:18.192 joltshadow - docs §70.1: slipdense (player) f=992 w=3 grounded=0 kappa=0.000 fnGround=0 omega=25.53 | ftGround=0N target=77.6 limit=56Nm motorNm=56 tyreNm=0 inertia=1.82 limRot=0/-9/-4 omegaPre=25.20 posN=-12/-2/0 susp=-0.0034 springN=11
INFO 2026-07-27 15:27:18.192 joltshadow - docs §78: attdense (player) f=992 joltTilt=5.83 odeTilt=1.31 upDelta=4.92 wBody=(-0.23,0.34,0.18) |w|=0.45 grounded=0
INFO 2026-07-27 15:27:18.236 joltshadow - docs §70.1: slipdense (player) f=996 w=0 grounded=0 kappa=0.000 fnGround=0 omega=31.11 | ftGround=0N target=77.6 limit=56Nm motorNm=56 tyreNm=0 inertia=1.78 limRot=0/921/0 omegaPre=30.79 posN=-34/-15/0 susp=0.0042 springN=-30
INFO 2026-07-27 15:27:18.237 joltshadow - docs §70.1: slipdense (player) f=996 w=1 grounded=0 kappa=0.000 fnGround=0 omega=30.75 | ftGround=0N target=77.6 limit=56Nm motorNm=56 tyreNm=0 inertia=1.78 limRot=0/960/0 omegaPre=30.44 posN=-37/4/0 susp=-0.0020 springN=20
INFO 2026-07-27 15:27:18.237 joltshadow - docs §70.1: slipdense (player) f=996 w=2 grounded=0 kappa=0.000 fnGround=0 omega=27.71 | ftGround=0N target=77.6 limit=56Nm motorNm=56 tyreNm=0 inertia=1.82 limRot=0/-11/-1 omegaPre=27.37 posN=4/-8/0 susp=0.0018 springN=-23
INFO 2026-07-27 15:27:18.237 joltshadow - docs §70.1: slipdense (player) f=996 w=3 grounded=0 kappa=0.000 fnGround=0 omega=27.39 | ftGround=0N target=77.6 limit=56Nm motorNm=56 tyreNm=0 inertia=1.82 limRot=0/-11/-1 omegaPre=27.05 posN=1/12/0 susp=-0.0043 springN=30
INFO 2026-07-27 15:27:18.237 joltshadow - docs §78: attdense (player) f=996 joltTilt=6.50 odeTilt=1.33 upDelta=5.50 wBody=(-0.24,0.36,0.08) |w|=0.44 grounded=0
INFO 2026-07-27 15:27:18.280 joltshadow - docs §70.1: slipdense (player) f=1000 w=0 grounded=0 kappa=0.000 fnGround=0 omega=32.75 | ftGround=0N target=77.6 limit=56Nm motorNm=56 tyreNm=0 inertia=1.78 limRot=0/-220/0 omegaPre=32.51 posN=59/11/0 susp=0.0028 springN=9
INFO 2026-07-27 15:27:18.280 joltshadow - docs §70.1: slipdense (player) f=1000 w=1 grounded=0 kappa=0.000 fnGround=0 omega=32.37 | ftGround=0N target=77.6 limit=56Nm motorNm=56 tyreNm=0 inertia=1.78 limRot=0/-315/0 omegaPre=32.16 posN=57/-13/0 susp=-0.0012 springN=-34
INFO 2026-07-27 15:27:18.280 joltshadow - docs §70.1: slipdense (player) f=1000 w=2 grounded=0 kappa=0.000 fnGround=0 omega=29.48 | ftGround=0N target=77.6 limit=56Nm motorNm=56 tyreNm=0 inertia=1.82 limRot=0/-4/-5 omegaPre=29.18 posN=16/18/0 susp=0.0008 springN=32
INFO 2026-07-27 15:27:18.280 joltshadow - docs §70.1: slipdense (player) f=1000 w=3 grounded=0 kappa=0.000 fnGround=0 omega=29.17 | ftGround=0N target=77.6 limit=56Nm motorNm=56 tyreNm=0 inertia=1.82 limRot=0/-4/-5 omegaPre=28.86 posN=14/-8/0 susp=-0.0028 springN=-16
INFO 2026-07-27 15:27:18.280 joltshadow - docs §78: attdense (player) f=1000 joltTilt=7.14 odeTilt=1.32 upDelta=6.15 wBody=(-0.27,0.31,0.18) |w|=0.44 grounded=0
INFO 2026-07-27 15:27:18.280 joltshadow - docs §82: resync (player) #23 dt=0.50s upMax=6.150 deg posMax=1.334 m odeTiltPath=0.290 deg gain=21.2025
INFO 2026-07-27 15:27:18.280 joltshadow - docs §87: resync landing (player) w=0 pre=0.7722 post=-0.0046 m R=0.629 dY=-1.2578 dRotDeg=10.79 |corr|=1.3340 m
INFO 2026-07-27 15:27:18.280 joltshadow - docs §87: resync landing (player) w=1 pre=0.9306 post=-0.0035 m R=0.629 dY=-1.2578 dRotDeg=10.79 |corr|=1.3340 m
INFO 2026-07-27 15:27:18.280 joltshadow - docs §87: resync landing (player) w=2 pre=0.3170 post=-0.0096 m R=0.635 dY=-1.2578 dRotDeg=10.79 |corr|=1.3340 m
INFO 2026-07-27 15:27:18.280 joltshadow - docs §87: resync landing (player) w=3 pre=0.4885 post=-0.0091 m R=0.635 dY=-1.2578 dRotDeg=10.79 |corr|=1.3340 m
INFO 2026-07-27 15:27:18.281 joltshadow - docs §82: resync RESIDUAL (player) #23 pos=0.0000 m up=0.0000 deg
INFO 2026-07-27 15:27:18.324 joltshadow - docs §70.1: slipdense (player) f=1004 w=0 grounded=1 kappa=0.018 fnGround=1192 omega=13.83 | ftGround=238N target=29.1 limit=149Nm motorNm=149 tyreNm=-117 inertia=1.78 limRot=0/134/0 omegaPre=13.63 posN=-72/-158/0 susp=-0.4107 springN=1082
INFO 2026-07-27 15:27:18.324 joltshadow - docs §70.1: slipdense (player) f=1004 w=1 grounded=1 kappa=0.021 fnGround=1144 omega=13.82 | ftGround=275N target=29.1 limit=149Nm motorNm=149 tyreNm=-141 inertia=1.78 limRot=0/137/0 omegaPre=13.78 posN=-154/-243/0 susp=-0.3928 springN=866
INFO 2026-07-27 15:27:18.324 joltshadow - docs §70.1: slipdense (player) f=1004 w=2 grounded=1 kappa=0.024 fnGround=1191 omega=13.79 | ftGround=310N target=29.1 limit=149Nm motorNm=149 tyreNm=-161 inertia=1.82 limRot=0/113/3 omegaPre=13.90 posN=158/-246/0 susp=-0.4888 springN=1776
INFO 2026-07-27 15:27:18.324 joltshadow - docs §70.1: slipdense (player) f=1004 w=3 grounded=1 kappa=0.182 fnGround=29 omega=15.69 | ftGround=53N target=29.1 limit=149Nm motorNm=149 tyreNm=-32 inertia=1.82 limRot=0/165/-2 omegaPre=15.66 posN=-29/-39/0 susp=-0.4782 springN=1881
INFO 2026-07-27 15:27:18.324 joltshadow - docs §78: attdense (player) f=1004 joltTilt=1.20 odeTilt=1.30 upDelta=0.46 wBody=(-0.18,0.01,0.20) |w|=0.27 grounded=4
INFO 2026-07-27 15:27:18.367 joltshadow - docs §70.1: slipdense (player) f=1008 w=0 grounded=1 kappa=0.043 fnGround=182 omega=14.33 | ftGround=165N target=29.1 limit=149Nm motorNm=149 tyreNm=-99 inertia=1.78 limRot=0/3/0 omegaPre=14.17 posN=29/-136/0 susp=-0.2084 springN=-65
INFO 2026-07-27 15:27:18.367 joltshadow - docs §70.1: slipdense (player) f=1008 w=1 grounded=1 kappa=0.087 fnGround=0 omega=14.86 | ftGround=0N target=29.1 limit=149Nm motorNm=149 tyreNm=0 inertia=1.78 limRot=0/-78/0 omegaPre=14.19 posN=-3/33/0 susp=-0.1845 springN=-240
INFO 2026-07-27 15:27:18.367 joltshadow - docs §70.1: slipdense (player) f=1008 w=2 grounded=1 kappa=0.020 fnGround=788 omega=14.18 | ftGround=280N target=29.1 limit=149Nm motorNm=149 tyreNm=-155 inertia=1.82 limRot=0/-57/-2 omegaPre=14.26 posN=-104/-266/0 susp=-0.3035 springN=520
INFO 2026-07-27 15:27:18.367 joltshadow - docs §70.1: slipdense (player) f=1008 w=3 grounded=1 kappa=0.023 fnGround=363 omega=13.80 | ftGround=185N target=29.1 limit=149Nm motorNm=149 tyreNm=-108 inertia=1.82 limRot=0/-26/-1 omegaPre=13.75 posN=-46/-158/0 susp=-0.2895 springN=348
INFO 2026-07-27 15:27:18.367 joltshadow - docs §78: attdense (player) f=1008 joltTilt=1.71 odeTilt=1.27 upDelta=0.79 wBody=(-0.14,0.01,0.09) |w|=0.17 grounded=4
INFO 2026-07-27 15:27:18.410 joltshadow - docs §70.1: slipdense (player) f=1012 w=0 grounded=0 kappa=0.000 fnGround=0 omega=17.55 | ftGround=0N target=46.5 limit=93Nm motorNm=93 tyreNm=0 inertia=1.78 limRot=0/-61/0 omegaPre=16.92 posN=-4/-2/0 susp=-0.0585 springN=-376
INFO 2026-07-27 15:27:18.410 joltshadow - docs §70.1: slipdense (player) f=1012 w=1 grounded=0 kappa=0.000 fnGround=0 omega=18.07 | ftGround=0N target=46.5 limit=93Nm motorNm=93 tyreNm=0 inertia=1.78 limRot=0/-130/0 omegaPre=17.46 posN=-4/-17/0 susp=-0.0457 springN=-338
INFO 2026-07-27 15:27:18.410 joltshadow - docs §70.1: slipdense (player) f=1012 w=2 grounded=0 kappa=0.000 fnGround=0 omega=15.19 | ftGround=0N target=46.5 limit=93Nm motorNm=93 tyreNm=0 inertia=1.82 limRot=0/-3/-0 omegaPre=14.58 posN=-30/1/0 susp=-0.1376 springN=-201
INFO 2026-07-27 15:27:18.410 joltshadow - docs §70.1: slipdense (player) f=1012 w=3 grounded=0 kappa=0.000 fnGround=0 omega=16.55 | ftGround=0N target=46.5 limit=93Nm motorNm=93 tyreNm=0 inertia=1.82 limRot=0/-3/-0 omegaPre=15.94 posN=-31/-16/0 susp=-0.1076 springN=-376
INFO 2026-07-27 15:27:18.410 joltshadow - docs §78: attdense (player) f=1012 joltTilt=1.91 odeTilt=1.23 upDelta=0.90 wBody=(-0.05,0.03,-0.03) |w|=0.07 grounded=0
INFO 2026-07-27 15:27:18.454 joltshadow - docs §70.1: slipdense (player) f=1016 w=0 grounded=0 kappa=0.000 fnGround=0 omega=20.42 | ftGround=0N target=46.5 limit=93Nm motorNm=93 tyreNm=0 inertia=1.78 limRot=0/542/0 omegaPre=20.04 posN=12/14/0 susp=0.0018 springN=-194
INFO 2026-07-27 15:27:18.454 joltshadow - docs §70.1: slipdense (player) f=1016 w=1 grounded=0 kappa=0.000 fnGround=0 omega=20.94 | ftGround=0N target=46.5 limit=93Nm motorNm=93 tyreNm=0 inertia=1.78 limRot=0/153/-799 omegaPre=20.47 posN=12/-10/0 susp=-0.0004 springN=-105
INFO 2026-07-27 15:27:18.454 joltshadow - docs §70.1: slipdense (player) f=1016 w=2 grounded=0 kappa=0.000 fnGround=0 omega=18.21 | ftGround=0N target=46.5 limit=93Nm motorNm=93 tyreNm=0 inertia=1.82 limRot=0/-2/1 omegaPre=17.75 posN=-36/16/0 susp=-0.0287 springN=-290
INFO 2026-07-27 15:27:18.454 joltshadow - docs §70.1: slipdense (player) f=1016 w=3 grounded=0 kappa=0.000 fnGround=0 omega=19.57 | ftGround=0N target=46.5 limit=93Nm motorNm=93 tyreNm=0 inertia=1.82 limRot=0/-2/1 omegaPre=19.11 posN=-35/-11/0 susp=-0.0142 springN=-239
INFO 2026-07-27 15:27:18.455 joltshadow - docs §78: attdense (player) f=1016 joltTilt=1.96 odeTilt=1.21 upDelta=0.82 wBody=(-0.06,0.05,-0.14) |w|=0.16 grounded=0
INFO 2026-07-27 15:27:18.486 joltshadow - docs §70.1: slipdense (player) f=1020 w=0 grounded=0 kappa=0.000 fnGround=0 omega=22.63 | ftGround=0N target=46.5 limit=93Nm motorNm=93 tyreNm=0 inertia=1.78 limRot=0/648/-493 omegaPre=22.21 posN=2/4/0 susp=0.0109 springN=-80
INFO 2026-07-27 15:27:18.486 joltshadow - docs §70.1: slipdense (player) f=1020 w=1 grounded=0 kappa=0.000 fnGround=0 omega=23.15 | ftGround=0N target=46.5 limit=93Nm motorNm=93 tyreNm=0 inertia=1.78 limRot=0/652/-487 omegaPre=22.73 posN=1/5/0 susp=0.0042 springN=-36
INFO 2026-07-27 15:27:18.486 joltshadow - docs §70.1: slipdense (player) f=1020 w=2 grounded=0 kappa=0.000 fnGround=0 omega=20.38 | ftGround=0N target=46.5 limit=93Nm motorNm=93 tyreNm=0 inertia=1.82 limRot=0/-0/2 omegaPre=19.97 posN=0/5/0 susp=0.0013 springN=-159
INFO 2026-07-27 15:27:18.486 joltshadow - docs §70.1: slipdense (player) f=1020 w=3 grounded=0 kappa=0.000 fnGround=0 omega=21.73 | ftGround=0N target=46.5 limit=93Nm motorNm=93 tyreNm=0 inertia=1.82 limRot=0/-0/3 omegaPre=21.32 posN=0/5/0 susp=0.0040 springN=-102
INFO 2026-07-27 15:27:18.487 joltshadow - docs §78: attdense (player) f=1020 joltTilt=2.03 odeTilt=1.20 upDelta=0.84 wBody=(-0.09,0.02,-0.13) |w|=0.16 grounded=0
INFO 2026-07-27 15:27:18.487 joltshadow - Shadow divergence (player): pos=2.118m vel=2.787m/s angle=0.8deg (jolt com=[4667.7 260.1 1248.0] ode com=[4667.6 258.0 1247.8])
INFO 2026-07-27 15:27:18.487 joltshadow - docs §23.6: driver input (player) realThrottle=1.00 brake=0.01 handBrake=0 steerRad=0.000
INFO 2026-07-27 15:27:18.487 joltshadow - docs §32: Jolt SHADOW chassis pitch (player) forward=(-0.223, 0.035, -0.974)
INFO 2026-07-27 15:27:18.487 joltshadow - docs §69: tilt (player) jolt=2.0 deg ode=1.2 deg delta=+0.8 deg upDelta=0.84 deg
INFO 2026-07-27 15:27:18.487 joltshadow - docs §32.4: Jolt SHADOW chassis lowest corner (player) = (4669.86,258.64,1250.78) clearanceToGround=0.639
INFO 2026-07-27 15:27:18.487 joltshadow - docs §23.5: wheel state (player) wheel=0 contact=0 suspLen=1.050 (range 0.050-1.050, 0% compressed) angVel=0.00
INFO 2026-07-27 15:27:18.487 joltshadow - docs §38.11: wheel=0 NO contact, worldAxle=(0.975,-0.006,-0.224)
INFO 2026-07-27 15:27:18.487 joltshadow - docs §32: no-contact raycast (player) wheel=0 bodyPos=(4667.62,259.35,1247.66) localMPos=(-1.155,0.060,2.270) origin=(4668.24,259.49,1245.19) dir=(-0.013,-0.999,-0.033) normalRayLen=1.679 groundFoundAt=0.000 shortfallBeyondTravel=-1.679 hitBody=8391044 hitLayer=4 hitMotion=2 hitIsSelfChassis=0
INFO 2026-07-27 15:27:18.487 joltshadow - docs §23.5: wheel state (player) wheel=1 contact=0 suspLen=1.050 (range 0.050-1.050, 0% compressed) angVel=0.00
INFO 2026-07-27 15:27:18.487 joltshadow - docs §38.11: wheel=1 NO contact, worldAxle=(0.975,-0.006,-0.224)
INFO 2026-07-27 15:27:18.487 joltshadow - docs §32: no-contact raycast (player) wheel=1 bodyPos=(4667.62,259.35,1247.66) localMPos=(1.155,0.059,2.270) origin=(4665.99,259.50,1245.71) dir=(-0.013,-0.999,-0.033) normalRayLen=1.679 groundFoundAt=0.000 shortfallBeyondTravel=-1.679 hitBody=8391045 hitLayer=4 hitMotion=2 hitIsSelfChassis=0
INFO 2026-07-27 15:27:18.487 joltshadow - docs §23.5: wheel state (player) wheel=2 contact=0 suspLen=1.050 (range 0.050-1.050, 0% compressed) angVel=0.00
INFO 2026-07-27 15:27:18.487 joltshadow - docs §38.11: wheel=2 NO contact, worldAxle=(0.975,-0.006,-0.224)
INFO 2026-07-27 15:27:18.487 joltshadow - docs §32: no-contact raycast (player) wheel=2 bodyPos=(4667.62,259.35,1247.66) localMPos=(-1.253,0.145,-2.062) origin=(4669.30,259.42,1249.39) dir=(-0.013,-0.999,-0.033) normalRayLen=1.685 groundFoundAt=0.000 shortfallBeyondTravel=-1.685 hitBody=8391030 hitLayer=1 hitMotion=2 hitIsSelfChassis=0
INFO 2026-07-27 15:27:18.487 joltshadow - docs §23.5: wheel state (player) wheel=3 contact=0 suspLen=1.050 (range 0.050-1.050, 0% compressed) angVel=0.00
INFO 2026-07-27 15:27:18.487 joltshadow - docs §38.11: wheel=3 NO contact, worldAxle=(0.975,-0.006,-0.224)
INFO 2026-07-27 15:27:18.487 joltshadow - docs §32: no-contact raycast (player) wheel=3 bodyPos=(4667.62,259.35,1247.66) localMPos=(1.253,0.146,-2.062) origin=(4666.86,259.43,1249.95) dir=(-0.013,-0.999,-0.033) normalRayLen=1.685 groundFoundAt=0.000 shortfallBeyondTravel=-1.685 hitBody=8391030 hitLayer=1 hitMotion=2 hitIsSelfChassis=0
INFO 2026-07-27 15:27:18.487 joltshadow - docs §59/63: harvest (player) wheelsWithContact=0 contactPoints=0 overflow=0 (of 4) | maxNormalF=0N bound(k_t*tau)=0N ratio=0.00
INFO 2026-07-27 15:27:18.487 joltshadow - docs §58: wheel body (player) w=0 springF=-80N stopF=0N travel=0.0109 (limits -0.5000..0.5000 rel spawn) kSusp=6000 sagPredicted=-0.0133 | frameTrav=0.0106..0.0109 frameStopN=0
INFO 2026-07-27 15:27:18.487 joltshadow - docs §66: tyre band (player) w=0 fnGround=0N fnTotal=0N pen=0.00000 penRaw=0.00000 tau=0.01000 pen/tau=0.00 | recs tyre=0 rim=0 survived=0 stale=0 distMax=0.00R
INFO 2026-07-27 15:27:18.487 joltshadow - docs §68: steer (player) w=0 steerable=1 commanded=0.000 rad measured=-0.611 rad err=-35.01 deg steerSign=-1 steerTq=-815Nm cap=815Nm sat=1.00
INFO 2026-07-27 15:27:18.487 joltshadow - docs §70: slip (player) w=0 grounded=0 kappa=0.000 fnGround=0N omega=22.63
INFO 2026-07-27 15:27:18.487 joltshadow - docs §67: spin (player) w=0 driven=1 omega=22.63 rad/s surfaceSpeed=14.24 m/s spinSign=+1 motorTq=93Nm cmdTq=93Nm
INFO 2026-07-27 15:27:18.487 joltshadow - docs §58: wheel body (player) w=1 springF=-36N stopF=0N travel=0.0042 (limits -0.5000..0.5000 rel spawn) kSusp=6000 sagPredicted=-0.0060 | frameTrav=0.0038..0.0042 frameStopN=0
INFO 2026-07-27 15:27:18.488 joltshadow - docs §66: tyre band (player) w=1 fnGround=0N fnTotal=0N pen=0.00000 penRaw=0.00000 tau=0.01000 pen/tau=0.00 | recs tyre=0 rim=0 survived=0 stale=0 distMax=0.00R
INFO 2026-07-27 15:27:18.488 joltshadow - docs §68: steer (player) w=1 steerable=1 commanded=0.000 rad measured=-0.611 rad err=-35.00 deg steerSign=-1 steerTq=-815Nm cap=815Nm sat=1.00
INFO 2026-07-27 15:27:18.488 joltshadow - docs §70: slip (player) w=1 grounded=0 kappa=0.000 fnGround=0N omega=23.15
INFO 2026-07-27 15:27:18.488 joltshadow - docs §67: spin (player) w=1 driven=1 omega=23.15 rad/s surfaceSpeed=14.56 m/s spinSign=+1 motorTq=93Nm cmdTq=93Nm
INFO 2026-07-27 15:27:18.488 joltshadow - docs §58: wheel body (player) w=2 springF=-159N stopF=0N travel=0.0013 (limits -0.5000..0.5000 rel spawn) kSusp=6000 sagPredicted=-0.0265 | frameTrav=-0.0014..0.0013 frameStopN=0
INFO 2026-07-27 15:27:18.488 joltshadow - docs §66: tyre band (player) w=2 fnGround=0N fnTotal=0N pen=0.00000 penRaw=0.00000 tau=0.01000 pen/tau=0.00 | recs tyre=0 rim=0 survived=0 stale=0 distMax=0.00R
INFO 2026-07-27 15:27:18.488 joltshadow - docs §68: steer (player) w=2 steerable=0 commanded=0.000 rad measured=-0.000 rad err=-0.00 deg steerSign=-1 steerTq=0Nm cap=340282346638528859811704183484516925440Nm sat=0.00
INFO 2026-07-27 15:27:18.488 joltshadow - docs §70: slip (player) w=2 grounded=0 kappa=0.000 fnGround=0N omega=20.38
INFO 2026-07-27 15:27:18.488 joltshadow - docs §67: spin (player) w=2 driven=1 omega=20.38 rad/s surfaceSpeed=12.95 m/s spinSign=+1 motorTq=93Nm cmdTq=93Nm
INFO 2026-07-27 15:27:18.488 joltshadow - docs §58: wheel body (player) w=3 springF=-102N stopF=0N travel=0.0040 (limits -0.5000..0.5000 rel spawn) kSusp=6000 sagPredicted=-0.0170 | frameTrav=0.0023..0.0040 frameStopN=0
INFO 2026-07-27 15:27:18.488 joltshadow - docs §66: tyre band (player) w=3 fnGround=0N fnTotal=0N pen=0.00000 penRaw=0.00000 tau=0.01000 pen/tau=0.00 | recs tyre=0 rim=0 survived=0 stale=0 distMax=0.00R
INFO 2026-07-27 15:27:18.488 joltshadow - docs §68: steer (player) w=3 steerable=0 commanded=0.000 rad measured=-0.000 rad err=-0.00 deg steerSign=-1 steerTq=0Nm cap=340282346638528859811704183484516925440Nm sat=0.00
INFO 2026-07-27 15:27:18.488 joltshadow - docs §70: slip (player) w=3 grounded=0 kappa=0.000 fnGround=0N omega=21.73
INFO 2026-07-27 15:27:18.488 joltshadow - docs §67: spin (player) w=3 driven=1 omega=21.73 rad/s surfaceSpeed=13.81 m/s spinSign=+1 motorTq=93Nm cmdTq=93Nm
INFO 2026-07-27 15:27:18.488 joltshadow - docs §67: drivetrain (player) gear=1 rpm=4446 driveTorque=375Nm perWheel=94Nm driven=4 throttle=1.00 spin=1 | PRE-STEP brake=0.01 handBrake=0
INFO 2026-07-27 15:27:18.488 joltshadow - docs §66: tyre band SUM (player) fnGroundSum=0N fnTotalSum=0N weight=942N carried=0.00 | penSum=0.00000 recs tyre=0 rim=0 stale=0
INFO 2026-07-27 15:27:18.488 joltshadow - docs §30: REAL ODE chassis COM (player) body=54C8BDB0 = (4667.613, 257.989, 1247.815) forward=(-0.223, 0.021, -0.975)
INFO 2026-07-27 15:27:18.488 joltshadow - docs §33: real ODE chassis geom (player) #1 = class 0 (not a transform) pos=(4667.613,257.989,1247.815) radius=4.500
INFO 2026-07-27 15:27:18.489 joltshadow - docs §33: real ODE chassis geom (player) #2 = transform, inner class=1 pos=(0.000,1.095,-0.495)
INFO 2026-07-27 15:27:18.489 joltshadow - docs §33: real ODE chassis geom (player) #3 = transform, inner class=1 pos=(0.353,3.466,0.718)
INFO 2026-07-27 15:27:18.489 joltshadow - docs §33: real ODE chassis geom (player) #4 = transform, inner class=1 pos=(0.000,1.818,1.842)
INFO 2026-07-27 15:27:18.489 joltshadow - docs §33: real ODE chassis geom (player) #5 = transform, inner class=1 pos=(0.006,1.981,-2.113)
INFO 2026-07-27 15:27:18.489 joltshadow - docs §33: real ODE chassis geom (player) #6 = class 0 (not a transform) pos=(4667.613,257.989,1247.815) radius=30.000
INFO 2026-07-27 15:27:18.489 joltshadow - docs §33: real ODE chassis geom (player) #7 = class 0 (not a transform) pos=(4667.613,257.989,1247.815) radius=6.436
INFO 2026-07-27 15:27:18.489 joltshadow - docs §33: real ODE chassis geom (player) #8 = class 0 (not a transform) pos=(4667.613,257.989,1247.815) radius=200.000
INFO 2026-07-27 15:27:18.489 joltshadow - docs §33: real ODE chassis (player) has 8 total geom(s) directly attached (4 transform(s)) - compare against BuildChassisCompoundShape's own part/geom count in the build log
INFO 2026-07-27 15:27:18.489 joltshadow - docs §28: REAL ODE wheel state (player) wheel=0 displacement=0.0295 range=1.000 (3% compressed, signed) foreAft=2.270 localZ=2.270 cfm=0.002500 erp=0.2500
INFO 2026-07-27 15:27:18.489 joltshadow - docs §28: REAL ODE wheel state (player) wheel=1 displacement=0.0264 range=1.000 (3% compressed, signed) foreAft=2.270 localZ=2.270 cfm=0.002500 erp=0.2500
INFO 2026-07-27 15:27:18.489 joltshadow - docs §28: REAL ODE wheel state (player) wheel=2 displacement=0.0364 range=1.000 (4% compressed, signed) foreAft=-2.062 localZ=-2.062 cfm=0.002500 erp=0.2500
INFO 2026-07-27 15:27:18.489 joltshadow - docs §28: REAL ODE wheel state (player) wheel=3 displacement=0.0380 range=1.000 (4% compressed, signed) foreAft=-2.062 localZ=-2.062 cfm=0.002500 erp=0.2500
INFO 2026-07-27 15:27:18.533 joltshadow - docs §70.1: slipdense (player) f=1024 w=0 grounded=0 kappa=0.000 fnGround=0 omega=25.49 | ftGround=0N target=46.5 limit=93Nm motorNm=93 tyreNm=0 inertia=1.78 limRot=0/647/0 omegaPre=24.81 posN=-18/-8/0 susp=0.0073 springN=-10
INFO 2026-07-27 15:27:18.534 joltshadow - docs §70.1: slipdense (player) f=1024 w=1 grounded=0 kappa=0.000 fnGround=0 omega=26.01 | ftGround=0N target=46.5 limit=93Nm motorNm=93 tyreNm=0 inertia=1.78 limRot=0/622/0 omegaPre=25.33 posN=-19/15/0 susp=0.0031 springN=-8
INFO 2026-07-27 15:27:18.534 joltshadow - docs §70.1: slipdense (player) f=1024 w=2 grounded=0 kappa=0.000 fnGround=0 omega=23.19 | ftGround=0N target=46.5 limit=93Nm motorNm=93 tyreNm=0 inertia=1.82 limRot=0/0/4 omegaPre=22.52 posN=23/-8/0 susp=0.0075 springN=-26
INFO 2026-07-27 15:27:18.534 joltshadow - docs §70.1: slipdense (player) f=1024 w=3 grounded=0 kappa=0.000 fnGround=0 omega=24.55 | ftGround=0N target=46.5 limit=93Nm motorNm=93 tyreNm=0 inertia=1.82 limRot=0/0/4 omegaPre=23.88 posN=23/17/0 susp=0.0048 springN=-0
INFO 2026-07-27 15:27:18.534 joltshadow - docs §78: attdense (player) f=1024 joltTilt=2.32 odeTilt=1.20 upDelta=1.13 wBody=(-0.13,0.01,-0.14) |w|=0.19 grounded=0
INFO 2026-07-27 15:27:18.578 joltshadow - docs §70.1: slipdense (player) f=1028 w=0 grounded=0 kappa=0.000 fnGround=0 omega=27.32 | ftGround=0N target=46.5 limit=93Nm motorNm=93 tyreNm=0 inertia=1.78 limRot=0/-117/0 omegaPre=26.82 posN=30/12/0 susp=0.0008 springN=24
INFO 2026-07-27 15:27:18.578 joltshadow - docs §70.1: slipdense (player) f=1028 w=1 grounded=0 kappa=0.000 fnGround=0 omega=27.83 | ftGround=0N target=46.5 limit=93Nm motorNm=93 tyreNm=0 inertia=1.78 limRot=0/-90/0 omegaPre=27.33 posN=30/-9/0 susp=0.0054 springN=-42
INFO 2026-07-27 15:27:18.578 joltshadow - docs §70.1: slipdense (player) f=1028 w=2 grounded=0 kappa=0.000 fnGround=0 omega=25.23 | ftGround=0N target=46.5 limit=93Nm motorNm=93 tyreNm=0 inertia=1.82 limRot=0/0/-1 omegaPre=24.72 posN=-11/13/0 susp=-0.0005 springN=48
INFO 2026-07-27 15:27:18.578 joltshadow - docs §70.1: slipdense (player) f=1028 w=3 grounded=0 kappa=0.000 fnGround=0 omega=26.59 | ftGround=0N target=46.5 limit=93Nm motorNm=93 tyreNm=0 inertia=1.82 limRot=0/0/-1 omegaPre=26.07 posN=-11/-9/0 susp=0.0035 springN=-11
INFO 2026-07-27 15:27:18.578 joltshadow - docs §78: attdense (player) f=1028 joltTilt=2.73 odeTilt=1.22 upDelta=1.53 wBody=(-0.17,0.01,-0.02) |w|=0.17 grounded=0
INFO 2026-07-27 15:27:18.621 joltshadow - docs §70.1: slipdense (player) f=1032 w=0 grounded=0 kappa=0.000 fnGround=0 omega=29.10 | ftGround=0N target=46.5 limit=93Nm motorNm=93 tyreNm=0 inertia=1.78 limRot=0/52/0 omegaPre=28.52 posN=-1/1/0 susp=-0.0016 springN=2
INFO 2026-07-27 15:27:18.622 joltshadow - docs §70.1: slipdense (player) f=1032 w=1 grounded=0 kappa=0.000 fnGround=0 omega=29.61 | ftGround=0N target=46.5 limit=93Nm motorNm=93 tyreNm=0 inertia=1.78 limRot=0/63/0 omegaPre=29.03 posN=-1/0/0 susp=0.0058 springN=-18
INFO 2026-07-27 15:27:18.622 joltshadow - docs §70.1: slipdense (player) f=1032 w=2 grounded=0 kappa=0.000 fnGround=0 omega=26.99 | ftGround=0N target=46.5 limit=93Nm motorNm=93 tyreNm=0 inertia=1.82 limRot=0/-1/-0 omegaPre=26.42 posN=-2/3/0 susp=-0.0044 springN=24
INFO 2026-07-27 15:27:18.622 joltshadow - docs §70.1: slipdense (player) f=1032 w=3 grounded=0 kappa=0.000 fnGround=0 omega=28.34 | ftGround=0N target=46.5 limit=93Nm motorNm=93 tyreNm=0 inertia=1.82 limRot=0/-1/-0 omegaPre=27.78 posN=-2/2/0 susp=0.0024 springN=6
INFO 2026-07-27 15:27:18.622 joltshadow - docs §78: attdense (player) f=1032 joltTilt=3.16 odeTilt=1.24 upDelta=1.94 wBody=(-0.19,0.02,-0.03) |w|=0.19 grounded=0
INFO 2026-07-27 15:27:18.661 joltshadow - docs §70.1: slipdense (player) f=1036 w=0 grounded=0 kappa=0.000 fnGround=0 omega=30.72 | ftGround=0N target=46.5 limit=93Nm motorNm=93 tyreNm=0 inertia=1.78 limRot=0/2/0 omegaPre=30.19 posN=1/-0/0 susp=-0.0009 springN=-9
INFO 2026-07-27 15:27:18.661 joltshadow - docs §70.1: slipdense (player) f=1036 w=1 grounded=0 kappa=0.000 fnGround=0 omega=31.23 | ftGround=0N target=46.5 limit=93Nm motorNm=93 tyreNm=0 inertia=1.78 limRot=0/-4/0 omegaPre=30.71 posN=1/2/0 susp=0.0044 springN=-10
INFO 2026-07-27 15:27:18.661 joltshadow - docs §70.1: slipdense (player) f=1036 w=2 grounded=0 kappa=0.000 fnGround=0 omega=28.58 | ftGround=0N target=46.5 limit=93Nm motorNm=93 tyreNm=0 inertia=1.82 limRot=0/-0/0 omegaPre=28.06 posN=5/1/0 susp=-0.0041 springN=11
INFO 2026-07-27 15:27:18.661 joltshadow - docs §70.1: slipdense (player) f=1036 w=3 grounded=0 kappa=0.000 fnGround=0 omega=29.93 | ftGround=0N target=46.5 limit=93Nm motorNm=93 tyreNm=0 inertia=1.82 limRot=0/-0/0 omegaPre=29.42 posN=5/4/0 susp=0.0011 springN=9
INFO 2026-07-27 15:27:18.661 joltshadow - docs §78: attdense (player) f=1036 joltTilt=3.60 odeTilt=1.25 upDelta=2.36 wBody=(-0.20,0.02,-0.03) |w|=0.20 grounded=0
INFO 2026-07-27 15:27:18.703 joltshadow - docs §70.1: slipdense (player) f=1040 w=0 grounded=0 kappa=0.000 fnGround=0 omega=32.44 | ftGround=0N target=46.5 limit=93Nm motorNm=93 tyreNm=0 inertia=1.78 limRot=0/-373/0 omegaPre=31.93 posN=-5/-12/0 susp=-0.0012 springN=3
INFO 2026-07-27 15:27:18.703 joltshadow - docs §70.1: slipdense (player) f=1040 w=1 grounded=0 kappa=0.000 fnGround=0 omega=32.93 | ftGround=0N target=46.5 limit=93Nm motorNm=93 tyreNm=0 inertia=1.78 limRot=0/-682/0 omegaPre=32.43 posN=-5/11/0 susp=0.0048 springN=-22
INFO 2026-07-27 15:27:18.703 joltshadow - docs §70.1: slipdense (player) f=1040 w=2 grounded=0 kappa=0.000 fnGround=0 omega=30.28 | ftGround=0N target=46.5 limit=93Nm motorNm=93 tyreNm=0 inertia=1.82 limRot=0/2/-1 omegaPre=29.77 posN=38/-11/0 susp=-0.0047 springN=21
INFO 2026-07-27 15:27:18.703 joltshadow - docs §70.1: slipdense (player) f=1040 w=3 grounded=0 kappa=0.000 fnGround=0 omega=31.64 | ftGround=0N target=46.5 limit=93Nm motorNm=93 tyreNm=0 inertia=1.82 limRot=0/2/-1 omegaPre=31.12 posN=38/14/0 susp=0.0017 springN=-8
INFO 2026-07-27 15:27:18.703 joltshadow - docs §78: attdense (player) f=1040 joltTilt=4.10 odeTilt=1.24 upDelta=2.86 wBody=(-0.22,-0.00,0.02) |w|=0.22 grounded=0
INFO 2026-07-27 15:27:18.737 joltshadow - docs §70.1: slipdense (player) f=1044 w=0 grounded=0 kappa=0.000 fnGround=0 omega=33.67 | ftGround=0N target=46.5 limit=93Nm motorNm=93 tyreNm=0 inertia=1.78 limRot=0/-1204/0 omegaPre=33.31 posN=26/7/0 susp=-0.0036 springN=37
INFO 2026-07-27 15:27:18.737 joltshadow - docs §70.1: slipdense (player) f=1044 w=1 grounded=0 kappa=0.000 fnGround=0 omega=34.13 | ftGround=0N target=46.5 limit=93Nm motorNm=93 tyreNm=0 inertia=1.78 limRot=0/-645/0 omegaPre=33.73 posN=25/-9/0 susp=0.0060 springN=-37
INFO 2026-07-27 15:27:18.737 joltshadow - docs §70.1: slipdense (player) f=1044 w=2 grounded=0 kappa=0.000 fnGround=0 omega=31.71 | ftGround=0N target=46.5 limit=93Nm motorNm=93 tyreNm=0 inertia=1.82 limRot=0/1/-5 omegaPre=31.29 posN=-2/10/0 susp=-0.0062 springN=40
INFO 2026-07-27 15:27:18.737 joltshadow - docs §70.1: slipdense (player) f=1044 w=3 grounded=0 kappa=0.000 fnGround=0 omega=33.06 | ftGround=0N target=46.5 limit=93Nm motorNm=93 tyreNm=0 inertia=1.82 limRot=0/1/-5 omegaPre=32.65 posN=-2/-7/0 susp=0.0043 springN=-41
INFO 2026-07-27 15:27:18.737 joltshadow - docs §78: attdense (player) f=1044 joltTilt=4.54 odeTilt=1.23 upDelta=3.33 wBody=(-0.22,-0.00,0.16) |w|=0.27 grounded=0
INFO 2026-07-27 15:27:18.776 joltshadow - docs §70.1: slipdense (player) f=1048 w=0 grounded=0 kappa=0.000 fnGround=0 omega=35.05 | ftGround=0N target=46.5 limit=93Nm motorNm=93 tyreNm=0 inertia=1.78 limRot=0/578/0 omegaPre=34.67 posN=-72/-8/0 susp=-0.0003 springN=-47
INFO 2026-07-27 15:27:18.777 joltshadow - docs §70.1: slipdense (player) f=1048 w=1 grounded=0 kappa=0.000 fnGround=0 omega=35.46 | ftGround=0N target=46.5 limit=93Nm motorNm=93 tyreNm=0 inertia=1.78 limRot=0/355/0 omegaPre=35.05 posN=-72/17/0 susp=0.0029 springN=14
INFO 2026-07-27 15:27:18.777 joltshadow - docs §70.1: slipdense (player) f=1048 w=2 grounded=0 kappa=0.000 fnGround=0 omega=33.28 | ftGround=0N target=46.5 limit=93Nm motorNm=93 tyreNm=0 inertia=1.82 limRot=0/-7/-0 omegaPre=32.76 posN=-21/-7/0 susp=-0.0026 springN=-23
INFO 2026-07-27 15:27:18.777 joltshadow - docs §70.1: slipdense (player) f=1048 w=3 grounded=0 kappa=0.000 fnGround=0 omega=34.63 | ftGround=0N target=46.5 limit=93Nm motorNm=93 tyreNm=0 inertia=1.82 limRot=0/-7/-0 omegaPre=34.12 posN=-22/20/0 susp=0.0010 springN=42
INFO 2026-07-27 15:27:18.777 joltshadow - docs §78: attdense (player) f=1048 joltTilt=5.06 odeTilt=1.20 upDelta=3.89 wBody=(-0.25,0.05,0.03) |w|=0.26 grounded=0
INFO 2026-07-27 15:27:18.786 joltshadow - docs §82: resync (player) #24 dt=0.51s upMax=4.036 deg posMax=1.292 m odeTiltPath=0.224 deg gain=18.0552
INFO 2026-07-27 15:27:18.786 joltshadow - docs §87: resync landing (player) w=0 pre=0.8377 post=-0.0012 m R=0.629 dY=-1.2778 dRotDeg=4.05 |corr|=1.2920 m
INFO 2026-07-27 15:27:18.787 joltshadow - docs §87: resync landing (player) w=1 pre=0.8489 post=-0.0054 m R=0.629 dY=-1.2778 dRotDeg=4.05 |corr|=1.2920 m
INFO 2026-07-27 15:27:18.787 joltshadow - docs §87: resync landing (player) w=2 pre=0.4507 post=-0.0007 m R=0.635 dY=-1.2778 dRotDeg=4.05 |corr|=1.2920 m
INFO 2026-07-27 15:27:18.787 joltshadow - docs §87: resync landing (player) w=3 pre=0.4630 post=-0.0030 m R=0.635 dY=-1.2778 dRotDeg=4.05 |corr|=1.2920 m
INFO 2026-07-27 15:27:18.787 joltshadow - docs §82: resync RESIDUAL (player) #24 pos=0.0000 m up=0.0000 deg
INFO 2026-07-27 15:27:18.811 joltshadow - docs §70.1: slipdense (player) f=1052 w=0 grounded=1 kappa=0.025 fnGround=1200 omega=20.82 | ftGround=586N target=46.5 limit=93Nm motorNm=93 tyreNm=-316 inertia=1.78 limRot=0/105/0 omegaPre=23.84 posN=335/-537/0 susp=-0.4812 springN=1828
INFO 2026-07-27 15:27:18.811 joltshadow - docs §70.1: slipdense (player) f=1052 w=1 grounded=1 kappa=0.023 fnGround=1200 omega=20.52 | ftGround=544N target=46.5 limit=93Nm motorNm=93 tyreNm=-291 inertia=1.78 limRot=0/310/0 omegaPre=23.53 posN=512/-382/0 susp=-0.4815 springN=1832
INFO 2026-07-27 15:27:18.812 joltshadow - docs §70.1: slipdense (player) f=1052 w=2 grounded=1 kappa=0.008 fnGround=1200 omega=21.55 | ftGround=201N target=46.5 limit=93Nm motorNm=93 tyreNm=-82 inertia=1.82 limRot=0/-66/0 omegaPre=21.59 posN=-139/-169/0 susp=-0.5334 springN=2566
INFO 2026-07-27 15:27:18.812 joltshadow - docs §70.1: slipdense (player) f=1052 w=3 grounded=1 kappa=0.010 fnGround=1200 omega=21.22 | ftGround=226N target=46.5 limit=93Nm motorNm=93 tyreNm=-97 inertia=1.82 limRot=0/-66/-1 omegaPre=22.56 posN=-140/-79/0 susp=-0.5335 springN=2568
INFO 2026-07-27 15:27:18.812 joltshadow - docs §78: attdense (player) f=1052 joltTilt=1.07 odeTilt=1.18 upDelta=0.16 wBody=(-0.33,0.07,-0.00) |w|=0.33 grounded=4
INFO 2026-07-27 15:27:18.846 joltshadow - docs §70.1: slipdense (player) f=1056 w=0 grounded=1 kappa=0.012 fnGround=784 omega=20.92 | ftGround=213N target=46.5 limit=93Nm motorNm=93 tyreNm=-102 inertia=1.78 limRot=0/-391/0 omegaPre=21.06 posN=288/-194/0 susp=-0.3235 springN=436
INFO 2026-07-27 15:27:18.846 joltshadow - docs §70.1: slipdense (player) f=1056 w=1 grounded=1 kappa=0.009 fnGround=875 omega=21.30 | ftGround=176N target=46.5 limit=93Nm motorNm=93 tyreNm=-76 inertia=1.78 limRot=0/-79/0 omegaPre=21.31 posN=463/-61/0 susp=-0.3293 springN=555
INFO 2026-07-27 15:27:18.846 joltshadow - docs §70.1: slipdense (player) f=1056 w=2 grounded=1 kappa=0.011 fnGround=1197 omega=20.76 | ftGround=231N target=46.5 limit=93Nm motorNm=93 tyreNm=-100 inertia=1.82 limRot=0/-149/-6 omegaPre=20.91 posN=-241/-263/0 susp=-0.4402 springN=1400
INFO 2026-07-27 15:27:18.846 joltshadow - docs §70.1: slipdense (player) f=1056 w=3 grounded=1 kappa=0.009 fnGround=1197 omega=21.15 | ftGround=183N target=46.5 limit=93Nm motorNm=93 tyreNm=-70 inertia=1.82 limRot=0/-145/-6 omegaPre=21.16 posN=-234/-128/0 susp=-0.4474 springN=1565
INFO 2026-07-27 15:27:18.846 joltshadow - docs §78: attdense (player) f=1056 joltTilt=1.66 odeTilt=1.17 upDelta=0.49 wBody=(-0.32,-0.11,-0.16) |w|=0.37 grounded=4
INFO 2026-07-27 15:27:18.886 joltshadow - docs §70.1: slipdense (player) f=1060 w=0 grounded=0 kappa=0.000 fnGround=0 omega=21.87 | ftGround=0N target=46.5 limit=93Nm motorNm=93 tyreNm=0 inertia=1.78 limRot=0/45/0 omegaPre=21.46 posN=33/16/0 susp=-0.1379 springN=-379
INFO 2026-07-27 15:27:18.886 joltshadow - docs §70.1: slipdense (player) f=1060 w=1 grounded=0 kappa=0.000 fnGround=0 omega=21.92 | ftGround=0N target=46.5 limit=93Nm motorNm=93 tyreNm=0 inertia=1.78 limRot=0/203/0 omegaPre=21.54 posN=32/-16/0 susp=-0.1555 springN=-231
INFO 2026-07-27 15:27:18.886 joltshadow - docs §70.1: slipdense (player) f=1060 w=2 grounded=1 kappa=0.016 fnGround=603 omega=20.60 | ftGround=215N target=46.5 limit=93Nm motorNm=93 tyreNm=-108 inertia=1.82 limRot=0/-50/-4 omegaPre=20.75 posN=-112/-213/0 susp=-0.2655 springN=332
INFO 2026-07-27 15:27:18.886 joltshadow - docs §70.1: slipdense (player) f=1060 w=3 grounded=1 kappa=0.015 fnGround=835 omega=21.55 | ftGround=259N target=46.5 limit=93Nm motorNm=93 tyreNm=-122 inertia=1.82 limRot=0/-62/-5 omegaPre=21.72 posN=-132/-302/0 susp=-0.2890 springN=580
INFO 2026-07-27 15:27:18.886 joltshadow - docs §78: attdense (player) f=1060 joltTilt=2.30 odeTilt=1.18 upDelta=1.19 wBody=(-0.16,-0.19,-0.24) |w|=0.35 grounded=2
INFO 2026-07-27 15:27:18.925 joltshadow - docs §70.1: slipdense (player) f=1064 w=0 grounded=0 kappa=0.000 fnGround=0 omega=24.50 | ftGround=0N target=46.5 limit=93Nm motorNm=93 tyreNm=0 inertia=1.78 limRot=0/391/-714 omegaPre=24.03 posN=6/-18/0 susp=-0.0297 springN=-323
INFO 2026-07-27 15:27:18.925 joltshadow - docs §70.1: slipdense (player) f=1064 w=1 grounded=0 kappa=0.000 fnGround=0 omega=24.61 | ftGround=0N target=46.5 limit=93Nm motorNm=93 tyreNm=0 inertia=1.78 limRot=0/511/-636 omegaPre=24.14 posN=3/-17/0 susp=-0.0401 springN=-331
INFO 2026-07-27 15:27:18.926 joltshadow - docs §70.1: slipdense (player) f=1064 w=2 grounded=0 kappa=0.000 fnGround=0 omega=22.00 | ftGround=0N target=46.5 limit=93Nm motorNm=93 tyreNm=0 inertia=1.82 limRot=0/6/3 omegaPre=21.54 posN=1/-13/0 susp=-0.1167 springN=-277
INFO 2026-07-27 15:27:18.926 joltshadow - docs §70.1: slipdense (player) f=1064 w=3 grounded=1 kappa=0.073 fnGround=0 omega=22.13 | ftGround=0N target=46.5 limit=93Nm motorNm=93 tyreNm=0 inertia=1.82 limRot=0/6/3 omegaPre=21.67 posN=-1/-12/0 susp=-0.1497 springN=-61
INFO 2026-07-27 15:27:18.926 joltshadow - docs §78: attdense (player) f=1064 joltTilt=2.62 odeTilt=1.19 upDelta=1.57 wBody=(-0.03,-0.26,-0.19) |w|=0.32 grounded=1
INFO 2026-07-27 15:27:18.964 joltshadow - docs §70.1: slipdense (player) f=1068 w=0 grounded=0 kappa=0.000 fnGround=0 omega=26.49 | ftGround=0N target=46.5 limit=93Nm motorNm=93 tyreNm=0 inertia=1.78 limRot=0/816/-80 omegaPre=26.02 posN=-6/1/0 susp=0.0035 springN=-136
INFO 2026-07-27 15:27:18.964 joltshadow - docs §70.1: slipdense (player) f=1068 w=1 grounded=0 kappa=0.000 fnGround=0 omega=26.60 | ftGround=0N target=46.5 limit=93Nm motorNm=93 tyreNm=0 inertia=1.78 limRot=0/818/0 omegaPre=26.13 posN=-8/2/0 susp=0.0005 springN=-159
INFO 2026-07-27 15:27:18.964 joltshadow - docs §70.1: slipdense (player) f=1068 w=2 grounded=0 kappa=0.000 fnGround=0 omega=23.95 | ftGround=0N target=46.5 limit=93Nm motorNm=93 tyreNm=0 inertia=1.82 limRot=0/5/4 omegaPre=23.49 posN=-8/4/0 susp=-0.0286 springN=-288
INFO 2026-07-27 15:27:18.964 joltshadow - docs §70.1: slipdense (player) f=1068 w=3 grounded=0 kappa=0.000 fnGround=0 omega=24.08 | ftGround=0N target=46.5 limit=93Nm motorNm=93 tyreNm=0 inertia=1.82 limRot=0/5/4 omegaPre=23.62 posN=-11/5/0 susp=-0.0523 springN=-255
INFO 2026-07-27 15:27:18.964 joltshadow - docs §78: attdense (player) f=1068 joltTilt=2.84 odeTilt=1.21 upDelta=1.87 wBody=(-0.03,-0.26,-0.19) |w|=0.32 grounded=0
INFO 2026-07-27 15:27:18.998 joltshadow - docs §70.1: slipdense (player) f=1072 w=0 grounded=0 kappa=0.000 fnGround=0 omega=27.95 | ftGround=0N target=77.6 limit=56Nm motorNm=56 tyreNm=0 inertia=1.78 limRot=0/259/0 omegaPre=27.75 posN=-16/-16/0 susp=0.0079 springN=-33
INFO 2026-07-27 15:27:18.998 joltshadow - docs §70.1: slipdense (player) f=1072 w=1 grounded=0 kappa=0.000 fnGround=0 omega=28.01 | ftGround=0N target=77.6 limit=56Nm motorNm=56 tyreNm=0 inertia=1.78 limRot=0/19/0 omegaPre=27.84 posN=-18/26/0 susp=0.0074 springN=-65
INFO 2026-07-27 15:27:18.998 joltshadow - docs §70.1: slipdense (player) f=1072 w=2 grounded=0 kappa=0.000 fnGround=0 omega=25.42 | ftGround=0N target=77.6 limit=56Nm motorNm=56 tyreNm=0 inertia=1.82 limRot=0/10/6 omegaPre=25.21 posN=58/-13/0 susp=0.0023 springN=-130
INFO 2026-07-27 15:27:18.998 joltshadow - docs §70.1: slipdense (player) f=1072 w=3 grounded=0 kappa=0.000 fnGround=0 omega=25.55 | ftGround=0N target=77.6 limit=56Nm motorNm=56 tyreNm=0 inertia=1.82 limRot=0/10/6 omegaPre=25.33 posN=54/31/0 susp=-0.0092 springN=-180
INFO 2026-07-27 15:27:18.998 joltshadow - docs §78: attdense (player) f=1072 joltTilt=3.15 odeTilt=1.23 upDelta=2.25 wBody=(-0.08,-0.29,-0.16) |w|=0.34 grounded=0
INFO 2026-07-27 15:27:19.035 joltshadow - docs §70.1: slipdense (player) f=1076 w=0 grounded=0 kappa=0.000 fnGround=0 omega=29.27 | ftGround=0N target=77.6 limit=56Nm motorNm=56 tyreNm=0 inertia=1.78 limRot=0/-18/0 omegaPre=28.97 posN=14/5/0 susp=0.0036 springN=13
INFO 2026-07-27 15:27:19.036 joltshadow - docs §70.1: slipdense (player) f=1076 w=1 grounded=0 kappa=0.000 fnGround=0 omega=29.38 | ftGround=0N target=77.6 limit=56Nm motorNm=56 tyreNm=0 inertia=1.78 limRot=0/25/0 omegaPre=29.07 posN=12/-7/0 susp=0.0077 springN=-35
INFO 2026-07-27 15:27:19.036 joltshadow - docs §70.1: slipdense (player) f=1076 w=2 grounded=0 kappa=0.000 fnGround=0 omega=26.93 | ftGround=0N target=77.6 limit=56Nm motorNm=56 tyreNm=0 inertia=1.82 limRot=0/6/2 omegaPre=26.62 posN=-10/9/0 susp=0.0050 springN=-7
INFO 2026-07-27 15:27:19.036 joltshadow - docs §70.1: slipdense (player) f=1076 w=3 grounded=0 kappa=0.000 fnGround=0 omega=27.05 | ftGround=0N target=77.6 limit=56Nm motorNm=56 tyreNm=0 inertia=1.82 limRot=0/6/2 omegaPre=26.75 posN=-12/-4/0 susp=0.0063 springN=-88
INFO 2026-07-27 15:27:19.036 joltshadow - docs §78: attdense (player) f=1076 joltTilt=3.46 odeTilt=1.29 upDelta=2.48 wBody=(-0.12,-0.26,-0.09) |w|=0.30 grounded=0
INFO 2026-07-27 15:27:19.073 joltshadow - docs §70.1: slipdense (player) f=1080 w=0 grounded=0 kappa=0.000 fnGround=0 omega=30.82 | ftGround=0N target=77.6 limit=56Nm motorNm=56 tyreNm=0 inertia=1.78 limRot=0/104/0 omegaPre=30.54 posN=-2/-3/0 susp=0.0008 springN=2
INFO 2026-07-27 15:27:19.073 joltshadow - docs §70.1: slipdense (player) f=1080 w=1 grounded=0 kappa=0.000 fnGround=0 omega=30.94 | ftGround=0N target=77.6 limit=56Nm motorNm=56 tyreNm=0 inertia=1.78 limRot=0/109/0 omegaPre=30.66 posN=-3/-3/0 susp=0.0056 springN=-8
INFO 2026-07-27 15:27:19.073 joltshadow - docs §70.1: slipdense (player) f=1080 w=2 grounded=0 kappa=0.000 fnGround=0 omega=28.46 | ftGround=0N target=77.6 limit=56Nm motorNm=56 tyreNm=0 inertia=1.82 limRot=0/6/2 omegaPre=28.18 posN=-3/1/0 susp=0.0009 springN=17
INFO 2026-07-27 15:27:19.073 joltshadow - docs §70.1: slipdense (player) f=1080 w=3 grounded=0 kappa=0.000 fnGround=0 omega=28.58 | ftGround=0N target=77.6 limit=56Nm motorNm=56 tyreNm=0 inertia=1.82 limRot=0/6/2 omegaPre=28.31 posN=-5/-0/0 susp=0.0067 springN=-13
INFO 2026-07-27 15:27:19.073 joltshadow - docs §78: attdense (player) f=1080 joltTilt=3.80 odeTilt=1.62 upDelta=2.32 wBody=(-0.14,-0.26,-0.11) |w|=0.31 grounded=0
INFO 2026-07-27 15:27:19.073 joltshadow - Shadow divergence (player): pos=2.263m vel=1.627m/s angle=3.9deg (jolt com=[4666.3 260.3 1242.0] ode com=[4666.2 258.0 1241.8])
INFO 2026-07-27 15:27:19.073 joltshadow - docs §23.6: driver input (player) realThrottle=1.00 brake=0.01 handBrake=0 steerRad=0.000
INFO 2026-07-27 15:27:19.073 joltshadow - docs §32: Jolt SHADOW chassis pitch (player) forward=(-0.169, 0.054, -0.984)
INFO 2026-07-27 15:27:19.073 joltshadow - docs §69: tilt (player) jolt=3.8 deg ode=1.6 deg delta=+2.2 deg upDelta=2.32 deg
INFO 2026-07-27 15:27:19.073 joltshadow - docs §32.4: Jolt SHADOW chassis lowest corner (player) = (4665.41,258.69,1245.33) clearanceToGround=0.694
INFO 2026-07-27 15:27:19.073 joltshadow - docs §23.5: wheel state (player) wheel=0 contact=0 suspLen=1.050 (range 0.050-1.050, 0% compressed) angVel=0.00
INFO 2026-07-27 15:27:19.073 joltshadow - docs §38.11: wheel=0 NO contact, worldAxle=(0.985,0.038,-0.167)
INFO 2026-07-27 15:27:19.073 joltshadow - docs §32: no-contact raycast (player) wheel=0 bodyPos=(4666.26,259.52,1241.61) localMPos=(-1.155,0.060,2.270) origin=(4667.02,259.75,1239.18) dir=(0.028,-0.998,-0.060) normalRayLen=1.679 groundFoundAt=0.000 shortfallBeyondTravel=-1.679 hitBody=8391044 hitLayer=4 hitMotion=2 hitIsSelfChassis=0
INFO 2026-07-27 15:27:19.073 joltshadow - docs §23.5: wheel state (player) wheel=1 contact=0 suspLen=1.050 (range 0.050-1.050, 0% compressed) angVel=0.00
INFO 2026-07-27 15:27:19.073 joltshadow - docs §38.11: wheel=1 NO contact, worldAxle=(0.985,0.038,-0.167)
INFO 2026-07-27 15:27:19.074 joltshadow - docs §32: no-contact raycast (player) wheel=1 bodyPos=(4666.26,259.52,1241.61) localMPos=(1.155,0.059,2.270) origin=(4664.74,259.66,1239.57) dir=(0.028,-0.998,-0.060) normalRayLen=1.679 groundFoundAt=0.000 shortfallBeyondTravel=-1.679 hitBody=8391045 hitLayer=4 hitMotion=2 hitIsSelfChassis=0
INFO 2026-07-27 15:27:19.074 joltshadow - docs §23.5: wheel state (player) wheel=2 contact=0 suspLen=1.050 (range 0.050-1.050, 0% compressed) angVel=0.00
INFO 2026-07-27 15:27:19.074 joltshadow - docs §38.11: wheel=2 NO contact, worldAxle=(0.985,0.038,-0.167)
INFO 2026-07-27 15:27:19.074 joltshadow - docs §32: no-contact raycast (player) wheel=2 bodyPos=(4666.26,259.52,1241.61) localMPos=(-1.253,0.145,-2.062) origin=(4667.84,259.60,1243.43) dir=(0.028,-0.998,-0.060) normalRayLen=1.685 groundFoundAt=0.005 shortfallBeyondTravel=-1.680 hitBody=8391046 hitLayer=4 hitMotion=2 hitIsSelfChassis=0
INFO 2026-07-27 15:27:19.074 joltshadow - docs §23.5: wheel state (player) wheel=3 contact=0 suspLen=1.050 (range 0.050-1.050, 0% compressed) angVel=0.00
INFO 2026-07-27 15:27:19.074 joltshadow - docs §38.11: wheel=3 NO contact, worldAxle=(0.985,0.038,-0.167)
INFO 2026-07-27 15:27:19.074 joltshadow - docs §32: no-contact raycast (player) wheel=3 bodyPos=(4666.26,259.52,1241.61) localMPos=(1.253,0.146,-2.062) origin=(4665.37,259.51,1243.85) dir=(0.028,-0.998,-0.060) normalRayLen=1.685 groundFoundAt=0.012 shortfallBeyondTravel=-1.674 hitBody=8391047 hitLayer=4 hitMotion=2 hitIsSelfChassis=0
INFO 2026-07-27 15:27:19.074 joltshadow - docs §59/63: harvest (player) wheelsWithContact=0 contactPoints=0 overflow=0 (of 4) | maxNormalF=0N bound(k_t*tau)=0N ratio=0.00
INFO 2026-07-27 15:27:19.074 joltshadow - docs §58: wheel body (player) w=0 springF=2N stopF=0N travel=0.0008 (limits -0.5000..0.5000 rel spawn) kSusp=6000 sagPredicted=0.0003 | frameTrav=0.0008..0.0011 frameStopN=0
INFO 2026-07-27 15:27:19.074 joltshadow - docs §66: tyre band (player) w=0 fnGround=0N fnTotal=0N pen=0.00000 penRaw=0.00000 tau=0.01000 pen/tau=0.00 | recs tyre=0 rim=0 survived=0 stale=0 distMax=0.00R
INFO 2026-07-27 15:27:19.074 joltshadow - docs §68: steer (player) w=0 steerable=1 commanded=0.000 rad measured=0.008 rad err=0.45 deg steerSign=-1 steerTq=106Nm cap=815Nm sat=0.13
INFO 2026-07-27 15:27:19.074 joltshadow - docs §70: slip (player) w=0 grounded=0 kappa=0.000 fnGround=0N omega=30.82
INFO 2026-07-27 15:27:19.074 joltshadow - docs §67: spin (player) w=0 driven=1 omega=30.82 rad/s surfaceSpeed=19.39 m/s spinSign=+1 motorTq=56Nm cmdTq=56Nm
INFO 2026-07-27 15:27:19.074 joltshadow - docs §58: wheel body (player) w=1 springF=-8N stopF=0N travel=0.0056 (limits -0.5000..0.5000 rel spawn) kSusp=6000 sagPredicted=-0.0013 | frameTrav=0.0056..0.0060 frameStopN=0
INFO 2026-07-27 15:27:19.074 joltshadow - docs §66: tyre band (player) w=1 fnGround=0N fnTotal=0N pen=0.00000 penRaw=0.00000 tau=0.01000 pen/tau=0.00 | recs tyre=0 rim=0 survived=0 stale=0 distMax=0.00R
INFO 2026-07-27 15:27:19.074 joltshadow - docs §68: steer (player) w=1 steerable=1 commanded=0.000 rad measured=0.009 rad err=0.53 deg steerSign=-1 steerTq=110Nm cap=815Nm sat=0.14
INFO 2026-07-27 15:27:19.074 joltshadow - docs §70: slip (player) w=1 grounded=0 kappa=0.000 fnGround=0N omega=30.94
INFO 2026-07-27 15:27:19.074 joltshadow - docs §67: spin (player) w=1 driven=1 omega=30.94 rad/s surfaceSpeed=19.47 m/s spinSign=+1 motorTq=56Nm cmdTq=56Nm
INFO 2026-07-27 15:27:19.074 joltshadow - docs §58: wheel body (player) w=2 springF=17N stopF=0N travel=0.0009 (limits -0.5000..0.5000 rel spawn) kSusp=6000 sagPredicted=0.0029 | frameTrav=0.0009..0.0016 frameStopN=0
INFO 2026-07-27 15:27:19.074 joltshadow - docs §66: tyre band (player) w=2 fnGround=0N fnTotal=0N pen=0.00000 penRaw=0.00000 tau=0.01000 pen/tau=0.00 | recs tyre=0 rim=0 survived=0 stale=0 distMax=0.00R
INFO 2026-07-27 15:27:19.074 joltshadow - docs §68: steer (player) w=2 steerable=0 commanded=0.000 rad measured=0.000 rad err=0.00 deg steerSign=-1 steerTq=0Nm cap=340282346638528859811704183484516925440Nm sat=0.00
INFO 2026-07-27 15:27:19.074 joltshadow - docs §70: slip (player) w=2 grounded=0 kappa=0.000 fnGround=0N omega=28.46
INFO 2026-07-27 15:27:19.074 joltshadow - docs §67: spin (player) w=2 driven=1 omega=28.46 rad/s surfaceSpeed=18.08 m/s spinSign=+1 motorTq=56Nm cmdTq=56Nm
INFO 2026-07-27 15:27:19.075 joltshadow - docs §58: wheel body (player) w=3 springF=-13N stopF=0N travel=0.0067 (limits -0.5000..0.5000 rel spawn) kSusp=6000 sagPredicted=-0.0022 | frameTrav=0.0067..0.0071 frameStopN=0
INFO 2026-07-27 15:27:19.075 joltshadow - docs §66: tyre band (player) w=3 fnGround=0N fnTotal=0N pen=0.00000 penRaw=0.00000 tau=0.01000 pen/tau=0.00 | recs tyre=0 rim=0 survived=0 stale=0 distMax=0.00R
INFO 2026-07-27 15:27:19.075 joltshadow - docs §68: steer (player) w=3 steerable=0 commanded=0.000 rad measured=0.000 rad err=0.00 deg steerSign=-1 steerTq=0Nm cap=340282346638528859811704183484516925440Nm sat=0.00
INFO 2026-07-27 15:27:19.075 joltshadow - docs §70: slip (player) w=3 grounded=0 kappa=0.000 fnGround=0N omega=28.58
INFO 2026-07-27 15:27:19.075 joltshadow - docs §67: spin (player) w=3 driven=1 omega=28.58 rad/s surfaceSpeed=18.16 m/s spinSign=+1 motorTq=56Nm cmdTq=56Nm
INFO 2026-07-27 15:27:19.075 joltshadow - docs §67: drivetrain (player) gear=2 rpm=3793 driveTorque=225Nm perWheel=56Nm driven=4 throttle=1.00 spin=1 | PRE-STEP brake=0.01 handBrake=0
INFO 2026-07-27 15:27:19.075 joltshadow - docs §66: tyre band SUM (player) fnGroundSum=0N fnTotalSum=0N weight=942N carried=0.00 | penSum=0.00000 recs tyre=0 rim=0 stale=0
INFO 2026-07-27 15:27:19.075 joltshadow - docs §30: REAL ODE chassis COM (player) body=54C8BDB0 = (4666.246, 258.001, 1241.830) forward=(-0.223, 0.027, -0.975)
INFO 2026-07-27 15:27:19.075 joltshadow - docs §33: real ODE chassis geom (player) #1 = class 0 (not a transform) pos=(4666.246,258.001,1241.830) radius=4.500
INFO 2026-07-27 15:27:19.075 joltshadow - docs §33: real ODE chassis geom (player) #2 = transform, inner class=1 pos=(0.000,1.095,-0.495)
INFO 2026-07-27 15:27:19.075 joltshadow - docs §33: real ODE chassis geom (player) #3 = transform, inner class=1 pos=(0.353,3.466,0.718)
INFO 2026-07-27 15:27:19.075 joltshadow - docs §33: real ODE chassis geom (player) #4 = transform, inner class=1 pos=(0.000,1.818,1.842)
INFO 2026-07-27 15:27:19.075 joltshadow - docs §33: real ODE chassis geom (player) #5 = transform, inner class=1 pos=(0.006,1.981,-2.113)
INFO 2026-07-27 15:27:19.075 joltshadow - docs §33: real ODE chassis geom (player) #6 = class 0 (not a transform) pos=(4666.246,258.001,1241.830) radius=30.000
INFO 2026-07-27 15:27:19.075 joltshadow - docs §33: real ODE chassis geom (player) #7 = class 0 (not a transform) pos=(4666.246,258.001,1241.830) radius=6.436
INFO 2026-07-27 15:27:19.075 joltshadow - docs §33: real ODE chassis geom (player) #8 = class 0 (not a transform) pos=(4666.246,258.001,1241.830) radius=200.000
INFO 2026-07-27 15:27:19.075 joltshadow - docs §33: real ODE chassis (player) has 8 total geom(s) directly attached (4 transform(s)) - compare against BuildChassisCompoundShape's own part/geom count in the build log
INFO 2026-07-27 15:27:19.075 joltshadow - docs §28: REAL ODE wheel state (player) wheel=0 displacement=0.0789 range=1.000 (8% compressed, signed) foreAft=2.270 localZ=2.270 cfm=0.002500 erp=0.2500
INFO 2026-07-27 15:27:19.075 joltshadow - docs §28: REAL ODE wheel state (player) wheel=1 displacement=0.0321 range=1.000 (3% compressed, signed) foreAft=2.270 localZ=2.270 cfm=0.002500 erp=0.2500
INFO 2026-07-27 15:27:19.075 joltshadow - docs §28: REAL ODE wheel state (player) wheel=2 displacement=0.0290 range=1.000 (3% compressed, signed) foreAft=-2.062 localZ=-2.062 cfm=0.002500 erp=0.2500
INFO 2026-07-27 15:27:19.075 joltshadow - docs §28: REAL ODE wheel state (player) wheel=3 displacement=0.0501 range=1.000 (5% compressed, signed) foreAft=-2.062 localZ=-2.062 cfm=0.002500 erp=0.2500
INFO 2026-07-27 15:27:19.110 joltshadow - docs §70.1: slipdense (player) f=1084 w=0 grounded=0 kappa=0.000 fnGround=0 omega=32.45 | ftGround=0N target=77.6 limit=56Nm motorNm=56 tyreNm=0 inertia=1.78 limRot=0/-12/0 omegaPre=32.17 posN=0/-6/0 susp=0.0002 springN=-5
INFO 2026-07-27 15:27:19.110 joltshadow - docs §70.1: slipdense (player) f=1084 w=1 grounded=0 kappa=0.000 fnGround=0 omega=32.57 | ftGround=0N target=77.6 limit=56Nm motorNm=56 tyreNm=0 inertia=1.78 limRot=0/-34/0 omegaPre=32.29 posN=-1/-1/0 susp=0.0038 springN=-7
INFO 2026-07-27 15:27:19.111 joltshadow - docs §70.1: slipdense (player) f=1084 w=2 grounded=0 kappa=0.000 fnGround=0 omega=30.06 | ftGround=0N target=77.6 limit=56Nm motorNm=56 tyreNm=0 inertia=1.82 limRot=0/8/2 omegaPre=29.78 posN=9/-3/0 susp=-0.0020 springN=21
INFO 2026-07-27 15:27:19.111 joltshadow - docs §70.1: slipdense (player) f=1084 w=3 grounded=0 kappa=0.000 fnGround=0 omega=30.18 | ftGround=0N target=77.6 limit=56Nm motorNm=56 tyreNm=0 inertia=1.82 limRot=0/8/3 omegaPre=29.91 posN=7/2/0 susp=0.0035 springN=9
INFO 2026-07-27 15:27:19.111 joltshadow - docs §78: attdense (player) f=1084 joltTilt=4.18 odeTilt=2.30 upDelta=2.04 wBody=(-0.16,-0.26,-0.10) |w|=0.32 grounded=0
INFO 2026-07-27 15:27:19.148 joltshadow - docs §70.1: slipdense (player) f=1088 w=0 grounded=0 kappa=0.000 fnGround=0 omega=33.98 | ftGround=0N target=77.6 limit=56Nm motorNm=56 tyreNm=0 inertia=1.78 limRot=0/-871/0 omegaPre=33.66 posN=-2/-23/0 susp=-0.0006 springN=11
INFO 2026-07-27 15:27:19.149 joltshadow - docs §70.1: slipdense (player) f=1088 w=1 grounded=0 kappa=0.000 fnGround=0 omega=34.06 | ftGround=0N target=77.6 limit=56Nm motorNm=56 tyreNm=0 inertia=1.78 limRot=0/-1058/0 omegaPre=33.77 posN=-3/9/0 susp=0.0038 springN=-24
INFO 2026-07-27 15:27:19.149 joltshadow - docs §70.1: slipdense (player) f=1088 w=2 grounded=0 kappa=0.000 fnGround=0 omega=31.60 | ftGround=0N target=77.6 limit=56Nm motorNm=56 tyreNm=0 inertia=1.82 limRot=0/12/2 omegaPre=31.26 posN=57/-20/0 susp=-0.0037 springN=31
INFO 2026-07-27 15:27:19.149 joltshadow - docs §70.1: slipdense (player) f=1088 w=3 grounded=0 kappa=0.000 fnGround=0 omega=31.72 | ftGround=0N target=77.6 limit=56Nm motorNm=56 tyreNm=0 inertia=1.82 limRot=0/12/2 omegaPre=31.38 posN=56/15/0 susp=0.0021 springN=-8
INFO 2026-07-27 15:27:19.149 joltshadow - docs §78: attdense (player) f=1088 joltTilt=4.56 odeTilt=3.16 upDelta=1.79 wBody=(-0.17,-0.29,-0.03) |w|=0.34 grounded=0
INFO 2026-07-27 15:27:19.195 joltshadow - docs §70.1: slipdense (player) f=1092 w=0 grounded=0 kappa=0.000 fnGround=0 omega=35.65 | ftGround=0N target=77.6 limit=56Nm motorNm=56 tyreNm=0 inertia=1.78 limRot=0/-334/0 omegaPre=35.28 posN=16/21/0 susp=-0.0026 springN=3
INFO 2026-07-27 15:27:19.197 joltshadow - docs §70.1: slipdense (player) f=1092 w=1 grounded=0 kappa=0.000 fnGround=0 omega=35.75 | ftGround=0N target=77.6 limit=56Nm motorNm=56 tyreNm=0 inertia=1.78 limRot=0/-95/0 omegaPre=35.41 posN=15/-20/0 susp=0.0044 springN=-16
INFO 2026-07-27 15:27:19.198 joltshadow - docs §70.1: slipdense (player) f=1092 w=2 grounded=0 kappa=0.000 fnGround=0 omega=33.51 | ftGround=0N target=77.6 limit=56Nm motorNm=56 tyreNm=0 inertia=1.82 limRot=0/4/-3 omegaPre=33.14 posN=-59/26/0 susp=-0.0049 springN=15
INFO 2026-07-27 15:27:19.198 joltshadow - docs §70.1: slipdense (player) f=1092 w=3 grounded=0 kappa=0.000 fnGround=0 omega=33.63 | ftGround=0N target=77.6 limit=56Nm motorNm=56 tyreNm=0 inertia=1.82 limRot=0/4/-3 omegaPre=33.26 posN=-60/-18/0 susp=0.0030 springN=-3
INFO 2026-07-27 15:27:19.198 joltshadow - docs §78: attdense (player) f=1092 joltTilt=4.89 odeTilt=4.30 upDelta=1.61 wBody=(-0.18,-0.23,0.04) |w|=0.30 grounded=0
INFO 2026-07-27 15:27:19.233 joltshadow - docs §70.1: slipdense (player) f=1096 w=0 grounded=0 kappa=0.000 fnGround=0 omega=36.91 | ftGround=0N target=77.6 limit=56Nm motorNm=56 tyreNm=0 inertia=1.78 limRot=0/-27/0 omegaPre=36.69 posN=-28/-12/0 susp=0.0023 springN=-55
INFO 2026-07-27 15:27:19.233 joltshadow - docs §70.1: slipdense (player) f=1096 w=1 grounded=0 kappa=0.000 fnGround=0 omega=37.02 | ftGround=0N target=77.6 limit=56Nm motorNm=56 tyreNm=0 inertia=1.78 limRot=0/-111/0 omegaPre=36.79 posN=-29/3/0 susp=0.0016 springN=22
INFO 2026-07-27 15:27:19.233 joltshadow - docs §70.1: slipdense (player) f=1096 w=2 grounded=0 kappa=0.000 fnGround=0 omega=35.14 | ftGround=0N target=77.6 limit=56Nm motorNm=56 tyreNm=0 inertia=1.82 limRot=0/6/4 omegaPre=34.89 posN=-1/-9/0 susp=-0.0011 springN=-31
INFO 2026-07-27 15:27:19.233 joltshadow - docs §70.1: slipdense (player) f=1096 w=3 grounded=0 kappa=0.000 fnGround=0 omega=35.26 | ftGround=0N target=77.6 limit=56Nm motorNm=56 tyreNm=0 inertia=1.82 limRot=0/6/4 omegaPre=35.02 posN=-2/7/0 susp=-0.0019 springN=54
INFO 2026-07-27 15:27:19.233 joltshadow - docs §78: attdense (player) f=1096 joltTilt=5.35 odeTilt=5.26 upDelta=1.96 wBody=(-0.21,-0.24,-0.13) |w|=0.34 grounded=0
INFO 2026-07-27 15:27:19.261 joltshadow - docs §70.1: slipdense (player) f=1100 w=0 grounded=0 kappa=0.000 fnGround=0 omega=38.08 | ftGround=0N target=77.6 limit=56Nm motorNm=56 tyreNm=0 inertia=1.78 limRot=0/-375/0 omegaPre=37.89 posN=3/-1/0 susp=0.0044 springN=-39
INFO 2026-07-27 15:27:19.261 joltshadow - docs §70.1: slipdense (player) f=1100 w=1 grounded=0 kappa=0.000 fnGround=0 omega=38.19 | ftGround=0N target=77.6 limit=56Nm motorNm=56 tyreNm=0 inertia=1.78 limRot=0/-347/0 omegaPre=38.01 posN=2/-9/0 susp=0.0003 springN=11
INFO 2026-07-27 15:27:19.261 joltshadow - docs §70.1: slipdense (player) f=1100 w=2 grounded=0 kappa=0.000 fnGround=0 omega=36.31 | ftGround=0N target=77.6 limit=56Nm motorNm=56 tyreNm=0 inertia=1.82 limRot=0/7/5 omegaPre=36.12 posN=-14/4/0 susp=0.0007 springN=-19
INFO 2026-07-27 15:27:19.261 joltshadow - docs §70.1: slipdense (player) f=1100 w=3 grounded=0 kappa=0.000 fnGround=0 omega=36.43 | ftGround=0N target=77.6 limit=56Nm motorNm=56 tyreNm=0 inertia=1.82 limRot=0/7/5 omegaPre=36.25 posN=-15/-5/0 susp=-0.0039 springN=36
INFO 2026-07-27 15:27:19.261 joltshadow - docs §78: attdense (player) f=1100 joltTilt=5.75 odeTilt=5.91 upDelta=2.38 wBody=(-0.22,-0.24,-0.15) |w|=0.36 grounded=0
INFO 2026-07-27 15:27:19.296 joltshadow - docs §70.1: slipdense (player) f=1104 w=0 grounded=0 kappa=0.000 fnGround=0 omega=39.34 | ftGround=0N target=77.6 limit=56Nm motorNm=56 tyreNm=0 inertia=1.78 limRot=0/328/0 omegaPre=39.10 posN=-25/0/0 susp=0.0050 springN=-42
INFO 2026-07-27 15:27:19.296 joltshadow - docs §70.1: slipdense (player) f=1104 w=1 grounded=0 kappa=0.000 fnGround=0 omega=39.36 | ftGround=0N target=77.6 limit=56Nm motorNm=56 tyreNm=0 inertia=1.78 limRot=0/572/0 omegaPre=39.18 posN=-26/-18/0 susp=-0.0007 springN=28
INFO 2026-07-27 15:27:19.296 joltshadow - docs §70.1: slipdense (player) f=1104 w=2 grounded=0 kappa=0.000 fnGround=0 omega=37.66 | ftGround=0N target=77.6 limit=56Nm motorNm=56 tyreNm=0 inertia=1.82 limRot=0/2/7 omegaPre=37.35 posN=-61/5/0 susp=0.0017 springN=-34
INFO 2026-07-27 15:27:19.296 joltshadow - docs §70.1: slipdense (player) f=1104 w=3 grounded=0 kappa=0.000 fnGround=0 omega=37.79 | ftGround=0N target=77.6 limit=56Nm motorNm=56 tyreNm=0 inertia=1.82 limRot=0/2/7 omegaPre=37.48 posN=-63/-14/0 susp=-0.0046 springN=42
INFO 2026-07-27 15:27:19.296 joltshadow - docs §78: attdense (player) f=1104 joltTilt=6.31 odeTilt=6.65 upDelta=2.99 wBody=(-0.23,-0.21,-0.25) |w|=0.40 grounded=0
INFO 2026-07-27 15:27:19.296 joltshadow - docs §82: resync (player) #25 dt=0.51s upMax=2.986 deg posMax=1.136 m odeTiltPath=5.498 deg gain=0.5430
INFO 2026-07-27 15:27:19.297 joltshadow - docs §87: resync landing (player) w=0 pre=0.4465 post=0.0031 m R=0.629 dY=-1.0614 dRotDeg=6.95 |corr|=1.0785 m
INFO 2026-07-27 15:27:19.297 joltshadow - docs §87: resync landing (player) w=1 pre=0.3708 post=0.0064 m R=0.629 dY=-1.0614 dRotDeg=6.95 |corr|=1.0785 m
INFO 2026-07-27 15:27:19.297 joltshadow - docs §87: resync landing (player) w=2 pre=0.4746 post=-0.0040 m R=0.635 dY=-1.0614 dRotDeg=6.95 |corr|=1.0785 m
INFO 2026-07-27 15:27:19.297 joltshadow - docs §87: resync landing (player) w=3 pre=0.3581 post=-0.0078 m R=0.635 dY=-1.0614 dRotDeg=6.95 |corr|=1.0785 m
INFO 2026-07-27 15:27:19.297 joltshadow - docs §82: resync RESIDUAL (player) #25 pos=0.0000 m up=0.0198 deg
INFO 2026-07-27 15:27:19.338 joltshadow - docs §70.1: slipdense (player) f=1108 w=0 grounded=1 kappa=0.011 fnGround=1183 omega=22.28 | ftGround=233N target=29.1 limit=149Nm motorNm=149 tyreNm=-98 inertia=1.78 limRot=0/4218/-975 omegaPre=22.80 posN=1526/883/0 susp=-0.4173 springN=1014
INFO 2026-07-27 15:27:19.338 joltshadow - docs §70.1: slipdense (player) f=1108 w=1 grounded=1 kappa=0.005 fnGround=1175 omega=23.86 | ftGround=119N target=29.1 limit=149Nm motorNm=149 tyreNm=-35 inertia=1.78 limRot=0/4942/-380 omegaPre=23.30 posN=1666/1443/0 susp=-0.3955 springN=1549
INFO 2026-07-27 15:27:19.338 joltshadow - docs §70.1: slipdense (player) f=1108 w=2 grounded=1 kappa=0.071 fnGround=2947 omega=22.31 | ftGround=1670N target=29.1 limit=149Nm motorNm=149 tyreNm=-1441 inertia=1.82 limRot=0/-1324/410 omegaPre=24.61 posN=-2239/-1976/0 susp=-0.4450 springN=1224
INFO 2026-07-27 15:27:19.338 joltshadow - docs §70.1: slipdense (player) f=1108 w=3 grounded=1 kappa=-0.139 fnGround=581 omega=23.32 | ftGround=-1011N target=29.1 limit=149Nm motorNm=149 tyreNm=644 inertia=1.82 limRot=0/-264/-26 omegaPre=21.19 posN=-344/975/0 susp=-0.4853 springN=1783
INFO 2026-07-27 15:27:19.338 joltshadow - docs §78: attdense (player) f=1108 joltTilt=7.19 odeTilt=7.55 upDelta=0.50 wBody=(-0.35,-0.60,-0.54) |w|=0.88 grounded=4
INFO 2026-07-27 15:27:19.373 joltshadow - docs §70.1: slipdense (player) f=1112 w=0 grounded=1 kappa=0.013 fnGround=273 omega=22.46 | ftGround=80N target=46.5 limit=93Nm motorNm=93 tyreNm=-37 inertia=1.78 limRot=0/1422/0 omegaPre=22.20 posN=249/82/0 susp=-0.2395 springN=-41
INFO 2026-07-27 15:27:19.373 joltshadow - docs §70.1: slipdense (player) f=1112 w=1 grounded=1 kappa=-0.036 fnGround=554 omega=27.00 | ftGround=-435N target=46.5 limit=93Nm motorNm=93 tyreNm=282 inertia=1.78 limRot=0/1830/0 omegaPre=25.04 posN=451/865/0 susp=-0.2705 springN=476
INFO 2026-07-27 15:27:19.373 joltshadow - docs §70.1: slipdense (player) f=1112 w=2 grounded=1 kappa=0.017 fnGround=660 omega=21.53 | ftGround=245N target=46.5 limit=93Nm motorNm=93 tyreNm=-126 inertia=1.82 limRot=0/-136/6 omegaPre=21.74 posN=-230/-347/0 susp=-0.3018 springN=455
INFO 2026-07-27 15:27:19.373 joltshadow - docs §70.1: slipdense (player) f=1112 w=3 grounded=1 kappa=0.013 fnGround=878 omega=26.28 | ftGround=247N target=46.5 limit=93Nm motorNm=93 tyreNm=-107 inertia=1.82 limRot=0/-20/10 omegaPre=26.28 posN=-64/-317/0 susp=-0.3250 springN=582
INFO 2026-07-27 15:27:19.373 joltshadow - docs §78: attdense (player) f=1112 joltTilt=8.04 odeTilt=8.22 upDelta=1.59 wBody=(-0.28,-0.94,-0.70) |w|=1.21 grounded=4
INFO 2026-07-27 15:27:19.411 joltshadow - docs §70.1: slipdense (player) f=1116 w=0 grounded=0 kappa=0.000 fnGround=0 omega=24.20 | ftGround=0N target=46.5 limit=93Nm motorNm=93 tyreNm=0 inertia=1.78 limRot=0/-256/0 omegaPre=23.75 posN=32/-11/0 susp=-0.0841 springN=-392
INFO 2026-07-27 15:27:19.411 joltshadow - docs §70.1: slipdense (player) f=1116 w=1 grounded=0 kappa=0.000 fnGround=0 omega=29.57 | ftGround=0N target=46.5 limit=93Nm motorNm=93 tyreNm=0 inertia=1.78 limRot=0/49/0 omegaPre=29.10 posN=8/-42/0 susp=-0.1153 springN=-350
INFO 2026-07-27 15:27:19.412 joltshadow - docs §70.1: slipdense (player) f=1116 w=2 grounded=0 kappa=0.000 fnGround=0 omega=22.71 | ftGround=0N target=46.5 limit=93Nm motorNm=93 tyreNm=0 inertia=1.82 limRot=0/21/6 omegaPre=22.25 posN=-41/29/0 susp=-0.1385 springN=-294
INFO 2026-07-27 15:27:19.412 joltshadow - docs §70.1: slipdense (player) f=1116 w=3 grounded=1 kappa=0.019 fnGround=372 omega=25.25 | ftGround=162N target=46.5 limit=93Nm motorNm=93 tyreNm=-88 inertia=1.82 limRot=0/230/25 omegaPre=25.24 posN=276/-184/0 susp=-0.2017 springN=259
INFO 2026-07-27 15:27:19.412 joltshadow - docs §78: attdense (player) f=1116 joltTilt=8.79 odeTilt=8.80 upDelta=2.14 wBody=(-0.17,-0.92,-0.37) |w|=1.00 grounded=1
INFO 2026-07-27 15:27:19.445 joltshadow - docs §70.1: slipdense (player) f=1120 w=0 grounded=0 kappa=0.000 fnGround=0 omega=25.64 | ftGround=0N target=77.6 limit=56Nm motorNm=56 tyreNm=0 inertia=1.78 limRot=0/28/0 omegaPre=25.39 posN=11/-31/0 susp=-0.0181 springN=-250
INFO 2026-07-27 15:27:19.445 joltshadow - docs §70.1: slipdense (player) f=1120 w=1 grounded=0 kappa=0.000 fnGround=0 omega=31.01 | ftGround=0N target=77.6 limit=56Nm motorNm=56 tyreNm=0 inertia=1.78 limRot=0/30/0 omegaPre=30.76 posN=-11/-29/0 susp=-0.0299 springN=-327
INFO 2026-07-27 15:27:19.445 joltshadow - docs §70.1: slipdense (player) f=1120 w=2 grounded=0 kappa=0.000 fnGround=0 omega=24.13 | ftGround=0N target=77.6 limit=56Nm motorNm=56 tyreNm=0 inertia=1.82 limRot=0/21/6 omegaPre=23.88 posN=5/4/0 susp=-0.0430 springN=-348
INFO 2026-07-27 15:27:19.445 joltshadow - docs §70.1: slipdense (player) f=1120 w=3 grounded=0 kappa=0.000 fnGround=0 omega=26.02 | ftGround=0N target=77.6 limit=56Nm motorNm=56 tyreNm=0 inertia=1.82 limRot=0/22/7 omegaPre=25.77 posN=-19/5/0 susp=-0.1026 springN=-161
INFO 2026-07-27 15:27:19.446 joltshadow - docs §78: attdense (player) f=1120 joltTilt=9.23 odeTilt=9.00 upDelta=2.36 wBody=(-0.11,-0.90,-0.31) |w|=0.96 grounded=0
INFO 2026-07-27 15:27:19.489 joltshadow - docs §70.1: slipdense (player) f=1124 w=0 grounded=0 kappa=0.000 fnGround=0 omega=27.41 | ftGround=0N target=77.6 limit=56Nm motorNm=56 tyreNm=0 inertia=1.78 limRot=0/34/0 omegaPre=27.03 posN=1/-20/0 susp=0.0047 springN=-84
INFO 2026-07-27 15:27:19.490 joltshadow - docs §70.1: slipdense (player) f=1124 w=1 grounded=0 kappa=0.000 fnGround=0 omega=32.78 | ftGround=0N target=77.6 limit=56Nm motorNm=56 tyreNm=0 inertia=1.78 limRot=0/19/0 omegaPre=32.40 posN=-19/-22/0 susp=0.0072 springN=-132
INFO 2026-07-27 15:27:19.490 joltshadow - docs §70.1: slipdense (player) f=1124 w=2 grounded=0 kappa=0.000 fnGround=0 omega=25.86 | ftGround=0N target=77.6 limit=56Nm motorNm=56 tyreNm=0 inertia=1.82 limRot=0/20/7 omegaPre=25.49 posN=-5/12/0 susp=0.0025 springN=-154
INFO 2026-07-27 15:27:19.490 joltshadow - docs §70.1: slipdense (player) f=1124 w=3 grounded=0 kappa=0.000 fnGround=0 omega=27.75 | ftGround=0N target=77.6 limit=56Nm motorNm=56 tyreNm=0 inertia=1.82 limRot=0/22/8 omegaPre=27.38 posN=-30/13/0 susp=-0.0237 springN=-199
INFO 2026-07-27 15:27:19.490 joltshadow - docs §78: attdense (player) f=1124 joltTilt=9.76 odeTilt=8.90 upDelta=2.88 wBody=(-0.12,-0.90,-0.34) |w|=0.97 grounded=0
INFO 2026-07-27 15:27:19.533 joltshadow - docs §70.1: slipdense (player) f=1128 w=0 grounded=0 kappa=0.000 fnGround=0 omega=29.30 | ftGround=0N target=77.6 limit=56Nm motorNm=56 tyreNm=0 inertia=1.78 limRot=0/-6/0 omegaPre=29.02 posN=4/-22/0 susp=0.0058 springN=-27
INFO 2026-07-27 15:27:19.533 joltshadow - docs §70.1: slipdense (player) f=1128 w=1 grounded=0 kappa=0.000 fnGround=0 omega=34.67 | ftGround=0N target=77.6 limit=56Nm motorNm=56 tyreNm=0 inertia=1.78 limRot=0/19/0 omegaPre=34.39 posN=-15/-21/0 susp=0.0089 springN=-25
INFO 2026-07-27 15:27:19.533 joltshadow - docs §70.1: slipdense (player) f=1128 w=2 grounded=0 kappa=0.000 fnGround=0 omega=27.71 | ftGround=0N target=77.6 limit=56Nm motorNm=56 tyreNm=0 inertia=1.82 limRot=0/22/9 omegaPre=27.44 posN=2/10/0 susp=0.0067 springN=-19
INFO 2026-07-27 15:27:19.533 joltshadow - docs §70.1: slipdense (player) f=1128 w=3 grounded=0 kappa=0.000 fnGround=0 omega=29.61 | ftGround=0N target=77.6 limit=56Nm motorNm=56 tyreNm=0 inertia=1.82 limRot=0/23/10 omegaPre=29.33 posN=-22/11/0 susp=0.0025 springN=-76
INFO 2026-07-27 15:27:19.533 joltshadow - docs §78: attdense (player) f=1128 joltTilt=10.43 odeTilt=8.66 upDelta=3.90 wBody=(-0.16,-0.90,-0.39) |w|=0.99 grounded=0
INFO 2026-07-27 15:27:19.573 joltshadow - docs §70.1: slipdense (player) f=1132 w=0 grounded=0 kappa=0.000 fnGround=0 omega=30.91 | ftGround=0N target=77.6 limit=56Nm motorNm=56 tyreNm=0 inertia=1.78 limRot=0/-953/0 omegaPre=30.62 posN=6/-30/0 susp=0.0037 springN=-12
INFO 2026-07-27 15:27:19.573 joltshadow - docs §70.1: slipdense (player) f=1132 w=1 grounded=0 kappa=0.000 fnGround=0 omega=36.31 | ftGround=0N target=77.6 limit=56Nm motorNm=56 tyreNm=0 inertia=1.78 limRot=0/21/0 omegaPre=36.00 posN=-14/-18/0 susp=0.0056 springN=-11
INFO 2026-07-27 15:27:19.573 joltshadow - docs §70.1: slipdense (player) f=1132 w=2 grounded=0 kappa=0.000 fnGround=0 omega=29.32 | ftGround=0N target=77.6 limit=56Nm motorNm=56 tyreNm=0 inertia=1.82 limRot=0/25/11 omegaPre=29.02 posN=22/3/0 susp=0.0018 springN=24
INFO 2026-07-27 15:27:19.573 joltshadow - docs §70.1: slipdense (player) f=1132 w=3 grounded=0 kappa=0.000 fnGround=0 omega=31.21 | ftGround=0N target=77.6 limit=56Nm motorNm=56 tyreNm=0 inertia=1.82 limRot=0/26/11 omegaPre=30.91 posN=-0/15/0 susp=0.0050 springN=-18
INFO 2026-07-27 15:27:19.573 joltshadow - docs §78: attdense (player) f=1132 joltTilt=11.11 odeTilt=8.33 upDelta=5.15 wBody=(-0.18,-0.91,-0.39) |w|=1.00 grounded=0
INFO 2026-07-27 15:27:19.607 joltshadow - docs §70.1: slipdense (player) f=1136 w=0 grounded=0 kappa=0.000 fnGround=0 omega=32.19 | ftGround=0N target=77.6 limit=56Nm motorNm=56 tyreNm=0 inertia=1.78 limRot=0/-862/-3068 omegaPre=31.99 posN=118/26/0 susp=0.0019 springN=0
INFO 2026-07-27 15:27:19.607 joltshadow - docs §70.1: slipdense (player) f=1136 w=1 grounded=0 kappa=0.000 fnGround=0 omega=37.77 | ftGround=0N target=77.6 limit=56Nm motorNm=56 tyreNm=0 inertia=1.78 limRot=0/36/0 omegaPre=37.55 posN=99/-78/0 susp=0.0048 springN=-19
INFO 2026-07-27 15:27:19.607 joltshadow - docs §70.1: slipdense (player) f=1136 w=2 grounded=0 kappa=0.000 fnGround=0 omega=30.76 | ftGround=0N target=77.6 limit=56Nm motorNm=56 tyreNm=0 inertia=1.82 limRot=0/25/5 omegaPre=30.54 posN=-79/63/0 susp=-0.0027 springN=36
INFO 2026-07-27 15:27:19.607 joltshadow - docs §70.1: slipdense (player) f=1136 w=3 grounded=0 kappa=0.000 fnGround=0 omega=32.65 | ftGround=0N target=77.6 limit=56Nm motorNm=56 tyreNm=0 inertia=1.82 limRot=0/26/5 omegaPre=32.43 posN=-100/-48/0 susp=0.0040 springN=-7
INFO 2026-07-27 15:27:19.607 joltshadow - docs §78: attdense (player) f=1136 joltTilt=11.72 odeTilt=7.97 upDelta=6.42 wBody=(-0.19,-0.89,-0.36) |w|=0.98 grounded=0
INFO 2026-07-27 15:27:19.638 joltshadow - docs §70.1: slipdense (player) f=1140 w=0 grounded=0 kappa=0.000 fnGround=0 omega=33.35 | ftGround=0N target=77.6 limit=56Nm motorNm=56 tyreNm=0 inertia=1.78 limRot=0/549/0 omegaPre=33.25 posN=-29/-26/0 susp=0.0031 springN=-37
INFO 2026-07-27 15:27:19.639 joltshadow - docs §70.1: slipdense (player) f=1140 w=1 grounded=0 kappa=0.000 fnGround=0 omega=39.15 | ftGround=0N target=77.6 limit=56Nm motorNm=56 tyreNm=0 inertia=1.78 limRot=0/48/0 omegaPre=38.97 posN=-47/-15/0 susp=0.0033 springN=-2
INFO 2026-07-27 15:27:19.639 joltshadow - docs §70.1: slipdense (player) f=1140 w=2 grounded=0 kappa=0.000 fnGround=0 omega=32.11 | ftGround=0N target=77.6 limit=56Nm motorNm=56 tyreNm=0 inertia=1.82 limRot=0/22/13 omegaPre=31.93 posN=-13/3/0 susp=-0.0028 springN=3
INFO 2026-07-27 15:27:19.639 joltshadow - docs §70.1: slipdense (player) f=1140 w=3 grounded=0 kappa=0.000 fnGround=0 omega=34.00 | ftGround=0N target=77.6 limit=56Nm motorNm=56 tyreNm=0 inertia=1.82 limRot=0/24/14 omegaPre=33.82 posN=-33/15/0 susp=0.0005 springN=35
INFO 2026-07-27 15:27:19.639 joltshadow - docs §78: attdense (player) f=1140 joltTilt=12.35 odeTilt=7.62 upDelta=7.78 wBody=(-0.21,-0.86,-0.43) |w|=0.99 grounded=0
INFO 2026-07-27 15:27:19.639 joltshadow - Shadow divergence (player): pos=2.359m vel=1.866m/s angle=17.8deg (jolt com=[4665.0 260.9 1234.8] ode com=[4664.5 258.7 1234.2])
INFO 2026-07-27 15:27:19.639 joltshadow - docs §23.6: driver input (player) realThrottle=1.00 brake=0.01 handBrake=0 steerRad=0.000
INFO 2026-07-27 15:27:19.639 joltshadow - docs §32: Jolt SHADOW chassis pitch (player) forward=(0.054, 0.194, -0.979)
INFO 2026-07-27 15:27:19.639 joltshadow - docs §69: tilt (player) jolt=12.4 deg ode=7.6 deg delta=+4.7 deg upDelta=7.78 deg
INFO 2026-07-27 15:27:19.639 joltshadow - docs §32.4: Jolt SHADOW chassis lowest corner (player) = (4663.51,258.85,1237.60) clearanceToGround=0.555
INFO 2026-07-27 15:27:19.639 joltshadow - docs §23.5: wheel state (player) wheel=0 contact=0 suspLen=1.050 (range 0.050-1.050, 0% compressed) angVel=0.00
INFO 2026-07-27 15:27:19.639 joltshadow - docs §38.11: wheel=0 NO contact, worldAxle=(0.993,0.090,0.073)
INFO 2026-07-27 15:27:19.639 joltshadow - docs §32: no-contact raycast (player) wheel=0 bodyPos=(4665.13,260.25,1234.33) localMPos=(-1.155,0.060,2.270) origin=(4666.39,260.85,1232.20) dir=(0.102,-0.977,-0.188) normalRayLen=1.679 groundFoundAt=0.000 shortfallBeyondTravel=-1.679 hitBody=8391044 hitLayer=4 hitMotion=2 hitIsSelfChassis=0
INFO 2026-07-27 15:27:19.639 joltshadow - docs §23.5: wheel state (player) wheel=1 contact=0 suspLen=1.050 (range 0.050-1.050, 0% compressed) angVel=0.00
INFO 2026-07-27 15:27:19.639 joltshadow - docs §38.11: wheel=1 NO contact, worldAxle=(0.993,0.090,0.073)
INFO 2026-07-27 15:27:19.639 joltshadow - docs §32: no-contact raycast (player) wheel=1 bodyPos=(4665.13,260.25,1234.33) localMPos=(1.155,0.059,2.270) origin=(4664.10,260.64,1232.03) dir=(0.102,-0.977,-0.188) normalRayLen=1.679 groundFoundAt=0.000 shortfallBeyondTravel=-1.679 hitBody=8391045 hitLayer=4 hitMotion=2 hitIsSelfChassis=0
INFO 2026-07-27 15:27:19.639 joltshadow - docs §23.5: wheel state (player) wheel=2 contact=0 suspLen=1.050 (range 0.050-1.050, 0% compressed) angVel=0.00
INFO 2026-07-27 15:27:19.639 joltshadow - docs §38.11: wheel=2 NO contact, worldAxle=(0.993,0.090,0.073)
INFO 2026-07-27 15:27:19.639 joltshadow - docs §32: no-contact raycast (player) wheel=2 bodyPos=(4665.13,260.25,1234.33) localMPos=(-1.253,0.145,-2.062) origin=(4666.25,260.10,1236.46) dir=(0.102,-0.977,-0.188) normalRayLen=1.685 groundFoundAt=0.001 shortfallBeyondTravel=-1.684 hitBody=8391046 hitLayer=4 hitMotion=2 hitIsSelfChassis=0
INFO 2026-07-27 15:27:19.639 joltshadow - docs §23.5: wheel state (player) wheel=3 contact=0 suspLen=1.050 (range 0.050-1.050, 0% compressed) angVel=0.00
INFO 2026-07-27 15:27:19.639 joltshadow - docs §38.11: wheel=3 NO contact, worldAxle=(0.993,0.090,0.073)
INFO 2026-07-27 15:27:19.640 joltshadow - docs §32: no-contact raycast (player) wheel=3 bodyPos=(4665.13,260.25,1234.33) localMPos=(1.253,0.146,-2.062) origin=(4663.76,259.88,1236.28) dir=(0.102,-0.977,-0.188) normalRayLen=1.685 groundFoundAt=0.006 shortfallBeyondTravel=-1.680 hitBody=8391047 hitLayer=4 hitMotion=2 hitIsSelfChassis=0
INFO 2026-07-27 15:27:19.640 joltshadow - docs §59/63: harvest (player) wheelsWithContact=0 contactPoints=0 overflow=0 (of 4) | maxNormalF=0N bound(k_t*tau)=0N ratio=0.00
INFO 2026-07-27 15:27:19.640 joltshadow - docs §58: wheel body (player) w=0 springF=-37N stopF=0N travel=0.0031 (limits -0.5000..0.5000 rel spawn) kSusp=6000 sagPredicted=-0.0062 | frameTrav=0.0028..0.0031 frameStopN=0
INFO 2026-07-27 15:27:19.640 joltshadow - docs §66: tyre band (player) w=0 fnGround=0N fnTotal=0N pen=0.00000 penRaw=0.00000 tau=0.01000 pen/tau=0.00 | recs tyre=0 rim=0 survived=0 stale=0 distMax=0.00R
INFO 2026-07-27 15:27:19.640 joltshadow - docs §68: steer (player) w=0 steerable=1 commanded=0.000 rad measured=0.244 rad err=13.98 deg steerSign=-1 steerTq=-447Nm cap=815Nm sat=0.55
INFO 2026-07-27 15:27:19.640 joltshadow - docs §70: slip (player) w=0 grounded=0 kappa=0.000 fnGround=0N omega=33.35
INFO 2026-07-27 15:27:19.640 joltshadow - docs §67: spin (player) w=0 driven=1 omega=33.35 rad/s surfaceSpeed=20.98 m/s spinSign=+1 motorTq=56Nm cmdTq=56Nm
INFO 2026-07-27 15:27:19.640 joltshadow - docs §58: wheel body (player) w=1 springF=-2N stopF=0N travel=0.0033 (limits -0.5000..0.5000 rel spawn) kSusp=6000 sagPredicted=-0.0003 | frameTrav=0.0033..0.0036 frameStopN=0
INFO 2026-07-27 15:27:19.640 joltshadow - docs §66: tyre band (player) w=1 fnGround=0N fnTotal=0N pen=0.00000 penRaw=0.00000 tau=0.01000 pen/tau=0.00 | recs tyre=0 rim=0 survived=0 stale=0 distMax=0.00R
INFO 2026-07-27 15:27:19.640 joltshadow - docs §68: steer (player) w=1 steerable=1 commanded=0.000 rad measured=0.004 rad err=0.23 deg steerSign=-1 steerTq=28Nm cap=815Nm sat=0.03
INFO 2026-07-27 15:27:19.640 joltshadow - docs §70: slip (player) w=1 grounded=0 kappa=0.000 fnGround=0N omega=39.15
INFO 2026-07-27 15:27:19.640 joltshadow - docs §67: spin (player) w=1 driven=1 omega=39.15 rad/s surfaceSpeed=24.64 m/s spinSign=+1 motorTq=56Nm cmdTq=56Nm
INFO 2026-07-27 15:27:19.640 joltshadow - docs §58: wheel body (player) w=2 springF=3N stopF=0N travel=-0.0028 (limits -0.5000..0.5000 rel spawn) kSusp=6000 sagPredicted=0.0004 | frameTrav=-0.0029..-0.0028 frameStopN=0
INFO 2026-07-27 15:27:19.640 joltshadow - docs §66: tyre band (player) w=2 fnGround=0N fnTotal=0N pen=0.00000 penRaw=0.00000 tau=0.01000 pen/tau=0.00 | recs tyre=0 rim=0 survived=0 stale=0 distMax=0.00R
INFO 2026-07-27 15:27:19.640 joltshadow - docs §68: steer (player) w=2 steerable=0 commanded=0.000 rad measured=0.000 rad err=0.01 deg steerSign=-1 steerTq=0Nm cap=340282346638528859811704183484516925440Nm sat=0.00
INFO 2026-07-27 15:27:19.640 joltshadow - docs §70: slip (player) w=2 grounded=0 kappa=0.000 fnGround=0N omega=32.11
INFO 2026-07-27 15:27:19.640 joltshadow - docs §67: spin (player) w=2 driven=1 omega=32.11 rad/s surfaceSpeed=20.40 m/s spinSign=+1 motorTq=56Nm cmdTq=56Nm
INFO 2026-07-27 15:27:19.640 joltshadow - docs §58: wheel body (player) w=3 springF=35N stopF=0N travel=0.0005 (limits -0.5000..0.5000 rel spawn) kSusp=6000 sagPredicted=0.0059 | frameTrav=0.0005..0.0009 frameStopN=0
INFO 2026-07-27 15:27:19.640 joltshadow - docs §66: tyre band (player) w=3 fnGround=0N fnTotal=0N pen=0.00000 penRaw=0.00000 tau=0.01000 pen/tau=0.00 | recs tyre=0 rim=0 survived=0 stale=0 distMax=0.00R
INFO 2026-07-27 15:27:19.640 joltshadow - docs §68: steer (player) w=3 steerable=0 commanded=0.000 rad measured=0.000 rad err=0.01 deg steerSign=-1 steerTq=0Nm cap=340282346638528859811704183484516925440Nm sat=0.00
INFO 2026-07-27 15:27:19.640 joltshadow - docs §70: slip (player) w=3 grounded=0 kappa=0.000 fnGround=0N omega=34.00
INFO 2026-07-27 15:27:19.641 joltshadow - docs §67: spin (player) w=3 driven=1 omega=34.00 rad/s surfaceSpeed=21.60 m/s spinSign=+1 motorTq=56Nm cmdTq=56Nm
INFO 2026-07-27 15:27:19.641 joltshadow - docs §67: drivetrain (player) gear=2 rpm=4446 driveTorque=225Nm perWheel=56Nm driven=4 throttle=1.00 spin=1 | PRE-STEP brake=0.01 handBrake=0
INFO 2026-07-27 15:27:19.641 joltshadow - docs §66: tyre band SUM (player) fnGroundSum=0N fnTotalSum=0N weight=942N carried=0.00 | penSum=0.00000 recs tyre=0 rim=0 stale=0
INFO 2026-07-27 15:27:19.641 joltshadow - docs §30: REAL ODE chassis COM (player) body=54C8BDB0 = (4664.498, 258.694, 1234.228) forward=(-0.222, 0.132, -0.966)
INFO 2026-07-27 15:27:19.641 joltshadow - docs §33: real ODE chassis geom (player) #1 = class 0 (not a transform) pos=(4664.498,258.694,1234.228) radius=4.500
INFO 2026-07-27 15:27:19.641 joltshadow - docs §33: real ODE chassis geom (player) #2 = transform, inner class=1 pos=(0.000,1.095,-0.495)
INFO 2026-07-27 15:27:19.641 joltshadow - docs §33: real ODE chassis geom (player) #3 = transform, inner class=1 pos=(0.353,3.466,0.718)
INFO 2026-07-27 15:27:19.641 joltshadow - docs §33: real ODE chassis geom (player) #4 = transform, inner class=1 pos=(0.000,1.818,1.842)
INFO 2026-07-27 15:27:19.641 joltshadow - docs §33: real ODE chassis geom (player) #5 = transform, inner class=1 pos=(0.006,1.981,-2.113)
INFO 2026-07-27 15:27:19.641 joltshadow - docs §33: real ODE chassis geom (player) #6 = class 0 (not a transform) pos=(4664.498,258.694,1234.228) radius=30.000
INFO 2026-07-27 15:27:19.641 joltshadow - docs §33: real ODE chassis geom (player) #7 = class 0 (not a transform) pos=(4664.498,258.694,1234.228) radius=6.436
INFO 2026-07-27 15:27:19.641 joltshadow - docs §33: real ODE chassis geom (player) #8 = class 0 (not a transform) pos=(4664.498,258.694,1234.228) radius=200.000
INFO 2026-07-27 15:27:19.641 joltshadow - docs §33: real ODE chassis (player) has 8 total geom(s) directly attached (4 transform(s)) - compare against BuildChassisCompoundShape's own part/geom count in the build log
INFO 2026-07-27 15:27:19.641 joltshadow - docs §28: REAL ODE wheel state (player) wheel=0 displacement=-0.0049 range=1.000 (-0% compressed, signed) foreAft=2.270 localZ=2.270 cfm=0.002500 erp=0.2500
INFO 2026-07-27 15:27:19.641 joltshadow - docs §28: REAL ODE wheel state (player) wheel=1 displacement=0.0477 range=1.000 (5% compressed, signed) foreAft=2.270 localZ=2.270 cfm=0.002500 erp=0.2500
INFO 2026-07-27 15:27:19.641 joltshadow - docs §28: REAL ODE wheel state (player) wheel=2 displacement=0.0538 range=1.000 (5% compressed, signed) foreAft=-2.062 localZ=-2.062 cfm=0.002500 erp=0.2500
INFO 2026-07-27 15:27:19.641 joltshadow - docs §28: REAL ODE wheel state (player) wheel=3 displacement=0.0163 range=1.000 (2% compressed, signed) foreAft=-2.062 localZ=-2.062 cfm=0.002500 erp=0.2500
INFO 2026-07-27 15:27:19.682 joltshadow - Shadow: compound chassis shape built - 4 part(s), 4 geom(s) (4 box, 0 sphere, 0 capsule, 0 skipped)
INFO 2026-07-27 15:27:19.684 joltshadow - docs §70.1: slipdense (player) f=1144 w=0 grounded=0 kappa=0.000 fnGround=0 omega=34.96 | ftGround=0N target=77.6 limit=56Nm motorNm=56 tyreNm=0 inertia=1.78 limRot=0/-393/0 omegaPre=34.54 posN=8/-27/0 susp=0.0053 springN=-36
INFO 2026-07-27 15:27:19.684 joltshadow - docs §70.1: slipdense (player) f=1144 w=1 grounded=0 kappa=0.000 fnGround=0 omega=40.95 | ftGround=0N target=77.6 limit=56Nm motorNm=56 tyreNm=0 inertia=1.78 limRot=0/-66/0 omegaPre=40.51 posN=-13/-24/0 susp=0.0021 springN=-7
INFO 2026-07-27 15:27:19.684 joltshadow - docs §70.1: slipdense (player) f=1144 w=2 grounded=0 kappa=0.000 fnGround=0 omega=33.87 | ftGround=0N target=77.6 limit=56Nm motorNm=56 tyreNm=0 inertia=1.82 limRot=0/27/15 omegaPre=33.44 posN=5/5/0 susp=-0.0010 springN=-4
INFO 2026-07-27 15:27:19.684 joltshadow - docs §70.1: slipdense (player) f=1144 w=3 grounded=0 kappa=0.000 fnGround=0 omega=35.76 | ftGround=0N target=77.6 limit=56Nm motorNm=56 tyreNm=0 inertia=1.82 limRot=0/28/16 omegaPre=35.33 posN=-17/9/0 susp=-0.0031 springN=31
INFO 2026-07-27 15:27:19.684 joltshadow - docs §78: attdense (player) f=1144 joltTilt=13.36 odeTilt=7.23 upDelta=9.78 wBody=(-0.22,-0.88,-0.48) |w|=1.03 grounded=0
INFO 2026-07-27 15:27:19.721 joltshadow - docs §70.1: slipdense (player) f=1148 w=0 grounded=0 kappa=0.000 fnGround=0 omega=36.53 | ftGround=0N target=77.6 limit=56Nm motorNm=56 tyreNm=0 inertia=1.78 limRot=0/350/0 omegaPre=36.34 posN=31/-11/0 susp=0.0065 springN=-27
INFO 2026-07-27 15:27:19.722 joltshadow - docs §70.1: slipdense (player) f=1148 w=1 grounded=0 kappa=0.000 fnGround=0 omega=42.58 | ftGround=0N target=77.6 limit=56Nm motorNm=56 tyreNm=0 inertia=1.78 limRot=0/-885/0 omegaPre=42.34 posN=10/-41/0 susp=0.0016 springN=-9
INFO 2026-07-27 15:27:19.722 joltshadow - docs §70.1: slipdense (player) f=1148 w=2 grounded=0 kappa=0.000 fnGround=0 omega=35.53 | ftGround=0N target=77.6 limit=56Nm motorNm=56 tyreNm=0 inertia=1.82 limRot=0/26/15 omegaPre=35.28 posN=-36/22/0 susp=0.0008 springN=-4
INFO 2026-07-27 15:27:19.722 joltshadow - docs §70.1: slipdense (player) f=1148 w=3 grounded=0 kappa=0.000 fnGround=0 omega=37.42 | ftGround=0N target=77.6 limit=56Nm motorNm=56 tyreNm=0 inertia=1.82 limRot=0/28/16 omegaPre=37.17 posN=-58/-12/0 susp=-0.0042 springN=20
INFO 2026-07-27 15:27:19.722 joltshadow - docs §78: attdense (player) f=1148 joltTilt=14.34 odeTilt=6.98 upDelta=11.56 wBody=(-0.23,-0.86,-0.49) |w|=1.02 grounded=0
INFO 2026-07-27 15:27:19.764 joltshadow - docs §70.1: slipdense (player) f=1152 w=0 grounded=0 kappa=0.000 fnGround=0 omega=37.96 | ftGround=0N target=77.6 limit=56Nm motorNm=56 tyreNm=0 inertia=1.78 limRot=0/829/-100 omegaPre=37.58 posN=-3/-27/0 susp=0.0056 springN=-39
INFO 2026-07-27 15:27:19.764 joltshadow - docs §70.1: slipdense (player) f=1152 w=1 grounded=0 kappa=0.000 fnGround=0 omega=44.18 | ftGround=0N target=77.6 limit=56Nm motorNm=56 tyreNm=0 inertia=1.78 limRot=0/86/0 omegaPre=43.85 posN=-25/-22/0 susp=0.0003 springN=3
INFO 2026-07-27 15:27:19.764 joltshadow - docs §70.1: slipdense (player) f=1152 w=2 grounded=0 kappa=0.000 fnGround=0 omega=37.21 | ftGround=0N target=77.6 limit=56Nm motorNm=56 tyreNm=0 inertia=1.82 limRot=0/28/20 omegaPre=36.84 posN=-3/5/0 susp=0.0008 springN=-15
INFO 2026-07-27 15:27:19.764 joltshadow - docs §70.1: slipdense (player) f=1152 w=3 grounded=0 kappa=0.000 fnGround=0 omega=39.10 | ftGround=0N target=77.6 limit=56Nm motorNm=56 tyreNm=0 inertia=1.82 limRot=0/29/21 omegaPre=38.73 posN=-28/9/0 susp=-0.0046 springN=32
INFO 2026-07-27 15:27:19.764 joltshadow - docs §78: attdense (player) f=1152 joltTilt=15.47 odeTilt=6.79 upDelta=13.44 wBody=(-0.24,-0.86,-0.61) |w|=1.08 grounded=0
INFO 2026-07-27 15:27:19.797 joltshadow - docs §70.1: slipdense (player) f=1156 w=0 grounded=0 kappa=0.000 fnGround=0 omega=38.96 | ftGround=0N target=77.6 limit=56Nm motorNm=56 tyreNm=0 inertia=1.78 limRot=0/-221/0 omegaPre=38.79 posN=-382/270/0 susp=0.0061 springN=-92
INFO 2026-07-27 15:27:19.797 joltshadow - docs §70.1: slipdense (player) f=1156 w=1 grounded=0 kappa=0.000 fnGround=0 omega=45.20 | ftGround=0N target=77.6 limit=56Nm motorNm=56 tyreNm=0 inertia=1.78 limRot=0/-14/0 omegaPre=44.99 posN=-405/207/0 susp=0.0006 springN=7
INFO 2026-07-27 15:27:19.797 joltshadow - docs §70.1: slipdense (player) f=1156 w=2 grounded=0 kappa=0.000 fnGround=0 omega=38.25 | ftGround=0N target=77.6 limit=56Nm motorNm=56 tyreNm=0 inertia=1.82 limRot=0/4/21 omegaPre=38.04 posN=-507/305/0 susp=0.0010 springN=-34
INFO 2026-07-27 15:27:19.798 joltshadow - docs §70.1: slipdense (player) f=1156 w=3 grounded=1 kappa=0.625 fnGround=1800 omega=35.50 | ftGround=2572N target=77.6 limit=56Nm motorNm=56 tyreNm=-1871 inertia=1.82 limRot=0/1942/88 omegaPre=39.92 posN=2812/-3037/0 susp=-0.0061 springN=244
INFO 2026-07-27 15:27:19.798 joltshadow - docs §78: attdense (player) f=1156 joltTilt=16.50 odeTilt=6.64 upDelta=14.92 wBody=(-0.28,-0.86,-0.76) |w|=1.18 grounded=1
INFO 2026-07-27 15:27:19.798 joltshadow - docs §82: resync (player) #26 dt=0.50s upMax=14.916 deg posMax=1.492 m odeTiltPath=4.450 deg gain=3.3522
INFO 2026-07-27 15:27:19.798 joltshadow - docs §87: resync landing (player) w=0 pre=1.4927 post=0.1484 m R=0.629 dY=-1.1486 dRotDeg=28.25 |corr|=1.4920 m
INFO 2026-07-27 15:27:19.798 joltshadow - docs §87: resync landing (player) w=1 pre=0.8903 post=0.0037 m R=0.629 dY=-1.1486 dRotDeg=28.25 |corr|=1.4920 m
INFO 2026-07-27 15:27:19.798 joltshadow - docs §87: resync landing (player) w=2 pre=0.4162 post=0.0001 m R=0.635 dY=-1.1486 dRotDeg=28.25 |corr|=1.4920 m
INFO 2026-07-27 15:27:19.798 joltshadow - docs §87: resync landing (player) w=3 pre=-0.0029 post=0.0038 m R=0.635 dY=-1.1486 dRotDeg=28.25 |corr|=1.4920 m
INFO 2026-07-27 15:27:19.798 joltshadow - docs §82: resync RESIDUAL (player) #26 pos=0.0000 m up=0.0000 deg
INFO 2026-07-27 15:27:19.831 joltshadow - docs §70.1: slipdense (player) f=1160 w=0 grounded=0 kappa=0.000 fnGround=0 omega=40.09 | ftGround=0N target=46.5 limit=93Nm motorNm=93 tyreNm=0 inertia=1.78 limRot=0/80/0 omegaPre=39.73 posN=-366/22/0 susp=-0.3034 springN=-270
INFO 2026-07-27 15:27:19.832 joltshadow - docs §70.1: slipdense (player) f=1160 w=1 grounded=1 kappa=0.118 fnGround=1120 omega=29.02 | ftGround=1517N target=46.5 limit=93Nm motorNm=93 tyreNm=-943 inertia=1.78 limRot=0/1575/0 omegaPre=33.56 posN=1985/-1230/0 susp=-0.4861 springN=1669
INFO 2026-07-27 15:27:19.832 joltshadow - docs §70.1: slipdense (player) f=1160 w=2 grounded=1 kappa=0.014 fnGround=1066 omega=26.34 | ftGround=286N target=46.5 limit=93Nm motorNm=93 tyreNm=-120 inertia=1.82 limRot=0/123/24 omegaPre=26.39 posN=381/-415/0 susp=-0.5204 springN=1912
INFO 2026-07-27 15:27:19.832 joltshadow - docs §70.1: slipdense (player) f=1160 w=3 grounded=1 kappa=0.011 fnGround=1160 omega=26.53 | ftGround=248N target=46.5 limit=93Nm motorNm=93 tyreNm=-97 inertia=1.82 limRot=0/-12/19 omegaPre=26.46 posN=-143/-11/0 susp=-0.4971 springN=2203
INFO 2026-07-27 15:27:19.832 joltshadow - docs §78: attdense (player) f=1160 joltTilt=6.05 odeTilt=6.33 upDelta=0.85 wBody=(0.02,-0.28,-0.02) |w|=0.28 grounded=3
INFO 2026-07-27 15:27:19.870 joltshadow - docs §70.1: slipdense (player) f=1164 w=0 grounded=1 kappa=1.147 fnGround=105 omega=40.52 | ftGround=150N target=46.5 limit=93Nm motorNm=93 tyreNm=-101 inertia=1.78 limRot=0/-218/0 omegaPre=41.11 posN=-392/-257/0 susp=-0.0770 springN=-751
INFO 2026-07-27 15:27:19.870 joltshadow - docs §70.1: slipdense (player) f=1164 w=1 grounded=1 kappa=0.010 fnGround=968 omega=24.00 | ftGround=197N target=46.5 limit=93Nm motorNm=93 tyreNm=-86 inertia=1.78 limRot=0/3942/-1 omegaPre=23.67 posN=1670/895/0 susp=-0.3203 springN=667
INFO 2026-07-27 15:27:19.870 joltshadow - docs §70.1: slipdense (player) f=1164 w=2 grounded=1 kappa=0.014 fnGround=851 omega=24.65 | ftGround=260N target=46.5 limit=93Nm motorNm=93 tyreNm=-137 inertia=1.82 limRot=0/218/16 omegaPre=24.90 posN=382/-472/0 susp=-0.3499 springN=588
INFO 2026-07-27 15:27:19.870 joltshadow - docs §70.1: slipdense (player) f=1164 w=3 grounded=1 kappa=0.011 fnGround=1160 omega=26.63 | ftGround=262N target=46.5 limit=93Nm motorNm=93 tyreNm=-105 inertia=1.82 limRot=0/11/5 omegaPre=26.66 posN=-114/-270/0 susp=-0.3676 springN=1024
INFO 2026-07-27 15:27:19.870 joltshadow - docs §78: attdense (player) f=1164 joltTilt=5.66 odeTilt=6.04 upDelta=0.88 wBody=(0.31,-0.53,0.02) |w|=0.62 grounded=4
INFO 2026-07-27 15:27:19.904 joltshadow - docs §70.1: slipdense (player) f=1168 w=0 grounded=0 kappa=0.000 fnGround=0 omega=41.67 | ftGround=0N target=46.5 limit=93Nm motorNm=93 tyreNm=0 inertia=1.78 limRot=0/-522/-574 omegaPre=41.20 posN=-26/-38/0 susp=0.0091 springN=-485
INFO 2026-07-27 15:27:19.904 joltshadow - docs §70.1: slipdense (player) f=1168 w=1 grounded=1 kappa=0.021 fnGround=378 omega=24.45 | ftGround=180N target=46.5 limit=93Nm motorNm=93 tyreNm=-104 inertia=1.78 limRot=0/-184/0 omegaPre=24.37 posN=500/-77/0 susp=-0.1941 springN=162
INFO 2026-07-27 15:27:19.904 joltshadow - docs §70.1: slipdense (player) f=1168 w=2 grounded=1 kappa=0.043 fnGround=0 omega=23.95 | ftGround=0N target=46.5 limit=93Nm motorNm=93 tyreNm=0 inertia=1.82 limRot=0/20/0 omegaPre=23.80 posN=59/-38/0 susp=-0.1909 springN=-145
INFO 2026-07-27 15:27:19.904 joltshadow - docs §70.1: slipdense (player) f=1168 w=3 grounded=1 kappa=0.017 fnGround=579 omega=26.16 | ftGround=220N target=46.5 limit=93Nm motorNm=93 tyreNm=-111 inertia=1.82 limRot=0/82/6 omegaPre=26.20 posN=126/-180/0 susp=-0.2386 springN=372
INFO 2026-07-27 15:27:19.904 joltshadow - docs §78: attdense (player) f=1168 joltTilt=4.88 odeTilt=5.85 upDelta=1.27 wBody=(0.45,-0.63,0.10) |w|=0.78 grounded=3
INFO 2026-07-27 15:27:19.945 joltshadow - docs §70.1: slipdense (player) f=1172 w=0 grounded=0 kappa=0.000 fnGround=0 omega=43.36 | ftGround=0N target=46.5 limit=93Nm motorNm=93 tyreNm=0 inertia=1.78 limRot=0/-234/0 omegaPre=42.86 posN=8/6/0 susp=0.0258 springN=-105
INFO 2026-07-27 15:27:19.945 joltshadow - docs §70.1: slipdense (player) f=1172 w=1 grounded=0 kappa=0.000 fnGround=0 omega=25.64 | ftGround=0N target=46.5 limit=93Nm motorNm=93 tyreNm=0 inertia=1.78 limRot=0/77/0 omegaPre=25.12 posN=14/-32/0 susp=-0.0766 springN=-267
INFO 2026-07-27 15:27:19.945 joltshadow - docs §70.1: slipdense (player) f=1172 w=2 grounded=0 kappa=0.000 fnGround=0 omega=25.63 | ftGround=0N target=46.5 limit=93Nm motorNm=93 tyreNm=0 inertia=1.82 limRot=0/12/-7 omegaPre=25.12 posN=-16/6/0 susp=-0.0569 springN=-378
INFO 2026-07-27 15:27:19.945 joltshadow - docs §70.1: slipdense (player) f=1172 w=3 grounded=0 kappa=0.000 fnGround=0 omega=26.95 | ftGround=0N target=46.5 limit=93Nm motorNm=93 tyreNm=0 inertia=1.82 limRot=0/12/-7 omegaPre=26.44 posN=-23/-15/0 susp=-0.1108 springN=-188
INFO 2026-07-27 15:27:19.945 joltshadow - docs §78: attdense (player) f=1172 joltTilt=3.95 odeTilt=5.72 upDelta=1.90 wBody=(0.45,-0.59,0.27) |w|=0.79 grounded=0
INFO 2026-07-27 15:27:19.976 joltshadow - docs §70.1: slipdense (player) f=1176 w=0 grounded=0 kappa=0.000 fnGround=0 omega=44.23 | ftGround=0N target=46.5 limit=93Nm motorNm=93 tyreNm=0 inertia=1.78 limRot=0/76/0 omegaPre=43.92 posN=-40/-6/0 susp=0.0171 springN=-9
INFO 2026-07-27 15:27:19.976 joltshadow - docs §70.1: slipdense (player) f=1176 w=1 grounded=0 kappa=0.000 fnGround=0 omega=26.92 | ftGround=0N target=46.5 limit=93Nm motorNm=93 tyreNm=0 inertia=1.78 limRot=0/-33/0 omegaPre=26.56 posN=-42/-7/0 susp=-0.0226 springN=-221
INFO 2026-07-27 15:27:19.976 joltshadow - docs §70.1: slipdense (player) f=1176 w=2 grounded=0 kappa=0.000 fnGround=0 omega=26.89 | ftGround=0N target=46.5 limit=93Nm motorNm=93 tyreNm=0 inertia=1.82 limRot=0/10/-3 omegaPre=26.53 posN=-17/2/0 susp=-0.0057 springN=-291
INFO 2026-07-27 15:27:19.976 joltshadow - docs §70.1: slipdense (player) f=1176 w=3 grounded=0 kappa=0.000 fnGround=0 omega=28.21 | ftGround=0N target=46.5 limit=93Nm motorNm=93 tyreNm=0 inertia=1.82 limRot=0/11/-3 omegaPre=27.85 posN=-22/10/0 susp=-0.0441 springN=-205
INFO 2026-07-27 15:27:19.976 joltshadow - docs §78: attdense (player) f=1176 joltTilt=3.37 odeTilt=5.78 upDelta=2.53 wBody=(0.41,-0.59,0.12) |w|=0.72 grounded=0
INFO 2026-07-27 15:27:20.011 joltshadow - docs §70.1: slipdense (player) f=1180 w=0 grounded=0 kappa=0.000 fnGround=0 omega=45.53 | ftGround=0N target=46.5 limit=93Nm motorNm=93 tyreNm=0 inertia=1.78 limRot=0/-84/0 omegaPre=45.09 posN=-9/1/0 susp=0.0079 springN=18
INFO 2026-07-27 15:27:20.011 joltshadow - docs §70.1: slipdense (player) f=1180 w=1 grounded=0 kappa=0.000 fnGround=0 omega=28.33 | ftGround=0N target=46.5 limit=93Nm motorNm=93 tyreNm=0 inertia=1.78 limRot=0/-45/0 omegaPre=27.86 posN=-16/-15/0 susp=0.0005 springN=-108
INFO 2026-07-27 15:27:20.011 joltshadow - docs §70.1: slipdense (player) f=1180 w=2 grounded=0 kappa=0.000 fnGround=0 omega=28.28 | ftGround=0N target=46.5 limit=93Nm motorNm=93 tyreNm=0 inertia=1.82 limRot=0/12/-1 omegaPre=27.82 posN=-31/17/0 susp=0.0138 springN=-139
INFO 2026-07-27 15:27:20.012 joltshadow - docs §70.1: slipdense (player) f=1180 w=3 grounded=0 kappa=0.000 fnGround=0 omega=29.60 | ftGround=0N target=46.5 limit=93Nm motorNm=93 tyreNm=0 inertia=1.82 limRot=0/13/-1 omegaPre=29.14 posN=-38/1/0 susp=-0.0104 springN=-109
INFO 2026-07-27 15:27:20.012 joltshadow - docs §78: attdense (player) f=1180 joltTilt=2.76 odeTilt=6.18 upDelta=3.59 wBody=(0.37,-0.58,0.01) |w|=0.69 grounded=0
INFO 2026-07-27 15:27:20.054 joltshadow - docs §70.1: slipdense (player) f=1184 w=0 grounded=0 kappa=0.000 fnGround=0 omega=46.75 | ftGround=0N target=46.5 limit=93Nm motorNm=41 tyreNm=0 inertia=1.78 limRot=0/691/-376 omegaPre=46.36 posN=26/3/0 susp=0.0032 springN=-9
INFO 2026-07-27 15:27:20.054 joltshadow - docs §70.1: slipdense (player) f=1184 w=1 grounded=0 kappa=0.000 fnGround=0 omega=30.11 | ftGround=0N target=46.5 limit=93Nm motorNm=93 tyreNm=0 inertia=1.78 limRot=0/71/0 omegaPre=29.64 posN=18/-22/0 susp=0.0038 springN=-5
INFO 2026-07-27 15:27:20.054 joltshadow - docs §70.1: slipdense (player) f=1184 w=2 grounded=0 kappa=0.000 fnGround=0 omega=30.02 | ftGround=0N target=46.5 limit=93Nm motorNm=93 tyreNm=0 inertia=1.82 limRot=0/15/2 omegaPre=29.56 posN=-18/23/0 susp=0.0130 springN=-40
INFO 2026-07-27 15:27:20.054 joltshadow - docs §70.1: slipdense (player) f=1184 w=3 grounded=0 kappa=0.000 fnGround=0 omega=31.34 | ftGround=0N target=46.5 limit=93Nm motorNm=93 tyreNm=0 inertia=1.82 limRot=0/16/3 omegaPre=30.88 posN=-27/-6/0 susp=-0.0005 springN=-7
INFO 2026-07-27 15:27:20.054 joltshadow - docs §78: attdense (player) f=1184 joltTilt=1.97 odeTilt=7.24 upDelta=5.44 wBody=(0.35,-0.58,-0.14) |w|=0.69 grounded=0
INFO 2026-07-27 15:27:20.088 joltshadow - docs §70.1: slipdense (player) f=1188 w=0 grounded=0 kappa=0.000 fnGround=0 omega=46.72 | ftGround=0N target=46.5 limit=93Nm motorNm=11 tyreNm=0 inertia=1.78 limRot=0/1/0 omegaPre=46.98 posN=-7/-14/0 susp=0.0026 springN=-17
INFO 2026-07-27 15:27:20.088 joltshadow - docs §70.1: slipdense (player) f=1188 w=1 grounded=0 kappa=0.000 fnGround=0 omega=31.45 | ftGround=0N target=46.5 limit=93Nm motorNm=93 tyreNm=0 inertia=1.78 limRot=0/1064/0 omegaPre=30.99 posN=-15/-8/0 susp=0.0017 springN=3
INFO 2026-07-27 15:27:20.088 joltshadow - docs §70.1: slipdense (player) f=1188 w=2 grounded=0 kappa=0.000 fnGround=0 omega=31.44 | ftGround=0N target=46.5 limit=93Nm motorNm=93 tyreNm=0 inertia=1.82 limRot=0/16/5 omegaPre=30.92 posN=9/4/0 susp=0.0076 springN=5
INFO 2026-07-27 15:27:20.088 joltshadow - docs §70.1: slipdense (player) f=1188 w=3 grounded=0 kappa=0.000 fnGround=0 omega=32.76 | ftGround=0N target=46.5 limit=93Nm motorNm=93 tyreNm=0 inertia=1.82 limRot=0/17/5 omegaPre=32.24 posN=1/10/0 susp=-0.0008 springN=13
INFO 2026-07-27 15:27:20.088 joltshadow - docs §78: attdense (player) f=1188 joltTilt=1.35 odeTilt=8.17 upDelta=6.88 wBody=(0.33,-0.58,-0.17) |w|=0.69 grounded=0
INFO 2026-07-27 15:27:20.125 joltshadow - docs §70.1: slipdense (player) f=1192 w=0 grounded=0 kappa=0.000 fnGround=0 omega=46.84 | ftGround=0N target=46.5 limit=93Nm motorNm=11 tyreNm=0 inertia=1.78 limRot=0/185/0 omegaPre=46.98 posN=7/-16/0 susp=0.0019 springN=-1
INFO 2026-07-27 15:27:20.125 joltshadow - docs §70.1: slipdense (player) f=1192 w=1 grounded=0 kappa=0.000 fnGround=0 omega=32.79 | ftGround=0N target=46.5 limit=93Nm motorNm=93 tyreNm=0 inertia=1.78 limRot=0/555/0 omegaPre=32.32 posN=-0/-8/0 susp=0.0020 springN=-20
INFO 2026-07-27 15:27:20.125 joltshadow - docs §70.1: slipdense (player) f=1192 w=2 grounded=0 kappa=0.000 fnGround=0 omega=32.96 | ftGround=0N target=46.5 limit=93Nm motorNm=93 tyreNm=0 inertia=1.82 limRot=0/19/3 omegaPre=32.50 posN=28/2/0 susp=0.0012 springN=38
INFO 2026-07-27 15:27:20.125 joltshadow - docs §70.1: slipdense (player) f=1192 w=3 grounded=0 kappa=0.000 fnGround=0 omega=34.28 | ftGround=0N target=46.5 limit=93Nm motorNm=93 tyreNm=0 inertia=1.82 limRot=0/20/4 omegaPre=33.82 posN=19/11/0 susp=-0.0005 springN=-5
INFO 2026-07-27 15:27:20.126 joltshadow - docs §78: attdense (player) f=1192 joltTilt=0.95 odeTilt=8.69 upDelta=7.77 wBody=(0.32,-0.60,-0.12) |w|=0.69 grounded=0
INFO 2026-07-27 15:27:20.159 joltshadow - docs §70.1: slipdense (player) f=1196 w=0 grounded=0 kappa=0.000 fnGround=0 omega=46.78 | ftGround=0N target=46.5 limit=93Nm motorNm=17 tyreNm=0 inertia=1.78 limRot=0/-444/0 omegaPre=47.01 posN=38/-16/0 susp=-0.0004 springN=26
INFO 2026-07-27 15:27:20.159 joltshadow - docs §70.1: slipdense (player) f=1196 w=1 grounded=0 kappa=0.000 fnGround=0 omega=33.98 | ftGround=0N target=46.5 limit=93Nm motorNm=93 tyreNm=0 inertia=1.78 limRot=0/-210/0 omegaPre=33.57 posN=30/-14/0 susp=0.0042 springN=-46
INFO 2026-07-27 15:27:20.159 joltshadow - docs §70.1: slipdense (player) f=1196 w=2 grounded=0 kappa=0.000 fnGround=0 omega=34.38 | ftGround=0N target=46.5 limit=93Nm motorNm=93 tyreNm=0 inertia=1.82 limRot=0/23/1 omegaPre=33.92 posN=43/3/0 susp=-0.0038 springN=60
INFO 2026-07-27 15:27:20.159 joltshadow - docs §70.1: slipdense (player) f=1196 w=3 grounded=0 kappa=0.000 fnGround=0 omega=35.70 | ftGround=0N target=46.5 limit=93Nm motorNm=93 tyreNm=0 inertia=1.82 limRot=0/24/1 omegaPre=35.24 posN=35/5/0 susp=0.0017 springN=-33
INFO 2026-07-27 15:27:20.159 joltshadow - docs §78: attdense (player) f=1196 joltTilt=1.14 odeTilt=8.62 upDelta=7.85 wBody=(0.31,-0.62,0.00) |w|=0.69 grounded=0
INFO 2026-07-27 15:27:20.199 joltshadow - docs §70.1: slipdense (player) f=1200 w=0 grounded=0 kappa=0.000 fnGround=0 omega=46.77 | ftGround=0N target=46.5 limit=93Nm motorNm=-34 tyreNm=0 inertia=1.78 limRot=0/-788/0 omegaPre=47.14 posN=-0/-10/0 susp=-0.0013 springN=2
INFO 2026-07-27 15:27:20.200 joltshadow - docs §70.1: slipdense (player) f=1200 w=1 grounded=0 kappa=0.000 fnGround=0 omega=35.56 | ftGround=0N target=46.5 limit=93Nm motorNm=93 tyreNm=0 inertia=1.78 limRot=0/259/0 omegaPre=35.09 posN=-8/-11/0 susp=0.0038 springN=-13
INFO 2026-07-27 15:27:20.200 joltshadow - docs §70.1: slipdense (player) f=1200 w=2 grounded=0 kappa=0.000 fnGround=0 omega=35.96 | ftGround=0N target=46.5 limit=93Nm motorNm=93 tyreNm=0 inertia=1.82 limRot=0/18/-0 omegaPre=35.50 posN=-2/6/0 susp=-0.0045 springN=18
INFO 2026-07-27 15:27:20.200 joltshadow - docs §70.1: slipdense (player) f=1200 w=3 grounded=0 kappa=0.000 fnGround=0 omega=37.28 | ftGround=0N target=46.5 limit=93Nm motorNm=93 tyreNm=0 inertia=1.82 limRot=0/19/-0 omegaPre=36.82 posN=-10/6/0 susp=0.0021 springN=-5
INFO 2026-07-27 15:27:20.200 joltshadow - docs §78: attdense (player) f=1200 joltTilt=1.73 odeTilt=8.13 upDelta=7.51 wBody=(0.30,-0.59,0.03) |w|=0.66 grounded=0
INFO 2026-07-27 15:27:20.200 joltshadow - Shadow divergence (player): pos=2.499m vel=1.933m/s angle=14.7deg (jolt com=[4663.3 261.6 1226.5] ode com=[4662.7 259.2 1226.2])
INFO 2026-07-27 15:27:20.200 joltshadow - docs §23.6: driver input (player) realThrottle=1.00 brake=0.01 handBrake=0 steerRad=0.000
INFO 2026-07-27 15:27:20.200 joltshadow - docs §32: Jolt SHADOW chassis pitch (player) forward=(-0.012, -0.026, -1.000)
INFO 2026-07-27 15:27:20.200 joltshadow - docs §69: tilt (player) jolt=1.7 deg ode=8.1 deg delta=-6.4 deg upDelta=7.51 deg
INFO 2026-07-27 15:27:20.200 joltshadow - docs §32.4: Jolt SHADOW chassis lowest corner (player) = (4664.75,260.09,1222.27) clearanceToGround=1.181
INFO 2026-07-27 15:27:20.200 joltshadow - docs §23.5: wheel state (player) wheel=0 contact=0 suspLen=1.050 (range 0.050-1.050, 0% compressed) angVel=0.00
INFO 2026-07-27 15:27:20.200 joltshadow - docs §38.11: wheel=0 NO contact, worldAxle=(1.000,-0.015,-0.012)
INFO 2026-07-27 15:27:20.200 joltshadow - docs §32: no-contact raycast (player) wheel=0 bodyPos=(4663.31,260.79,1226.12) localMPos=(-1.155,0.060,2.270) origin=(4664.44,260.78,1223.84) dir=(-0.014,-1.000,0.026) normalRayLen=1.679 groundFoundAt=0.000 shortfallBeyondTravel=-1.679 hitBody=8391044 hitLayer=4 hitMotion=2 hitIsSelfChassis=0
INFO 2026-07-27 15:27:20.201 joltshadow - docs §23.5: wheel state (player) wheel=1 contact=0 suspLen=1.050 (range 0.050-1.050, 0% compressed) angVel=0.00
INFO 2026-07-27 15:27:20.201 joltshadow - docs §38.11: wheel=1 NO contact, worldAxle=(1.000,-0.015,-0.012)
INFO 2026-07-27 15:27:20.201 joltshadow - docs §32: no-contact raycast (player) wheel=1 bodyPos=(4663.31,260.79,1226.12) localMPos=(1.155,0.059,2.270) origin=(4662.13,260.81,1223.87) dir=(-0.014,-1.000,0.026) normalRayLen=1.679 groundFoundAt=0.000 shortfallBeyondTravel=-1.679 hitBody=8391045 hitLayer=4 hitMotion=2 hitIsSelfChassis=0
INFO 2026-07-27 15:27:20.201 joltshadow - docs §23.5: wheel state (player) wheel=2 contact=0 suspLen=1.050 (range 0.050-1.050, 0% compressed) angVel=0.00
INFO 2026-07-27 15:27:20.201 joltshadow - docs §38.11: wheel=2 NO contact, worldAxle=(1.000,-0.015,-0.012)
INFO 2026-07-27 15:27:20.201 joltshadow - docs §32: no-contact raycast (player) wheel=2 bodyPos=(4663.31,260.79,1226.12) localMPos=(-1.253,0.145,-2.062) origin=(4664.59,260.97,1228.16) dir=(-0.014,-1.000,0.026) normalRayLen=1.685 groundFoundAt=0.000 shortfallBeyondTravel=-1.685 hitBody=8391046 hitLayer=4 hitMotion=2 hitIsSelfChassis=0
INFO 2026-07-27 15:27:20.201 joltshadow - docs §23.5: wheel state (player) wheel=3 contact=0 suspLen=1.050 (range 0.050-1.050, 0% compressed) angVel=0.00
INFO 2026-07-27 15:27:20.201 joltshadow - docs §38.11: wheel=3 NO contact, worldAxle=(1.000,-0.015,-0.012)
INFO 2026-07-27 15:27:20.201 joltshadow - docs §32: no-contact raycast (player) wheel=3 bodyPos=(4663.31,260.79,1226.12) localMPos=(1.253,0.146,-2.062) origin=(4662.09,261.01,1228.19) dir=(-0.014,-1.000,0.026) normalRayLen=1.685 groundFoundAt=0.007 shortfallBeyondTravel=-1.678 hitBody=8391047 hitLayer=4 hitMotion=2 hitIsSelfChassis=0
INFO 2026-07-27 15:27:20.201 joltshadow - docs §59/63: harvest (player) wheelsWithContact=0 contactPoints=0 overflow=0 (of 4) | maxNormalF=0N bound(k_t*tau)=0N ratio=0.00
INFO 2026-07-27 15:27:20.201 joltshadow - docs §58: wheel body (player) w=0 springF=2N stopF=0N travel=-0.0013 (limits -0.5000..0.5000 rel spawn) kSusp=6000 sagPredicted=0.0003 | frameTrav=-0.0016..-0.0013 frameStopN=0
INFO 2026-07-27 15:27:20.201 joltshadow - docs §66: tyre band (player) w=0 fnGround=0N fnTotal=0N pen=0.00000 penRaw=0.00000 tau=0.01000 pen/tau=0.00 | recs tyre=0 rim=0 survived=0 stale=0 distMax=0.00R
INFO 2026-07-27 15:27:20.201 joltshadow - docs §68: steer (player) w=0 steerable=1 commanded=0.000 rad measured=0.611 rad err=35.01 deg steerSign=-1 steerTq=815Nm cap=815Nm sat=1.00
INFO 2026-07-27 15:27:20.201 joltshadow - docs §70: slip (player) w=0 grounded=0 kappa=0.000 fnGround=0N omega=46.77
INFO 2026-07-27 15:27:20.202 joltshadow - docs §67: spin (player) w=0 driven=1 omega=46.77 rad/s surfaceSpeed=29.43 m/s spinSign=+1 motorTq=-34Nm cmdTq=93Nm
INFO 2026-07-27 15:27:20.202 joltshadow - docs §58: wheel body (player) w=1 springF=-13N stopF=0N travel=0.0038 (limits -0.5000..0.5000 rel spawn) kSusp=6000 sagPredicted=-0.0022 | frameTrav=0.0038..0.0042 frameStopN=0
INFO 2026-07-27 15:27:20.202 joltshadow - docs §66: tyre band (player) w=1 fnGround=0N fnTotal=0N pen=0.00000 penRaw=0.00000 tau=0.01000 pen/tau=0.00 | recs tyre=0 rim=0 survived=0 stale=0 distMax=0.00R
INFO 2026-07-27 15:27:20.202 joltshadow - docs §68: steer (player) w=1 steerable=1 commanded=0.000 rad measured=0.022 rad err=1.28 deg steerSign=-1 steerTq=276Nm cap=815Nm sat=0.34
INFO 2026-07-27 15:27:20.202 joltshadow - docs §70: slip (player) w=1 grounded=0 kappa=0.000 fnGround=0N omega=35.56
INFO 2026-07-27 15:27:20.202 joltshadow - docs §67: spin (player) w=1 driven=1 omega=35.56 rad/s surfaceSpeed=22.37 m/s spinSign=+1 motorTq=93Nm cmdTq=93Nm
INFO 2026-07-27 15:27:20.202 joltshadow - docs §58: wheel body (player) w=2 springF=18N stopF=0N travel=-0.0045 (limits -0.5000..0.5000 rel spawn) kSusp=6000 sagPredicted=0.0029 | frameTrav=-0.0049..-0.0045 frameStopN=0
INFO 2026-07-27 15:27:20.202 joltshadow - docs §66: tyre band (player) w=2 fnGround=0N fnTotal=0N pen=0.00000 penRaw=0.00000 tau=0.01000 pen/tau=0.00 | recs tyre=0 rim=0 survived=0 stale=0 distMax=0.00R
INFO 2026-07-27 15:27:20.202 joltshadow - docs §68: steer (player) w=2 steerable=0 commanded=0.000 rad measured=-0.000 rad err=-0.00 deg steerSign=-1 steerTq=0Nm cap=340282346638528859811704183484516925440Nm sat=0.00
INFO 2026-07-27 15:27:20.202 joltshadow - docs §70: slip (player) w=2 grounded=0 kappa=0.000 fnGround=0N omega=35.96
INFO 2026-07-27 15:27:20.202 joltshadow - docs §67: spin (player) w=2 driven=1 omega=35.96 rad/s surfaceSpeed=22.85 m/s spinSign=+1 motorTq=93Nm cmdTq=93Nm
INFO 2026-07-27 15:27:20.202 joltshadow - docs §58: wheel body (player) w=3 springF=-5N stopF=0N travel=0.0021 (limits -0.5000..0.5000 rel spawn) kSusp=6000 sagPredicted=-0.0008 | frameTrav=0.0021..0.0025 frameStopN=0
INFO 2026-07-27 15:27:20.202 joltshadow - docs §66: tyre band (player) w=3 fnGround=0N fnTotal=0N pen=0.00000 penRaw=0.00000 tau=0.01000 pen/tau=0.00 | recs tyre=0 rim=0 survived=0 stale=0 distMax=0.00R
INFO 2026-07-27 15:27:20.202 joltshadow - docs §68: steer (player) w=3 steerable=0 commanded=0.000 rad measured=-0.000 rad err=-0.00 deg steerSign=-1 steerTq=0Nm cap=340282346638528859811704183484516925440Nm sat=0.00
INFO 2026-07-27 15:27:20.202 joltshadow - docs §70: slip (player) w=3 grounded=0 kappa=0.000 fnGround=0N omega=37.28
INFO 2026-07-27 15:27:20.202 joltshadow - docs §67: spin (player) w=3 driven=1 omega=37.28 rad/s surfaceSpeed=23.68 m/s spinSign=+1 motorTq=93Nm cmdTq=93Nm
INFO 2026-07-27 15:27:20.202 joltshadow - docs §67: drivetrain (player) gear=1 rpm=2989 driveTorque=375Nm perWheel=94Nm driven=4 throttle=1.00 spin=1 | PRE-STEP brake=0.01 handBrake=0
INFO 2026-07-27 15:27:20.203 joltshadow - docs §66: tyre band SUM (player) fnGroundSum=0N fnTotalSum=0N weight=942N carried=0.00 | penSum=0.00000 recs tyre=0 rim=0 stale=0
INFO 2026-07-27 15:27:20.203 joltshadow - docs §30: REAL ODE chassis COM (player) body=54C8BDB0 = (4662.656, 259.165, 1226.192) forward=(-0.227, 0.036, -0.973)
INFO 2026-07-27 15:27:20.203 joltshadow - docs §33: real ODE chassis geom (player) #1 = class 0 (not a transform) pos=(4662.656,259.165,1226.192) radius=4.500
INFO 2026-07-27 15:27:20.203 joltshadow - docs §33: real ODE chassis geom (player) #2 = transform, inner class=1 pos=(0.000,1.095,-0.495)
INFO 2026-07-27 15:27:20.203 joltshadow - docs §33: real ODE chassis geom (player) #3 = transform, inner class=1 pos=(0.353,3.466,0.718)
INFO 2026-07-27 15:27:20.203 joltshadow - docs §33: real ODE chassis geom (player) #4 = transform, inner class=1 pos=(0.000,1.818,1.842)
INFO 2026-07-27 15:27:20.203 joltshadow - docs §33: real ODE chassis geom (player) #5 = transform, inner class=1 pos=(0.006,1.981,-2.113)
INFO 2026-07-27 15:27:20.203 joltshadow - docs §33: real ODE chassis geom (player) #6 = class 0 (not a transform) pos=(4662.656,259.165,1226.192) radius=30.000
INFO 2026-07-27 15:27:20.203 joltshadow - docs §33: real ODE chassis geom (player) #7 = class 0 (not a transform) pos=(4662.656,259.165,1226.192) radius=6.436
INFO 2026-07-27 15:27:20.203 joltshadow - docs §33: real ODE chassis geom (player) #8 = class 0 (not a transform) pos=(4662.656,259.165,1226.192) radius=200.000
INFO 2026-07-27 15:27:20.203 joltshadow - docs §33: real ODE chassis (player) has 8 total geom(s) directly attached (4 transform(s)) - compare against BuildChassisCompoundShape's own part/geom count in the build log
INFO 2026-07-27 15:27:20.203 joltshadow - docs §28: REAL ODE wheel state (player) wheel=0 displacement=0.0724 range=1.000 (7% compressed, signed) foreAft=2.270 localZ=2.270 cfm=0.002500 erp=0.2500
INFO 2026-07-27 15:27:20.203 joltshadow - docs §28: REAL ODE wheel state (player) wheel=1 displacement=0.0334 range=1.000 (3% compressed, signed) foreAft=2.270 localZ=2.270 cfm=0.002500 erp=0.2500
INFO 2026-07-27 15:27:20.203 joltshadow - docs §28: REAL ODE wheel state (player) wheel=2 displacement=0.0239 range=1.000 (2% compressed, signed) foreAft=-2.062 localZ=-2.062 cfm=0.002500 erp=0.2500
INFO 2026-07-27 15:27:20.203 joltshadow - docs §28: REAL ODE wheel state (player) wheel=3 displacement=0.0043 range=1.000 (0% compressed, signed) foreAft=-2.062 localZ=-2.062 cfm=0.002500 erp=0.2500
INFO 2026-07-27 15:27:20.248 joltshadow - docs §70.1: slipdense (player) f=1204 w=0 grounded=0 kappa=0.000 fnGround=0 omega=47.81 | ftGround=0N target=77.6 limit=56Nm motorNm=56 tyreNm=0 inertia=1.78 limRot=0/201/0 omegaPre=47.65 posN=-25/-22/0 susp=0.0025 springN=-40
INFO 2026-07-27 15:27:20.248 joltshadow - docs §70.1: slipdense (player) f=1204 w=1 grounded=0 kappa=0.000 fnGround=0 omega=37.04 | ftGround=0N target=77.6 limit=56Nm motorNm=56 tyreNm=0 inertia=1.78 limRot=0/-321/0 omegaPre=36.79 posN=-32/-3/0 susp=0.0008 springN=14
INFO 2026-07-27 15:27:20.248 joltshadow - docs §70.1: slipdense (player) f=1204 w=2 grounded=0 kappa=0.000 fnGround=0 omega=37.47 | ftGround=0N target=77.6 limit=56Nm motorNm=56 tyreNm=0 inertia=1.82 limRot=0/18/3 omegaPre=37.19 posN=11/-6/0 susp=-0.0007 springN=-20
INFO 2026-07-27 15:27:20.248 joltshadow - docs §70.1: slipdense (player) f=1204 w=3 grounded=0 kappa=0.000 fnGround=0 omega=38.79 | ftGround=0N target=77.6 limit=56Nm motorNm=56 tyreNm=0 inertia=1.82 limRot=0/19/3 omegaPre=38.51 posN=3/14/0 susp=-0.0020 springN=38
INFO 2026-07-27 15:27:20.248 joltshadow - docs §78: attdense (player) f=1204 joltTilt=2.45 odeTilt=7.47 upDelta=7.40 wBody=(0.27,-0.58,-0.05) |w|=0.64 grounded=0
INFO 2026-07-27 15:27:20.285 joltshadow - docs §70.1: slipdense (player) f=1208 w=0 grounded=0 kappa=0.000 fnGround=0 omega=48.68 | ftGround=0N target=77.6 limit=56Nm motorNm=56 tyreNm=0 inertia=1.78 limRot=0/234/0 omegaPre=48.48 posN=-8/-5/0 susp=0.0042 springN=-27
INFO 2026-07-27 15:27:20.285 joltshadow - docs §70.1: slipdense (player) f=1208 w=1 grounded=0 kappa=0.000 fnGround=0 omega=37.90 | ftGround=0N target=77.6 limit=56Nm motorNm=56 tyreNm=0 inertia=1.78 limRot=0/-772/-45 omegaPre=37.62 posN=-15/-20/0 susp=-0.0010 springN=16
INFO 2026-07-27 15:27:20.285 joltshadow - docs §70.1: slipdense (player) f=1208 w=2 grounded=0 kappa=0.000 fnGround=0 omega=38.58 | ftGround=0N target=77.6 limit=56Nm motorNm=56 tyreNm=0 inertia=1.82 limRot=0/17/2 omegaPre=38.30 posN=-33/11/0 susp=0.0017 springN=-21
INFO 2026-07-27 15:27:20.285 joltshadow - docs §70.1: slipdense (player) f=1208 w=3 grounded=0 kappa=0.000 fnGround=0 omega=39.90 | ftGround=0N target=77.6 limit=56Nm motorNm=56 tyreNm=0 inertia=1.82 limRot=0/17/2 omegaPre=39.62 posN=-40/-4/0 susp=-0.0038 springN=27
INFO 2026-07-27 15:27:20.285 joltshadow - docs §78: attdense (player) f=1208 joltTilt=2.96 odeTilt=7.26 upDelta=7.74 wBody=(0.27,-0.57,-0.07) |w|=0.63 grounded=0
INFO 2026-07-27 15:27:20.304 joltshadow - docs §82: resync (player) #27 dt=0.51s upMax=8.031 deg posMax=1.434 m odeTiltPath=5.345 deg gain=1.5025
INFO 2026-07-27 15:27:20.304 joltshadow - docs §87: resync landing (player) w=0 pre=0.6516 post=0.0029 m R=0.629 dY=-1.1840 dRotDeg=17.97 |corr|=1.4344 m
INFO 2026-07-27 15:27:20.304 joltshadow - docs §87: resync landing (player) w=1 pre=0.3863 post=0.0026 m R=0.629 dY=-1.1840 dRotDeg=17.97 |corr|=1.4344 m
INFO 2026-07-27 15:27:20.304 joltshadow - docs §87: resync landing (player) w=2 pre=0.8852 post=0.0032 m R=0.635 dY=-1.1840 dRotDeg=17.97 |corr|=1.4344 m
INFO 2026-07-27 15:27:20.304 joltshadow - docs §87: resync landing (player) w=3 pre=0.5977 post=-0.0049 m R=0.635 dY=-1.1840 dRotDeg=17.97 |corr|=1.4344 m
INFO 2026-07-27 15:27:20.304 joltshadow - docs §82: resync RESIDUAL (player) #27 pos=0.0000 m up=0.0000 deg
INFO 2026-07-27 15:27:20.324 joltshadow - docs §70.1: slipdense (player) f=1212 w=0 grounded=1 kappa=0.770 fnGround=1195 omega=39.18 | ftGround=1693N target=46.5 limit=93Nm motorNm=93 tyreNm=-959 inertia=1.78 limRot=0/3767/-1104 omegaPre=43.56 posN=2326/-266/0 susp=-0.4874 springN=2051
INFO 2026-07-27 15:27:20.324 joltshadow - docs §70.1: slipdense (player) f=1212 w=1 grounded=1 kappa=0.110 fnGround=1232 omega=28.75 | ftGround=1566N target=46.5 limit=93Nm motorNm=93 tyreNm=-878 inertia=1.78 limRot=0/-558/0 omegaPre=33.10 posN=-2436/-537/0 susp=-0.5017 springN=2144
INFO 2026-07-27 15:27:20.324 joltshadow - docs §70.1: slipdense (player) f=1212 w=2 grounded=1 kappa=0.010 fnGround=1193 omega=28.95 | ftGround=242N target=46.5 limit=93Nm motorNm=93 tyreNm=-94 inertia=1.82 limRot=0/-60/-3 omegaPre=31.02 posN=-38/-140/0 susp=-0.5572 springN=2824
INFO 2026-07-27 15:27:20.324 joltshadow - docs §70.1: slipdense (player) f=1212 w=3 grounded=1 kappa=0.062 fnGround=1192 omega=30.45 | ftGround=1421N target=46.5 limit=93Nm motorNm=93 tyreNm=-738 inertia=1.82 limRot=0/-63/-11 omegaPre=34.81 posN=-32/-1228/0 susp=-0.5546 springN=2816
INFO 2026-07-27 15:27:20.324 joltshadow - docs §78: attdense (player) f=1212 joltTilt=7.14 odeTilt=7.24 upDelta=0.29 wBody=(-0.25,0.01,-0.03) |w|=0.26 grounded=4
INFO 2026-07-27 15:27:20.356 joltshadow - docs §70.1: slipdense (player) f=1216 w=0 grounded=1 kappa=-0.028 fnGround=1049 omega=27.08 | ftGround=-610N target=46.5 limit=93Nm motorNm=93 tyreNm=424 inertia=1.78 limRot=0/1950/0 omegaPre=27.61 posN=1391/1231/0 susp=-0.3545 springN=715
INFO 2026-07-27 15:27:20.356 joltshadow - docs §70.1: slipdense (player) f=1216 w=1 grounded=1 kappa=0.011 fnGround=1087 omega=28.71 | ftGround=243N target=46.5 limit=93Nm motorNm=93 tyreNm=-84 inertia=1.78 limRot=0/-672/0 omegaPre=28.43 posN=-1104/-224/0 susp=-0.3693 springN=811
INFO 2026-07-27 15:27:20.356 joltshadow - docs §70.1: slipdense (player) f=1216 w=2 grounded=1 kappa=0.015 fnGround=1194 omega=28.17 | ftGround=343N target=46.5 limit=93Nm motorNm=93 tyreNm=-141 inertia=1.82 limRot=0/-16/4 omegaPre=28.30 posN=33/-496/0 susp=-0.4617 springN=1589
INFO 2026-07-27 15:27:20.356 joltshadow - docs §70.1: slipdense (player) f=1216 w=3 grounded=1 kappa=0.013 fnGround=1196 omega=28.63 | ftGround=301N target=46.5 limit=93Nm motorNm=93 tyreNm=-113 inertia=1.82 limRot=0/-16/4 omegaPre=28.72 posN=34/-308/0 susp=-0.4767 springN=1717
INFO 2026-07-27 15:27:20.356 joltshadow - docs §78: attdense (player) f=1216 joltTilt=7.26 odeTilt=7.33 upDelta=0.07 wBody=(-0.24,-0.11,-0.06) |w|=0.27 grounded=4
INFO 2026-07-27 15:27:20.395 joltshadow - docs §70.1: slipdense (player) f=1220 w=0 grounded=1 kappa=0.040 fnGround=0 omega=28.21 | ftGround=0N target=46.5 limit=93Nm motorNm=93 tyreNm=0 inertia=1.78 limRot=0/15/0 omegaPre=27.81 posN=-1/19/0 susp=-0.1829 springN=-170
INFO 2026-07-27 15:27:20.395 joltshadow - docs §70.1: slipdense (player) f=1220 w=1 grounded=1 kappa=0.034 fnGround=8 omega=28.59 | ftGround=6N target=46.5 limit=93Nm motorNm=93 tyreNm=-3 inertia=1.78 limRot=0/-247/0 omegaPre=28.37 posN=-1/3/0 susp=-0.1965 springN=-105
INFO 2026-07-27 15:27:20.395 joltshadow - docs §70.1: slipdense (player) f=1220 w=2 grounded=1 kappa=0.013 fnGround=811 omega=28.08 | ftGround=243N target=46.5 limit=93Nm motorNm=93 tyreNm=-103 inertia=1.82 limRot=0/41/4 omegaPre=28.01 posN=50/-247/0 susp=-0.2994 springN=535
INFO 2026-07-27 15:27:20.396 joltshadow - docs §70.1: slipdense (player) f=1220 w=3 grounded=1 kappa=0.013 fnGround=885 omega=28.52 | ftGround=250N target=46.5 limit=93Nm motorNm=93 tyreNm=-102 inertia=1.82 limRot=0/44/4 omegaPre=28.47 posN=55/-267/0 susp=-0.3171 springN=608
INFO 2026-07-27 15:27:20.396 joltshadow - docs §78: attdense (player) f=1220 joltTilt=7.38 odeTilt=7.43 upDelta=0.59 wBody=(-0.14,-0.09,0.01) |w|=0.17 grounded=4
INFO 2026-07-27 15:27:20.429 joltshadow - docs §70.1: slipdense (player) f=1224 w=0 grounded=0 kappa=0.000 fnGround=0 omega=29.61 | ftGround=0N target=46.5 limit=93Nm motorNm=93 tyreNm=0 inertia=1.78 limRot=0/-12/0 omegaPre=29.24 posN=4/-23/0 susp=-0.0673 springN=-372
INFO 2026-07-27 15:27:20.429 joltshadow - docs §70.1: slipdense (player) f=1224 w=1 grounded=0 kappa=0.000 fnGround=0 omega=29.97 | ftGround=0N target=46.5 limit=93Nm motorNm=93 tyreNm=0 inertia=1.78 limRot=0/77/0 omegaPre=29.62 posN=4/-30/0 susp=-0.0743 springN=-369
INFO 2026-07-27 15:27:20.429 joltshadow - docs §70.1: slipdense (player) f=1224 w=2 grounded=1 kappa=0.045 fnGround=0 omega=27.95 | ftGround=0N target=46.5 limit=93Nm motorNm=93 tyreNm=0 inertia=1.82 limRot=0/2/-1 omegaPre=27.59 posN=-9/-19/0 susp=-0.1691 springN=-72
INFO 2026-07-27 15:27:20.429 joltshadow - docs §70.1: slipdense (player) f=1224 w=3 grounded=1 kappa=0.033 fnGround=0 omega=28.14 | ftGround=0N target=46.5 limit=93Nm motorNm=93 tyreNm=0 inertia=1.82 limRot=0/2/-1 omegaPre=28.01 posN=-9/-27/0 susp=-0.1816 springN=9
INFO 2026-07-27 15:27:20.429 joltshadow - docs §78: attdense (player) f=1224 joltTilt=7.50 odeTilt=7.49 upDelta=0.82 wBody=(-0.01,-0.08,0.00) |w|=0.08 grounded=2
INFO 2026-07-27 15:27:20.471 joltshadow - docs §70.1: slipdense (player) f=1228 w=0 grounded=0 kappa=0.000 fnGround=0 omega=31.37 | ftGround=0N target=46.5 limit=93Nm motorNm=93 tyreNm=0 inertia=1.78 limRot=0/-5/0 omegaPre=30.84 posN=4/1/0 susp=-0.0041 springN=-202
INFO 2026-07-27 15:27:20.471 joltshadow - docs §70.1: slipdense (player) f=1228 w=1 grounded=0 kappa=0.000 fnGround=0 omega=31.45 | ftGround=0N target=46.5 limit=93Nm motorNm=93 tyreNm=0 inertia=1.78 limRot=0/577/-486 omegaPre=30.96 posN=4/1/0 susp=-0.0079 springN=-183
INFO 2026-07-27 15:27:20.471 joltshadow - docs §70.1: slipdense (player) f=1228 w=2 grounded=0 kappa=0.000 fnGround=0 omega=29.67 | ftGround=0N target=46.5 limit=93Nm motorNm=93 tyreNm=0 inertia=1.82 limRot=0/3/2 omegaPre=29.16 posN=3/-0/0 susp=-0.0488 springN=-321
INFO 2026-07-27 15:27:20.471 joltshadow - docs §70.1: slipdense (player) f=1228 w=3 grounded=0 kappa=0.000 fnGround=0 omega=29.87 | ftGround=0N target=46.5 limit=93Nm motorNm=93 tyreNm=0 inertia=1.82 limRot=0/3/2 omegaPre=29.35 posN=2/0/0 susp=-0.0581 springN=-281
INFO 2026-07-27 15:27:20.471 joltshadow - docs §78: attdense (player) f=1228 joltTilt=7.42 odeTilt=7.50 upDelta=0.94 wBody=(0.02,-0.09,-0.07) |w|=0.11 grounded=0
INFO 2026-07-27 15:27:20.507 joltshadow - docs §70.1: slipdense (player) f=1232 w=0 grounded=0 kappa=0.000 fnGround=0 omega=32.88 | ftGround=0N target=46.5 limit=93Nm motorNm=93 tyreNm=0 inertia=1.78 limRot=0/75/0 omegaPre=32.46 posN=-12/-0/0 susp=0.0071 springN=-66
INFO 2026-07-27 15:27:20.507 joltshadow - docs §70.1: slipdense (player) f=1232 w=1 grounded=0 kappa=0.000 fnGround=0 omega=32.96 | ftGround=0N target=46.5 limit=93Nm motorNm=93 tyreNm=0 inertia=1.78 limRot=0/561/0 omegaPre=32.55 posN=-12/11/0 susp=0.0070 springN=-70
INFO 2026-07-27 15:27:20.507 joltshadow - docs §70.1: slipdense (player) f=1232 w=2 grounded=0 kappa=0.000 fnGround=0 omega=31.16 | ftGround=0N target=46.5 limit=93Nm motorNm=93 tyreNm=0 inertia=1.82 limRot=0/3/2 omegaPre=30.75 posN=8/-1/0 susp=-0.0041 springN=-179
INFO 2026-07-27 15:27:20.508 joltshadow - docs §70.1: slipdense (player) f=1232 w=3 grounded=0 kappa=0.000 fnGround=0 omega=31.35 | ftGround=0N target=46.5 limit=93Nm motorNm=93 tyreNm=0 inertia=1.82 limRot=0/3/2 omegaPre=30.94 posN=8/11/0 susp=-0.0069 springN=-186
INFO 2026-07-27 15:27:20.508 joltshadow - docs §78: attdense (player) f=1232 joltTilt=7.33 odeTilt=7.49 upDelta=1.02 wBody=(-0.01,-0.09,-0.08) |w|=0.12 grounded=0
INFO 2026-07-27 15:27:20.549 joltshadow - docs §70.1: slipdense (player) f=1236 w=0 grounded=0 kappa=0.000 fnGround=0 omega=34.57 | ftGround=0N target=46.5 limit=93Nm motorNm=93 tyreNm=0 inertia=1.78 limRot=0/1006/0 omegaPre=33.97 posN=3/5/0 susp=0.0043 springN=-4
INFO 2026-07-27 15:27:20.549 joltshadow - docs §70.1: slipdense (player) f=1236 w=1 grounded=0 kappa=0.000 fnGround=0 omega=34.39 | ftGround=0N target=46.5 limit=93Nm motorNm=93 tyreNm=0 inertia=1.78 limRot=0/-71/0 omegaPre=33.82 posN=3/-2/0 susp=0.0085 springN=-27
INFO 2026-07-27 15:27:20.549 joltshadow - docs §70.1: slipdense (player) f=1236 w=2 grounded=0 kappa=0.000 fnGround=0 omega=32.87 | ftGround=0N target=46.5 limit=93Nm motorNm=93 tyreNm=0 inertia=1.82 limRot=0/2/0 omegaPre=32.26 posN=-10/5/0 susp=0.0048 springN=-36
INFO 2026-07-27 15:27:20.549 joltshadow - docs §70.1: slipdense (player) f=1236 w=3 grounded=0 kappa=0.000 fnGround=0 omega=33.07 | ftGround=0N target=46.5 limit=93Nm motorNm=93 tyreNm=0 inertia=1.82 limRot=0/2/0 omegaPre=32.45 posN=-10/-2/0 susp=0.0085 springN=-66
INFO 2026-07-27 15:27:20.549 joltshadow - docs §78: attdense (player) f=1236 joltTilt=7.33 odeTilt=7.46 upDelta=1.11 wBody=(-0.06,-0.09,-0.05) |w|=0.11 grounded=0
INFO 2026-07-27 15:27:20.595 joltshadow - docs §70.1: slipdense (player) f=1240 w=0 grounded=0 kappa=0.000 fnGround=0 omega=36.42 | ftGround=0N target=46.5 limit=93Nm motorNm=93 tyreNm=0 inertia=1.78 limRot=0/-94/0 omegaPre=35.87 posN=15/1/0 susp=0.0024 springN=3
INFO 2026-07-27 15:27:20.595 joltshadow - docs §70.1: slipdense (player) f=1240 w=1 grounded=0 kappa=0.000 fnGround=0 omega=36.31 | ftGround=0N target=46.5 limit=93Nm motorNm=93 tyreNm=0 inertia=1.78 limRot=0/203/0 omegaPre=35.74 posN=14/-3/0 susp=0.0035 springN=-11
INFO 2026-07-27 15:27:20.595 joltshadow - docs §70.1: slipdense (player) f=1240 w=2 grounded=0 kappa=0.000 fnGround=0 omega=34.78 | ftGround=0N target=46.5 limit=93Nm motorNm=93 tyreNm=0 inertia=1.82 limRot=0/4/1 omegaPre=34.22 posN=7/2/0 susp=0.0020 springN=22
INFO 2026-07-27 15:27:20.596 joltshadow - docs §70.1: slipdense (player) f=1240 w=3 grounded=0 kappa=0.000 fnGround=0 omega=34.98 | ftGround=0N target=46.5 limit=93Nm motorNm=93 tyreNm=0 inertia=1.82 limRot=0/4/1 omegaPre=34.41 posN=7/-2/0 susp=0.0041 springN=-1
INFO 2026-07-27 15:27:20.596 joltshadow - docs §78: attdense (player) f=1240 joltTilt=7.30 odeTilt=7.45 upDelta=1.30 wBody=(-0.09,-0.10,-0.01) |w|=0.13 grounded=0
INFO 2026-07-27 15:27:20.641 joltshadow - docs §70.1: slipdense (player) f=1244 w=0 grounded=0 kappa=0.000 fnGround=0 omega=38.31 | ftGround=0N target=46.5 limit=93Nm motorNm=93 tyreNm=0 inertia=1.78 limRot=0/131/0 omegaPre=37.69 posN=-3/-16/0 susp=-0.0003 springN=15
INFO 2026-07-27 15:27:20.641 joltshadow - docs §70.1: slipdense (player) f=1244 w=1 grounded=0 kappa=0.000 fnGround=0 omega=38.07 | ftGround=0N target=46.5 limit=93Nm motorNm=93 tyreNm=0 inertia=1.78 limRot=0/-909/0 omegaPre=37.53 posN=-3/9/0 susp=0.0039 springN=-26
INFO 2026-07-27 15:27:20.641 joltshadow - docs §70.1: slipdense (player) f=1244 w=2 grounded=0 kappa=0.000 fnGround=0 omega=36.65 | ftGround=0N target=46.5 limit=93Nm motorNm=93 tyreNm=0 inertia=1.82 limRot=0/6/-1 omegaPre=36.03 posN=42/-16/0 susp=-0.0025 springN=36
INFO 2026-07-27 15:27:20.641 joltshadow - docs §70.1: slipdense (player) f=1244 w=3 grounded=0 kappa=0.000 fnGround=0 omega=36.84 | ftGround=0N target=46.5 limit=93Nm motorNm=93 tyreNm=0 inertia=1.82 limRot=0/6/-1 omegaPre=36.23 posN=42/10/0 susp=0.0022 springN=-7
INFO 2026-07-27 15:27:20.642 joltshadow - docs §78: attdense (player) f=1244 joltTilt=7.48 odeTilt=7.46 upDelta=1.45 wBody=(-0.10,-0.11,0.06) |w|=0.16 grounded=0
INFO 2026-07-27 15:27:20.674 joltshadow - docs §70.1: slipdense (player) f=1248 w=0 grounded=0 kappa=0.000 fnGround=0 omega=39.67 | ftGround=0N target=46.5 limit=93Nm motorNm=93 tyreNm=0 inertia=1.78 limRot=0/-271/0 omegaPre=39.31 posN=3/-3/0 susp=-0.0021 springN=15
INFO 2026-07-27 15:27:20.674 joltshadow - docs §70.1: slipdense (player) f=1248 w=1 grounded=0 kappa=0.000 fnGround=0 omega=39.24 | ftGround=0N target=46.5 limit=93Nm motorNm=93 tyreNm=0 inertia=1.78 limRot=0/-725/0 omegaPre=38.88 posN=3/0/0 susp=0.0043 springN=-24
INFO 2026-07-27 15:27:20.674 joltshadow - docs §70.1: slipdense (player) f=1248 w=2 grounded=0 kappa=0.000 fnGround=0 omega=38.00 | ftGround=0N target=46.5 limit=93Nm motorNm=93 tyreNm=0 inertia=1.82 limRot=0/4/-3 omegaPre=37.64 posN=9/-2/0 susp=-0.0047 springN=31
INFO 2026-07-27 15:27:20.674 joltshadow - docs §70.1: slipdense (player) f=1248 w=3 grounded=0 kappa=0.000 fnGround=0 omega=38.20 | ftGround=0N target=46.5 limit=93Nm motorNm=93 tyreNm=0 inertia=1.82 limRot=0/4/-4 omegaPre=37.84 posN=9/1/0 susp=0.0025 springN=-12
INFO 2026-07-27 15:27:20.674 joltshadow - docs §78: attdense (player) f=1248 joltTilt=7.76 odeTilt=7.47 upDelta=1.55 wBody=(-0.11,-0.10,0.12) |w|=0.19 grounded=0
INFO 2026-07-27 15:27:20.708 joltshadow - docs §70.1: slipdense (player) f=1252 w=0 grounded=0 kappa=0.000 fnGround=0 omega=40.36 | ftGround=0N target=77.6 limit=56Nm motorNm=56 tyreNm=0 inertia=1.78 limRot=0/-1537/0 omegaPre=40.20 posN=-18/-15/0 susp=-0.0015 springN=2
INFO 2026-07-27 15:27:20.708 joltshadow - docs §70.1: slipdense (player) f=1252 w=1 grounded=0 kappa=0.000 fnGround=0 omega=40.03 | ftGround=0N target=77.6 limit=56Nm motorNm=56 tyreNm=0 inertia=1.78 limRot=0/618/0 omegaPre=39.88 posN=-18/2/0 susp=0.0021 springN=-8
INFO 2026-07-27 15:27:20.708 joltshadow - docs §70.1: slipdense (player) f=1252 w=2 grounded=0 kappa=0.000 fnGround=0 omega=39.02 | ftGround=0N target=77.6 limit=56Nm motorNm=56 tyreNm=0 inertia=1.82 limRot=0/4/-3 omegaPre=38.71 posN=14/-14/0 susp=-0.0037 springN=12
INFO 2026-07-27 15:27:20.708 joltshadow - docs §70.1: slipdense (player) f=1252 w=3 grounded=0 kappa=0.000 fnGround=0 omega=39.21 | ftGround=0N target=77.6 limit=56Nm motorNm=56 tyreNm=0 inertia=1.82 limRot=0/4/-3 omegaPre=38.91 posN=14/3/0 susp=0.0005 springN=1
INFO 2026-07-27 15:27:20.708 joltshadow - docs §78: attdense (player) f=1252 joltTilt=8.03 odeTilt=7.43 upDelta=1.70 wBody=(-0.12,-0.10,0.14) |w|=0.21 grounded=0
INFO 2026-07-27 15:27:20.750 joltshadow - docs §70.1: slipdense (player) f=1256 w=0 grounded=0 kappa=0.000 fnGround=0 omega=41.43 | ftGround=0N target=77.6 limit=56Nm motorNm=56 tyreNm=0 inertia=1.78 limRot=0/593/0 omegaPre=41.27 posN=-41/-5/0 susp=0.0029 springN=-50
INFO 2026-07-27 15:27:20.751 joltshadow - docs §70.1: slipdense (player) f=1256 w=1 grounded=0 kappa=0.000 fnGround=0 omega=41.20 | ftGround=0N target=77.6 limit=56Nm motorNm=56 tyreNm=0 inertia=1.78 limRot=0/-393/0 omegaPre=40.87 posN=-41/3/0 susp=-0.0021 springN=24
INFO 2026-07-27 15:27:20.751 joltshadow - docs §70.1: slipdense (player) f=1256 w=2 grounded=0 kappa=0.000 fnGround=0 omega=40.34 | ftGround=0N target=77.6 limit=56Nm motorNm=56 tyreNm=0 inertia=1.82 limRot=0/-1/1 omegaPre=40.00 posN=-26/-4/0 susp=0.0009 springN=-31
INFO 2026-07-27 15:27:20.751 joltshadow - docs §70.1: slipdense (player) f=1256 w=3 grounded=0 kappa=0.000 fnGround=0 omega=40.54 | ftGround=0N target=77.6 limit=56Nm motorNm=56 tyreNm=0 inertia=1.82 limRot=0/-1/1 omegaPre=40.20 posN=-26/4/0 susp=-0.0042 springN=49
INFO 2026-07-27 15:27:20.751 joltshadow - docs §78: attdense (player) f=1256 joltTilt=8.29 odeTilt=7.38 upDelta=1.97 wBody=(-0.15,-0.06,0.01) |w|=0.16 grounded=0
INFO 2026-07-27 15:27:20.784 joltshadow - docs §70.1: slipdense (player) f=1260 w=0 grounded=0 kappa=0.000 fnGround=0 omega=42.28 | ftGround=0N target=77.6 limit=56Nm motorNm=56 tyreNm=0 inertia=1.78 limRot=0/-416/0 omegaPre=42.05 posN=-48/-14/0 susp=0.0058 springN=-53
INFO 2026-07-27 15:27:20.784 joltshadow - docs §70.1: slipdense (player) f=1260 w=1 grounded=0 kappa=0.000 fnGround=0 omega=42.02 | ftGround=0N target=77.6 limit=56Nm motorNm=56 tyreNm=0 inertia=1.78 limRot=0/642/0 omegaPre=41.88 posN=-48/-0/0 susp=-0.0032 springN=33
INFO 2026-07-27 15:27:20.784 joltshadow - docs §70.1: slipdense (player) f=1260 w=2 grounded=0 kappa=0.000 fnGround=0 omega=41.36 | ftGround=0N target=77.6 limit=56Nm motorNm=56 tyreNm=0 inertia=1.82 limRot=0/-2/4 omegaPre=41.11 posN=-22/-14/0 susp=0.0035 springN=-43
INFO 2026-07-27 15:27:20.784 joltshadow - docs §70.1: slipdense (player) f=1260 w=3 grounded=0 kappa=0.000 fnGround=0 omega=41.55 | ftGround=0N target=77.6 limit=56Nm motorNm=56 tyreNm=0 inertia=1.82 limRot=0/-2/4 omegaPre=41.31 posN=-22/1/0 susp=-0.0064 springN=51
INFO 2026-07-27 15:27:20.784 joltshadow - docs §78: attdense (player) f=1260 joltTilt=8.37 odeTilt=7.47 upDelta=2.34 wBody=(-0.15,-0.06,-0.10) |w|=0.19 grounded=0
INFO 2026-07-27 15:27:20.784 joltshadow - Shadow divergence (player): pos=2.495m vel=0.675m/s angle=3.3deg (jolt com=[4661.0 261.9 1217.2] ode com=[4660.5 259.4 1217.0])
INFO 2026-07-27 15:27:20.784 joltshadow - docs §23.6: driver input (player) realThrottle=1.00 brake=0.01 handBrake=0 steerRad=0.000
INFO 2026-07-27 15:27:20.784 joltshadow - docs §32: Jolt SHADOW chassis pitch (player) forward=(-0.181, 0.086, -0.980)
INFO 2026-07-27 15:27:20.784 joltshadow - docs §69: tilt (player) jolt=8.4 deg ode=7.5 deg delta=+0.9 deg upDelta=2.34 deg
INFO 2026-07-27 15:27:20.784 joltshadow - docs §32.4: Jolt SHADOW chassis lowest corner (player) = (4662.89,260.08,1219.98) clearanceToGround=0.945
INFO 2026-07-27 15:27:20.784 joltshadow - docs §23.5: wheel state (player) wheel=0 contact=0 suspLen=1.050 (range 0.050-1.050, 0% compressed) angVel=0.00
INFO 2026-07-27 15:27:20.784 joltshadow - docs §38.11: wheel=0 NO contact, worldAxle=(0.975,-0.117,-0.190)
INFO 2026-07-27 15:27:20.784 joltshadow - docs §32: no-contact raycast (player) wheel=0 bodyPos=(4660.87,261.14,1216.80) localMPos=(-1.155,0.060,2.270) origin=(4661.59,261.26,1214.36) dir=(-0.131,-0.989,-0.062) normalRayLen=1.679 groundFoundAt=0.000 shortfallBeyondTravel=-1.679 hitBody=8391044 hitLayer=4 hitMotion=2 hitIsSelfChassis=0
INFO 2026-07-27 15:27:20.784 joltshadow - docs §23.5: wheel state (player) wheel=1 contact=0 suspLen=1.050 (range 0.050-1.050, 0% compressed) angVel=0.00
INFO 2026-07-27 15:27:20.785 joltshadow - docs §38.11: wheel=1 NO contact, worldAxle=(0.975,-0.117,-0.190)
INFO 2026-07-27 15:27:20.785 joltshadow - docs §32: no-contact raycast (player) wheel=1 bodyPos=(4660.87,261.14,1216.80) localMPos=(1.155,0.059,2.270) origin=(4659.34,261.53,1214.80) dir=(-0.131,-0.989,-0.062) normalRayLen=1.679 groundFoundAt=0.000 shortfallBeyondTravel=-1.679 hitBody=8391045 hitLayer=4 hitMotion=2 hitIsSelfChassis=0
INFO 2026-07-27 15:27:20.785 joltshadow - docs §23.5: wheel state (player) wheel=2 contact=0 suspLen=1.050 (range 0.050-1.050, 0% compressed) angVel=0.00
INFO 2026-07-27 15:27:20.785 joltshadow - docs §38.11: wheel=2 NO contact, worldAxle=(0.975,-0.117,-0.190)
INFO 2026-07-27 15:27:20.785 joltshadow - docs §32: no-contact raycast (player) wheel=2 bodyPos=(4660.87,261.14,1216.80) localMPos=(-1.253,0.145,-2.062) origin=(4662.48,260.96,1218.59) dir=(-0.131,-0.989,-0.062) normalRayLen=1.685 groundFoundAt=0.008 shortfallBeyondTravel=-1.678 hitBody=8391046 hitLayer=4 hitMotion=2 hitIsSelfChassis=0
INFO 2026-07-27 15:27:20.785 joltshadow - docs §23.5: wheel state (player) wheel=3 contact=0 suspLen=1.050 (range 0.050-1.050, 0% compressed) angVel=0.00
INFO 2026-07-27 15:27:20.785 joltshadow - docs §38.11: wheel=3 NO contact, worldAxle=(0.975,-0.117,-0.190)
INFO 2026-07-27 15:27:20.785 joltshadow - docs §32: no-contact raycast (player) wheel=3 bodyPos=(4660.87,261.14,1216.80) localMPos=(1.253,0.146,-2.062) origin=(4660.04,261.26,1219.07) dir=(-0.131,-0.989,-0.062) normalRayLen=1.685 groundFoundAt=0.000 shortfallBeyondTravel=-1.685 hitBody=8391047 hitLayer=4 hitMotion=2 hitIsSelfChassis=0
INFO 2026-07-27 15:27:20.785 joltshadow - docs §59/63: harvest (player) wheelsWithContact=0 contactPoints=0 overflow=0 (of 4) | maxNormalF=0N bound(k_t*tau)=0N ratio=0.00
INFO 2026-07-27 15:27:20.785 joltshadow - docs §58: wheel body (player) w=0 springF=-53N stopF=0N travel=0.0058 (limits -0.5000..0.5000 rel spawn) kSusp=6000 sagPredicted=-0.0088 | frameTrav=0.0055..0.0058 frameStopN=0
INFO 2026-07-27 15:27:20.785 joltshadow - docs §66: tyre band (player) w=0 fnGround=0N fnTotal=0N pen=0.00000 penRaw=0.00000 tau=0.01000 pen/tau=0.00 | recs tyre=0 rim=0 survived=0 stale=0 distMax=0.00R
INFO 2026-07-27 15:27:20.785 joltshadow - docs §68: steer (player) w=0 steerable=1 commanded=0.000 rad measured=-0.053 rad err=-3.01 deg steerSign=-1 steerTq=-609Nm cap=815Nm sat=0.75
INFO 2026-07-27 15:27:20.785 joltshadow - docs §70: slip (player) w=0 grounded=0 kappa=0.000 fnGround=0N omega=42.28
INFO 2026-07-27 15:27:20.785 joltshadow - docs §67: spin (player) w=0 driven=1 omega=42.28 rad/s surfaceSpeed=26.61 m/s spinSign=+1 motorTq=56Nm cmdTq=56Nm
INFO 2026-07-27 15:27:20.785 joltshadow - docs §58: wheel body (player) w=1 springF=33N stopF=0N travel=-0.0032 (limits -0.5000..0.5000 rel spawn) kSusp=6000 sagPredicted=0.0055 | frameTrav=-0.0032..-0.0029 frameStopN=0
INFO 2026-07-27 15:27:20.785 joltshadow - docs §66: tyre band (player) w=1 fnGround=0N fnTotal=0N pen=0.00000 penRaw=0.00000 tau=0.01000 pen/tau=0.00 | recs tyre=0 rim=0 survived=0 stale=0 distMax=0.00R
INFO 2026-07-27 15:27:20.785 joltshadow - docs §68: steer (player) w=1 steerable=1 commanded=0.000 rad measured=-0.431 rad err=-24.72 deg steerSign=-1 steerTq=569Nm cap=815Nm sat=0.70
INFO 2026-07-27 15:27:20.785 joltshadow - docs §70: slip (player) w=1 grounded=0 kappa=0.000 fnGround=0N omega=42.02
INFO 2026-07-27 15:27:20.785 joltshadow - docs §67: spin (player) w=1 driven=1 omega=42.02 rad/s surfaceSpeed=26.44 m/s spinSign=+1 motorTq=56Nm cmdTq=56Nm
INFO 2026-07-27 15:27:20.785 joltshadow - docs §58: wheel body (player) w=2 springF=-43N stopF=0N travel=0.0035 (limits -0.5000..0.5000 rel spawn) kSusp=6000 sagPredicted=-0.0072 | frameTrav=0.0032..0.0035 frameStopN=0
INFO 2026-07-27 15:27:20.785 joltshadow - docs §66: tyre band (player) w=2 fnGround=0N fnTotal=0N pen=0.00000 penRaw=0.00000 tau=0.01000 pen/tau=0.00 | recs tyre=0 rim=0 survived=0 stale=0 distMax=0.00R
INFO 2026-07-27 15:27:20.786 joltshadow - docs §68: steer (player) w=2 steerable=0 commanded=0.000 rad measured=-0.000 rad err=-0.00 deg steerSign=-1 steerTq=0Nm cap=340282346638528859811704183484516925440Nm sat=0.00
INFO 2026-07-27 15:27:20.786 joltshadow - docs §70: slip (player) w=2 grounded=0 kappa=0.000 fnGround=0N omega=41.36
INFO 2026-07-27 15:27:20.786 joltshadow - docs §67: spin (player) w=2 driven=1 omega=41.36 rad/s surfaceSpeed=26.28 m/s spinSign=+1 motorTq=56Nm cmdTq=56Nm
INFO 2026-07-27 15:27:20.786 joltshadow - docs §58: wheel body (player) w=3 springF=51N stopF=0N travel=-0.0064 (limits -0.5000..0.5000 rel spawn) kSusp=6000 sagPredicted=0.0085 | frameTrav=-0.0064..-0.0061 frameStopN=0
INFO 2026-07-27 15:27:20.786 joltshadow - docs §66: tyre band (player) w=3 fnGround=0N fnTotal=0N pen=0.00000 penRaw=0.00000 tau=0.01000 pen/tau=0.00 | recs tyre=0 rim=0 survived=0 stale=0 distMax=0.00R
INFO 2026-07-27 15:27:20.786 joltshadow - docs §68: steer (player) w=3 steerable=0 commanded=0.000 rad measured=0.000 rad err=0.00 deg steerSign=-1 steerTq=0Nm cap=340282346638528859811704183484516925440Nm sat=0.00
INFO 2026-07-27 15:27:20.786 joltshadow - docs §70: slip (player) w=3 grounded=0 kappa=0.000 fnGround=0N omega=41.55
INFO 2026-07-27 15:27:20.786 joltshadow - docs §67: spin (player) w=3 driven=1 omega=41.55 rad/s surfaceSpeed=26.40 m/s spinSign=+1 motorTq=56Nm cmdTq=56Nm
INFO 2026-07-27 15:27:20.786 joltshadow - docs §67: drivetrain (player) gear=2 rpm=3217 driveTorque=225Nm perWheel=56Nm driven=4 throttle=1.00 spin=1 | PRE-STEP brake=0.01 handBrake=0
INFO 2026-07-27 15:27:20.786 joltshadow - docs §66: tyre band SUM (player) fnGroundSum=0N fnTotalSum=0N weight=942N carried=0.00 | penSum=0.00000 recs tyre=0 rim=0 stale=0
INFO 2026-07-27 15:27:20.786 joltshadow - docs §30: REAL ODE chassis COM (player) body=54C8BDB0 = (4660.514, 259.424, 1217.000) forward=(-0.225, 0.051, -0.973)
INFO 2026-07-27 15:27:20.786 joltshadow - docs §33: real ODE chassis geom (player) #1 = class 0 (not a transform) pos=(4660.514,259.424,1217.000) radius=4.500
INFO 2026-07-27 15:27:20.786 joltshadow - docs §33: real ODE chassis geom (player) #2 = transform, inner class=1 pos=(0.000,1.095,-0.495)
INFO 2026-07-27 15:27:20.786 joltshadow - docs §33: real ODE chassis geom (player) #3 = transform, inner class=1 pos=(0.353,3.466,0.718)
INFO 2026-07-27 15:27:20.786 joltshadow - docs §33: real ODE chassis geom (player) #4 = transform, inner class=1 pos=(0.000,1.818,1.842)
INFO 2026-07-27 15:27:20.786 joltshadow - docs §33: real ODE chassis geom (player) #5 = transform, inner class=1 pos=(0.006,1.981,-2.113)
INFO 2026-07-27 15:27:20.786 joltshadow - docs §33: real ODE chassis geom (player) #6 = class 0 (not a transform) pos=(4660.514,259.424,1217.000) radius=30.000
INFO 2026-07-27 15:27:20.786 joltshadow - docs §33: real ODE chassis geom (player) #7 = class 0 (not a transform) pos=(4660.514,259.424,1217.000) radius=6.436
INFO 2026-07-27 15:27:20.786 joltshadow - docs §33: real ODE chassis geom (player) #8 = class 0 (not a transform) pos=(4660.514,259.424,1217.000) radius=200.000
INFO 2026-07-27 15:27:20.786 joltshadow - docs §33: real ODE chassis (player) has 8 total geom(s) directly attached (4 transform(s)) - compare against BuildChassisCompoundShape's own part/geom count in the build log
INFO 2026-07-27 15:27:20.786 joltshadow - docs §28: REAL ODE wheel state (player) wheel=0 displacement=0.0244 range=1.000 (2% compressed, signed) foreAft=2.270 localZ=2.270 cfm=0.002500 erp=0.2500
INFO 2026-07-27 15:27:20.786 joltshadow - docs §28: REAL ODE wheel state (player) wheel=1 displacement=0.0306 range=1.000 (3% compressed, signed) foreAft=2.270 localZ=2.270 cfm=0.002500 erp=0.2500
INFO 2026-07-27 15:27:20.786 joltshadow - docs §28: REAL ODE wheel state (player) wheel=2 displacement=0.0439 range=1.000 (4% compressed, signed) foreAft=-2.062 localZ=-2.062 cfm=0.002500 erp=0.2500
INFO 2026-07-27 15:27:20.786 joltshadow - docs §28: REAL ODE wheel state (player) wheel=3 displacement=0.0483 range=1.000 (5% compressed, signed) foreAft=-2.062 localZ=-2.062 cfm=0.002500 erp=0.2500
INFO 2026-07-27 15:27:20.804 joltshadow - docs §82: resync (player) #28 dt=0.50s upMax=2.610 deg posMax=1.277 m odeTiltPath=0.615 deg gain=4.2433
INFO 2026-07-27 15:27:20.804 joltshadow - docs §87: resync landing (player) w=0 pre=0.7681 post=-0.0010 m R=0.629 dY=-1.2227 dRotDeg=3.50 |corr|=1.2768 m
INFO 2026-07-27 15:27:20.804 joltshadow - docs §87: resync landing (player) w=1 pre=0.7624 post=0.0037 m R=0.629 dY=-1.2227 dRotDeg=3.50 |corr|=1.2768 m
INFO 2026-07-27 15:27:20.804 joltshadow - docs §87: resync landing (player) w=2 pre=0.4859 post=0.0011 m R=0.635 dY=-1.2227 dRotDeg=3.50 |corr|=1.2768 m
INFO 2026-07-27 15:27:20.804 joltshadow - docs §87: resync landing (player) w=3 pre=0.4802 post=0.0048 m R=0.635 dY=-1.2227 dRotDeg=3.50 |corr|=1.2768 m
INFO 2026-07-27 15:27:20.805 joltshadow - docs §82: resync RESIDUAL (player) #28 pos=0.0000 m up=0.0000 deg
INFO 2026-07-27 15:27:20.827 joltshadow - docs §70.1: slipdense (player) f=1264 w=0 grounded=1 kappa=0.195 fnGround=1180 omega=31.98 | ftGround=1635N target=46.5 limit=93Nm motorNm=93 tyreNm=-915 inertia=1.78 limRot=0/1508/0 omegaPre=37.22 posN=1479/-939/0 susp=-0.4902 springN=1920
INFO 2026-07-27 15:27:20.828 joltshadow - docs §70.1: slipdense (player) f=1264 w=1 grounded=1 kappa=0.251 fnGround=1191 omega=31.92 | ftGround=1655N target=46.5 limit=93Nm motorNm=93 tyreNm=-933 inertia=1.78 limRot=0/3875/0 omegaPre=37.13 posN=1671/-64/0 susp=-0.4985 springN=2268
INFO 2026-07-27 15:27:20.828 joltshadow - docs §70.1: slipdense (player) f=1264 w=2 grounded=1 kappa=0.026 fnGround=1199 omega=30.81 | ftGround=700N target=46.5 limit=93Nm motorNm=93 tyreNm=-343 inertia=1.82 limRot=0/-420/-16 omegaPre=34.64 posN=-729/-752/0 susp=-0.5355 springN=2432
INFO 2026-07-27 15:27:20.828 joltshadow - docs §70.1: slipdense (player) f=1264 w=3 grounded=1 kappa=0.013 fnGround=1197 omega=32.05 | ftGround=337N target=46.5 limit=93Nm motorNm=93 tyreNm=-132 inertia=1.82 limRot=0/-400/-15 omegaPre=35.11 posN=-697/2/0 susp=-0.5422 springN=2803
INFO 2026-07-27 15:27:20.828 joltshadow - docs §78: attdense (player) f=1264 joltTilt=7.19 odeTilt=7.58 upDelta=0.40 wBody=(-0.19,-0.32,-0.44) |w|=0.57 grounded=4
INFO 2026-07-27 15:27:20.861 joltshadow - docs §70.1: slipdense (player) f=1268 w=0 grounded=1 kappa=0.015 fnGround=828 omega=26.05 | ftGround=280N target=46.5 limit=93Nm motorNm=93 tyreNm=-135 inertia=1.78 limRot=0/3351/-1034 omegaPre=26.16 posN=1620/706/0 susp=-0.3314 springN=502
INFO 2026-07-27 15:27:20.861 joltshadow - docs §70.1: slipdense (player) f=1268 w=1 grounded=1 kappa=0.010 fnGround=1145 omega=31.36 | ftGround=257N target=46.5 limit=93Nm motorNm=93 tyreNm=-96 inertia=1.78 limRot=0/-1544/0 omegaPre=31.40 posN=-1925/-357/0 susp=-0.3751 springN=942
INFO 2026-07-27 15:27:20.862 joltshadow - docs §70.1: slipdense (player) f=1268 w=2 grounded=1 kappa=0.009 fnGround=1175 omega=28.16 | ftGround=240N target=46.5 limit=93Nm motorNm=93 tyreNm=-94 inertia=1.82 limRot=0/111/16 omegaPre=28.16 posN=185/-236/0 susp=-0.4187 springN=1123
INFO 2026-07-27 15:27:20.862 joltshadow - docs §70.1: slipdense (player) f=1268 w=3 grounded=1 kappa=0.011 fnGround=1177 omega=31.26 | ftGround=299N target=46.5 limit=93Nm motorNm=93 tyreNm=-124 inertia=1.82 limRot=0/132/19 omegaPre=31.40 posN=215/-346/0 susp=-0.4698 springN=1731
INFO 2026-07-27 15:27:20.862 joltshadow - docs §78: attdense (player) f=1268 joltTilt=6.38 odeTilt=7.63 upDelta=1.42 wBody=(-0.17,-0.71,-0.42) |w|=0.84 grounded=4
INFO 2026-07-27 15:27:20.901 joltshadow - docs §70.1: slipdense (player) f=1272 w=0 grounded=0 kappa=0.000 fnGround=0 omega=26.10 | ftGround=0N target=46.5 limit=93Nm motorNm=93 tyreNm=0 inertia=1.78 limRot=0/605/0 omegaPre=25.52 posN=27/46/0 susp=-0.1681 springN=-238
INFO 2026-07-27 15:27:20.901 joltshadow - docs §70.1: slipdense (player) f=1272 w=1 grounded=1 kappa=0.033 fnGround=227 omega=30.98 | ftGround=166N target=46.5 limit=93Nm motorNm=93 tyreNm=-93 inertia=1.78 limRot=0/-260/0 omegaPre=31.00 posN=-338/-179/0 susp=-0.2036 springN=-8
INFO 2026-07-27 15:27:20.901 joltshadow - docs §70.1: slipdense (player) f=1272 w=2 grounded=1 kappa=0.018 fnGround=454 omega=28.37 | ftGround=187N target=46.5 limit=93Nm motorNm=93 tyreNm=-97 inertia=1.82 limRot=0/181/18 omegaPre=28.32 posN=217/-144/0 susp=-0.2437 springN=198
INFO 2026-07-27 15:27:20.901 joltshadow - docs §70.1: slipdense (player) f=1272 w=3 grounded=1 kappa=0.013 fnGround=862 omega=31.01 | ftGround=244N target=46.5 limit=93Nm motorNm=93 tyreNm=-108 inertia=1.82 limRot=0/311/33 omegaPre=31.03 posN=439/-264/0 susp=-0.3077 springN=605
INFO 2026-07-27 15:27:20.901 joltshadow - docs §78: attdense (player) f=1272 joltTilt=6.02 odeTilt=7.61 upDelta=2.03 wBody=(-0.12,-0.54,-0.21) |w|=0.59 grounded=3
INFO 2026-07-27 15:27:20.937 joltshadow - docs §70.1: slipdense (player) f=1276 w=0 grounded=0 kappa=0.000 fnGround=0 omega=27.42 | ftGround=0N target=46.5 limit=93Nm motorNm=93 tyreNm=0 inertia=1.78 limRot=0/-247/0 omegaPre=26.98 posN=47/-18/0 susp=-0.0518 springN=-342
INFO 2026-07-27 15:27:20.937 joltshadow - docs §70.1: slipdense (player) f=1276 w=1 grounded=0 kappa=0.000 fnGround=0 omega=32.48 | ftGround=0N target=46.5 limit=93Nm motorNm=93 tyreNm=0 inertia=1.78 limRot=0/17/0 omegaPre=32.01 posN=39/-32/0 susp=-0.0756 springN=-359
INFO 2026-07-27 15:27:20.937 joltshadow - docs §70.1: slipdense (player) f=1276 w=2 grounded=0 kappa=0.000 fnGround=0 omega=29.35 | ftGround=0N target=46.5 limit=93Nm motorNm=93 tyreNm=0 inertia=1.82 limRot=0/17/3 omegaPre=28.89 posN=15/-6/0 susp=-0.1054 springN=-312
INFO 2026-07-27 15:27:20.937 joltshadow - docs §70.1: slipdense (player) f=1276 w=3 grounded=1 kappa=0.035 fnGround=0 omega=30.62 | ftGround=0N target=46.5 limit=93Nm motorNm=93 tyreNm=0 inertia=1.82 limRot=0/18/3 omegaPre=30.44 posN=6/-20/0 susp=-0.1709 springN=11
INFO 2026-07-27 15:27:20.937 joltshadow - docs §78: attdense (player) f=1276 joltTilt=5.77 odeTilt=7.54 upDelta=2.33 wBody=(-0.03,-0.52,-0.11) |w|=0.53 grounded=1
INFO 2026-07-27 15:27:20.967 joltshadow - docs §70.1: slipdense (player) f=1280 w=0 grounded=0 kappa=0.000 fnGround=0 omega=28.66 | ftGround=0N target=46.5 limit=93Nm motorNm=93 tyreNm=0 inertia=1.78 limRot=0/51/0 omegaPre=28.18 posN=1/-10/0 susp=-0.0102 springN=-198
INFO 2026-07-27 15:27:20.968 joltshadow - docs §70.1: slipdense (player) f=1280 w=1 grounded=0 kappa=0.000 fnGround=0 omega=33.73 | ftGround=0N target=46.5 limit=93Nm motorNm=93 tyreNm=0 inertia=1.78 limRot=0/-13/0 omegaPre=33.26 posN=-5/-11/0 susp=-0.0188 springN=-271
INFO 2026-07-27 15:27:20.968 joltshadow - docs §70.1: slipdense (player) f=1280 w=2 grounded=0 kappa=0.000 fnGround=0 omega=30.58 | ftGround=0N target=46.5 limit=93Nm motorNm=93 tyreNm=0 inertia=1.82 limRot=0/14/2 omegaPre=30.12 posN=-1/1/0 susp=-0.0347 springN=-302
INFO 2026-07-27 15:27:20.968 joltshadow - docs §70.1: slipdense (player) f=1280 w=3 grounded=0 kappa=0.000 fnGround=0 omega=31.85 | ftGround=0N target=46.5 limit=93Nm motorNm=93 tyreNm=0 inertia=1.82 limRot=0/14/2 omegaPre=31.39 posN=-8/-0/0 susp=-0.0813 springN=-266
INFO 2026-07-27 15:27:20.968 joltshadow - docs §78: attdense (player) f=1280 joltTilt=5.64 odeTilt=7.52 upDelta=2.44 wBody=(-0.01,-0.51,-0.08) |w|=0.52 grounded=0
INFO 2026-07-27 15:27:21.007 joltshadow - docs §70.1: slipdense (player) f=1284 w=0 grounded=0 kappa=0.000 fnGround=0 omega=30.28 | ftGround=0N target=46.5 limit=93Nm motorNm=93 tyreNm=0 inertia=1.78 limRot=0/71/0 omegaPre=29.70 posN=-1/-8/0 susp=0.0048 springN=-64
INFO 2026-07-27 15:27:21.007 joltshadow - docs §70.1: slipdense (player) f=1284 w=1 grounded=0 kappa=0.000 fnGround=0 omega=35.33 | ftGround=0N target=46.5 limit=93Nm motorNm=93 tyreNm=0 inertia=1.78 limRot=0/-1011/0 omegaPre=34.77 posN=-7/-1/0 susp=0.0059 springN=-109
INFO 2026-07-27 15:27:21.007 joltshadow - docs §70.1: slipdense (player) f=1284 w=2 grounded=0 kappa=0.000 fnGround=0 omega=32.17 | ftGround=0N target=46.5 limit=93Nm motorNm=93 tyreNm=0 inertia=1.82 limRot=0/15/3 omegaPre=31.61 posN=11/3/0 susp=0.0020 springN=-138
INFO 2026-07-27 15:27:21.007 joltshadow - docs §70.1: slipdense (player) f=1284 w=3 grounded=0 kappa=0.000 fnGround=0 omega=33.44 | ftGround=0N target=46.5 limit=93Nm motorNm=93 tyreNm=0 inertia=1.82 limRot=0/16/4 omegaPre=32.88 posN=3/9/0 susp=-0.0159 springN=-213
INFO 2026-07-27 15:27:21.007 joltshadow - docs §78: attdense (player) f=1284 joltTilt=5.49 odeTilt=7.52 upDelta=2.62 wBody=(-0.03,-0.52,-0.09) |w|=0.53 grounded=0
INFO 2026-07-27 15:27:21.042 joltshadow - docs §70.1: slipdense (player) f=1288 w=0 grounded=0 kappa=0.000 fnGround=0 omega=31.76 | ftGround=0N target=46.5 limit=93Nm motorNm=93 tyreNm=0 inertia=1.78 limRot=0/-39/0 omegaPre=31.34 posN=13/5/0 susp=0.0047 springN=-14
INFO 2026-07-27 15:27:21.042 joltshadow - docs §70.1: slipdense (player) f=1288 w=1 grounded=0 kappa=0.000 fnGround=0 omega=36.75 | ftGround=0N target=46.5 limit=93Nm motorNm=93 tyreNm=0 inertia=1.78 limRot=0/-297/0 omegaPre=36.34 posN=7/-14/0 susp=0.0079 springN=-33
INFO 2026-07-27 15:27:21.042 joltshadow - docs §70.1: slipdense (player) f=1288 w=2 grounded=0 kappa=0.000 fnGround=0 omega=33.63 | ftGround=0N target=46.5 limit=93Nm motorNm=93 tyreNm=0 inertia=1.82 limRot=0/14/2 omegaPre=33.22 posN=-22/16/0 susp=0.0067 springN=-28
INFO 2026-07-27 15:27:21.042 joltshadow - docs §70.1: slipdense (player) f=1288 w=3 grounded=0 kappa=0.000 fnGround=0 omega=34.90 | ftGround=0N target=46.5 limit=93Nm motorNm=93 tyreNm=0 inertia=1.82 limRot=0/15/2 omegaPre=34.49 posN=-28/-3/0 susp=0.0042 springN=-99
INFO 2026-07-27 15:27:21.042 joltshadow - docs §78: attdense (player) f=1288 joltTilt=5.38 odeTilt=7.53 upDelta=2.84 wBody=(-0.06,-0.50,-0.09) |w|=0.51 grounded=0
INFO 2026-07-27 15:27:21.079 joltshadow - docs §70.1: slipdense (player) f=1292 w=0 grounded=0 kappa=0.000 fnGround=0 omega=33.24 | ftGround=0N target=46.5 limit=93Nm motorNm=93 tyreNm=0 inertia=1.78 limRot=0/-1024/0 omegaPre=32.65 posN=-9/-16/0 susp=0.0037 springN=-15
INFO 2026-07-27 15:27:21.079 joltshadow - docs §70.1: slipdense (player) f=1292 w=1 grounded=0 kappa=0.000 fnGround=0 omega=38.14 | ftGround=0N target=46.5 limit=93Nm motorNm=93 tyreNm=0 inertia=1.78 limRot=0/-26/0 omegaPre=37.54 posN=-15/1/0 susp=0.0049 springN=-1
INFO 2026-07-27 15:27:21.079 joltshadow - docs §70.1: slipdense (player) f=1292 w=2 grounded=0 kappa=0.000 fnGround=0 omega=35.13 | ftGround=0N target=46.5 limit=93Nm motorNm=93 tyreNm=0 inertia=1.82 limRot=0/17/5 omegaPre=34.51 posN=22/-7/0 susp=0.0037 springN=7
INFO 2026-07-27 15:27:21.079 joltshadow - docs §70.1: slipdense (player) f=1292 w=3 grounded=0 kappa=0.000 fnGround=0 omega=36.40 | ftGround=0N target=46.5 limit=93Nm motorNm=93 tyreNm=0 inertia=1.82 limRot=0/18/5 omegaPre=35.78 posN=16/12/0 susp=0.0057 springN=-14
INFO 2026-07-27 15:27:21.080 joltshadow - docs §78: attdense (player) f=1292 joltTilt=5.26 odeTilt=7.55 upDelta=3.13 wBody=(-0.08,-0.51,-0.14) |w|=0.54 grounded=0
INFO 2026-07-27 15:27:21.117 joltshadow - docs §70.1: slipdense (player) f=1296 w=0 grounded=0 kappa=0.000 fnGround=0 omega=34.59 | ftGround=0N target=46.5 limit=93Nm motorNm=93 tyreNm=0 inertia=1.78 limRot=0/-459/0 omegaPre=34.17 posN=14/6/0 susp=0.0023 springN=-5
INFO 2026-07-27 15:27:21.117 joltshadow - docs §70.1: slipdense (player) f=1296 w=1 grounded=0 kappa=0.000 fnGround=0 omega=39.68 | ftGround=0N target=46.5 limit=93Nm motorNm=93 tyreNm=0 inertia=1.78 limRot=0/-54/0 omegaPre=39.27 posN=9/-18/0 susp=0.0026 springN=-2
INFO 2026-07-27 15:27:21.117 joltshadow - docs §70.1: slipdense (player) f=1296 w=2 grounded=0 kappa=0.000 fnGround=0 omega=36.67 | ftGround=0N target=46.5 limit=93Nm motorNm=93 tyreNm=0 inertia=1.82 limRot=0/15/3 omegaPre=36.26 posN=-33/17/0 susp=0.0000 springN=19
INFO 2026-07-27 15:27:21.117 joltshadow - docs §70.1: slipdense (player) f=1296 w=3 grounded=0 kappa=0.000 fnGround=0 omega=37.94 | ftGround=0N target=46.5 limit=93Nm motorNm=93 tyreNm=0 inertia=1.82 limRot=0/15/3 omegaPre=37.52 posN=-38/-10/0 susp=0.0026 springN=8
INFO 2026-07-27 15:27:21.117 joltshadow - docs §78: attdense (player) f=1296 joltTilt=5.16 odeTilt=7.57 upDelta=3.46 wBody=(-0.09,-0.49,-0.11) |w|=0.51 grounded=0
INFO 2026-07-27 15:27:21.153 joltshadow - docs §70.1: slipdense (player) f=1300 w=0 grounded=0 kappa=0.000 fnGround=0 omega=35.71 | ftGround=0N target=46.5 limit=93Nm motorNm=93 tyreNm=0 inertia=1.78 limRot=0/107/0 omegaPre=35.36 posN=-33/-6/0 susp=0.0045 springN=-55
INFO 2026-07-27 15:27:21.153 joltshadow - docs §70.1: slipdense (player) f=1300 w=1 grounded=0 kappa=0.000 fnGround=0 omega=40.87 | ftGround=0N target=46.5 limit=93Nm motorNm=93 tyreNm=0 inertia=1.78 limRot=0/1160/0 omegaPre=40.58 posN=-38/-16/0 susp=-0.0003 springN=36
INFO 2026-07-27 15:27:21.153 joltshadow - docs §70.1: slipdense (player) f=1300 w=2 grounded=0 kappa=0.000 fnGround=0 omega=38.10 | ftGround=0N target=46.5 limit=93Nm motorNm=93 tyreNm=0 inertia=1.82 limRot=0/11/9 omegaPre=37.69 posN=-51/3/0 susp=0.0010 springN=-32
INFO 2026-07-27 15:27:21.153 joltshadow - docs §70.1: slipdense (player) f=1300 w=3 grounded=0 kappa=0.000 fnGround=0 omega=39.37 | ftGround=0N target=46.5 limit=93Nm motorNm=93 tyreNm=0 inertia=1.82 limRot=0/11/10 omegaPre=38.96 posN=-56/-8/0 susp=-0.0026 springN=63
INFO 2026-07-27 15:27:21.153 joltshadow - docs §78: attdense (player) f=1300 joltTilt=4.97 odeTilt=7.52 upDelta=3.89 wBody=(-0.11,-0.46,-0.28) |w|=0.55 grounded=0
INFO 2026-07-27 15:27:21.195 joltshadow - docs §70.1: slipdense (player) f=1304 w=0 grounded=0 kappa=0.000 fnGround=0 omega=37.19 | ftGround=0N target=77.6 limit=56Nm motorNm=56 tyreNm=0 inertia=1.78 limRot=0/-356/0 omegaPre=36.89 posN=-4/-14/0 susp=0.0059 springN=-29
INFO 2026-07-27 15:27:21.195 joltshadow - docs §70.1: slipdense (player) f=1304 w=1 grounded=0 kappa=0.000 fnGround=0 omega=42.29 | ftGround=0N target=77.6 limit=56Nm motorNm=56 tyreNm=0 inertia=1.78 limRot=0/397/0 omegaPre=41.98 posN=-11/-4/0 susp=-0.0018 springN=6
INFO 2026-07-27 15:27:21.195 joltshadow - docs §70.1: slipdense (player) f=1304 w=2 grounded=0 kappa=0.000 fnGround=0 omega=39.62 | ftGround=0N target=77.6 limit=56Nm motorNm=56 tyreNm=0 inertia=1.82 limRot=0/18/12 omegaPre=39.31 posN=12/-4/0 susp=0.0025 springN=-10
INFO 2026-07-27 15:27:21.195 joltshadow - docs §70.1: slipdense (player) f=1304 w=3 grounded=0 kappa=0.000 fnGround=0 omega=40.89 | ftGround=0N target=77.6 limit=56Nm motorNm=56 tyreNm=0 inertia=1.82 limRot=0/18/12 omegaPre=40.58 posN=4/6/0 susp=-0.0053 springN=30
INFO 2026-07-27 15:27:21.195 joltshadow - docs §78: attdense (player) f=1304 joltTilt=4.62 odeTilt=7.44 upDelta=4.63 wBody=(-0.12,-0.49,-0.32) |w|=0.60 grounded=0
INFO 2026-07-27 15:27:21.236 joltshadow - docs §70.1: slipdense (player) f=1308 w=0 grounded=0 kappa=0.000 fnGround=0 omega=38.06 | ftGround=0N target=77.6 limit=56Nm motorNm=56 tyreNm=0 inertia=1.78 limRot=0/1117/0 omegaPre=37.91 posN=14/0/0 susp=0.0038 springN=-11
INFO 2026-07-27 15:27:21.236 joltshadow - docs §70.1: slipdense (player) f=1308 w=1 grounded=0 kappa=0.000 fnGround=0 omega=43.15 | ftGround=0N target=77.6 limit=56Nm motorNm=56 tyreNm=0 inertia=1.78 limRot=0/123/0 omegaPre=42.86 posN=8/-31/0 susp=0.0007 springN=-7
INFO 2026-07-27 15:27:21.236 joltshadow - docs §70.1: slipdense (player) f=1308 w=2 grounded=0 kappa=0.000 fnGround=0 omega=40.88 | ftGround=0N target=77.6 limit=56Nm motorNm=56 tyreNm=0 inertia=1.82 limRot=0/15/10 omegaPre=40.54 posN=-47/10/0 susp=0.0001 springN=3
INFO 2026-07-27 15:27:21.236 joltshadow - docs §70.1: slipdense (player) f=1308 w=3 grounded=0 kappa=0.000 fnGround=0 omega=42.15 | ftGround=0N target=77.6 limit=56Nm motorNm=56 tyreNm=0 inertia=1.82 limRot=0/15/11 omegaPre=41.81 posN=-55/-23/0 susp=-0.0032 springN=9
INFO 2026-07-27 15:27:21.236 joltshadow - docs §78: attdense (player) f=1308 joltTilt=4.43 odeTilt=7.56 upDelta=5.49 wBody=(-0.13,-0.47,-0.32) |w|=0.58 grounded=0
INFO 2026-07-27 15:27:21.278 joltshadow - docs §70.1: slipdense (player) f=1312 w=0 grounded=0 kappa=0.000 fnGround=0 omega=39.38 | ftGround=0N target=77.6 limit=56Nm motorNm=56 tyreNm=0 inertia=1.78 limRot=0/651/0 omegaPre=39.00 posN=-2/-26/0 susp=0.0020 springN=8
INFO 2026-07-27 15:27:21.278 joltshadow - docs §70.1: slipdense (player) f=1312 w=1 grounded=0 kappa=0.000 fnGround=0 omega=44.27 | ftGround=0N target=77.6 limit=56Nm motorNm=56 tyreNm=0 inertia=1.78 limRot=0/-348/0 omegaPre=44.01 posN=-9/3/0 susp=0.0019 springN=-26
INFO 2026-07-27 15:27:21.278 joltshadow - docs §70.1: slipdense (player) f=1312 w=2 grounded=0 kappa=0.000 fnGround=0 omega=42.17 | ftGround=0N target=77.6 limit=56Nm motorNm=56 tyreNm=0 inertia=1.82 limRot=0/22/12 omegaPre=41.81 posN=48/-17/0 susp=-0.0011 springN=22
INFO 2026-07-27 15:27:21.278 joltshadow - docs §70.1: slipdense (player) f=1312 w=3 grounded=0 kappa=0.000 fnGround=0 omega=43.44 | ftGround=0N target=77.6 limit=56Nm motorNm=56 tyreNm=0 inertia=1.82 limRot=0/23/12 omegaPre=43.07 posN=40/15/0 susp=-0.0013 springN=-14
INFO 2026-07-27 15:27:21.278 joltshadow - docs §78: attdense (player) f=1312 joltTilt=4.35 odeTilt=7.66 upDelta=6.36 wBody=(-0.14,-0.51,-0.27) |w|=0.59 grounded=0
INFO 2026-07-27 15:27:21.305 joltshadow - docs §82: resync (player) #29 dt=0.50s upMax=6.755 deg posMax=1.516 m odeTiltPath=0.641 deg gain=10.5397
INFO 2026-07-27 15:27:21.305 joltshadow - docs §87: resync landing (player) w=0 pre=0.9350 post=0.0010 m R=0.629 dY=-1.1957 dRotDeg=15.90 |corr|=1.5156 m
INFO 2026-07-27 15:27:21.305 joltshadow - docs §87: resync landing (player) w=1 pre=0.7069 post=0.0056 m R=0.629 dY=-1.1957 dRotDeg=15.90 |corr|=1.5156 m
INFO 2026-07-27 15:27:21.305 joltshadow - docs §87: resync landing (player) w=2 pre=0.6240 post=0.0017 m R=0.635 dY=-1.1957 dRotDeg=15.90 |corr|=1.5156 m
INFO 2026-07-27 15:27:21.305 joltshadow - docs §87: resync landing (player) w=3 pre=0.3769 post=0.0017 m R=0.635 dY=-1.1957 dRotDeg=15.90 |corr|=1.5156 m
INFO 2026-07-27 15:27:21.305 joltshadow - docs §82: resync RESIDUAL (player) #29 pos=0.0000 m up=0.0000 deg
INFO 2026-07-27 15:27:21.313 joltshadow - docs §70.1: slipdense (player) f=1316 w=0 grounded=1 kappa=0.235 fnGround=1198 omega=35.46 | ftGround=1707N target=77.6 limit=56Nm motorNm=56 tyreNm=-944 inertia=1.78 limRot=0/562/0 omegaPre=39.92 posN=2077/-880/0 susp=-0.5250 springN=2766
INFO 2026-07-27 15:27:21.313 joltshadow - docs §70.1: slipdense (player) f=1316 w=1 grounded=1 kappa=0.688 fnGround=1181 omega=40.31 | ftGround=1671N target=77.6 limit=56Nm motorNm=56 tyreNm=-940 inertia=1.78 limRot=0/-1809/-82 omegaPre=44.78 posN=-2290/16/0 susp=-0.5229 springN=2754
INFO 2026-07-27 15:27:21.313 joltshadow - docs §70.1: slipdense (player) f=1316 w=2 grounded=1 kappa=0.221 fnGround=1199 omega=36.79 | ftGround=2263N target=77.6 limit=56Nm motorNm=56 tyreNm=-1208 inertia=1.82 limRot=0/-20/1 omegaPre=42.94 posN=-30/-1826/0 susp=-0.5783 springN=3266
INFO 2026-07-27 15:27:21.314 joltshadow - docs §70.1: slipdense (player) f=1316 w=3 grounded=1 kappa=0.264 fnGround=1202 omega=37.95 | ftGround=2307N target=77.6 limit=56Nm motorNm=56 tyreNm=-1235 inertia=1.82 limRot=0/-18/4 omegaPre=44.21 posN=-27/-1895/0 susp=-0.5753 springN=3242
INFO 2026-07-27 15:27:21.314 joltshadow - docs §78: attdense (player) f=1316 joltTilt=7.57 odeTilt=7.64 upDelta=0.10 wBody=(-0.11,0.01,0.00) |w|=0.11 grounded=4
INFO 2026-07-27 15:27:21.350 joltshadow - docs §70.1: slipdense (player) f=1320 w=0 grounded=1 kappa=0.006 fnGround=1196 omega=31.81 | ftGround=162N target=77.6 limit=56Nm motorNm=56 tyreNm=-22 inertia=1.78 limRot=0/591/0 omegaPre=31.68 posN=108/-53/0 susp=-0.4076 springN=1137
INFO 2026-07-27 15:27:21.350 joltshadow - docs §70.1: slipdense (player) f=1320 w=1 grounded=1 kappa=-0.003 fnGround=1194 omega=31.15 | ftGround=-80N target=77.6 limit=56Nm motorNm=56 tyreNm=121 inertia=1.78 limRot=0/456/0 omegaPre=29.31 posN=-1673/437/0 susp=-0.4014 springN=973
INFO 2026-07-27 15:27:21.350 joltshadow - docs §70.1: slipdense (player) f=1320 w=2 grounded=1 kappa=0.015 fnGround=1195 omega=31.97 | ftGround=379N target=77.6 limit=56Nm motorNm=56 tyreNm=-151 inertia=1.82 limRot=0/70/-3 omegaPre=32.50 posN=155/-298/0 susp=-0.4968 springN=1981
INFO 2026-07-27 15:27:21.350 joltshadow - docs §70.1: slipdense (player) f=1320 w=3 grounded=1 kappa=0.016 fnGround=1246 omega=30.48 | ftGround=407N target=77.6 limit=56Nm motorNm=56 tyreNm=-339 inertia=1.82 limRot=0/711/80 omegaPre=32.01 posN=223/-522/0 susp=-0.4912 springN=1892
INFO 2026-07-27 15:27:21.350 joltshadow - docs §78: attdense (player) f=1320 joltTilt=7.68 odeTilt=7.59 upDelta=0.09 wBody=(-0.25,0.22,0.22) |w|=0.40 grounded=4
INFO 2026-07-27 15:27:21.350 joltshadow - Shadow divergence (player): pos=1.455m vel=3.990m/s angle=0.2deg (jolt com=[4658.6 261.1 1207.9] ode com=[4658.3 259.7 1207.6])
INFO 2026-07-27 15:27:21.350 joltshadow - docs §23.6: driver input (player) realThrottle=1.00 brake=0.01 handBrake=0 steerRad=0.000
INFO 2026-07-27 15:27:21.351 joltshadow - docs §32: Jolt SHADOW chassis pitch (player) forward=(-0.228, 0.051, -0.972)
INFO 2026-07-27 15:27:21.351 joltshadow - docs §69: tilt (player) jolt=7.7 deg ode=7.6 deg delta=+0.1 deg upDelta=0.09 deg
INFO 2026-07-27 15:27:21.351 joltshadow - docs §32.4: Jolt SHADOW chassis lowest corner (player) = (4660.56,259.41,1210.67) clearanceToGround=-1.000 (no ground found within 20m straight down)
INFO 2026-07-27 15:27:21.351 joltshadow - docs §23.5: wheel state (player) wheel=0 contact=0 suspLen=1.050 (range 0.050-1.050, 0% compressed) angVel=0.00
INFO 2026-07-27 15:27:21.351 joltshadow - docs §38.11: wheel=0 NO contact, worldAxle=(0.965,-0.123,-0.232)
INFO 2026-07-27 15:27:21.351 joltshadow - docs §32: no-contact raycast (player) wheel=0 bodyPos=(4658.39,260.35,1207.56) localMPos=(-1.155,0.060,2.270) origin=(4659.00,260.38,1205.08) dir=(-0.132,-0.991,-0.021) normalRayLen=1.679 groundFoundAt=0.000 shortfallBeyondTravel=-1.679 hitBody=8391044 hitLayer=4 hitMotion=2 hitIsSelfChassis=0
INFO 2026-07-27 15:27:21.351 joltshadow - docs §23.5: wheel state (player) wheel=1 contact=0 suspLen=1.050 (range 0.050-1.050, 0% compressed) angVel=0.00
INFO 2026-07-27 15:27:21.351 joltshadow - docs §38.11: wheel=1 NO contact, worldAxle=(0.965,-0.123,-0.232)
INFO 2026-07-27 15:27:21.351 joltshadow - docs §32: no-contact raycast (player) wheel=1 bodyPos=(4658.39,260.35,1207.56) localMPos=(1.155,0.059,2.270) origin=(4656.77,260.67,1205.62) dir=(-0.132,-0.991,-0.021) normalRayLen=1.679 groundFoundAt=0.000 shortfallBeyondTravel=-1.679 hitBody=8391045 hitLayer=4 hitMotion=2 hitIsSelfChassis=0
INFO 2026-07-27 15:27:21.351 joltshadow - docs §23.5: wheel state (player) wheel=2 contact=0 suspLen=1.050 (range 0.050-1.050, 0% compressed) angVel=0.00
INFO 2026-07-27 15:27:21.351 joltshadow - docs §38.11: wheel=2 NO contact, worldAxle=(0.965,-0.123,-0.232)
INFO 2026-07-27 15:27:21.351 joltshadow - docs §32: no-contact raycast (player) wheel=2 bodyPos=(4658.39,260.35,1207.56) localMPos=(-1.253,0.145,-2.062) origin=(4660.09,260.23,1209.28) dir=(-0.132,-0.991,-0.021) normalRayLen=1.685 groundFoundAt=0.000 shortfallBeyondTravel=-1.685 hitBody=8391046 hitLayer=4 hitMotion=2 hitIsSelfChassis=0
INFO 2026-07-27 15:27:21.351 joltshadow - docs §23.5: wheel state (player) wheel=3 contact=0 suspLen=1.050 (range 0.050-1.050, 0% compressed) angVel=0.00
INFO 2026-07-27 15:27:21.351 joltshadow - docs §38.11: wheel=3 NO contact, worldAxle=(0.965,-0.123,-0.232)
INFO 2026-07-27 15:27:21.351 joltshadow - docs §32: no-contact raycast (player) wheel=3 bodyPos=(4658.39,260.35,1207.56) localMPos=(1.253,0.146,-2.062) origin=(4657.67,260.54,1209.86) dir=(-0.132,-0.991,-0.021) normalRayLen=1.685 groundFoundAt=0.000 shortfallBeyondTravel=-1.685 hitBody=8391047 hitLayer=4 hitMotion=2 hitIsSelfChassis=0
INFO 2026-07-27 15:27:21.352 joltshadow - docs §59/63: harvest (player) wheelsWithContact=4 contactPoints=9 overflow=0 (of 4) | maxNormalF=1246N bound(k_t*tau)=1200N ratio=1.04  *** EXCEEDS GEOMETRIC BOUND ***
INFO 2026-07-27 15:27:21.352 joltshadow - docs §58: wheel body (player) w=0 springF=1137N stopF=0N travel=-0.4076 (limits -0.5000..0.5000 rel spawn) kSusp=6000 sagPredicted=0.1895 | frameTrav=-0.4366..-0.4076 frameStopN=0
INFO 2026-07-27 15:27:21.352 joltshadow - docs §66: tyre band (player) w=0 fnGround=1196N fnTotal=1200N pen=0.01000 penRaw=0.03329 tau=0.01000 pen/tau=1.00 | recs tyre=1 rim=1 survived=1 stale=0 distMax=0.95R
INFO 2026-07-27 15:27:21.352 joltshadow - docs §68: steer (player) w=0 steerable=1 commanded=0.000 rad measured=0.067 rad err=3.84 deg steerSign=-1 steerTq=845Nm cap=3011Nm sat=0.28
INFO 2026-07-27 15:27:21.352 joltshadow - docs §70: slip (player) w=0 grounded=1 kappa=0.006 fnGround=1196N omega=31.81
INFO 2026-07-27 15:27:21.352 joltshadow - docs §67: spin (player) w=0 driven=1 omega=31.81 rad/s surfaceSpeed=20.02 m/s spinSign=+1 motorTq=56Nm cmdTq=56Nm
INFO 2026-07-27 15:27:21.352 joltshadow - docs §58: wheel body (player) w=1 springF=973N stopF=0N travel=-0.4014 (limits -0.5000..0.5000 rel spawn) kSusp=6000 sagPredicted=0.1622 | frameTrav=-0.4327..-0.4014 frameStopN=0
INFO 2026-07-27 15:27:21.352 joltshadow - docs §66: tyre band (player) w=1 fnGround=1194N fnTotal=1204N pen=0.01000 penRaw=0.03271 tau=0.01000 pen/tau=1.00 | recs tyre=1 rim=1 survived=1 stale=0 distMax=0.95R
INFO 2026-07-27 15:27:21.352 joltshadow - docs §68: steer (player) w=1 steerable=1 commanded=0.000 rad measured=0.134 rad err=7.69 deg steerSign=-1 steerTq=-1612Nm cap=3093Nm sat=0.52
INFO 2026-07-27 15:27:21.352 joltshadow - docs §70: slip (player) w=1 grounded=1 kappa=-0.003 fnGround=1194N omega=31.15
INFO 2026-07-27 15:27:21.352 joltshadow - docs §67: spin (player) w=1 driven=1 omega=31.15 rad/s surfaceSpeed=19.60 m/s spinSign=+1 motorTq=56Nm cmdTq=56Nm
INFO 2026-07-27 15:27:21.352 joltshadow - docs §58: wheel body (player) w=2 springF=1981N stopF=0N travel=-0.4968 (limits -0.5000..0.5000 rel spawn) kSusp=6000 sagPredicted=0.3302 | frameTrav=-0.5110..-0.4968 frameStopN=0
INFO 2026-07-27 15:27:21.352 joltshadow - docs §66: tyre band (player) w=2 fnGround=1195N fnTotal=1199N pen=0.01000 penRaw=0.04250 tau=0.01000 pen/tau=1.00 | recs tyre=1 rim=1 survived=1 stale=0 distMax=0.94R
INFO 2026-07-27 15:27:21.352 joltshadow - docs §68: steer (player) w=2 steerable=0 commanded=0.000 rad measured=-0.000 rad err=-0.01 deg steerSign=-1 steerTq=0Nm cap=340282346638528859811704183484516925440Nm sat=0.00
INFO 2026-07-27 15:27:21.352 joltshadow - docs §70: slip (player) w=2 grounded=1 kappa=0.015 fnGround=1195N omega=31.97
INFO 2026-07-27 15:27:21.352 joltshadow - docs §67: spin (player) w=2 driven=1 omega=31.97 rad/s surfaceSpeed=20.31 m/s spinSign=+1 motorTq=56Nm cmdTq=56Nm
INFO 2026-07-27 15:27:21.352 joltshadow - docs §58: wheel body (player) w=3 springF=1892N stopF=0N travel=-0.4912 (limits -0.5000..0.5000 rel spawn) kSusp=6000 sagPredicted=0.3154 | frameTrav=-0.5083..-0.4912 frameStopN=0
INFO 2026-07-27 15:27:21.353 joltshadow - docs §66: tyre band (player) w=3 fnGround=1246N fnTotal=1250N pen=0.01000 penRaw=0.04084 tau=0.01000 pen/tau=1.00 | recs tyre=2 rim=1 survived=2 stale=0 distMax=1.01R
INFO 2026-07-27 15:27:21.353 joltshadow - docs §68: steer (player) w=3 steerable=0 commanded=0.000 rad measured=-0.000 rad err=-0.00 deg steerSign=-1 steerTq=0Nm cap=340282346638528859811704183484516925440Nm sat=0.00
INFO 2026-07-27 15:27:21.353 joltshadow - docs §70: slip (player) w=3 grounded=1 kappa=0.016 fnGround=1246N omega=30.48
INFO 2026-07-27 15:27:21.353 joltshadow - docs §67: spin (player) w=3 driven=1 omega=30.48 rad/s surfaceSpeed=19.36 m/s spinSign=+1 motorTq=56Nm cmdTq=56Nm
INFO 2026-07-27 15:27:21.353 joltshadow - docs §67: drivetrain (player) gear=2 rpm=4045 driveTorque=225Nm perWheel=56Nm driven=4 throttle=1.00 spin=1 | PRE-STEP brake=0.01 handBrake=0
INFO 2026-07-27 15:27:21.353 joltshadow - docs §66: tyre band SUM (player) fnGroundSum=4831N fnTotalSum=4851N weight=942N carried=5.15 | penSum=0.04000 recs tyre=5 rim=4 stale=0
INFO 2026-07-27 15:27:21.353 joltshadow - docs §30: REAL ODE chassis COM (player) body=54C8BDB0 = (4658.319, 259.691, 1207.575) forward=(-0.225, 0.050, -0.973)
INFO 2026-07-27 15:27:21.353 joltshadow - docs §33: real ODE chassis geom (player) #1 = class 0 (not a transform) pos=(4658.319,259.691,1207.575) radius=4.500
INFO 2026-07-27 15:27:21.353 joltshadow - docs §33: real ODE chassis geom (player) #2 = transform, inner class=1 pos=(0.000,1.095,-0.495)
INFO 2026-07-27 15:27:21.353 joltshadow - docs §33: real ODE chassis geom (player) #3 = transform, inner class=1 pos=(0.353,3.466,0.718)
INFO 2026-07-27 15:27:21.353 joltshadow - docs §33: real ODE chassis geom (player) #4 = transform, inner class=1 pos=(0.000,1.818,1.842)
INFO 2026-07-27 15:27:21.353 joltshadow - docs §33: real ODE chassis geom (player) #5 = transform, inner class=1 pos=(0.006,1.981,-2.113)
INFO 2026-07-27 15:27:21.353 joltshadow - docs §33: real ODE chassis geom (player) #6 = class 0 (not a transform) pos=(4658.319,259.691,1207.575) radius=30.000
INFO 2026-07-27 15:27:21.353 joltshadow - docs §33: real ODE chassis geom (player) #7 = class 0 (not a transform) pos=(4658.319,259.691,1207.575) radius=6.436
INFO 2026-07-27 15:27:21.353 joltshadow - docs §33: real ODE chassis geom (player) #8 = class 0 (not a transform) pos=(4658.319,259.691,1207.575) radius=200.000
INFO 2026-07-27 15:27:21.353 joltshadow - docs §33: real ODE chassis (player) has 8 total geom(s) directly attached (4 transform(s)) - compare against BuildChassisCompoundShape's own part/geom count in the build log
INFO 2026-07-27 15:27:21.353 joltshadow - docs §28: REAL ODE wheel state (player) wheel=0 displacement=0.0363 range=1.000 (4% compressed, signed) foreAft=2.270 localZ=2.270 cfm=0.002500 erp=0.2500
INFO 2026-07-27 15:27:21.353 joltshadow - docs §28: REAL ODE wheel state (player) wheel=1 displacement=0.0368 range=1.000 (4% compressed, signed) foreAft=2.270 localZ=2.270 cfm=0.002500 erp=0.2500
INFO 2026-07-27 15:27:21.353 joltshadow - docs §28: REAL ODE wheel state (player) wheel=2 displacement=0.0523 range=1.000 (5% compressed, signed) foreAft=-2.062 localZ=-2.062 cfm=0.002500 erp=0.2500
INFO 2026-07-27 15:27:21.353 joltshadow - docs §28: REAL ODE wheel state (player) wheel=3 displacement=0.0472 range=1.000 (5% compressed, signed) foreAft=-2.062 localZ=-2.062 cfm=0.002500 erp=0.2500
INFO 2026-07-27 15:27:21.385 joltshadow - docs §70.1: slipdense (player) f=1324 w=0 grounded=1 kappa=0.043 fnGround=481 omega=30.73 | ftGround=408N target=77.6 limit=56Nm motorNm=56 tyreNm=-228 inertia=1.78 limRot=0/-623/0 omegaPre=31.43 posN=-868/-67/0 susp=-0.2501 springN=210
INFO 2026-07-27 15:27:21.385 joltshadow - docs §70.1: slipdense (player) f=1324 w=1 grounded=1 kappa=0.027 fnGround=245 omega=30.68 | ftGround=146N target=77.6 limit=56Nm motorNm=56 tyreNm=-80 inertia=1.78 limRot=0/193/0 omegaPre=30.81 posN=421/-149/0 susp=-0.2297 springN=-44
INFO 2026-07-27 15:27:21.385 joltshadow - docs §70.1: slipdense (player) f=1324 w=2 grounded=1 kappa=0.007 fnGround=1119 omega=31.73 | ftGround=169N target=77.6 limit=56Nm motorNm=56 tyreNm=-53 inertia=1.82 limRot=0/55/-3 omegaPre=31.77 posN=128/-160/0 susp=-0.3636 springN=897
INFO 2026-07-27 15:27:21.385 joltshadow - docs §70.1: slipdense (player) f=1324 w=3 grounded=1 kappa=0.010 fnGround=771 omega=29.48 | ftGround=161N target=77.6 limit=56Nm motorNm=56 tyreNm=-69 inertia=1.82 limRot=0/46/-3 omegaPre=29.58 posN=114/-173/0 susp=-0.3586 springN=640
INFO 2026-07-27 15:27:21.385 joltshadow - docs §78: attdense (player) f=1324 joltTilt=8.31 odeTilt=7.55 upDelta=0.78 wBody=(-0.14,0.27,0.30) |w|=0.43 grounded=4
INFO 2026-07-27 15:27:21.419 joltshadow - docs §70.1: slipdense (player) f=1328 w=0 grounded=0 kappa=0.000 fnGround=0 omega=30.25 | ftGround=0N target=77.6 limit=56Nm motorNm=56 tyreNm=0 inertia=1.78 limRot=0/-433/-693 omegaPre=29.90 posN=-47/-38/0 susp=-0.1190 springN=-310
INFO 2026-07-27 15:27:21.419 joltshadow - docs §70.1: slipdense (player) f=1328 w=1 grounded=0 kappa=0.000 fnGround=0 omega=31.90 | ftGround=0N target=77.6 limit=56Nm motorNm=56 tyreNm=0 inertia=1.78 limRot=0/-29/0 omegaPre=31.55 posN=-53/-45/0 susp=-0.0926 springN=-389
INFO 2026-07-27 15:27:21.419 joltshadow - docs §70.1: slipdense (player) f=1328 w=2 grounded=1 kappa=-0.005 fnGround=0 omega=30.37 | ftGround=0N target=77.6 limit=56Nm motorNm=56 tyreNm=0 inertia=1.82 limRot=0/-17/-6 omegaPre=31.75 posN=-52/-29/0 susp=-0.2384 springN=661
INFO 2026-07-27 15:27:21.419 joltshadow - docs §70.1: slipdense (player) f=1328 w=3 grounded=0 kappa=0.000 fnGround=0 omega=30.08 | ftGround=0N target=77.6 limit=56Nm motorNm=56 tyreNm=0 inertia=1.82 limRot=0/-17/-6 omegaPre=29.75 posN=-50/-36/0 susp=-0.1916 springN=-246
INFO 2026-07-27 15:27:21.419 joltshadow - docs §78: attdense (player) f=1328 joltTilt=8.86 odeTilt=7.55 upDelta=1.32 wBody=(-0.01,0.32,0.19) |w|=0.37 grounded=1
INFO 2026-07-27 15:27:21.453 joltshadow - docs §70.1: slipdense (player) f=1332 w=0 grounded=0 kappa=0.000 fnGround=0 omega=31.69 | ftGround=0N target=77.6 limit=56Nm motorNm=56 tyreNm=0 inertia=1.78 limRot=0/-822/0 omegaPre=31.47 posN=-7/-13/0 susp=-0.0326 springN=-327
INFO 2026-07-27 15:27:21.453 joltshadow - docs §70.1: slipdense (player) f=1332 w=1 grounded=0 kappa=0.000 fnGround=0 omega=33.34 | ftGround=0N target=77.6 limit=56Nm motorNm=56 tyreNm=0 inertia=1.78 limRot=0/-6/0 omegaPre=33.12 posN=-10/-15/0 susp=-0.0241 springN=-242
INFO 2026-07-27 15:27:21.453 joltshadow - docs §70.1: slipdense (player) f=1332 w=2 grounded=0 kappa=0.000 fnGround=0 omega=31.78 | ftGround=0N target=77.6 limit=56Nm motorNm=56 tyreNm=0 inertia=1.82 limRot=0/-11/-1 omegaPre=31.57 posN=-9/-9/0 susp=-0.1313 springN=-134
INFO 2026-07-27 15:27:21.453 joltshadow - docs §70.1: slipdense (player) f=1332 w=3 grounded=0 kappa=0.000 fnGround=0 omega=31.50 | ftGround=0N target=77.6 limit=56Nm motorNm=56 tyreNm=0 inertia=1.82 limRot=0/-11/-1 omegaPre=31.28 posN=-13/-12/0 susp=-0.0680 springN=-424
INFO 2026-07-27 15:27:21.453 joltshadow - docs §78: attdense (player) f=1332 joltTilt=8.95 odeTilt=7.55 upDelta=1.40 wBody=(0.06,0.33,0.05) |w|=0.34 grounded=0
INFO 2026-07-27 15:27:21.481 joltshadow - docs §70.1: slipdense (player) f=1336 w=0 grounded=0 kappa=0.000 fnGround=0 omega=32.86 | ftGround=0N target=77.6 limit=56Nm motorNm=56 tyreNm=0 inertia=1.78 limRot=0/-133/0 omegaPre=32.67 posN=13/9/0 susp=0.0001 springN=-200
INFO 2026-07-27 15:27:21.481 joltshadow - docs §70.1: slipdense (player) f=1336 w=1 grounded=0 kappa=0.000 fnGround=0 omega=34.55 | ftGround=0N target=77.6 limit=56Nm motorNm=56 tyreNm=0 inertia=1.78 limRot=0/53/0 omegaPre=34.33 posN=10/-12/0 susp=-0.0020 springN=-116
INFO 2026-07-27 15:27:21.481 joltshadow - docs §70.1: slipdense (player) f=1336 w=2 grounded=0 kappa=0.000 fnGround=0 omega=32.96 | ftGround=0N target=77.6 limit=56Nm motorNm=56 tyreNm=0 inertia=1.82 limRot=0/-12/-2 omegaPre=32.75 posN=-27/13/0 susp=-0.0573 springN=-266
INFO 2026-07-27 15:27:21.481 joltshadow - docs §70.1: slipdense (player) f=1336 w=3 grounded=0 kappa=0.000 fnGround=0 omega=32.68 | ftGround=0N target=77.6 limit=56Nm motorNm=56 tyreNm=0 inertia=1.82 limRot=0/-12/-2 omegaPre=32.46 posN=-31/-9/0 susp=-0.0137 springN=-290
INFO 2026-07-27 15:27:21.481 joltshadow - docs §78: attdense (player) f=1336 joltTilt=8.95 odeTilt=7.56 upDelta=1.40 wBody=(0.04,0.35,0.02) |w|=0.35 grounded=0
INFO 2026-07-27 15:27:21.516 joltshadow - docs §70.1: slipdense (player) f=1340 w=0 grounded=0 kappa=0.000 fnGround=0 omega=33.99 | ftGround=0N target=77.6 limit=56Nm motorNm=56 tyreNm=0 inertia=1.78 limRot=0/-14/0 omegaPre=33.66 posN=-15/-6/0 susp=0.0109 springN=-89
INFO 2026-07-27 15:27:21.516 joltshadow - docs §70.1: slipdense (player) f=1340 w=1 grounded=0 kappa=0.000 fnGround=0 omega=35.89 | ftGround=0N target=77.6 limit=56Nm motorNm=56 tyreNm=0 inertia=1.78 limRot=0/992/0 omegaPre=35.55 posN=-17/3/0 susp=0.0037 springN=-24
INFO 2026-07-27 15:27:21.516 joltshadow - docs §70.1: slipdense (player) f=1340 w=2 grounded=0 kappa=0.000 fnGround=0 omega=34.29 | ftGround=0N target=77.6 limit=56Nm motorNm=56 tyreNm=0 inertia=1.82 limRot=0/-11/1 omegaPre=33.96 posN=4/-3/0 susp=-0.0101 springN=-207
INFO 2026-07-27 15:27:21.516 joltshadow - docs §70.1: slipdense (player) f=1340 w=3 grounded=0 kappa=0.000 fnGround=0 omega=34.01 | ftGround=0N target=77.6 limit=56Nm motorNm=56 tyreNm=0 inertia=1.82 limRot=0/-11/1 omegaPre=33.67 posN=2/8/0 susp=0.0068 springN=-101
INFO 2026-07-27 15:27:21.517 joltshadow - docs §78: attdense (player) f=1340 joltTilt=8.93 odeTilt=7.57 upDelta=1.36 wBody=(0.00,0.34,-0.03) |w|=0.35 grounded=0
INFO 2026-07-27 15:27:21.555 joltshadow - docs §70.1: slipdense (player) f=1344 w=0 grounded=0 kappa=0.000 fnGround=0 omega=35.67 | ftGround=0N target=77.6 limit=56Nm motorNm=56 tyreNm=0 inertia=1.78 limRot=0/-210/0 omegaPre=35.36 posN=25/2/0 susp=0.0076 springN=-2
INFO 2026-07-27 15:27:21.556 joltshadow - docs §70.1: slipdense (player) f=1344 w=1 grounded=0 kappa=0.000 fnGround=0 omega=37.53 | ftGround=0N target=77.6 limit=56Nm motorNm=56 tyreNm=0 inertia=1.78 limRot=0/-247/0 omegaPre=37.24 posN=23/-8/0 susp=0.0038 springN=-19
INFO 2026-07-27 15:27:21.556 joltshadow - docs §70.1: slipdense (player) f=1344 w=2 grounded=0 kappa=0.000 fnGround=0 omega=35.96 | ftGround=0N target=77.6 limit=56Nm motorNm=56 tyreNm=0 inertia=1.82 limRot=0/-9/-1 omegaPre=35.65 posN=7/7/0 susp=0.0061 springN=-65
INFO 2026-07-27 15:27:21.556 joltshadow - docs §70.1: slipdense (player) f=1344 w=3 grounded=0 kappa=0.000 fnGround=0 omega=35.67 | ftGround=0N target=77.6 limit=56Nm motorNm=56 tyreNm=0 inertia=1.82 limRot=0/-9/-1 omegaPre=35.36 posN=5/-4/0 susp=0.0073 springN=-15
INFO 2026-07-27 15:27:21.556 joltshadow - docs §78: attdense (player) f=1344 joltTilt=8.94 odeTilt=7.69 upDelta=1.25 wBody=(-0.03,0.32,0.01) |w|=0.33 grounded=0
INFO 2026-07-27 15:27:21.588 joltshadow - docs §70.1: slipdense (player) f=1348 w=0 grounded=0 kappa=0.000 fnGround=0 omega=35.83 | ftGround=0N target=-77.6 limit=56Nm motorNm=-56 tyreNm=0 inertia=1.78 limRot=0/178/0 omegaPre=36.10 posN=12/-3/0 susp=0.0034 springN=15
INFO 2026-07-27 15:27:21.588 joltshadow - docs §70.1: slipdense (player) f=1348 w=1 grounded=0 kappa=0.000 fnGround=0 omega=37.70 | ftGround=0N target=-77.6 limit=56Nm motorNm=-56 tyreNm=0 inertia=1.78 limRot=0/53/0 omegaPre=37.95 posN=10/-19/0 susp=0.0023 springN=1
INFO 2026-07-27 15:27:21.588 joltshadow - docs §70.1: slipdense (player) f=1348 w=2 grounded=0 kappa=0.000 fnGround=0 omega=36.14 | ftGround=0N target=-77.6 limit=56Nm motorNm=-56 tyreNm=0 inertia=1.82 limRot=0/-12/-1 omegaPre=36.39 posN=-18/2/0 susp=0.0057 springN=-19
INFO 2026-07-27 15:27:21.588 joltshadow - docs §70.1: slipdense (player) f=1348 w=3 grounded=0 kappa=0.000 fnGround=0 omega=35.86 | ftGround=0N target=-77.6 limit=56Nm motorNm=-56 tyreNm=0 inertia=1.82 limRot=0/-12/-1 omegaPre=36.10 posN=-21/-16/0 susp=0.0037 springN=10
INFO 2026-07-27 15:27:21.588 joltshadow - docs §78: attdense (player) f=1348 joltTilt=9.00 odeTilt=7.88 upDelta=1.12 wBody=(-0.04,0.34,0.02) |w|=0.34 grounded=0
INFO 2026-07-27 15:27:21.628 joltshadow - docs §70.1: slipdense (player) f=1352 w=0 grounded=0 kappa=0.000 fnGround=0 omega=33.91 | ftGround=0N target=-77.6 limit=56Nm motorNm=-56 tyreNm=0 inertia=1.78 limRot=0/760/-232 omegaPre=34.31 posN=9/-11/0 susp=0.0007 springN=13
INFO 2026-07-27 15:27:21.628 joltshadow - docs §70.1: slipdense (player) f=1352 w=1 grounded=0 kappa=0.000 fnGround=0 omega=36.07 | ftGround=0N target=-77.6 limit=56Nm motorNm=-56 tyreNm=0 inertia=1.78 limRot=0/-36/0 omegaPre=36.42 posN=7/-7/0 susp=-0.0016 springN=28
INFO 2026-07-27 15:27:21.628 joltshadow - docs §70.1: slipdense (player) f=1352 w=2 grounded=0 kappa=0.000 fnGround=0 omega=34.55 | ftGround=0N target=-77.6 limit=56Nm motorNm=-56 tyreNm=0 inertia=1.82 limRot=0/-9/1 omegaPre=34.89 posN=17/-7/0 susp=0.0046 springN=-18
INFO 2026-07-27 15:27:21.628 joltshadow - docs §70.1: slipdense (player) f=1352 w=3 grounded=0 kappa=0.000 fnGround=0 omega=34.27 | ftGround=0N target=-77.6 limit=56Nm motorNm=-56 tyreNm=0 inertia=1.82 limRot=0/-9/1 omegaPre=34.60 posN=14/-3/0 susp=0.0002 springN=14
INFO 2026-07-27 15:27:21.628 joltshadow - docs §78: attdense (player) f=1352 joltTilt=9.00 odeTilt=8.04 upDelta=1.09 wBody=(-0.02,0.33,-0.03) |w|=0.33 grounded=0
INFO 2026-07-27 15:27:21.665 joltshadow - docs §70.1: slipdense (player) f=1356 w=0 grounded=0 kappa=0.000 fnGround=0 omega=32.22 | ftGround=0N target=-77.6 limit=56Nm motorNm=-56 tyreNm=0 inertia=1.78 limRot=0/116/0 omegaPre=32.51 posN=-7/-28/0 susp=-0.0021 springN=33
INFO 2026-07-27 15:27:21.665 joltshadow - docs §70.1: slipdense (player) f=1356 w=1 grounded=0 kappa=0.000 fnGround=0 omega=34.36 | ftGround=0N target=-77.6 limit=56Nm motorNm=-56 tyreNm=0 inertia=1.78 limRot=0/-955/0 omegaPre=34.66 posN=-9/10/0 susp=-0.0019 springN=-7
INFO 2026-07-27 15:27:21.665 joltshadow - docs §70.1: slipdense (player) f=1356 w=2 grounded=0 kappa=0.000 fnGround=0 omega=32.95 | ftGround=0N target=-77.6 limit=56Nm motorNm=-56 tyreNm=0 inertia=1.82 limRot=0/-5/1 omegaPre=33.20 posN=66/-26/0 susp=0.0026 springN=17
INFO 2026-07-27 15:27:21.665 joltshadow - docs §70.1: slipdense (player) f=1356 w=3 grounded=0 kappa=0.000 fnGround=0 omega=32.67 | ftGround=0N target=-77.6 limit=56Nm motorNm=-56 tyreNm=0 inertia=1.82 limRot=0/-5/1 omegaPre=32.91 posN=64/16/0 susp=0.0001 springN=-19
INFO 2026-07-27 15:27:21.666 joltshadow - docs §78: attdense (player) f=1356 joltTilt=9.01 odeTilt=8.28 upDelta=0.97 wBody=(-0.01,0.29,0.05) |w|=0.30 grounded=0
INFO 2026-07-27 15:27:21.705 joltshadow - docs §70.1: slipdense (player) f=1360 w=0 grounded=0 kappa=0.000 fnGround=0 omega=32.47 | ftGround=0N target=77.6 limit=56Nm motorNm=56 tyreNm=0 inertia=1.78 limRot=0/42/0 omegaPre=32.14 posN=18/5/0 susp=-0.0049 springN=23
INFO 2026-07-27 15:27:21.705 joltshadow - docs §70.1: slipdense (player) f=1360 w=1 grounded=0 kappa=0.000 fnGround=0 omega=34.64 | ftGround=0N target=77.6 limit=56Nm motorNm=56 tyreNm=0 inertia=1.78 limRot=0/-540/0 omegaPre=34.29 posN=15/-14/0 susp=0.0005 springN=-30
INFO 2026-07-27 15:27:21.705 joltshadow - docs §70.1: slipdense (player) f=1360 w=2 grounded=0 kappa=0.000 fnGround=0 omega=33.46 | ftGround=0N target=77.6 limit=56Nm motorNm=56 tyreNm=0 inertia=1.82 limRot=0/-10/-5 omegaPre=33.12 posN=-19/10/0 susp=-0.0013 springN=34
INFO 2026-07-27 15:27:21.705 joltshadow - docs §70.1: slipdense (player) f=1360 w=3 grounded=0 kappa=0.000 fnGround=0 omega=33.18 | ftGround=0N target=77.6 limit=56Nm motorNm=56 tyreNm=0 inertia=1.82 limRot=0/-10/-5 omegaPre=32.84 posN=-21/-11/0 susp=0.0016 springN=-22
INFO 2026-07-27 15:27:21.705 joltshadow - docs §78: attdense (player) f=1360 joltTilt=9.25 odeTilt=8.67 upDelta=0.69 wBody=(-0.02,0.32,0.16) |w|=0.36 grounded=0
INFO 2026-07-27 15:27:21.741 joltshadow - docs §70.1: slipdense (player) f=1364 w=0 grounded=0 kappa=0.000 fnGround=0 omega=34.02 | ftGround=0N target=77.6 limit=56Nm motorNm=56 tyreNm=0 inertia=1.78 limRot=0/169/0 omegaPre=33.77 posN=-23/-14/0 susp=-0.0014 springN=-30
INFO 2026-07-27 15:27:21.741 joltshadow - docs §70.1: slipdense (player) f=1364 w=1 grounded=0 kappa=0.000 fnGround=0 omega=35.88 | ftGround=0N target=77.6 limit=56Nm motorNm=56 tyreNm=0 inertia=1.78 limRot=0/109/0 omegaPre=35.68 posN=-26/2/0 susp=0.0004 springN=-4
INFO 2026-07-27 15:27:21.741 joltshadow - docs §70.1: slipdense (player) f=1364 w=2 grounded=0 kappa=0.000 fnGround=0 omega=34.99 | ftGround=0N target=77.6 limit=56Nm motorNm=56 tyreNm=0 inertia=1.82 limRot=0/-11/-2 omegaPre=34.74 posN=7/-10/0 susp=-0.0002 springN=-2
INFO 2026-07-27 15:27:21.741 joltshadow - docs §70.1: slipdense (player) f=1364 w=3 grounded=0 kappa=0.000 fnGround=0 omega=34.71 | ftGround=0N target=77.6 limit=56Nm motorNm=56 tyreNm=0 inertia=1.82 limRot=0/-11/-2 omegaPre=34.46 posN=4/7/0 susp=-0.0007 springN=25
INFO 2026-07-27 15:27:21.741 joltshadow - docs §78: attdense (player) f=1364 joltTilt=9.46 odeTilt=9.47 upDelta=0.07 wBody=(-0.04,0.33,0.08) |w|=0.34 grounded=0
INFO 2026-07-27 15:27:21.774 joltshadow - docs §70.1: slipdense (player) f=1368 w=0 grounded=0 kappa=0.000 fnGround=0 omega=35.37 | ftGround=0N target=77.6 limit=56Nm motorNm=56 tyreNm=0 inertia=1.78 limRot=0/-147/0 omegaPre=35.07 posN=-1/-12/0 susp=0.0013 springN=-20
INFO 2026-07-27 15:27:21.774 joltshadow - docs §70.1: slipdense (player) f=1368 w=1 grounded=0 kappa=0.000 fnGround=0 omega=37.23 | ftGround=0N target=77.6 limit=56Nm motorNm=56 tyreNm=0 inertia=1.78 limRot=0/-315/0 omegaPre=36.91 posN=-3/-1/0 susp=0.0013 springN=-14
INFO 2026-07-27 15:27:21.774 joltshadow - docs §70.1: slipdense (player) f=1368 w=2 grounded=0 kappa=0.000 fnGround=0 omega=36.33 | ftGround=0N target=77.6 limit=56Nm motorNm=56 tyreNm=0 inertia=1.82 limRot=0/-9/-3 omegaPre=36.03 posN=21/-9/0 susp=-0.0000 springN=8
INFO 2026-07-27 15:27:21.775 joltshadow - docs §70.1: slipdense (player) f=1368 w=3 grounded=0 kappa=0.000 fnGround=0 omega=36.05 | ftGround=0N target=77.6 limit=56Nm motorNm=56 tyreNm=0 inertia=1.82 limRot=0/-9/-3 omegaPre=35.74 posN=18/3/0 susp=-0.0013 springN=10
INFO 2026-07-27 15:27:21.775 joltshadow - docs §78: attdense (player) f=1368 joltTilt=9.67 odeTilt=10.39 upDelta=0.75 wBody=(-0.05,0.31,0.10) |w|=0.33 grounded=0
INFO 2026-07-27 15:27:21.812 joltshadow - docs §70.1: slipdense (player) f=1372 w=0 grounded=0 kappa=0.000 fnGround=0 omega=36.56 | ftGround=0N target=77.6 limit=56Nm motorNm=56 tyreNm=0 inertia=1.78 limRot=0/-1477/0 omegaPre=36.43 posN=21/-10/0 susp=0.0008 springN=8
INFO 2026-07-27 15:27:21.813 joltshadow - docs §70.1: slipdense (player) f=1372 w=1 grounded=0 kappa=0.000 fnGround=0 omega=38.73 | ftGround=0N target=77.6 limit=56Nm motorNm=56 tyreNm=0 inertia=1.78 limRot=0/221/0 omegaPre=38.46 posN=19/-15/0 susp=0.0020 springN=-19
INFO 2026-07-27 15:27:21.813 joltshadow - docs §70.1: slipdense (player) f=1372 w=2 grounded=0 kappa=0.000 fnGround=0 omega=37.87 | ftGround=0N target=77.6 limit=56Nm motorNm=56 tyreNm=0 inertia=1.82 limRot=0/-9/-6 omegaPre=37.57 posN=12/-6/0 susp=-0.0011 springN=20
INFO 2026-07-27 15:27:21.813 joltshadow - docs §70.1: slipdense (player) f=1372 w=3 grounded=0 kappa=0.000 fnGround=0 omega=37.59 | ftGround=0N target=77.6 limit=56Nm motorNm=56 tyreNm=0 inertia=1.82 limRot=0/-9/-6 omegaPre=37.28 posN=10/-11/0 susp=-0.0002 springN=-13
INFO 2026-07-27 15:27:21.813 joltshadow - docs §78: attdense (player) f=1372 joltTilt=9.99 odeTilt=11.22 upDelta=1.32 wBody=(-0.06,0.30,0.16) |w|=0.35 grounded=0
INFO 2026-07-27 15:27:21.813 joltshadow - docs §82: resync (player) #30 dt=0.51s upMax=1.409 deg posMax=1.599 m odeTiltPath=3.772 deg gain=0.3735
INFO 2026-07-27 15:27:21.813 joltshadow - docs §87: resync landing (player) w=0 pre=0.6991 post=0.0297 m R=0.629 dY=-1.2539 dRotDeg=8.72 |corr|=1.5991 m
INFO 2026-07-27 15:27:21.813 joltshadow - docs §87: resync landing (player) w=1 pre=0.4022 post=0.0432 m R=0.629 dY=-1.2539 dRotDeg=8.72 |corr|=1.5991 m
INFO 2026-07-27 15:27:21.813 joltshadow - docs §87: resync landing (player) w=2 pre=0.5255 post=-0.0008 m R=0.635 dY=-1.2539 dRotDeg=8.72 |corr|=1.5991 m
INFO 2026-07-27 15:27:21.813 joltshadow - docs §87: resync landing (player) w=3 pre=0.6127 post=0.0364 m R=0.635 dY=-1.2539 dRotDeg=8.72 |corr|=1.5991 m
INFO 2026-07-27 15:27:21.814 joltshadow - docs §82: resync RESIDUAL (player) #30 pos=0.0000 m up=0.0198 deg
INFO 2026-07-27 15:27:21.847 joltshadow - docs §70.1: slipdense (player) f=1376 w=0 grounded=1 kappa=0.067 fnGround=1116 omega=21.20 | ftGround=1240N target=46.5 limit=93Nm motorNm=93 tyreNm=-755 inertia=1.78 limRot=0/276/0 omegaPre=24.86 posN=-2302/-669/0 susp=-0.3520 springN=775
INFO 2026-07-27 15:27:21.848 joltshadow - docs §70.1: slipdense (player) f=1376 w=1 grounded=1 kappa=0.185 fnGround=1033 omega=21.63 | ftGround=1404N target=46.5 limit=93Nm motorNm=93 tyreNm=-942 inertia=1.78 limRot=0/3463/-1491 omegaPre=25.59 posN=2688/-150/0 susp=-0.4882 springN=1663
INFO 2026-07-27 15:27:21.848 joltshadow - docs §70.1: slipdense (player) f=1376 w=2 grounded=1 kappa=0.018 fnGround=1135 omega=24.33 | ftGround=386N target=46.5 limit=93Nm motorNm=93 tyreNm=-188 inertia=1.82 limRot=0/-75/12 omegaPre=24.78 posN=-245/-432/0 susp=-0.5383 springN=2331
INFO 2026-07-27 15:27:21.848 joltshadow - docs §70.1: slipdense (player) f=1376 w=3 grounded=1 kappa=0.007 fnGround=1121 omega=23.15 | ftGround=160N target=46.5 limit=93Nm motorNm=93 tyreNm=-59 inertia=1.82 limRot=0/42/9 omegaPre=23.03 posN=214/-73/0 susp=-0.4758 springN=1977
INFO 2026-07-27 15:27:21.848 joltshadow - docs §78: attdense (player) f=1376 joltTilt=10.78 odeTilt=11.61 upDelta=0.91 wBody=(-0.36,-0.07,0.12) |w|=0.39 grounded=4
INFO 2026-07-27 15:27:21.888 joltshadow - docs §70.1: slipdense (player) f=1380 w=0 grounded=0 kappa=0.000 fnGround=0 omega=23.39 | ftGround=0N target=46.5 limit=93Nm motorNm=93 tyreNm=0 inertia=1.78 limRot=0/-6/0 omegaPre=22.76 posN=-273/-139/0 susp=-0.1581 springN=-436
INFO 2026-07-27 15:27:21.889 joltshadow - docs §70.1: slipdense (player) f=1380 w=1 grounded=1 kappa=0.010 fnGround=842 omega=20.45 | ftGround=157N target=46.5 limit=93Nm motorNm=93 tyreNm=-84 inertia=1.78 limRot=0/3582/0 omegaPre=20.41 posN=1612/929/0 susp=-0.3048 springN=457
INFO 2026-07-27 15:27:21.889 joltshadow - docs §70.1: slipdense (player) f=1380 w=2 grounded=1 kappa=0.016 fnGround=1141 omega=22.20 | ftGround=304N target=46.5 limit=93Nm motorNm=93 tyreNm=-146 inertia=1.82 limRot=0/-313/-26 omegaPre=22.65 posN=-553/-520/0 susp=-0.4014 springN=975
INFO 2026-07-27 15:27:21.889 joltshadow - docs §70.1: slipdense (player) f=1380 w=3 grounded=1 kappa=0.011 fnGround=944 omega=23.39 | ftGround=223N target=46.5 limit=93Nm motorNm=93 tyreNm=-102 inertia=1.82 limRot=0/-141/-14 omegaPre=23.47 posN=-142/-239/0 susp=-0.3251 springN=751
INFO 2026-07-27 15:27:21.889 joltshadow - docs §78: attdense (player) f=1380 joltTilt=10.98 odeTilt=11.71 upDelta=1.05 wBody=(-0.15,-0.31,-0.11) |w|=0.36 grounded=3
INFO 2026-07-27 15:27:21.889 joltshadow - Shadow divergence (player): pos=1.552m vel=4.973m/s angle=1.1deg (jolt com=[4656.8 261.5 1199.7] ode com=[4656.4 260.0 1199.4])
INFO 2026-07-27 15:27:21.889 joltshadow - docs §23.6: driver input (player) realThrottle=10.00 brake=0.01 handBrake=0 steerRad=0.000
INFO 2026-07-27 15:27:21.889 joltshadow - docs §32: Jolt SHADOW chassis pitch (player) forward=(-0.208, 0.091, -0.974)
INFO 2026-07-27 15:27:21.889 joltshadow - docs §69: tilt (player) jolt=11.0 deg ode=11.7 deg delta=-0.7 deg upDelta=1.05 deg
INFO 2026-07-27 15:27:21.889 joltshadow - docs §32.4: Jolt SHADOW chassis lowest corner (player) = (4658.66,259.68,1202.41) clearanceToGround=0.008
INFO 2026-07-27 15:27:21.889 joltshadow - docs §23.5: wheel state (player) wheel=0 contact=0 suspLen=1.050 (range 0.050-1.050, 0% compressed) angVel=0.00
INFO 2026-07-27 15:27:21.889 joltshadow - docs §38.11: wheel=0 NO contact, worldAxle=(0.961,-0.168,-0.221)
INFO 2026-07-27 15:27:21.890 joltshadow - docs §32: no-contact raycast (player) wheel=0 bodyPos=(4656.59,260.82,1199.29) localMPos=(-1.155,0.060,2.270) origin=(4657.24,260.89,1196.83) dir=(-0.183,-0.982,-0.052) normalRayLen=1.679 groundFoundAt=0.000 shortfallBeyondTravel=-1.679 hitBody=8391044 hitLayer=4 hitMotion=2 hitIsSelfChassis=0
INFO 2026-07-27 15:27:21.890 joltshadow - docs §23.5: wheel state (player) wheel=1 contact=0 suspLen=1.050 (range 0.050-1.050, 0% compressed) angVel=0.00
INFO 2026-07-27 15:27:21.890 joltshadow - docs §38.11: wheel=1 NO contact, worldAxle=(0.961,-0.168,-0.221)
INFO 2026-07-27 15:27:21.890 joltshadow - docs §32: no-contact raycast (player) wheel=1 bodyPos=(4656.59,260.82,1199.29) localMPos=(1.155,0.059,2.270) origin=(4655.02,261.28,1197.34) dir=(-0.183,-0.982,-0.052) normalRayLen=1.679 groundFoundAt=0.000 shortfallBeyondTravel=-1.679 hitBody=8391045 hitLayer=4 hitMotion=2 hitIsSelfChassis=0
INFO 2026-07-27 15:27:21.890 joltshadow - docs §23.5: wheel state (player) wheel=2 contact=0 suspLen=1.050 (range 0.050-1.050, 0% compressed) angVel=0.00
INFO 2026-07-27 15:27:21.890 joltshadow - docs §38.11: wheel=2 NO contact, worldAxle=(0.961,-0.168,-0.221)
INFO 2026-07-27 15:27:21.890 joltshadow - docs §32: no-contact raycast (player) wheel=2 bodyPos=(4656.59,260.82,1199.29) localMPos=(-1.253,0.145,-2.062) origin=(4658.25,260.56,1201.03) dir=(-0.183,-0.982,-0.052) normalRayLen=1.685 groundFoundAt=0.000 shortfallBeyondTravel=-1.685 hitBody=8391046 hitLayer=4 hitMotion=2 hitIsSelfChassis=0
INFO 2026-07-27 15:27:21.890 joltshadow - docs §23.5: wheel state (player) wheel=3 contact=0 suspLen=1.050 (range 0.050-1.050, 0% compressed) angVel=0.00
INFO 2026-07-27 15:27:21.890 joltshadow - docs §38.11: wheel=3 NO contact, worldAxle=(0.961,-0.168,-0.221)
INFO 2026-07-27 15:27:21.890 joltshadow - docs §32: no-contact raycast (player) wheel=3 bodyPos=(4656.59,260.82,1199.29) localMPos=(1.253,0.146,-2.062) origin=(4655.84,260.98,1201.58) dir=(-0.183,-0.982,-0.052) normalRayLen=1.685 groundFoundAt=0.000 shortfallBeyondTravel=-1.685 hitBody=8391047 hitLayer=4 hitMotion=2 hitIsSelfChassis=0
INFO 2026-07-27 15:27:21.890 joltshadow - docs §59/63: harvest (player) wheelsWithContact=4 contactPoints=8 overflow=0 (of 4) | maxNormalF=1141N bound(k_t*tau)=1200N ratio=0.95
INFO 2026-07-27 15:27:21.890 joltshadow - docs §58: wheel body (player) w=0 springF=-436N stopF=0N travel=-0.1581 (limits -0.5000..0.5000 rel spawn) kSusp=6000 sagPredicted=-0.0726 | frameTrav=-0.2008..-0.1581 frameStopN=0
INFO 2026-07-27 15:27:21.890 joltshadow - docs §66: tyre band (player) w=0 fnGround=0N fnTotal=0N pen=0.00000 penRaw=0.00000 tau=0.01000 pen/tau=0.00 | recs tyre=1 rim=1 survived=0 stale=0 distMax=1.01R
INFO 2026-07-27 15:27:21.890 joltshadow - docs §68: steer (player) w=0 steerable=1 commanded=0.000 rad measured=-0.007 rad err=-0.43 deg steerSign=-1 steerTq=22Nm cap=815Nm sat=0.03
INFO 2026-07-27 15:27:21.890 joltshadow - docs §70: slip (player) w=0 grounded=0 kappa=0.000 fnGround=0N omega=23.39
INFO 2026-07-27 15:27:21.890 joltshadow - docs §67: spin (player) w=0 driven=1 omega=23.39 rad/s surfaceSpeed=14.72 m/s spinSign=+1 motorTq=93Nm cmdTq=93Nm
INFO 2026-07-27 15:27:21.890 joltshadow - docs §58: wheel body (player) w=1 springF=457N stopF=0N travel=-0.3048 (limits -0.5000..0.5000 rel spawn) kSusp=6000 sagPredicted=0.0761 | frameTrav=-0.3471..-0.3048 frameStopN=0
INFO 2026-07-27 15:27:21.890 joltshadow - docs §66: tyre band (player) w=1 fnGround=842N fnTotal=986N pen=0.01000 penRaw=0.03023 tau=0.01000 pen/tau=1.00 | recs tyre=1 rim=1 survived=1 stale=0 distMax=0.95R
INFO 2026-07-27 15:27:21.890 joltshadow - docs §68: steer (player) w=1 steerable=1 commanded=0.000 rad measured=-0.543 rad err=-31.12 deg steerSign=-1 steerTq=-2599Nm cap=2599Nm sat=1.00
INFO 2026-07-27 15:27:21.890 joltshadow - docs §70: slip (player) w=1 grounded=1 kappa=0.010 fnGround=842N omega=20.45
INFO 2026-07-27 15:27:21.890 joltshadow - docs §67: spin (player) w=1 driven=1 omega=20.45 rad/s surfaceSpeed=12.87 m/s spinSign=+1 motorTq=93Nm cmdTq=93Nm
INFO 2026-07-27 15:27:21.890 joltshadow - docs §58: wheel body (player) w=2 springF=975N stopF=0N travel=-0.4014 (limits -0.5000..0.5000 rel spawn) kSusp=6000 sagPredicted=0.1625 | frameTrav=-0.4434..-0.4014 frameStopN=0
INFO 2026-07-27 15:27:21.890 joltshadow - docs §66: tyre band (player) w=2 fnGround=1141N fnTotal=1198N pen=0.01000 penRaw=0.03176 tau=0.01000 pen/tau=1.00 | recs tyre=1 rim=1 survived=1 stale=0 distMax=0.95R
INFO 2026-07-27 15:27:21.890 joltshadow - docs §68: steer (player) w=2 steerable=0 commanded=0.000 rad measured=-0.000 rad err=-0.00 deg steerSign=-1 steerTq=0Nm cap=340282346638528859811704183484516925440Nm sat=0.00
INFO 2026-07-27 15:27:21.891 joltshadow - docs §70: slip (player) w=2 grounded=1 kappa=0.016 fnGround=1141N omega=22.20
INFO 2026-07-27 15:27:21.891 joltshadow - docs §67: spin (player) w=2 driven=1 omega=22.20 rad/s surfaceSpeed=14.11 m/s spinSign=+1 motorTq=93Nm cmdTq=93Nm
INFO 2026-07-27 15:27:21.891 joltshadow - docs §58: wheel body (player) w=3 springF=751N stopF=0N travel=-0.3251 (limits -0.5000..0.5000 rel spawn) kSusp=6000 sagPredicted=0.1252 | frameTrav=-0.3613..-0.3251 frameStopN=0
INFO 2026-07-27 15:27:21.891 joltshadow - docs §66: tyre band (player) w=3 fnGround=944N fnTotal=1014N pen=0.01000 penRaw=0.03026 tau=0.01000 pen/tau=1.00 | recs tyre=1 rim=1 survived=1 stale=0 distMax=0.95R
INFO 2026-07-27 15:27:21.891 joltshadow - docs §68: steer (player) w=3 steerable=0 commanded=0.000 rad measured=0.000 rad err=0.00 deg steerSign=-1 steerTq=0Nm cap=340282346638528859811704183484516925440Nm sat=0.00
INFO 2026-07-27 15:27:21.891 joltshadow - docs §70: slip (player) w=3 grounded=1 kappa=0.011 fnGround=944N omega=23.39
INFO 2026-07-27 15:27:21.891 joltshadow - docs §67: spin (player) w=3 driven=1 omega=23.39 rad/s surfaceSpeed=14.86 m/s spinSign=+1 motorTq=93Nm cmdTq=93Nm
INFO 2026-07-27 15:27:21.891 joltshadow - docs §67: drivetrain (player) gear=1 rpm=4604 driveTorque=375Nm perWheel=94Nm driven=4 throttle=1.00 spin=1 | PRE-STEP brake=0.01 handBrake=0
INFO 2026-07-27 15:27:21.891 joltshadow - docs §66: tyre band SUM (player) fnGroundSum=2927N fnTotalSum=3198N weight=942N carried=3.40 | penSum=0.03000 recs tyre=4 rim=4 stale=0
INFO 2026-07-27 15:27:21.891 joltshadow - docs §30: REAL ODE chassis COM (player) body=54C8BDB0 = (4656.441, 260.046, 1199.399) forward=(-0.216, 0.086, -0.972)
INFO 2026-07-27 15:27:21.891 joltshadow - docs §33: real ODE chassis geom (player) #1 = class 0 (not a transform) pos=(4656.441,260.046,1199.399) radius=4.500
INFO 2026-07-27 15:27:21.891 joltshadow - docs §33: real ODE chassis geom (player) #2 = transform, inner class=1 pos=(0.000,1.095,-0.495)
INFO 2026-07-27 15:27:21.891 joltshadow - docs §33: real ODE chassis geom (player) #3 = transform, inner class=1 pos=(0.353,3.466,0.718)
INFO 2026-07-27 15:27:21.891 joltshadow - docs §33: real ODE chassis geom (player) #4 = transform, inner class=1 pos=(0.000,1.818,1.842)
INFO 2026-07-27 15:27:21.891 joltshadow - docs §33: real ODE chassis geom (player) #5 = transform, inner class=1 pos=(0.006,1.981,-2.113)
INFO 2026-07-27 15:27:21.891 joltshadow - docs §33: real ODE chassis geom (player) #6 = class 0 (not a transform) pos=(4656.441,260.046,1199.399) radius=30.000
INFO 2026-07-27 15:27:21.891 joltshadow - docs §33: real ODE chassis geom (player) #7 = class 0 (not a transform) pos=(4656.441,260.046,1199.399) radius=6.436
INFO 2026-07-27 15:27:21.891 joltshadow - docs §33: real ODE chassis geom (player) #8 = class 0 (not a transform) pos=(4656.441,260.046,1199.399) radius=200.000
INFO 2026-07-27 15:27:21.891 joltshadow - docs §33: real ODE chassis (player) has 8 total geom(s) directly attached (4 transform(s)) - compare against BuildChassisCompoundShape's own part/geom count in the build log
INFO 2026-07-27 15:27:21.891 joltshadow - docs §28: REAL ODE wheel state (player) wheel=0 displacement=-0.0075 range=1.000 (-1% compressed, signed) foreAft=2.270 localZ=2.270 cfm=0.002500 erp=0.2500
INFO 2026-07-27 15:27:21.891 joltshadow - docs §28: REAL ODE wheel state (player) wheel=1 displacement=0.0577 range=1.000 (6% compressed, signed) foreAft=2.270 localZ=2.270 cfm=0.002500 erp=0.2500
INFO 2026-07-27 15:27:21.891 joltshadow - docs §28: REAL ODE wheel state (player) wheel=2 displacement=0.0864 range=1.000 (9% compressed, signed) foreAft=-2.062 localZ=-2.062 cfm=0.002500 erp=0.2500
INFO 2026-07-27 15:27:21.892 joltshadow - docs §28: REAL ODE wheel state (player) wheel=3 displacement=-0.0059 range=1.000 (-1% compressed, signed) foreAft=-2.062 localZ=-2.062 cfm=0.002500 erp=0.2500
INFO 2026-07-27 15:27:21.929 joltshadow - docs §70.1: slipdense (player) f=1384 w=0 grounded=0 kappa=0.000 fnGround=0 omega=26.22 | ftGround=0N target=46.5 limit=93Nm motorNm=93 tyreNm=0 inertia=1.78 limRot=0/15/0 omegaPre=25.70 posN=43/3/0 susp=-0.0255 springN=-440
INFO 2026-07-27 15:27:21.929 joltshadow - docs §70.1: slipdense (player) f=1384 w=1 grounded=1 kappa=0.007 fnGround=0 omega=20.95 | ftGround=0N target=46.5 limit=93Nm motorNm=93 tyreNm=0 inertia=1.78 limRot=0/-563/0 omegaPre=20.50 posN=38/-23/0 susp=-0.1409 springN=-167
INFO 2026-07-27 15:27:21.929 joltshadow - docs §70.1: slipdense (player) f=1384 w=2 grounded=1 kappa=0.023 fnGround=400 omega=21.57 | ftGround=203N target=46.5 limit=93Nm motorNm=93 tyreNm=-114 inertia=1.82 limRot=0/25/6 omegaPre=21.77 posN=-7/-224/0 susp=-0.2224 springN=176
INFO 2026-07-27 15:27:21.929 joltshadow - docs §70.1: slipdense (player) f=1384 w=3 grounded=1 kappa=0.039 fnGround=0 omega=23.53 | ftGround=0N target=46.5 limit=93Nm motorNm=93 tyreNm=0 inertia=1.82 limRot=0/10/-2 omegaPre=23.47 posN=-18/-17/0 susp=-0.1702 springN=-24
INFO 2026-07-27 15:27:21.929 joltshadow - docs §78: attdense (player) f=1384 joltTilt=10.97 odeTilt=11.70 upDelta=1.09 wBody=(-0.01,-0.40,-0.00) |w|=0.40 grounded=3
INFO 2026-07-27 15:27:21.955 joltshadow - docs §70.1: slipdense (player) f=1388 w=0 grounded=0 kappa=0.000 fnGround=0 omega=27.89 | ftGround=0N target=46.5 limit=93Nm motorNm=93 tyreNm=0 inertia=1.78 limRot=0/9/0 omegaPre=27.57 posN=-17/-12/0 susp=0.0068 springN=-246
INFO 2026-07-27 15:27:21.955 joltshadow - docs §70.1: slipdense (player) f=1388 w=1 grounded=0 kappa=0.000 fnGround=0 omega=22.60 | ftGround=0N target=46.5 limit=93Nm motorNm=93 tyreNm=0 inertia=1.78 limRot=0/102/0 omegaPre=22.29 posN=-20/-8/0 susp=-0.0652 springN=-283
INFO 2026-07-27 15:27:21.956 joltshadow - docs §70.1: slipdense (player) f=1388 w=2 grounded=0 kappa=0.000 fnGround=0 omega=22.74 | ftGround=0N target=46.5 limit=93Nm motorNm=93 tyreNm=0 inertia=1.82 limRot=0/6/1 omegaPre=22.43 posN=-8/-8/0 susp=-0.1266 springN=-225
INFO 2026-07-27 15:27:21.956 joltshadow - docs §70.1: slipdense (player) f=1388 w=3 grounded=0 kappa=0.000 fnGround=0 omega=25.16 | ftGround=0N target=46.5 limit=93Nm motorNm=93 tyreNm=0 inertia=1.82 limRot=0/7/1 omegaPre=24.85 posN=-11/-2/0 susp=-0.0859 springN=-279
INFO 2026-07-27 15:27:21.956 joltshadow - docs §78: attdense (player) f=1388 joltTilt=10.96 odeTilt=11.69 upDelta=1.03 wBody=(0.02,-0.38,-0.03) |w|=0.38 grounded=0
INFO 2026-07-27 15:27:21.980 joltshadow - docs §70.1: slipdense (player) f=1392 w=0 grounded=0 kappa=0.000 fnGround=0 omega=29.20 | ftGround=0N target=46.5 limit=93Nm motorNm=93 tyreNm=0 inertia=1.78 limRot=0/7/0 omegaPre=28.88 posN=-7/-1/0 susp=0.0143 springN=-98
INFO 2026-07-27 15:27:21.980 joltshadow - docs §70.1: slipdense (player) f=1392 w=1 grounded=0 kappa=0.000 fnGround=0 omega=23.90 | ftGround=0N target=46.5 limit=93Nm motorNm=93 tyreNm=0 inertia=1.78 limRot=0/-25/0 omegaPre=23.59 posN=-11/-0/0 susp=-0.0232 springN=-236
INFO 2026-07-27 15:27:21.980 joltshadow - docs §70.1: slipdense (player) f=1392 w=2 grounded=0 kappa=0.000 fnGround=0 omega=24.02 | ftGround=0N target=46.5 limit=93Nm motorNm=93 tyreNm=0 inertia=1.82 limRot=0/7/1 omegaPre=23.71 posN=-6/4/0 susp=-0.0585 springN=-315
INFO 2026-07-27 15:27:21.980 joltshadow - docs §70.1: slipdense (player) f=1392 w=3 grounded=0 kappa=0.000 fnGround=0 omega=26.44 | ftGround=0N target=46.5 limit=93Nm motorNm=93 tyreNm=0 inertia=1.82 limRot=0/8/2 omegaPre=26.14 posN=-9/5/0 susp=-0.0351 springN=-257
INFO 2026-07-27 15:27:21.980 joltshadow - docs §78: attdense (player) f=1392 joltTilt=10.88 odeTilt=11.72 upDelta=1.09 wBody=(0.00,-0.38,-0.06) |w|=0.39 grounded=0
INFO 2026-07-27 15:27:22.006 joltshadow - docs §70.1: slipdense (player) f=1396 w=0 grounded=0 kappa=0.000 fnGround=0 omega=30.28 | ftGround=0N target=46.5 limit=93Nm motorNm=93 tyreNm=0 inertia=1.78 limRot=0/12/0 omegaPre=29.92 posN=-2/3/0 susp=0.0117 springN=-11
INFO 2026-07-27 15:27:22.006 joltshadow - docs §70.1: slipdense (player) f=1396 w=1 grounded=0 kappa=0.000 fnGround=0 omega=24.99 | ftGround=0N target=46.5 limit=93Nm motorNm=93 tyreNm=0 inertia=1.78 limRot=0/-36/0 omegaPre=24.62 posN=-6/2/0 susp=-0.0009 springN=-158
INFO 2026-07-27 15:27:22.006 joltshadow - docs §70.1: slipdense (player) f=1396 w=2 grounded=0 kappa=0.000 fnGround=0 omega=25.09 | ftGround=0N target=46.5 limit=93Nm motorNm=93 tyreNm=0 inertia=1.82 limRot=0/8/1 omegaPre=24.73 posN=-5/8/0 susp=-0.0168 springN=-250
INFO 2026-07-27 15:27:22.006 joltshadow - docs §70.1: slipdense (player) f=1396 w=3 grounded=0 kappa=0.000 fnGround=0 omega=27.51 | ftGround=0N target=46.5 limit=93Nm motorNm=93 tyreNm=0 inertia=1.82 limRot=0/9/1 omegaPre=27.15 posN=-8/7/0 susp=-0.0075 springN=-162
INFO 2026-07-27 15:27:22.006 joltshadow - docs §78: attdense (player) f=1396 joltTilt=10.80 odeTilt=11.81 upDelta=1.22 wBody=(-0.02,-0.38,-0.08) |w|=0.39 grounded=0
INFO 2026-07-27 15:27:22.033 joltshadow - docs §70.1: slipdense (player) f=1400 w=0 grounded=0 kappa=0.000 fnGround=0 omega=31.42 | ftGround=0N target=46.5 limit=93Nm motorNm=93 tyreNm=0 inertia=1.78 limRot=0/34/0 omegaPre=31.00 posN=-1/2/0 susp=0.0059 springN=21
INFO 2026-07-27 15:27:22.033 joltshadow - docs §70.1: slipdense (player) f=1400 w=1 grounded=0 kappa=0.000 fnGround=0 omega=26.13 | ftGround=0N target=46.5 limit=93Nm motorNm=93 tyreNm=0 inertia=1.78 limRot=0/-21/0 omegaPre=25.71 posN=-5/1/0 susp=0.0091 springN=-92
INFO 2026-07-27 15:27:22.034 joltshadow - docs §70.1: slipdense (player) f=1400 w=2 grounded=0 kappa=0.000 fnGround=0 omega=26.21 | ftGround=0N target=46.5 limit=93Nm motorNm=93 tyreNm=0 inertia=1.82 limRot=0/8/1 omegaPre=25.80 posN=-5/8/0 susp=0.0018 springN=-145
INFO 2026-07-27 15:27:22.034 joltshadow - docs §70.1: slipdense (player) f=1400 w=3 grounded=0 kappa=0.000 fnGround=0 omega=28.63 | ftGround=0N target=46.5 limit=93Nm motorNm=93 tyreNm=0 inertia=1.82 limRot=0/9/1 omegaPre=28.22 posN=-8/6/0 susp=0.0046 springN=-77
INFO 2026-07-27 15:27:22.034 joltshadow - docs §78: attdense (player) f=1400 joltTilt=10.76 odeTilt=11.97 upDelta=1.42 wBody=(-0.05,-0.38,-0.09) |w|=0.39 grounded=0
INFO 2026-07-27 15:27:22.074 joltshadow - docs §70.1: slipdense (player) f=1404 w=0 grounded=0 kappa=0.000 fnGround=0 omega=33.12 | ftGround=0N target=46.5 limit=93Nm motorNm=93 tyreNm=0 inertia=1.78 limRot=0/-7/0 omegaPre=32.59 posN=2/-1/0 susp=0.0011 springN=11
INFO 2026-07-27 15:27:22.074 joltshadow - docs §70.1: slipdense (player) f=1404 w=1 grounded=0 kappa=0.000 fnGround=0 omega=27.82 | ftGround=0N target=46.5 limit=93Nm motorNm=93 tyreNm=0 inertia=1.78 limRot=0/25/0 omegaPre=27.30 posN=-1/-3/0 susp=0.0077 springN=-21
INFO 2026-07-27 15:27:22.074 joltshadow - docs §70.1: slipdense (player) f=1404 w=2 grounded=0 kappa=0.000 fnGround=0 omega=27.87 | ftGround=0N target=46.5 limit=93Nm motorNm=93 tyreNm=0 inertia=1.82 limRot=0/9/3 omegaPre=27.35 posN=-2/5/0 susp=0.0076 springN=-40
INFO 2026-07-27 15:27:22.074 joltshadow - docs §70.1: slipdense (player) f=1404 w=3 grounded=0 kappa=0.000 fnGround=0 omega=30.29 | ftGround=0N target=46.5 limit=93Nm motorNm=93 tyreNm=0 inertia=1.82 limRot=0/10/3 omegaPre=29.78 posN=-5/3/0 susp=0.0041 springN=4
INFO 2026-07-27 15:27:22.074 joltshadow - docs §78: attdense (player) f=1404 joltTilt=10.62 odeTilt=12.25 upDelta=1.90 wBody=(-0.08,-0.38,-0.11) |w|=0.40 grounded=0
INFO 2026-07-27 15:27:22.114 joltshadow - docs §70.1: slipdense (player) f=1408 w=0 grounded=0 kappa=0.000 fnGround=0 omega=34.82 | ftGround=0N target=46.5 limit=93Nm motorNm=93 tyreNm=0 inertia=1.78 limRot=0/14/0 omegaPre=34.35 posN=5/2/0 susp=0.0012 springN=-13
INFO 2026-07-27 15:27:22.114 joltshadow - docs §70.1: slipdense (player) f=1408 w=1 grounded=0 kappa=0.000 fnGround=0 omega=29.51 | ftGround=0N target=46.5 limit=93Nm motorNm=93 tyreNm=0 inertia=1.78 limRot=0/797/0 omegaPre=29.05 posN=2/-9/0 susp=0.0023 springN=4
INFO 2026-07-27 15:27:22.115 joltshadow - docs §70.1: slipdense (player) f=1408 w=2 grounded=0 kappa=0.000 fnGround=0 omega=29.54 | ftGround=0N target=46.5 limit=93Nm motorNm=93 tyreNm=0 inertia=1.82 limRot=0/9/4 omegaPre=29.08 posN=-15/8/0 susp=0.0048 springN=2
INFO 2026-07-27 15:27:22.115 joltshadow - docs §70.1: slipdense (player) f=1408 w=3 grounded=0 kappa=0.000 fnGround=0 omega=31.96 | ftGround=0N target=46.5 limit=93Nm motorNm=93 tyreNm=0 inertia=1.82 limRot=0/10/4 omegaPre=31.50 posN=-19/-4/0 susp=-0.0017 springN=29
INFO 2026-07-27 15:27:22.115 joltshadow - docs §78: attdense (player) f=1408 joltTilt=10.42 odeTilt=12.58 upDelta=2.58 wBody=(-0.10,-0.37,-0.13) |w|=0.40 grounded=0
INFO 2026-07-27 15:27:22.152 joltshadow - docs §70.1: slipdense (player) f=1412 w=0 grounded=0 kappa=0.000 fnGround=0 omega=33.93 | ftGround=0N target=-46.5 limit=93Nm motorNm=-93 tyreNm=0 inertia=1.78 limRot=0/22/0 omegaPre=34.40 posN=-13/-20/0 susp=0.0019 springN=-6
INFO 2026-07-27 15:27:22.152 joltshadow - docs §70.1: slipdense (player) f=1412 w=1 grounded=0 kappa=0.000 fnGround=0 omega=28.54 | ftGround=0N target=-46.5 limit=93Nm motorNm=-93 tyreNm=0 inertia=1.78 limRot=0/770/0 omegaPre=29.02 posN=-16/-7/0 susp=-0.0020 springN=26
INFO 2026-07-27 15:27:22.152 joltshadow - docs §70.1: slipdense (player) f=1412 w=2 grounded=0 kappa=0.000 fnGround=0 omega=28.67 | ftGround=0N target=-46.5 limit=93Nm motorNm=-93 tyreNm=0 inertia=1.82 limRot=0/10/6 omegaPre=29.13 posN=12/-15/0 susp=0.0036 springN=-9
INFO 2026-07-27 15:27:22.152 joltshadow - docs §70.1: slipdense (player) f=1412 w=3 grounded=0 kappa=0.000 fnGround=0 omega=31.09 | ftGround=0N target=-46.5 limit=93Nm motorNm=-93 tyreNm=0 inertia=1.82 limRot=0/10/6 omegaPre=31.55 posN=8/-0/0 susp=-0.0050 springN=18
INFO 2026-07-27 15:27:22.152 joltshadow - docs §78: attdense (player) f=1412 joltTilt=10.17 odeTilt=13.05 upDelta=3.57 wBody=(-0.09,-0.37,-0.16) |w|=0.41 grounded=0
INFO 2026-07-27 15:27:22.188 joltshadow - docs §70.1: slipdense (player) f=1416 w=0 grounded=0 kappa=0.000 fnGround=0 omega=32.47 | ftGround=0N target=-46.5 limit=93Nm motorNm=-93 tyreNm=0 inertia=1.78 limRot=0/-13/0 omegaPre=32.83 posN=21/-8/0 susp=0.0014 springN=14
INFO 2026-07-27 15:27:22.188 joltshadow - docs §70.1: slipdense (player) f=1416 w=1 grounded=0 kappa=0.000 fnGround=0 omega=26.96 | ftGround=0N target=-46.5 limit=93Nm motorNm=-93 tyreNm=0 inertia=1.78 limRot=0/-180/0 omegaPre=27.36 posN=17/-17/0 susp=-0.0035 springN=4
INFO 2026-07-27 15:27:22.188 joltshadow - docs §70.1: slipdense (player) f=1416 w=2 grounded=0 kappa=0.000 fnGround=0 omega=27.23 | ftGround=0N target=-46.5 limit=93Nm motorNm=-93 tyreNm=0 inertia=1.82 limRot=0/11/3 omegaPre=27.59 posN=3/-1/0 susp=0.0022 springN=10
INFO 2026-07-27 15:27:22.188 joltshadow - docs §70.1: slipdense (player) f=1416 w=3 grounded=0 kappa=0.000 fnGround=0 omega=29.65 | ftGround=0N target=-46.5 limit=93Nm motorNm=-93 tyreNm=0 inertia=1.82 limRot=0/11/3 omegaPre=30.01 posN=-1/-11/0 susp=-0.0041 springN=-14
INFO 2026-07-27 15:27:22.188 joltshadow - docs §78: attdense (player) f=1416 joltTilt=9.95 odeTilt=13.65 upDelta=4.73 wBody=(-0.08,-0.39,-0.11) |w|=0.41 grounded=0
INFO 2026-07-27 15:27:22.220 joltshadow - docs §70.1: slipdense (player) f=1420 w=0 grounded=0 kappa=0.000 fnGround=0 omega=31.09 | ftGround=0N target=-46.5 limit=93Nm motorNm=-93 tyreNm=0 inertia=1.78 limRot=0/-548/0 omegaPre=31.57 posN=-3/-15/0 susp=-0.0006 springN=20
INFO 2026-07-27 15:27:22.220 joltshadow - docs §70.1: slipdense (player) f=1420 w=1 grounded=0 kappa=0.000 fnGround=0 omega=25.58 | ftGround=0N target=-46.5 limit=93Nm motorNm=-93 tyreNm=0 inertia=1.78 limRot=0/77/0 omegaPre=26.05 posN=-6/-9/0 susp=0.0002 springN=-7
INFO 2026-07-27 15:27:22.220 joltshadow - docs §70.1: slipdense (player) f=1420 w=2 grounded=0 kappa=0.000 fnGround=0 omega=25.89 | ftGround=0N target=-46.5 limit=93Nm motorNm=-93 tyreNm=0 inertia=1.82 limRot=0/9/2 omegaPre=26.35 posN=8/-10/0 susp=-0.0000 springN=9
INFO 2026-07-27 15:27:22.220 joltshadow - docs §70.1: slipdense (player) f=1420 w=3 grounded=0 kappa=0.000 fnGround=0 omega=28.31 | ftGround=0N target=-46.5 limit=93Nm motorNm=-93 tyreNm=0 inertia=1.82 limRot=0/10/2 omegaPre=28.77 posN=4/-3/0 susp=0.0007 springN=-27
INFO 2026-07-27 15:27:22.220 joltshadow - docs §78: attdense (player) f=1420 joltTilt=9.90 odeTilt=14.24 upDelta=5.73 wBody=(-0.06,-0.38,-0.11) |w|=0.40 grounded=0
INFO 2026-07-27 15:27:22.256 joltshadow - docs §70.1: slipdense (player) f=1424 w=0 grounded=0 kappa=0.000 fnGround=0 omega=29.49 | ftGround=0N target=-46.5 limit=93Nm motorNm=-93 tyreNm=0 inertia=1.78 limRot=0/-849/0 omegaPre=30.03 posN=13/-6/0 susp=-0.0029 springN=24
INFO 2026-07-27 15:27:22.257 joltshadow - docs §70.1: slipdense (player) f=1424 w=1 grounded=0 kappa=0.000 fnGround=0 omega=24.05 | ftGround=0N target=-46.5 limit=93Nm motorNm=-93 tyreNm=0 inertia=1.78 limRot=0/92/0 omegaPre=24.57 posN=10/-18/0 susp=0.0030 springN=-6
INFO 2026-07-27 15:27:22.257 joltshadow - docs §70.1: slipdense (player) f=1424 w=2 grounded=0 kappa=0.000 fnGround=0 omega=24.39 | ftGround=0N target=-46.5 limit=93Nm motorNm=-93 tyreNm=0 inertia=1.82 limRot=0/8/1 omegaPre=24.90 posN=-9/-0/0 susp=-0.0015 springN=6
INFO 2026-07-27 15:27:22.257 joltshadow - docs §70.1: slipdense (player) f=1424 w=3 grounded=0 kappa=0.000 fnGround=0 omega=26.81 | ftGround=0N target=-46.5 limit=93Nm motorNm=-93 tyreNm=0 inertia=1.82 limRot=0/9/1 omegaPre=27.32 posN=-12/-13/0 susp=0.0051 springN=-30
INFO 2026-07-27 15:27:22.257 joltshadow - docs §78: attdense (player) f=1424 joltTilt=9.87 odeTilt=14.85 upDelta=6.71 wBody=(-0.05,-0.38,-0.09) |w|=0.39 grounded=0
INFO 2026-07-27 15:27:22.291 joltshadow - docs §70.1: slipdense (player) f=1428 w=0 grounded=0 kappa=0.000 fnGround=0 omega=27.80 | ftGround=0N target=-46.5 limit=93Nm motorNm=-93 tyreNm=0 inertia=1.78 limRot=0/336/0 omegaPre=28.21 posN=-29/-18/0 susp=-0.0030 springN=1
INFO 2026-07-27 15:27:22.291 joltshadow - docs §70.1: slipdense (player) f=1428 w=1 grounded=0 kappa=0.000 fnGround=0 omega=22.46 | ftGround=0N target=-46.5 limit=93Nm motorNm=-93 tyreNm=0 inertia=1.78 limRot=0/9/0 omegaPre=22.82 posN=-32/-4/0 susp=0.0034 springN=13
INFO 2026-07-27 15:27:22.291 joltshadow - docs §70.1: slipdense (player) f=1428 w=2 grounded=0 kappa=0.000 fnGround=0 omega=22.83 | ftGround=0N target=-46.5 limit=93Nm motorNm=-93 tyreNm=0 inertia=1.82 limRot=0/6/2 omegaPre=23.19 posN=-2/-14/0 susp=-0.0012 springN=-16
INFO 2026-07-27 15:27:22.291 joltshadow - docs §70.1: slipdense (player) f=1428 w=3 grounded=0 kappa=0.000 fnGround=0 omega=25.25 | ftGround=0N target=-46.5 limit=93Nm motorNm=-93 tyreNm=0 inertia=1.82 limRot=0/7/2 omegaPre=25.61 posN=-5/2/0 susp=0.0062 springN=-4
INFO 2026-07-27 15:27:22.291 joltshadow - docs §78: attdense (player) f=1428 joltTilt=9.80 odeTilt=15.40 upDelta=7.61 wBody=(-0.04,-0.36,-0.14) |w|=0.39 grounded=0
INFO 2026-07-27 15:27:22.314 joltshadow - docs §82: resync (player) #31 dt=0.50s upMax=8.320 deg posMax=2.760 m odeTiltPath=4.473 deg gain=1.8600
INFO 2026-07-27 15:27:22.314 joltshadow - docs §87: resync landing (player) w=0 pre=0.8258 post=0.0626 m R=0.629 dY=-1.1537 dRotDeg=12.67 |corr|=2.7596 m
INFO 2026-07-27 15:27:22.314 joltshadow - docs §87: resync landing (player) w=1 pre=0.5645 post=0.0405 m R=0.629 dY=-1.1537 dRotDeg=12.67 |corr|=2.7596 m
INFO 2026-07-27 15:27:22.314 joltshadow - docs §87: resync landing (player) w=2 pre=0.5581 post=-0.0034 m R=0.635 dY=-1.1537 dRotDeg=12.67 |corr|=2.7596 m
INFO 2026-07-27 15:27:22.315 joltshadow - docs §87: resync landing (player) w=3 pre=0.3077 post=0.0900 m R=0.635 dY=-1.1537 dRotDeg=12.67 |corr|=2.7596 m
INFO 2026-07-27 15:27:22.315 joltshadow - docs §82: resync RESIDUAL (player) #31 pos=0.0000 m up=0.0000 deg
INFO 2026-07-27 15:27:22.324 joltshadow - docs §70.1: slipdense (player) f=1432 w=0 grounded=0 kappa=0.000 fnGround=0 omega=26.20 | ftGround=0N target=-46.5 limit=93Nm motorNm=-93 tyreNm=0 inertia=1.78 limRot=0/49/0 omegaPre=26.67 posN=-21/638/0 susp=-0.4920 springN=1862
INFO 2026-07-27 15:27:22.324 joltshadow - docs §70.1: slipdense (player) f=1432 w=1 grounded=1 kappa=1.140 fnGround=1100 omega=15.08 | ftGround=1847N target=-46.5 limit=93Nm motorNm=-93 tyreNm=-1141 inertia=1.78 limRot=0/-743/0 omegaPre=21.32 posN=-1047/-1152/0 susp=-0.5449 springN=2983
INFO 2026-07-27 15:27:22.324 joltshadow - docs §70.1: slipdense (player) f=1432 w=2 grounded=1 kappa=1.106 fnGround=1027 omega=16.54 | ftGround=1809N target=-46.5 limit=93Nm motorNm=-93 tyreNm=-1154 inertia=1.82 limRot=0/433/207 omegaPre=21.77 posN=250/-1636/0 susp=-0.5853 springN=3313
INFO 2026-07-27 15:27:22.324 joltshadow - docs §70.1: slipdense (player) f=1432 w=3 grounded=1 kappa=2.012 fnGround=2417 omega=19.05 | ftGround=4271N target=-46.5 limit=93Nm motorNm=-93 tyreNm=-2836 inertia=1.82 limRot=0/460/-242 omegaPre=24.19 posN=1323/-3946/0 susp=-0.5231 springN=2800
INFO 2026-07-27 15:27:22.324 joltshadow - docs §78: attdense (player) f=1432 joltTilt=15.86 odeTilt=15.95 upDelta=0.10 wBody=(0.07,-0.01,0.33) |w|=0.34 grounded=3
INFO 2026-07-27 15:27:22.363 joltshadow - docs §70.1: slipdense (player) f=1436 w=0 grounded=1 kappa=-0.006 fnGround=766 omega=9.47 | ftGround=-47N target=-29.1 limit=149Nm motorNm=-149 tyreNm=54 inertia=1.78 limRot=0/1360/0 omegaPre=9.72 posN=1356/-161/0 susp=-0.3333 springN=888
INFO 2026-07-27 15:27:22.363 joltshadow - docs §70.1: slipdense (player) f=1436 w=1 grounded=1 kappa=-0.065 fnGround=1134 omega=7.73 | ftGround=-443N target=-29.1 limit=149Nm motorNm=-149 tyreNm=299 inertia=1.78 limRot=0/-2662/-2382 omegaPre=6.55 posN=-1153/1452/0 susp=-0.4395 springN=1378
INFO 2026-07-27 15:27:22.363 joltshadow - docs §70.1: slipdense (player) f=1436 w=2 grounded=1 kappa=-0.004 fnGround=1018 omega=9.91 | ftGround=-31N target=-29.1 limit=149Nm motorNm=-149 tyreNm=41 inertia=1.82 limRot=0/-271/-28 omegaPre=10.23 posN=-688/-159/0 susp=-0.4992 springN=1904
INFO 2026-07-27 15:27:22.363 joltshadow - docs §70.1: slipdense (player) f=1436 w=3 grounded=1 kappa=-0.014 fnGround=1107 omega=8.74 | ftGround=-101N target=-29.1 limit=149Nm motorNm=-149 tyreNm=86 inertia=1.82 limRot=0/-133/3 omegaPre=9.02 posN=-51/-5/0 susp=-0.3866 springN=1103
INFO 2026-07-27 15:27:22.363 joltshadow - docs §78: attdense (player) f=1436 joltTilt=16.15 odeTilt=16.67 upDelta=0.69 wBody=(-0.05,0.22,0.31) |w|=0.38 grounded=4
INFO 2026-07-27 15:27:22.398 joltshadow - docs §70.1: slipdense (player) f=1440 w=0 grounded=1 kappa=-0.089 fnGround=0 omega=7.89 | ftGround=0N target=-29.1 limit=149Nm motorNm=-149 tyreNm=0 inertia=1.78 limRot=0/225/0 omegaPre=8.64 posN=214/-76/0 susp=-0.1924 springN=-79
INFO 2026-07-27 15:27:22.398 joltshadow - docs §70.1: slipdense (player) f=1440 w=1 grounded=1 kappa=-0.030 fnGround=657 omega=7.40 | ftGround=-182N target=-29.1 limit=149Nm motorNm=-149 tyreNm=127 inertia=1.78 limRot=0/-2342/-1433 omegaPre=7.56 posN=-698/749/0 susp=-0.2877 springN=481
INFO 2026-07-27 15:27:22.399 joltshadow - docs §70.1: slipdense (player) f=1440 w=2 grounded=1 kappa=-0.023 fnGround=957 omega=9.16 | ftGround=-146N target=-29.1 limit=149Nm motorNm=-149 tyreNm=125 inertia=1.82 limRot=0/-74/-34 omegaPre=9.33 posN=-266/67/0 susp=-0.3625 springN=886
INFO 2026-07-27 15:27:22.399 joltshadow - docs §70.1: slipdense (player) f=1440 w=3 grounded=1 kappa=-0.017 fnGround=377 omega=7.36 | ftGround=-101N target=-29.1 limit=149Nm motorNm=-149 tyreNm=73 inertia=1.82 limRot=0/155/-0 omegaPre=7.81 posN=315/-47/0 susp=-0.2326 springN=74
INFO 2026-07-27 15:27:22.399 joltshadow - docs §78: attdense (player) f=1440 joltTilt=16.90 odeTilt=17.33 upDelta=0.82 wBody=(0.10,0.36,0.44) |w|=0.58 grounded=4
INFO 2026-07-27 15:27:22.399 joltshadow - Shadow divergence (player): pos=1.587m vel=4.762m/s angle=1.2deg (jolt com=[4656.1 261.8 1196.1] ode com=[4655.6 260.3 1195.8])
INFO 2026-07-27 15:27:22.399 joltshadow - docs §23.6: driver input (player) realThrottle=-10.00 brake=0.01 handBrake=0 steerRad=0.000
INFO 2026-07-27 15:27:22.399 joltshadow - docs §32: Jolt SHADOW chassis pitch (player) forward=(-0.233, 0.072, -0.970)
INFO 2026-07-27 15:27:22.399 joltshadow - docs §69: tilt (player) jolt=16.9 deg ode=17.3 deg delta=-0.4 deg upDelta=0.82 deg
INFO 2026-07-27 15:27:22.399 joltshadow - docs §32.4: Jolt SHADOW chassis lowest corner (player) = (4657.87,259.82,1198.81) clearanceToGround=0.060
INFO 2026-07-27 15:27:22.399 joltshadow - docs §23.5: wheel state (player) wheel=0 contact=0 suspLen=1.050 (range 0.050-1.050, 0% compressed) angVel=0.00
INFO 2026-07-27 15:27:22.399 joltshadow - docs §38.11: wheel=0 NO contact, worldAxle=(0.928,-0.282,-0.244)
INFO 2026-07-27 15:27:22.399 joltshadow - docs §32: no-contact raycast (player) wheel=0 bodyPos=(4655.83,261.06,1195.72) localMPos=(-1.155,0.060,2.270) origin=(4656.39,260.95,1193.23) dir=(-0.291,-0.957,-0.001) normalRayLen=1.679 groundFoundAt=0.000 shortfallBeyondTravel=-1.679 hitBody=8391044 hitLayer=4 hitMotion=2 hitIsSelfChassis=0
INFO 2026-07-27 15:27:22.399 joltshadow - docs §23.5: wheel state (player) wheel=1 contact=0 suspLen=1.050 (range 0.050-1.050, 0% compressed) angVel=0.00
INFO 2026-07-27 15:27:22.399 joltshadow - docs §38.11: wheel=1 NO contact, worldAxle=(0.928,-0.282,-0.244)
INFO 2026-07-27 15:27:22.399 joltshadow - docs §32: no-contact raycast (player) wheel=1 bodyPos=(4655.83,261.06,1195.72) localMPos=(1.155,0.059,2.270) origin=(4654.24,261.60,1193.80) dir=(-0.291,-0.957,-0.001) normalRayLen=1.679 groundFoundAt=0.000 shortfallBeyondTravel=-1.679 hitBody=8391045 hitLayer=4 hitMotion=2 hitIsSelfChassis=0
INFO 2026-07-27 15:27:22.399 joltshadow - docs §23.5: wheel state (player) wheel=2 contact=0 suspLen=1.050 (range 0.050-1.050, 0% compressed) angVel=0.00
INFO 2026-07-27 15:27:22.399 joltshadow - docs §38.11: wheel=2 NO contact, worldAxle=(0.928,-0.282,-0.244)
INFO 2026-07-27 15:27:22.399 joltshadow - docs §32: no-contact raycast (player) wheel=2 bodyPos=(4655.83,261.06,1195.72) localMPos=(-1.253,0.145,-2.062) origin=(4657.51,260.69,1197.41) dir=(-0.291,-0.957,-0.001) normalRayLen=1.685 groundFoundAt=0.000 shortfallBeyondTravel=-1.685 hitBody=8391046 hitLayer=4 hitMotion=2 hitIsSelfChassis=0
INFO 2026-07-27 15:27:22.400 joltshadow - docs §23.5: wheel state (player) wheel=3 contact=0 suspLen=1.050 (range 0.050-1.050, 0% compressed) angVel=0.00
INFO 2026-07-27 15:27:22.400 joltshadow - docs §38.11: wheel=3 NO contact, worldAxle=(0.928,-0.282,-0.244)
INFO 2026-07-27 15:27:22.400 joltshadow - docs §32: no-contact raycast (player) wheel=3 bodyPos=(4655.83,261.06,1195.72) localMPos=(1.253,0.146,-2.062) origin=(4655.19,261.40,1198.02) dir=(-0.291,-0.957,-0.001) normalRayLen=1.685 groundFoundAt=0.000 shortfallBeyondTravel=-1.685 hitBody=8391047 hitLayer=4 hitMotion=2 hitIsSelfChassis=0
INFO 2026-07-27 15:27:22.400 joltshadow - docs §59/63: harvest (player) wheelsWithContact=4 contactPoints=8 overflow=0 (of 4) | maxNormalF=957N bound(k_t*tau)=1200N ratio=0.80
INFO 2026-07-27 15:27:22.400 joltshadow - docs §58: wheel body (player) w=0 springF=-79N stopF=0N travel=-0.1924 (limits -0.5000..0.5000 rel spawn) kSusp=6000 sagPredicted=-0.0132 | frameTrav=-0.2199..-0.1924 frameStopN=0
INFO 2026-07-27 15:27:22.400 joltshadow - docs §66: tyre band (player) w=0 fnGround=0N fnTotal=0N pen=0.00128 penRaw=0.00128 tau=0.01000 pen/tau=0.13 | recs tyre=1 rim=1 survived=1 stale=0 distMax=1.00R
INFO 2026-07-27 15:27:22.400 joltshadow - docs §68: steer (player) w=0 steerable=1 commanded=0.000 rad measured=0.013 rad err=0.77 deg steerSign=-1 steerTq=222Nm cap=815Nm sat=0.27
INFO 2026-07-27 15:27:22.400 joltshadow - docs §70: slip (player) w=0 grounded=1 kappa=-0.089 fnGround=0N omega=7.89
INFO 2026-07-27 15:27:22.400 joltshadow - docs §67: spin (player) w=0 driven=1 omega=7.89 rad/s surfaceSpeed=4.97 m/s spinSign=+1 motorTq=-149Nm cmdTq=149Nm
INFO 2026-07-27 15:27:22.400 joltshadow - docs §58: wheel body (player) w=1 springF=481N stopF=0N travel=-0.2877 (limits -0.5000..0.5000 rel spawn) kSusp=6000 sagPredicted=0.0802 | frameTrav=-0.3156..-0.2877 frameStopN=0
INFO 2026-07-27 15:27:22.400 joltshadow - docs §66: tyre band (player) w=1 fnGround=657N fnTotal=688N pen=0.01000 penRaw=0.02295 tau=0.01000 pen/tau=1.00 | recs tyre=1 rim=1 survived=1 stale=0 distMax=0.96R
INFO 2026-07-27 15:27:22.400 joltshadow - docs §68: steer (player) w=1 steerable=1 commanded=0.000 rad measured=0.611 rad err=35.00 deg steerSign=-1 steerTq=2104Nm cap=2104Nm sat=1.00
INFO 2026-07-27 15:27:22.400 joltshadow - docs §70: slip (player) w=1 grounded=1 kappa=-0.030 fnGround=657N omega=7.40
INFO 2026-07-27 15:27:22.400 joltshadow - docs §67: spin (player) w=1 driven=1 omega=7.40 rad/s surfaceSpeed=4.65 m/s spinSign=+1 motorTq=-149Nm cmdTq=149Nm
INFO 2026-07-27 15:27:22.400 joltshadow - docs §58: wheel body (player) w=2 springF=886N stopF=0N travel=-0.3625 (limits -0.5000..0.5000 rel spawn) kSusp=6000 sagPredicted=0.1476 | frameTrav=-0.3912..-0.3625 frameStopN=0
INFO 2026-07-27 15:27:22.400 joltshadow - docs §66: tyre band (player) w=2 fnGround=957N fnTotal=1144N pen=0.01000 penRaw=0.03045 tau=0.01000 pen/tau=1.00 | recs tyre=1 rim=1 survived=1 stale=0 distMax=0.95R
INFO 2026-07-27 15:27:22.400 joltshadow - docs §68: steer (player) w=2 steerable=0 commanded=0.000 rad measured=-0.000 rad err=-0.00 deg steerSign=-1 steerTq=0Nm cap=340282346638528859811704183484516925440Nm sat=0.00
INFO 2026-07-27 15:27:22.400 joltshadow - docs §70: slip (player) w=2 grounded=1 kappa=-0.023 fnGround=957N omega=9.16
INFO 2026-07-27 15:27:22.400 joltshadow - docs §67: spin (player) w=2 driven=1 omega=9.16 rad/s surfaceSpeed=5.82 m/s spinSign=+1 motorTq=-149Nm cmdTq=149Nm
INFO 2026-07-27 15:27:22.400 joltshadow - docs §58: wheel body (player) w=3 springF=74N stopF=0N travel=-0.2326 (limits -0.5000..0.5000 rel spawn) kSusp=6000 sagPredicted=0.0123 | frameTrav=-0.2621..-0.2326 frameStopN=0
INFO 2026-07-27 15:27:22.400 joltshadow - docs §66: tyre band (player) w=3 fnGround=377N fnTotal=403N pen=0.01000 penRaw=0.01810 tau=0.01000 pen/tau=1.00 | recs tyre=1 rim=1 survived=1 stale=0 distMax=0.97R
INFO 2026-07-27 15:27:22.401 joltshadow - docs §68: steer (player) w=3 steerable=0 commanded=0.000 rad measured=-0.000 rad err=-0.00 deg steerSign=-1 steerTq=0Nm cap=340282346638528859811704183484516925440Nm sat=0.00
INFO 2026-07-27 15:27:22.401 joltshadow - docs §70: slip (player) w=3 grounded=1 kappa=-0.017 fnGround=377N omega=7.36
INFO 2026-07-27 15:27:22.401 joltshadow - docs §67: spin (player) w=3 driven=1 omega=7.36 rad/s surfaceSpeed=4.68 m/s spinSign=+1 motorTq=-149Nm cmdTq=149Nm
INFO 2026-07-27 15:27:22.401 joltshadow - docs §67: drivetrain (player) gear=0 rpm=1719 driveTorque=600Nm perWheel=150Nm driven=4 throttle=-1.00 spin=1 | PRE-STEP brake=0.01 handBrake=0
INFO 2026-07-27 15:27:22.401 joltshadow - docs §66: tyre band SUM (player) fnGroundSum=1992N fnTotalSum=2235N weight=942N carried=2.37 | penSum=0.03128 recs tyre=4 rim=4 stale=0
INFO 2026-07-27 15:27:22.401 joltshadow - docs §30: REAL ODE chassis COM (player) body=54C8BDB0 = (4655.646, 260.264, 1195.805) forward=(-0.222, 0.057, -0.973)
INFO 2026-07-27 15:27:22.401 joltshadow - docs §33: real ODE chassis geom (player) #1 = class 0 (not a transform) pos=(4655.646,260.264,1195.805) radius=4.500
INFO 2026-07-27 15:27:22.401 joltshadow - docs §33: real ODE chassis geom (player) #2 = transform, inner class=1 pos=(0.000,1.095,-0.495)
INFO 2026-07-27 15:27:22.401 joltshadow - docs §33: real ODE chassis geom (player) #3 = transform, inner class=1 pos=(0.353,3.466,0.718)
INFO 2026-07-27 15:27:22.401 joltshadow - docs §33: real ODE chassis geom (player) #4 = transform, inner class=1 pos=(0.000,1.818,1.842)
INFO 2026-07-27 15:27:22.401 joltshadow - docs §33: real ODE chassis geom (player) #5 = transform, inner class=1 pos=(0.006,1.981,-2.113)
INFO 2026-07-27 15:27:22.401 joltshadow - docs §33: real ODE chassis geom (player) #6 = class 0 (not a transform) pos=(4655.646,260.264,1195.805) radius=30.000
INFO 2026-07-27 15:27:22.401 joltshadow - docs §33: real ODE chassis geom (player) #7 = class 0 (not a transform) pos=(4655.646,260.264,1195.805) radius=6.436
INFO 2026-07-27 15:27:22.401 joltshadow - docs §33: real ODE chassis geom (player) #8 = class 0 (not a transform) pos=(4655.646,260.264,1195.805) radius=200.000
INFO 2026-07-27 15:27:22.401 joltshadow - docs §33: real ODE chassis (player) has 8 total geom(s) directly attached (4 transform(s)) - compare against BuildChassisCompoundShape's own part/geom count in the build log
INFO 2026-07-27 15:27:22.402 joltshadow - docs §28: REAL ODE wheel state (player) wheel=0 displacement=-0.0091 range=1.000 (-1% compressed, signed) foreAft=2.270 localZ=2.270 cfm=0.002500 erp=0.2500
INFO 2026-07-27 15:27:22.402 joltshadow - docs §28: REAL ODE wheel state (player) wheel=1 displacement=0.0586 range=1.000 (6% compressed, signed) foreAft=2.270 localZ=2.270 cfm=0.002500 erp=0.2500
INFO 2026-07-27 15:27:22.402 joltshadow - docs §28: REAL ODE wheel state (player) wheel=2 displacement=0.0529 range=1.000 (5% compressed, signed) foreAft=-2.062 localZ=-2.062 cfm=0.002500 erp=0.2500
INFO 2026-07-27 15:27:22.402 joltshadow - docs §28: REAL ODE wheel state (player) wheel=3 displacement=-0.0090 range=1.000 (-1% compressed, signed) foreAft=-2.062 localZ=-2.062 cfm=0.002500 erp=0.2500
INFO 2026-07-27 15:27:22.442 joltshadow - docs §70.1: slipdense (player) f=1444 w=0 grounded=0 kappa=0.000 fnGround=0 omega=4.30 | ftGround=0N target=-29.1 limit=149Nm motorNm=-149 tyreNm=0 inertia=1.78 limRot=0/203/0 omegaPre=5.05 posN=-7/-60/0 susp=-0.0525 springN=-363
INFO 2026-07-27 15:27:22.442 joltshadow - docs §70.1: slipdense (player) f=1444 w=1 grounded=0 kappa=0.000 fnGround=0 omega=5.15 | ftGround=0N target=-29.1 limit=149Nm motorNm=-149 tyreNm=0 inertia=1.78 limRot=0/-739/-345 omegaPre=5.90 posN=-6/-36/0 susp=-0.1289 springN=-171
INFO 2026-07-27 15:27:22.442 joltshadow - docs §70.1: slipdense (player) f=1444 w=2 grounded=1 kappa=-0.022 fnGround=328 omega=8.38 | ftGround=-140N target=-29.1 limit=149Nm motorNm=-149 tyreNm=111 inertia=1.82 limRot=0/-138/-31 omegaPre=8.59 posN=-239/103/0 susp=-0.1962 springN=154
INFO 2026-07-27 15:27:22.442 joltshadow - docs §70.1: slipdense (player) f=1444 w=3 grounded=0 kappa=0.000 fnGround=0 omega=4.16 | ftGround=0N target=-29.1 limit=149Nm motorNm=-149 tyreNm=0 inertia=1.82 limRot=0/-4/-1 omegaPre=4.89 posN=32/-28/0 susp=-0.0676 springN=-460
INFO 2026-07-27 15:27:22.442 joltshadow - docs §78: attdense (player) f=1444 joltTilt=17.95 odeTilt=18.02 upDelta=0.51 wBody=(0.24,0.38,0.43) |w|=0.62 grounded=1
INFO 2026-07-27 15:27:22.470 joltshadow - docs §70.1: slipdense (player) f=1448 w=0 grounded=0 kappa=0.000 fnGround=0 omega=1.87 | ftGround=0N target=-29.1 limit=149Nm motorNm=-149 tyreNm=0 inertia=1.78 limRot=0/705/0 omegaPre=2.45 posN=-16/-29/0 susp=-0.0088 springN=-229
INFO 2026-07-27 15:27:22.470 joltshadow - docs §70.1: slipdense (player) f=1448 w=1 grounded=0 kappa=0.000 fnGround=0 omega=2.72 | ftGround=0N target=-29.1 limit=149Nm motorNm=-149 tyreNm=0 inertia=1.78 limRot=0/-775/-255 omegaPre=3.31 posN=-14/-21/0 susp=-0.0564 springN=-231
INFO 2026-07-27 15:27:22.470 joltshadow - docs §70.1: slipdense (player) f=1448 w=2 grounded=0 kappa=0.000 fnGround=0 omega=6.17 | ftGround=0N target=-29.1 limit=149Nm motorNm=-149 tyreNm=0 inertia=1.82 limRot=0/-3/-2 omegaPre=6.75 posN=14/-29/0 susp=-0.1028 springN=-248
INFO 2026-07-27 15:27:22.470 joltshadow - docs §70.1: slipdense (player) f=1448 w=3 grounded=0 kappa=0.000 fnGround=0 omega=1.77 | ftGround=0N target=-29.1 limit=149Nm motorNm=-149 tyreNm=0 inertia=1.82 limRot=0/-2/-0 omegaPre=2.35 posN=-3/-8/0 susp=-0.0099 springN=-327
INFO 2026-07-27 15:27:22.470 joltshadow - docs §78: attdense (player) f=1448 joltTilt=18.48 odeTilt=18.35 upDelta=0.20 wBody=(0.30,0.37,0.35) |w|=0.59 grounded=0
INFO 2026-07-27 15:27:22.507 joltshadow - docs §70.1: slipdense (player) f=1452 w=0 grounded=0 kappa=0.000 fnGround=0 omega=-1.13 | ftGround=0N target=-29.1 limit=149Nm motorNm=-149 tyreNm=0 inertia=1.78 limRot=0/714/-392 omegaPre=-0.22 posN=0/-15/0 susp=0.0058 springN=-58
INFO 2026-07-27 15:27:22.508 joltshadow - docs §70.1: slipdense (player) f=1452 w=1 grounded=0 kappa=0.000 fnGround=0 omega=-0.29 | ftGround=0N target=-29.1 limit=149Nm motorNm=-149 tyreNm=0 inertia=1.78 limRot=0/-784/-221 omegaPre=0.63 posN=-1/-16/0 susp=-0.0120 springN=-144
INFO 2026-07-27 15:27:22.508 joltshadow - docs §70.1: slipdense (player) f=1452 w=2 grounded=0 kappa=0.000 fnGround=0 omega=3.22 | ftGround=0N target=-29.1 limit=149Nm motorNm=-149 tyreNm=0 inertia=1.82 limRot=0/-2/-1 omegaPre=4.12 posN=5/-13/0 susp=-0.0260 springN=-289
INFO 2026-07-27 15:27:22.508 joltshadow - docs §70.1: slipdense (player) f=1452 w=3 grounded=0 kappa=0.000 fnGround=0 omega=-1.18 | ftGround=0N target=-29.1 limit=149Nm motorNm=-149 tyreNm=0 inertia=1.82 limRot=0/0/0 omegaPre=-0.28 posN=-9/-3/0 susp=0.0124 springN=-119
INFO 2026-07-27 15:27:22.508 joltshadow - docs §78: attdense (player) f=1452 joltTilt=19.06 odeTilt=18.64 upDelta=0.62 wBody=(0.33,0.39,0.32) |w|=0.60 grounded=0
INFO 2026-07-27 15:27:22.544 joltshadow - docs §70.1: slipdense (player) f=1456 w=0 grounded=0 kappa=0.000 fnGround=0 omega=-4.31 | ftGround=0N target=-29.1 limit=149Nm motorNm=-149 tyreNm=0 inertia=1.78 limRot=0/753/-318 omegaPre=-3.64 posN=-0/-14/0 susp=0.0042 springN=18
INFO 2026-07-27 15:27:22.545 joltshadow - docs §70.1: slipdense (player) f=1456 w=1 grounded=0 kappa=0.000 fnGround=0 omega=-3.47 | ftGround=0N target=-29.1 limit=149Nm motorNm=-149 tyreNm=0 inertia=1.78 limRot=0/-765/-278 omegaPre=-2.80 posN=-3/-13/0 susp=0.0031 springN=-55
INFO 2026-07-27 15:27:22.545 joltshadow - docs §70.1: slipdense (player) f=1456 w=2 grounded=0 kappa=0.000 fnGround=0 omega=0.10 | ftGround=0N target=-29.1 limit=149Nm motorNm=-149 tyreNm=0 inertia=1.82 limRot=0/-0/0 omegaPre=0.75 posN=-0/-7/0 susp=0.0070 springN=-168
INFO 2026-07-27 15:27:22.545 joltshadow - docs §70.1: slipdense (player) f=1456 w=3 grounded=0 kappa=0.000 fnGround=0 omega=-4.30 | ftGround=0N target=-29.1 limit=149Nm motorNm=-149 tyreNm=0 inertia=1.82 limRot=0/1/1 omegaPre=-3.64 posN=-10/-0/0 susp=0.0109 springN=-9
INFO 2026-07-27 15:27:22.545 joltshadow - docs §78: attdense (player) f=1456 joltTilt=19.66 odeTilt=18.89 upDelta=1.43 wBody=(0.35,0.39,0.31) |w|=0.61 grounded=0
INFO 2026-07-27 15:27:22.578 joltshadow - docs §70.1: slipdense (player) f=1460 w=0 grounded=0 kappa=0.000 fnGround=0 omega=-7.07 | ftGround=0N target=-29.1 limit=149Nm motorNm=-149 tyreNm=0 inertia=1.78 limRot=0/799/-174 omegaPre=-6.32 posN=-1/-15/0 susp=0.0006 springN=29
INFO 2026-07-27 15:27:22.578 joltshadow - docs §70.1: slipdense (player) f=1460 w=1 grounded=0 kappa=0.000 fnGround=0 omega=-6.23 | ftGround=0N target=-29.1 limit=149Nm motorNm=-149 tyreNm=0 inertia=1.78 limRot=0/-711/-396 omegaPre=-5.47 posN=-6/-13/0 susp=0.0043 springN=-6
INFO 2026-07-27 15:27:22.578 joltshadow - docs §70.1: slipdense (player) f=1460 w=2 grounded=0 kappa=0.000 fnGround=0 omega=-2.61 | ftGround=0N target=-29.1 limit=149Nm motorNm=-149 tyreNm=0 inertia=1.82 limRot=0/0/1 omegaPre=-1.87 posN=-5/-5/0 susp=0.0126 springN=-79
INFO 2026-07-27 15:27:22.578 joltshadow - docs §70.1: slipdense (player) f=1460 w=3 grounded=0 kappa=0.000 fnGround=0 omega=-7.01 | ftGround=0N target=-29.1 limit=149Nm motorNm=-149 tyreNm=0 inertia=1.82 limRot=0/2/2 omegaPre=-6.27 posN=-11/-1/0 susp=0.0048 springN=21
INFO 2026-07-27 15:27:22.578 joltshadow - docs §78: attdense (player) f=1460 joltTilt=20.14 odeTilt=19.03 upDelta=2.23 wBody=(0.37,0.39,0.29) |w|=0.61 grounded=0
INFO 2026-07-27 15:27:22.618 joltshadow - docs §70.1: slipdense (player) f=1464 w=0 grounded=0 kappa=0.000 fnGround=0 omega=-10.42 | ftGround=0N target=-29.1 limit=149Nm motorNm=-149 tyreNm=0 inertia=1.78 limRot=0/804/0 omegaPre=-9.50 posN=1/-15/0 susp=-0.0014 springN=17
INFO 2026-07-27 15:27:22.618 joltshadow - docs §70.1: slipdense (player) f=1464 w=1 grounded=0 kappa=0.000 fnGround=0 omega=-9.57 | ftGround=0N target=-29.1 limit=149Nm motorNm=-149 tyreNm=0 inertia=1.78 limRot=0/-550/-602 omegaPre=-8.65 posN=-4/-16/0 susp=-0.0005 springN=27
INFO 2026-07-27 15:27:22.619 joltshadow - docs §70.1: slipdense (player) f=1464 w=2 grounded=0 kappa=0.000 fnGround=0 omega=-5.89 | ftGround=0N target=-29.1 limit=149Nm motorNm=-149 tyreNm=0 inertia=1.82 limRot=0/1/1 omegaPre=-4.99 posN=-9/-2/0 susp=0.0087 springN=-22
INFO 2026-07-27 15:27:22.619 joltshadow - docs §70.1: slipdense (player) f=1464 w=3 grounded=0 kappa=0.000 fnGround=0 omega=-10.29 | ftGround=0N target=-29.1 limit=149Nm motorNm=-149 tyreNm=0 inertia=1.82 limRot=0/3/2 omegaPre=-9.39 posN=-14/-4/0 susp=-0.0021 springN=22
INFO 2026-07-27 15:27:22.619 joltshadow - docs §78: attdense (player) f=1464 joltTilt=20.63 odeTilt=19.12 upDelta=3.27 wBody=(0.40,0.39,0.26) |w|=0.62 grounded=0
INFO 2026-07-27 15:27:22.654 joltshadow - docs §70.1: slipdense (player) f=1468 w=0 grounded=0 kappa=0.000 fnGround=0 omega=-10.64 | ftGround=0N target=29.1 limit=149Nm motorNm=149 tyreNm=0 inertia=1.78 limRot=0/576/0 omegaPre=-11.41 posN=28/2/0 susp=-0.0015 springN=1
INFO 2026-07-27 15:27:22.655 joltshadow - docs §70.1: slipdense (player) f=1468 w=1 grounded=0 kappa=0.000 fnGround=0 omega=-9.82 | ftGround=0N target=29.1 limit=149Nm motorNm=149 tyreNm=0 inertia=1.78 limRot=0/-279/-768 omegaPre=-10.58 posN=23/-7/0 susp=-0.0031 springN=-1
INFO 2026-07-27 15:27:22.655 joltshadow - docs §70.1: slipdense (player) f=1468 w=2 grounded=0 kappa=0.000 fnGround=0 omega=-6.14 | ftGround=0N target=29.1 limit=149Nm motorNm=149 tyreNm=0 inertia=1.82 limRot=0/4/1 omegaPre=-6.88 posN=2/16/0 susp=0.0044 springN=16
INFO 2026-07-27 15:27:22.655 joltshadow - docs §70.1: slipdense (player) f=1468 w=3 grounded=0 kappa=0.000 fnGround=0 omega=-10.54 | ftGround=0N target=29.1 limit=149Nm motorNm=149 tyreNm=0 inertia=1.82 limRot=0/5/2 omegaPre=-11.28 posN=-2/5/0 susp=-0.0043 springN=8
INFO 2026-07-27 15:27:22.655 joltshadow - docs §78: attdense (player) f=1468 joltTilt=21.04 odeTilt=19.10 upDelta=4.33 wBody=(0.40,0.40,0.27) |w|=0.63 grounded=0
INFO 2026-07-27 15:27:22.692 joltshadow - docs §70.1: slipdense (player) f=1472 w=0 grounded=0 kappa=0.000 fnGround=0 omega=-7.45 | ftGround=0N target=29.1 limit=149Nm motorNm=149 tyreNm=0 inertia=1.78 limRot=0/-527/0 omegaPre=-8.29 posN=-15/-14/0 susp=-0.0004 springN=-12
INFO 2026-07-27 15:27:22.692 joltshadow - docs §70.1: slipdense (player) f=1472 w=1 grounded=0 kappa=0.000 fnGround=0 omega=-6.72 | ftGround=0N target=29.1 limit=149Nm motorNm=149 tyreNm=0 inertia=1.78 limRot=0/-31/-818 omegaPre=-7.56 posN=-19/7/0 susp=0.0011 springN=-38
INFO 2026-07-27 15:27:22.692 joltshadow - docs §70.1: slipdense (player) f=1472 w=2 grounded=0 kappa=0.000 fnGround=0 omega=-3.10 | ftGround=0N target=29.1 limit=149Nm motorNm=149 tyreNm=0 inertia=1.82 limRot=0/2/2 omegaPre=-3.93 posN=17/-2/0 susp=-0.0014 springN=41
INFO 2026-07-27 15:27:22.692 joltshadow - docs §70.1: slipdense (player) f=1472 w=3 grounded=0 kappa=0.000 fnGround=0 omega=-7.50 | ftGround=0N target=29.1 limit=149Nm motorNm=149 tyreNm=0 inertia=1.82 limRot=0/3/3 omegaPre=-8.32 posN=12/20/0 susp=-0.0030 springN=-1
INFO 2026-07-27 15:27:22.692 joltshadow - docs §78: attdense (player) f=1472 joltTilt=21.60 odeTilt=18.99 upDelta=5.49 wBody=(0.37,0.39,0.31) |w|=0.62 grounded=0
INFO 2026-07-27 15:27:22.730 joltshadow - docs §70.1: slipdense (player) f=1476 w=0 grounded=0 kappa=0.000 fnGround=0 omega=-4.18 | ftGround=0N target=29.1 limit=149Nm motorNm=149 tyreNm=0 inertia=1.78 limRot=0/28/0 omegaPre=-4.94 posN=7/-3/0 susp=0.0008 springN=-20
INFO 2026-07-27 15:27:22.731 joltshadow - docs §70.1: slipdense (player) f=1476 w=1 grounded=0 kappa=0.000 fnGround=0 omega=-3.46 | ftGround=0N target=29.1 limit=149Nm motorNm=149 tyreNm=0 inertia=1.78 limRot=0/139/-805 omegaPre=-4.21 posN=2/-1/0 susp=0.0040 springN=-33
INFO 2026-07-27 15:27:22.731 joltshadow - docs §70.1: slipdense (player) f=1476 w=2 grounded=0 kappa=0.000 fnGround=0 omega=0.10 | ftGround=0N target=29.1 limit=149Nm motorNm=149 tyreNm=0 inertia=1.82 limRot=0/0/0 omegaPre=-0.64 posN=1/7/0 susp=-0.0035 springN=29
INFO 2026-07-27 15:27:22.731 joltshadow - docs §70.1: slipdense (player) f=1476 w=3 grounded=0 kappa=0.000 fnGround=0 omega=-4.30 | ftGround=0N target=29.1 limit=149Nm motorNm=149 tyreNm=0 inertia=1.82 limRot=0/2/1 omegaPre=-5.04 posN=-4/9/0 susp=-0.0023 springN=6
INFO 2026-07-27 15:27:22.731 joltshadow - docs §78: attdense (player) f=1476 joltTilt=22.27 odeTilt=18.79 upDelta=6.77 wBody=(0.34,0.38,0.31) |w|=0.60 grounded=0
INFO 2026-07-27 15:27:22.761 joltshadow - docs §70.1: slipdense (player) f=1480 w=0 grounded=0 kappa=0.000 fnGround=0 omega=-1.59 | ftGround=0N target=29.1 limit=149Nm motorNm=149 tyreNm=0 inertia=1.78 limRot=0/1/0 omegaPre=-2.17 posN=6/-3/0 susp=0.0018 springN=-21
INFO 2026-07-27 15:27:22.761 joltshadow - docs §70.1: slipdense (player) f=1480 w=1 grounded=0 kappa=0.000 fnGround=0 omega=-0.86 | ftGround=0N target=29.1 limit=149Nm motorNm=149 tyreNm=0 inertia=1.78 limRot=0/198/-791 omegaPre=-1.45 posN=1/-0/0 susp=0.0040 springN=-29
INFO 2026-07-27 15:27:22.761 joltshadow - docs §70.1: slipdense (player) f=1480 w=2 grounded=0 kappa=0.000 fnGround=0 omega=2.64 | ftGround=0N target=29.1 limit=149Nm motorNm=149 tyreNm=0 inertia=1.82 limRot=0/-0/-1 omegaPre=2.07 posN=4/6/0 susp=-0.0033 springN=22
INFO 2026-07-27 15:27:22.761 joltshadow - docs §70.1: slipdense (player) f=1480 w=3 grounded=0 kappa=0.000 fnGround=0 omega=-1.76 | ftGround=0N target=29.1 limit=149Nm motorNm=149 tyreNm=0 inertia=1.82 limRot=0/1/1 omegaPre=-2.33 posN=-1/9/0 susp=-0.0016 springN=3
INFO 2026-07-27 15:27:22.761 joltshadow - docs §78: attdense (player) f=1480 joltTilt=22.80 odeTilt=18.60 upDelta=7.79 wBody=(0.32,0.38,0.32) |w|=0.59 grounded=0
INFO 2026-07-27 15:27:22.770 joltshadow - [jolt_profile] ode_step_avg_ms=0.15 jolt_total_avg_ms=0.85 | physics_update_avg_ms=0.60 wheelmodel_avg_ms=0.01 mirror_avg_ms=0.05 applyvehicle_avg_ms=0.00 applyvehicle_calls_per_frame=0.00 | contact_pairs_per_frame=33.3 contact_points_per_frame=33.3 active_bodies_per_frame=18.5 substeps_per_frame=3.26 | frames=527
INFO 2026-07-27 15:27:22.771 testharness - perf: fps=105.4 avg_frame_ms=9.492 min_ms=5.613 max_ms=19.139 frames=527 window=5.0s
INFO 2026-07-27 15:27:22.792 joltshadow - docs §70.1: slipdense (player) f=1484 w=0 grounded=0 kappa=0.000 fnGround=0 omega=0.92 | ftGround=0N target=29.1 limit=149Nm motorNm=149 tyreNm=0 inertia=1.78 limRot=0/-0/0 omegaPre=0.34 posN=5/-3/0 susp=0.0019 springN=-18
INFO 2026-07-27 15:27:22.792 joltshadow - docs §70.1: slipdense (player) f=1484 w=1 grounded=0 kappa=0.000 fnGround=0 omega=1.65 | ftGround=0N target=29.1 limit=149Nm motorNm=149 tyreNm=0 inertia=1.78 limRot=0/191/-791 omegaPre=1.06 posN=0/-0/0 susp=0.0069 springN=-36
INFO 2026-07-27 15:27:22.792 joltshadow - docs §70.1: slipdense (player) f=1484 w=2 grounded=0 kappa=0.000 fnGround=0 omega=5.10 | ftGround=0N target=29.1 limit=149Nm motorNm=149 tyreNm=0 inertia=1.82 limRot=0/-1/-1 omegaPre=4.53 posN=3/6/0 susp=-0.0044 springN=24
INFO 2026-07-27 15:27:22.792 joltshadow - docs §70.1: slipdense (player) f=1484 w=3 grounded=0 kappa=0.000 fnGround=0 omega=0.71 | ftGround=0N target=29.1 limit=149Nm motorNm=149 tyreNm=0 inertia=1.82 limRot=0/0/-0 omegaPre=0.13 posN=-2/9/0 susp=0.0018 springN=-4
INFO 2026-07-27 15:27:22.792 joltshadow - docs §78: attdense (player) f=1484 joltTilt=23.40 odeTilt=18.41 upDelta=8.80 wBody=(0.30,0.38,0.33) |w|=0.58 grounded=0
INFO 2026-07-27 15:27:22.819 joltshadow - docs §82: resync (player) #32 dt=0.50s upMax=9.682 deg posMax=1.735 m odeTiltPath=4.050 deg gain=2.3905
INFO 2026-07-27 15:27:22.819 joltshadow - docs §87: resync landing (player) w=0 pre=0.0898 post=0.0061 m R=0.629 dY=-1.1555 dRotDeg=14.13 |corr|=1.7350 m
INFO 2026-07-27 15:27:22.819 joltshadow - docs §87: resync landing (player) w=1 pre=0.3763 post=0.0366 m R=0.629 dY=-1.1555 dRotDeg=14.13 |corr|=1.7350 m
INFO 2026-07-27 15:27:22.819 joltshadow - docs §87: resync landing (player) w=2 pre=0.5202 post=-0.0032 m R=0.635 dY=-1.1555 dRotDeg=14.13 |corr|=1.7350 m
INFO 2026-07-27 15:27:22.819 joltshadow - docs §87: resync landing (player) w=3 pre=1.0876 post=0.1772 m R=0.635 dY=-1.1555 dRotDeg=14.13 |corr|=1.7350 m
INFO 2026-07-27 15:27:22.820 joltshadow - docs §82: resync RESIDUAL (player) #32 pos=0.0000 m up=0.0000 deg
INFO 2026-07-27 15:27:22.830 joltshadow - docs §70.1: slipdense (player) f=1488 w=0 grounded=1 kappa=0.181 fnGround=971 omega=1.01 | ftGround=120N target=29.1 limit=149Nm motorNm=149 tyreNm=-87 inertia=1.78 limRot=0/265/0 omegaPre=3.11 posN=56/17/0 susp=-0.4913 springN=2406
INFO 2026-07-27 15:27:22.830 joltshadow - docs §70.1: slipdense (player) f=1488 w=1 grounded=1 kappa=0.271 fnGround=1180 omega=0.84 | ftGround=218N target=29.1 limit=149Nm motorNm=149 tyreNm=-129 inertia=1.78 limRot=0/-82/-810 omegaPre=3.91 posN=-152/243/0 susp=-0.5347 springN=2734
INFO 2026-07-27 15:27:22.830 joltshadow - docs §70.1: slipdense (player) f=1488 w=2 grounded=1 kappa=2.859 fnGround=972 omega=2.11 | ftGround=1423N target=29.1 limit=149Nm motorNm=149 tyreNm=-962 inertia=1.82 limRot=0/-166/185 omegaPre=7.25 posN=-922/-1621/0 susp=-0.5722 springN=3209
INFO 2026-07-27 15:27:22.830 joltshadow - docs §70.1: slipdense (player) f=1488 w=3 grounded=0 kappa=0.000 fnGround=0 omega=3.75 | ftGround=0N target=29.1 limit=149Nm motorNm=149 tyreNm=0 inertia=1.82 limRot=0/-5/-2 omegaPre=2.85 posN=-1/176/0 susp=-0.5044 springN=1794
INFO 2026-07-27 15:27:22.830 joltshadow - docs §78: attdense (player) f=1488 joltTilt=18.07 odeTilt=18.18 upDelta=0.12 wBody=(-0.22,0.06,-0.09) |w|=0.25 grounded=3
INFO 2026-07-27 15:27:22.875 joltshadow - docs §70.1: slipdense (player) f=1492 w=0 grounded=1 kappa=0.167 fnGround=554 omega=1.67 | ftGround=192N target=29.1 limit=149Nm motorNm=149 tyreNm=-139 inertia=1.78 limRot=0/448/0 omegaPre=1.60 posN=623/-217/0 susp=-0.3019 springN=446
INFO 2026-07-27 15:27:22.875 joltshadow - docs §70.1: slipdense (player) f=1492 w=1 grounded=1 kappa=0.188 fnGround=1104 omega=1.49 | ftGround=221N target=29.1 limit=149Nm motorNm=149 tyreNm=-134 inertia=1.78 limRot=0/-247/-2932 omegaPre=1.41 posN=-674/324/0 susp=-0.3891 springN=913
INFO 2026-07-27 15:27:22.875 joltshadow - docs §70.1: slipdense (player) f=1492 w=2 grounded=1 kappa=0.178 fnGround=987 omega=1.63 | ftGround=194N target=29.1 limit=149Nm motorNm=149 tyreNm=-137 inertia=1.82 limRot=0/-18/23 omegaPre=1.57 posN=-355/-264/0 susp=-0.4820 springN=1836
INFO 2026-07-27 15:27:22.875 joltshadow - docs §70.1: slipdense (player) f=1492 w=3 grounded=1 kappa=0.212 fnGround=1139 omega=1.29 | ftGround=217N target=29.1 limit=149Nm motorNm=149 tyreNm=-140 inertia=1.82 limRot=0/-32/-7 omegaPre=1.24 posN=31/-180/0 susp=-0.3558 springN=1154
INFO 2026-07-27 15:27:22.875 joltshadow - docs §78: attdense (player) f=1492 joltTilt=17.59 odeTilt=17.92 upDelta=0.68 wBody=(-0.37,0.08,-0.07) |w|=0.38 grounded=4
INFO 2026-07-27 15:27:22.918 joltshadow - docs §70.1: slipdense (player) f=1496 w=0 grounded=0 kappa=0.000 fnGround=0 omega=4.30 | ftGround=0N target=29.1 limit=149Nm motorNm=149 tyreNm=0 inertia=1.78 limRot=0/-4/0 omegaPre=3.29 posN=-4/16/0 susp=-0.1161 springN=-432
INFO 2026-07-27 15:27:22.918 joltshadow - docs §70.1: slipdense (player) f=1496 w=1 grounded=1 kappa=0.166 fnGround=0 omega=2.02 | ftGround=0N target=29.1 limit=149Nm motorNm=149 tyreNm=0 inertia=1.78 limRot=0/-3/-969 omegaPre=1.73 posN=-3/24/0 susp=-0.1940 springN=-55
INFO 2026-07-27 15:27:22.918 joltshadow - docs §70.1: slipdense (player) f=1496 w=2 grounded=1 kappa=0.159 fnGround=828 omega=1.97 | ftGround=198N target=29.1 limit=149Nm motorNm=149 tyreNm=-141 inertia=1.82 limRot=0/-51/22 omegaPre=1.88 posN=-250/-269/0 susp=-0.3166 springN=730
INFO 2026-07-27 15:27:22.918 joltshadow - docs §70.1: slipdense (player) f=1496 w=3 grounded=1 kappa=0.207 fnGround=99 omega=1.45 | ftGround=183N target=29.1 limit=149Nm motorNm=149 tyreNm=-122 inertia=1.82 limRot=0/45/-6 omegaPre=1.36 posN=84/-167/0 susp=-0.1982 springN=55
INFO 2026-07-27 15:27:22.918 joltshadow - docs §78: attdense (player) f=1496 joltTilt=17.74 odeTilt=17.64 upDelta=1.06 wBody=(-0.23,0.12,-0.01) |w|=0.26 grounded=3
INFO 2026-07-27 15:27:22.959 joltshadow - docs §70.1: slipdense (player) f=1500 w=0 grounded=0 kappa=0.000 fnGround=0 omega=7.73 | ftGround=0N target=29.1 limit=149Nm motorNm=149 tyreNm=0 inertia=1.78 limRot=0/-1/0 omegaPre=6.89 posN=8/6/0 susp=-0.0162 springN=-328
INFO 2026-07-27 15:27:22.959 joltshadow - docs §70.1: slipdense (player) f=1500 w=1 grounded=0 kappa=0.000 fnGround=0 omega=5.45 | ftGround=0N target=29.1 limit=149Nm motorNm=149 tyreNm=0 inertia=1.78 limRot=0/-125/-806 omegaPre=4.62 posN=8/16/0 susp=-0.0610 springN=-328
INFO 2026-07-27 15:27:22.959 joltshadow - docs §70.1: slipdense (player) f=1500 w=2 grounded=1 kappa=0.191 fnGround=179 omega=1.88 | ftGround=209N target=29.1 limit=149Nm motorNm=149 tyreNm=-156 inertia=1.82 limRot=0/-189/15 omegaPre=1.87 posN=-309/-251/0 susp=-0.1768 springN=154
INFO 2026-07-27 15:27:22.960 joltshadow - docs §70.1: slipdense (player) f=1500 w=3 grounded=0 kappa=0.000 fnGround=0 omega=4.71 | ftGround=0N target=29.1 limit=149Nm motorNm=149 tyreNm=0 inertia=1.82 limRot=0/-1/0 omegaPre=3.88 posN=20/18/0 susp=-0.0629 springN=-370
INFO 2026-07-27 15:27:22.960 joltshadow - docs §78: attdense (player) f=1500 joltTilt=17.80 odeTilt=17.34 upDelta=1.26 wBody=(-0.13,0.10,-0.04) |w|=0.17 grounded=1
INFO 2026-07-27 15:27:22.960 joltshadow - Shadow divergence (player): pos=1.839m vel=3.994m/s angle=1.4deg (jolt com=[4656.1 262.0 1195.4] ode com=[4655.5 260.3 1195.1])
INFO 2026-07-27 15:27:22.960 joltshadow - docs §23.6: driver input (player) realThrottle=10.00 brake=0.01 handBrake=0 steerRad=0.000
INFO 2026-07-27 15:27:22.960 joltshadow - docs §32: Jolt SHADOW chassis pitch (player) forward=(-0.221, 0.090, -0.971)
INFO 2026-07-27 15:27:22.960 joltshadow - docs §69: tilt (player) jolt=17.8 deg ode=17.3 deg delta=+0.5 deg upDelta=1.26 deg
INFO 2026-07-27 15:27:22.960 joltshadow - docs §32.4: Jolt SHADOW chassis lowest corner (player) = (4657.78,260.01,1198.12) clearanceToGround=0.237
INFO 2026-07-27 15:27:22.960 joltshadow - docs §23.5: wheel state (player) wheel=0 contact=0 suspLen=1.050 (range 0.050-1.050, 0% compressed) angVel=0.00
INFO 2026-07-27 15:27:22.960 joltshadow - docs §38.11: wheel=0 NO contact, worldAxle=(0.926,-0.292,-0.238)
INFO 2026-07-27 15:27:22.960 joltshadow - docs §32: no-contact raycast (player) wheel=0 bodyPos=(4655.79,261.32,1195.02) localMPos=(-1.155,0.060,2.270) origin=(4656.37,261.25,1192.54) dir=(-0.305,-0.952,-0.019) normalRayLen=1.679 groundFoundAt=0.000 shortfallBeyondTravel=-1.679 hitBody=8391044 hitLayer=4 hitMotion=2 hitIsSelfChassis=0
INFO 2026-07-27 15:27:22.960 joltshadow - docs §23.5: wheel state (player) wheel=1 contact=0 suspLen=1.050 (range 0.050-1.050, 0% compressed) angVel=0.00
INFO 2026-07-27 15:27:22.960 joltshadow - docs §38.11: wheel=1 NO contact, worldAxle=(0.926,-0.292,-0.238)
INFO 2026-07-27 15:27:22.960 joltshadow - docs §32: no-contact raycast (player) wheel=1 bodyPos=(4655.79,261.32,1195.02) localMPos=(1.155,0.059,2.270) origin=(4654.23,261.92,1193.09) dir=(-0.305,-0.952,-0.019) normalRayLen=1.679 groundFoundAt=0.000 shortfallBeyondTravel=-1.679 hitBody=8391045 hitLayer=4 hitMotion=2 hitIsSelfChassis=0
INFO 2026-07-27 15:27:22.960 joltshadow - docs §23.5: wheel state (player) wheel=2 contact=0 suspLen=1.050 (range 0.050-1.050, 0% compressed) angVel=0.00
INFO 2026-07-27 15:27:22.960 joltshadow - docs §38.11: wheel=2 NO contact, worldAxle=(0.926,-0.292,-0.238)
INFO 2026-07-27 15:27:22.960 joltshadow - docs §32: no-contact raycast (player) wheel=2 bodyPos=(4655.79,261.32,1195.02) localMPos=(-1.253,0.145,-2.062) origin=(4657.45,260.91,1196.73) dir=(-0.305,-0.952,-0.019) normalRayLen=1.685 groundFoundAt=0.000 shortfallBeyondTravel=-1.685 hitBody=8391046 hitLayer=4 hitMotion=2 hitIsSelfChassis=0
INFO 2026-07-27 15:27:22.960 joltshadow - docs §23.5: wheel state (player) wheel=3 contact=0 suspLen=1.050 (range 0.050-1.050, 0% compressed) angVel=0.00
INFO 2026-07-27 15:27:22.960 joltshadow - docs §38.11: wheel=3 NO contact, worldAxle=(0.926,-0.292,-0.238)
INFO 2026-07-27 15:27:22.960 joltshadow - docs §32: no-contact raycast (player) wheel=3 bodyPos=(4655.79,261.32,1195.02) localMPos=(1.253,0.146,-2.062) origin=(4655.12,261.64,1197.32) dir=(-0.305,-0.952,-0.019) normalRayLen=1.685 groundFoundAt=0.000 shortfallBeyondTravel=-1.685 hitBody=8391047 hitLayer=4 hitMotion=2 hitIsSelfChassis=0
INFO 2026-07-27 15:27:22.960 joltshadow - docs §59/63: harvest (player) wheelsWithContact=2 contactPoints=3 overflow=0 (of 4) | maxNormalF=179N bound(k_t*tau)=1200N ratio=0.15
INFO 2026-07-27 15:27:22.960 joltshadow - docs §58: wheel body (player) w=0 springF=-328N stopF=0N travel=-0.0162 (limits -0.5000..0.5000 rel spawn) kSusp=6000 sagPredicted=-0.0547 | frameTrav=-0.0260..-0.0162 frameStopN=0
INFO 2026-07-27 15:27:22.961 joltshadow - docs §66: tyre band (player) w=0 fnGround=0N fnTotal=0N pen=0.00000 penRaw=0.00000 tau=0.01000 pen/tau=0.00 | recs tyre=0 rim=0 survived=0 stale=0 distMax=0.00R
INFO 2026-07-27 15:27:22.961 joltshadow - docs §68: steer (player) w=0 steerable=1 commanded=0.000 rad measured=0.000 rad err=0.00 deg steerSign=-1 steerTq=1Nm cap=815Nm sat=0.00
INFO 2026-07-27 15:27:22.961 joltshadow - docs §70: slip (player) w=0 grounded=0 kappa=0.000 fnGround=0N omega=7.73
INFO 2026-07-27 15:27:22.961 joltshadow - docs §67: spin (player) w=0 driven=1 omega=7.73 rad/s surfaceSpeed=4.86 m/s spinSign=+1 motorTq=149Nm cmdTq=149Nm
INFO 2026-07-27 15:27:22.961 joltshadow - docs §58: wheel body (player) w=1 springF=-328N stopF=0N travel=-0.0610 (limits -0.5000..0.5000 rel spawn) kSusp=6000 sagPredicted=-0.0547 | frameTrav=-0.0770..-0.0610 frameStopN=0
INFO 2026-07-27 15:27:22.961 joltshadow - docs §66: tyre band (player) w=1 fnGround=0N fnTotal=0N pen=0.00000 penRaw=0.00000 tau=0.01000 pen/tau=0.00 | recs tyre=0 rim=0 survived=0 stale=0 distMax=0.00R
INFO 2026-07-27 15:27:22.961 joltshadow - docs §68: steer (player) w=1 steerable=1 commanded=0.000 rad measured=0.612 rad err=35.07 deg steerSign=-1 steerTq=815Nm cap=815Nm sat=1.00
INFO 2026-07-27 15:27:22.961 joltshadow - docs §70: slip (player) w=1 grounded=0 kappa=0.000 fnGround=0N omega=5.45
INFO 2026-07-27 15:27:22.961 joltshadow - docs §67: spin (player) w=1 driven=1 omega=5.45 rad/s surfaceSpeed=3.43 m/s spinSign=+1 motorTq=149Nm cmdTq=149Nm
INFO 2026-07-27 15:27:22.961 joltshadow - docs §58: wheel body (player) w=2 springF=154N stopF=0N travel=-0.1768 (limits -0.5000..0.5000 rel spawn) kSusp=6000 sagPredicted=0.0257 | frameTrav=-0.1968..-0.1768 frameStopN=0
INFO 2026-07-27 15:27:22.961 joltshadow - docs §66: tyre band (player) w=2 fnGround=179N fnTotal=218N pen=0.00814 penRaw=0.00814 tau=0.01000 pen/tau=0.81 | recs tyre=1 rim=1 survived=1 stale=0 distMax=0.99R
INFO 2026-07-27 15:27:22.961 joltshadow - docs §68: steer (player) w=2 steerable=0 commanded=0.000 rad measured=-0.000 rad err=-0.00 deg steerSign=-1 steerTq=0Nm cap=340282346638528859811704183484516925440Nm sat=0.00
INFO 2026-07-27 15:27:22.961 joltshadow - docs §70: slip (player) w=2 grounded=1 kappa=0.191 fnGround=179N omega=1.88
INFO 2026-07-27 15:27:22.961 joltshadow - docs §67: spin (player) w=2 driven=1 omega=1.88 rad/s surfaceSpeed=1.20 m/s spinSign=+1 motorTq=149Nm cmdTq=149Nm
INFO 2026-07-27 15:27:22.961 joltshadow - docs §58: wheel body (player) w=3 springF=-370N stopF=0N travel=-0.0629 (limits -0.5000..0.5000 rel spawn) kSusp=6000 sagPredicted=-0.0616 | frameTrav=-0.0801..-0.0629 frameStopN=0
INFO 2026-07-27 15:27:22.961 joltshadow - docs §66: tyre band (player) w=3 fnGround=0N fnTotal=0N pen=0.00000 penRaw=0.00000 tau=0.01000 pen/tau=0.00 | recs tyre=1 rim=0 survived=0 stale=0 distMax=1.03R
INFO 2026-07-27 15:27:22.961 joltshadow - docs §68: steer (player) w=3 steerable=0 commanded=0.000 rad measured=-0.000 rad err=-0.00 deg steerSign=-1 steerTq=0Nm cap=340282346638528859811704183484516925440Nm sat=0.00
INFO 2026-07-27 15:27:22.961 joltshadow - docs §70: slip (player) w=3 grounded=0 kappa=0.000 fnGround=0N omega=4.71
INFO 2026-07-27 15:27:22.961 joltshadow - docs §67: spin (player) w=3 driven=1 omega=4.71 rad/s surfaceSpeed=2.99 m/s spinSign=+1 motorTq=149Nm cmdTq=149Nm
INFO 2026-07-27 15:27:22.962 joltshadow - docs §67: drivetrain (player) gear=0 rpm=890 driveTorque=600Nm perWheel=150Nm driven=4 throttle=1.00 spin=1 | PRE-STEP brake=0.01 handBrake=0
INFO 2026-07-27 15:27:22.962 joltshadow - docs §66: tyre band SUM (player) fnGroundSum=179N fnTotalSum=218N weight=942N carried=0.23 | penSum=0.00814 recs tyre=2 rim=1 stale=0
INFO 2026-07-27 15:27:22.962 joltshadow - docs §30: REAL ODE chassis COM (player) body=54C8BDB0 = (4655.501, 260.291, 1195.113) forward=(-0.217, 0.066, -0.974)
INFO 2026-07-27 15:27:22.962 joltshadow - docs §33: real ODE chassis geom (player) #1 = class 0 (not a transform) pos=(4655.501,260.291,1195.113) radius=4.500
INFO 2026-07-27 15:27:22.962 joltshadow - docs §33: real ODE chassis geom (player) #2 = transform, inner class=1 pos=(0.000,1.095,-0.495)
INFO 2026-07-27 15:27:22.962 joltshadow - docs §33: real ODE chassis geom (player) #3 = transform, inner class=1 pos=(0.353,3.466,0.718)
INFO 2026-07-27 15:27:22.962 joltshadow - docs §33: real ODE chassis geom (player) #4 = transform, inner class=1 pos=(0.000,1.818,1.842)
INFO 2026-07-27 15:27:22.962 joltshadow - docs §33: real ODE chassis geom (player) #5 = transform, inner class=1 pos=(0.006,1.981,-2.113)
INFO 2026-07-27 15:27:22.962 joltshadow - docs §33: real ODE chassis geom (player) #6 = class 0 (not a transform) pos=(4655.501,260.291,1195.113) radius=30.000
INFO 2026-07-27 15:27:22.962 joltshadow - docs §33: real ODE chassis geom (player) #7 = class 0 (not a transform) pos=(4655.501,260.291,1195.113) radius=6.436
INFO 2026-07-27 15:27:22.962 joltshadow - docs §33: real ODE chassis geom (player) #8 = class 0 (not a transform) pos=(4655.501,260.291,1195.113) radius=200.000
INFO 2026-07-27 15:27:22.962 joltshadow - docs §33: real ODE chassis (player) has 8 total geom(s) directly attached (4 transform(s)) - compare against BuildChassisCompoundShape's own part/geom count in the build log
INFO 2026-07-27 15:27:22.962 joltshadow - docs §28: REAL ODE wheel state (player) wheel=0 displacement=-0.0102 range=1.000 (-1% compressed, signed) foreAft=2.270 localZ=2.270 cfm=0.002500 erp=0.2500
INFO 2026-07-27 15:27:22.962 joltshadow - docs §28: REAL ODE wheel state (player) wheel=1 displacement=0.0600 range=1.000 (6% compressed, signed) foreAft=2.270 localZ=2.270 cfm=0.002500 erp=0.2500
INFO 2026-07-27 15:27:22.962 joltshadow - docs §28: REAL ODE wheel state (player) wheel=2 displacement=0.0610 range=1.000 (6% compressed, signed) foreAft=-2.062 localZ=-2.062 cfm=0.002500 erp=0.2500
INFO 2026-07-27 15:27:22.962 joltshadow - docs §28: REAL ODE wheel state (player) wheel=3 displacement=-0.0091 range=1.000 (-1% compressed, signed) foreAft=-2.062 localZ=-2.062 cfm=0.002500 erp=0.2500
INFO 2026-07-27 15:27:23.005 joltshadow - docs §70.1: slipdense (player) f=1504 w=0 grounded=0 kappa=0.000 fnGround=0 omega=11.66 | ftGround=0N target=29.1 limit=149Nm motorNm=149 tyreNm=0 inertia=1.78 limRot=0/1/0 omegaPre=10.74 posN=5/8/0 susp=0.0100 springN=-83
INFO 2026-07-27 15:27:23.006 joltshadow - docs §70.1: slipdense (player) f=1504 w=1 grounded=0 kappa=0.000 fnGround=0 omega=9.39 | ftGround=0N target=29.1 limit=149Nm motorNm=149 tyreNm=0 inertia=1.78 limRot=0/-395/-714 omegaPre=8.47 posN=3/10/0 susp=-0.0007 springN=-169
INFO 2026-07-27 15:27:23.006 joltshadow - docs §70.1: slipdense (player) f=1504 w=2 grounded=0 kappa=0.000 fnGround=0 omega=5.74 | ftGround=0N target=29.1 limit=149Nm motorNm=149 tyreNm=0 inertia=1.82 limRot=0/-0/0 omegaPre=4.84 posN=2/13/0 susp=-0.0552 springN=-243
INFO 2026-07-27 15:27:23.006 joltshadow - docs §70.1: slipdense (player) f=1504 w=3 grounded=0 kappa=0.000 fnGround=0 omega=8.56 | ftGround=0N target=29.1 limit=149Nm motorNm=149 tyreNm=0 inertia=1.82 limRot=0/-0/1 omegaPre=7.66 posN=4/11/0 susp=0.0020 springN=-174
INFO 2026-07-27 15:27:23.006 joltshadow - docs §78: attdense (player) f=1504 joltTilt=17.70 odeTilt=16.98 upDelta=1.41 wBody=(-0.14,0.10,-0.09) |w|=0.19 grounded=0
INFO 2026-07-27 15:27:23.045 joltshadow - docs §70.1: slipdense (player) f=1508 w=0 grounded=0 kappa=0.000 fnGround=0 omega=15.01 | ftGround=0N target=29.1 limit=149Nm motorNm=149 tyreNm=0 inertia=1.78 limRot=0/11/0 omegaPre=14.17 posN=9/8/0 susp=0.0060 springN=3
INFO 2026-07-27 15:27:23.045 joltshadow - docs §70.1: slipdense (player) f=1508 w=1 grounded=0 kappa=0.000 fnGround=0 omega=12.73 | ftGround=0N target=29.1 limit=149Nm motorNm=149 tyreNm=0 inertia=1.78 limRot=0/-659/-483 omegaPre=11.90 posN=8/10/0 susp=0.0084 springN=-72
INFO 2026-07-27 15:27:23.045 joltshadow - docs §70.1: slipdense (player) f=1508 w=2 grounded=0 kappa=0.000 fnGround=0 omega=9.02 | ftGround=0N target=29.1 limit=149Nm motorNm=149 tyreNm=0 inertia=1.82 limRot=0/0/1 omegaPre=8.20 posN=9/13/0 susp=-0.0083 springN=-155
INFO 2026-07-27 15:27:23.045 joltshadow - docs §70.1: slipdense (player) f=1508 w=3 grounded=0 kappa=0.000 fnGround=0 omega=11.85 | ftGround=0N target=29.1 limit=149Nm motorNm=149 tyreNm=0 inertia=1.82 limRot=0/-0/1 omegaPre=11.03 posN=10/11/0 susp=0.0078 springN=-26
INFO 2026-07-27 15:27:23.045 joltshadow - docs §78: attdense (player) f=1508 joltTilt=17.66 odeTilt=16.65 upDelta=1.65 wBody=(-0.19,0.10,-0.05) |w|=0.22 grounded=0
INFO 2026-07-27 15:27:23.086 joltshadow - docs §70.1: slipdense (player) f=1512 w=0 grounded=0 kappa=0.000 fnGround=0 omega=18.36 | ftGround=0N target=29.1 limit=149Nm motorNm=149 tyreNm=0 inertia=1.78 limRot=0/9/0 omegaPre=17.44 posN=6/5/0 susp=0.0020 springN=10
INFO 2026-07-27 15:27:23.086 joltshadow - docs §70.1: slipdense (player) f=1512 w=1 grounded=0 kappa=0.000 fnGround=0 omega=16.08 | ftGround=0N target=29.1 limit=149Nm motorNm=149 tyreNm=0 inertia=1.78 limRot=0/-815/-39 omegaPre=15.16 posN=6/7/0 susp=0.0082 springN=-35
INFO 2026-07-27 15:27:23.086 joltshadow - docs §70.1: slipdense (player) f=1512 w=2 grounded=0 kappa=0.000 fnGround=0 omega=12.31 | ftGround=0N target=29.1 limit=149Nm motorNm=149 tyreNm=0 inertia=1.82 limRot=0/-0/0 omegaPre=11.40 posN=9/9/0 susp=0.0030 springN=-46
INFO 2026-07-27 15:27:23.086 joltshadow - docs §70.1: slipdense (player) f=1512 w=3 grounded=0 kappa=0.000 fnGround=0 omega=15.13 | ftGround=0N target=29.1 limit=149Nm motorNm=149 tyreNm=0 inertia=1.82 limRot=0/-1/1 omegaPre=14.23 posN=9/9/0 susp=0.0022 springN=26
INFO 2026-07-27 15:27:23.087 joltshadow - docs §78: attdense (player) f=1512 joltTilt=17.77 odeTilt=16.32 upDelta=2.04 wBody=(-0.24,0.10,-0.01) |w|=0.26 grounded=0
INFO 2026-07-27 15:27:23.128 joltshadow - docs §70.1: slipdense (player) f=1516 w=0 grounded=0 kappa=0.000 fnGround=0 omega=21.24 | ftGround=0N target=46.5 limit=93Nm motorNm=93 tyreNm=0 inertia=1.78 limRot=0/-52/0 omegaPre=20.72 posN=6/8/0 susp=0.0011 springN=-7
INFO 2026-07-27 15:27:23.128 joltshadow - docs §70.1: slipdense (player) f=1516 w=1 grounded=0 kappa=0.000 fnGround=0 omega=18.94 | ftGround=0N target=46.5 limit=93Nm motorNm=93 tyreNm=0 inertia=1.78 limRot=0/-455/0 omegaPre=18.44 posN=6/-2/0 susp=0.0047 springN=-11
INFO 2026-07-27 15:27:23.128 joltshadow - docs §70.1: slipdense (player) f=1516 w=2 grounded=0 kappa=0.000 fnGround=0 omega=15.14 | ftGround=0N target=46.5 limit=93Nm motorNm=93 tyreNm=0 inertia=1.82 limRot=0/-2/-0 omegaPre=14.63 posN=-11/11/0 susp=0.0017 springN=5
INFO 2026-07-27 15:27:23.128 joltshadow - docs §70.1: slipdense (player) f=1516 w=3 grounded=0 kappa=0.000 fnGround=0 omega=17.96 | ftGround=0N target=46.5 limit=93Nm motorNm=93 tyreNm=0 inertia=1.82 limRot=0/-2/-0 omegaPre=17.45 posN=-11/1/0 susp=-0.0021 springN=26
INFO 2026-07-27 15:27:23.128 joltshadow - docs §78: attdense (player) f=1516 joltTilt=17.99 odeTilt=16.02 upDelta=2.56 wBody=(-0.27,0.11,0.01) |w|=0.29 grounded=0
INFO 2026-07-27 15:27:23.174 joltshadow - docs §70.1: slipdense (player) f=1520 w=0 grounded=0 kappa=0.000 fnGround=0 omega=24.20 | ftGround=0N target=46.5 limit=93Nm motorNm=93 tyreNm=0 inertia=1.78 limRot=0/-1114/0 omegaPre=23.77 posN=4/-7/0 susp=0.0021 springN=-9
INFO 2026-07-27 15:27:23.174 joltshadow - docs §70.1: slipdense (player) f=1520 w=1 grounded=0 kappa=0.000 fnGround=0 omega=21.89 | ftGround=0N target=46.5 limit=93Nm motorNm=93 tyreNm=0 inertia=1.78 limRot=0/20/0 omegaPre=21.37 posN=4/6/0 susp=-0.0000 springN=-10
INFO 2026-07-27 15:27:23.174 joltshadow - docs §70.1: slipdense (player) f=1520 w=2 grounded=0 kappa=0.000 fnGround=0 omega=18.19 | ftGround=0N target=46.5 limit=93Nm motorNm=93 tyreNm=0 inertia=1.82 limRot=0/1/1 omegaPre=17.67 posN=30/-4/0 susp=-0.0008 springN=21
INFO 2026-07-27 15:27:23.174 joltshadow - docs §70.1: slipdense (player) f=1520 w=3 grounded=0 kappa=0.000 fnGround=0 omega=21.01 | ftGround=0N target=46.5 limit=93Nm motorNm=93 tyreNm=0 inertia=1.82 limRot=0/1/0 omegaPre=20.50 posN=29/11/0 susp=-0.0031 springN=6
INFO 2026-07-27 15:27:23.174 joltshadow - docs §78: attdense (player) f=1520 joltTilt=18.27 odeTilt=15.83 upDelta=3.17 wBody=(-0.30,0.07,0.03) |w|=0.31 grounded=0
INFO 2026-07-27 15:27:23.214 joltshadow - docs §70.1: slipdense (player) f=1524 w=0 grounded=0 kappa=0.000 fnGround=0 omega=26.91 | ftGround=0N target=46.5 limit=93Nm motorNm=93 tyreNm=0 inertia=1.78 limRot=0/-439/0 omegaPre=26.35 posN=10/11/0 susp=0.0015 springN=-12
INFO 2026-07-27 15:27:23.215 joltshadow - docs §70.1: slipdense (player) f=1524 w=1 grounded=0 kappa=0.000 fnGround=0 omega=24.75 | ftGround=0N target=46.5 limit=93Nm motorNm=93 tyreNm=0 inertia=1.78 limRot=0/-6/0 omegaPre=24.17 posN=10/-6/0 susp=-0.0001 springN=-15
INFO 2026-07-27 15:27:23.215 joltshadow - docs §70.1: slipdense (player) f=1524 w=2 grounded=0 kappa=0.000 fnGround=0 omega=20.99 | ftGround=0N target=46.5 limit=93Nm motorNm=93 tyreNm=0 inertia=1.82 limRot=0/-3/-1 omegaPre=20.42 posN=-19/16/0 susp=-0.0019 springN=15
INFO 2026-07-27 15:27:23.215 joltshadow - docs §70.1: slipdense (player) f=1524 w=3 grounded=0 kappa=0.000 fnGround=0 omega=23.81 | ftGround=0N target=46.5 limit=93Nm motorNm=93 tyreNm=0 inertia=1.82 limRot=0/-3/-2 omegaPre=23.25 posN=-19/-2/0 susp=-0.0014 springN=2
INFO 2026-07-27 15:27:23.215 joltshadow - docs §78: attdense (player) f=1524 joltTilt=18.70 odeTilt=15.75 upDelta=3.86 wBody=(-0.33,0.11,0.05) |w|=0.35 grounded=0
INFO 2026-07-27 15:27:23.256 joltshadow - docs §70.1: slipdense (player) f=1528 w=0 grounded=0 kappa=0.000 fnGround=0 omega=28.65 | ftGround=0N target=77.6 limit=56Nm motorNm=56 tyreNm=0 inertia=1.78 limRot=0/31/0 omegaPre=28.35 posN=-10/-5/0 susp=0.0035 springN=-26
INFO 2026-07-27 15:27:23.256 joltshadow - docs §70.1: slipdense (player) f=1528 w=1 grounded=0 kappa=0.000 fnGround=0 omega=26.73 | ftGround=0N target=77.6 limit=56Nm motorNm=56 tyreNm=0 inertia=1.78 limRot=0/-4/0 omegaPre=26.42 posN=-10/3/0 susp=-0.0004 springN=1
INFO 2026-07-27 15:27:23.257 joltshadow - docs §70.1: slipdense (player) f=1528 w=2 grounded=0 kappa=0.000 fnGround=0 omega=22.94 | ftGround=0N target=77.6 limit=56Nm motorNm=56 tyreNm=0 inertia=1.82 limRot=0/-2/1 omegaPre=22.63 posN=5/-0/0 susp=-0.0011 springN=-4
INFO 2026-07-27 15:27:23.257 joltshadow - docs §70.1: slipdense (player) f=1528 w=3 grounded=0 kappa=0.000 fnGround=0 omega=25.76 | ftGround=0N target=77.6 limit=56Nm motorNm=56 tyreNm=0 inertia=1.82 limRot=0/-3/1 omegaPre=25.45 posN=5/8/0 susp=-0.0025 springN=21
INFO 2026-07-27 15:27:23.257 joltshadow - docs §78: attdense (player) f=1528 joltTilt=19.13 odeTilt=15.72 upDelta=4.61 wBody=(-0.35,0.10,-0.01) |w|=0.36 grounded=0
INFO 2026-07-27 15:27:23.298 joltshadow - docs §70.1: slipdense (player) f=1532 w=0 grounded=0 kappa=0.000 fnGround=0 omega=28.48 | ftGround=0N target=-77.6 limit=56Nm motorNm=-56 tyreNm=0 inertia=1.78 limRot=0/-94/0 omegaPre=28.92 posN=2/-7/0 susp=0.0043 springN=-3
INFO 2026-07-27 15:27:23.299 joltshadow - docs §70.1: slipdense (player) f=1532 w=1 grounded=0 kappa=0.000 fnGround=0 omega=26.58 | ftGround=0N target=-77.6 limit=56Nm motorNm=-56 tyreNm=0 inertia=1.78 limRot=0/2/0 omegaPre=27.02 posN=1/-6/0 susp=-0.0014 springN=8
INFO 2026-07-27 15:27:23.299 joltshadow - docs §70.1: slipdense (player) f=1532 w=2 grounded=0 kappa=0.000 fnGround=0 omega=22.78 | ftGround=0N target=-77.6 limit=56Nm motorNm=-56 tyreNm=0 inertia=1.82 limRot=0/-2/0 omegaPre=23.22 posN=1/-1/0 susp=-0.0009 springN=-4
INFO 2026-07-27 15:27:23.299 joltshadow - docs §70.1: slipdense (player) f=1532 w=3 grounded=0 kappa=0.000 fnGround=0 omega=25.61 | ftGround=0N target=-77.6 limit=56Nm motorNm=-56 tyreNm=0 inertia=1.82 limRot=0/-2/0 omegaPre=26.04 posN=1/-1/0 susp=-0.0019 springN=-0
INFO 2026-07-27 15:27:23.299 joltshadow - docs §78: attdense (player) f=1532 joltTilt=19.54 odeTilt=15.73 upDelta=5.40 wBody=(-0.34,0.10,-0.01) |w|=0.36 grounded=0
INFO 2026-07-27 15:27:23.320 joltshadow - docs §82: resync (player) #33 dt=0.50s upMax=5.818 deg posMax=1.212 m odeTiltPath=2.490 deg gain=2.3368
INFO 2026-07-27 15:27:23.320 joltshadow - docs §87: resync landing (player) w=0 pre=0.9367 post=0.1386 m R=0.629 dY=-1.0992 dRotDeg=6.38 |corr|=1.2120 m
INFO 2026-07-27 15:27:23.320 joltshadow - docs §87: resync landing (player) w=1 pre=0.8843 post=0.0340 m R=0.629 dY=-1.0992 dRotDeg=6.38 |corr|=1.2120 m
INFO 2026-07-27 15:27:23.320 joltshadow - docs §87: resync landing (player) w=2 pre=0.2223 post=-0.0032 m R=0.635 dY=-1.0992 dRotDeg=6.38 |corr|=1.2120 m
INFO 2026-07-27 15:27:23.320 joltshadow - docs §87: resync landing (player) w=3 pre=0.4199 post=0.0438 m R=0.635 dY=-1.0992 dRotDeg=6.38 |corr|=1.2120 m
INFO 2026-07-27 15:27:23.320 joltshadow - docs §82: resync RESIDUAL (player) #33 pos=0.0000 m up=0.0198 deg
INFO 2026-07-27 15:27:23.344 joltshadow - docs §70.1: slipdense (player) f=1536 w=0 grounded=0 kappa=0.000 fnGround=0 omega=25.69 | ftGround=0N target=-29.1 limit=149Nm motorNm=-149 tyreNm=0 inertia=1.78 limRot=0/31/0 omegaPre=26.78 posN=-28/374/0 susp=-0.3998 springN=417
INFO 2026-07-27 15:27:23.344 joltshadow - docs §70.1: slipdense (player) f=1536 w=1 grounded=1 kappa=6.653 fnGround=1095 omega=11.14 | ftGround=1753N target=-29.1 limit=149Nm motorNm=-149 tyreNm=-1120 inertia=1.78 limRot=0/83/0 omegaPre=19.74 posN=0/-1535/0 susp=-0.5069 springN=2181
INFO 2026-07-27 15:27:23.344 joltshadow - docs §70.1: slipdense (player) f=1536 w=2 grounded=1 kappa=6.280 fnGround=1032 omega=7.89 | ftGround=1492N target=-29.1 limit=149Nm motorNm=-149 tyreNm=-970 inertia=1.82 limRot=0/211/151 omegaPre=15.70 posN=-8/-1524/0 susp=-0.5442 springN=2685
INFO 2026-07-27 15:27:23.344 joltshadow - docs §70.1: slipdense (player) f=1536 w=3 grounded=1 kappa=6.921 fnGround=1094 omega=10.09 | ftGround=1589N target=-29.1 limit=149Nm motorNm=-149 tyreNm=-1013 inertia=1.82 limRot=0/242/-87 omegaPre=18.15 posN=641/-1350/0 susp=-0.5171 springN=2401
INFO 2026-07-27 15:27:23.344 joltshadow - docs §78: attdense (player) f=1536 joltTilt=15.68 odeTilt=15.77 upDelta=0.16 wBody=(-0.11,-0.06,0.17) |w|=0.21 grounded=3
INFO 2026-07-27 15:27:23.383 joltshadow - docs §70.1: slipdense (player) f=1540 w=0 grounded=1 kappa=-0.040 fnGround=179 omega=1.85 | ftGround=-66N target=-29.1 limit=149Nm motorNm=-149 tyreNm=49 inertia=1.78 limRot=0/-172/0 omegaPre=2.36 posN=-480/-145/0 susp=-0.2079 springN=122
INFO 2026-07-27 15:27:23.384 joltshadow - docs §70.1: slipdense (player) f=1540 w=1 grounded=1 kappa=-0.077 fnGround=1089 omega=4.03 | ftGround=-276N target=-29.1 limit=149Nm motorNm=-149 tyreNm=184 inertia=1.78 limRot=0/3944/0 omegaPre=3.73 posN=1585/989/0 susp=-0.3604 springN=838
INFO 2026-07-27 15:27:23.384 joltshadow - docs §70.1: slipdense (player) f=1540 w=2 grounded=1 kappa=-0.058 fnGround=1028 omega=2.38 | ftGround=-117N target=-29.1 limit=149Nm motorNm=-149 tyreNm=87 inertia=1.82 limRot=0/-267/-27 omegaPre=2.62 posN=-628/-128/0 susp=-0.4457 springN=1477
INFO 2026-07-27 15:27:23.384 joltshadow - docs §70.1: slipdense (player) f=1540 w=3 grounded=1 kappa=-0.077 fnGround=1098 omega=2.56 | ftGround=-181N target=-29.1 limit=149Nm motorNm=-149 tyreNm=125 inertia=1.82 limRot=0/-248/11 omegaPre=2.62 posN=-258/111/0 susp=-0.3895 springN=1046
INFO 2026-07-27 15:27:23.384 joltshadow - docs §78: attdense (player) f=1540 joltTilt=15.98 odeTilt=15.85 upDelta=0.14 wBody=(-0.03,-0.06,0.15) |w|=0.17 grounded=4
INFO 2026-07-27 15:27:23.425 joltshadow - docs §70.1: slipdense (player) f=1544 w=0 grounded=0 kappa=0.000 fnGround=0 omega=-1.46 | ftGround=0N target=-29.1 limit=149Nm motorNm=-149 tyreNm=0 inertia=1.78 limRot=0/110/0 omegaPre=-0.72 posN=35/-86/0 susp=-0.0694 springN=-362
INFO 2026-07-27 15:27:23.425 joltshadow - docs §70.1: slipdense (player) f=1544 w=1 grounded=1 kappa=-0.079 fnGround=388 omega=2.28 | ftGround=-174N target=-29.1 limit=149Nm motorNm=-149 tyreNm=116 inertia=1.78 limRot=0/1492/-92 omegaPre=2.43 posN=227/251/0 susp=-0.2013 springN=197
INFO 2026-07-27 15:27:23.425 joltshadow - docs §70.1: slipdense (player) f=1544 w=2 grounded=1 kappa=-0.141 fnGround=605 omega=1.19 | ftGround=-158N target=-29.1 limit=149Nm motorNm=-149 tyreNm=114 inertia=1.82 limRot=0/-187/-29 omegaPre=1.38 posN=-393/70/0 susp=-0.2714 springN=409
INFO 2026-07-27 15:27:23.425 joltshadow - docs §70.1: slipdense (player) f=1544 w=3 grounded=1 kappa=-0.089 fnGround=291 omega=1.92 | ftGround=-166N target=-29.1 limit=149Nm motorNm=-149 tyreNm=113 inertia=1.82 limRot=0/86/9 omegaPre=2.10 posN=180/91/0 susp=-0.2138 springN=46
INFO 2026-07-27 15:27:23.426 joltshadow - docs §78: attdense (player) f=1544 joltTilt=16.24 odeTilt=15.95 upDelta=0.35 wBody=(0.21,-0.17,0.18) |w|=0.32 grounded=3
INFO 2026-07-27 15:27:23.467 joltshadow - docs §70.1: slipdense (player) f=1548 w=0 grounded=0 kappa=0.000 fnGround=0 omega=-5.06 | ftGround=0N target=-29.1 limit=149Nm motorNm=-149 tyreNm=0 inertia=1.78 limRot=0/20/-815 omegaPre=-4.22 posN=-2/-12/0 susp=-0.0043 springN=-184
INFO 2026-07-27 15:27:23.468 joltshadow - docs §70.1: slipdense (player) f=1548 w=1 grounded=0 kappa=0.000 fnGround=0 omega=-1.13 | ftGround=0N target=-29.1 limit=149Nm motorNm=-149 tyreNm=0 inertia=1.78 limRot=0/812/-53 omegaPre=-0.29 posN=2/-20/0 susp=-0.0764 springN=-224
INFO 2026-07-27 15:27:23.468 joltshadow - docs §70.1: slipdense (player) f=1548 w=2 grounded=0 kappa=0.000 fnGround=0 omega=-0.95 | ftGround=0N target=-29.1 limit=149Nm motorNm=-149 tyreNm=0 inertia=1.82 limRot=0/-1/0 omegaPre=-0.13 posN=4/-19/0 susp=-0.1188 springN=-225
INFO 2026-07-27 15:27:23.468 joltshadow - docs §70.1: slipdense (player) f=1548 w=3 grounded=0 kappa=0.000 fnGround=0 omega=-1.45 | ftGround=0N target=-29.1 limit=149Nm motorNm=-149 tyreNm=0 inertia=1.82 limRot=0/-1/0 omegaPre=-0.63 posN=-0/-16/0 susp=-0.0641 springN=-394
INFO 2026-07-27 15:27:23.468 joltshadow - docs §78: attdense (player) f=1548 joltTilt=16.52 odeTilt=16.06 upDelta=0.93 wBody=(0.30,-0.22,0.19) |w|=0.42 grounded=0
INFO 2026-07-27 15:27:23.511 joltshadow - docs §70.1: slipdense (player) f=1552 w=0 grounded=0 kappa=0.000 fnGround=0 omega=-8.66 | ftGround=0N target=-29.1 limit=149Nm motorNm=-149 tyreNm=0 inertia=1.78 limRot=0/-228/-783 omegaPre=-7.74 posN=4/-4/0 susp=0.0050 springN=-1
INFO 2026-07-27 15:27:23.511 joltshadow - docs §70.1: slipdense (player) f=1552 w=1 grounded=0 kappa=0.000 fnGround=0 omega=-4.73 | ftGround=0N target=-29.1 limit=149Nm motorNm=-149 tyreNm=0 inertia=1.78 limRot=0/797/-164 omegaPre=-3.81 posN=6/-9/0 susp=-0.0140 springN=-165
INFO 2026-07-27 15:27:23.511 joltshadow - docs §70.1: slipdense (player) f=1552 w=2 grounded=0 kappa=0.000 fnGround=0 omega=-4.48 | ftGround=0N target=-29.1 limit=149Nm motorNm=-149 tyreNm=0 inertia=1.82 limRot=0/-1/1 omegaPre=-3.58 posN=7/-8/0 susp=-0.0242 springN=-273
INFO 2026-07-27 15:27:23.511 joltshadow - docs §70.1: slipdense (player) f=1552 w=3 grounded=0 kappa=0.000 fnGround=0 omega=-4.98 | ftGround=0N target=-29.1 limit=149Nm motorNm=-149 tyreNm=0 inertia=1.82 limRot=0/-1/1 omegaPre=-4.07 posN=3/-2/0 susp=0.0005 springN=-220
INFO 2026-07-27 15:27:23.511 joltshadow - docs §78: attdense (player) f=1552 joltTilt=16.81 odeTilt=16.15 upDelta=1.66 wBody=(0.32,-0.22,0.18) |w|=0.43 grounded=0
INFO 2026-07-27 15:27:23.550 joltshadow - docs §70.1: slipdense (player) f=1556 w=0 grounded=0 kappa=0.000 fnGround=0 omega=-11.92 | ftGround=0N target=-29.1 limit=149Nm motorNm=-149 tyreNm=0 inertia=1.78 limRot=0/-519/0 omegaPre=-11.09 posN=27/3/0 susp=-0.0003 springN=52
INFO 2026-07-27 15:27:23.550 joltshadow - docs §70.1: slipdense (player) f=1556 w=1 grounded=0 kappa=0.000 fnGround=0 omega=-7.99 | ftGround=0N target=-29.1 limit=149Nm motorNm=-149 tyreNm=0 inertia=1.78 limRot=0/732/-361 omegaPre=-7.15 posN=26/-16/0 susp=0.0031 springN=-70
INFO 2026-07-27 15:27:23.550 joltshadow - docs §70.1: slipdense (player) f=1556 w=2 grounded=0 kappa=0.000 fnGround=0 omega=-7.69 | ftGround=0N target=-29.1 limit=149Nm motorNm=-149 tyreNm=0 inertia=1.82 limRot=0/-1/1 omegaPre=-6.87 posN=-7/6/0 susp=0.0063 springN=-142
INFO 2026-07-27 15:27:23.550 joltshadow - docs §70.1: slipdense (player) f=1556 w=3 grounded=0 kappa=0.000 fnGround=0 omega=-8.18 | ftGround=0N target=-29.1 limit=149Nm motorNm=-149 tyreNm=0 inertia=1.82 limRot=0/-1/1 omegaPre=-7.36 posN=-11/-10/0 susp=0.0119 springN=-78
INFO 2026-07-27 15:27:23.550 joltshadow - docs §78: attdense (player) f=1556 joltTilt=17.16 odeTilt=16.22 upDelta=2.42 wBody=(0.33,-0.22,0.20) |w|=0.45 grounded=0
INFO 2026-07-27 15:27:23.594 joltshadow - docs §70.1: slipdense (player) f=1560 w=0 grounded=0 kappa=0.000 fnGround=0 omega=-15.61 | ftGround=0N target=-29.1 limit=149Nm motorNm=-149 tyreNm=0 inertia=1.78 limRot=0/-797/-451 omegaPre=-14.68 posN=4/-13/0 susp=-0.0052 springN=47
INFO 2026-07-27 15:27:23.594 joltshadow - docs §70.1: slipdense (player) f=1560 w=1 grounded=0 kappa=0.000 fnGround=0 omega=-11.67 | ftGround=0N target=-29.1 limit=149Nm motorNm=-149 tyreNm=0 inertia=1.78 limRot=0/501/-642 omegaPre=-10.75 posN=2/-4/0 susp=0.0015 springN=0
INFO 2026-07-27 15:27:23.594 joltshadow - docs §70.1: slipdense (player) f=1560 w=2 grounded=0 kappa=0.000 fnGround=0 omega=-11.30 | ftGround=0N target=-29.1 limit=149Nm motorNm=-149 tyreNm=0 inertia=1.82 limRot=0/-1/2 omegaPre=-10.40 posN=16/-7/0 susp=0.0094 springN=-35
INFO 2026-07-27 15:27:23.594 joltshadow - docs §70.1: slipdense (player) f=1560 w=3 grounded=0 kappa=0.000 fnGround=0 omega=-11.79 | ftGround=0N target=-29.1 limit=149Nm motorNm=-149 tyreNm=0 inertia=1.82 limRot=0/-1/3 omegaPre=-10.89 posN=13/4/0 susp=0.0061 springN=-7
INFO 2026-07-27 15:27:23.594 joltshadow - docs §78: attdense (player) f=1560 joltTilt=17.60 odeTilt=16.29 upDelta=3.33 wBody=(0.36,-0.22,0.24) |w|=0.48 grounded=0
INFO 2026-07-27 15:27:23.594 joltshadow - Shadow divergence (player): pos=2.186m vel=2.498m/s angle=4.2deg (jolt com=[4656.3 262.3 1195.2] ode com=[4655.5 260.3 1195.1])
INFO 2026-07-27 15:27:23.594 joltshadow - docs §23.6: driver input (player) realThrottle=-10.00 brake=0.01 handBrake=0 steerRad=0.000
INFO 2026-07-27 15:27:23.594 joltshadow - docs §32: Jolt SHADOW chassis pitch (player) forward=(-0.185, 0.017, -0.983)
INFO 2026-07-27 15:27:23.594 joltshadow - docs §69: tilt (player) jolt=17.6 deg ode=16.3 deg delta=+1.3 deg upDelta=3.33 deg
INFO 2026-07-27 15:27:23.594 joltshadow - docs §32.4: Jolt SHADOW chassis lowest corner (player) = (4657.86,260.56,1198.08) clearanceToGround=0.793
INFO 2026-07-27 15:27:23.594 joltshadow - docs §23.5: wheel state (player) wheel=0 contact=0 suspLen=1.050 (range 0.050-1.050, 0% compressed) angVel=0.00
INFO 2026-07-27 15:27:23.594 joltshadow - docs §38.11: wheel=0 NO contact, worldAxle=(0.936,-0.302,-0.181)
INFO 2026-07-27 15:27:23.595 joltshadow - docs §32: no-contact raycast (player) wheel=0 bodyPos=(4655.98,261.62,1194.82) localMPos=(-1.155,0.060,2.270) origin=(4656.66,261.37,1192.38) dir=(-0.300,-0.953,0.040) normalRayLen=1.679 groundFoundAt=0.000 shortfallBeyondTravel=-1.679 hitBody=8391044 hitLayer=4 hitMotion=2 hitIsSelfChassis=0
INFO 2026-07-27 15:27:23.595 joltshadow - docs §23.5: wheel state (player) wheel=1 contact=0 suspLen=1.050 (range 0.050-1.050, 0% compressed) angVel=0.00
INFO 2026-07-27 15:27:23.595 joltshadow - docs §38.11: wheel=1 NO contact, worldAxle=(0.936,-0.302,-0.181)
INFO 2026-07-27 15:27:23.595 joltshadow - docs §32: no-contact raycast (player) wheel=1 bodyPos=(4655.98,261.62,1194.82) localMPos=(1.155,0.059,2.270) origin=(4654.50,262.07,1192.80) dir=(-0.300,-0.953,0.040) normalRayLen=1.679 groundFoundAt=0.000 shortfallBeyondTravel=-1.679 hitBody=8391045 hitLayer=4 hitMotion=2 hitIsSelfChassis=0
INFO 2026-07-27 15:27:23.595 joltshadow - docs §23.5: wheel state (player) wheel=2 contact=0 suspLen=1.050 (range 0.050-1.050, 0% compressed) angVel=0.00
INFO 2026-07-27 15:27:23.595 joltshadow - docs §38.11: wheel=2 NO contact, worldAxle=(0.936,-0.302,-0.181)
INFO 2026-07-27 15:27:23.595 joltshadow - docs §32: no-contact raycast (player) wheel=2 bodyPos=(4655.98,261.62,1194.82) localMPos=(-1.253,0.145,-2.062) origin=(4657.58,261.35,1196.61) dir=(-0.300,-0.953,0.040) normalRayLen=1.685 groundFoundAt=0.013 shortfallBeyondTravel=-1.672 hitBody=8391046 hitLayer=4 hitMotion=2 hitIsSelfChassis=0
INFO 2026-07-27 15:27:23.595 joltshadow - docs §23.5: wheel state (player) wheel=3 contact=0 suspLen=1.050 (range 0.050-1.050, 0% compressed) angVel=0.00
INFO 2026-07-27 15:27:23.595 joltshadow - docs §38.11: wheel=3 NO contact, worldAxle=(0.936,-0.302,-0.181)
INFO 2026-07-27 15:27:23.595 joltshadow - docs §32: no-contact raycast (player) wheel=3 bodyPos=(4655.98,261.62,1194.82) localMPos=(1.253,0.146,-2.062) origin=(4655.23,262.10,1197.07) dir=(-0.300,-0.953,0.040) normalRayLen=1.685 groundFoundAt=0.011 shortfallBeyondTravel=-1.674 hitBody=8391047 hitLayer=4 hitMotion=2 hitIsSelfChassis=0
INFO 2026-07-27 15:27:23.595 joltshadow - docs §59/63: harvest (player) wheelsWithContact=0 contactPoints=0 overflow=0 (of 4) | maxNormalF=0N bound(k_t*tau)=0N ratio=0.00
INFO 2026-07-27 15:27:23.595 joltshadow - docs §58: wheel body (player) w=0 springF=47N stopF=0N travel=-0.0052 (limits -0.5000..0.5000 rel spawn) kSusp=6000 sagPredicted=0.0079 | frameTrav=-0.0052..-0.0047 frameStopN=0
INFO 2026-07-27 15:27:23.595 joltshadow - docs §66: tyre band (player) w=0 fnGround=0N fnTotal=0N pen=0.00000 penRaw=0.00000 tau=0.01000 pen/tau=0.00 | recs tyre=0 rim=0 survived=0 stale=0 distMax=0.00R
INFO 2026-07-27 15:27:23.595 joltshadow - docs §68: steer (player) w=0 steerable=1 commanded=0.000 rad measured=-0.612 rad err=-35.05 deg steerSign=-1 steerTq=-815Nm cap=815Nm sat=1.00
INFO 2026-07-27 15:27:23.596 joltshadow - docs §70: slip (player) w=0 grounded=0 kappa=0.000 fnGround=0N omega=-15.61
INFO 2026-07-27 15:27:23.596 joltshadow - docs §67: spin (player) w=0 driven=1 omega=-15.61 rad/s surfaceSpeed=-9.82 m/s spinSign=+1 motorTq=-149Nm cmdTq=149Nm
INFO 2026-07-27 15:27:23.596 joltshadow - docs §58: wheel body (player) w=1 springF=0N stopF=0N travel=0.0015 (limits -0.5000..0.5000 rel spawn) kSusp=6000 sagPredicted=0.0000 | frameTrav=0.0015..0.0027 frameStopN=0
INFO 2026-07-27 15:27:23.596 joltshadow - docs §66: tyre band (player) w=1 fnGround=0N fnTotal=0N pen=0.00000 penRaw=0.00000 tau=0.01000 pen/tau=0.00 | recs tyre=0 rim=0 survived=0 stale=0 distMax=0.00R
INFO 2026-07-27 15:27:23.596 joltshadow - docs §68: steer (player) w=1 steerable=1 commanded=0.000 rad measured=-0.611 rad err=-35.01 deg steerSign=-1 steerTq=-815Nm cap=815Nm sat=1.00
INFO 2026-07-27 15:27:23.596 joltshadow - docs §70: slip (player) w=1 grounded=0 kappa=0.000 fnGround=0N omega=-11.67
INFO 2026-07-27 15:27:23.596 joltshadow - docs §67: spin (player) w=1 driven=1 omega=-11.67 rad/s surfaceSpeed=-7.34 m/s spinSign=+1 motorTq=-149Nm cmdTq=149Nm
INFO 2026-07-27 15:27:23.596 joltshadow - docs §58: wheel body (player) w=2 springF=-35N stopF=0N travel=0.0094 (limits -0.5000..0.5000 rel spawn) kSusp=6000 sagPredicted=-0.0059 | frameTrav=0.0094..0.0097 frameStopN=0
INFO 2026-07-27 15:27:23.596 joltshadow - docs §66: tyre band (player) w=2 fnGround=0N fnTotal=0N pen=0.00000 penRaw=0.00000 tau=0.01000 pen/tau=0.00 | recs tyre=0 rim=0 survived=0 stale=0 distMax=0.00R
INFO 2026-07-27 15:27:23.596 joltshadow - docs §68: steer (player) w=2 steerable=0 commanded=0.000 rad measured=0.000 rad err=0.00 deg steerSign=-1 steerTq=0Nm cap=340282346638528859811704183484516925440Nm sat=0.00
INFO 2026-07-27 15:27:23.596 joltshadow - docs §70: slip (player) w=2 grounded=0 kappa=0.000 fnGround=0N omega=-11.30
INFO 2026-07-27 15:27:23.596 joltshadow - docs §67: spin (player) w=2 driven=1 omega=-11.30 rad/s surfaceSpeed=-7.18 m/s spinSign=+1 motorTq=-149Nm cmdTq=149Nm
INFO 2026-07-27 15:27:23.596 joltshadow - docs §58: wheel body (player) w=3 springF=-7N stopF=0N travel=0.0061 (limits -0.5000..0.5000 rel spawn) kSusp=6000 sagPredicted=-0.0012 | frameTrav=0.0061..0.0078 frameStopN=0
INFO 2026-07-27 15:27:23.597 joltshadow - docs §66: tyre band (player) w=3 fnGround=0N fnTotal=0N pen=0.00000 penRaw=0.00000 tau=0.01000 pen/tau=0.00 | recs tyre=0 rim=0 survived=0 stale=0 distMax=0.00R
INFO 2026-07-27 15:27:23.597 joltshadow - docs §68: steer (player) w=3 steerable=0 commanded=0.000 rad measured=0.000 rad err=0.00 deg steerSign=-1 steerTq=0Nm cap=340282346638528859811704183484516925440Nm sat=0.00
INFO 2026-07-27 15:27:23.597 joltshadow - docs §70: slip (player) w=3 grounded=0 kappa=0.000 fnGround=0N omega=-11.79
INFO 2026-07-27 15:27:23.597 joltshadow - docs §67: spin (player) w=3 driven=1 omega=-11.79 rad/s surfaceSpeed=-7.49 m/s spinSign=+1 motorTq=-149Nm cmdTq=149Nm
INFO 2026-07-27 15:27:23.597 joltshadow - docs §67: drivetrain (player) gear=0 rpm=2409 driveTorque=600Nm perWheel=150Nm driven=4 throttle=-1.00 spin=1 | PRE-STEP brake=0.01 handBrake=0
INFO 2026-07-27 15:27:23.597 joltshadow - docs §66: tyre band SUM (player) fnGroundSum=0N fnTotalSum=0N weight=942N carried=0.00 | penSum=0.00000 recs tyre=0 rim=0 stale=0
INFO 2026-07-27 15:27:23.597 joltshadow - docs §30: REAL ODE chassis COM (player) body=54C8BDB0 = (4655.518, 260.283, 1195.114) forward=(-0.212, 0.077, -0.974)
INFO 2026-07-27 15:27:23.597 joltshadow - docs §33: real ODE chassis geom (player) #1 = class 0 (not a transform) pos=(4655.518,260.283,1195.114) radius=4.500
INFO 2026-07-27 15:27:23.597 joltshadow - docs §33: real ODE chassis geom (player) #2 = transform, inner class=1 pos=(0.000,1.095,-0.495)
INFO 2026-07-27 15:27:23.597 joltshadow - docs §33: real ODE chassis geom (player) #3 = transform, inner class=1 pos=(0.353,3.466,0.718)
INFO 2026-07-27 15:27:23.597 joltshadow - docs §33: real ODE chassis geom (player) #4 = transform, inner class=1 pos=(0.000,1.818,1.842)
INFO 2026-07-27 15:27:23.597 joltshadow - docs §33: real ODE chassis geom (player) #5 = transform, inner class=1 pos=(0.006,1.981,-2.113)
INFO 2026-07-27 15:27:23.597 joltshadow - docs §33: real ODE chassis geom (player) #6 = class 0 (not a transform) pos=(4655.518,260.283,1195.114) radius=30.000
INFO 2026-07-27 15:27:23.597 joltshadow - docs §33: real ODE chassis geom (player) #7 = class 0 (not a transform) pos=(4655.518,260.283,1195.114) radius=6.436
INFO 2026-07-27 15:27:23.597 joltshadow - docs §33: real ODE chassis geom (player) #8 = class 0 (not a transform) pos=(4655.518,260.283,1195.114) radius=200.000
INFO 2026-07-27 15:27:23.598 joltshadow - docs §33: real ODE chassis (player) has 8 total geom(s) directly attached (4 transform(s)) - compare against BuildChassisCompoundShape's own part/geom count in the build log
INFO 2026-07-27 15:27:23.598 joltshadow - docs §28: REAL ODE wheel state (player) wheel=0 displacement=-0.0101 range=1.000 (-1% compressed, signed) foreAft=2.270 localZ=2.270 cfm=0.002500 erp=0.2500
INFO 2026-07-27 15:27:23.598 joltshadow - docs §28: REAL ODE wheel state (player) wheel=1 displacement=0.0599 range=1.000 (6% compressed, signed) foreAft=2.270 localZ=2.270 cfm=0.002500 erp=0.2500
INFO 2026-07-27 15:27:23.598 joltshadow - docs §28: REAL ODE wheel state (player) wheel=2 displacement=0.0599 range=1.000 (6% compressed, signed) foreAft=-2.062 localZ=-2.062 cfm=0.002500 erp=0.2500
INFO 2026-07-27 15:27:23.598 joltshadow - docs §28: REAL ODE wheel state (player) wheel=3 displacement=-0.0092 range=1.000 (-1% compressed, signed) foreAft=-2.062 localZ=-2.062 cfm=0.002500 erp=0.2500
INFO 2026-07-27 15:27:23.642 joltshadow - docs §70.1: slipdense (player) f=1564 w=0 grounded=0 kappa=0.000 fnGround=0 omega=-19.61 | ftGround=0N target=-29.1 limit=149Nm motorNm=-149 tyreNm=0 inertia=1.78 limRot=0/-547/0 omegaPre=-18.78 posN=-8/-19/0 susp=-0.0059 springN=30
INFO 2026-07-27 15:27:23.642 joltshadow - docs §70.1: slipdense (player) f=1564 w=1 grounded=0 kappa=0.000 fnGround=0 omega=-15.69 | ftGround=0N target=-29.1 limit=149Nm motorNm=-149 tyreNm=0 inertia=1.78 limRot=0/-2/-814 omegaPre=-14.85 posN=-11/-4/0 susp=-0.0003 springN=10
INFO 2026-07-27 15:27:23.642 joltshadow - docs §70.1: slipdense (player) f=1564 w=2 grounded=0 kappa=0.000 fnGround=0 omega=-15.24 | ftGround=0N target=-29.1 limit=149Nm motorNm=-149 tyreNm=0 inertia=1.82 limRot=0/-3/5 omegaPre=-14.42 posN=13/-12/0 susp=0.0063 springN=-6
INFO 2026-07-27 15:27:23.642 joltshadow - docs §70.1: slipdense (player) f=1564 w=3 grounded=0 kappa=0.000 fnGround=0 omega=-15.73 | ftGround=0N target=-29.1 limit=149Nm motorNm=-149 tyreNm=0 inertia=1.82 limRot=0/-3/5 omegaPre=-14.91 posN=10/5/0 susp=0.0021 springN=-11
INFO 2026-07-27 15:27:23.642 joltshadow - docs §78: attdense (player) f=1564 joltTilt=18.29 odeTilt=16.35 upDelta=4.50 wBody=(0.39,-0.23,0.28) |w|=0.54 grounded=0
INFO 2026-07-27 15:27:23.687 joltshadow - docs §70.1: slipdense (player) f=1568 w=0 grounded=0 kappa=0.000 fnGround=0 omega=-22.61 | ftGround=0N target=-29.1 limit=149Nm motorNm=-149 tyreNm=0 inertia=1.78 limRot=0/44/0 omegaPre=-21.53 posN=14/-11/0 susp=-0.0042 springN=8
INFO 2026-07-27 15:27:23.688 joltshadow - docs §70.1: slipdense (player) f=1568 w=1 grounded=0 kappa=0.000 fnGround=0 omega=-18.88 | ftGround=0N target=-29.1 limit=149Nm motorNm=-149 tyreNm=0 inertia=1.78 limRot=0/-591/-563 omegaPre=-17.79 posN=11/-13/0 susp=-0.0010 springN=19
INFO 2026-07-27 15:27:23.688 joltshadow - docs §70.1: slipdense (player) f=1568 w=2 grounded=0 kappa=0.000 fnGround=0 omega=-18.37 | ftGround=0N target=-29.1 limit=149Nm motorNm=-149 tyreNm=0 inertia=1.82 limRot=0/-3/4 omegaPre=-17.30 posN=-1/-1/0 susp=0.0050 springN=-15
INFO 2026-07-27 15:27:23.688 joltshadow - docs §70.1: slipdense (player) f=1568 w=3 grounded=0 kappa=0.000 fnGround=0 omega=-18.86 | ftGround=0N target=-29.1 limit=149Nm motorNm=-149 tyreNm=0 inertia=1.82 limRot=0/-3/4 omegaPre=-17.79 posN=-3/-5/0 susp=0.0015 springN=-8
INFO 2026-07-27 15:27:23.688 joltshadow - docs §78: attdense (player) f=1568 joltTilt=19.04 odeTilt=16.39 upDelta=5.75 wBody=(0.42,-0.22,0.25) |w|=0.54 grounded=0
INFO 2026-07-27 15:27:23.726 joltshadow - docs §70.1: slipdense (player) f=1572 w=0 grounded=0 kappa=0.000 fnGround=0 omega=-25.16 | ftGround=0N target=-29.1 limit=149Nm motorNm=-149 tyreNm=0 inertia=1.78 limRot=0/-17/0 omegaPre=-24.41 posN=9/-14/0 susp=-0.0026 springN=10
INFO 2026-07-27 15:27:23.726 joltshadow - docs §70.1: slipdense (player) f=1572 w=1 grounded=0 kappa=0.000 fnGround=0 omega=-21.43 | ftGround=0N target=-29.1 limit=149Nm motorNm=-149 tyreNm=0 inertia=1.78 limRot=0/-819/0 omegaPre=-20.68 posN=6/-11/0 susp=-0.0003 springN=12
INFO 2026-07-27 15:27:23.726 joltshadow - docs §70.1: slipdense (player) f=1572 w=2 grounded=0 kappa=0.000 fnGround=0 omega=-20.87 | ftGround=0N target=-29.1 limit=149Nm motorNm=-149 tyreNm=0 inertia=1.82 limRot=0/-4/6 omegaPre=-20.13 posN=5/-4/0 susp=0.0033 springN=-6
INFO 2026-07-27 15:27:23.726 joltshadow - docs §70.1: slipdense (player) f=1572 w=3 grounded=0 kappa=0.000 fnGround=0 omega=-21.36 | ftGround=0N target=-29.1 limit=149Nm motorNm=-149 tyreNm=0 inertia=1.82 limRot=0/-4/6 omegaPre=-20.62 posN=3/-1/0 susp=0.0034 springN=-20
INFO 2026-07-27 15:27:23.727 joltshadow - docs §78: attdense (player) f=1572 joltTilt=19.76 odeTilt=16.39 upDelta=6.86 wBody=(0.45,-0.22,0.27) |w|=0.57 grounded=0
INFO 2026-07-27 15:27:23.767 joltshadow - docs §70.1: slipdense (player) f=1576 w=0 grounded=0 kappa=0.000 fnGround=0 omega=-27.59 | ftGround=0N target=-46.5 limit=93Nm motorNm=-93 tyreNm=0 inertia=1.78 limRot=0/-25/0 omegaPre=-27.07 posN=-27/-23/0 susp=-0.0012 springN=3
INFO 2026-07-27 15:27:23.767 joltshadow - docs §70.1: slipdense (player) f=1576 w=1 grounded=0 kappa=0.000 fnGround=0 omega=-23.76 | ftGround=0N target=-46.5 limit=93Nm motorNm=-93 tyreNm=0 inertia=1.78 limRot=0/-134/0 omegaPre=-23.31 posN=-30/-1/0 susp=-0.0007 springN=19
INFO 2026-07-27 15:27:23.767 joltshadow - docs §70.1: slipdense (player) f=1576 w=2 grounded=0 kappa=0.000 fnGround=0 omega=-23.25 | ftGround=0N target=-46.5 limit=93Nm motorNm=-93 tyreNm=0 inertia=1.82 limRot=0/-7/7 omegaPre=-22.74 posN=2/-12/0 susp=0.0014 springN=-12
INFO 2026-07-27 15:27:23.767 joltshadow - docs §70.1: slipdense (player) f=1576 w=3 grounded=0 kappa=0.000 fnGround=0 omega=-23.74 | ftGround=0N target=-46.5 limit=93Nm motorNm=-93 tyreNm=0 inertia=1.82 limRot=0/-7/7 omegaPre=-23.23 posN=-1/11/0 susp=0.0054 springN=-16
INFO 2026-07-27 15:27:23.768 joltshadow - docs §78: attdense (player) f=1576 joltTilt=20.59 odeTilt=16.38 upDelta=8.14 wBody=(0.47,-0.24,0.26) |w|=0.59 grounded=0
INFO 2026-07-27 15:27:23.812 joltshadow - docs §70.1: slipdense (player) f=1580 w=0 grounded=0 kappa=0.000 fnGround=0 omega=-26.48 | ftGround=0N target=46.5 limit=93Nm motorNm=93 tyreNm=0 inertia=1.78 limRot=0/73/0 omegaPre=-27.06 posN=7/-1/0 susp=0.0022 springN=-24
INFO 2026-07-27 15:27:23.812 joltshadow - docs §70.1: slipdense (player) f=1580 w=1 grounded=0 kappa=0.000 fnGround=0 omega=-22.50 | ftGround=0N target=46.5 limit=93Nm motorNm=93 tyreNm=0 inertia=1.78 limRot=0/-21/0 omegaPre=-23.07 posN=5/-2/0 susp=-0.0005 springN=1
INFO 2026-07-27 15:27:23.812 joltshadow - docs §70.1: slipdense (player) f=1580 w=2 grounded=0 kappa=0.000 fnGround=0 omega=-22.17 | ftGround=0N target=46.5 limit=93Nm motorNm=93 tyreNm=0 inertia=1.82 limRot=0/-5/4 omegaPre=-22.74 posN=-5/10/0 susp=0.0004 springN=-3
INFO 2026-07-27 15:27:23.812 joltshadow - docs §70.1: slipdense (player) f=1580 w=3 grounded=0 kappa=0.000 fnGround=0 omega=-22.67 | ftGround=0N target=46.5 limit=93Nm motorNm=93 tyreNm=0 inertia=1.82 limRot=0/-5/4 omegaPre=-23.23 posN=-7/9/0 susp=0.0028 springN=15
INFO 2026-07-27 15:27:23.812 joltshadow - docs §78: attdense (player) f=1580 joltTilt=21.44 odeTilt=16.36 upDelta=9.52 wBody=(0.46,-0.22,0.21) |w|=0.55 grounded=0
INFO 2026-07-27 15:27:23.825 joltshadow - docs §82: resync (player) #34 dt=0.50s upMax=9.892 deg posMax=1.245 m odeTiltPath=0.675 deg gain=14.6493
INFO 2026-07-27 15:27:23.825 joltshadow - docs §87: resync landing (player) w=0 pre=0.0959 post=0.0791 m R=0.629 dY=-0.9579 dRotDeg=11.32 |corr|=1.2447 m
INFO 2026-07-27 15:27:23.825 joltshadow - docs §87: resync landing (player) w=1 pre=0.3148 post=0.0339 m R=0.629 dY=-0.9579 dRotDeg=11.32 |corr|=1.2447 m
INFO 2026-07-27 15:27:23.825 joltshadow - docs §87: resync landing (player) w=2 pre=0.5755 post=-0.0032 m R=0.635 dY=-0.9579 dRotDeg=11.32 |corr|=1.2447 m
INFO 2026-07-27 15:27:23.825 joltshadow - docs §87: resync landing (player) w=3 pre=0.9968 post=0.0622 m R=0.635 dY=-0.9579 dRotDeg=11.32 |corr|=1.2447 m
INFO 2026-07-27 15:27:23.825 joltshadow - docs §82: resync RESIDUAL (player) #34 pos=0.0000 m up=0.0000 deg
INFO 2026-07-27 15:27:23.860 joltshadow - docs §70.1: slipdense (player) f=1584 w=0 grounded=1 kappa=-12.969 fnGround=1050 omega=-8.42 | ftGround=-1399N target=29.1 limit=149Nm motorNm=149 tyreNm=964 inertia=1.78 limRot=0/3298/0 omegaPre=-17.17 posN=-1161/2128/0 susp=-0.3688 springN=1402
INFO 2026-07-27 15:27:23.860 joltshadow - docs §70.1: slipdense (player) f=1584 w=1 grounded=1 kappa=0.085 fnGround=1109 omega=-2.33 | ftGround=164N target=29.1 limit=149Nm motorNm=149 tyreNm=-111 inertia=1.78 limRot=0/-112/0 omegaPre=-5.80 posN=351/-235/0 susp=-0.4975 springN=1984
INFO 2026-07-27 15:27:23.861 joltshadow - docs §70.1: slipdense (player) f=1584 w=2 grounded=1 kappa=0.127 fnGround=1016 omega=-2.45 | ftGround=230N target=29.1 limit=149Nm motorNm=149 tyreNm=-162 inertia=1.82 limRot=0/204/33 omegaPre=-4.96 posN=69/-480/0 susp=-0.5271 springN=2267
INFO 2026-07-27 15:27:23.861 joltshadow - docs §70.1: slipdense (player) f=1584 w=3 grounded=1 kappa=0.152 fnGround=1108 omega=-2.23 | ftGround=288N target=29.1 limit=149Nm motorNm=149 tyreNm=-194 inertia=1.82 limRot=0/241/-18 omegaPre=-3.94 posN=616/-367/0 susp=-0.4682 springN=1761
INFO 2026-07-27 15:27:23.861 joltshadow - docs §78: attdense (player) f=1584 joltTilt=16.11 odeTilt=16.33 upDelta=0.31 wBody=(0.05,-0.03,0.20) |w|=0.20 grounded=4
INFO 2026-07-27 15:27:23.910 joltshadow - docs §70.1: slipdense (player) f=1588 w=0 grounded=1 kappa=0.433 fnGround=0 omega=-0.85 | ftGround=0N target=29.1 limit=149Nm motorNm=149 tyreNm=0 inertia=1.78 limRot=0/801/-154 omegaPre=-1.84 posN=33/48/0 susp=-0.1791 springN=-213
INFO 2026-07-27 15:27:23.910 joltshadow - docs §70.1: slipdense (player) f=1588 w=1 grounded=1 kappa=0.116 fnGround=601 omega=-1.78 | ftGround=211N target=29.1 limit=149Nm motorNm=149 tyreNm=-140 inertia=1.78 limRot=0/25/0 omegaPre=-1.86 posN=-145/-184/0 susp=-0.2878 springN=384
INFO 2026-07-27 15:27:23.910 joltshadow - docs §70.1: slipdense (player) f=1588 w=2 grounded=1 kappa=0.104 fnGround=956 omega=-1.94 | ftGround=184N target=29.1 limit=149Nm motorNm=149 tyreNm=-135 inertia=1.82 limRot=0/-12/21 omegaPre=-2.09 posN=-179/-218/0 susp=-0.3591 springN=881
INFO 2026-07-27 15:27:23.910 joltshadow - docs §70.1: slipdense (player) f=1588 w=3 grounded=1 kappa=0.109 fnGround=571 omega=-1.77 | ftGround=200N target=29.1 limit=149Nm motorNm=149 tyreNm=-134 inertia=1.82 limRot=0/122/-11 omegaPre=-1.89 posN=259/-171/0 susp=-0.2638 springN=326
INFO 2026-07-27 15:27:23.910 joltshadow - docs §78: attdense (player) f=1588 joltTilt=16.50 odeTilt=16.28 upDelta=0.37 wBody=(-0.06,-0.02,0.15) |w|=0.16 grounded=4
INFO 2026-07-27 15:27:23.954 joltshadow - docs §70.1: slipdense (player) f=1592 w=0 grounded=0 kappa=0.000 fnGround=0 omega=2.92 | ftGround=0N target=29.1 limit=149Nm motorNm=149 tyreNm=0 inertia=1.78 limRot=0/793/-192 omegaPre=2.00 posN=17/2/0 susp=-0.0354 springN=-396
INFO 2026-07-27 15:27:23.954 joltshadow - docs §70.1: slipdense (player) f=1592 w=1 grounded=0 kappa=0.000 fnGround=0 omega=0.53 | ftGround=0N target=29.1 limit=149Nm motorNm=149 tyreNm=0 inertia=1.78 limRot=0/-82/0 omegaPre=-0.39 posN=20/11/0 susp=-0.1128 springN=-287
INFO 2026-07-27 15:27:23.954 joltshadow - docs §70.1: slipdense (player) f=1592 w=2 grounded=1 kappa=0.115 fnGround=351 omega=-1.82 | ftGround=199N target=29.1 limit=149Nm motorNm=149 tyreNm=-148 inertia=1.82 limRot=0/-171/18 omegaPre=-1.80 posN=-301/-251/0 susp=-0.1895 springN=171
INFO 2026-07-27 15:27:23.954 joltshadow - docs §70.1: slipdense (player) f=1592 w=3 grounded=0 kappa=0.000 fnGround=0 omega=0.76 | ftGround=0N target=29.1 limit=149Nm motorNm=149 tyreNm=0 inertia=1.82 limRot=0/-0/0 omegaPre=-0.14 posN=33/11/0 susp=-0.0980 springN=-346
INFO 2026-07-27 15:27:23.954 joltshadow - docs §78: attdense (player) f=1592 joltTilt=16.89 odeTilt=16.21 upDelta=0.80 wBody=(0.01,-0.03,0.16) |w|=0.17 grounded=1
INFO 2026-07-27 15:27:23.996 joltshadow - docs §70.1: slipdense (player) f=1596 w=0 grounded=0 kappa=0.000 fnGround=0 omega=6.52 | ftGround=0N target=29.1 limit=149Nm motorNm=149 tyreNm=0 inertia=1.78 limRot=0/739/-342 omegaPre=5.68 posN=-1/6/0 susp=0.0068 springN=-147
INFO 2026-07-27 15:27:23.996 joltshadow - docs §70.1: slipdense (player) f=1596 w=1 grounded=0 kappa=0.000 fnGround=0 omega=4.13 | ftGround=0N target=29.1 limit=149Nm motorNm=149 tyreNm=0 inertia=1.78 limRot=0/22/0 omegaPre=3.29 posN=1/5/0 susp=-0.0221 springN=-249
INFO 2026-07-27 15:27:23.996 joltshadow - docs §70.1: slipdense (player) f=1596 w=2 grounded=0 kappa=0.000 fnGround=0 omega=1.49 | ftGround=0N target=29.1 limit=149Nm motorNm=149 tyreNm=0 inertia=1.82 limRot=0/-0/-0 omegaPre=0.67 posN=3/5/0 susp=-0.0663 springN=-256
INFO 2026-07-27 15:27:23.996 joltshadow - docs §70.1: slipdense (player) f=1596 w=3 grounded=0 kappa=0.000 fnGround=0 omega=4.29 | ftGround=0N target=29.1 limit=149Nm motorNm=149 tyreNm=0 inertia=1.82 limRot=0/0/-0 omegaPre=3.47 posN=0/6/0 susp=-0.0148 springN=-240
INFO 2026-07-27 15:27:23.997 joltshadow - docs §78: attdense (player) f=1596 joltTilt=17.16 odeTilt=16.13 upDelta=1.20 wBody=(0.02,-0.03,0.11) |w|=0.12 grounded=0
INFO 2026-07-27 15:27:24.019 testharness - Scenario finished
INFO 2026-07-27 15:27:24.037 joltshadow - docs §70.1: slipdense (player) f=1600 w=0 grounded=0 kappa=0.000 fnGround=0 omega=0.02 | ftGround=0N target=0.0 limit=815Nm motorNm=-240 tyreNm=0 inertia=1.78 limRot=0/638/-506 omegaPre=3.16 posN=-2/4/0 susp=0.0071 springN=16
INFO 2026-07-27 15:27:24.038 joltshadow - docs §70.1: slipdense (player) f=1600 w=1 grounded=0 kappa=0.000 fnGround=0 omega=0.06 | ftGround=0N target=0.0 limit=815Nm motorNm=-1 tyreNm=0 inertia=1.78 limRot=0/-6/0 omegaPre=0.78 posN=-2/3/0 susp=0.0037 springN=-66
INFO 2026-07-27 15:27:24.038 joltshadow - docs §70.1: slipdense (player) f=1600 w=2 grounded=0 kappa=0.000 fnGround=0 omega=0.06 | ftGround=0N target=0.0 limit=823Nm motorNm=-1 tyreNm=0 inertia=1.82 limRot=0/-0/-0 omegaPre=0.06 posN=-2/3/0 susp=-0.0075 springN=-235
INFO 2026-07-27 15:27:24.038 joltshadow - docs §70.1: slipdense (player) f=1600 w=3 grounded=0 kappa=0.000 fnGround=0 omega=0.06 | ftGround=0N target=0.0 limit=823Nm motorNm=-1 tyreNm=0 inertia=1.82 limRot=0/-0/-0 omegaPre=0.95 posN=-3/3/0 susp=0.0062 springN=-90
INFO 2026-07-27 15:27:24.038 joltshadow - docs §78: attdense (player) f=1600 joltTilt=17.38 odeTilt=16.07 upDelta=1.55 wBody=(0.06,-0.03,0.07) |w|=0.10 grounded=0
INFO 2026-07-27 15:27:24.079 joltshadow - docs §70.1: slipdense (player) f=1604 w=0 grounded=0 kappa=0.000 fnGround=0 omega=-0.01 | ftGround=0N target=0.0 limit=815Nm motorNm=-1 tyreNm=0 inertia=1.78 limRot=0/639/-505 omegaPre=-0.01 posN=3/3/0 susp=0.0016 springN=28
INFO 2026-07-27 15:27:24.079 joltshadow - docs §70.1: slipdense (player) f=1604 w=1 grounded=0 kappa=0.000 fnGround=0 omega=0.04 | ftGround=0N target=0.0 limit=815Nm motorNm=-1 tyreNm=0 inertia=1.78 limRot=0/1/0 omegaPre=0.05 posN=3/3/0 susp=0.0026 springN=-12
INFO 2026-07-27 15:27:24.079 joltshadow - docs §70.1: slipdense (player) f=1604 w=2 grounded=0 kappa=0.000 fnGround=0 omega=0.04 | ftGround=0N target=0.0 limit=823Nm motorNm=-1 tyreNm=0 inertia=1.82 limRot=0/0/0 omegaPre=0.05 posN=4/3/0 susp=0.0098 springN=-84
INFO 2026-07-27 15:27:24.079 joltshadow - docs §70.1: slipdense (player) f=1604 w=3 grounded=0 kappa=0.000 fnGround=0 omega=0.04 | ftGround=0N target=0.0 limit=823Nm motorNm=-1 tyreNm=0 inertia=1.82 limRot=0/0/0 omegaPre=0.05 posN=3/3/0 susp=0.0026 springN=3
INFO 2026-07-27 15:27:24.079 joltshadow - docs §78: attdense (player) f=1604 joltTilt=17.49 odeTilt=16.01 upDelta=1.80 wBody=(0.04,-0.03,0.09) |w|=0.10 grounded=0
INFO 2026-07-27 15:27:24.121 joltshadow - docs §70.1: slipdense (player) f=1608 w=0 grounded=0 kappa=0.000 fnGround=0 omega=-0.03 | ftGround=0N target=0.0 limit=815Nm motorNm=-0 tyreNm=0 inertia=1.78 limRot=0/639/-505 omegaPre=-0.03 posN=1/1/0 susp=-0.0006 springN=12
INFO 2026-07-27 15:27:24.121 joltshadow - docs §70.1: slipdense (player) f=1608 w=1 grounded=0 kappa=0.000 fnGround=0 omega=0.04 | ftGround=0N target=0.0 limit=815Nm motorNm=-0 tyreNm=0 inertia=1.78 limRot=0/-1/0 omegaPre=0.04 posN=1/1/0 susp=-0.0004 springN=3
INFO 2026-07-27 15:27:24.121 joltshadow - docs §70.1: slipdense (player) f=1608 w=2 grounded=0 kappa=0.000 fnGround=0 omega=0.04 | ftGround=0N target=0.0 limit=823Nm motorNm=-0 tyreNm=0 inertia=1.82 limRot=0/0/0 omegaPre=0.04 posN=1/1/0 susp=0.0072 springN=-8
INFO 2026-07-27 15:27:24.121 joltshadow - docs §70.1: slipdense (player) f=1608 w=3 grounded=0 kappa=0.000 fnGround=0 omega=0.04 | ftGround=0N target=0.0 limit=823Nm motorNm=-0 tyreNm=0 inertia=1.82 limRot=0/0/0 omegaPre=0.04 posN=1/1/0 susp=-0.0026 springN=16
INFO 2026-07-27 15:27:24.121 joltshadow - docs §78: attdense (player) f=1608 joltTilt=17.62 odeTilt=15.96 upDelta=2.05 wBody=(0.04,-0.03,0.10) |w|=0.11 grounded=0
INFO 2026-07-27 15:27:24.165 joltshadow - docs §70.1: slipdense (player) f=1612 w=0 grounded=0 kappa=0.000 fnGround=0 omega=-0.03 | ftGround=0N target=0.0 limit=815Nm motorNm=0 tyreNm=0 inertia=1.78 limRot=0/639/-505 omegaPre=-0.03 posN=0/0/0 susp=-0.0015 springN=4
INFO 2026-07-27 15:27:24.165 joltshadow - docs §70.1: slipdense (player) f=1612 w=1 grounded=0 kappa=0.000 fnGround=0 omega=0.04 | ftGround=0N target=0.0 limit=815Nm motorNm=0 tyreNm=0 inertia=1.78 limRot=0/1/0 omegaPre=0.04 posN=0/0/0 susp=-0.0023 springN=5
INFO 2026-07-27 15:27:24.165 joltshadow - docs §70.1: slipdense (player) f=1612 w=2 grounded=0 kappa=0.000 fnGround=0 omega=0.04 | ftGround=0N target=0.0 limit=823Nm motorNm=0 tyreNm=0 inertia=1.82 limRot=0/-0/0 omegaPre=0.04 posN=0/0/0 susp=0.0020 springN=11
INFO 2026-07-27 15:27:24.165 joltshadow - docs §70.1: slipdense (player) f=1612 w=3 grounded=0 kappa=0.000 fnGround=0 omega=0.04 | ftGround=0N target=0.0 limit=823Nm motorNm=0 tyreNm=0 inertia=1.82 limRot=0/-0/0 omegaPre=0.04 posN=0/0/0 susp=-0.0053 springN=10
INFO 2026-07-27 15:27:24.165 joltshadow - docs §78: attdense (player) f=1612 joltTilt=17.74 odeTilt=15.91 upDelta=2.29 wBody=(0.04,-0.03,0.10) |w|=0.11 grounded=0
INFO 2026-07-27 15:27:24.210 joltshadow - docs §70.1: slipdense (player) f=1616 w=0 grounded=0 kappa=0.000 fnGround=0 omega=-0.02 | ftGround=0N target=0.0 limit=815Nm motorNm=0 tyreNm=0 inertia=1.78 limRot=0/640/-505 omegaPre=-0.02 posN=0/0/0 susp=-0.0011 springN=0
INFO 2026-07-27 15:27:24.210 joltshadow - docs §70.1: slipdense (player) f=1616 w=1 grounded=0 kappa=0.000 fnGround=0 omega=0.04 | ftGround=0N target=0.0 limit=815Nm motorNm=-0 tyreNm=0 inertia=1.78 limRot=0/-1/0 omegaPre=0.04 posN=-0/0/0 susp=-0.0026 springN=2
INFO 2026-07-27 15:27:24.210 joltshadow - docs §70.1: slipdense (player) f=1616 w=2 grounded=0 kappa=0.000 fnGround=0 omega=0.04 | ftGround=0N target=0.0 limit=823Nm motorNm=-0 tyreNm=0 inertia=1.82 limRot=0/-0/-0 omegaPre=0.04 posN=-0/1/0 susp=0.0002 springN=5
INFO 2026-07-27 15:27:24.210 joltshadow - docs §70.1: slipdense (player) f=1616 w=3 grounded=0 kappa=0.000 fnGround=0 omega=0.04 | ftGround=0N target=0.0 limit=823Nm motorNm=-0 tyreNm=0 inertia=1.82 limRot=0/-0/-0 omegaPre=0.04 posN=-0/0/0 susp=-0.0040 springN=-2
INFO 2026-07-27 15:27:24.210 joltshadow - docs §78: attdense (player) f=1616 joltTilt=17.91 odeTilt=15.87 upDelta=2.55 wBody=(0.04,-0.03,0.10) |w|=0.11 grounded=0
INFO 2026-07-27 15:27:24.252 joltshadow - docs §70.1: slipdense (player) f=1620 w=0 grounded=0 kappa=0.000 fnGround=0 omega=-0.02 | ftGround=0N target=0.0 limit=815Nm motorNm=0 tyreNm=0 inertia=1.78 limRot=0/640/-505 omegaPre=-0.02 posN=-0/1/0 susp=-0.0014 springN=-1
INFO 2026-07-27 15:27:24.252 joltshadow - docs §70.1: slipdense (player) f=1620 w=1 grounded=0 kappa=0.000 fnGround=0 omega=0.04 | ftGround=0N target=0.0 limit=815Nm motorNm=-0 tyreNm=0 inertia=1.78 limRot=0/1/0 omegaPre=0.04 posN=-1/1/0 susp=-0.0019 springN=-0
INFO 2026-07-27 15:27:24.252 joltshadow - docs §70.1: slipdense (player) f=1620 w=2 grounded=0 kappa=0.000 fnGround=0 omega=0.04 | ftGround=0N target=0.0 limit=823Nm motorNm=-0 tyreNm=0 inertia=1.82 limRot=0/-0/-0 omegaPre=0.04 posN=-1/1/0 susp=0.0001 springN=2
INFO 2026-07-27 15:27:24.252 joltshadow - docs §70.1: slipdense (player) f=1620 w=3 grounded=0 kappa=0.000 fnGround=0 omega=0.04 | ftGround=0N target=0.0 limit=823Nm motorNm=-0 tyreNm=0 inertia=1.82 limRot=0/-0/-0 omegaPre=0.04 posN=-1/1/0 susp=-0.0001 springN=-11
INFO 2026-07-27 15:27:24.252 joltshadow - docs §78: attdense (player) f=1620 joltTilt=18.09 odeTilt=15.86 upDelta=2.79 wBody=(0.04,-0.03,0.09) |w|=0.10 grounded=0
INFO 2026-07-27 15:27:24.252 joltshadow - Shadow divergence (player): pos=2.582m vel=1.833m/s angle=2.9deg (jolt com=[4656.6 262.5 1196.0] ode com=[4655.5 260.3 1195.1])
INFO 2026-07-27 15:27:24.252 joltshadow - docs §23.6: driver input (player) realThrottle=10.00 brake=0.01 handBrake=1 steerRad=0.000
INFO 2026-07-27 15:27:24.252 joltshadow - docs §32: Jolt SHADOW chassis pitch (player) forward=(-0.204, 0.059, -0.977)
INFO 2026-07-27 15:27:24.252 joltshadow - docs §69: tilt (player) jolt=18.1 deg ode=15.9 deg delta=+2.2 deg upDelta=2.79 deg
INFO 2026-07-27 15:27:24.253 joltshadow - docs §32.4: Jolt SHADOW chassis lowest corner (player) = (4658.23,260.56,1198.79) clearanceToGround=0.844
INFO 2026-07-27 15:27:24.253 joltshadow - docs §23.5: wheel state (player) wheel=0 contact=0 suspLen=1.050 (range 0.050-1.050, 0% compressed) angVel=0.00
INFO 2026-07-27 15:27:24.253 joltshadow - docs §38.11: wheel=0 NO contact, worldAxle=(0.928,-0.305,-0.212)
INFO 2026-07-27 15:27:24.253 joltshadow - docs §32: no-contact raycast (player) wheel=0 bodyPos=(4656.30,261.78,1195.61) localMPos=(-1.155,0.060,2.270) origin=(4656.93,261.62,1193.15) dir=(-0.310,-0.951,0.007) normalRayLen=1.679 groundFoundAt=0.000 shortfallBeyondTravel=-1.679 hitBody=8391044 hitLayer=4 hitMotion=2 hitIsSelfChassis=0
INFO 2026-07-27 15:27:24.253 joltshadow - docs §23.5: wheel state (player) wheel=1 contact=0 suspLen=1.050 (range 0.050-1.050, 0% compressed) angVel=0.00
INFO 2026-07-27 15:27:24.253 joltshadow - docs §38.11: wheel=1 NO contact, worldAxle=(0.928,-0.305,-0.212)
INFO 2026-07-27 15:27:24.253 joltshadow - docs §32: no-contact raycast (player) wheel=1 bodyPos=(4656.30,261.78,1195.61) localMPos=(1.155,0.059,2.270) origin=(4654.78,262.32,1193.64) dir=(-0.310,-0.951,0.007) normalRayLen=1.679 groundFoundAt=0.000 shortfallBeyondTravel=-1.679 hitBody=8391045 hitLayer=4 hitMotion=2 hitIsSelfChassis=0
INFO 2026-07-27 15:27:24.253 joltshadow - docs §23.5: wheel state (player) wheel=2 contact=0 suspLen=1.050 (range 0.050-1.050, 0% compressed) angVel=0.00
INFO 2026-07-27 15:27:24.253 joltshadow - docs §38.11: wheel=2 NO contact, worldAxle=(0.928,-0.305,-0.212)
INFO 2026-07-27 15:27:24.253 joltshadow - docs §32: no-contact raycast (player) wheel=2 bodyPos=(4656.30,261.78,1195.61) localMPos=(-1.253,0.145,-2.062) origin=(4657.93,261.42,1197.36) dir=(-0.310,-0.951,0.007) normalRayLen=1.685 groundFoundAt=0.004 shortfallBeyondTravel=-1.681 hitBody=8391046 hitLayer=4 hitMotion=2 hitIsSelfChassis=0
INFO 2026-07-27 15:27:24.253 joltshadow - docs §23.5: wheel state (player) wheel=3 contact=0 suspLen=1.050 (range 0.050-1.050, 0% compressed) angVel=0.00
INFO 2026-07-27 15:27:24.253 joltshadow - docs §38.11: wheel=3 NO contact, worldAxle=(0.928,-0.305,-0.212)
INFO 2026-07-27 15:27:24.253 joltshadow - docs §32: no-contact raycast (player) wheel=3 bodyPos=(4656.30,261.78,1195.61) localMPos=(1.253,0.146,-2.062) origin=(4655.60,262.18,1197.89) dir=(-0.310,-0.951,0.007) normalRayLen=1.685 groundFoundAt=0.005 shortfallBeyondTravel=-1.680 hitBody=8391047 hitLayer=4 hitMotion=2 hitIsSelfChassis=0
INFO 2026-07-27 15:27:24.253 joltshadow - docs §59/63: harvest (player) wheelsWithContact=0 contactPoints=0 overflow=0 (of 4) | maxNormalF=0N bound(k_t*tau)=0N ratio=0.00
INFO 2026-07-27 15:27:24.253 joltshadow - docs §58: wheel body (player) w=0 springF=-1N stopF=0N travel=-0.0014 (limits -0.5000..0.5000 rel spawn) kSusp=6000 sagPredicted=-0.0001 | frameTrav=-0.0014..-0.0013 frameStopN=0
INFO 2026-07-27 15:27:24.253 joltshadow - docs §66: tyre band (player) w=0 fnGround=0N fnTotal=0N pen=0.00000 penRaw=0.00000 tau=0.01000 pen/tau=0.00 | recs tyre=0 rim=0 survived=0 stale=0 distMax=0.00R
INFO 2026-07-27 15:27:24.253 joltshadow - docs §68: steer (player) w=0 steerable=1 commanded=0.000 rad measured=0.611 rad err=35.00 deg steerSign=-1 steerTq=815Nm cap=815Nm sat=1.00
INFO 2026-07-27 15:27:24.253 joltshadow - docs §70: slip (player) w=0 grounded=0 kappa=0.000 fnGround=0N omega=-0.02
INFO 2026-07-27 15:27:24.253 joltshadow - docs §67: spin (player) w=0 driven=1 omega=-0.02 rad/s surfaceSpeed=-0.01 m/s spinSign=+1 motorTq=0Nm cmdTq=815Nm
INFO 2026-07-27 15:27:24.254 joltshadow - docs §58: wheel body (player) w=1 springF=-0N stopF=0N travel=-0.0019 (limits -0.5000..0.5000 rel spawn) kSusp=6000 sagPredicted=-0.0000 | frameTrav=-0.0020..-0.0019 frameStopN=0
INFO 2026-07-27 15:27:24.254 joltshadow - docs §66: tyre band (player) w=1 fnGround=0N fnTotal=0N pen=0.00000 penRaw=0.00000 tau=0.01000 pen/tau=0.00 | recs tyre=0 rim=0 survived=0 stale=0 distMax=0.00R
INFO 2026-07-27 15:27:24.254 joltshadow - docs §68: steer (player) w=1 steerable=1 commanded=0.000 rad measured=0.000 rad err=0.00 deg steerSign=-1 steerTq=-1Nm cap=815Nm sat=0.00
INFO 2026-07-27 15:27:24.254 joltshadow - docs §70: slip (player) w=1 grounded=0 kappa=0.000 fnGround=0N omega=0.04
INFO 2026-07-27 15:27:24.254 joltshadow - docs §67: spin (player) w=1 driven=1 omega=0.04 rad/s surfaceSpeed=0.02 m/s spinSign=+1 motorTq=-0Nm cmdTq=815Nm
INFO 2026-07-27 15:27:24.254 joltshadow - docs §58: wheel body (player) w=2 springF=2N stopF=0N travel=0.0001 (limits -0.5000..0.5000 rel spawn) kSusp=6000 sagPredicted=0.0003 | frameTrav=0.0001..0.0001 frameStopN=0
INFO 2026-07-27 15:27:24.254 joltshadow - docs §66: tyre band (player) w=2 fnGround=0N fnTotal=0N pen=0.00000 penRaw=0.00000 tau=0.01000 pen/tau=0.00 | recs tyre=0 rim=0 survived=0 stale=0 distMax=0.00R
INFO 2026-07-27 15:27:24.254 joltshadow - docs §68: steer (player) w=2 steerable=0 commanded=0.000 rad measured=0.000 rad err=0.00 deg steerSign=-1 steerTq=0Nm cap=340282346638528859811704183484516925440Nm sat=0.00
INFO 2026-07-27 15:27:24.254 joltshadow - docs §70: slip (player) w=2 grounded=0 kappa=0.000 fnGround=0N omega=0.04
INFO 2026-07-27 15:27:24.254 joltshadow - docs §67: spin (player) w=2 driven=1 omega=0.04 rad/s surfaceSpeed=0.02 m/s spinSign=+1 motorTq=-0Nm cmdTq=823Nm
INFO 2026-07-27 15:27:24.254 joltshadow - docs §58: wheel body (player) w=3 springF=-11N stopF=0N travel=-0.0001 (limits -0.5000..0.5000 rel spawn) kSusp=6000 sagPredicted=-0.0019 | frameTrav=-0.0007..-0.0001 frameStopN=0
INFO 2026-07-27 15:27:24.254 joltshadow - docs §66: tyre band (player) w=3 fnGround=0N fnTotal=0N pen=0.00000 penRaw=0.00000 tau=0.01000 pen/tau=0.00 | recs tyre=0 rim=0 survived=0 stale=0 distMax=0.00R
INFO 2026-07-27 15:27:24.254 joltshadow - docs §68: steer (player) w=3 steerable=0 commanded=0.000 rad measured=0.000 rad err=0.00 deg steerSign=-1 steerTq=0Nm cap=340282346638528859811704183484516925440Nm sat=0.00
INFO 2026-07-27 15:27:24.254 joltshadow - docs §70: slip (player) w=3 grounded=0 kappa=0.000 fnGround=0N omega=0.04
INFO 2026-07-27 15:27:24.254 joltshadow - docs §67: spin (player) w=3 driven=1 omega=0.04 rad/s surfaceSpeed=0.02 m/s spinSign=+1 motorTq=-0Nm cmdTq=823Nm
INFO 2026-07-27 15:27:24.254 joltshadow - docs §67: drivetrain (player) gear=0 rpm=7 driveTorque=600Nm perWheel=150Nm driven=4 throttle=1.00 spin=1 | PRE-STEP brake=0.01 handBrake=1
INFO 2026-07-27 15:27:24.254 joltshadow - docs §66: tyre band SUM (player) fnGroundSum=0N fnTotalSum=0N weight=942N carried=0.00 | penSum=0.00000 recs tyre=0 rim=0 stale=0
INFO 2026-07-27 15:27:24.254 joltshadow - docs §30: REAL ODE chassis COM (player) body=54C8BDB0 = (4655.544, 260.283, 1195.114) forward=(-0.209, 0.081, -0.975)
INFO 2026-07-27 15:27:24.254 joltshadow - docs §33: real ODE chassis geom (player) #1 = class 0 (not a transform) pos=(4655.544,260.283,1195.114) radius=4.500
INFO 2026-07-27 15:27:24.254 joltshadow - docs §33: real ODE chassis geom (player) #2 = transform, inner class=1 pos=(0.000,1.095,-0.495)
INFO 2026-07-27 15:27:24.254 joltshadow - docs §33: real ODE chassis geom (player) #3 = transform, inner class=1 pos=(0.353,3.466,0.718)
INFO 2026-07-27 15:27:24.254 joltshadow - docs §33: real ODE chassis geom (player) #4 = transform, inner class=1 pos=(0.000,1.818,1.842)
INFO 2026-07-27 15:27:24.254 joltshadow - docs §33: real ODE chassis geom (player) #5 = transform, inner class=1 pos=(0.006,1.981,-2.113)
INFO 2026-07-27 15:27:24.254 joltshadow - docs §33: real ODE chassis geom (player) #6 = class 0 (not a transform) pos=(4655.544,260.283,1195.114) radius=30.000
INFO 2026-07-27 15:27:24.254 joltshadow - docs §33: real ODE chassis geom (player) #7 = class 0 (not a transform) pos=(4655.544,260.283,1195.114) radius=6.436
INFO 2026-07-27 15:27:24.254 joltshadow - docs §33: real ODE chassis geom (player) #8 = class 0 (not a transform) pos=(4655.544,260.283,1195.114) radius=200.000
INFO 2026-07-27 15:27:24.254 joltshadow - docs §33: real ODE chassis (player) has 8 total geom(s) directly attached (4 transform(s)) - compare against BuildChassisCompoundShape's own part/geom count in the build log
INFO 2026-07-27 15:27:24.255 joltshadow - docs §28: REAL ODE wheel state (player) wheel=0 displacement=-0.0082 range=1.000 (-1% compressed, signed) foreAft=2.270 localZ=2.270 cfm=0.002500 erp=0.2500
INFO 2026-07-27 15:27:24.255 joltshadow - docs §28: REAL ODE wheel state (player) wheel=1 displacement=0.0512 range=1.000 (5% compressed, signed) foreAft=2.270 localZ=2.270 cfm=0.002500 erp=0.2500
INFO 2026-07-27 15:27:24.255 joltshadow - docs §28: REAL ODE wheel state (player) wheel=2 displacement=0.0540 range=1.000 (5% compressed, signed) foreAft=-2.062 localZ=-2.062 cfm=0.002500 erp=0.2500
INFO 2026-07-27 15:27:24.255 joltshadow - docs §28: REAL ODE wheel state (player) wheel=3 displacement=-0.0022 range=1.000 (-0% compressed, signed) foreAft=-2.062 localZ=-2.062 cfm=0.002500 erp=0.2500
INFO 2026-07-27 15:27:24.296 joltshadow - docs §70.1: slipdense (player) f=1624 w=0 grounded=0 kappa=0.000 fnGround=0 omega=-0.02 | ftGround=0N target=0.0 limit=815Nm motorNm=0 tyreNm=0 inertia=1.78 limRot=0/640/-504 omegaPre=-0.02 posN=0/1/0 susp=-0.0017 springN=-0
INFO 2026-07-27 15:27:24.296 joltshadow - docs §70.1: slipdense (player) f=1624 w=1 grounded=0 kappa=0.000 fnGround=0 omega=0.04 | ftGround=0N target=0.0 limit=815Nm motorNm=-0 tyreNm=0 inertia=1.78 limRot=0/-1/0 omegaPre=0.04 posN=-0/1/0 susp=-0.0021 springN=1
INFO 2026-07-27 15:27:24.296 joltshadow - docs §70.1: slipdense (player) f=1624 w=2 grounded=0 kappa=0.000 fnGround=0 omega=0.04 | ftGround=0N target=0.0 limit=823Nm motorNm=-0 tyreNm=0 inertia=1.82 limRot=0/-0/-0 omegaPre=0.04 posN=-0/1/0 susp=-0.0005 springN=1
INFO 2026-07-27 15:27:24.296 joltshadow - docs §70.1: slipdense (player) f=1624 w=3 grounded=0 kappa=0.000 fnGround=0 omega=0.04 | ftGround=0N target=0.0 limit=823Nm motorNm=-0 tyreNm=0 inertia=1.82 limRot=0/-0/-0 omegaPre=0.04 posN=-0/1/0 susp=0.0010 springN=-5
INFO 2026-07-27 15:27:24.296 joltshadow - docs §78: attdense (player) f=1624 joltTilt=18.25 odeTilt=15.87 upDelta=2.98 wBody=(0.04,-0.03,0.09) |w|=0.10 grounded=0
INFO 2026-07-27 15:27:24.327 joltshadow - docs §82: resync (player) #35 dt=0.50s upMax=3.086 deg posMax=1.366 m odeTiltPath=0.513 deg gain=6.0195
INFO 2026-07-27 15:27:24.327 joltshadow - docs §87: resync landing (player) w=0 pre=0.5433 post=0.1028 m R=0.629 dY=-1.0085 dRotDeg=3.18 |corr|=1.3659 m
INFO 2026-07-27 15:27:24.327 joltshadow - docs §87: resync landing (player) w=1 pre=0.6695 post=0.0341 m R=0.629 dY=-1.0085 dRotDeg=3.18 |corr|=1.3659 m
INFO 2026-07-27 15:27:24.327 joltshadow - docs §87: resync landing (player) w=2 pre=0.3924 post=-0.0032 m R=0.635 dY=-1.0085 dRotDeg=3.18 |corr|=1.3659 m
INFO 2026-07-27 15:27:24.327 joltshadow - docs §87: resync landing (player) w=3 pre=0.7546 post=0.0440 m R=0.635 dY=-1.0085 dRotDeg=3.18 |corr|=1.3659 m
INFO 2026-07-27 15:27:24.327 joltshadow - docs §82: resync RESIDUAL (player) #35 pos=0.0000 m up=0.0000 deg
INFO 2026-07-27 15:27:24.336 joltshadow - docs §70.1: slipdense (player) f=1628 w=0 grounded=0 kappa=0.000 fnGround=0 omega=-0.07 | ftGround=0N target=0.0 limit=815Nm motorNm=-12 tyreNm=0 inertia=1.78 limRot=0/644/-504 omegaPre=-0.02 posN=19/9/0 susp=-0.4894 springN=1789
INFO 2026-07-27 15:27:24.336 joltshadow - docs §70.1: slipdense (player) f=1628 w=1 grounded=1 kappa=-0.095 fnGround=1098 omega=-0.05 | ftGround=-59N target=0.0 limit=815Nm motorNm=-43 tyreNm=37 inertia=1.78 limRot=0/-47/0 omegaPre=0.05 posN=189/88/0 susp=-0.5421 springN=2885
INFO 2026-07-27 15:27:24.336 joltshadow - docs §70.1: slipdense (player) f=1628 w=2 grounded=1 kappa=-0.024 fnGround=1028 omega=-0.05 | ftGround=-14N target=0.0 limit=823Nm motorNm=-17 tyreNm=11 inertia=1.82 limRot=0/30/0 omegaPre=0.05 posN=-414/-152/0 susp=-0.5848 springN=3275
INFO 2026-07-27 15:27:24.336 joltshadow - docs §70.1: slipdense (player) f=1628 w=3 grounded=1 kappa=-0.098 fnGround=1097 omega=-0.05 | ftGround=-60N target=0.0 limit=823Nm motorNm=-44 tyreNm=38 inertia=1.82 limRot=0/27/4 omegaPre=0.05 posN=342/91/0 susp=-0.5438 springN=2976
INFO 2026-07-27 15:27:24.336 joltshadow - docs §78: attdense (player) f=1628 joltTilt=15.86 odeTilt=15.89 upDelta=0.09 wBody=(-0.05,-0.02,0.05) |w|=0.07 grounded=3
INFO 2026-07-27 15:27:24.374 joltshadow - docs §70.1: slipdense (player) f=1632 w=0 grounded=1 kappa=-0.045 fnGround=927 omega=-0.15 | ftGround=-31N target=0.0 limit=2751Nm motorNm=-20 tyreNm=20 inertia=1.78 limRot=0/2170/-1684 omegaPre=-0.14 posN=-111/-18/0 susp=-0.2997 springN=752
INFO 2026-07-27 15:27:24.374 joltshadow - docs §70.1: slipdense (player) f=1632 w=1 grounded=1 kappa=-0.079 fnGround=1098 omega=-0.05 | ftGround=-54N target=0.0 limit=2763Nm motorNm=-35 tyreNm=35 inertia=1.78 limRot=0/-19/0 omegaPre=-0.04 posN=149/59/0 susp=-0.4436 springN=1417
INFO 2026-07-27 15:27:24.375 joltshadow - docs §70.1: slipdense (player) f=1632 w=2 grounded=1 kappa=-0.032 fnGround=1026 omega=-0.04 | ftGround=-21N target=0.0 limit=2609Nm motorNm=-13 tyreNm=13 inertia=1.82 limRot=0/26/-1 omegaPre=-0.04 posN=-236/-76/0 susp=-0.5001 springN=1938
INFO 2026-07-27 15:27:24.375 joltshadow - docs §70.1: slipdense (player) f=1632 w=3 grounded=1 kappa=-0.081 fnGround=1098 omega=-0.04 | ftGround=-56N target=0.0 limit=2789Nm motorNm=-36 tyreNm=37 inertia=1.82 limRot=0/46/3 omegaPre=-0.04 posN=217/60/0 susp=-0.4393 springN=1445
INFO 2026-07-27 15:27:24.375 joltshadow - docs §78: attdense (player) f=1632 joltTilt=15.84 odeTilt=15.90 upDelta=0.19 wBody=(-0.04,-0.01,0.19) |w|=0.20 grounded=4
INFO 2026-07-27 15:27:24.417 joltshadow - docs §70.1: slipdense (player) f=1636 w=0 grounded=0 kappa=0.000 fnGround=0 omega=-0.08 | ftGround=0N target=0.0 limit=815Nm motorNm=3 tyreNm=0 inertia=1.78 limRot=0/645/-500 omegaPre=-0.10 posN=7/-3/0 susp=-0.1360 springN=-320
INFO 2026-07-27 15:27:24.417 joltshadow - docs §70.1: slipdense (player) f=1636 w=1 grounded=1 kappa=0.082 fnGround=524 omega=0.04 | ftGround=62N target=0.0 limit=1858Nm motorNm=45 tyreNm=-41 inertia=1.78 limRot=0/21/0 omegaPre=0.01 posN=64/-59/0 susp=-0.2594 springN=316
INFO 2026-07-27 15:27:24.417 joltshadow - docs §70.1: slipdense (player) f=1636 w=2 grounded=1 kappa=0.152 fnGround=872 omega=0.04 | ftGround=106N target=0.0 limit=2581Nm motorNm=79 tyreNm=-75 inertia=1.82 limRot=0/-53/9 omegaPre=0.01 posN=-220/-174/0 susp=-0.3352 springN=744
INFO 2026-07-27 15:27:24.417 joltshadow - docs §70.1: slipdense (player) f=1636 w=3 grounded=1 kappa=0.083 fnGround=498 omega=0.04 | ftGround=63N target=0.0 limit=1873Nm motorNm=46 tyreNm=-42 inertia=1.82 limRot=0/71/-3 omegaPre=0.01 posN=178/-59/0 susp=-0.2556 springN=254
INFO 2026-07-27 15:27:24.417 joltshadow - docs §78: attdense (player) f=1636 joltTilt=16.32 odeTilt=15.90 upDelta=0.50 wBody=(0.04,-0.01,0.19) |w|=0.20 grounded=3
INFO 2026-07-27 15:27:24.459 joltshadow - docs §70.1: slipdense (player) f=1640 w=0 grounded=0 kappa=0.000 fnGround=0 omega=-0.00 | ftGround=0N target=0.0 limit=815Nm motorNm=6 tyreNm=0 inertia=1.78 limRot=0/642/-500 omegaPre=-0.02 posN=-19/-17/0 susp=-0.0215 springN=-342
INFO 2026-07-27 15:27:24.459 joltshadow - docs §70.1: slipdense (player) f=1640 w=1 grounded=0 kappa=0.000 fnGround=0 omega=0.13 | ftGround=0N target=0.0 limit=815Nm motorNm=3 tyreNm=0 inertia=1.78 limRot=0/-8/0 omegaPre=0.11 posN=-13/-20/0 susp=-0.1047 springN=-263
INFO 2026-07-27 15:27:24.459 joltshadow - docs §70.1: slipdense (player) f=1640 w=2 grounded=1 kappa=0.393 fnGround=0 omega=0.13 | ftGround=0N target=0.0 limit=1023Nm motorNm=3 tyreNm=0 inertia=1.82 limRot=0/-3/-0 omegaPre=0.11 posN=-14/-17/0 susp=-0.1741 springN=45
INFO 2026-07-27 15:27:24.460 joltshadow - docs §70.1: slipdense (player) f=1640 w=3 grounded=0 kappa=0.000 fnGround=0 omega=0.13 | ftGround=0N target=0.0 limit=823Nm motorNm=3 tyreNm=0 inertia=1.82 limRot=0/-3/-0 omegaPre=0.11 posN=-18/-20/0 susp=-0.0933 springN=-368
INFO 2026-07-27 15:27:24.460 joltshadow - docs §78: attdense (player) f=1640 joltTilt=16.74 odeTilt=15.90 upDelta=1.04 wBody=(0.13,-0.02,0.18) |w|=0.22 grounded=1
INFO 2026-07-27 15:27:24.501 joltshadow - docs §70.1: slipdense (player) f=1644 w=0 grounded=0 kappa=0.000 fnGround=0 omega=0.06 | ftGround=0N target=0.0 limit=815Nm motorNm=0 tyreNm=0 inertia=1.78 limRot=0/643/-500 omegaPre=0.05 posN=-4/1/0 susp=0.0092 springN=-99
INFO 2026-07-27 15:27:24.501 joltshadow - docs §70.1: slipdense (player) f=1644 w=1 grounded=0 kappa=0.000 fnGround=0 omega=0.15 | ftGround=0N target=0.0 limit=815Nm motorNm=-0 tyreNm=0 inertia=1.78 limRot=0/1/0 omegaPre=0.15 posN=-2/-2/0 susp=-0.0227 springN=-212
INFO 2026-07-27 15:27:24.502 joltshadow - docs §70.1: slipdense (player) f=1644 w=2 grounded=0 kappa=0.000 fnGround=0 omega=0.15 | ftGround=0N target=0.0 limit=823Nm motorNm=-0 tyreNm=0 inertia=1.82 limRot=0/-1/-0 omegaPre=0.15 posN=-1/-3/0 susp=-0.0542 springN=-288
INFO 2026-07-27 15:27:24.502 joltshadow - docs §70.1: slipdense (player) f=1644 w=3 grounded=0 kappa=0.000 fnGround=0 omega=0.15 | ftGround=0N target=0.0 limit=823Nm motorNm=-0 tyreNm=0 inertia=1.82 limRot=0/-1/-0 omegaPre=0.15 posN=-3/-0/0 susp=-0.0116 springN=-244
INFO 2026-07-27 15:27:24.502 joltshadow - docs §78: attdense (player) f=1644 joltTilt=16.98 odeTilt=15.90 upDelta=1.48 wBody=(0.15,-0.02,0.12) |w|=0.19 grounded=0
INFO 2026-07-27 15:27:24.546 joltshadow - docs §70.1: slipdense (player) f=1648 w=0 grounded=0 kappa=0.000 fnGround=0 omega=0.04 | ftGround=0N target=0.0 limit=815Nm motorNm=-1 tyreNm=0 inertia=1.78 limRot=0/644/-499 omegaPre=0.05 posN=2/3/0 susp=0.0065 springN=15
INFO 2026-07-27 15:27:24.546 joltshadow - docs §70.1: slipdense (player) f=1648 w=1 grounded=0 kappa=0.000 fnGround=0 omega=0.13 | ftGround=0N target=0.0 limit=815Nm motorNm=-1 tyreNm=0 inertia=1.78 limRot=0/-0/0 omegaPre=0.14 posN=2/3/0 susp=0.0016 springN=-86
INFO 2026-07-27 15:27:24.546 joltshadow - docs §70.1: slipdense (player) f=1648 w=2 grounded=0 kappa=0.000 fnGround=0 omega=0.13 | ftGround=0N target=0.0 limit=823Nm motorNm=-1 tyreNm=0 inertia=1.82 limRot=0/0/0 omegaPre=0.14 posN=3/2/0 susp=-0.0005 springN=-176
INFO 2026-07-27 15:27:24.546 joltshadow - docs §70.1: slipdense (player) f=1648 w=3 grounded=0 kappa=0.000 fnGround=0 omega=0.13 | ftGround=0N target=0.0 limit=823Nm motorNm=-1 tyreNm=0 inertia=1.82 limRot=0/0/0 omegaPre=0.14 posN=1/4/0 susp=0.0051 springN=-58
INFO 2026-07-27 15:27:24.546 joltshadow - docs §78: attdense (player) f=1648 joltTilt=17.15 odeTilt=15.91 upDelta=1.87 wBody=(0.13,-0.02,0.11) |w|=0.18 grounded=0
INFO 2026-07-27 15:27:24.591 joltshadow - docs §70.1: slipdense (player) f=1652 w=0 grounded=0 kappa=0.000 fnGround=0 omega=0.03 | ftGround=0N target=0.0 limit=815Nm motorNm=-0 tyreNm=0 inertia=1.78 limRot=0/644/-499 omegaPre=0.03 posN=1/1/0 susp=0.0018 springN=24
INFO 2026-07-27 15:27:24.591 joltshadow - docs §70.1: slipdense (player) f=1652 w=1 grounded=0 kappa=0.000 fnGround=0 omega=0.12 | ftGround=0N target=0.0 limit=815Nm motorNm=-0 tyreNm=0 inertia=1.78 limRot=0/-0/0 omegaPre=0.12 posN=1/1/0 susp=0.0042 springN=-22
INFO 2026-07-27 15:27:24.591 joltshadow - docs §70.1: slipdense (player) f=1652 w=2 grounded=0 kappa=0.000 fnGround=0 omega=0.12 | ftGround=0N target=0.0 limit=823Nm motorNm=-0 tyreNm=0 inertia=1.82 limRot=0/0/0 omegaPre=0.12 posN=1/1/0 susp=0.0090 springN=-50
INFO 2026-07-27 15:27:24.591 joltshadow - docs §70.1: slipdense (player) f=1652 w=3 grounded=0 kappa=0.000 fnGround=0 omega=0.12 | ftGround=0N target=0.0 limit=823Nm motorNm=-0 tyreNm=0 inertia=1.82 limRot=0/0/0 omegaPre=0.12 posN=1/2/0 susp=0.0022 springN=5
INFO 2026-07-27 15:27:24.591 joltshadow - docs §78: attdense (player) f=1652 joltTilt=17.37 odeTilt=15.93 upDelta=2.27 wBody=(0.12,-0.02,0.12) |w|=0.17 grounded=0
INFO 2026-07-27 15:27:24.631 joltshadow - docs §70.1: slipdense (player) f=1656 w=0 grounded=0 kappa=0.000 fnGround=0 omega=0.03 | ftGround=0N target=0.0 limit=815Nm motorNm=0 tyreNm=0 inertia=1.78 limRot=0/644/-500 omegaPre=0.03 posN=-0/-0/0 susp=0.0000 springN=11
INFO 2026-07-27 15:27:24.632 joltshadow - docs §70.1: slipdense (player) f=1656 w=1 grounded=0 kappa=0.000 fnGround=0 omega=0.12 | ftGround=0N target=0.0 limit=815Nm motorNm=-0 tyreNm=0 inertia=1.78 limRot=0/1/0 omegaPre=0.12 posN=-1/0/0 susp=0.0033 springN=-3
INFO 2026-07-27 15:27:24.632 joltshadow - docs §70.1: slipdense (player) f=1656 w=2 grounded=0 kappa=0.000 fnGround=0 omega=0.12 | ftGround=0N target=0.0 limit=823Nm motorNm=-0 tyreNm=0 inertia=1.82 limRot=0/-0/-0 omegaPre=0.12 posN=-1/1/0 susp=0.0051 springN=1
INFO 2026-07-27 15:27:24.632 joltshadow - docs §70.1: slipdense (player) f=1656 w=3 grounded=0 kappa=0.000 fnGround=0 omega=0.12 | ftGround=0N target=0.0 limit=823Nm motorNm=-0 tyreNm=0 inertia=1.82 limRot=0/-0/-0 omegaPre=0.12 posN=-1/1/0 susp=0.0024 springN=2
INFO 2026-07-27 15:27:24.632 joltshadow - docs §78: attdense (player) f=1656 joltTilt=17.65 odeTilt=15.95 upDelta=2.67 wBody=(0.12,-0.02,0.12) |w|=0.17 grounded=0
INFO 2026-07-27 15:27:24.674 joltshadow - docs §70.1: slipdense (player) f=1660 w=0 grounded=0 kappa=0.000 fnGround=0 omega=0.03 | ftGround=0N target=0.0 limit=815Nm motorNm=0 tyreNm=0 inertia=1.78 limRot=0/644/-500 omegaPre=0.03 posN=0/-0/0 susp=0.0006 springN=0
INFO 2026-07-27 15:27:24.674 joltshadow - docs §70.1: slipdense (player) f=1660 w=1 grounded=0 kappa=0.000 fnGround=0 omega=0.12 | ftGround=0N target=0.0 limit=815Nm motorNm=0 tyreNm=0 inertia=1.78 limRot=0/-1/0 omegaPre=0.12 posN=-0/-0/0 susp=0.0011 springN=4
INFO 2026-07-27 15:27:24.674 joltshadow - docs §70.1: slipdense (player) f=1660 w=2 grounded=0 kappa=0.000 fnGround=0 omega=0.12 | ftGround=0N target=0.0 limit=823Nm motorNm=0 tyreNm=0 inertia=1.82 limRot=0/-0/-0 omegaPre=0.12 posN=-1/0/0 susp=0.0010 springN=10
INFO 2026-07-27 15:27:24.674 joltshadow - docs §70.1: slipdense (player) f=1660 w=3 grounded=0 kappa=0.000 fnGround=0 omega=0.12 | ftGround=0N target=0.0 limit=823Nm motorNm=0 tyreNm=0 inertia=1.82 limRot=0/-0/-0 omegaPre=0.12 posN=-1/0/0 susp=0.0027 springN=-1
INFO 2026-07-27 15:27:24.674 joltshadow - docs §78: attdense (player) f=1660 joltTilt=17.92 odeTilt=15.95 upDelta=3.09 wBody=(0.12,-0.02,0.12) |w|=0.17 grounded=0
INFO 2026-07-27 15:27:24.716 joltshadow - docs §70.1: slipdense (player) f=1664 w=0 grounded=0 kappa=0.000 fnGround=0 omega=0.03 | ftGround=0N target=0.0 limit=815Nm motorNm=0 tyreNm=0 inertia=1.78 limRot=0/643/-500 omegaPre=0.03 posN=0/-0/0 susp=0.0001 springN=0
INFO 2026-07-27 15:27:24.716 joltshadow - docs §70.1: slipdense (player) f=1664 w=1 grounded=0 kappa=0.000 fnGround=0 omega=0.12 | ftGround=0N target=0.0 limit=815Nm motorNm=0 tyreNm=0 inertia=1.78 limRot=0/0/0 omegaPre=0.12 posN=-0/-0/0 susp=0.0020 springN=-1
INFO 2026-07-27 15:27:24.716 joltshadow - docs §70.1: slipdense (player) f=1664 w=2 grounded=0 kappa=0.000 fnGround=0 omega=0.12 | ftGround=0N target=0.0 limit=823Nm motorNm=0 tyreNm=0 inertia=1.82 limRot=0/-0/0 omegaPre=0.12 posN=-0/0/0 susp=0.0002 springN=3
INFO 2026-07-27 15:27:24.716 joltshadow - docs §70.1: slipdense (player) f=1664 w=3 grounded=0 kappa=0.000 fnGround=0 omega=0.12 | ftGround=0N target=0.0 limit=823Nm motorNm=0 tyreNm=0 inertia=1.82 limRot=0/-0/0 omegaPre=0.12 posN=-1/1/0 susp=0.0031 springN=-2
INFO 2026-07-27 15:27:24.716 joltshadow - docs §78: attdense (player) f=1664 joltTilt=18.22 odeTilt=15.94 upDelta=3.54 wBody=(0.12,-0.02,0.11) |w|=0.17 grounded=0
INFO 2026-07-27 15:27:24.756 joltshadow - docs §70.1: slipdense (player) f=1668 w=0 grounded=0 kappa=0.000 fnGround=0 omega=0.03 | ftGround=0N target=0.0 limit=815Nm motorNm=-0 tyreNm=0 inertia=1.78 limRot=0/643/-1000 omegaPre=0.03 posN=15/7/0 susp=-0.0003 springN=1
INFO 2026-07-27 15:27:24.756 joltshadow - docs §70.1: slipdense (player) f=1668 w=1 grounded=0 kappa=0.000 fnGround=0 omega=0.12 | ftGround=0N target=0.0 limit=815Nm motorNm=0 tyreNm=0 inertia=1.78 limRot=0/-1/0 omegaPre=0.12 posN=15/-7/0 susp=0.0036 springN=-5
INFO 2026-07-27 15:27:24.756 joltshadow - docs §70.1: slipdense (player) f=1668 w=2 grounded=0 kappa=0.000 fnGround=0 omega=0.12 | ftGround=0N target=0.0 limit=823Nm motorNm=0 tyreNm=0 inertia=1.82 limRot=0/-0/-1 omegaPre=0.12 posN=-13/8/0 susp=0.0003 springN=1
INFO 2026-07-27 15:27:24.756 joltshadow - docs §70.1: slipdense (player) f=1668 w=3 grounded=0 kappa=0.000 fnGround=0 omega=0.12 | ftGround=0N target=0.0 limit=823Nm motorNm=0 tyreNm=0 inertia=1.82 limRot=0/-0/-1 omegaPre=0.12 posN=-13/-7/0 susp=0.0038 springN=-3
INFO 2026-07-27 15:27:24.756 joltshadow - docs §78: attdense (player) f=1668 joltTilt=18.51 odeTilt=15.93 upDelta=3.98 wBody=(0.12,-0.02,0.11) |w|=0.16 grounded=0
INFO 2026-07-27 15:27:24.801 joltshadow - docs §70.1: slipdense (player) f=1672 w=0 grounded=0 kappa=0.000 fnGround=0 omega=0.03 | ftGround=0N target=0.0 limit=815Nm motorNm=-0 tyreNm=0 inertia=1.78 limRot=0/643/-500 omegaPre=0.03 posN=1/-0/0 susp=-0.0012 springN=2
INFO 2026-07-27 15:27:24.801 joltshadow - docs §70.1: slipdense (player) f=1672 w=1 grounded=0 kappa=0.000 fnGround=0 omega=0.12 | ftGround=0N target=0.0 limit=815Nm motorNm=-0 tyreNm=0 inertia=1.78 limRot=0/-0/0 omegaPre=0.12 posN=1/0/0 susp=0.0018 springN=4
INFO 2026-07-27 15:27:24.801 joltshadow - docs §70.1: slipdense (player) f=1672 w=2 grounded=0 kappa=0.000 fnGround=0 omega=0.12 | ftGround=0N target=0.0 limit=823Nm motorNm=-0 tyreNm=0 inertia=1.82 limRot=0/0/0 omegaPre=0.12 posN=1/0/0 susp=0.0007 springN=-2
INFO 2026-07-27 15:27:24.801 joltshadow - docs §70.1: slipdense (player) f=1672 w=3 grounded=0 kappa=0.000 fnGround=0 omega=0.12 | ftGround=0N target=0.0 limit=823Nm motorNm=-0 tyreNm=0 inertia=1.82 limRot=0/0/0 omegaPre=0.12 posN=1/1/0 susp=0.0016 springN=6
INFO 2026-07-27 15:27:24.801 joltshadow - docs §78: attdense (player) f=1672 joltTilt=18.79 odeTilt=15.90 upDelta=4.44 wBody=(0.12,-0.02,0.11) |w|=0.16 grounded=0
INFO 2026-07-27 15:27:24.835 joltshadow - docs §82: resync (player) #36 dt=0.51s upMax=4.782 deg posMax=1.183 m odeTiltPath=0.147 deg gain=32.5137
INFO 2026-07-27 15:27:24.835 joltshadow - docs §87: resync landing (player) w=0 pre=0.4393 post=0.0926 m R=0.629 dY=-1.0133 dRotDeg=4.80 |corr|=1.1827 m
INFO 2026-07-27 15:27:24.835 joltshadow - docs §87: resync landing (player) w=1 pre=0.5694 post=0.0339 m R=0.629 dY=-1.0133 dRotDeg=4.80 |corr|=1.1827 m
INFO 2026-07-27 15:27:24.835 joltshadow - docs §87: resync landing (player) w=2 pre=0.4276 post=-0.0032 m R=0.635 dY=-1.0133 dRotDeg=4.80 |corr|=1.1827 m
INFO 2026-07-27 15:27:24.835 joltshadow - docs §87: resync landing (player) w=3 pre=0.8102 post=0.0434 m R=0.635 dY=-1.0133 dRotDeg=4.80 |corr|=1.1827 m
INFO 2026-07-27 15:27:24.835 joltshadow - docs §82: resync RESIDUAL (player) #36 pos=0.0000 m up=0.0198 deg
INFO 2026-07-27 15:27:24.846 joltshadow - docs §70.1: slipdense (player) f=1676 w=0 grounded=0 kappa=0.000 fnGround=0 omega=-0.08 | ftGround=0N target=0.0 limit=815Nm motorNm=-12 tyreNm=0 inertia=1.78 limRot=0/649/-499 omegaPre=0.03 posN=29/-3/0 susp=-0.4798 springN=1648
INFO 2026-07-27 15:27:24.846 joltshadow - docs §70.1: slipdense (player) f=1676 w=1 grounded=1 kappa=-0.127 fnGround=1098 omega=-0.06 | ftGround=-95N target=0.0 limit=815Nm motorNm=-64 tyreNm=60 inertia=1.78 limRot=0/-55/0 omegaPre=0.11 posN=174/120/0 susp=-0.5383 springN=2803
INFO 2026-07-27 15:27:24.846 joltshadow - docs §70.1: slipdense (player) f=1676 w=2 grounded=1 kappa=-0.055 fnGround=1027 omega=-0.06 | ftGround=-39N target=0.0 limit=823Nm motorNm=-30 tyreNm=26 inertia=1.82 limRot=0/21/-3 omegaPre=0.11 posN=-409/-122/0 susp=-0.5772 springN=3176
INFO 2026-07-27 15:27:24.846 joltshadow - docs §70.1: slipdense (player) f=1676 w=3 grounded=1 kappa=-0.131 fnGround=1097 omega=-0.06 | ftGround=-98N target=0.0 limit=823Nm motorNm=-67 tyreNm=62 inertia=1.82 limRot=0/20/6 omegaPre=0.11 posN=325/124/0 susp=-0.5354 springN=2879
INFO 2026-07-27 15:27:24.846 joltshadow - docs §78: attdense (player) f=1676 joltTilt=15.83 odeTilt=15.88 upDelta=0.12 wBody=(-0.06,-0.01,0.05) |w|=0.08 grounded=3
INFO 2026-07-27 15:27:24.886 joltshadow - docs §70.1: slipdense (player) f=1680 w=0 grounded=1 kappa=-0.043 fnGround=824 omega=-0.15 | ftGround=-27N target=0.0 limit=2718Nm motorNm=-16 tyreNm=17 inertia=1.78 limRot=0/2141/-1648 omegaPre=-0.15 posN=-117/-6/0 susp=-0.2928 springN=667
INFO 2026-07-27 15:27:24.886 joltshadow - docs §70.1: slipdense (player) f=1680 w=1 grounded=1 kappa=-0.081 fnGround=1098 omega=-0.06 | ftGround=-50N target=0.0 limit=2762Nm motorNm=-31 tyreNm=33 inertia=1.78 limRot=0/-17/0 omegaPre=-0.07 posN=143/53/0 susp=-0.4308 springN=1291
INFO 2026-07-27 15:27:24.886 joltshadow - docs §70.1: slipdense (player) f=1680 w=2 grounded=1 kappa=-0.039 fnGround=1027 omega=-0.06 | ftGround=-23N target=0.0 limit=2611Nm motorNm=-14 tyreNm=15 inertia=1.82 limRot=0/21/-1 omegaPre=-0.07 posN=-234/-71/0 susp=-0.4915 springN=1856
INFO 2026-07-27 15:27:24.886 joltshadow - docs §70.1: slipdense (player) f=1680 w=3 grounded=1 kappa=-0.081 fnGround=1098 omega=-0.06 | ftGround=-50N target=0.0 limit=2787Nm motorNm=-32 tyreNm=33 inertia=1.82 limRot=0/37/3 omegaPre=-0.07 posN=196/53/0 susp=-0.4256 springN=1338
INFO 2026-07-27 15:27:24.886 joltshadow - docs §78: attdense (player) f=1680 joltTilt=15.83 odeTilt=15.86 upDelta=0.17 wBody=(-0.06,-0.01,0.18) |w|=0.19 grounded=4
INFO 2026-07-27 15:27:24.886 joltshadow - Shadow divergence (player): pos=1.473m vel=3.922m/s angle=0.2deg (jolt com=[4656.0 261.6 1195.5] ode com=[4655.6 260.3 1195.1])
INFO 2026-07-27 15:27:24.886 joltshadow - docs §23.6: driver input (player) realThrottle=10.00 brake=0.01 handBrake=1 steerRad=0.000
INFO 2026-07-27 15:27:24.886 joltshadow - docs §32: Jolt SHADOW chassis pitch (player) forward=(-0.207, 0.075, -0.976)
INFO 2026-07-27 15:27:24.886 joltshadow - docs §69: tilt (player) jolt=15.8 deg ode=15.9 deg delta=-0.0 deg upDelta=0.17 deg
INFO 2026-07-27 15:27:24.886 joltshadow - docs §32.4: Jolt SHADOW chassis lowest corner (player) = (4657.73,259.70,1198.27) clearanceToGround=-1.000 (no ground found within 20m straight down)
INFO 2026-07-27 15:27:24.886 joltshadow - docs §23.5: wheel state (player) wheel=0 contact=0 suspLen=1.050 (range 0.050-1.050, 0% compressed) angVel=0.00
INFO 2026-07-27 15:27:24.887 joltshadow - docs §38.11: wheel=0 NO contact, worldAxle=(0.940,-0.262,-0.219)
INFO 2026-07-27 15:27:24.887 joltshadow - docs §32: no-contact raycast (player) wheel=0 bodyPos=(4655.75,260.92,1195.13) localMPos=(-1.155,0.060,2.270) origin=(4656.38,260.84,1192.66) dir=(-0.272,-0.962,-0.016) normalRayLen=1.679 groundFoundAt=0.000 shortfallBeyondTravel=-1.679 hitBody=8391044 hitLayer=4 hitMotion=2 hitIsSelfChassis=0
INFO 2026-07-27 15:27:24.887 joltshadow - docs §23.5: wheel state (player) wheel=1 contact=0 suspLen=1.050 (range 0.050-1.050, 0% compressed) angVel=0.00
INFO 2026-07-27 15:27:24.887 joltshadow - docs §38.11: wheel=1 NO contact, worldAxle=(0.940,-0.262,-0.219)
INFO 2026-07-27 15:27:24.887 joltshadow - docs §32: no-contact raycast (player) wheel=1 bodyPos=(4655.75,260.92,1195.13) localMPos=(1.155,0.059,2.270) origin=(4654.21,261.45,1193.17) dir=(-0.272,-0.962,-0.016) normalRayLen=1.679 groundFoundAt=0.000 shortfallBeyondTravel=-1.679 hitBody=8391045 hitLayer=4 hitMotion=2 hitIsSelfChassis=0
INFO 2026-07-27 15:27:24.887 joltshadow - docs §23.5: wheel state (player) wheel=2 contact=0 suspLen=1.050 (range 0.050-1.050, 0% compressed) angVel=0.00
INFO 2026-07-27 15:27:24.887 joltshadow - docs §38.11: wheel=2 NO contact, worldAxle=(0.940,-0.262,-0.219)
INFO 2026-07-27 15:27:24.887 joltshadow - docs §32: no-contact raycast (player) wheel=2 bodyPos=(4655.75,260.92,1195.13) localMPos=(-1.253,0.145,-2.062) origin=(4657.39,260.58,1196.87) dir=(-0.272,-0.962,-0.016) normalRayLen=1.685 groundFoundAt=0.000 shortfallBeyondTravel=-1.685 hitBody=8391046 hitLayer=4 hitMotion=2 hitIsSelfChassis=0
INFO 2026-07-27 15:27:24.887 joltshadow - docs §23.5: wheel state (player) wheel=3 contact=0 suspLen=1.050 (range 0.050-1.050, 0% compressed) angVel=0.00
INFO 2026-07-27 15:27:24.887 joltshadow - docs §38.11: wheel=3 NO contact, worldAxle=(0.940,-0.262,-0.219)
INFO 2026-07-27 15:27:24.887 joltshadow - docs §32: no-contact raycast (player) wheel=3 bodyPos=(4655.75,260.92,1195.13) localMPos=(1.253,0.146,-2.062) origin=(4655.04,261.23,1197.42) dir=(-0.272,-0.962,-0.016) normalRayLen=1.685 groundFoundAt=0.000 shortfallBeyondTravel=-1.685 hitBody=8391047 hitLayer=4 hitMotion=2 hitIsSelfChassis=0
INFO 2026-07-27 15:27:24.887 joltshadow - docs §59/63: harvest (player) wheelsWithContact=4 contactPoints=8 overflow=0 (of 4) | maxNormalF=1098N bound(k_t*tau)=1200N ratio=0.91
INFO 2026-07-27 15:27:24.887 joltshadow - docs §58: wheel body (player) w=0 springF=667N stopF=0N travel=-0.2928 (limits -0.5000..0.5000 rel spawn) kSusp=6000 sagPredicted=0.1112 | frameTrav=-0.3167..-0.2928 frameStopN=0
INFO 2026-07-27 15:27:24.887 joltshadow - docs §66: tyre band (player) w=0 fnGround=824N fnTotal=905N pen=0.00925 penRaw=0.00925 tau=0.01000 pen/tau=0.93 | recs tyre=1 rim=1 survived=1 stale=0 distMax=0.99R
INFO 2026-07-27 15:27:24.887 joltshadow - docs §68: steer (player) w=0 steerable=1 commanded=0.000 rad measured=0.611 rad err=35.01 deg steerSign=-1 steerTq=2718Nm cap=2718Nm sat=1.00
INFO 2026-07-27 15:27:24.887 joltshadow - docs §70: slip (player) w=0 grounded=1 kappa=-0.043 fnGround=824N omega=-0.15
INFO 2026-07-27 15:27:24.887 joltshadow - docs §67: spin (player) w=0 driven=1 omega=-0.15 rad/s surfaceSpeed=-0.10 m/s spinSign=+1 motorTq=-16Nm cmdTq=2718Nm
INFO 2026-07-27 15:27:24.887 joltshadow - docs §58: wheel body (player) w=1 springF=1291N stopF=0N travel=-0.4308 (limits -0.5000..0.5000 rel spawn) kSusp=6000 sagPredicted=0.2152 | frameTrav=-0.4590..-0.4308 frameStopN=0
INFO 2026-07-27 15:27:24.887 joltshadow - docs §66: tyre band (player) w=1 fnGround=1098N fnTotal=1200N pen=0.01000 penRaw=0.03049 tau=0.01000 pen/tau=1.00 | recs tyre=1 rim=1 survived=1 stale=0 distMax=0.95R
INFO 2026-07-27 15:27:24.887 joltshadow - docs §68: steer (player) w=1 steerable=1 commanded=0.000 rad measured=0.002 rad err=0.11 deg steerSign=-1 steerTq=21Nm cap=2762Nm sat=0.01
INFO 2026-07-27 15:27:24.887 joltshadow - docs §70: slip (player) w=1 grounded=1 kappa=-0.081 fnGround=1098N omega=-0.06
INFO 2026-07-27 15:27:24.887 joltshadow - docs §67: spin (player) w=1 driven=1 omega=-0.06 rad/s surfaceSpeed=-0.04 m/s spinSign=+1 motorTq=-31Nm cmdTq=2762Nm
INFO 2026-07-27 15:27:24.887 joltshadow - docs §58: wheel body (player) w=2 springF=1856N stopF=0N travel=-0.4915 (limits -0.5000..0.5000 rel spawn) kSusp=6000 sagPredicted=0.3093 | frameTrav=-0.5081..-0.4915 frameStopN=0
INFO 2026-07-27 15:27:24.888 joltshadow - docs §66: tyre band (player) w=2 fnGround=1027N fnTotal=1200N pen=0.01000 penRaw=0.03748 tau=0.01000 pen/tau=1.00 | recs tyre=1 rim=1 survived=1 stale=0 distMax=0.94R
INFO 2026-07-27 15:27:24.888 joltshadow - docs §68: steer (player) w=2 steerable=0 commanded=0.000 rad measured=0.000 rad err=0.01 deg steerSign=-1 steerTq=0Nm cap=340282346638528859811704183484516925440Nm sat=0.00
INFO 2026-07-27 15:27:24.888 joltshadow - docs §70: slip (player) w=2 grounded=1 kappa=-0.039 fnGround=1027N omega=-0.06
INFO 2026-07-27 15:27:24.888 joltshadow - docs §67: spin (player) w=2 driven=1 omega=-0.06 rad/s surfaceSpeed=-0.04 m/s spinSign=+1 motorTq=-14Nm cmdTq=2611Nm
INFO 2026-07-27 15:27:24.888 joltshadow - docs §58: wheel body (player) w=3 springF=1338N stopF=0N travel=-0.4256 (limits -0.5000..0.5000 rel spawn) kSusp=6000 sagPredicted=0.2230 | frameTrav=-0.4521..-0.4256 frameStopN=0
INFO 2026-07-27 15:27:24.888 joltshadow - docs §66: tyre band (player) w=3 fnGround=1098N fnTotal=1200N pen=0.01000 penRaw=0.03082 tau=0.01000 pen/tau=1.00 | recs tyre=1 rim=1 survived=1 stale=0 distMax=0.95R
INFO 2026-07-27 15:27:24.888 joltshadow - docs §68: steer (player) w=3 steerable=0 commanded=0.000 rad measured=0.000 rad err=0.00 deg steerSign=-1 steerTq=0Nm cap=340282346638528859811704183484516925440Nm sat=0.00
INFO 2026-07-27 15:27:24.888 joltshadow - docs §70: slip (player) w=3 grounded=1 kappa=-0.081 fnGround=1098N omega=-0.06
INFO 2026-07-27 15:27:24.888 joltshadow - docs §67: spin (player) w=3 driven=1 omega=-0.06 rad/s surfaceSpeed=-0.04 m/s spinSign=+1 motorTq=-32Nm cmdTq=2787Nm
INFO 2026-07-27 15:27:24.888 joltshadow - docs §67: drivetrain (player) gear=0 rpm=18 driveTorque=600Nm perWheel=150Nm driven=4 throttle=1.00 spin=1 | PRE-STEP brake=0.01 handBrake=1
INFO 2026-07-27 15:27:24.888 joltshadow - docs §66: tyre band SUM (player) fnGroundSum=4046N fnTotalSum=4505N weight=942N carried=4.78 | penSum=0.03925 recs tyre=4 rim=4 stale=0
INFO 2026-07-27 15:27:24.888 joltshadow - docs §30: REAL ODE chassis COM (player) body=54C8BDB0 = (4655.565, 260.274, 1195.114) forward=(-0.207, 0.078, -0.975)
INFO 2026-07-27 15:27:24.888 joltshadow - docs §33: real ODE chassis geom (player) #1 = class 0 (not a transform) pos=(4655.565,260.274,1195.114) radius=4.500
INFO 2026-07-27 15:27:24.888 joltshadow - docs §33: real ODE chassis geom (player) #2 = transform, inner class=1 pos=(0.000,1.095,-0.495)
INFO 2026-07-27 15:27:24.888 joltshadow - docs §33: real ODE chassis geom (player) #3 = transform, inner class=1 pos=(0.353,3.466,0.718)
INFO 2026-07-27 15:27:24.888 joltshadow - docs §33: real ODE chassis geom (player) #4 = transform, inner class=1 pos=(0.000,1.818,1.842)
INFO 2026-07-27 15:27:24.888 joltshadow - docs §33: real ODE chassis geom (player) #5 = transform, inner class=1 pos=(0.006,1.981,-2.113)
INFO 2026-07-27 15:27:24.888 joltshadow - docs §33: real ODE chassis geom (player) #6 = class 0 (not a transform) pos=(4655.565,260.274,1195.114) radius=30.000
INFO 2026-07-27 15:27:24.888 joltshadow - docs §33: real ODE chassis geom (player) #7 = class 0 (not a transform) pos=(4655.565,260.274,1195.114) radius=6.436
INFO 2026-07-27 15:27:24.888 joltshadow - docs §33: real ODE chassis geom (player) #8 = class 0 (not a transform) pos=(4655.565,260.274,1195.114) radius=200.000
INFO 2026-07-27 15:27:24.889 joltshadow - docs §33: real ODE chassis (player) has 8 total geom(s) directly attached (4 transform(s)) - compare against BuildChassisCompoundShape's own part/geom count in the build log
INFO 2026-07-27 15:27:24.889 joltshadow - docs §28: REAL ODE wheel state (player) wheel=0 displacement=-0.0093 range=1.000 (-1% compressed, signed) foreAft=2.270 localZ=2.270 cfm=0.002500 erp=0.2500
INFO 2026-07-27 15:27:24.889 joltshadow - docs §28: REAL ODE wheel state (player) wheel=1 displacement=0.0548 range=1.000 (5% compressed, signed) foreAft=2.270 localZ=2.270 cfm=0.002500 erp=0.2500
INFO 2026-07-27 15:27:24.889 joltshadow - docs §28: REAL ODE wheel state (player) wheel=2 displacement=0.0564 range=1.000 (6% compressed, signed) foreAft=-2.062 localZ=-2.062 cfm=0.002500 erp=0.2500
INFO 2026-07-27 15:27:24.889 joltshadow - docs §28: REAL ODE wheel state (player) wheel=3 displacement=-0.0063 range=1.000 (-1% compressed, signed) foreAft=-2.062 localZ=-2.062 cfm=0.002500 erp=0.2500
INFO 2026-07-27 15:27:24.931 joltshadow - docs §70.1: slipdense (player) f=1684 w=0 grounded=0 kappa=0.000 fnGround=0 omega=-0.08 | ftGround=0N target=0.0 limit=815Nm motorNm=3 tyreNm=0 inertia=1.78 limRot=0/648/-496 omegaPre=-0.10 posN=6/0/0 susp=-0.1155 springN=-383
INFO 2026-07-27 15:27:24.931 joltshadow - docs §70.1: slipdense (player) f=1684 w=1 grounded=1 kappa=0.100 fnGround=412 omega=0.04 | ftGround=75N target=0.0 limit=1530Nm motorNm=55 tyreNm=-50 inertia=1.78 limRot=0/22/0 omegaPre=0.01 posN=57/-70/0 susp=-0.2346 springN=208
INFO 2026-07-27 15:27:24.932 joltshadow - docs §70.1: slipdense (player) f=1684 w=2 grounded=1 kappa=0.189 fnGround=778 omega=0.04 | ftGround=131N target=0.0 limit=2419Nm motorNm=98 tyreNm=-93 inertia=1.82 limRot=0/-77/11 omegaPre=0.01 posN=-241/-195/0 susp=-0.3107 springN=628
INFO 2026-07-27 15:27:24.932 joltshadow - docs §70.1: slipdense (player) f=1684 w=3 grounded=1 kappa=0.099 fnGround=390 omega=0.04 | ftGround=75N target=0.0 limit=1557Nm motorNm=55 tyreNm=-50 inertia=1.82 limRot=0/83/-4 omegaPre=0.01 posN=188/-70/0 susp=-0.2312 springN=148
INFO 2026-07-27 15:27:24.932 joltshadow - docs §78: attdense (player) f=1684 joltTilt=16.31 odeTilt=15.84 upDelta=0.54 wBody=(0.04,-0.01,0.18) |w|=0.19 grounded=3
INFO 2026-07-27 15:27:24.976 joltshadow - docs §70.1: slipdense (player) f=1688 w=0 grounded=0 kappa=0.000 fnGround=0 omega=0.02 | ftGround=0N target=0.0 limit=815Nm motorNm=5 tyreNm=0 inertia=1.78 limRot=0/646/-495 omegaPre=-0.01 posN=-16/-12/0 susp=-0.0118 springN=-296
INFO 2026-07-27 15:27:24.976 joltshadow - docs §70.1: slipdense (player) f=1688 w=1 grounded=0 kappa=0.000 fnGround=0 omega=0.13 | ftGround=0N target=0.0 limit=815Nm motorNm=2 tyreNm=0 inertia=1.78 limRot=0/-7/0 omegaPre=0.11 posN=-11/-16/0 susp=-0.0813 springN=-281
INFO 2026-07-27 15:27:24.976 joltshadow - docs §70.1: slipdense (player) f=1688 w=2 grounded=1 kappa=0.459 fnGround=0 omega=0.13 | ftGround=0N target=0.0 limit=823Nm motorNm=2 tyreNm=0 inertia=1.82 limRot=0/-2/-0 omegaPre=0.11 posN=-11/-14/0 susp=-0.1482 springN=-81
INFO 2026-07-27 15:27:24.977 joltshadow - docs §70.1: slipdense (player) f=1688 w=3 grounded=0 kappa=0.000 fnGround=0 omega=0.13 | ftGround=0N target=0.0 limit=823Nm motorNm=2 tyreNm=0 inertia=1.82 limRot=0/-2/-0 omegaPre=0.11 posN=-15/-16/0 susp=-0.0710 springN=-371
INFO 2026-07-27 15:27:24.977 joltshadow - docs §78: attdense (player) f=1688 joltTilt=16.73 odeTilt=15.83 upDelta=1.09 wBody=(0.13,-0.02,0.15) |w|=0.20 grounded=1
INFO 2026-07-27 15:27:25.021 joltshadow - docs §70.1: slipdense (player) f=1692 w=0 grounded=0 kappa=0.000 fnGround=0 omega=0.06 | ftGround=0N target=0.0 limit=815Nm motorNm=-0 tyreNm=0 inertia=1.78 limRot=0/646/-496 omegaPre=0.06 posN=-2/3/0 susp=0.0097 springN=-61
INFO 2026-07-27 15:27:25.021 joltshadow - docs §70.1: slipdense (player) f=1692 w=1 grounded=0 kappa=0.000 fnGround=0 omega=0.14 | ftGround=0N target=0.0 limit=815Nm motorNm=-1 tyreNm=0 inertia=1.78 limRot=0/1/0 omegaPre=0.14 posN=-0/1/0 susp=-0.0128 springN=-178
INFO 2026-07-27 15:27:25.021 joltshadow - docs §70.1: slipdense (player) f=1692 w=2 grounded=0 kappa=0.000 fnGround=0 omega=0.14 | ftGround=0N target=0.0 limit=823Nm motorNm=-1 tyreNm=0 inertia=1.82 limRot=0/-0/-0 omegaPre=0.14 posN=1/-1/0 susp=-0.0371 springN=-275
INFO 2026-07-27 15:27:25.021 joltshadow - docs §70.1: slipdense (player) f=1692 w=3 grounded=0 kappa=0.000 fnGround=0 omega=0.14 | ftGround=0N target=0.0 limit=823Nm motorNm=-1 tyreNm=0 inertia=1.82 limRot=0/-0/-0 omegaPre=0.14 posN=-1/2/0 susp=-0.0040 springN=-194
INFO 2026-07-27 15:27:25.021 joltshadow - docs §78: attdense (player) f=1692 joltTilt=16.91 odeTilt=15.83 upDelta=1.49 wBody=(0.14,-0.02,0.10) |w|=0.17 grounded=0
INFO 2026-07-27 15:27:25.064 joltshadow - docs §70.1: slipdense (player) f=1696 w=0 grounded=0 kappa=0.000 fnGround=0 omega=0.04 | ftGround=0N target=0.0 limit=815Nm motorNm=-1 tyreNm=0 inertia=1.78 limRot=0/647/-496 omegaPre=0.05 posN=1/3/0 susp=0.0048 springN=23
INFO 2026-07-27 15:27:25.064 joltshadow - docs §70.1: slipdense (player) f=1696 w=1 grounded=0 kappa=0.000 fnGround=0 omega=0.12 | ftGround=0N target=0.0 limit=815Nm motorNm=-1 tyreNm=0 inertia=1.78 limRot=0/-1/0 omegaPre=0.13 posN=1/3/0 susp=0.0057 springN=-73
INFO 2026-07-27 15:27:25.064 joltshadow - docs §70.1: slipdense (player) f=1696 w=2 grounded=0 kappa=0.000 fnGround=0 omega=0.12 | ftGround=0N target=0.0 limit=823Nm motorNm=-1 tyreNm=0 inertia=1.82 limRot=0/0/0 omegaPre=0.13 posN=2/2/0 susp=0.0030 springN=-145
INFO 2026-07-27 15:27:25.064 joltshadow - docs §70.1: slipdense (player) f=1696 w=3 grounded=0 kappa=0.000 fnGround=0 omega=0.12 | ftGround=0N target=0.0 limit=823Nm motorNm=-1 tyreNm=0 inertia=1.82 limRot=0/0/0 omegaPre=0.13 posN=0/3/0 susp=0.0088 springN=-48
INFO 2026-07-27 15:27:25.064 joltshadow - docs §78: attdense (player) f=1696 joltTilt=17.12 odeTilt=15.84 upDelta=1.87 wBody=(0.12,-0.02,0.10) |w|=0.16 grounded=0
INFO 2026-07-27 15:27:25.109 joltshadow - docs §70.1: slipdense (player) f=1700 w=0 grounded=0 kappa=0.000 fnGround=0 omega=0.03 | ftGround=0N target=0.0 limit=815Nm motorNm=-0 tyreNm=0 inertia=1.78 limRot=0/646/-496 omegaPre=0.03 posN=1/1/0 susp=0.0000 springN=21
INFO 2026-07-27 15:27:25.109 joltshadow - docs §70.1: slipdense (player) f=1700 w=1 grounded=0 kappa=0.000 fnGround=0 omega=0.11 | ftGround=0N target=0.0 limit=815Nm motorNm=-0 tyreNm=0 inertia=1.78 limRot=0/0/0 omegaPre=0.11 posN=1/1/0 susp=0.0070 springN=-16
INFO 2026-07-27 15:27:25.109 joltshadow - docs §70.1: slipdense (player) f=1700 w=2 grounded=0 kappa=0.000 fnGround=0 omega=0.11 | ftGround=0N target=0.0 limit=823Nm motorNm=-0 tyreNm=0 inertia=1.82 limRot=0/0/0 omegaPre=0.11 posN=1/1/0 susp=0.0084 springN=-36
INFO 2026-07-27 15:27:25.109 joltshadow - docs §70.1: slipdense (player) f=1700 w=3 grounded=0 kappa=0.000 fnGround=0 omega=0.11 | ftGround=0N target=0.0 limit=823Nm motorNm=-0 tyreNm=0 inertia=1.82 limRot=0/0/0 omegaPre=0.11 posN=0/2/0 susp=0.0057 springN=7
INFO 2026-07-27 15:27:25.109 joltshadow - docs §78: attdense (player) f=1700 joltTilt=17.38 odeTilt=15.85 upDelta=2.29 wBody=(0.11,-0.02,0.10) |w|=0.15 grounded=0
INFO 2026-07-27 15:27:25.150 joltshadow - docs §70.1: slipdense (player) f=1704 w=0 grounded=0 kappa=0.000 fnGround=0 omega=0.03 | ftGround=0N target=0.0 limit=815Nm motorNm=-0 tyreNm=0 inertia=1.78 limRot=0/646/-992 omegaPre=0.03 posN=16/7/0 susp=0.0000 springN=5
INFO 2026-07-27 15:27:25.150 joltshadow - docs §70.1: slipdense (player) f=1704 w=1 grounded=0 kappa=0.000 fnGround=0 omega=0.11 | ftGround=0N target=0.0 limit=815Nm motorNm=-0 tyreNm=0 inertia=1.78 limRot=0/-0/0 omegaPre=0.11 posN=16/-7/0 susp=0.0022 springN=8
INFO 2026-07-27 15:27:25.150 joltshadow - docs §70.1: slipdense (player) f=1704 w=2 grounded=0 kappa=0.000 fnGround=0 omega=0.11 | ftGround=0N target=0.0 limit=823Nm motorNm=-0 tyreNm=0 inertia=1.82 limRot=0/-0/-1 omegaPre=0.11 posN=-11/8/0 susp=0.0052 springN=2
INFO 2026-07-27 15:27:25.150 joltshadow - docs §70.1: slipdense (player) f=1704 w=3 grounded=0 kappa=0.000 fnGround=0 omega=0.11 | ftGround=0N target=0.0 limit=823Nm motorNm=-0 tyreNm=0 inertia=1.82 limRot=0/-0/-1 omegaPre=0.11 posN=-11/-7/0 susp=0.0016 springN=14
INFO 2026-07-27 15:27:25.150 joltshadow - docs §78: attdense (player) f=1704 joltTilt=17.59 odeTilt=15.84 upDelta=2.64 wBody=(0.11,-0.02,0.11) |w|=0.15 grounded=0
INFO 2026-07-27 15:27:25.195 joltshadow - docs §70.1: slipdense (player) f=1708 w=0 grounded=0 kappa=0.000 fnGround=0 omega=0.03 | ftGround=0N target=0.0 limit=815Nm motorNm=0 tyreNm=0 inertia=1.78 limRot=0/646/-496 omegaPre=0.03 posN=1/-1/0 susp=0.0007 springN=-2
INFO 2026-07-27 15:27:25.195 joltshadow - docs §70.1: slipdense (player) f=1708 w=1 grounded=0 kappa=0.000 fnGround=0 omega=0.11 | ftGround=0N target=0.0 limit=815Nm motorNm=0 tyreNm=0 inertia=1.78 limRot=0/-0/0 omegaPre=0.11 posN=0/-0/0 susp=0.0009 springN=6
INFO 2026-07-27 15:27:25.195 joltshadow - docs §70.1: slipdense (player) f=1708 w=2 grounded=0 kappa=0.000 fnGround=0 omega=0.11 | ftGround=0N target=0.0 limit=823Nm motorNm=0 tyreNm=0 inertia=1.82 limRot=0/-0/0 omegaPre=0.11 posN=0/-0/0 susp=0.0003 springN=12
INFO 2026-07-27 15:27:25.195 joltshadow - docs §70.1: slipdense (player) f=1708 w=3 grounded=0 kappa=0.000 fnGround=0 omega=0.11 | ftGround=0N target=0.0 limit=823Nm motorNm=0 tyreNm=0 inertia=1.82 limRot=0/-0/0 omegaPre=0.11 posN=-0/0/0 susp=0.0001 springN=5
INFO 2026-07-27 15:27:25.195 joltshadow - docs §78: attdense (player) f=1708 joltTilt=17.83 odeTilt=15.84 upDelta=3.04 wBody=(0.11,-0.02,0.11) |w|=0.16 grounded=0
INFO 2026-07-27 15:27:25.240 joltshadow - docs §70.1: slipdense (player) f=1712 w=0 grounded=0 kappa=0.000 fnGround=0 omega=0.03 | ftGround=0N target=0.0 limit=815Nm motorNm=0 tyreNm=0 inertia=1.78 limRot=0/646/-496 omegaPre=0.03 posN=-0/-0/0 susp=-0.0005 springN=2
INFO 2026-07-27 15:27:25.240 joltshadow - docs §70.1: slipdense (player) f=1712 w=1 grounded=0 kappa=0.000 fnGround=0 omega=0.11 | ftGround=0N target=0.0 limit=815Nm motorNm=-0 tyreNm=0 inertia=1.78 limRot=0/1/0 omegaPre=0.11 posN=-0/-0/0 susp=0.0019 springN=-0
INFO 2026-07-27 15:27:25.240 joltshadow - docs §70.1: slipdense (player) f=1712 w=2 grounded=0 kappa=0.000 fnGround=0 omega=0.11 | ftGround=0N target=0.0 limit=823Nm motorNm=-0 tyreNm=0 inertia=1.82 limRot=0/-0/-0 omegaPre=0.11 posN=-1/0/0 susp=-0.0010 springN=5
INFO 2026-07-27 15:27:25.240 joltshadow - docs §70.1: slipdense (player) f=1712 w=3 grounded=0 kappa=0.000 fnGround=0 omega=0.11 | ftGround=0N target=0.0 limit=823Nm motorNm=-0 tyreNm=0 inertia=1.82 limRot=0/-0/-0 omegaPre=0.11 posN=-1/0/0 susp=0.0021 springN=-3
INFO 2026-07-27 15:27:25.240 joltshadow - docs §78: attdense (player) f=1712 joltTilt=18.11 odeTilt=15.83 upDelta=3.47 wBody=(0.11,-0.02,0.10) |w|=0.15 grounded=0
