0x1004ec81	.text	 !"#$%&'()*+,-./012345678uu9:;<=>?@ABCDuEFGHIJKLMNOPQRSTUVWXYZ[\]^_uuuuuuuu`auuuuuuuuuuuuuubcdefguuuuuuuuuuuuuuuuuuuuhijklmnuuuuuuuuuuuuuuuuuuuuuuuuuuopqrsuut
0x1012f48e	.text	Gq$8<8u 
0x1012f4ba	.text	Op$8<8t\
0x101bdd18	.text	9~,tq;;r 
0x101d7528	.rdata	Prepare patches
0x101d753c	.rdata	%s+0x%zx
0x101d7550	.rdata	kraken.dll
0x101d755c	.rdata	  #%d 0x%p (%s)
0x101d756c	.rdata	crashdiag
0x101d7578	.rdata	dbghelp.dll
0x101d7584	.rdata	crashdiag: dbghelp.dll unavailable - no minidump written
0x101d75c0	.rdata	MiniDumpWriteDump
0x101d75d4	.rdata	crashdiag: MiniDumpWriteDump not found - no minidump written
0x101d7614	.rdata	kraken_%s_%04u%02u%02u_%02u%02u%02u.dmp
0x101d763c	.rdata	crashdiag: could not create %s (err %lu)
0x101d7678	.rdata	crashdiag: minidump %s -> %s
0x101d7698	.rdata	=== CRASH === code=0x%08X addr=%p (%s) thread=%lu ourFrames=%d
0x101d76e8	.rdata	executing
0x101d76f4	.rdata	Access violation %s address 0x%p
0x101d7718	.rdata	Registers: eip=0x%08X esp=0x%08X ebp=0x%08X eax=0x%08X ebx=0x%08X ecx=0x%08X edx=0x%08X esi=0x%08X edi=0x%08X
0x101d7788	.rdata	Stack trace (EBP chain):
0x101d77ac	.rdata	=== END CRASH REPORT ===
0x101d77c8	.rdata	=== HANG === no frame progress for %.1fs (heartbeat stuck at %llu, main thread %lu)
0x101d781c	.rdata	Main thread eip=0x%08X (%s) esp=0x%08X ebp=0x%08X
0x101d7850	.rdata	Main thread stack (EBP chain):
0x101d7870	.rdata	crashdiag: GetThreadContext failed (err %lu)
0x101d78a0	.rdata	crashdiag: SuspendThread failed (err %lu)
0x101d78d8	.rdata	=== END HANG REPORT === (still watching; will re-report if it resumes then stalls again)
0x101d7934	.rdata	crashdiag SELFTEST: deliberately dereferencing null now
0x101d796c	.rdata	crashdiag SELFTEST: deliberately hanging the main thread now
0x101d79b4	.rdata	crashdiag: armed (hang watchdog %.1fs, minidump %s)
0x101d79e8	.rdata	crashdiag: exception handler armed, hang watchdog disabled
0x101d7a3f	.rdata	A./data/kraken.ini
0x101d7a78	.rdata	Unknown exception
0x101d7aa4	.rdata	bad array new length
0x101d7abc	.rdata	string too long
0x101d7acc	.rdata	invalid stoul argument
0x101d7ae4	.rdata	stoul argument out of range
0x101d7b08	.rdata	log_debug
0x101d7b14	.rdata	graphics
0x101d7b20	.rdata	save_width
0x101d7b2c	.rdata	save_height
0x101d7b38	.rdata	view_resolution
0x101d7b48	.rdata	constants
0x101d7b5c	.rdata	price_fuel
0x101d7b68	.rdata	price_paint
0x101d7b74	.rdata	keep_throttle
0x101d7b84	.rdata	handbrake_power
0x101d7b94	.rdata	brake_power
0x101d7ba0	.rdata	friend_damage
0x101d7bb0	.rdata	auto_brake_angle
0x101d7bc4	.rdata	lua_binds
0x101d7be0	.rdata	posteffectreload
0x101d7bf4	.rdata	ultrawide
0x101d7c00	.rdata	obj_cont_upgrade
0x101d7c14	.rdata	cardan_fix
0x101d7c28	.rdata	cctl_leak_fix
0x101d7c38	.rdata	mortarvolleylauncherfix
0x101d7c50	.rdata	gunlights
0x101d7c5c	.rdata	boss01_fast_charge
0x101d7c70	.rdata	testharness
0x101d7c84	.rdata	autoload_save
0x101d7c94	.rdata	god_mode
0x101d7ca8	.rdata	perfmon_interval
0x101d7cbc	.rdata	tear_wheel_at_t
0x101d7ccc	.rdata	ram_test
0x101d7cd8	.rdata	ram_test_offset
0x101d7cf8	.rdata	jolt_harness
0x101d7d18	.rdata	player_only
0x101d7d24	.rdata	ai_count
0x101d7d30	.rdata	susp_frequency
0x101d7d40	.rdata	susp_rest_fraction
0x101d7d54	.rdata	susp_damping
0x101d7d64	.rdata	susp_reference_hz
0x101d7d78	.rdata	wheel_proxy
0x101d7d84	.rdata	collision_cylinder
0x101d7d98	.rdata	wm4_hardcore
0x101d7da8	.rdata	wm4_spin
0x101d7db4	.rdata	wm4_steer
0x101d7dc0	.rdata	wm4_joint_at_mount
0x101d7dd4	.rdata	wm4_contact_torque_cap
0x101d7dec	.rdata	wm4_resync_period
0x101d7e00	.rdata	wm4_resync_reseat
0x101d7e14	.rdata	wm4_resync_keep_gear
0x101d7e2c	.rdata	wm4_inertia_from_box
0x101d7e44	.rdata	wm4_chassis_mass_excl_wheels
0x101d7e6c	.rdata	crash_dump
0x101d7e78	.rdata	hang_timeout_sec
0x101d7e8c	.rdata	selftest
0x101d7e98	.rdata	wheelmodel
0x101d7ea4	.rdata	wm4_compress_fraction
0x101d7ebc	.rdata	wm4_max_dt
0x101d7ec8	.rdata	spec_contact_dist
0x101d7edc	.rdata	wm4_max_substeps
0x101d7ef0	.rdata	tyre_stiffness
0x101d7f00	.rdata	tyre_thickness
0x101d7f10	.rdata	tyre_damping
0x101d7f20	.rdata	hard_core_lambda
0x101d7f54	.rdata	slip_floor
0x101d7f60	.rdata	stick_speed
0x101d7f6c	.rdata	wheel_inertia
0x101d7f7c	.rdata	engine_inertia
0x101d7f8c	.rdata	rolling_resist
0x101d7f9c	.rdata	react_scale
0x101d7fa8	.rdata	own_spin
0x101d7fbc	.rdata	friction_long
0x101d7fcc	.rdata	friction_lat
0x101d7fdc	.rdata	autotune
0x101d7fe8	.rdata	autotune_max_trials
0x101d7ffc	.rdata	pushback_min_dspeed
0x101d8010	.rdata	pushback_scale
0x101d8020	.rdata	hotpath_diag
0x101d8030	.rdata	deferred_destroy
0x101d804c	.rdata	lock_on_player
0x101d805c	.rdata	glob_phys
0x101d8068	.rdata	contact_surface_layer
0x101d8090	.rdata	calc_peace_price_from_schwarz
0x101d80b0	.rdata	no_money_in_player_schwarz
0x101d80cc	.rdata	complex_schwarz
0x101d80dc	.rdata	schwarz_overrides
0x101d80f0	.rdata	gun_gadgets_max_schwarz_part
0x101d8110	.rdata	common_gadgets_max_schwarz_part
0x101d8130	.rdata	wares_max_schwarz_part
0x101d81a8	.rdata	unordered_map/set too long
0x101d81c4	.rdata	invalid hash bucket count
0x101d81e0	.rdata	vector too long
0x101d828c	.rdata	Feature enabled
0x101d82fe	.rdata	5?Invalid operator!
0x101d8314	.rdata	autobrakefix
0x101d832a	.rdata	I@objcontupgrade
0x101d908c	.rdata	luabinds
0x101d90fc	.rdata	unknown error
0x101d9124	.rdata	directory_entry::status
0x101d9140	.rdata	recursive_directory_iterator::recursive_directory_iterator
0x101d917c	.rdata	recursive_directory_iterator::operator++
0x101d91a8	.rdata	fileserver
0x101d91b4	.rdata	invalid string position
0x101d91f8	.rdata	CHASSIS_7
0x101d9230	.rdata	vector<T> too long
0x101d9247	.rdata	>fastloading
0x101d925a	.rdata	@?cardan
0x101d92a0	.rdata	Lock on player enabled
0x101d92b8	.rdata	Lock on player disabled
0x101d92d0	.rdata	Durability
0x101d92dc	.rdata	MaxDurability
0x101d92ec	.rdata	MaxTorque
0x101d92f8	.rdata	MaxSpeed
0x101d9304	.rdata	MaxHealth
0x101d9318	.rdata	FiringRate
0x101d9324	.rdata	ReChargingTime
0x101d9334	.rdata	Accuracy
0x101d9340	.rdata	FiringRange
0x101d934c	.rdata	GadgetAntiMissileRadius
0x101d9364	.rdata	--- Common Gadget #%d (1st mod: %s), RawPrice: %d ---
0x101d93a0	.rdata	Common Gadget ignored in schwarz, doesn't have significant modifiers
0x101d93e8	.rdata	--- Weapon Gadget id #%d (1st mod: %s), RawPrice: %d ---
0x101d9428	.rdata	Weapon Gadget ignored in schwarz, doesn't have significant modifiers
0x101d9470	.rdata	Override price provided: %d
0x101d948c	.rdata	Ignoring in Schwarz calculation, very low condition
0x101d94c0	.rdata	[Base: %d, Shells: %d] Dur: %.2f, MaxDur: %.2f, CompoundGun Condition: %.2f (condition ignored)
0x101d9520	.rdata	[Base: %d, Shells: %d] Dur: %.2f, MaxDur: %.2f, Gun Condition: %.2f (condition ignored)
0x101d9578	.rdata	Part '%s' has ~0 max durability and is not CHASSIS, so will not be correctly processed
0x101d95d0	.rdata	[Final: %.0f, Base: %d] Dur: %.2f, MaxDur: %.2f, PriceCoeff: %.2f
0x101d9614	.rdata	> GetSchwarz Original <
0x101d9630	.rdata	----- Vanilla Schwarz: %d, Base Price: %d, dur_coeff: %.2f (~%.2f/%.2f) -----
0x101d9680	.rdata	> GetComplexSchwarz <
0x101d9698	.rdata	----- %s -----
0x101d96a8	.rdata	--- [%s] %s ---
0x101d96c0	.rdata	[Final: %.0f, Base: %d] HP: %.2f, MaxHP: %.2f, PriceCoeff: %.2f
0x101d9710	.rdata	Only cab+cargo+chassis: %d
0x101d9730	.rdata	[WeaponGadgets final: %d, Base: %d] WeaponGadgetMaxSchwarzPart (from base vehicle): %.2f
0x101d9790	.rdata	[CommonGadgets final: %d, Base: %d] CommonGadgetMaxSchwarzPart (from base vehicle): %.2f
0x101d97ec	.rdata	[Wares final: %d, Base: %d] WaresMaxSchwarzPart: %.2f
0x101d9828	.rdata	----- New Schwarz: %d (Schwarz Parts: CAB %d + BASKET %d + CHASSIS %d + GUNS %d + GADGETS %d + WARES %d) -----
0x101d98a7	.rdata	?skinfix
0x101d98b8	.rdata	locationdebug
0x101d98d8	.rdata	bossmetalarm
0x101d98f8	.rdata	bad cast
0x101d9904	.rdata	invalid stoi argument
0x101d991c	.rdata	stoi argument out of range
0x101d9938	.rdata	invalid stof argument
0x101d9950	.rdata	stof argument out of range
0x101d99ac	.rdata	directory_iterator::operator++
0x101d9a44	.rdata	Cannot open scenario file
0x101d9a80	.rdata	Scenario finished
0x101d9a94	.rdata	scenario.csv
0x101d9aa4	.rdata	Failed to load scenario.csv, ignoring trigger
0x101d9ad4	.rdata	no player vehicle
0x101d9ae8	.rdata	no other live vehicle to ram into
0x101d9b0c	.rdata	ram_test: %s, ignoring trigger
0x101d9b30	.rdata	ram_test: will spawn player %.1fm behind other vehicle %p and drive into it per scenario.csv
0x101d9b98	.rdata	t,px,py,pz,qx,qy,qz,qw,comx,comy,comz,vx,vy,vz,avx,avy,avz,throttle,steer,brake,handbrake,gear,engineRpm,realThrottle,wheelsTouchingGround,numWheels,drivenWheels,drivenWheelsJointed
0x101d9c50	.rdata	Scenario started
0x101d9c64	.rdata	God mode: applying to player vehicle %p
0x101d9c90	.rdata	perf: fps=%.1f avg_frame_ms=%.3f min_ms=%.3f max_ms=%.3f frames=%llu window=%.1fs
0x101d9ce4	.rdata	switch_vehicle.txt
0x101d9cf8	.rdata	Vehicle switch: no ai::Player instance yet, ignoring '%s'
0x101d9d34	.rdata	Vehicle switch: no ai::CServer instance yet, ignoring '%s'
0x101d9d70	.rdata	Vehicle switch: unknown vehicle prototype '%s'
0x101d9da0	.rdata	Vehicle switch: changed player vehicle to prototype '%s' (id=%d)
0x101d9de4	.rdata	trigger.txt
0x101d9df0	.rdata	no_vehicle
0x101d9dfc	.rdata	Debug: tearing wheel 0 off target vehicle at t=%.3f
0x101d9e30	.rdata	Debug: tear_wheel_at_t fired but vehicle has no wheels
0x101d9e6c	.rdata	data\profiles
0x101d9e88	.rdata	Auto-load: no save found under data/profiles/*/saves/*, skipping
0x101d9ed4	.rdata	Auto-load: CMiracle3d this=%p vtable=%p, loading '%s'
0x101d9f0c	.rdata	Auto-load: LoadSavedGame returned %d
0x101d9f34	.rdata	./data/kraken_testharness
0x101d9f50	.rdata	Failed to create kraken_testharness directory
0x101d9f80	.rdata	Auto-load enabled, will load the most recent save once ProcessAllEvents first runs
0x101d9fd8	.rdata	God mode enabled - will apply setGodMode/setImmortalMode(true) to the player vehicle as soon as it exists (bypasses cheats.lua's testcheat() computer-name gate)
0x101da080	.rdata	Perf monitor enabled - logging wall-clock fps/frame-time every %.1fs
0x101da0ec	.rdata	F:\Kraken\extern\joltphysics\Build\..\Jolt/Math/Math.h
0x101da124	.rdata	F:\Kraken\extern\joltphysics\Jolt\Math\Vec3.inl
0x101da158	.rdata	reinterpret_cast<const uint32 *>(mF32)[2] == reinterpret_cast<const uint32 *>(mF32)[3]
0x101da1b0	.rdata	F:\Kraken\extern\joltphysics\Jolt\Math\Quat.inl
0x101da1e0	.rdata	inAxis.IsNormalized()
0x101da208	.rdata	F:\Kraken\extern\joltphysics\Build\..\Jolt/Core/TempAllocator.h
0x101da248	.rdata	mTop == 0
0x101da254	.rdata	TempAllocator: Out of memory trying to allocate %u bytes
0x101da290	.rdata	inSize == 0
0x101da29c	.rdata	TempAllocator: Freeing in the wrong order
0x101da2c8	.rdata	ProfileMeasurement: Too many samples, some data will be lost!
0x101da308	.rdata	F:\Kraken\extern\joltphysics\Build\..\Jolt/Core/Mutex.h
0x101da340	.rdata	mLockedThreadID != std::this_thread::get_id()
0x101da370	.rdata	mLockedThreadID == std::this_thread::get_id()
0x101da3b0	.rdata	A lock of same or higher priority was already taken, this can create a deadlock!
0x101da408	.rdata	F:\Kraken\extern\joltphysics\Build\..\Jolt/Physics/PhysicsLock.h
0x101da44c	.rdata	uint32(inType) > mutexes
0x101da468	.rdata	Mutex was not locked!
0x101da480	.rdata	(mutexes & uint32(inType)) != 0
0x101da4a0	.rdata	Too many physics systems locked at the same time!
0x101da52c	.rdata	IsPowerOf2(inAlignment)
0x101da594	.rdata	NON_MOVING
0x101da5c8	.rdata	Assert failed: %s:%u: (%s) %s
0x101da5e8	.rdata	 ContactConstraintsFull
0x101da600	.rdata	 BodyPairCacheFull
0x101da614	.rdata	 ManifoldCacheFull
0x101da628	.rdata	Jolt: PhysicsSystem::Update reported error mask 0x%X%s%s%s%s - simulation work was DROPPED this step (raise the corresponding limit in Apply())
0x101da6b8	.rdata	Landscape heightfield export skipped: sampleCount=%d heights=%p
0x101da6f8	.rdata	Jolt heightfield shape creation failed: %s
0x101da724	.rdata	Jolt heightfield body creation failed (out of bodies?)
0x101da760	.rdata	Jolt: exported landscape heightfield as a static body (%dx%d samples, %.1f world units/cell, height range [%.1f, %.1f])
0x101da7d8	.rdata	Jolt: road export skipped, no road root yet
0x101da808	.rdata	Jolt: road export produced zero triangles (nodes=%d, skipped=%d) - hook may be firing before CalcNodeData runs
0x101da878	.rdata	Jolt road mesh shape creation failed: %s
0x101da8a4	.rdata	Jolt road mesh body creation failed (out of bodies?)
0x101da8e0	.rdata	Jolt: exported roads as a static body (%d/%d nodes, %zu verts, %zu tris, %d skipped)
0x101da938	.rdata	Jolt: static obstacle export - hit max sub-space recursion depth (%d), stopping this branch
0x101da994	.rdata	Jolt: static box shape creation failed: %s
0x101da9c0	.rdata	Jolt: static sphere shape creation failed: %s
0x101da9f0	.rdata	Jolt: static trimesh shape creation failed: %s
0x101daa20	.rdata	Jolt: static capsule shape creation failed: %s
0x101daa50	.rdata	Jolt: static obstacle export skipped, ai::gGlobalSpace not yet created
0x101daa98	.rdata	Jolt: static obstacle export - walked only %d geoms but dSpaceGetNumGeoms reports %d at the top level alone - list walk may be missing something (docs §22.9/§22.13), counts below are only over what was actually walked
0x101dab78	.rdata	Jolt: static obstacle export - %d geom(s) of exportable class could not get a Jolt body (cMaxBodies capacity exhausted) - raise cMaxBodies (docs §22.14/§35)
0x101dac18	.rdata	Jolt: exported %d static obstacles (%d box, %d sphere, %d trimesh, %d capsule) - %d geoms walked total (%d nested sub-space(s) recursed into, %d at top level per dSpaceGetNumGeoms), %d dynamic geoms skipped, %d body-less geoms of unexported class skipped, %d skipped (capacity exhausted)
0x101dad38	.rdata	Jolt: static obstacle export - %d body-less geom(s) of unexported ODE class %d (docs §22.9/§22.13 - classes confirmed by disassembly: 0=sphere, 1=box, 2=capsule, 7=trimesh, 11-14=space (recursed into, not "unexported"); others not confirmed against this binary, treat the raw ID as a lead not a fact)
0x101dae68	.rdata	Feature enabled - initializing Jolt Physics
0x101dae94	.rdata	Jolt: speculative contact distance = %.4f m
0x101daec0	.rdata	Jolt Physics initialized (threads=%u, maxBodies=%u)
0x101daef8	.rdata	Jolt: static geometry export hooks installed (landscape heightfield + roads + static obstacles via gGlobalSpace walk)
0x101daf70	.rdata	F:\Kraken\extern\joltphysics\Build\..\Jolt/Core/Array.h
0x101dafa8	.rdata	F:\Kraken\extern\joltphysics\Build\..\Jolt/Core/Reference.h
0x101dafe4	.rdata	value == 0 || value == cEmbedded
0x101db008	.rdata	F:\Kraken\extern\joltphysics\Build\..\Jolt/Core/Result.h
0x101db044	.rdata	HasError()
0x101db050	.rdata	IsValid()
0x101db05c	.rdata	inNewCapacity > 0 && inNewCapacity >= mSize
0x101db088	.rdata	Too many calls to Release
0x101db0a4	.rdata	old_value != 0 && old_value != cEmbedded
0x101db0d0	.rdata	F:\Kraken\extern\joltphysics\Build\..\Jolt/Core/STLAllocator.h
0x101db110	.rdata	inNewSize > 0
0x101db370	.rdata	inCoordinate < 4
0x101db384	.rdata	inCoordinate < 3
0x101db398	.rdata	F:\Kraken\extern\joltphysics\Build\..\Jolt/Math/Vec3.h
0x101db3d0	.rdata	F:\Kraken\extern\joltphysics\Build\..\Jolt/Math/Mat44.h
0x101db408	.rdata	inRow < 4
0x101db414	.rdata	inColumn < 4
0x101db424	.rdata	inCol < 4
0x101db430	.rdata	IsNormalized()
0x101db440	.rdata	F:\Kraken\extern\joltphysics\Jolt\Math\Mat44.inl
0x101db474	.rdata	inQuat.IsNormalized()
0x101db48c	.rdata	mCol[0][3] == 0.0f
0x101db4a0	.rdata	mCol[1][3] == 0.0f
0x101db4b4	.rdata	mCol[2][3] == 0.0f
0x101db4d0	.rdata	F:\Kraken\extern\joltphysics\Build\..\Jolt/Physics/Body/BodyID.h
0x101db514	.rdata	(inID & cBroadPhaseBit) == 0 || inID == cInvalidBodyID
0x101db58c	.rdata	HeightField
0x101db630	.rdata	F:\Kraken\extern\joltphysics\Build\..\Jolt/Physics/Collision/Shape/Shape.h
0x101db67c	.rdata	inNumMaterials == 0
0x101db690	.rdata	inNumShapes == 0
0x101db6c0	.rdata	F:\Kraken\extern\joltphysics\Build\..\Jolt/Physics/Body/MotionProperties.h
0x101db710	.rdata	BodyAccess::sCheckRights(BodyAccess::sVelocityAccess(), BodyAccess::EAccess::Read)
0x101db764	.rdata	mCachedMotionType == EMotionType::Dynamic
0x101db790	.rdata	F:\Kraken\extern\joltphysics\Jolt\Physics\Body\MotionProperties.inl
0x101db7d8	.rdata	BodyAccess::sCheckRights(BodyAccess::sPositionAccess(), BodyAccess::EAccess::Read)
0x101db82c	.rdata	F:\Kraken\extern\joltphysics\Build\..\Jolt/Physics/Body/Body.h
0x101db86c	.rdata	IsRigidBody()
0x101db87c	.rdata	!IsStatic()
0x101db888	.rdata	F:\Kraken\extern\joltphysics\Jolt\Physics\Body\Body.inl
0x101db95c	.rdata	Invalid subshape ID
0x101db970	.rdata	F:\Kraken\extern\joltphysics\Build\..\Jolt/Physics/Collision/Shape/ConvexShape.h
0x101db9c4	.rdata	inSubShapeID.IsEmpty()
0x101dba90	.rdata	F:\Kraken\extern\joltphysics\Build\..\Jolt/Physics/Collision/Shape/BoxShape.h
0x101dbae0	.rdata	inHalfExtent.ReduceMin() >= 0.0f
0x101dbb04	.rdata	inConvexRadius >= 0.0f
0x101dbbb8	.rdata	F:\Kraken\extern\joltphysics\Build\..\Jolt/Physics/Collision/Shape/SphereShape.h
0x101dbc0c	.rdata	inRadius > 0.0f
0x101dbc20	.rdata	F:\Kraken\extern\joltphysics\Build\..\Jolt/Physics/Collision/Shape/CompoundShape.h
0x101dbc74	.rdata	Invalid SubShapeID
0x101dbc88	.rdata	idx < mSubShapes.size()
0x101dbd00	.rdata	F:\Kraken\extern\joltphysics\Build\..\Jolt/Physics/Vehicle/Wheel.h
0x101dbd44	.rdata	HasContact()
0x101dbda8	.rdata	F:\Kraken\extern\joltphysics\Build\..\Jolt/Physics/Collision/GroupFilterTable.h
0x101dbdf8	.rdata	inSubGroup1 != inSubGroup2
0x101dbe14	.rdata	inSubGroup2 < mNumSubGroups
0x101dbe68	.rdata	map/set too long
0x101dbe80	.rdata	Shadow: no usable vehicle-part geoms for compound chassis shape (parts=%d geoms=%d) - falling back to bounding box
0x101dbef4	.rdata	joltshadow
0x101dbf00	.rdata	Shadow: compound chassis shape creation failed (%s) - falling back to bounding box
0x101dbf58	.rdata	Shadow: compound chassis shape built - %d part(s), %d geom(s) (%d box, %d sphere, %d capsule, %d skipped)
0x101dbfc8	.rdata	Shadow (%s): wheel proxy body creation failed for wheel=%u (out of bodies?)
0x101dc018	.rdata	Shadow (%s): wheel=%u exceeds kMaxWheelsPerVehicleGroupFilter=%u - self-collision exclusion not applied for this wheel, relying on geometric separation only
0x101dc0b8	.rdata	Shadow (%s): wheel proxy built for wheel=%u - engages only beyond %.3fm from attachment (wheel's own raycast already covers up to there), extra reach margin %.1fm
0x101dc168	.rdata	docs §71: drivetrain inertia gear=%d ratio=%.2f I_refl=%.1f kg*m^2 (disc %.2f)
0x101dc1b8	.rdata	Shadow (%s): wheel %zu compound shape failed: %s
0x101dc1ec	.rdata	Shadow (%s): wheel %zu body creation failed (out of bodies?)
0x101dc230	.rdata	docs §75: constraint frame (%s) w=%zu axle.fwd=%+.4f (%.2f deg off perpendicular) | anchorOffsetFromWheelCentre=%.4f m (restLen)
0x101dc2b8	.rdata	docs §60 (%s): wheel %zu predicted static sag %.3fm EXCEEDS compression headroom %.3fm (range %.3f, fraction %.2f) - it will rest on the bump stop once grounded
0x101dc360	.rdata	docs §95.4 (%s): wheel mass %.1f is >=90%% of vehicle mass %.1f - NOT subtracting; the shadow stays heavier than ODE for this vehicle
0x101dc3e8	.rdata	docs §58 (%s): mode 4 - built %zu wheel bodies + SixDOF constraints (chassisMass=%.1f, massFloor=%.2f) | docs §95.4 wheelMass=%.1f chassisMassFinal=%.1f total=%.1f
0x101dc490	.rdata	Shadow (%s): waiting to settle before building wheel proxies - frame=%llu speed=%.3fm/s consecutiveSlow=%u
0x101dc500	.rdata	Shadow (%s): wheel proxies built post-settle (speed=%.3fm/s, frame=%llu, settled=%d, viaTimeout=%d)
0x101dc568	.rdata	docs §54.5: deferred_destroy=1 ignored for the VehicleConstraint path - untracked wheel-proxy bodies/constraints still reference the chassis and destroying it crashes (reproduced 4/4). Falling back to leak-forever here. Set deferred_destroy=2 to test the docs §61 RTTI hypothesis against it.
0x101dc690	.rdata	docs §54.4: deferred destroy drained - %zu body(ies), %zu constraint(s) freed, %zu dangling constraint(s) swept (see §54.5 - these would have been a use-after-free)
0x101dc738	.rdata	docs §54 axis-audit (%s): no wheel has a live Hinge2 joint yet - convention UNVERIFIED for this vehicle
0x101dc7a8	.rdata	docs §54 axis-audit (%s) w=%u: axis1_local=(%.3f,%.3f,%.3f) vs assumedSusp -> %.2f deg | axis2_local=(%.3f,%.3f,%.3f) vs assumedAxle -> %.2f deg | axis1^axis2 off-perp %.2f deg || kSusp=%.0f N/m cSusp=%.0f Ns/m range=%.3f R=%.3f mWheel=%.1f driven=%d steer=%d
0x101dc8b0	.rdata	CONFIRMED
0x101dc8bc	.rdata	**VIOLATED - build the strut frame from real axes**
0x101dc8f0	.rdata	docs §54 axis-audit SUMMARY (%s): worst susp %.2f deg, worst axle (unsteered only) %.2f deg, worst off-perp %.2f deg -> convention %s
0x101dc978	.rdata	Shadow build skipped (%s): vehicle has no wheels
0x101dc9ac	.rdata	Shadow chassis shape creation failed (%s): %s
0x101dc9dc	.rdata	Shadow chassis body creation failed (%s, out of bodies?)
0x101dca18	.rdata	docs §93: chassis inertia (%s) mass=%.1f | JOLT(compound) = (%.1f, %.1f, %.1f) | ODE(box %.2fx%.2fx%.2f) = (%.1f, %.1f, %.1f) | ratio = (%.2f, %.2f, %.2f)
0x101dcab4	.rdata	Shadow build skipped (%s): no present wheels found on vehicle
0x101dcaf8	.rdata	Shadow (%s): no driven wheels detected, shadow vehicle will coast only
0x101dcb40	.rdata	Shadow (%s): wheelmodel APPLY mode - VehicleConstraint built but NOT simulated; chassis driven by wheelmodel_core (%zu wheels)
0x101dcbc0	.rdata	Shadow vehicle #%u built (%s): %u wheels (%d driven axle(s)), mass=%.1f, chassis=%.2fx%.2fx%.2f, susp_mult=%.2fx/damp=%.2f, friction=%.2f/%.2f
0x101dcc50	.rdata	Shadow divergence (%s): pos=%.3fm vel=%.3fm/s angle=%.1fdeg (jolt com=[%.1f %.1f %.1f] ode com=[%.1f %.1f %.1f])
0x101dccc8	.rdata	docs §32: no-contact raycast (%s) wheel=%zu bodyPos=(%.2f,%.2f,%.2f) localMPos=(%.3f,%.3f,%.3f) origin=(%.2f,%.2f,%.2f) dir=(%.3f,%.3f,%.3f) normalRayLen=%.3f groundFoundAt=%.3f shortfallBeyondTravel=%.3f hitBody=%u hitLayer=%u hitMotion=%d hitIsSelfChassis=%d
0x101dcdd0	.rdata	docs §32: no-contact raycast (%s) wheel=%zu origin=(%.2f,%.2f,%.2f) dir=(%.3f,%.3f,%.3f) normalRayLen=%.3f - NO GROUND FOUND within %.1fm along this ray at all
0x101dce90	.rdata	docs §39.1: wheelmodel eval (%s) wheel=%zu - no manifold contacts
0x101dced8	.rdata	docs §39.1: wheelmodel eval (%s) wheel=%zu hits=%d groundSlot=%d pen=%.3f F_ground=(%.0f,%.0f,%.0f) |F|=%.0f fpar=%.0f (m=%.1f dt=%.4f)
0x101dcf68	.rdata	docs §44: wm bottomed-out (%s) w=%zu frames=%d preClampFriction=%.0f maxForce=%.0f suspForce=%.0f hardStop=%.0f comp=%.3f compMax=%.3f pen=%.3f
0x101dd000	.rdata	docs §43: wm apply (%s) w=%zu drv=%d n=%d gSlot=%d pen=%.3f comp=%.3f suspF=%.0f omega=%.1f thr=%.2f fwd=(%.2f,%.2f,%.2f) Fg=(%.0f,%.0f,%.0f) fpar=%.0f gear=%d rpm=%.0f maxTq=%.0f muReal=%.3f compMax=%.3f mUnsprung=%.1f soilMu=%.3f
0x101dd0f0	.rdata	docs §51 torque-trace (%s): alphaY fric=%.3f vert=%.3f hardStop=%.3f obstSide=%.3f | torqueY fric=%.0f vert=%.0f hardStop=%.0f obstSide=%.0f | vAngY=%.3f tiltDeg=%.1f
0x101dd198	.rdata	docs §70.1: slipdense (%s) f=%llu w=%zu grounded=%d kappa=%.3f fnGround=%.0f omega=%.2f | ftGround=%.0fN target=%.1f limit=%.0fNm motorNm=%.0f tyreNm=%.0f inertia=%.2f limRot=%.0f/%.0f/%.0f omegaPre=%.2f posN=%.0f/%.0f/%.0f susp=%.4f springN=%.0f
0x101dd290	.rdata	  *** EXCEEDS GEOMETRIC BOUND ***
0x101dd2b8	.rdata	docs §59/63: harvest (%s) wheelsWithContact=%u contactPoints=%u overflow=%u (of %u) | maxNormalF=%.0fN bound(k_t*tau)=%.0fN ratio=%.2f%s
0x101dd348	.rdata	docs §58: wheel body (%s) w=%zu springF=%.0fN stopF=%.0fN travel=%.4f (limits %.4f..%.4f rel spawn) kSusp=%.0f sagPredicted=%.4f | frameTrav=%.4f..%.4f frameStopN=%.0f
0x101dd3f8	.rdata	docs §66: tyre band (%s) w=%zu fnGround=%.0fN fnTotal=%.0fN pen=%.5f penRaw=%.5f tau=%.5f pen/tau=%.2f | recs tyre=%u rim=%u survived=%u stale=%u distMax=%.2fR
0x101dd4a0	.rdata	docs §68: steer (%s) w=%zu steerable=%d commanded=%.3f rad measured=%.3f rad err=%.2f deg steerSign=%+.0f steerTq=%.0fNm cap=%.0fNm sat=%.2f
0x101dd530	.rdata	docs §70: slip (%s) w=%zu grounded=%d kappa=%.3f fnGround=%.0fN omega=%.2f
0x101dd580	.rdata	docs §67: spin (%s) w=%zu driven=%d omega=%.2f rad/s surfaceSpeed=%.2f m/s spinSign=%+.0f motorTq=%.0fNm cmdTq=%.0fNm
0x101dd5f8	.rdata	docs §67: drivetrain (%s) gear=%d rpm=%.0f driveTorque=%.0fNm perWheel=%.0fNm driven=%u throttle=%.2f spin=%d | PRE-STEP brake=%.2f handBrake=%d
0x101dd690	.rdata	docs §66: tyre band SUM (%s) fnGroundSum=%.0fN fnTotalSum=%.0fN weight=%.0fN carried=%.2f | penSum=%.5f recs tyre=%u rim=%u stale=%u
0x101dd718	.rdata	docs §78: attdense (%s) f=%llu joltTilt=%.2f odeTilt=%.2f upDelta=%.2f wBody=(%.2f,%.2f,%.2f) |w|=%.2f grounded=%u
0x101dd790	.rdata	docs §87: resync landing (player) w=%zu pre=%.4f post=%.4f m R=%.3f dY=%.4f dRotDeg=%.2f |corr|=%.4f m
0x101dd7f8	.rdata	docs §23.6: driver input (%s) realThrottle=%.2f brake=%.2f handBrake=%d steerRad=%.3f
0x101dd850	.rdata	docs §32: Jolt SHADOW chassis pitch (%s) forward=(%.3f, %.3f, %.3f)
0x101dd898	.rdata	docs §69: tilt (%s) jolt=%.1f deg ode=%.1f deg delta=%+.1f deg upDelta=%.2f deg
0x101dd8ec	.rdata	 (no ground found within 20m straight down)
0x101dd918	.rdata	docs §32.4: Jolt SHADOW chassis lowest corner (%s) = (%.2f,%.2f,%.2f) clearanceToGround=%.3f%s
0x101dd978	.rdata	docs §23.5: wheel state (%s) wheel=%zu contact=%d suspLen=%.3f (range %.3f-%.3f, %.0f%% compressed) angVel=%.2f
0x101dd9f8	.rdata	docs §38.11: wheel=%zu ON surface=%s contactNormal=(%.3f,%.3f,%.3f) worldAxle=(%.3f,%.3f,%.3f)
0x101dda58	.rdata	docs §38.11: wheel=%zu NO contact, worldAxle=(%.3f,%.3f,%.3f)
0x101dda98	.rdata	docs §30: REAL ODE chassis COM (%s) body=%p = (%.3f, %.3f, %.3f) forward=(%.3f, %.3f, %.3f)
0x101ddaf8	.rdata	docs §33: real ODE chassis geom (%s) #%d = transform, inner class=%d pos=(%.3f,%.3f,%.3f)
0x101ddb58	.rdata	docs §33: real ODE chassis geom (%s) #%d = transform, inner class=%d
0x101ddba0	.rdata	docs §33: real ODE chassis geom (%s) #%d = class %d (not a transform) pos=(%.3f,%.3f,%.3f) radius=%.3f
0x101ddc08	.rdata	docs §33: real ODE chassis (%s) has %d total geom(s) directly attached (%d transform(s)) - compare against BuildChassisCompoundShape's own part/geom count in the build log
0x101ddcb8	.rdata	docs §28: REAL ODE wheel state (%s) wheel=%u displacement=%.4f range=%.3f (%.0f%% compressed, signed) foreAft=%.3f localZ=%.3f cfm=%.6f erp=%.4f
0x101ddd50	.rdata	Shadow apply (%s): non-finite Jolt state, skipping this frame (leaving ODE in control)
0x101ddda8	.rdata	Shadow apply (%s): Jolt speed %.1f m/s exceeds %.1f m/s cap, skipping this frame (leaving ODE in control)
0x101dde18	.rdata	Shadow apply (%s): chassis had %d ODE joint(s) attached (baseline %d structural) before this frame's DisablePhysics (docs §22.3 ramming risk observed live)
0x101ddeb8	.rdata	Shadow apply (%s): wheel %zu had %d ODE joint(s) attached (baseline %d structural) before this frame's DisablePhysics (docs §22.3/§7 wheel-ground contact-joint check)
0x101ddf68	.rdata	[jolt_profile] ode_step_avg_ms=%.2f jolt_total_avg_ms=%.2f | physics_update_avg_ms=%.2f wheelmodel_avg_ms=%.2f mirror_avg_ms=%.2f applyvehicle_avg_ms=%.2f applyvehicle_calls_per_frame=%.2f | contact_pairs_per_frame=%.1f contact_points_per_frame=%.1f active_bodies_per_frame=%.1f substeps_per_frame=%.2f | frames=%llu
0x101de0a8	.rdata	Shadow (%s): a wheel present at build time is now gone/replaced, rebuilding
0x101de0f8	.rdata	docs §82: resync (%s) #%u dt=%.2fs upMax=%.3f deg posMax=%.3f m odeTiltPath=%.3f deg gain=%.4f
0x101de158	.rdata	docs §82: resync RESIDUAL (%s) #%u pos=%.4f m up=%.4f deg
0x101de198	.rdata	Stage 3: selected %u AI vehicle(s) for Jolt shadow (requested %u)
0x101de1e0	.rdata	Jolt: other-vehicle mirror body creation failed (out of bodies?)
0x101de22c	.rdata	0.0,0.0,0.0,0.0,0
0x101de240	.rdata	0.2,1.0,0.0,0.0,0
0x101de254	.rdata	3.0,1.0,0.0,0.0,0
0x101de268	.rdata	3.2,1.0,0.5,0.0,0
0x101de27c	.rdata	5.0,1.0,0.5,0.0,0
0x101de290	.rdata	5.2,0.0,0.0,1.0,0
0x101de2a4	.rdata	7.0,0.0,0.0,1.0,0
0x101de2b8	.rdata	7.2,0.0,0.0,1.0,1
0x101de2cc	.rdata	9.0,0.0,0.0,1.0,1
0x101de2e0	.rdata	Autotune: %s after %u trial(s). Best score=%.4f - susp_frequency=%.2f susp_damping=%.2f friction_long=%.2f friction_lat=%.2f
0x101de360	.rdata	Autotune: to keep these, set in kraken.ini [jolt_harness]: susp_frequency=%.2f susp_damping=%.2f friction_long=%.2f friction_lat=%.2f
0x101de3e8	.rdata	simplex converged (every vertex agrees to within tolerance on every axis), stopping early
0x101de444	.rdata	trial budget exhausted, stopping
0x101de468	.rdata	autotune_
0x101de474	.rdata	bootstrap 1/5 (baseline)
0x101de490	.rdata	bootstrap %d/5 (%s)
0x101de4b4	.rdata	contract
0x101de4c0	.rdata	shrink %d/4
0x101de4d0	.rdata	Autotune trial %u/%u starting (%s): susp_mult=%.2fx/damp=%.2f friction=%.2f/%.2f
0x101de524	.rdata	Autotune trial %u result: score=%.4f (best so far=%.4f)
0x101de560	.rdata	Autotune requires [testharness] enabled=1 (it drives testharness's own scripted-replay file protocol) - disabling autotune
0x101de5e0	.rdata	Autotune requires [jolt_harness] apply=0 - Jolt must not drive the real vehicle during tuning, or the ODE 'ground truth' the score is measured against would already be corrupted by Jolt's own output - disabling autotune
0x101de6c0	.rdata	Autotune: failed to write default scenario.csv - disabling autotune
0x101de708	.rdata	Autotune: starting Nelder-Mead simplex search, up to %u trial(s), baseline susp_mult=%.2fx/damp=%.2f friction=%.2f/%.2f, score = pos_rmse + %.2f*vel_rmse + %.2f*angle_rmse_deg (approximate weights, see docs section 8.4/8.5)
0x101de7e8	.rdata	Autotune: player vehicle changed mid-run (likely testharness autoload swapping in the real save) - discarding the %u trial(s) run so far and restarting the search against the new vehicle's spawn point
0x101de8b8	.rdata	Autotune: player vehicle changed mid-run - scenario.csv is user-provided so it's left untouched, but restarting the search bookkeeping against the new vehicle (discarding %u trial(s) run so far)
0x101de990	.rdata	docs §23.11: ram pushback applied - jolt-driven=%p mirrored=%p closingSpeed=%.2f impulse=%.1f
0x101de9f0	.rdata	docs §23.4: live ram-damage call involves the PLAYER vehicle (v1=%p v2=%p player=%p) dSpeed=%.2f
0x101dea58	.rdata	docs §23.4: ram-damage diagnostic installed (ai::CalcDamageToVehicles @ 0x0088F700)
0x101deac0	.rdata	docs §39 SelfTest[1] flat: F=(%.1f,%.1f,%.1f) -> %s
0x101deaf8	.rdata	docs §39 SelfTest[3] wall-climb: F=(%.1f,%.1f,%.1f) fpar=%.2f -> %s
0x101deb40	.rdata	docs §39 SelfTest[4] classify: ground=%d obstacle=%d -> %s
0x101deb7c	.rdata	docs §39 wheelmodel_core SelfTest overall: %s
0x101debb0	.rdata	Feature enabled but Jolt PhysicsSystem is not initialized ([jolt] enabled=1 is required) - skipping
0x101dec18	.rdata	Feature enabled - Jolt WILL DRIVE the player's vehicle this run (player_only=%u, max_speed=%.0fm/s gate)
0x101dec88	.rdata	Feature enabled - shadowing the player's vehicle in a parallel Jolt VehicleConstraint (read-only, logs divergence only)
0x101ded00	.rdata	 and driven
0x101ded0c	.rdata	Stage 3: up to %u AI vehicle(s) will also be shadowed%s
0x101ded48	.rdata	Autotune (docs section 8.5/16/20.3) enabled - will run a Nelder-Mead simplex search over suspension/friction using testharness's scripted-replay protocol once a save is loaded (up to %u trials)
0x101dee10	.rdata	Suspension/friction tuning: susp_frequency=%.2fHz susp_damping=%.2f friction_long=%.2f friction_lat=%.2f (from kraken.ini, autotune disabled)
0x101deea0	.rdata	inIdx < mSize
0x101deeb0	.rdata	Can't pass an element from the array to push_back
0x101deee4	.rdata	&inValue < mElements || &inValue >= mElements + mSize
0x101def1c	.rdata	F:\Kraken\extern\joltphysics\Build\..\Jolt/Core/StaticArray.h
0x101def5c	.rdata	Can't pass an element from the array to resize
0x101def8c	.rdata	old < cEmbedded
0x101def9c	.rdata	vector<bool> too long
0x101df29f	.rdata	?./kraken.log
0x101df330	.rdata	%Y-%m-%d %H:%M:%S
0x101df354	.rdata	%s%-8s %s %s - %s%s
0x101df418	.rdata	GetRefCount
0x101df424	.rdata	GetClassName
0x101df434	.rdata	IsKindOf
0x101df488	.rdata	Child already exists: %s
0x101df4ac	.rdata	Warning: node have no name, added default
0x101df4e8	.rdata	ChildNodeFromXmlNode: node w/ same name already exists as a child: '%s', address = %p
0x101df548	.rdata	ChildNodeFromXmlNode: Cannot load node: name = %s
0x101df57c	.rdata	ChildNodeFromXmlFile: invalid 'extern' format: %s
0x101df5b0	.rdata	ChildNodeFromXmlFile: %s
0x101df5d4	.rdata	ChildNodeFromXmlFile: Prefabs node should be root node in %s
0x101df614	.rdata	ChildNodeFromXmlFile: cannot find %s in %s
0x101df640	.rdata	Object%d
0x101df784	.rdata	F:\Kraken\extern\joltphysics\Jolt\Core\Memory.cpp
0x101df7b8	.rdata	inSize > 0
0x101df7c4	.rdata	inSize > 0 && inAlignment > 0
0x101df828	.rdata	Mismatching define %s.
0x101df840	.rdata	Version mismatch, make sure you compile the client code with the same Jolt version and compiler definitions!
0x101df8b0	.rdata	Client reported version %d.%d.%d, library version is %d.%d.%d.
0x101df8f0	.rdata	JPH_DOUBLE_PRECISION
0x101df908	.rdata	JPH_CROSS_PLATFORM_DETERMINISTIC
0x101df92c	.rdata	JPH_FLOATING_POINT_EXCEPTIONS_ENABLED
0x101df954	.rdata	JPH_PROFILE_ENABLED
0x101df968	.rdata	JPH_EXTERNAL_PROFILE
0x101df980	.rdata	JPH_DEBUG_RENDERER
0x101df994	.rdata	JPH_DISABLE_TEMP_ALLOCATOR
0x101df9b0	.rdata	JPH_DISABLE_CUSTOM_ALLOCATOR
0x101df9d0	.rdata	JPH_OBJECT_LAYER_BITS
0x101df9e8	.rdata	JPH_ENABLE_ASSERTS
0x101df9fc	.rdata	JPH_OBJECT_STREAM
0x101dfa10	.rdata	Need to supply an allocator first or call RegisterDefaultAllocator()
0x101dfa58	.rdata	F:\Kraken\extern\joltphysics\Jolt\RegisterTypes.cpp
0x101dfa90	.rdata	Allocate != nullptr && Reallocate != nullptr && Free != nullptr && AlignedAllocate != nullptr && AlignedFree != nullptr
0x101dfb08	.rdata	Need to create a factory first!
0x101dfb28	.rdata	Factory::sInstance != nullptr
0x101dfb50	.rdata	F:\Kraken\extern\joltphysics\Jolt\Core\Reference.h
0x101dfb84	.rdata	F:\Kraken\extern\joltphysics\Jolt\Core\JobSystem.h
0x101dfbb8	.rdata	barrier != cBarrierDoneState
0x101dfbd8	.rdata	state == cExecutingState
0x101dfc18	.rdata	F:\Kraken\extern\joltphysics\Jolt\Core\Mutex.h
0x101dfc74	.rdata	F:\Kraken\extern\joltphysics\Jolt\Core\JobSystemThreadPool.cpp
0x101dfcb4	.rdata	mThreads.empty()
0x101dfcc8	.rdata	JPH::JobSystemThreadPool::CreateJob
0x101dfcec	.rdata	No jobs available!
0x101dfd00	.rdata	JPH::JobSystemThreadPool::QueueJob
0x101dfd24	.rdata	JPH::JobSystemThreadPool::QueueJobs
0x101dfd48	.rdata	inNumJobs > 0
0x101dfd58	.rdata	SetThreadDescription
0x101dfd8c	.rdata	Worker %d
0x101dfd98	.rdata	Executing Jobs
0x101dfda8	.rdata	F:\Kraken\extern\joltphysics\Jolt\Core\Array.h
0x101dfdd8	.rdata	F:\Kraken\extern\joltphysics\Jolt\Core\FixedSizeFreeList.inl
0x101dfe18	.rdata	mNumFreeObjects.load(memory_order_relaxed) == mNumPages * mPageSize
0x101dfe5c	.rdata	inPageSize > 0 && IsPowerOf2(inPageSize)
0x101dfe88	.rdata	mPages == nullptr
0x101dfe9c	.rdata	index < mNumObjectsAllocated
0x101dfebc	.rdata	inObjectIndex != cInvalidObjectIndex
0x101dff14	.rdata	F:\Kraken\extern\joltphysics\Jolt\Math\Vec4.h
0x101dff44	.rdata	F:\Kraken\extern\joltphysics\Jolt\Math\Mat44.h
0x101dff78	.rdata	F:\Kraken\extern\joltphysics\Jolt\Physics\Body\MotionProperties.h
0x101dffc0	.rdata	BodyAccess::sCheckRights(BodyAccess::sVelocityAccess(), BodyAccess::EAccess::ReadWrite)
0x101e0018	.rdata	inLinearVelocity >= 0.0f
0x101e0034	.rdata	inAngularVelocity >= 0.0f
0x101e0050	.rdata	isfinite(len_sq)
0x101e0064	.rdata	F:\Kraken\extern\joltphysics\Jolt\Physics\Body\Body.h
0x101e009c	.rdata	IsDynamic()
0x101e00a8	.rdata	Should check Succeeded() first
0x101e00c8	.rdata	F:\Kraken\extern\joltphysics\Jolt\Physics\Body\BodyLock.h
0x101e0104	.rdata	mBody != nullptr
0x101e0118	.rdata	F:\Kraken\extern\joltphysics\Jolt\Core\STLAllocator.h
0x101e0160	.rdata	SerializableObject
0x101e0176	.rdata	L=F:\Kraken\extern\joltphysics\Jolt\Math\Vec3.h
0x101e02d0	.rdata	F:\Kraken\extern\joltphysics\Jolt\Physics\Collision\Shape\ScaledShape.h
0x101e0318	.rdata	Cannot call on non-leaf shapes, use CollectTransformedShapes to collect the leaves first!
0x101e0374	.rdata	ShapeSettings
0x101e0384	.rdata	mUserData
0x101e0390	.rdata	Can't use zero scale!
0x101e03c0	.rdata	F:\Kraken\extern\joltphysics\Jolt\Core\Result.h
0x101e03f0	.rdata	F:\Kraken\extern\joltphysics\Jolt\Core\HashTable.h
0x101e0424	.rdata	Overflow in hash table size, can't grow!
0x101e0450	.rdata	mControl[dst] == cBucketDeleted
0x101e0470	.rdata	inserted
0x101e047c	.rdata	inIndex < mMaxSize
0x101e04e0	.rdata	F:\Kraken\extern\joltphysics\Jolt\Physics\Body\BodyID.h
0x101e0518	.rdata	inID <= cMaxBodyIndex
0x101e0530	.rdata	(old_val & uint8(EFlags::InvalidateContactCache)) != 0
0x101e0568	.rdata	mMotionProperties == nullptr
0x101e0588	.rdata	F:\Kraken\extern\joltphysics\Jolt\Physics\PhysicsLock.h
0x101e05c0	.rdata	F:\Kraken\extern\joltphysics\Jolt\Physics\Body\BodyManager.cpp
0x101e0600	.rdata	active_bodies == nullptr
0x101e0620	.rdata	This function should only be called on a body that doesn't have an ID yet, use DestroyBody otherwise
0x101e0688	.rdata	inBody->GetID().IsInvalid()
0x101e06a4	.rdata	mBodyIDFreeListStart & cIsFreedBody
0x101e06c8	.rdata	!sIsValidBodyPointer(mBodies[idx])
0x101e06ec	.rdata	body->GetID() == inBodyID
0x101e0708	.rdata	!body->IsActive()
0x101e071c	.rdata	Use BodyInterface::RemoveBody to remove this body first!
0x101e0758	.rdata	!body->IsInBroadPhase()
0x101e0770	.rdata	mNumBodies >= (uint)inNumber
0x101e0790	.rdata	num_active_bodies_val < GetMaxBodies()
0x101e07b8	.rdata	last_body.mMotionProperties->mIndexInActiveBodies == last_body_index
0x101e0800	.rdata	!mActiveBodiesLocked || sOverrideAllowActivation
0x101e0834	.rdata	body.GetID() == body_id
0x101e084c	.rdata	Use BodyInterface::AddBody to add the body first!
0x101e0880	.rdata	body.IsInBroadPhase()
0x101e0898	.rdata	!mActiveBodiesLocked || sOverrideAllowDeactivation
0x101e08cc	.rdata	JPH::BodyManager::GetActiveBodies
0x101e08f0	.rdata	MutexMask must have enough bits
0x101e0910	.rdata	sizeof(MutexMask) * 8 >= mBodyMutexes.GetNumMutexes()
0x101e0950	.rdata	JPH::MutexArray<class JPH::SharedMutex>::UnlockAll
0x101e0984	.rdata	JPH::MutexArray<class JPH::SharedMutex>::LockAll
0x101e09b8	.rdata	F:\Kraken\extern\joltphysics\Jolt\Core\MutexArray.h
0x101e09ec	.rdata	mMutexStorage == nullptr
0x101e0a08	.rdata	inNumMutexes > 0 && IsPowerOf2(inNumMutexes)
0x101e0a4a	.rdata	L=F:\Kraken\extern\joltphysics\Jolt\Core\StaticArray.h
0x101e0a84	.rdata	mSize < N
0x101e0a90	.rdata	F:\Kraken\extern\joltphysics\Jolt\Math\Math.h
0x101e0ac0	.rdata	Assuming both points are on opposite ends of the plane
0x101e0af8	.rdata	F:\Kraken\extern\joltphysics\Jolt\Physics\Collision\Shape\PolyhedronSubmergedVolumeCalculator.h
0x101e0b58	.rdata	Sign(inD1) != Sign(inD2)
0x101e0b78	.rdata	A face using the reference point will not contribute to the volume
0x101e0bc0	.rdata	inIdx1 != mReferencePointIdx && inIdx2 != mReferencePointIdx && inIdx3 != mReferencePointIdx
0x101e0c20	.rdata	F:\Kraken\extern\joltphysics\Jolt\Geometry\EPAConvexHullBuilder.h
0x101e0c64	.rdata	!mRemoved
0x101e0c70	.rdata	inT->mRemoved
0x101e0c80	.rdata	e.mNeighbourTriangle == nullptr
0x101e0ca0	.rdata	inEdge1 >= 0 && inEdge1 < 3
0x101e0cbc	.rdata	inEdge2 >= 0 && inEdge2 < 3
0x101e0cd8	.rdata	e1.mNeighbourTriangle == nullptr
0x101e0cfc	.rdata	e2.mNeighbourTriangle == nullptr
0x101e0d20	.rdata	e1.mStartIdx == inT2->GetNextEdge(inEdge2).mStartIdx
0x101e0d58	.rdata	e2.mStartIdx == inT1->GetNextEdge(inEdge1).mStartIdx
0x101e0d90	.rdata	neighbour_edge.mNeighbourTriangle == inT
0x101e0dbc	.rdata	neighbour_edge.mNeighbourEdge == i
0x101e0de0	.rdata	outEdges.empty()
0x101e0df4	.rdata	inFacingTriangle->IsFacing(inVertex)
0x101e0e1c	.rdata	cur_stack_pos < cMaxEdgeLength
0x101e0e40	.rdata	outEdges.empty() || outEdges[0].mStartIdx == next_expected_start_idx
0x101e0e88	.rdata	inIdx0 != inIdx1 && inIdx0 != inIdx2 && inIdx1 != inIdx2
0x101e0ec4	.rdata	ConvexShapeSettings
0x101e0ed8	.rdata	mDensity
0x101e0ee4	.rdata	mMaterial
0x101e0ef0	.rdata	JPH::ConvexShape::sCollideConvexVsConvex
0x101e0f20	.rdata	F:\Kraken\extern\joltphysics\Jolt\Physics\Collision\Shape\ConvexShape.cpp
0x101e0f6c	.rdata	inShape1->GetType() == EShapeType::Convex
0x101e0f98	.rdata	inShape2->GetType() == EShapeType::Convex
0x101e0fc4	.rdata	JPH::ConvexShape::CastRay
0x101e0fe0	.rdata	JPH::ConvexShape::sCastConvexVsConvex
0x101e1008	.rdata	inShapeCast.mShape->GetType() == EShapeType::Convex
0x101e103c	.rdata	inShape->GetType() == EShapeType::Convex
0x101e1068	.rdata	IsAligned(&ioContext, alignof(CSGetTrianglesContext))
0x101e10a0	.rdata	inMaxTrianglesRequested >= cGetTrianglesMinTrianglesRequested
0x101e10e0	.rdata	The GetSupportingFace function should either return nothing or at least an edge
0x101e1130	.rdata	face.size() >= 2
0x101e1144	.rdata	inNumMaterials == 1
0x101e1158	.rdata	this->IsValid()
0x101e1168	.rdata	mSize > 0
0x101e1178	.rdata	F:\Kraken\extern\joltphysics\Jolt\Geometry\EPAPenetrationDepth.h
0x101e11bc	.rdata	!ioV.IsNearZero()
0x101e11d0	.rdata	JPH::EPAPenetrationDepth::GetPenetrationDepthStepEPA
0x101e1208	.rdata	inTolerance >= FLT_EPSILON
0x101e1224	.rdata	support_points.mY[0].IsNearZero(Square(mGJKTolerance))
0x101e1294	.rdata	support_points.mY.size() >= 3
0x101e12b4	.rdata	t->mRemoved
0x101e12c0	.rdata	F:\Kraken\extern\joltphysics\Jolt\Geometry\GJKClosestPoint.h
0x101e1300	.rdata	v_len_sq == 0.0f
0x101e1314	.rdata	ioV.LengthSq() == v_len_sq
0x101e14e0	.rdata	F:\Kraken\extern\joltphysics\Jolt\Core\LockFreeHashMap.inl
0x101e151c	.rdata	mObjectStore == nullptr
0x101e1534	.rdata	!inLinearVelocity.IsNaN()
0x101e1550	.rdata	!inAngularVelocity.IsNaN()
0x101e1570	.rdata	BodyAccess::sCheckRights(BodyAccess::sPositionAccess(), BodyAccess::EAccess::ReadWrite)
0x101e15c8	.rdata	!mPosition.IsNaN()
0x101e15dc	.rdata	!mRotation.IsNaN()
0x101e15f0	.rdata	F:\Kraken\extern\joltphysics\Jolt\Physics\Constraints\ContactConstraintManager.cpp
0x101e1644	.rdata	inMaxContactConstraints <= cMaxContactConstraintsLimit
0x101e167c	.rdata	Cannot support this many body pairs!
0x101e16a4	.rdata	max_body_pairs == inMaxBodyPairs
0x101e16c8	.rdata	JPH::ContactConstraintManager::ManifoldCache::Clear
0x101e16fc	.rdata	mIsFinalized
0x101e170c	.rdata	!mIsFinalized
0x101e1720	.rdata	JPH::ContactConstraintManager::ManifoldCache::ContactPointRemovedCallbacks
0x101e176c	.rdata	mConstraints == nullptr
0x101e1784	.rdata	mConstraintIdxToOffset == nullptr
0x101e17a8	.rdata	Cannot support this many contact constraints!
0x101e17d8	.rdata	mMaxConstraints == inMaxContactConstraints
0x101e184c	.rdata	JPH::ContactConstraintManager::AddContactConstraint
0x101e1880	.rdata	inManifold.mWorldSpaceNormal.IsNormalized()
0x101e18b0	.rdata	Sensors cannot be converted into regular bodies by a contact callback!
0x101e18f8	.rdata	outSettings.mIsSensor || !(inBody1.IsSensor() || inBody2.IsSensor())
0x101e1940	.rdata	Hash collision, ordering will be inconsistent
0x101e1970	.rdata	inLHS == inRHS
0x101e1980	.rdata	JPH::ContactConstraintManager::SortContacts
0x101e19b0	.rdata	JPH::ContactConstraintManager::FinalizeContactCacheAndCallContactPointRemovedCallbacks
0x101e1a08	.rdata	old_write_cache.GetNumBodyPairs() == inExpectedNumBodyPairs
0x101e1a44	.rdata	old_write_cache.GetNumManifolds() == inExpectedNumManifolds
0x101e1aa4	.rdata	JPH::ContactConstraintManager::SolveVelocityConstraints
0x101e1b24	.rdata	JPH::ContactConstraintManager::SolvePositionConstraints
0x101e1b5c	.rdata	inMaxBuckets >= 4 && IsPowerOf2(inMaxBuckets)
0x101e1b8c	.rdata	mBuckets == nullptr
0x101e1ba0	.rdata	IsAligned(start, 16)
0x101e1bb8	.rdata	mNumKeyValues == 0
0x101e1bcc	.rdata	inNumBuckets <= mMaxBuckets
0x101e1be8	.rdata	inNumBuckets >= 4 && IsPowerOf2(inNumBuckets)
0x101e1c18	.rdata	mOffset != cInvalidHandle
0x101e1c34	.rdata	mBucket < mMap->mNumBuckets
0x101e1c50	.rdata	Find(inKey, inKeyHash) == nullptr
0x101e1c74	.rdata	intptr_t(kv) % alignof(KeyValue) == 0
0x101e1c9c	.rdata	Add Constraint From Cached Manifold
0x101e1cc0	.rdata	input_cm.mNumContactPoints > 0
0x101e1ce0	.rdata	settings.mIsSensor || !(inBody1.IsSensor() || inBody2.IsSensor())
0x101e1d24	.rdata	num_contact_points <= MaxContactPoints
0x101e1d50	.rdata	num_contact_points == (int)inManifold.mRelativeContactPointsOn2.size()
0x101e1dbc	.rdata	JPH::ContactConstraintManager::WarmStartVelocityConstraints
0x101e1e1c	.rdata	F:\Kraken\extern\joltphysics\Jolt\Math\Vector.h
0x101e1e4c	.rdata	inCoordinate < Rows
0x101e1e60	.rdata	F:\Kraken\extern\joltphysics\Jolt\Physics\Constraints\ConstraintPart\ContactConstraintPart.h
0x101e1ec0	.rdata	inWorldSpaceAxis.IsNormalized(1.0e-5f)
0x101e1ee8	.rdata	inNewSize <= N
0x101e1ef8	.rdata	inOffset < mObjectStoreSizeBytes
0x101e1f20	.rdata	data >= mObjectStore && data < mObjectStore + mObjectStoreSizeBytes
0x101e1f64	.rdata	constraint_size <= cMaxConstraintSize
0x101e1f8c	.rdata	body2_dynamic
0x101e1fa0	.rdata	constraint_offset + constraint_size <= mMaxConstraints * cMaxConstraintSize
0x101e1ff0	.rdata	IsAligned(constraint, alignof(ContactConstraint<Type1, Type2>))
0x101e2030	.rdata	F:\Kraken\extern\joltphysics\Jolt\Physics\Constraints\ConstraintPart\AngularFrictionConstraintPart.h
0x101e2098	.rdata	inWorldSpaceAxis.IsNormalized(1.0e-4f)
0x101e20c0	.rdata	F:\Kraken\extern\joltphysics\Jolt\Core\QuickSort.h
0x101e20f4	.rdata	inFirst != inMiddle && inMiddle != inLast
0x101e2120	.rdata	F:\Kraken\extern\joltphysics\Jolt\Physics\Body\BodyAccess.h
0x101e215c	.rdata	velocity == EAccess::ReadWrite
0x101e217c	.rdata	position == EAccess::ReadWrite
0x101e219c	.rdata	mCachedBodyType == EBodyType::RigidBody
0x101e21c4	.rdata	Sleeping body has non-zero linear velocity!
0x101e21f0	.rdata	mMotionProperties->GetLinearVelocity().IsNearZero()
0x101e2224	.rdata	Sleeping body has non-zero angular velocity!
0x101e2254	.rdata	mMotionProperties->GetAngularVelocity().IsNearZero()
0x101e228c	.rdata	F:\Kraken\extern\joltphysics\Jolt\Physics\Body\BodyManager.h
0x101e22cc	.rdata	!sGetOverrideAllowActivation()
0x101e22ec	.rdata	!sGetOverrideAllowDeactivation()
0x101e2310	.rdata	F:\Kraken\extern\joltphysics\Jolt\Physics\IslandBuilder.h
0x101e234c	.rdata	inIslandIndex < mNumIslands
0x101e2368	.rdata	inNumPositionSteps < 256
0x101e2388	.rdata	F:\Kraken\extern\joltphysics\Jolt\Physics\LargeIslandSplitter.h
0x101e23c8	.rdata	inSplitIslandIndex < mNumSplitIslands
0x101e23f0	.rdata	Job is queued, running or done, it is not allowed to add a dependency to a running job
0x101e2448	.rdata	F:\Kraken\extern\joltphysics\Jolt\Core\JobSystem.inl
0x101e2480	.rdata	old_value > 0 && old_value != cExecutingState && old_value != cDoneState
0x101e24d0	.rdata	Job is running or done, it is not allowed to add a dependency to a running job
0x101e2520	.rdata	old_value != cExecutingState && old_value != cDoneState
0x101e2558	.rdata	Test wrap around, this is a logic error
0x101e2580	.rdata	old_value > new_value
0x101e2598	.rdata	JPH::JobSystem::JobHandle::sRemoveDependencies
0x101e25c8	.rdata	inNumHandles > 0
0x101e25dc	.rdata	job->GetJobSystem() == job_system
0x101e2600	.rdata	F:\Kraken\extern\joltphysics\Jolt\Physics\PhysicsUpdateContext.h
0x101e26c8	.rdata	F:\Kraken\extern\joltphysics\Jolt\Physics\Collision\InternalEdgeRemovingCollector.h
0x101e2720	.rdata	inCollideShapeSettings.mActiveEdgeMode == EActiveEdgeMode::CollideWithAll
0x101e2770	.rdata	inCollideShapeSettings.mCollectFacesMode == ECollectFacesMode::CollectFaces
0x101e27bc	.rdata	Cannot support this many bodies!
0x101e27e0	.rdata	F:\Kraken\extern\joltphysics\Jolt\Physics\PhysicsSystem.cpp
0x101e281c	.rdata	max_bodies == inMaxBodies
0x101e2838	.rdata	std::find(mStepListeners.begin(), mStepListeners.end(), inListener) == mStepListeners.end()
0x101e2894	.rdata	i != mStepListeners.end()
0x101e28b0	.rdata	step.mActiveFindCollisionJobs.load(memory_order_relaxed) == 0
0x101e28f0	.rdata	JPH::PhysicsSystem::Update
0x101e290c	.rdata	inCollisionSteps > 0
0x101e2924	.rdata	inDeltaTime >= 0.0f
0x101e2938	.rdata	context.mBodyPairs == nullptr
0x101e2958	.rdata	Build Jobs
0x101e2964	.rdata	UpdateBroadPhaseFinalize
0x101e2980	.rdata	UpdateBroadPhasePrepare
0x101e2998	.rdata	FindCollisions
0x101e29a8	.rdata	context.mActiveConstraints == nullptr
0x101e29d0	.rdata	ApplyGravity
0x101e29e0	.rdata	SetupVelocityConstraints
0x101e29fc	.rdata	BuildIslandsFromConstraints
0x101e2a18	.rdata	DetermineActiveConstraints
0x101e2a34	.rdata	StepListeners
0x101e2a44	.rdata	FinalizeIslands
0x101e2a54	.rdata	ContactRemovedCallbacks
0x101e2a6c	.rdata	BodySetIslandIndex
0x101e2a80	.rdata	StartNextStep
0x101e2a90	.rdata	SolveVelocityConstraints
0x101e2aac	.rdata	PreIntegrateVelocity
0x101e2ac4	.rdata	IntegrateVelocity
0x101e2ad8	.rdata	PostIntegrateVelocity
0x101e2af0	.rdata	ResolveCCDContacts
0x101e2b04	.rdata	SolvePositionConstraints
0x101e2b20	.rdata	SoftBodyPrepare
0x101e2b30	.rdata	Build job barrier
0x101e2b48	.rdata	An error occurred during the physics update, see EPhysicsUpdateError for more information
0x101e2ba4	.rdata	errors == EPhysicsUpdateError::None
0x101e2bf8	.rdata	mBody1->GetMotionType() >= mBody2->GetMotionType()
0x101e2c2c	.rdata	!ShouldEarlyOut()
0x101e2c58	.rdata	body1->IsActive()
0x101e2c78	.rdata	!mIslandBuilder.GetConstraintsInIsland(island_idx, constraints_begin, constraints_end)
0x101e2cd0	.rdata	!mIslandBuilder.GetContactsInIsland(island_idx, contacts_begin, contacts_end)
0x101e2d20	.rdata	ioStep->mCCDBodies == nullptr
0x101e2d40	.rdata	ioStep->mActiveBodyToCCDBody == nullptr
0x101e2d68	.rdata	The shape has no inner radius, this makes the shape unsuitable for the linear cast motion quality as we cannot move it without risking tunneling.
0x101e2dfc	.rdata	inner_radius > 0.0f
0x101e2e10	.rdata	active_body_idx < ioStep->mNumActiveBodyToCCDBody
0x101e2e44	.rdata	ioStep->mNumCCDBodies <= mBodyManager.GetNumActiveCCDBodies()
0x101e2e84	.rdata	FindCCDContacts
0x101e2e94	.rdata	active_index < inStep->mNumActiveBodyToCCDBody
0x101e2ec4	.rdata	We found the wrong CCD body!
0x101e2ee4	.rdata	ccd_body->mBodyID1 == inBody.GetID()
0x101e2f3c	.rdata	This hit should not have been passed on to the collector
0x101e2f78	.rdata	inResult.mFraction <= GetEarlyOutFraction()
0x101e2fb8	.rdata	If we collided with another body, that other body should have ignored collisions with us!
0x101e3014	.rdata	ccd_body2->mBodyID2 != ccd_body->mBodyID1
0x101e3040	.rdata	Check Sleeping
0x101e3050	.rdata	Update Bounds
0x101e3060	.rdata	JPH::PhysicsSystem::JobSoftBodyPrepare
0x101e3088	.rdata	SoftBodyFinalize
0x101e309c	.rdata	SoftBodySimulate
0x101e30b0	.rdata	SoftBodyCollide
0x101e30c0	.rdata	F:\Kraken\extern\joltphysics\Jolt\Physics\Collision\CollisionCollector.h
0x101e310c	.rdata	inFraction <= mEarlyOutFraction
0x101e312c	.rdata	F:\Kraken\extern\joltphysics\Jolt\Core\STLLocalAllocator.h
0x101e3422	.rdata	L=F:\Kraken\extern\joltphysics\Jolt\Math\UVec4.h
0x101e34f8	.rdata	Not supported
0x101e3508	.rdata	F:\Kraken\extern\joltphysics\Jolt\Physics\Collision\Shape\HeightFieldShape.h
0x101e3558	.rdata	F:\Kraken\extern\joltphysics\Jolt\Physics\Collision\Shape\SubShapeID.h
0x101e35a0	.rdata	inValue < (SubShapeID::BiggerType(1) << inBits)
0x101e35d0	.rdata	copy.mCurrentBit <= SubShapeID::MaxBits
0x101e3604	.rdata	HeightFieldShapeSettings
0x101e3620	.rdata	mHeightSamples
0x101e3640	.rdata	mMinHeightValue
0x101e3650	.rdata	mMaxHeightValue
0x101e3660	.rdata	mMaterialsCapacity
0x101e3674	.rdata	mSampleCount
0x101e3684	.rdata	mBlockSize
0x101e3690	.rdata	mBitsPerSample
0x101e36a0	.rdata	mMaterialIndices
0x101e36b4	.rdata	mMaterials
0x101e36c0	.rdata	mActiveEdgeCosThresholdAngle
0x101e36e0	.rdata	F:\Kraken\extern\joltphysics\Jolt\Physics\Collision\Shape\HeightFieldShape.cpp
0x101e3730	.rdata	inMaterialList.empty()
0x101e3748	.rdata	inMaterialIndices == nullptr
0x101e3768	.rdata	byte_pos < mActiveEdgesSize
0x101e3784	.rdata	byte_pos + 1 < mMaterialIndices.size()
0x101e37b0	.rdata	mRangeBlocks == nullptr && mHeightSamples == nullptr && mActiveEdges == nullptr
0x101e3800	.rdata	HeightFieldShape: Block size must be in the range [2, 8]!
0x101e3840	.rdata	HeightFieldShape: Bits per sample must be in the range [1, 16]!
0x101e3880	.rdata	HeightFieldShape: Sample count too low!
0x101e38a8	.rdata	HeightFieldShape: Sample count too high!
0x101e38d8	.rdata	HeightFieldShape: Size exceeds the amount of available sub shape ID bits!
0x101e3924	.rdata	Supporting max 256 materials per height field
0x101e3954	.rdata	Material %u is beyond material list (size: %u)
0x101e3984	.rdata	No materials present, mMaterialIndices should be empty
0x101e39bc	.rdata	cur_range_vector == &ranges.front()
0x101e39e0	.rdata	mMinSample == minv && mMaxSample == maxv
0x101e3a0c	.rdata	uint(current_block - mRangeBlocks) == sGridOffsets[level]
0x101e3a48	.rdata	uint32(current_block - mRangeBlocks) == mRangeBlocksSize
0x101e3a84	.rdata	range.mMin < range.mMax
0x101e3a9c	.rdata	byte_pos + 2 < mHeightSamplesSize
0x101e3ac0	.rdata	inBlockX < GetNumBlocks() && inBlockY < GetNumBlocks()
0x101e3af8	.rdata	offset < mRangeBlocksSize
0x101e3b14	.rdata	inX < mSampleCount
0x101e3b28	.rdata	inY < mSampleCount
0x101e3b3c	.rdata	inX < count_min_1
0x101e3b50	.rdata	inY < count_min_1
0x101e3b64	.rdata	remainder.IsEmpty()
0x101e3b78	.rdata	inX < mSampleCount - 1 && inY < mSampleCount - 1
0x101e3bac	.rdata	byte_pos + 1 < mActiveEdgesSize
0x101e3bcc	.rdata	JPH::HeightFieldShape::CastRay
0x101e3bec	.rdata	JPH::HeightFieldShape::CollideSoftBodyVertices
0x101e3c1c	.rdata	JPH::HeightFieldShape::sCastConvexVsHeightField
0x101e3c4c	.rdata	inShape->GetSubType() == EShapeSubType::HeightField
0x101e3c80	.rdata	JPH::HeightFieldShape::sCastSphereVsHeightField
0x101e3cb0	.rdata	IsAligned(&ioContext, alignof(HSGetTrianglesContext))
0x101e3ce8	.rdata	JPH::HeightFieldShape::sCollideConvexVsHeightField
0x101e3d1c	.rdata	inShape2->GetType() == EShapeType::HeightField
0x101e3d4c	.rdata	JPH::HeightFieldShape::sCollideSphereVsHeightField
0x101e3d80	.rdata	inShape1->GetSubType() == EShapeSubType::Sphere
0x101e3db0	.rdata	p < mSize
0x101e3dc0	.rdata	ioVisitor.VisitRangeBlock(Vec4::sReplicate(-1.0e6f), Vec4::sReplicate(1.0e6f), Vec4::sReplicate(-1.0e6f), Vec4::sReplicate(1.0e6f), Vec4::sReplicate(-1.0e6f), Vec4::sReplicate(1.0e6f), dummy, 0) == 0
0x101e3e88	.rdata	offset < mShape->mRangeBlocksSize
0x101e3eac	.rdata	mTop + 4 < cStackSize
0x101e4048	.rdata	F:\Kraken\extern\joltphysics\Jolt\Physics\Collision\Shape\MeshShape.h
0x101e4098	.rdata	F:\Kraken\extern\joltphysics\Jolt\AABBTree\TriangleCodec\TriangleCodecIndexed8BitPackSOA4Flags.h
0x101e40fc	.rdata	IsAligned(ioBufferSize, 4)
0x101e4118	.rdata	inNumTriangles > 0
0x101e4130	.rdata	TriangleCodecIndexed8BitPackSOA4Flags: Internal Error: Offset has non-significant bits set
0x101e4190	.rdata	TriangleCodecIndexed8BitPackSOA4Flags: Offset to vertices doesn't fit. Too much data.
0x101e41e8	.rdata	num_blocks <= OFFSET_TO_USERDATA_MASK
0x101e4210	.rdata	TriangleCodecIndexed8BitPackSOA4Flags: Offset doesn't fit in 8 bit
0x101e4258	.rdata	TriangleCodecIndexed8BitPackSOA4Flags: Material index doesn't fit in 8 bit
0x101e42a4	.rdata	mVertices.size() == mVertexCount
0x101e42c8	.rdata	ioBuffer.size() == mVerticesStartIdx
0x101e42f0	.rdata	c.GetX() <= COMPONENT_MASK
0x101e430c	.rdata	c.GetY() <= COMPONENT_MASK
0x101e4328	.rdata	c.GetZ() <= COMPONENT_MASK
0x101e4344	.rdata	NodeCodecQuadTreeHalfFloat: Too many triangles
0x101e4378	.rdata	NodeCodecQuadTreeHalfFloat: Internal Error: Offset has non-significant bits set
0x101e43c8	.rdata	NodeCodecQuadTreeHalfFloat: Offset too large. Too much data.
0x101e4408	.rdata	MeshShapeSettings
0x101e441c	.rdata	mTriangleVertices
0x101e4430	.rdata	mIndexedTriangles
0x101e4444	.rdata	mMaxTrianglesPerLeaf
0x101e445c	.rdata	mPerTriangleUserData
0x101e4474	.rdata	mBuildQuality
0x101e4484	.rdata	Need triangles to create a mesh shape!
0x101e44ac	.rdata	Triangle %d is degenerate!
0x101e44c8	.rdata	Vertex index %u is beyond vertex list (size: %u)
0x101e44fc	.rdata	Supporting max %d materials per mesh
0x101e4524	.rdata	Triangle material %u is beyond material list (size: %u)
0x101e4560	.rdata	No materials present, all triangles should have material index 0
0x101e45a4	.rdata	Invalid max triangles per leaf
0x101e45c8	.rdata	F:\Kraken\extern\joltphysics\Jolt\Physics\Collision\Shape\MeshShape.cpp
0x101e4610	.rdata	Mesh is too big and exceeds the amount of available sub shape ID bits
0x101e4658	.rdata	(triangle.mMaterialIndex & mask) == 0
0x101e4680	.rdata	inNumTriangles <= MaxTrianglesPerLeaf
0x101e46a8	.rdata	JPH::MeshShape::CastRay
0x101e46c0	.rdata	JPH::MeshShape::CollideSoftBodyVertices
0x101e46e8	.rdata	JPH::MeshShape::sCastConvexVsMesh
0x101e470c	.rdata	inShape->GetSubType() == EShapeSubType::Mesh
0x101e473c	.rdata	JPH::MeshShape::sCastSphereVsMesh
0x101e4760	.rdata	IsAligned(&ioContext, alignof(MSGetTrianglesContext))
0x101e4798	.rdata	JPH::MeshShape::sCollideConvexVsMesh
0x101e47c0	.rdata	inShape2->GetType() == EShapeType::Mesh
0x101e47e8	.rdata	JPH::MeshShape::sCollideSphereVsMesh
0x101e4810	.rdata	AABBTreeToBuffer: Out of memory!
0x101e4834	.rdata	AABBTreeToBuffer: Bounding box became smaller!
0x101e4864	.rdata	F:\Kraken\extern\joltphysics\Jolt\AABBTree\AABBTreeToBuffer.h
0x101e48a8	.rdata	AABox(node_data->mNodeBoundsMin, node_data->mNodeBoundsMax).Contains(node_data->mNode->mBounds)
0x101e4908	.rdata	AABox(child_bounds_min[idx], child_bounds_max[idx]).Contains(child_node->mBounds)
0x101e4960	.rdata	to_process_max_size == to_process.capacity() || to_process_triangles_max_size == to_process.capacity()
0x101e49c8	.rdata	to_process_max_size == to_process_triangles.capacity() || to_process_triangles_max_size == to_process_triangles.capacity()
0x101e4a48	.rdata	Internal Error: Node memory estimate was incorrect, memory corruption!
0x101e4a90	.rdata	Internal Error: Tree memory estimate was incorrect, memory corruption!
0x101e4ad8	.rdata	F:\Kraken\extern\joltphysics\Jolt\AABBTree\NodeCodec\NodeCodecQuadTreeHalfFloat.h
0x101e4b2c	.rdata	mTop + 4 < StackSize
0x101e4bf8	.rdata	F:\Kraken\extern\joltphysics\Jolt\Physics\Collision\Shape\GetTrianglesContext.h
0x101e4c48	.rdata	IsAligned(this, alignof(GetTrianglesContextVertexList))
0x101e4c80	.rdata	inNumTriangleVertices % 3 == 0
0x101e4ca0	.rdata	inMaxTrianglesRequested >= Shape::cGetTrianglesMinTrianglesRequested
0x101e4ce8	.rdata	BoxShapeSettings
0x101e4cfc	.rdata	mHalfExtent
0x101e4d08	.rdata	mConvexRadius
0x101e4d18	.rdata	Invalid half extent
0x101e4d2c	.rdata	Invalid convex radius
0x101e4d50	.rdata	F:\Kraken\extern\joltphysics\Jolt\Physics\Collision\Shape\BoxShape.cpp
0x101e4d98	.rdata	IsAligned(this, alignof(Box))
0x101e4db8	.rdata	box.IsValid()
0x101e4dca	.rdata	L=SphereShapeSettings
0x101e4de8	.rdata	Invalid radius
0x101e4df8	.rdata	F:\Kraken\extern\joltphysics\Jolt\Physics\Collision\Shape\SphereShape.cpp
0x101e4e44	.rdata	IsValidScale(inScale)
0x101e4e68	.rdata	IsAligned(this, alignof(SphereNoConvex))
0x101e4ea0	.rdata	IsAligned(this, alignof(SphereWithConvex))
0x101e4f70	.rdata	F:\Kraken\extern\joltphysics\Jolt\Physics\Collision\Shape\SphereShape.h
0x101e4fb8	.rdata	IsAligned(this, alignof(GetTrianglesContextMultiVertexList))
0x101e4ff8	.rdata	CapsuleShapeSettings
0x101e5010	.rdata	mHalfHeightOfCylinder
0x101e5028	.rdata	Invalid height
0x101e5048	.rdata	F:\Kraken\extern\joltphysics\Jolt\Physics\Collision\Shape\CapsuleShape.cpp
0x101e5094	.rdata	IsAligned(this, alignof(CapsuleNoConvex))
0x101e50cc	.rdata	IsAligned(this, alignof(CapsuleWithConvex))
0x101e5130	.rdata	F:\Kraken\extern\joltphysics\Jolt\Core\IssueReporting.cpp
0x101e516c	.rdata	Hash collision registering type!
0x101e5190	.rdata	F:\Kraken\extern\joltphysics\Jolt\Core\Factory.cpp
0x101e51c4	.rdata	F:\Kraken\extern\joltphysics\Jolt\Core\Profiler.cpp
0x101e51f8	.rdata	i != mThreads.end()
0x101e520c	.rdata	GroupFilter
0x101e5218	.rdata	Failed to read type hash
0x101e5234	.rdata	Failed to create instance of type
0x101e5258	.rdata	Failed to restore object
0x101e5290	.rdata	F:\Kraken\extern\joltphysics\Jolt\Physics\Collision\NarrowPhaseQuery.cpp
0x101e52dc	.rdata	inResult.mFraction < mHit.mFraction
0x101e5300	.rdata	mHit.mFraction >= 0.0f && mHit.mFraction < GetEarlyOutFraction()
0x101e5344	.rdata	JPH::NarrowPhaseQuery::CastRay
0x101e537c	.rdata	inResult.mFraction < mCollector.GetEarlyOutFraction()
0x101e53cc	.rdata	JPH::NarrowPhaseQuery::CollideShape
0x101e5408	.rdata	inResult.mFraction <= max(0.0f, mCollector.GetEarlyOutFraction())
0x101e544c	.rdata	JPH::NarrowPhaseQuery::CastShape
0x101e5470	.rdata	ConstraintSettings
0x101e5484	.rdata	mEnabled
0x101e5490	.rdata	mDrawConstraintSize
0x101e54a4	.rdata	mConstraintPriority
0x101e54b8	.rdata	mNumVelocityStepsOverride
0x101e54d4	.rdata	mNumPositionStepsOverride
0x101e54f0	.rdata	F:\Kraken\extern\joltphysics\Jolt\Physics\Constraints\ConstraintManager.cpp
0x101e5540	.rdata	constraint->mConstraintIndex == Constraint::cInvalidConstraintIndex
0x101e5584	.rdata	this_constraint_idx != Constraint::cInvalidConstraintIndex
0x101e55c0	.rdata	JPH::ConstraintManager::GetActiveConstraints
0x101e55f0	.rdata	inEndConstraintIdx <= mConstraints.size()
0x101e561c	.rdata	c->mConstraintIndex == constraint_idx
0x101e5644	.rdata	JPH::ConstraintManager::sBuildIslands
0x101e566c	.rdata	JPH::ConstraintManager::sSortConstraints
0x101e5698	.rdata	JPH::ConstraintManager::sSetupVelocityConstraints
0x101e56cc	.rdata	JPH::ConstraintManager::sSolveVelocityConstraints
0x101e5700	.rdata	JPH::ConstraintManager::sSolvePositionConstraints
0x101e5734	.rdata	JPH::ConstraintManager::sWarmStartVelocityConstraints
0x101e5796	.rdata	L=F:\Kraken\extern\joltphysics\Jolt\Physics\Collision\Shape\CompoundShape.h
0x101e57e4	.rdata	CompoundShapeSettings
0x101e57fc	.rdata	mSubShapes
0x101e5808	.rdata	CompoundShapeSettings::SubShapeSettings
0x101e5838	.rdata	mPosition
0x101e5844	.rdata	mRotation
0x101e5850	.rdata	JPH::CompoundShape::sCastCompoundVsShape
0x101e5880	.rdata	F:\Kraken\extern\joltphysics\Jolt\Physics\Collision\Shape\CompoundShape.cpp
0x101e58cc	.rdata	inShapeCast.mShape->GetType() == EShapeType::Compound
0x101e5904	.rdata	mSubShapes.size() == inNumShapes
0x101e5ac0	.rdata	F:\Kraken\extern\joltphysics\Jolt\Physics\Collision\Shape\CompoundShapeVisitors.h
0x101e5b14	.rdata	inSubShape.IsValidScale(mScale)
0x101e5b34	.rdata	StaticCompoundShapeSettings
0x101e5b50	.rdata	Compound needs a sub shape!
0x101e5b6c	.rdata	Sub shape is null!
0x101e5b80	.rdata	F:\Kraken\extern\joltphysics\Jolt\Physics\Collision\Shape\StaticCompoundShape.cpp
0x101e5bd4	.rdata	start == end
0x101e5be8	.rdata	Compound needs at least 2 sub shapes, otherwise you should use a RotatedTranslatedShape!
0x101e5c44	.rdata	top < (int)num_subshapes
0x101e5c60	.rdata	next_node_idx <= mNodes.size()
0x101e5c80	.rdata	Compound hierarchy has too many nodes
0x101e5ca8	.rdata	Compound hierarchy is too deep and exceeds the amount of available sub shape ID bits
0x101e5d00	.rdata	JPH::StaticCompoundShape::CastRay
0x101e5d24	.rdata	JPH::StaticCompoundShape::CollidePoint
0x101e5d4c	.rdata	JPH::StaticCompoundShape::sCastShapeVsCompound
0x101e5d7c	.rdata	inShape->GetSubType() == EShapeSubType::StaticCompound
0x101e5db4	.rdata	JPH::StaticCompoundShape::CollectTransformedShapes
0x101e5de8	.rdata	JPH::StaticCompoundShape::GetIntersectingSubShapes
0x101e5e1c	.rdata	JPH::StaticCompoundShape::sCollideCompoundVsShape
0x101e5e50	.rdata	inShape1->GetSubType() == EShapeSubType::StaticCompound
0x101e5e88	.rdata	JPH::StaticCompoundShape::sCollideShapeVsCompound
0x101e5ebc	.rdata	inShape2->GetSubType() == EShapeSubType::StaticCompound
0x101e5ef4	.rdata	top + 4 < cStackSize
0x101e5f0c	.rdata	mNumResults < mMaxSubShapeIndices
0x101e5f40	.rdata	DecoratedShapeSettings
0x101e5f58	.rdata	mInnerShape
0x101e5f64	.rdata	Inner shape is null!
0x101e5f80	.rdata	F:\Kraken\extern\joltphysics\Jolt\Physics\Collision\Shape\DecoratedShape.cpp
0x101e5fd0	.rdata	inNumShapes == 1
0x101e60a0	.rdata	F:\Kraken\extern\joltphysics\Jolt\Physics\Collision\Shape\OffsetCenterOfMassShape.h
0x101e60f4	.rdata	OffsetCenterOfMassShapeSettings
0x101e6118	.rdata	F:\Kraken\extern\joltphysics\Jolt\Physics\Collision\Shape\OffsetCenterOfMassShape.cpp
0x101e6170	.rdata	inShape1->GetSubType() == EShapeSubType::OffsetCenterOfMass
0x101e61ac	.rdata	inShape2->GetSubType() == EShapeSubType::OffsetCenterOfMass
0x101e61e8	.rdata	inShapeCast.mShape->GetSubType() == EShapeSubType::OffsetCenterOfMass
0x101e6230	.rdata	inShape->GetSubType() == EShapeSubType::OffsetCenterOfMass
0x101e6290	.rdata	F:\Kraken\extern\joltphysics\Jolt\Physics\Vehicle\VehicleCollisionTester.cpp
0x101e62e0	.rdata	lock.Succeeded()
0x101e6310	.rdata	VehicleControllerSettings
0x101e6378	.rdata	F:\Kraken\extern\joltphysics\Jolt\Physics\Constraints\Constraint.h
0x101e63bc	.rdata	inSettings.mNumVelocityStepsOverride < 256
0x101e63e8	.rdata	inSettings.mNumPositionStepsOverride < 256
0x101e6418	.rdata	F:\Kraken\extern\joltphysics\Jolt\Physics\Constraints\ConstraintPart\SpringPart.h
0x101e646c	.rdata	inStiffness > 0.0f || inDamping > 0.0f
0x101e6498	.rdata	F:\Kraken\extern\joltphysics\Jolt\Physics\Constraints\ConstraintPart\AngleConstraintPart.h
0x101e64f8	.rdata	F:\Kraken\extern\joltphysics\Jolt\Physics\Constraints\ConstraintPart\AxisConstraintPart.h
0x101e6554	.rdata	!ioBody2.IsStatic()
0x101e65b8	.rdata	VehicleConstraintSettings
0x101e65d8	.rdata	mForward
0x101e65e4	.rdata	mMaxPitchRollAngle
0x101e6600	.rdata	mAntiRollBars
0x101e6610	.rdata	mController
0x101e6620	.rdata	F:\Kraken\extern\joltphysics\Jolt\Physics\Vehicle\VehicleConstraint.cpp
0x101e6668	.rdata	inSettings.mUp.IsNormalized()
0x101e6688	.rdata	inSettings.mForward.IsNormalized()
0x101e66ac	.rdata	!inSettings.mWheels.empty()
0x101e66c8	.rdata	inWheelIndex < mWheels.size()
0x101e66e8	.rdata	JPH::VehicleConstraint::OnStep
0x101e6708	.rdata	r.mStiffness >= 0.0f
0x101e67af	.rdata	?VehicleEngineSettings
0x101e67c8	.rdata	mMaxTorque
0x101e67e4	.rdata	mNormalizedTorque
0x101e6818	.rdata	F:\Kraken\extern\joltphysics\Jolt\Physics\Vehicle\Wheel.h
0x101e6898	.rdata	F:\Kraken\extern\joltphysics\Jolt\Physics\Vehicle\WheeledVehicleController.h
0x101e68e8	.rdata	IsKindOf(&inWheel, JPH_RTTI(WheelSettingsWV))
0x101e6918	.rdata	F:\Kraken\extern\joltphysics\Jolt\Math\DynMatrix.h
0x101e694c	.rdata	inRow < mRows && inCol < mCols
0x101e696c	.rdata	WheeledVehicleControllerSettings
0x101e6998	.rdata	mTransmission
0x101e69a8	.rdata	mDifferentials
0x101e69b8	.rdata	mDifferentialLimitedSlipRatio
0x101e69d8	.rdata	WheelSettingsWV
0x101e69e8	.rdata	mInertia
0x101e69f4	.rdata	mAngularDamping
0x101e6a04	.rdata	mMaxSteerAngle
0x101e6a14	.rdata	mLongitudinalFriction
0x101e6a2c	.rdata	mLateralFriction
0x101e6a40	.rdata	mMaxBrakeTorque
0x101e6a50	.rdata	mMaxHandBrakeTorque
0x101e6a68	.rdata	F:\Kraken\extern\joltphysics\Jolt\Physics\Vehicle\WheeledVehicleController.cpp
0x101e6ab8	.rdata	inSettings.mInertia >= 0.0f
0x101e6ad4	.rdata	inSettings.mAngularDamping >= 0.0f
0x101e6af8	.rdata	abs(inSettings.mMaxSteerAngle) <= 0.5f * JPH_PI
0x101e6b28	.rdata	inSettings.mMaxBrakeTorque >= 0.0f
0x101e6b4c	.rdata	inSettings.mMaxHandBrakeTorque >= 0.0f
0x101e6b74	.rdata	inSettings.mEngine.mMinRPM >= 0.0f
0x101e6b98	.rdata	inSettings.mEngine.mMinRPM <= inSettings.mEngine.mMaxRPM
0x101e6bd4	.rdata	r > 0.0f
0x101e6be0	.rdata	r < 0.0f
0x101e6bec	.rdata	inSettings.mTransmission.mSwitchTime >= 0.0f
0x101e6c1c	.rdata	inSettings.mTransmission.mShiftDownRPM > 0.0f
0x101e6c50	.rdata	inSettings.mTransmission.mMode != ETransmissionMode::Auto || inSettings.mTransmission.mShiftUpRPM < inSettings.mEngine.mMaxRPM
0x101e6cd0	.rdata	inSettings.mTransmission.mShiftUpRPM > inSettings.mTransmission.mShiftDownRPM
0x101e6d20	.rdata	inSettings.mTransmission.mClutchStrength > 0.0f
0x101e6d50	.rdata	d.mDifferentialRatio > 0.0f
0x101e6d6c	.rdata	d.mLeftRightSplit >= 0.0f && d.mLeftRightSplit <= 1.0f
0x101e6da4	.rdata	d.mEngineTorqueRatio >= 0.0f
0x101e6dc4	.rdata	d.mLimitedSlipRatio > 1.0f
0x101e6de0	.rdata	mDifferentialLimitedSlipRatio > 1.0f
0x101e6e08	.rdata	JPH::WheeledVehicleController::PreCollide
0x101e6e34	.rdata	JPH::WheeledVehicleController::PostCollide
0x101e6e60	.rdata	alpha >= 0.0f
0x101e6e70	.rdata	abs(sum_torque_factors - 1.0f) < 1.0e-6f
0x101e6e9c	.rdata	New engine/wheel speeds could not be calculated!
0x101e6ed0	.rdata	Forward: %.1f, Right: %.1f
0x101e6eeb	.rdata	Brake: %.1f, HandBrake: %.1f
0x101e6f08	.rdata	Gear: %d, Clutch: %.1f
0x101e6f1f	.rdata	EngineRPM: %.0f, V: %.1f km/h
0x101e6f40	.rdata	W: %.1f, S: %.2f
0x101e6f51	.rdata	SlipLateral: %.1f, SlipLong: %.2f
0x101e6f73	.rdata	FrLateral: %.1f, FrLong: %.1f
0x101e6f9c	.rdata	F:\Kraken\extern\joltphysics\Jolt\Math\GaussianElimination.h
0x101e6fdc	.rdata	ioA.GetRows() == n
0x101e6ff0	.rdata	ioB.GetRows() == n
0x101e704f	.rdata	?GroupFilterTable
0x101e7064	.rdata	mNumSubGroups
0x101e707c	.rdata	TwoBodyConstraintSettings
0x101e7098	.rdata	F:\Kraken\extern\joltphysics\Jolt\Physics\Constraints\TwoBodyConstraint.cpp
0x101e70e8	.rdata	F:\Kraken\extern\joltphysics\Jolt\Physics\Constraints\ConstraintPart\DualAxisConstraintPart.h
0x101e7148	.rdata	inN1.IsNormalized(1.0e-5f)
0x101e7164	.rdata	inN2.IsNormalized(1.0e-5f)
0x101e7180	.rdata	inFrequency > 0.0f
0x101e7194	.rdata	inSpringSettings.HasStiffnessOrDamping()
0x101e7210	.rdata	SliderConstraintSettings
0x101e7234	.rdata	mAutoDetectPoint
0x101e7250	.rdata	mSliderAxis1
0x101e7260	.rdata	mNormalAxis1
0x101e7278	.rdata	mSliderAxis2
0x101e7288	.rdata	mNormalAxis2
0x101e7298	.rdata	mLimitsMin
0x101e72a4	.rdata	mLimitsMax
0x101e72b0	.rdata	mSpringMode
0x101e72bc	.rdata	mFrequency
0x101e72c8	.rdata	mDamping
0x101e72d4	.rdata	mMaxFrictionForce
0x101e72e8	.rdata	mMotorSettings
0x101e72f8	.rdata	F:\Kraken\extern\joltphysics\Jolt\Physics\Constraints\SliderConstraint.cpp
0x101e7344	.rdata	Better use a fixed constraint
0x101e7368	.rdata	inSettings.mLimitsMin != inSettings.mLimitsMax || inSettings.mLimitsSpringSettings.mFrequency > 0.0f
0x101e73d0	.rdata	inLimitsMin <= 0.0f
0x101e73e4	.rdata	inLimitsMax >= 0.0f
0x101e73f8	.rdata	mD >= mLimitsMax
0x101e740c	.rdata	F:\Kraken\extern\joltphysics\Jolt\Math\Matrix.h
0x101e743c	.rdata	inRow < Rows
0x101e744c	.rdata	inColumn < Cols
0x101e745c	.rdata	IsNormalized(2.0e-5f)
0x101e7474	.rdata	F:\Kraken\extern\joltphysics\Jolt\Geometry\Ellipse.h
0x101e74ac	.rdata	inA > 0.0f
0x101e74b8	.rdata	inB > 0.0f
0x101e74c8	.rdata	F:\Kraken\extern\joltphysics\Jolt\Physics\Constraints\ConstraintPart\SwingTwistConstraintPart.h
0x101e7528	.rdata	inTwistMinAngle <= inTwistMaxAngle
0x101e754c	.rdata	inSwingYMinAngle <= inSwingYMaxAngle
0x101e7574	.rdata	inSwingZMinAngle <= inSwingZMaxAngle
0x101e759c	.rdata	inSwingYMinAngle >= -JPH_PI && inSwingYMaxAngle <= JPH_PI
0x101e75d8	.rdata	inSwingZMinAngle >= -JPH_PI && inSwingZMaxAngle <= JPH_PI
0x101e7614	.rdata	mSinSwingYHalfMinAngle <= mSinSwingYHalfMaxAngle
0x101e7648	.rdata	mSinSwingZHalfMinAngle <= mSinSwingZHalfMaxAngle
0x101e767c	.rdata	ioSwing.GetX() == 0.0f
0x101e7694	.rdata	ioTwist.GetY() == 0.0f
0x101e76ac	.rdata	ioTwist.GetZ() == 0.0f
0x101e76c4	.rdata	ioSwing.IsNormalized()
0x101e76dc	.rdata	ioTwist.IsNormalized()
0x101e7744	.rdata	SixDOFConstraintSettings
0x101e7760	.rdata	mPosition1
0x101e777c	.rdata	mPosition2
0x101e7798	.rdata	mMaxFriction
0x101e77a8	.rdata	mSwingType
0x101e77b4	.rdata	mLimitMin
0x101e77c0	.rdata	mLimitMax
0x101e77cc	.rdata	mLimitsSpringSettings
0x101e77e8	.rdata	F:\Kraken\extern\joltphysics\Jolt\Physics\Constraints\SixDOFConstraint.cpp
0x101e7838	.rdata	inState == EMotorState::Off || mMotorSettings[inAxis].IsValid()
0x101e7878	.rdata	inAxis >= EAxis::RotationX && inAxis <= EAxis::RotationZ
0x101e78b4	.rdata	!IsFreeAxis(EAxis(EAxis::TranslationX + i))
0x101e79b0	.rdata	PhysicsMaterial
0x101e79cc	.rdata	Unsupported shape pair
0x101e79e8	.rdata	F:\Kraken\extern\joltphysics\Jolt\Physics\Collision\CollisionDispatch.cpp
0x101e7b20	.rdata	TriangleShapeSettings
0x101e7b48	.rdata	F:\Kraken\extern\joltphysics\Jolt\Physics\Collision\Shape\TriangleShape.cpp
0x101e7ba0	.rdata	IsAligned(this, alignof(TriangleNoConvex))
0x101e7bd8	.rdata	IsAligned(this, alignof(TriangleWithConvex))
0x101e7c08	.rdata	inShape2->GetSubType() == EShapeSubType::Triangle
0x101e7c3c	.rdata	inShape->GetSubType() == EShapeSubType::Triangle
0x101e7c70	.rdata	IsAligned(&ioContext, alignof(TSGetTrianglesContext))
0x101e7d60	.rdata	F:\Kraken\extern\joltphysics\Jolt\Physics\Collision\Shape\PlaneShape.h
0x101e7da8	.rdata	PlaneShapeSettings
0x101e7dc4	.rdata	Plane normal needs to be normalized!
0x101e7df0	.rdata	F:\Kraken\extern\joltphysics\Jolt\Physics\Collision\Shape\PlaneShape.cpp
0x101e7e3c	.rdata	inShape->GetType() == EShapeType::Plane
0x101e7e64	.rdata	fraction >= 0.0f
0x101e7e78	.rdata	IsAligned(&ioContext, alignof(PSGetTrianglesContext))
0x101e7eb0	.rdata	inShape2->GetType() == EShapeType::Plane
0x101e7f88	.rdata	TaperedCapsuleShapeSettings
0x101e7fa4	.rdata	mHalfHeightOfTaperedCylinder
0x101e7fc4	.rdata	mTopRadius
0x101e7fd0	.rdata	mBottomRadius
0x101e7fe0	.rdata	Invalid top radius
0x101e7ff4	.rdata	Invalid bottom radius
0x101e8010	.rdata	One sphere embedded in other sphere, please use sphere shape instead
0x101e8058	.rdata	F:\Kraken\extern\joltphysics\Jolt\Physics\Collision\Shape\TaperedCapsuleShape.cpp
0x101e80ac	.rdata	mConvexRadius > 0.0f
0x101e80c4	.rdata	mSinAlpha >= -1.0f && mSinAlpha <= 1.0f
0x101e80f8	.rdata	IsAligned(this, alignof(TaperedCapsule))
0x101e8124	.rdata	tr >= 0.0f && br >= 0.0f
0x101e8140	.rdata	Convex radius should be that of the smallest sphere
0x101e8174	.rdata	tr == 0.0f || br == 0.0f
0x101e82cc	.rdata	CylinderShapeSettings
0x101e82e4	.rdata	mHalfHeight
0x101e82f0	.rdata	F:\Kraken\extern\joltphysics\Jolt\Physics\Collision\Shape\CylinderShape.cpp
0x101e833c	.rdata	inHalfHeight >= 0.0f
0x101e8354	.rdata	inRadius >= 0.0f
0x101e8374	.rdata	IsAligned(this, alignof(Cylinder))
0x101e84cc	.rdata	TaperedCylinderShapeSettings
0x101e84f8	.rdata	F:\Kraken\extern\joltphysics\Jolt\Physics\Collision\Shape\TaperedCylinderShape.cpp
0x101e854c	.rdata	IsAligned(this, alignof(TaperedCylinder))
0x101e8578	.rdata	IsAligned(&ioContext, alignof(TCSGetTrianglesContext))
0x101e8658	.rdata	ScaledShapeSettings
0x101e8670	.rdata	F:\Kraken\extern\joltphysics\Jolt\Physics\Collision\Shape\ScaledShape.cpp
0x101e86bc	.rdata	inShape1->GetSubType() == EShapeSubType::Scaled
0x101e86ec	.rdata	inShape2->GetSubType() == EShapeSubType::Scaled
0x101e871c	.rdata	inShapeCast.mShape->GetSubType() == EShapeSubType::Scaled
0x101e8758	.rdata	inShape->GetSubType() == EShapeSubType::Scaled
0x101e8834	.rdata	ConvexHullShapeSettings
0x101e8854	.rdata	mMaxConvexRadius
0x101e8868	.rdata	mMaxErrorConvexRadius
0x101e8880	.rdata	mHullTolerance
0x101e8890	.rdata	Hull building failed, point %d had an error of %g (relative to tolerance: %g)
0x101e88e0	.rdata	F:\Kraken\extern\joltphysics\Jolt\Physics\Collision\Shape\ConvexHullShape.cpp
0x101e8930	.rdata	mVertexIdx.size() <= 0xFFFF
0x101e894c	.rdata	mPoints.size() <= 0xff
0x101e8964	.rdata	mVertexIdx.size() < 0xffff
0x101e8980	.rdata	Internal error: Too many points in hull (%u), max allowed %d
0x101e89c0	.rdata	A point must be connected to 2 or more faces!
0x101e89f0	.rdata	point.mNumFaces == 2
0x101e8a08	.rdata	offset > 1.0f
0x101e8a24	.rdata	IsAligned(this, alignof(HullNoConvex))
0x101e8a58	.rdata	IsAligned(this, alignof(HullWithConvex))
0x101e8a90	.rdata	IsAligned(this, alignof(HullWithConvexScaled))
0x101e8ac0	.rdata	Not enough space, this should have been caught during shape creation!
0x101e8b08	.rdata	mPoints.size() <= cMaxPointsInHull
0x101e8b2c	.rdata	IsAligned(&ioContext, alignof(CHSGetTrianglesContext))
0x101e8c90	.rdata	F:\Kraken\extern\joltphysics\Jolt\Physics\Collision\Shape\RotatedTranslatedShape.h
0x101e8ce4	.rdata	RotatedTranslatedShapeSettings
0x101e8d08	.rdata	F:\Kraken\extern\joltphysics\Jolt\Physics\Collision\Shape\RotatedTranslatedShape.cpp
0x101e8d60	.rdata	inShape1->GetSubType() == EShapeSubType::RotatedTranslated
0x101e8d9c	.rdata	inShape2->GetSubType() == EShapeSubType::RotatedTranslated
0x101e8dd8	.rdata	inShapeCast.mShape->GetSubType() == EShapeSubType::RotatedTranslated
0x101e8e20	.rdata	inShape->GetSubType() == EShapeSubType::RotatedTranslated
0x101e8f30	.rdata	MutableCompoundShapeSettings
0x101e8f50	.rdata	F:\Kraken\extern\joltphysics\Jolt\Physics\Collision\Shape\MutableCompoundShape.cpp
0x101e8fa4	.rdata	JPH::MutableCompoundShape::CastRay
0x101e8fc8	.rdata	JPH::MutableCompoundShape::CollidePoint
0x101e8ff0	.rdata	JPH::MutableCompoundShape::sCastShapeVsCompound
0x101e9020	.rdata	inShape->GetSubType() == EShapeSubType::MutableCompound
0x101e9058	.rdata	JPH::MutableCompoundShape::CollectTransformedShapes
0x101e908c	.rdata	JPH::MutableCompoundShape::GetIntersectingSubShapes
0x101e90c0	.rdata	JPH::MutableCompoundShape::sCollideCompoundVsShape
0x101e90f4	.rdata	inShape1->GetSubType() == EShapeSubType::MutableCompound
0x101e9130	.rdata	JPH::MutableCompoundShape::sCollideShapeVsCompound
0x101e9164	.rdata	inShape2->GetSubType() == EShapeSubType::MutableCompound
0x101e91a0	.rdata	Can't pass an element from the array to insert
0x101e9298	.rdata	EmptyShapeSettings
0x101e92ac	.rdata	mCenterOfMass
0x101e92bc	.rdata	PhysicsMaterialSimple
0x101e92d4	.rdata	mDebugName
0x101e92e0	.rdata	mDebugColor
0x101e9300	.rdata	F:\Kraken\extern\joltphysics\Jolt\Physics\SoftBody\SoftBodyShape.cpp
0x101e9348	.rdata	inShape2->GetSubType() == EShapeSubType::SoftBody
0x101e937c	.rdata	inShape->GetSubType() == EShapeSubType::SoftBody
0x101e93b0	.rdata	Skeleton::Joint
0x101e93c8	.rdata	mParentName
0x101e93d4	.rdata	Skeleton
0x101e93e8	.rdata	SkeletalAnimation::JointState
0x101e9408	.rdata	mTranslation
0x101e9418	.rdata	SkeletalAnimation::Keyframe
0x101e943c	.rdata	SkeletalAnimation::AnimatedJoint
0x101e9460	.rdata	mJointName
0x101e946c	.rdata	mKeyframes
0x101e9478	.rdata	SkeletalAnimation
0x101e948c	.rdata	mAnimatedJoints
0x101e949c	.rdata	mIsLooping
0x101e94ab	.rdata	?RagdollSettings::Part
0x101e94c4	.rdata	mToParent
0x101e94d0	.rdata	RagdollSettings::AdditionalConstraint
0x101e94f8	.rdata	mBodyIdx
0x101e9504	.rdata	mConstraint
0x101e9510	.rdata	RagdollSettings
0x101e9520	.rdata	mSkeleton
0x101e9534	.rdata	mAdditionalConstraints
0x101e95b8	.rdata	PointConstraintSettings
0x101e9638	.rdata	SwingTwistConstraintSettings
0x101e9658	.rdata	mTwistAxis1
0x101e9664	.rdata	mPlaneAxis1
0x101e9670	.rdata	mTwistAxis2
0x101e967c	.rdata	mPlaneAxis2
0x101e9688	.rdata	mNormalHalfConeAngle
0x101e96a0	.rdata	mPlaneHalfConeAngle
0x101e96b4	.rdata	mTwistMinAngle
0x101e96c4	.rdata	mTwistMaxAngle
0x101e96d4	.rdata	mMaxFrictionTorque
0x101e96e8	.rdata	mSwingMotorSettings
0x101e96fc	.rdata	mTwistMotorSettings
0x101e9710	.rdata	F:\Kraken\extern\joltphysics\Jolt\Physics\Constraints\SwingTwistConstraint.cpp
0x101e9760	.rdata	mMotorConstraintPart[2].IsActive()
0x101e9784	.rdata	!mMotorConstraintPart[2].IsActive()
0x101e9810	.rdata	F:\Kraken\extern\joltphysics\Jolt\Physics\Constraints\DistanceConstraint.h
0x101e985c	.rdata	inMinDistance <= inMaxDistance
0x101e987c	.rdata	DistanceConstraintSettings
0x101e9898	.rdata	mMinDistance
0x101e98a8	.rdata	mMaxDistance
0x101e98b8	.rdata	inV >= -JPH_PI && inV <= JPH_PI
0x101e98d8	.rdata	F:\Kraken\extern\joltphysics\Jolt\Physics\Constraints\ConstraintPart\HingeRotationConstraintPart.h
0x101e993c	.rdata	inWorldSpaceHingeAxis1.IsNormalized(1.0e-5f)
0x101e996c	.rdata	inWorldSpaceHingeAxis2.IsNormalized(1.0e-5f)
0x101e9a04	.rdata	HingeConstraintSettings
0x101e9a1c	.rdata	mHingeAxis1
0x101e9a28	.rdata	mHingeAxis2
0x101e9a34	.rdata	Better use a fixed constraint in this case
0x101e9a60	.rdata	F:\Kraken\extern\joltphysics\Jolt\Physics\Constraints\HingeConstraint.cpp
0x101e9aac	.rdata	inLimitsMin <= 0.0f && inLimitsMin >= -JPH_PI
0x101e9adc	.rdata	inLimitsMax >= 0.0f && inLimitsMax <= JPH_PI
0x101e9b88	.rdata	FixedConstraintSettings
0x101e9c08	.rdata	F:\Kraken\extern\joltphysics\Jolt\Physics\Constraints\ConeConstraint.h
0x101e9c50	.rdata	inHalfConeAngle >= 0.0f && inHalfConeAngle <= JPH_PI
0x101e9c88	.rdata	ConeConstraintSettings
0x101e9ca0	.rdata	mHalfConeAngle
0x101e9d18	.rdata	PathConstraintSettings
0x101e9d38	.rdata	mPathPosition
0x101e9d48	.rdata	mPathRotation
0x101e9d58	.rdata	mPathFraction
0x101e9d68	.rdata	mPositionMotorSettings
0x101e9d80	.rdata	mRotationConstraintType
0x101e9d98	.rdata	F:\Kraken\extern\joltphysics\Jolt\Physics\Constraints\PathConstraint.cpp
0x101e9de4	.rdata	mPathFraction >= mPath->GetPathMaxFraction()
0x101e9e1c	.rdata	PathConstraintPath
0x101e9e50	.rdata	PathConstraintPathHermite::Point
0x101e9e74	.rdata	mTangent
0x101e9e88	.rdata	PathConstraintPathHermite
0x101e9ea4	.rdata	A looping path should have a different first and last point!
0x101e9ee8	.rdata	F:\Kraken\extern\joltphysics\Jolt\Physics\Constraints\PathConstraintPathHermite.cpp
0x101e9f3c	.rdata	!mPoints.front().mPosition.IsClose(mPoints.back().mPosition)
0x101e9f7c	.rdata	JPH::PathConstraintPathHermite::GetClosestPoint
0x101e9fac	.rdata	JPH::PathConstraintPathHermite::GetPointOnPath
0x101e9fdc	.rdata	outPathNormal.IsNormalized()
0x101ea058	.rdata	F:\Kraken\extern\joltphysics\Jolt\Physics\Vehicle\TrackedVehicleController.h
0x101ea0a8	.rdata	IsKindOf(&inWheel, JPH_RTTI(WheelSettingsTV))
0x101ea0d8	.rdata	TrackedVehicleControllerSettings
0x101ea104	.rdata	WheelSettingsTV
0x101ea118	.rdata	F:\Kraken\extern\joltphysics\Jolt\Physics\Vehicle\TrackedVehicleController.cpp
0x101ea168	.rdata	d.mInertia >= 0.0f
0x101ea17c	.rdata	d.mAngularDamping >= 0.0f
0x101ea198	.rdata	d.mMaxBrakeTorque >= 0.0f
0x101ea1b4	.rdata	JPH::TrackedVehicleController::PostCollide
0x101ea1e0	.rdata	Forward: %.1f, LRatio: %.1f, RRatio: %.1f, Brake: %.1f
0x101ea217	.rdata	Gear: %d, Clutch: %.1f, EngineRPM: %.0f, V: %.1f km/h
0x101ea2b0	.rdata	MotorcycleControllerSettings
0x101ea2d0	.rdata	mMaxLeanAngle
0x101ea2e0	.rdata	mLeanSpringConstant
0x101ea2f4	.rdata	mLeanSpringDamping
0x101ea308	.rdata	mLeanSpringIntegrationCoefficient
0x101ea32c	.rdata	mLeanSpringIntegrationCoefficientDecay
0x101ea354	.rdata	mLeanSmoothingFactor
0x101ea370	.rdata	F:\Kraken\extern\joltphysics\Jolt\Physics\Constraints\ConstraintPart\RackAndPinionConstraintPart.h
0x101ea3d4	.rdata	inWorldSpaceHingeAxis.IsNormalized(1.0e-4f)
0x101ea400	.rdata	inWorldSpaceSliderAxis.IsNormalized(1.0e-4f)
0x101ea498	.rdata	RackAndPinionConstraintSettings
0x101ea4b8	.rdata	mHingeAxis
0x101ea4c4	.rdata	mSliderAxis
0x101ea4d8	.rdata	Unsupported
0x101ea4e8	.rdata	F:\Kraken\extern\joltphysics\Jolt\Physics\Constraints\RackAndPinionConstraint.cpp
0x101ea540	.rdata	F:\Kraken\extern\joltphysics\Jolt\Physics\Constraints\ConstraintPart\GearConstraintPart.h
0x101ea59c	.rdata	inWorldSpaceHingeAxis1.IsNormalized(1.0e-4f)
0x101ea5cc	.rdata	inWorldSpaceHingeAxis2.IsNormalized(1.0e-4f)
0x101ea664	.rdata	GearConstraintSettings
0x101ea680	.rdata	F:\Kraken\extern\joltphysics\Jolt\Physics\Constraints\GearConstraint.cpp
0x101ea6d0	.rdata	F:\Kraken\extern\joltphysics\Jolt\Physics\Constraints\ConstraintPart\IndependentAxisConstraintPart.h
0x101ea738	.rdata	inN1.IsNormalized(1.0e-4f) && inN2.IsNormalized(1.0e-4f)
0x101ea7dc	.rdata	PulleyConstraintSettings
0x101ea7f8	.rdata	mBodyPoint1
0x101ea804	.rdata	mFixedPoint1
0x101ea814	.rdata	mBodyPoint2
0x101ea820	.rdata	mFixedPoint2
0x101ea830	.rdata	mMinLength
0x101ea83c	.rdata	mMaxLength
0x101ea848	.rdata	MotorSettings
0x101ea858	.rdata	mMinForceLimit
0x101ea868	.rdata	mMaxForceLimit
0x101ea878	.rdata	mMinTorqueLimit
0x101ea888	.rdata	mMaxTorqueLimit
0x101ea898	.rdata	PhysicsScene
0x101ea8b0	.rdata	mConstraints
0x101ea8c0	.rdata	mSoftBodies
0x101ea8cc	.rdata	PhysicsScene::ConnectedConstraint
0x101ea8f0	.rdata	mSettings
0x101ea90c	.rdata	BodyCreationSettings
0x101ea924	.rdata	mLinearVelocity
0x101ea934	.rdata	mAngularVelocity
0x101ea948	.rdata	mCollisionGroup
0x101ea958	.rdata	mObjectLayer
0x101ea968	.rdata	mMotionType
0x101ea974	.rdata	mAllowedDOFs
0x101ea984	.rdata	mAllowDynamicOrKinematic
0x101ea9a0	.rdata	mIsSensor
0x101ea9ac	.rdata	mSensorDetectsStatic
0x101ea9c4	.rdata	mUseManifoldReduction
0x101ea9dc	.rdata	mApplyGyroscopicForce
0x101ea9f4	.rdata	mMotionQuality
0x101eaa04	.rdata	mEnhancedInternalEdgeRemoval
0x101eaa24	.rdata	mAllowSleeping
0x101eaa34	.rdata	mFriction
0x101eaa40	.rdata	mRestitution
0x101eaa50	.rdata	mLinearDamping
0x101eaa60	.rdata	mMaxLinearVelocity
0x101eaa74	.rdata	mMaxAngularVelocity
0x101eaa88	.rdata	mGravityFactor
0x101eaa98	.rdata	mOverrideMassProperties
0x101eaab0	.rdata	mInertiaMultiplier
0x101eaac4	.rdata	mMassPropertiesOverride
0x101eaadc	.rdata	Error: %s
0x101eaae8	.rdata	An error occurred during shape creation. Use ConvertShapeSettings() to convert the shape and get the error!
0x101eab58	.rdata	F:\Kraken\extern\joltphysics\Jolt\Physics\Body\BodyCreationSettings.cpp
0x101eaba0	.rdata	SoftBodyCreationSettings
0x101eabbc	.rdata	mNumIterations
0x101eabcc	.rdata	mPressure
0x101eabd8	.rdata	mVertexRadius
0x101eabe8	.rdata	mUpdatePosition
0x101eabf8	.rdata	mMakeRotationIdentity
0x101eac10	.rdata	mFacesDoubleSided
0x101eacf8	.rdata	F:\Kraken\extern\joltphysics\Jolt\Core\Color.cpp
0x101ead2c	.rdata	inIndex >= 0
0x101ead3c	.rdata	Failed to create semaphore
0x101ead58	.rdata	F:\Kraken\extern\joltphysics\Jolt\Core\Semaphore.cpp
0x101ead90	.rdata	inNumber > 0
0x101eada0	.rdata	A job can only belong to 1 barrier
0x101eadc4	.rdata	barrier == cBarrierDoneState
0x101eadf8	.rdata	F:\Kraken\extern\joltphysics\Jolt\Core\JobSystemWithBarrier.cpp
0x101eae38	.rdata	IsEmpty()
0x101eae44	.rdata	JPH::JobSystemWithBarrier::BarrierImpl::AddJob
0x101eae74	.rdata	Barrier full, stalling!
0x101eae8c	.rdata	JPH::JobSystemWithBarrier::BarrierImpl::AddJobs
0x101eaebc	.rdata	JPH::JobSystemWithBarrier::BarrierImpl::OnJobFinished
0x101eaef4	.rdata	Execute Jobs
0x101eaf04	.rdata	job_ptr != nullptr && job_ptr->IsDone()
0x101eaf2c	.rdata	mBarriers == nullptr
0x101eaf44	.rdata	!b->mInUse
0x101eaf50	.rdata	JPH::JobSystemWithBarrier::CreateBarrier
0x101eaf7c	.rdata	JPH::JobSystemWithBarrier::DestroyBarrier
0x101eafa8	.rdata	static_cast<BarrierImpl *>(inBarrier)->IsEmpty()
0x101eafdc	.rdata	expected
0x101eafe8	.rdata	JPH::JobSystemWithBarrier::WaitForJobs
0x101eb010	.rdata	inLinearVelocity.Length() <= mMaxLinearVelocity
0x101eb040	.rdata	inAngularVelocity.Length() <= mMaxAngularVelocity
0x101eb074	.rdata	inLinearDamping >= 0.0f
0x101eb08c	.rdata	inAngularDamping >= 0.0f
0x101eb0a8	.rdata	inN < 256
0x101eb0b4	.rdata	mCachedMotionType != EMotionType::Static
0x101eb0e0	.rdata	F:\Kraken\extern\joltphysics\Jolt\Physics\Body\Body.cpp
0x101eb118	.rdata	IsRigidBody() && !IsInBroadPhase()
0x101eb140	.rdata	Body was created without MotionProperties, ApplyBodyCreationSettings can't create one!
0x101eb198	.rdata	mp != nullptr
0x101eb1a8	.rdata	CollisionGroup
0x101eb1b8	.rdata	mGroupFilter
0x101eb1c8	.rdata	mGroupID
0x101eb1d4	.rdata	mSubGroupID
0x101eb1e0	.rdata	Object cannot be destructed
0x101eb1fc	.rdata	F:\Kraken\extern\joltphysics\Jolt\Core\RTTI.cpp
0x101eb22c	.rdata	inDestructObject != nullptr
0x101eb248	.rdata	Base class not contained in derived class
0x101eb274	.rdata	inOffset >= 0 && inOffset < mSize
0x101eb298	.rdata	inObject != nullptr
0x101eb31c	.rdata	mMaterialIndex
0x101eb32c	.rdata	IndexedTriangleNoMaterial
0x101eb350	.rdata	IndexedTriangle
0x101eb368	.rdata	mNormalAndConstant
0x101eb37c	.rdata	MassProperties
0x101eb398	.rdata	F:\Kraken\extern\joltphysics\Jolt\Physics\Body\MassProperties.cpp
0x101eb3e0	.rdata	new_inertia.GetColumn3(i).IsClose(mInertia.GetColumn3(i), mInertia.GetColumn3(i).LengthSq() * 1.0e-10f)
0x101eb448	.rdata	F:\Kraken\extern\joltphysics\Jolt\Math\EigenValueSymmetric.h
0x101eb488	.rdata	outEigVec.IsIdentity()
0x101eb4a0	.rdata	outEigVec.GetColumn(c).IsNormalized()
0x101eb4c8	.rdata	mat_eigvec.IsClose(eigval_eigvec, max(mat_eigvec.LengthSq(), eigval_eigvec.LengthSq()) * 1.0e-6f)
0x101eb52c	.rdata	Too many iterations
0x101eb574	.rdata	JPH::SoftBodyMotionProperties::DetermineCollidingShapes
0x101eb5ac	.rdata	JPH::SoftBodyMotionProperties::DetermineCollisionPlanes
0x101eb5e4	.rdata	JPH::SoftBodyMotionProperties::DetermineSensorCollisions
0x101eb620	.rdata	JPH::SoftBodyMotionProperties::ApplyPressure
0x101eb650	.rdata	JPH::SoftBodyMotionProperties::IntegratePositions
0x101eb684	.rdata	JPH::SoftBodyMotionProperties::ApplyDihedralBendConstraints
0x101eb6c0	.rdata	JPH::SoftBodyMotionProperties::ApplyVolumeConstraints
0x101eb6f8	.rdata	JPH::SoftBodyMotionProperties::ApplySkinConstraints
0x101eb72c	.rdata	JPH::SoftBodyMotionProperties::ApplyEdgeConstraints
0x101eb760	.rdata	JPH::SoftBodyMotionProperties::ApplyRodStretchShearConstraints
0x101eb7a0	.rdata	JPH::SoftBodyMotionProperties::ApplyRodBendTwistConstraints
0x101eb7dc	.rdata	JPH::SoftBodyMotionProperties::ApplyLRAConstraints
0x101eb810	.rdata	F:\Kraken\extern\joltphysics\Jolt\Physics\SoftBody\SoftBodyMotionProperties.cpp
0x101eb860	.rdata	lra->mVertex[0] < mVertices.size()
0x101eb884	.rdata	lra->mVertex[1] < mVertices.size()
0x101eb8a8	.rdata	JPH::SoftBodyMotionProperties::ApplyCollisionConstraintsAndUpdateVelocities
0x101eb8f4	.rdata	JPH::SoftBodyMotionProperties::UpdateSoftBodyState
0x101eb928	.rdata	JPH::SoftBodyMotionProperties::UpdateRigidBodyVelocities
0x101eb964	.rdata	JPH::SoftBodyMotionProperties::InitializeUpdateContext
0x101eb99c	.rdata	iteration == 0
0x101eb9ac	.rdata	SoftBodySharedSettings::Optimize should have been called!
0x101eb9e8	.rdata	num_groups > 0
0x101eb9f8	.rdata	FinishIteration
0x101eba3d	.rdata	_cXF:\Kraken\extern\joltphysics\Jolt\Renderer\DebugRenderer.cpp
0x101eba80	.rdata	JPH::DebugRenderer::DrawMarker
0x101ebaa0	.rdata	JPH::DebugRenderer::DrawArrow
0x101ebac0	.rdata	JPH::DebugRenderer::DrawCoordinateSystem
0x101ebaec	.rdata	JPH::DebugRenderer::DrawWireTriangle
0x101ebb14	.rdata	JPH::DebugRenderer::DrawWireUnitSphere
0x101ebb3c	.rdata	JPH::DebugRenderer::CreateTriangleBatchForConvex
0x101ebb70	.rdata	JPH::DebugRenderer::DrawBox
0x101ebb8c	.rdata	JPH::DebugRenderer::DrawUnitSphere
0x101ebbb0	.rdata	JPH::DebugRenderer::DrawCapsule
0x101ebbd0	.rdata	JPH::DebugRenderer::DrawCylinder
0x101ebbf4	.rdata	JPH::DebugRenderer::DrawOpenCone
0x101ebc18	.rdata	inAxis.IsNormalized(1.0e-4f)
0x101ebc38	.rdata	inPerpendicular.IsNormalized(1.0e-4f)
0x101ebc60	.rdata	abs(inPerpendicular.Dot(inAxis)) < 1.0e-4f
0x101ebc8c	.rdata	JPH::DebugRenderer::DrawSwingConeLimits
0x101ebcb4	.rdata	inSwingYHalfAngle >= 0.0f && inSwingYHalfAngle <= JPH_PI
0x101ebcf0	.rdata	inSwingZHalfAngle >= 0.0f && inSwingZHalfAngle <= JPH_PI
0x101ebd2c	.rdata	inEdgeLength > 0.0f
0x101ebd40	.rdata	JPH::DebugRenderer::DrawSwingPyramidLimits
0x101ebd70	.rdata	inMinSwingYAngle <= inMaxSwingYAngle && inMinSwingZAngle <= inMaxSwingZAngle
0x101ebdc0	.rdata	JPH::DebugRenderer::DrawPie
0x101ebddc	.rdata	inNormal.IsNormalized(1.0e-4f)
0x101ebdfc	.rdata	abs(inNormal.Dot(inAxis)) < 1.0e-4f
0x101ebe40	.rdata	F:\Kraken\extern\joltphysics\Jolt\Physics\IslandBuilder.cpp
0x101ebe7c	.rdata	mConstraintLinks == nullptr
0x101ebe98	.rdata	mContactLinks == nullptr
0x101ebeb4	.rdata	mBodyIslands == nullptr
0x101ebecc	.rdata	mBodyIslandEnds == nullptr
0x101ebee8	.rdata	mIslandsSorted == nullptr
0x101ebf04	.rdata	mBodyLinks == nullptr
0x101ebf1c	.rdata	JPH::IslandBuilder::PrepareContactConstraints
0x101ebf4c	.rdata	mBodyLinks != nullptr
0x101ebf64	.rdata	mNumContacts == 0
0x101ebf78	.rdata	mNumIslands == 0
0x101ebf8c	.rdata	JPH::IslandBuilder::PrepareNonContactConstraints
0x101ebfc0	.rdata	mNumConstraints == 0
0x101ebfd8	.rdata	inConstraintIndex < mNumConstraints
0x101ebffc	.rdata	inIndexInActiveBodyList != MotionProperties::cInactiveIndex
0x101ec038	.rdata	inContactIndex < mMaxContacts
0x101ec058	.rdata	JPH::IslandBuilder::BuildBodyIslands
0x101ec080	.rdata	s < uint32(i)
0x101ec090	.rdata	mNumIslands == 0 || body_island_starts[mNumIslands - 1] == inNumActiveBodies
0x101ec0e0	.rdata	JPH::IslandBuilder::BuildConstraintIslands
0x101ec10c	.rdata	next_island_idx <= mNumIslands
0x101ec12c	.rdata	outConstraints == nullptr
0x101ec148	.rdata	outConstraintsEnd == nullptr
0x101ec168	.rdata	JPH::IslandBuilder::SortIslands
0x101ec188	.rdata	JPH::IslandBuilder::Finalize
0x101ec1a8	.rdata	JPH::IslandBuilder::ResetIslands
0x101ec1d0	.rdata	F:\Kraken\extern\joltphysics\Jolt\Physics\Collision\ManifoldBetweenTwoFaces.cpp
0x101ec220	.rdata	ioContactPointsOn1.size() > 4
0x101ec240	.rdata	ioContactPointsOn1.size() == ioContactPointsOn2.size()
0x101ec278	.rdata	inPenetrationAxis.IsNormalized()
0x101ec29c	.rdata	point2 != uint(-1)
0x101ec2b0	.rdata	point3 != point4
0x101ec2c4	.rdata	inMaxContactDistance > 0.0f
0x101ec2e0	.rdata	rhs_size <= N
0x101ec2f0	.rdata	F:\Kraken\extern\joltphysics\Jolt\Geometry\ClipPoly.h
0x101ec328	.rdata	inPolygonToClip.size() >= 2
0x101ec344	.rdata	inClippingPolygon.size() >= 3
0x101ec364	.rdata	inPolygonToClip.size() >= 3
0x101ec380	.rdata	outClippedPolygon.empty()
0x101ec3a0	.rdata	F:\Kraken\extern\joltphysics\Jolt\Physics\LargeIslandSplitter.cpp
0x101ec3e4	.rdata	split_index < mNumSplits
0x101ec400	.rdata	split_index < mNumSplits || split_index == cNonParallelSplitIdx
0x101ec440	.rdata	inNumProcessed > 0
0x101ec454	.rdata	total_items_processed == num_items_in_split
0x101ec480	.rdata	JPH::LargeIslandSplitter::Prepare
0x101ec4a4	.rdata	mNumSplitIslands == 0
0x101ec4bc	.rdata	mContactAndConstraintsSize == 0
0x101ec4dc	.rdata	idx2 < mNumActiveBodies
0x101ec4f4	.rdata	idx1 < mNumActiveBodies
0x101ec50c	.rdata	idx < mNumActiveBodies
0x101ec524	.rdata	JPH::LargeIslandSplitter::SplitIsland
0x101ec54c	.rdata	new_split_idx < mNumSplitIslands
0x101ec570	.rdata	contact_buffer_cur[s] == mContactAndConstraintIndices + split.mContactBufferEnd
0x101ec5c0	.rdata	constraint_buffer_cur[s] == mContactAndConstraintIndices + split.mConstraintBufferEnd
0x101ec618	.rdata	inSplitIslandIndex < mNextSplitIsland.load(memory_order_relaxed)
0x101ec65c	.rdata	JPH::LargeIslandSplitter::Reset
0x101ec680	.rdata	mContactAndConstraintsNextFree.load(memory_order_relaxed) == mContactAndConstraintsSize
0x101ec6d8	.rdata	mNextSplitIsland.load(memory_order_relaxed) == mNumSplitIslands
0x101ec718	.rdata	F:\Kraken\extern\joltphysics\Jolt\Physics\PhysicsUpdateContext.cpp
0x101ec75c	.rdata	mBodyPairs == nullptr
0x101ec774	.rdata	mActiveConstraints == nullptr
0x101ec7a0	.rdata	F:\Kraken\extern\joltphysics\Jolt\Physics\Collision\BroadPhase\BroadPhaseQuadTree.cpp
0x101ec7f8	.rdata	mNumLayers < (BroadPhaseLayer::Type)cBroadPhaseLayerInvalid
0x101ec834	.rdata	JPH::BroadPhaseQuadTree::FrameSync
0x101ec858	.rdata	JPH::BroadPhaseQuadTree::Optimize
0x101ec87c	.rdata	mUpdateMutex.is_locked()
0x101ec898	.rdata	JPH::BroadPhaseQuadTree::AddBodiesPrepare
0x101ec8c4	.rdata	mMaxBodies == mBodyManager->GetMaxBodies()
0x101ec8f0	.rdata	broadphase_layer < mNumLayers
0x101ec910	.rdata	Provided BodyID doesn't match BodyID in body manager
0x101ec948	.rdata	bodies[index]->GetID() == *b
0x101ec968	.rdata	!bodies[index]->IsInBroadPhase()
0x101ec990	.rdata	t.mBroadPhaseLayer == (BroadPhaseLayer::Type)cBroadPhaseLayerInvalid
0x101ec9d8	.rdata	t.mObjectLayer == cObjectLayerInvalid
0x101eca00	.rdata	JPH::BroadPhaseQuadTree::AddBodiesFinalize
0x101eca2c	.rdata	inAddState == nullptr
0x101eca44	.rdata	mTracking[index].mBroadPhaseLayer == broadphase_layer
0x101eca80	.rdata	mTracking[index].mObjectLayer == bodies[index]->GetObjectLayer()
0x101ecac4	.rdata	JPH::BroadPhaseQuadTree::AddBodiesAbort
0x101ecaec	.rdata	t.mBroadPhaseLayer == broadphase_layer
0x101ecb14	.rdata	JPH::BroadPhaseQuadTree::RemoveBodies
0x101ecb40	.rdata	broadphase_layer != (BroadPhaseLayer::Type)cBroadPhaseLayerInvalid
0x101ecb84	.rdata	bodies[index]->IsInBroadPhase()
0x101ecba4	.rdata	JPH::BroadPhaseQuadTree::NotifyBodiesAABBChanged
0x101ecbd8	.rdata	JPH::BroadPhaseQuadTree::NotifyBodiesLayerChanged
0x101ecc0c	.rdata	bodies[index]->GetID() == *body_id
0x101ecc30	.rdata	JPH::BroadPhaseQuadTree::CastRay
0x101ecc54	.rdata	JPH::BroadPhaseQuadTree::CollideAABox
0x101ecc7c	.rdata	JPH::BroadPhaseQuadTree::CollideSphere
0x101ecca4	.rdata	JPH::BroadPhaseQuadTree::CollidePoint
0x101ecccc	.rdata	JPH::BroadPhaseQuadTree::CollideOrientedBox
0x101eccf8	.rdata	JPH::BroadPhaseQuadTree::CastAABoxNoLock
0x101ecd24	.rdata	JPH::BroadPhaseQuadTree::FindCollidingPairs
0x101ecd50	.rdata	object_layer != cObjectLayerInvalid
0x101ecd76	.rdata	L=F:\Kraken\extern\joltphysics\Jolt\Physics\Collision\ActiveEdges.h
0x101ecdbc	.rdata	inActiveEdges != 0b111
0x101ecdd8	.rdata	F:\Kraken\extern\joltphysics\Jolt\Physics\Collision\CastConvexVsTriangles.cpp
0x101ece30	.rdata	F:\Kraken\extern\joltphysics\Jolt\Physics\Collision\CastSphereVsTriangles.cpp
0x101ece80	.rdata	inShapeCast.mShape->GetSubType() == EShapeSubType::Sphere
0x101ecebe	.rdata	L=prev_v_len_sq >= v_len_sq
0x101ecee8	.rdata	F:\Kraken\extern\joltphysics\Jolt\Physics\Collision\CollideSphereVsTriangles.cpp
0x101ecf3c	.rdata	ScaleHelpers::IsUniformScale(inScale1.Abs())
0x101ecf6c	.rdata	closest_feature != 0
0x101ecf84	.rdata	F:\Kraken\extern\joltphysics\Jolt\Math\Float3.h
0x101ecfc0	.rdata	TriangleSplitterBinning
0x101ecffc	.rdata	TriangleSplitterMean
0x101ed014	.rdata	F:\Kraken\extern\joltphysics\Jolt\AABBTree\AABBTreeBuilder.cpp
0x101ed054	.rdata	outChildren.empty()
0x101ed068	.rdata	half > 0
0x101ed074	.rdata	VehicleAntiRollBar
0x101ed088	.rdata	mLeftWheel
0x101ed094	.rdata	mRightWheel
0x101ed0a0	.rdata	mStiffness
0x101ed0b0	.rdata	WheelSettings
0x101ed0c0	.rdata	mSuspensionForcePoint
0x101ed0d8	.rdata	mSuspensionDirection
0x101ed0f0	.rdata	mSteeringAxis
0x101ed100	.rdata	mWheelForward
0x101ed110	.rdata	mWheelUp
0x101ed11c	.rdata	mSuspensionMinLength
0x101ed134	.rdata	mSuspensionMaxLength
0x101ed14c	.rdata	mSuspensionPreloadLength
0x101ed168	.rdata	mSuspensionSpringMode
0x101ed180	.rdata	mSuspensionFrequency
0x101ed198	.rdata	mSuspensionDamping
0x101ed1b4	.rdata	mEnableSuspensionForcePoint
0x101ed1d0	.rdata	F:\Kraken\extern\joltphysics\Jolt\Physics\Vehicle\Wheel.cpp
0x101ed20c	.rdata	inSettings.mSuspensionDirection.IsNormalized()
0x101ed23c	.rdata	inSettings.mSteeringAxis.IsNormalized()
0x101ed264	.rdata	inSettings.mWheelForward.IsNormalized()
0x101ed28c	.rdata	inSettings.mWheelUp.IsNormalized()
0x101ed2b0	.rdata	inSettings.mSuspensionMinLength >= 0.0f
0x101ed2d8	.rdata	inSettings.mSuspensionMaxLength >= inSettings.mSuspensionMinLength
0x101ed31c	.rdata	inSettings.mSuspensionPreloadLength >= 0.0f
0x101ed348	.rdata	inSettings.mSuspensionSpring.mFrequency > 0.0f
0x101ed378	.rdata	inSettings.mSuspensionSpring.mDamping >= 0.0f
0x101ed3a8	.rdata	inSettings.mRadius > 0.0f
0x101ed3c4	.rdata	inSettings.mWidth >= 0.0f
0x101ed3e0	.rdata	LinearCurve::Point
0x101ed3fc	.rdata	LinearCurve
0x101ed408	.rdata	VehicleTransmissionSettings
0x101ed42c	.rdata	mGearRatios
0x101ed438	.rdata	mReverseGearRatios
0x101ed44c	.rdata	mSwitchTime
0x101ed458	.rdata	mClutchReleaseTime
0x101ed46c	.rdata	mSwitchLatency
0x101ed47c	.rdata	mShiftUpRPM
0x101ed488	.rdata	mShiftDownRPM
0x101ed498	.rdata	mClutchStrength
0x101ed4a8	.rdata	VehicleDifferentialSettings
0x101ed4c4	.rdata	mDifferentialRatio
0x101ed4d8	.rdata	mLeftRightSplit
0x101ed4e8	.rdata	mLimitedSlipRatio
0x101ed4fc	.rdata	mEngineTorqueRatio
0x101ed510	.rdata	F:\Kraken\extern\joltphysics\Jolt\Physics\Vehicle\VehicleDifferential.cpp
0x101ed55c	.rdata	mLimitedSlipRatio > 1.0f
0x101ed578	.rdata	abs(outLeftTorqueFraction + outRightTorqueFraction - 1.0f) < 1.0e-6f
0x101ed5c0	.rdata	SpringSettings
0x101ed5d0	.rdata	F:\Kraken\extern\joltphysics\Jolt\Geometry\ConvexHullBuilder.h
0x101ed610	.rdata	F:\Kraken\extern\joltphysics\Jolt\Geometry\ConvexHullBuilder.cpp
0x101ed654	.rdata	mFirstEdge == nullptr
0x101ed66c	.rdata	Need at least 3 points to make a hull
0x101ed694	.rdata	idx1 >= 0
0x101ed6a0	.rdata	idx2 >= 0
0x101ed6ac	.rdata	idx3 >= 0
0x101ed6b8	.rdata	Could not find a suitable initial triangle because its area was too small
0x101ed704	.rdata	Too few faces in hull
0x101ed71c	.rdata	edges.size() >= 3
0x101ed730	.rdata	e.mStartIdx != e.mEndIdx
0x101ed74c	.rdata	e->mNeighbourEdge == nullptr
0x101ed76c	.rdata	inEdge1->mNeighbourEdge == nullptr
0x101ed790	.rdata	inEdge2->mNeighbourEdge == nullptr
0x101ed7b4	.rdata	inEdge1->mFace != inEdge2->mFace
0x101ed7d8	.rdata	inEdge1->mStartIdx == inEdge2->mNextEdge->mStartIdx
0x101ed80c	.rdata	inEdge2->mStartIdx == inEdge1->mNextEdge->mStartIdx
0x101ed840	.rdata	e->mNeighbourEdge->mNeighbourEdge == e
0x101ed868	.rdata	inFacingFace->IsFacing(inVertex)
0x101ed890	.rdata	outEdges[i].mEndIdx == outEdges[(i + 1) % outEdges.size()].mStartIdx
0x101ed8d8	.rdata	face != other_face
0x101ed8ec	.rdata	edge != next_edge
0x101ed900	.rdata	e->mNeighbourEdge->mFace != other_edge->mNeighbourEdge->mFace
0x101ed940	.rdata	e->mFace == inFace
0x101ed954	.rdata	nb_edge != nullptr
0x101ed968	.rdata	nb_edge->mNeighbourEdge == e
0x101ed988	.rdata	nb_edge->mFace != inFace
0x101ed9a4	.rdata	nb_edge->mNextEdge->mStartIdx == e->mStartIdx
0x101ed9d4	.rdata	e->mNextEdge->mStartIdx == nb_edge->mStartIdx
0x101eda04	.rdata	edge_count >= 3
0x101eda14	.rdata	normal_len > 0.0f
0x101eda34	.rdata	VehicleTrackSettings
0x101eda4c	.rdata	mDrivenWheel
0x101eda5c	.rdata	SoftBodySharedSettings::Vertex
0x101eda7c	.rdata	mVelocity
0x101eda88	.rdata	mInvMass
0x101eda94	.rdata	SoftBodySharedSettings::Face
0x101edabc	.rdata	SoftBodySharedSettings::Edge
0x101edadc	.rdata	mRestLength
0x101edae8	.rdata	mCompliance
0x101edaf4	.rdata	SoftBodySharedSettings::RodStretchShear
0x101edb2c	.rdata	SoftBodySharedSettings::RodBendTwist
0x101edb64	.rdata	SoftBodySharedSettings::DihedralBend
0x101edb8c	.rdata	mInitialAngle
0x101edb9c	.rdata	SoftBodySharedSettings::Volume
0x101edbbc	.rdata	mSixRestVolume
0x101edbcc	.rdata	SoftBodySharedSettings::InvBind
0x101edbec	.rdata	mJointIndex
0x101edbf8	.rdata	mInvBind
0x101edc04	.rdata	SoftBodySharedSettings::SkinWeight
0x101edc28	.rdata	mInvBindIndex
0x101edc40	.rdata	SoftBodySharedSettings::Skinned
0x101edc60	.rdata	mWeights
0x101edc6c	.rdata	mBackStopDistance
0x101edc80	.rdata	mBackStopRadius
0x101edc90	.rdata	SoftBodySharedSettings::LRA
0x101edcac	.rdata	SoftBodySharedSettings
0x101edcc4	.rdata	mVertices
0x101edcd8	.rdata	mEdgeConstraints
0x101edcec	.rdata	mDihedralBendConstraints
0x101edd08	.rdata	mVolumeConstraints
0x101edd1c	.rdata	mSkinnedConstraints
0x101edd30	.rdata	mInvBindMatrices
0x101edd44	.rdata	mLRAConstraints
0x101edd54	.rdata	mRodStretchShearConstraints
0x101edd70	.rdata	mRodBendTwistConstraints
0x101edd90	.rdata	Invalid mass. Some shapes like MeshShape or TriangleShape cannot calculate mass automatically, in this case you need to provide it by setting BodyCreationSettings::mOverrideMassProperties and mMassPropertiesOverride.
0x101ede70	.rdata	F:\Kraken\extern\joltphysics\Jolt\Physics\Body\MotionProperties.cpp
0x101edeb4	.rdata	inMassProperties.mMass > 0.0f
0x101eded8	.rdata	Can't lock all axes, use a static body for this. This will crash with a division by zero later!
0x101edf38	.rdata	mInvMass != 0.0f || mInvInertiaDiagonal != Vec3::sZero()
0x101edf76	.rdata	 @!inBody1.IsSoftBody()
0x101edf90	.rdata	This function assumes that Body 1 is active
0x101edfc0	.rdata	!inBody1.IsStatic() && body1_index_in_active_bodies != Body::cInactiveIndex
0x101ee010	.rdata	Read the comment above, A and B are the same body which should not be possible!
0x101ee060	.rdata	inBody1.GetID() != inBody2.GetID()
0x101ee088	.rdata	F:\Kraken\extern\joltphysics\Jolt\Physics\Collision\BroadPhase\QuadTree.h
0x101ee0d4	.rdata	node_id.IsBody()
0x101ee0e8	.rdata	(inIdx & cIsNode) == 0
0x101ee100	.rdata	IsBody()
0x101ee10c	.rdata	IsNode()
0x101ee118	.rdata	F:\Kraken\extern\joltphysics\Jolt\Physics\Collision\BroadPhase\QuadTree.cpp
0x101ee168	.rdata	inBounds.mMin.GetX() >= -cLargeFloat && inBounds.mMin.GetX() <= cLargeFloat && inBounds.mMin.GetY() >= -cLargeFloat && inBounds.mMin.GetY() <= cLargeFloat && inBounds.mMin.GetZ() >= -cLargeFloat && inBounds.mMin.GetZ() <= cLargeFloat && inBounds.mMax.GetX() >= -cLargeFloat && inBounds.mMax.GetX() <= cLargeFloat && inBounds.mMax.GetY() >= -cLargeFloat && inBounds.mMax.GetY() <= cLargeFloat && inBounds.mMax.GetZ() >= -cLargeFloat && inBounds.mMax.GetZ() <= cLargeFloat
0x101ee340	.rdata	QuadTree: Performance warning: Stack full!
0x101ee36b	.rdata	This must be a very deep tree. Are you batch adding bodies through BodyInterface::AddBodiesPrepare/AddBodiesFinalize?
0x101ee3e1	.rdata	If you add lots of bodies through BodyInterface::AddBody you may need to call PhysicsSystem::OptimizeBroadPhase to rebuild the tree.
0x101ee468	.rdata	body_location != Tracking::cInvalidBodyLocation
0x101ee498	.rdata	Make sure that the body is in the node where it should be
0x101ee4d8	.rdata	mAllocator->Get(outNodeIdx).mChildNodeID[outChildIdx] == inBodyID
0x101ee51c	.rdata	inNodeIdx <= 0x3fffffff
0x101ee534	.rdata	inChildIdx < 4
0x101ee548	.rdata	mAllocator->Get(inNodeIdx).mChildNodeID[inChildIdx] == inBodyID
0x101ee588	.rdata	v1 == inNodeIdx
0x101ee598	.rdata	v2 == inChildIdx
0x101ee5ac	.rdata	node_stack.front().IsValid()
0x101ee5cc	.rdata	!node_id.IsBody()
0x101ee5e0	.rdata	QuadTree: Out of nodes!
0x101ee5f8	.rdata	node_idx != cInvalidNodeIndex
0x101ee618	.rdata	mFreeNodeBatch.mNumObjects == 0
0x101ee638	.rdata	ioTracking[body_index].mObjectLayer == inBodies[body_index]->GetObjectLayer()
0x101ee688	.rdata	inFullRebuild? num_node_ids == mNumBodies : num_node_ids <= mNumBodies
0x101ee6d0	.rdata	new_root_node.mIndex == cInvalidNodeIndex
0x101ee6fc	.rdata	IsAligned(centers, JPH_VECTOR_ALIGNMENT)
0x101ee728	.rdata	top < cStackSize / 4
0x101ee740	.rdata	Nodes don't get removed from the tree, we must have found it
0x101ee780	.rdata	child_idx != -1
0x101ee790	.rdata	ioBodyIDs != nullptr
0x101ee7a8	.rdata	inNumberBodies > 0
0x101ee7bc	.rdata	node_stack[0].IsValid()
0x101ee7d4	.rdata	top < cStackSize
0x101ee7e8	.rdata	inBodies[cur->GetIndex()]->GetID() == *cur
0x101ee814	.rdata	body->GetID() == *cur
0x101ee82c	.rdata	root_node.mIndex != cInvalidNodeIndex
0x101ee854	.rdata	inActiveBodies != nullptr
0x101ee870	.rdata	inNumActiveBodies > 0
0x101ee888	.rdata	!body1.IsStatic()
0x101ee89c	.rdata	IsAligned(&node, JPH_CACHE_LINE_SIZE)
0x101ee8c4	.rdata	&root_node == &GetCurrentRoot()
0x101ee8e4	.rdata	Trying to reuse a batch that has already been freed
0x101ee918	.rdata	ioBatch.mNumObjects != uint32(-1)
0x101ee940	.rdata	Trying to add a object to the batch that is already in a free list
0x101ee984	.rdata	next_free_object.load(memory_order_relaxed) == inObjectIndex
0x101ee9d8	.rdata	F:\Kraken\extern\joltphysics\Jolt\TriangleSplitter\TriangleSplitter.cpp
0x101eea20	.rdata	inTriangles.mBegin <= start_idx
0x101eea40	.rdata	start_idx <= inTriangles.mEnd
0x101eea60	.rdata	mCentroids[mSortedTriangleIdx[i]][inDimension] < inSplit
0x101eea9c	.rdata	mCentroids[mSortedTriangleIdx[i]][inDimension] >= inSplit
0x101eead8	.rdata	F:\Kraken\extern\joltphysics\Jolt\Geometry\ConvexHullBuilder2D.cpp
0x101eeb1c	.rdata	mNumEdges == 0
0x101eeb2c	.rdata	edge->mNextEdge->mPrevEdge == edge
0x101eeb50	.rdata	edge->mPrevEdge->mNextEdge == edge
0x101eeb74	.rdata	count == mNumEdges
0x101eed00	.rdata	bad allocation
0x101f1cf4	.rdata	.text$di
0x101f1d08	.rdata	.text$mn
0x101f1d2c	.rdata	.text$yd
0x101f1d40	.rdata	.idata$5
0x101f1d64	.rdata	.CRT$XCA
0x101f1d78	.rdata	.CRT$XCL
0x101f1d8c	.rdata	.CRT$XCU
0x101f1da0	.rdata	.CRT$XCZ
0x101f1db4	.rdata	.CRT$XDA
0x101f1dc8	.rdata	.CRT$XDZ
0x101f1ddc	.rdata	.CRT$XIA
0x101f1df0	.rdata	.CRT$XIZ
0x101f1e04	.rdata	.CRT$XLA
0x101f1e18	.rdata	.CRT$XLC
0x101f1e2c	.rdata	.CRT$XLZ
0x101f1e40	.rdata	.CRT$XPA
0x101f1e54	.rdata	.CRT$XPZ
0x101f1e68	.rdata	.CRT$XTA
0x101f1e7c	.rdata	.CRT$XTZ
0x101f1ea0	.rdata	.rdata$T
0x101f1eb4	.rdata	.rdata$r
0x101f1ec8	.rdata	.rdata$sxdata
0x101f1ee0	.rdata	.rdata$voltmd
0x101f1ef8	.rdata	.rdata$zzzdbg
0x101f1f10	.rdata	.rtc$IAA
0x101f1f24	.rdata	.rtc$IZZ
0x101f1f38	.rdata	.rtc$TAA
0x101f1f4c	.rdata	.rtc$TZZ
0x101f1f80	.rdata	.tls$ZZZ
0x101f1f94	.rdata	.xdata$x
0x101f1fb8	.rdata	.idata$2
0x101f1fcc	.rdata	.idata$3
0x101f1fe0	.rdata	.idata$4
0x101f1ff4	.rdata	.idata$6
0x101f2028	.rdata	.data$rs
0x101f204c	.rdata	.rsrc$01
0x101f2060	.rdata	.rsrc$02
0x101f4e92	.rdata	kraken.dll
0x101f4e9d	.rdata	?EntryPoint@kraken@@YAXPAX@Z
0x101f53ae	.rdata	VirtualProtect
0x101f53c0	.rdata	CreateFileA
0x101f53ce	.rdata	CloseHandle
0x101f53dc	.rdata	DuplicateHandle
0x101f53ee	.rdata	GetLastError
0x101f53fe	.rdata	AddVectoredExceptionHandler
0x101f5424	.rdata	GetCurrentProcess
0x101f5438	.rdata	GetCurrentProcessId
0x101f544e	.rdata	CreateThread
0x101f545e	.rdata	GetCurrentThread
0x101f5472	.rdata	GetCurrentThreadId
0x101f5488	.rdata	SuspendThread
0x101f5498	.rdata	ResumeThread
0x101f54a8	.rdata	GetThreadContext
0x101f54bc	.rdata	GetLocalTime
0x101f54cc	.rdata	VirtualQuery
0x101f54dc	.rdata	GetModuleFileNameA
0x101f54f2	.rdata	GetModuleHandleExA
0x101f5508	.rdata	GetProcAddress
0x101f551a	.rdata	LoadLibraryA
0x101f552a	.rdata	GetPrivateProfileStringA
0x101f5546	.rdata	WritePrivateProfileStringA
0x101f5564	.rdata	DebugBreak
0x101f5572	.rdata	CreateFileW
0x101f5580	.rdata	AllocConsole
0x101f5590	.rdata	AttachConsole
0x101f55a0	.rdata	GetConsoleMode
0x101f55b2	.rdata	SetConsoleMode
0x101f55c4	.rdata	SetConsoleCP
0x101f55d4	.rdata	SetConsoleOutputCP
0x101f55ea	.rdata	WideCharToMultiByte
0x101f55fe	.rdata	KERNEL32.dll
0x101f560e	.rdata	?_Xinvalid_argument@std@@YAXPBD@Z
0x101f5632	.rdata	?_Xlength_error@std@@YAXPBD@Z
0x101f5652	.rdata	?_Xout_of_range@std@@YAXPBD@Z
0x101f5672	.rdata	?_Xbad_alloc@std@@YAXXZ
0x101f568c	.rdata	?_Syserror_map@std@@YAPBDH@Z
0x101f56ac	.rdata	?_Winerror_map@std@@YAHH@Z
0x101f56ca	.rdata	??0_Lockit@std@@QAE@H@Z
0x101f56e4	.rdata	??1_Lockit@std@@QAE@XZ
0x101f56fe	.rdata	?uncaught_exceptions@std@@YAHXZ
0x101f5720	.rdata	_Query_perf_counter
0x101f5736	.rdata	_Query_perf_frequency
0x101f574e	.rdata	??Bid@locale@std@@QAEIXZ
0x101f576a	.rdata	?_Getgloballocale@locale@std@@CAPAV_Locimp@12@XZ
0x101f579e	.rdata	?always_noconv@codecvt_base@std@@QBE_NXZ
0x101f57ca	.rdata	?in@?$codecvt@DDU_Mbstatet@@@std@@QBEHAAU_Mbstatet@@PBD1AAPBDPAD3AAPAD@Z
0x101f5816	.rdata	?out@?$codecvt@DDU_Mbstatet@@@std@@QBEHAAU_Mbstatet@@PBD1AAPBDPAD3AAPAD@Z
0x101f5862	.rdata	?unshift@?$codecvt@DDU_Mbstatet@@@std@@QBEHAAU_Mbstatet@@PAD1AAPAD@Z
0x101f58aa	.rdata	?_Getcat@?$codecvt@DDU_Mbstatet@@@std@@SAIPAPBVfacet@locale@2@PBV42@@Z
0x101f58f4	.rdata	??Bios_base@std@@QBE_NXZ
0x101f5910	.rdata	?good@ios_base@std@@QBE_NXZ
0x101f592e	.rdata	?flags@ios_base@std@@QBEHXZ
0x101f594c	.rdata	?width@ios_base@std@@QBE_JXZ
0x101f596c	.rdata	?width@ios_base@std@@QAE_J_J@Z
0x101f598e	.rdata	??0?$basic_streambuf@DU?$char_traits@D@std@@@std@@IAE@XZ
0x101f59ca	.rdata	??1?$basic_streambuf@DU?$char_traits@D@std@@@std@@UAE@XZ
0x101f5a06	.rdata	?getloc@?$basic_streambuf@DU?$char_traits@D@std@@@std@@QBE?AVlocale@2@XZ
0x101f5a52	.rdata	?sbumpc@?$basic_streambuf@DU?$char_traits@D@std@@@std@@QAEHXZ
0x101f5a92	.rdata	?sgetc@?$basic_streambuf@DU?$char_traits@D@std@@@std@@QAEHXZ
0x101f5ad2	.rdata	?snextc@?$basic_streambuf@DU?$char_traits@D@std@@@std@@QAEHXZ
0x101f5b12	.rdata	?sputc@?$basic_streambuf@DU?$char_traits@D@std@@@std@@QAEHD@Z
0x101f5b52	.rdata	?sputn@?$basic_streambuf@DU?$char_traits@D@std@@@std@@QAE_JPBD_J@Z
0x101f5b98	.rdata	?eback@?$basic_streambuf@DU?$char_traits@D@std@@@std@@IBEPADXZ
0x101f5bda	.rdata	?gptr@?$basic_streambuf@DU?$char_traits@D@std@@@std@@IBEPADXZ
0x101f5c1a	.rdata	?pptr@?$basic_streambuf@DU?$char_traits@D@std@@@std@@IBEPADXZ
0x101f5c5a	.rdata	?egptr@?$basic_streambuf@DU?$char_traits@D@std@@@std@@IBEPADXZ
0x101f5c9c	.rdata	?gbump@?$basic_streambuf@DU?$char_traits@D@std@@@std@@IAEXH@Z
0x101f5cdc	.rdata	?setg@?$basic_streambuf@DU?$char_traits@D@std@@@std@@IAEXPAD00@Z
0x101f5d20	.rdata	?epptr@?$basic_streambuf@DU?$char_traits@D@std@@@std@@IBEPADXZ
0x101f5d62	.rdata	?_Gndec@?$basic_streambuf@DU?$char_traits@D@std@@@std@@IAEPADXZ
0x101f5da4	.rdata	?_Gninc@?$basic_streambuf@DU?$char_traits@D@std@@@std@@IAEPADXZ
0x101f5de6	.rdata	?_Gnavail@?$basic_streambuf@DU?$char_traits@D@std@@@std@@IBE_JXZ
0x101f5e2a	.rdata	?pbump@?$basic_streambuf@DU?$char_traits@D@std@@@std@@IAEXH@Z
0x101f5e6a	.rdata	?setp@?$basic_streambuf@DU?$char_traits@D@std@@@std@@IAEXPAD0@Z
0x101f5eac	.rdata	?setp@?$basic_streambuf@DU?$char_traits@D@std@@@std@@IAEXPAD00@Z
0x101f5ef0	.rdata	?_Pninc@?$basic_streambuf@DU?$char_traits@D@std@@@std@@IAEPADXZ
0x101f5f32	.rdata	?_Pnavail@?$basic_streambuf@DU?$char_traits@D@std@@@std@@IBE_JXZ
0x101f5f76	.rdata	?_Init@?$basic_streambuf@DU?$char_traits@D@std@@@std@@IAEXXZ
0x101f5fb6	.rdata	?_Init@?$basic_streambuf@DU?$char_traits@D@std@@@std@@IAEXPAPAD0PAH001@Z
0x101f6002	.rdata	?xsgetn@?$basic_streambuf@DU?$char_traits@D@std@@@std@@MAE_JPAD_J@Z
0x101f6048	.rdata	?xsputn@?$basic_streambuf@DU?$char_traits@D@std@@@std@@MAE_JPBD_J@Z
0x101f608e	.rdata	??1?$basic_ios@DU?$char_traits@D@std@@@std@@UAE@XZ
0x101f60c4	.rdata	?clear@?$basic_ios@DU?$char_traits@D@std@@@std@@QAEXH_N@Z
0x101f6100	.rdata	?setstate@?$basic_ios@DU?$char_traits@D@std@@@std@@QAEXH_N@Z
0x101f6140	.rdata	?tie@?$basic_ios@DU?$char_traits@D@std@@@std@@QBEPAV?$basic_ostream@DU?$char_traits@D@std@@@2@XZ
0x101f61a4	.rdata	?rdbuf@?$basic_ios@DU?$char_traits@D@std@@@std@@QBEPAV?$basic_streambuf@DU?$char_traits@D@std@@@2@XZ
0x101f620c	.rdata	?fill@?$basic_ios@DU?$char_traits@D@std@@@std@@QBEDXZ
0x101f6244	.rdata	?widen@?$basic_ios@DU?$char_traits@D@std@@@std@@QBEDD@Z
0x101f627e	.rdata	??0?$basic_ios@DU?$char_traits@D@std@@@std@@IAE@XZ
0x101f62b4	.rdata	??0?$basic_ostream@DU?$char_traits@D@std@@@std@@QAE@PAV?$basic_streambuf@DU?$char_traits@D@std@@@1@_N@Z
0x101f631e	.rdata	??1?$basic_ostream@DU?$char_traits@D@std@@@std@@UAE@XZ
0x101f6358	.rdata	?_Osfx@?$basic_ostream@DU?$char_traits@D@std@@@std@@QAEXXZ
0x101f6396	.rdata	??6?$basic_ostream@DU?$char_traits@D@std@@@std@@QAEAAV01@H@Z
0x101f63d6	.rdata	??6?$basic_ostream@DU?$char_traits@D@std@@@std@@QAEAAV01@I@Z
0x101f6416	.rdata	??6?$basic_ostream@DU?$char_traits@D@std@@@std@@QAEAAV01@M@Z
0x101f6456	.rdata	?flush@?$basic_ostream@DU?$char_traits@D@std@@@std@@QAEAAV12@XZ
0x101f6498	.rdata	??0?$basic_istream@DU?$char_traits@D@std@@@std@@QAE@PAV?$basic_streambuf@DU?$char_traits@D@std@@@1@_N@Z
0x101f6502	.rdata	??1?$basic_istream@DU?$char_traits@D@std@@@std@@UAE@XZ
0x101f653c	.rdata	?_Ipfx@?$basic_istream@DU?$char_traits@D@std@@@std@@QAE_N_N@Z
0x101f657c	.rdata	??0?$basic_iostream@DU?$char_traits@D@std@@@std@@QAE@PAV?$basic_streambuf@DU?$char_traits@D@std@@@1@@Z
0x101f65e6	.rdata	??1?$basic_iostream@DU?$char_traits@D@std@@@std@@UAE@XZ
0x101f6620	.rdata	?_Fiopen@std@@YAPAU_iobuf@@PB_WHH@Z
0x101f6646	.rdata	?imbue@?$basic_streambuf@DU?$char_traits@D@std@@@std@@MAEXABVlocale@2@@Z
0x101f6692	.rdata	?sync@?$basic_streambuf@DU?$char_traits@D@std@@@std@@MAEHXZ
0x101f66d0	.rdata	?setbuf@?$basic_streambuf@DU?$char_traits@D@std@@@std@@MAEPAV12@PAD_J@Z
0x101f671a	.rdata	?uflow@?$basic_streambuf@DU?$char_traits@D@std@@@std@@MAEHXZ
0x101f675a	.rdata	?showmanyc@?$basic_streambuf@DU?$char_traits@D@std@@@std@@MAE_JXZ
0x101f679e	.rdata	?_Unlock@?$basic_streambuf@DU?$char_traits@D@std@@@std@@UAEXXZ
0x101f67e0	.rdata	?_Lock@?$basic_streambuf@DU?$char_traits@D@std@@@std@@UAEXXZ
0x101f6820	.rdata	?id@?$codecvt@DDU_Mbstatet@@@std@@2V0locale@2@A
0x101f6852	.rdata	_Thrd_hardware_concurrency
0x101f6870	.rdata	_Thrd_id
0x101f687c	.rdata	_Mtx_init_in_situ
0x101f6890	.rdata	_Mtx_destroy_in_situ
0x101f68a8	.rdata	_Mtx_lock
0x101f68b4	.rdata	_Mtx_unlock
0x101f68c2	.rdata	?_Throw_Cpp_error@std@@YAXH@Z
0x101f68e2	.rdata	_Xtime_get_ticks
0x101f68f6	.rdata	?_Fiopen@std@@YAPAU_iobuf@@PBDHH@Z
0x101f691c	.rdata	??6?$basic_ostream@DU?$char_traits@D@std@@@std@@QAEAAV01@P6AAAV01@AAV01@@Z@Z
0x101f696c	.rdata	?put@?$basic_ostream@DU?$char_traits@D@std@@@std@@QAEAAV12@D@Z
0x101f69ae	.rdata	?_Xbad_function_call@std@@YAXXZ
0x101f69d0	.rdata	_Thrd_join
0x101f69de	.rdata	_Mtx_trylock
0x101f69ee	.rdata	_Cnd_do_broadcast_at_thread_exit
0x101f6a12	.rdata	_Thrd_yield
0x101f6a1e	.rdata	MSVCP140.dll
0x101f6a2e	.rdata	__CxxFrameHandler3
0x101f6a62	.rdata	__std_exception_copy
0x101f6a7a	.rdata	__std_exception_destroy
0x101f6a94	.rdata	_CxxThrowException
0x101f6ab4	.rdata	__std_terminate
0x101f6ac6	.rdata	_purecall
0x101f6adc	.rdata	_except_handler3
0x101f6af0	.rdata	_except_handler4_common
0x101f6b0a	.rdata	__current_exception
0x101f6b20	.rdata	__current_exception_context
0x101f6b3e	.rdata	__std_type_info_destroy_list
0x101f6b5c	.rdata	VCRUNTIME140.dll
0x101f6b70	.rdata	_stricmp
0x101f6b7c	.rdata	__stdio_common_vsprintf
0x101f6b96	.rdata	_invalid_parameter_noinfo_noreturn
0x101f6c10	.rdata	__libm_sse2_expf
0x101f6c24	.rdata	__libm_sse2_powf
0x101f6c38	.rdata	_get_stream_buffer_pointers
0x101f6c96	.rdata	_fseeki64
0x101f6cc0	.rdata	_lock_file
0x101f6cce	.rdata	_unlock_file
0x101f6cee	.rdata	__libm_sse2_acosf
0x101f6d02	.rdata	__libm_sse2_asinf
0x101f6d16	.rdata	__libm_sse2_atanf
0x101f6d2a	.rdata	__libm_sse2_sinf
0x101f6d3e	.rdata	__acrt_iob_func
0x101f6d50	.rdata	freopen_s
0x101f6d5c	.rdata	__stdio_common_vfprintf
0x101f6d76	.rdata	_localtime64_s
0x101f6d88	.rdata	strftime
0x101f6d94	.rdata	_libm_sse2_sqrt_precise
0x101f6db8	.rdata	_aligned_free
0x101f6dc8	.rdata	_aligned_malloc
0x101f6dda	.rdata	_beginthreadex
0x101f6dec	.rdata	_fdclass
0x101f6e14	.rdata	___lc_codepage_func
0x101f6e2a	.rdata	_callnewh
0x101f6e36	.rdata	_seh_filter_dll
0x101f6e48	.rdata	_configure_narrow_argv
0x101f6e62	.rdata	_initialize_narrow_environment
0x101f6e84	.rdata	_initialize_onexit_table
0x101f6ea0	.rdata	_register_onexit_function
0x101f6ebc	.rdata	_execute_onexit_table
0x101f6ed4	.rdata	_crt_atexit
0x101f6eec	.rdata	terminate
0x101f6ef8	.rdata	_initterm
0x101f6f04	.rdata	_initterm_e
0x101f6f10	.rdata	api-ms-win-crt-string-l1-1-0.dll
0x101f6f32	.rdata	api-ms-win-crt-stdio-l1-1-0.dll
0x101f6f52	.rdata	api-ms-win-crt-runtime-l1-1-0.dll
0x101f6f74	.rdata	api-ms-win-crt-convert-l1-1-0.dll
0x101f6f96	.rdata	api-ms-win-crt-heap-l1-1-0.dll
0x101f6fb6	.rdata	api-ms-win-crt-math-l1-1-0.dll
0x101f6fd6	.rdata	api-ms-win-crt-filesystem-l1-1-0.dll
0x101f6ffc	.rdata	api-ms-win-crt-time-l1-1-0.dll
0x101f701c	.rdata	api-ms-win-crt-locale-l1-1-0.dll
0x101f7040	.rdata	IsDebuggerPresent
0x101f7054	.rdata	RaiseException
0x101f7066	.rdata	GetModuleHandleW
0x101f707a	.rdata	MultiByteToWideChar
0x101f7090	.rdata	ReleaseSemaphore
0x101f70a4	.rdata	WaitForSingleObject
0x101f70ba	.rdata	CreateSemaphoreA
0x101f70ce	.rdata	LocalFree
0x101f70da	.rdata	FormatMessageA
0x101f70ec	.rdata	GetLocaleInfoEx
0x101f70fe	.rdata	CreateDirectoryW
0x101f7112	.rdata	FindClose
0x101f711e	.rdata	FindFirstFileW
0x101f7130	.rdata	FindFirstFileExW
0x101f7144	.rdata	FindNextFileW
0x101f7154	.rdata	GetFileAttributesExW
0x101f716c	.rdata	SetFileInformationByHandle
0x101f718a	.rdata	AreFileApisANSI
0x101f719c	.rdata	GetFileInformationByHandleEx
0x101f71bc	.rdata	ReleaseSRWLockExclusive
0x101f71d6	.rdata	ReleaseSRWLockShared
0x101f71ee	.rdata	AcquireSRWLockExclusive
0x101f7208	.rdata	AcquireSRWLockShared
0x101f7220	.rdata	TryAcquireSRWLockExclusive
0x101f723e	.rdata	TryAcquireSRWLockShared
0x101f7258	.rdata	WakeAllConditionVariable
0x101f7274	.rdata	SleepConditionVariableSRW
0x101f7290	.rdata	IsProcessorFeaturePresent
0x101f72ac	.rdata	UnhandledExceptionFilter
0x101f72c8	.rdata	SetUnhandledExceptionFilter
0x101f72e6	.rdata	TerminateProcess
0x101f72fa	.rdata	QueryPerformanceCounter
0x101f7314	.rdata	GetSystemTimeAsFileTime
0x101f732e	.rdata	DisableThreadLibraryCalls
0x101f734a	.rdata	InitializeSListHead
0x101f8e90	.data	.?AVexception@std@@
0x101f8eac	.data	.?AVbad_array_new_length@std@@
0x101f8ed4	.data	.?AVbad_alloc@std@@
0x101f8ef0	.data	.?AVruntime_error@std@@
0x101f8f10	.data	.?AVsystem_error@std@@
0x101f8f30	.data	.?AV_System_error@std@@
0x101f8f50	.data	.?AVfilesystem_error@filesystem@std@@
0x101f8f80	.data	.?AVlength_error@std@@
0x101f8fa0	.data	.?AVlogic_error@std@@
0x101f8fc0	.data	.?AVbad_cast@std@@
0x101f8fe0	.data	.P6AXABVBody@JPH@@0ABVMat44@1@1AAVCollideShapeSettings@1@AAV?$CollisionCollector@VCollideShapeResult@JPH@@VCollisionCollectorTraitsCollideShape@2@@1@ABVShapeFilter@1@@Z
0x101f9098	.data	.?AV<lambda_1>@?EF@??BuildShadow@joltshadow@fix@kraken@@YA_NPAUVehicle@ai@hta@@AAUShadowState@234@PBDI@Z@
0x101f910c	.data	.?AV<lambda_7ae8026455aa4453fea4c92221e7a196>@@
0x101f9144	.data	.?AV<lambda_e6da49eb6706024f418f14bad59725c5>@@
0x101f917c	.data	.?AV<lambda_b300ee2b59b21c6fda459c04250195b4>@@
0x101f91b4	.data	.?AV<lambda_c5d3ecc84fa5f54aa8d2fafec1db5125>@@
0x101f91ec	.data	.?AV<lambda_6a8e2a9a384eeff2f9769b142de1ed93>@@
0x101f9224	.data	.?AV<lambda_4927174b1cbc6c5d27f76ad334cd3922>@@
0x101f925c	.data	.?AV<lambda_6af31b3ad45410438fce138dc37a074a>@@
0x101f9294	.data	.?AV<lambda_37fd6c224c8a8f0ad1a1415e31ecaee0>@@
0x101f92cc	.data	.?AV<lambda_1ed69b53b79b8d26203a96582051241d>@@
0x101f9304	.data	.?AV<lambda_89ffc8635c3afafd3904964ea7522ac3>@@
0x101f933c	.data	.?AV<lambda_e704582bd0eba4e76f5ef113b1e812af>@@
0x101f9374	.data	.?AV<lambda_aeb47151f359c19e971170daf179a9e6>@@
0x101f93ac	.data	.?AV<lambda_76026746ee943e9467543f93815693e4>@@
0x101f93e4	.data	.?AV<lambda_0b664b060bf243219bf0e7ed71f9363f>@@
0x101f941c	.data	.?AV<lambda_c847c6b431f0f39bad8e0096eae0ec0f>@@
0x101f9454	.data	.?AV<lambda_94720058a0a0c530f17df9a265b4fb93>@@
0x101f948c	.data	.?AV<lambda_df55d0e9cd4f93972e3a588dfea9aff8>@@
0x101f94c4	.data	.?AV<lambda_2c6bd392cb276b43f96733b3ddd19847>@@
0x101f94fc	.data	.?AV<lambda_4dc220fb041becef94c780ee55dca122>@@
0x101f9534	.data	.?AV<lambda_b861c1a4adc37115d6f60810a349e2b1>@@
0x101f956c	.data	.?AV<lambda_9553eb60f46b789ead098744af5a5ddd>@@
0x101f95a4	.data	.?AV<lambda_ae2d8a5d4c18032030e1ff641b9d7546>@@
0x101f95dc	.data	.?AV<lambda_6576b5fda31ad2d988cda912e061a14f>@@
0x101f9614	.data	.?AV<lambda_1e2a993860235697dedab2999261445f>@@
0x101f964c	.data	.?AV<lambda_374adfcf554eaf48f8889c7cc68a7356>@@
0x101f9684	.data	.?AV<lambda_7e903777fce93f0c554a0618d8362056>@@
0x101f96bc	.data	.?AV<lambda_bc486da0202868260c62bb7bf4056c1a>@@
0x101f96f4	.data	.?AV<lambda_546541eec79f3d389c416aa1a40fff9f>@@
0x101f972c	.data	.?AV<lambda_6cefc26286c39cef44a8152ebd75eecc>@@
0x101f9764	.data	.?AV<lambda_be3a5f2e68d0d050d627dce1604104df>@@
0x101f97a0	.data	.?AV_Ref_count_base@std@@
0x101f97c4	.data	.?AVerror_category@std@@
0x101f97e8	.data	.?AV_Generic_error_category@std@@
0x101f9814	.data	.?AV_System_error_category@std@@
0x101f9840	.data	.?AV?$_Ref_count_obj2@U_Recursive_dir_enum_impl@filesystem@std@@@std@@
0x101f9890	.data	.?AV?$basic_stringbuf@DU?$char_traits@D@std@@V?$allocator@D@2@@std@@
0x101f98e0	.data	.?AV?$basic_streambuf@DU?$char_traits@D@std@@@std@@
0x101f991c	.data	.?AV?$basic_ostream@DU?$char_traits@D@std@@@std@@
0x101f9958	.data	.?AV?$basic_ios@DU?$char_traits@D@std@@@std@@
0x101f9990	.data	.?AVios_base@std@@
0x101f99ac	.data	.?AV?$_Iosb@H@std@@
0x101f99c8	.data	.?AV?$basic_stringstream@DU?$char_traits@D@std@@V?$allocator@D@2@@std@@
0x101f9a18	.data	.?AV?$basic_iostream@DU?$char_traits@D@std@@@std@@
0x101f9a54	.data	.?AV?$basic_istream@DU?$char_traits@D@std@@@std@@
0x101f9a90	.data	.?AV?$basic_filebuf@DU?$char_traits@D@std@@@std@@
0x101f9acc	.data	.?AV?$basic_ifstream@DU?$char_traits@D@std@@@std@@
0x101f9b08	.data	.?AV?$basic_ofstream@DU?$char_traits@D@std@@@std@@
0x101f9b48	.data	.?AV?$_Ref_count_obj2@U_Dir_enum_impl@filesystem@std@@@std@@
0x101f9b90	.data	.?AVTempAllocator@JPH@@
0x101f9bb0	.data	.?AVNonCopyable@JPH@@
0x101f9bd0	.data	.?AVTempAllocatorImpl@JPH@@
0x101f9bf4	.data	.?AVObjectLayerPairFilter@JPH@@
0x101f9c1c	.data	.?AVBodyLockInterface@JPH@@
0x101f9c40	.data	.?AVSerializableObject@JPH@@
0x101f9c68	.data	.?AVShapeSettings@JPH@@
0x101f9c88	.data	.?AV?$RefTarget@VShapeSettings@JPH@@@JPH@@
0x101f9cbc	.data	.?AVBroadPhaseLayerInterface@JPH@@
0x101f9ce8	.data	.?AVObjectVsBroadPhaseLayerFilter@JPH@@
0x101f9d18	.data	.?AVBodyLockInterfaceNoLock@JPH@@
0x101f9d44	.data	.?AVBodyLockInterfaceLocking@JPH@@
0x101f9d70	.data	.?AVConvexShapeSettings@JPH@@
0x101f9d98	.data	.?AV?$_Func_base@XABVBody@JPH@@ABV12@ABVMat44@2@ABV32@AAVCollideShapeSettings@2@AAV?$CollisionCollector@VCollideShapeResult@JPH@@VCollisionCollectorTraitsCollideShape@2@@2@ABVShapeFilter@2@@std@@
0x101f9e64	.data	.?AVBoxShapeSettings@JPH@@
0x101f9e88	.data	.?AVSphereShapeSettings@JPH@@
0x101f9eb0	.data	.?AVCapsuleShapeSettings@JPH@@
0x101f9ed8	.data	.?AVBPLayerInterfaceImpl@jolt@fix@kraken@@
0x101f9f10	.data	.?AVObjectVsBroadPhaseLayerFilterImpl@jolt@fix@kraken@@
0x101f9f50	.data	.?AVObjectLayerPairFilterImpl@jolt@fix@kraken@@
0x101f9f88	.data	.?AV?$_Func_impl_no_alloc@P6AXABVBody@JPH@@0ABVMat44@2@1AAVCollideShapeSettings@2@AAV?$CollisionCollector@VCollideShapeResult@JPH@@VCollisionCollectorTraitsCollideShape@2@@2@ABVShapeFilter@2@@ZXABV12@ABV12@ABV32@ABV32@AAV42@AAV52@ABV62@@std@@
0x101fa084	.data	.?AVContactListener@JPH@@
0x101fa0a8	.data	.?AVVehiclePushbackContactListener@joltshadow@fix@kraken@@
0x101fa0ec	.data	.?AVObjectLayerFilter@JPH@@
0x101fa110	.data	.?AVDefaultObjectLayerFilter@JPH@@
0x101fa13c	.data	.?AVShape@JPH@@
0x101fa154	.data	.?AV?$RefTarget@VShape@JPH@@@JPH@@
0x101fa180	.data	.?AVTwoBodyConstraintSettings@JPH@@
0x101fa1ac	.data	.?AVConstraintSettings@JPH@@
0x101fa1d4	.data	.?AV?$RefTarget@VConstraintSettings@JPH@@@JPH@@
0x101fa20c	.data	.?AVBroadPhaseLayerFilter@JPH@@
0x101fa234	.data	.?AVBodyFilter@JPH@@
0x101fa254	.data	.?AVShapeFilter@JPH@@
0x101fa278	.data	.?AV?$CollisionCollector@VCollideShapeResult@JPH@@VCollisionCollectorTraitsCollideShape@2@@JPH@@
0x101fa2e4	.data	.?AVDefaultBroadPhaseLayerFilter@JPH@@
0x101fa314	.data	.?AVGroupFilter@JPH@@
0x101fa334	.data	.?AV?$RefTarget@VGroupFilter@JPH@@@JPH@@
0x101fa368	.data	.?AVConvexShape@JPH@@
0x101fa388	.data	.?AVPhysicsStepListener@JPH@@
0x101fa3b0	.data	.?AVBoxShape@JPH@@
0x101fa3cc	.data	.?AVSphereShape@JPH@@
0x101fa3ec	.data	.?AVCompoundShapeSettings@JPH@@
0x101fa414	.data	.?AVStaticCompoundShapeSettings@JPH@@
0x101fa444	.data	.?AVDecoratedShapeSettings@JPH@@
0x101fa470	.data	.?AVOffsetCenterOfMassShapeSettings@JPH@@
0x101fa4a4	.data	.?AVVehicleCollisionTester@JPH@@
0x101fa4d0	.data	.?AV?$RefTarget@VVehicleCollisionTester@JPH@@@JPH@@
0x101fa50c	.data	.?AVVehicleCollisionTesterRay@JPH@@
0x101fa538	.data	.?AVVehicleCollisionTesterCastCylinder@JPH@@
0x101fa570	.data	.?AVVehicleControllerSettings@JPH@@
0x101fa59c	.data	.?AV?$RefTarget@VVehicleControllerSettings@JPH@@@JPH@@
0x101fa5dc	.data	.?AVVehicleConstraintSettings@JPH@@
0x101fa608	.data	.?AVWheeledVehicleControllerSettings@JPH@@
0x101fa63c	.data	.?AV?$_Func_base@XIAAMAAMMMMMMM@std@@
0x101fa66c	.data	.?AVGroupFilterTable@JPH@@
0x101fa690	.data	.?AVSliderConstraintSettings@JPH@@
0x101fa6bc	.data	.?AVSixDOFConstraintSettings@JPH@@
0x101fa6e8	.data	.?AVVehicleStepListener@joltshadow@fix@kraken@@
0x101fa720	.data	.?AV?$AllHitCollisionCollector@V?$CollisionCollector@VCollideShapeResult@JPH@@VCollisionCollectorTraitsCollideShape@2@@JPH@@@JPH@@
0x101fa7b0	.data	.?AV?$_Func_impl_no_alloc@V<lambda_1>@?EF@??BuildShadow@joltshadow@fix@kraken@@YA_NPAUVehicle@ai@hta@@AAUShadowState@345@PBDI@Z@XIAAMAAMMMMMMM@std@@
0x101fa850	.data	.?AUObject@m3d@hta@@
0x101fa870	.data	.?AU?$Define@UObject@m3d@hta@@URefCountedBase@23@$0KAAMJE@@hta@@
0x101fa8bc	.data	.?AURefCountedBase@m3d@hta@@
0x101fa8e4	.data	.?AUReollectionItem@VehicleRecollection@ai@hta@@
0x101fa920	.data	.?AVtype_info@@
0x10467060	.rsrc	<?xml version='1.0' encoding='UTF-8' standalone='yes'?>
0x10467099	.rsrc	<assembly xmlns='urn:schemas-microsoft-com:asm.v1' manifestVersion='1.0'>
0x104670e4	.rsrc	  <trustInfo xmlns="urn:schemas-microsoft-com:asm.v3">
0x1046711c	.rsrc	    <security>
0x1046712c	.rsrc	      <requestedPrivileges>
0x10467149	.rsrc	        <requestedExecutionLevel level='asInvoker' uiAccess='false' />
0x10467191	.rsrc	      </requestedPrivileges>
0x104671af	.rsrc	    </security>
0x104671c0	.rsrc	  </trustInfo>
0x104671d0	.rsrc	</assembly>
0x10468025	.reloc	1!1+171A1f1u1
0x10468047	.reloc	222?2I2S2_2g2q2{2
0x10468067	.reloc	3#3-343:3>3D3M3R3c3h3x3|3
0x104680ab	.reloc	4A4V4b4s4
0x104680d5	.reloc	5 5C5M5c5m5
0x104680f3	.reloc	6-646:6C6H6\6a6q6u6z6
0x1046812d	.reloc	7&7,787@7F7P7Z7v7
0x1046814d	.reloc	7#8)898C8S8c8s8
0x1046816f	.reloc	9#939C9S9c9s9
0x1046819f	.reloc	:%:,:3:::A:H:O:V:]:d:k:r:y:
0x104681e1	.reloc	;3;9;G;c;i;w;
0x1046820f	.reloc	<%<6<S<Z<a<h<o<v<}<
0x1046823f	.reloc	=!=+=F=M=T=e=o=
0x1046826b	.reloc	>">4>;>B>Q>i>
0x10468289	.reloc	?.?5?<?M?X?h?z?
0x10468303	.reloc	6'6,6q6v6
0x1046833b	.reloc	8$858:8I8]8
0x10468377	.reloc	;&;<;H;V;[;g;y;
0x10468391	.reloc	<#<)<3<8<H<N<X<]<l<x<}<
0x104683b7	.reloc	=3=:=E=J=~=
0x104683cb	.reloc	>)>1>Y>g>l>u>z>
0x10468409	.reloc	0:1e1p1{1
0x1046844b	.reloc	6"6-626?6Q6g6v6
0x10468467	.reloc	8E8P8[8m8}8
0x104684b7	.reloc	:7:>:r:y:
0x104684cd	.reloc	;1;8;j;q;
0x10468521	.reloc	0"0B0J0l0s0
0x10468535	.reloc	081D1K1o1v1
0x1046854d	.reloc	2(2/2i2p2
0x1046855d	.reloc	2,333m3t3
0x10468575	.reloc	4'474C4J4c4o4~4
0x1046858d	.reloc	40575q5x5
0x104685af	.reloc	637:7t7{7
0x104685c3	.reloc	8/878F8M8
0x104685d9	.reloc	9-9B9I9P9i9|9
0x104685f5	.reloc	:::F:M:k:r:y:
0x10468611	.reloc	;";6;B;I;b;v;
0x1046862f	.reloc	<*<1<I<P<`<
0x10468677	.reloc	>1?8?r?y?
0x10468690	.reloc	-060\0c0
0x104686af	.reloc	1"2)2L2q2
0x104688b3	.reloc	:.;F;p;x;
0x1046892d	.reloc	4:4Z4~4t7
0x10468981	.reloc	1L2h2q2&4X4a4u4
0x104689cd	.reloc	<0=8=O>l?p?t?x?|?
0x104689ef	.reloc	3'4,4I4W4z4
0x10468a21	.reloc	868H8^8c8o8
0x10468a5d	.reloc	7!8&838T8F9U9
0x10468a6f	.reloc	;';&<7<6=E=
0x10468ad1	.reloc	:x;*<;<,>{>
0x10468add	.reloc	>$?5?:?Z?}?
0x10468b93	.reloc	3'3,393@3M3V3[3m3
0x10468bb3	.reloc	4O5]5i5n5
0x10468bf8	.reloc	*040V0h0
0x10468c1d	.reloc	939H9M9Z9z9
0x10468c6f	.reloc	0 0'000E0L0x0
0x10468c89	.reloc	1@2D2H2L2P2
0x10468cb5	.reloc	;&<7<I<N<S<i<v<}<
0x10468cd1	.reloc	=!=&=6=F=V=b=n=
0x10468d13	.reloc	242H2M273<3
0x10468d2f	.reloc	4I5Y5g5y5~5N6S6{6
0x10468d4f	.reloc	7*767C7^7c7
0x10468e65	.reloc	3(383J3a3
0x10468eb3	.reloc	2-252b2j2
0x10468edb	.reloc	4$4B4X4l4t4
0x10468f19	.reloc	989W9h9x9
0x10468f2f	.reloc	:9:B:N:V:`:j:
0x10468f43	.reloc	:C;V;b;};
0x10468f51	.reloc	;&<3<R<h<
0x10468f61	.reloc	=0=N=Y=q=
0x10468f79	.reloc	>1>H>Q>Y>
0x10468f8d	.reloc	?2?:?Q?f?
0x10468fb5	.reloc	1+121E1J1h1w1
0x10468ff9	.reloc	5&5I5I6R6X6^6n6t6
0x1046902b	.reloc	7'7=7O7r7w7
0x1046903d	.reloc	7D8W8{9H:
0x10469059	.reloc	?!?.?4?:?P?V?^?i?n?
0x10469079	.reloc	050?0`0{0
0x1046913f	.reloc	0'0A0H0Q0V0f0
0x1046915d	.reloc	2"2O2Y2l2w2|283V3
0x10469171	.reloc	4(454=4E4M4
0x10469187	.reloc	5(5>5[5p5
0x10469191	.reloc	5"6+656:6A6`6
0x104691ab	.reloc	7G7L7j7o7
0x10469203	.reloc	<$<+<j<W=
0x1046920f	.reloc	=*>?>Z>l>
0x10469249	.reloc	4$4*4C4]4u4
0x1046926f	.reloc	6%7;7P7n7
0x10469285	.reloc	8#8/8:8K8z8
0x1046929f	.reloc	94:I:_:W;h;w;
0x104692cf	.reloc	?1?=?G?S?q?
0x10469327	.reloc	6!7(7-727P7Z7a7
0x1046934f	.reloc	8+92979<9
0x10469375	.reloc	=M>T>_>q>
0x10469417	.reloc	;#;B;I;P;W;j;
0x1046942b	.reloc	<(<.<7<V<g<y<
0x10469445	.reloc	<1=;=X=k=
0x10469457	.reloc	>%>0>B>K>P>{>
0x10469471	.reloc	?8?=?I?X?g?l?
0x104694a1	.reloc	2K2[2c2o2|2
0x104694d3	.reloc	5J9O9f9o9y9
0x104694eb	.reloc	:):.:J:O:n:s:
0x104694ff	.reloc	;6;H;`;|;
0x1046952b	.reloc	=#>*>1>U>_>f>
0x1046955c	.reloc	F0M0R0W0{0F1M1R1W1s1}1
0x10469587	.reloc	3K3R3W3\3
0x104695a1	.reloc	4 4$4(474G4O4\4h4y4
0x104695c1	.reloc	455H5T5a5g5r5
0x104695e3	.reloc	6$6)6h6o6t6y6
0x10469647	.reloc	<'=.=3=8=c=j=q=
0x1046968f	.reloc	5K6R6W6\6
0x104696a7	.reloc	7&7.767=7G7N7`7
0x104696dd	.reloc	;#;(;q;x;};
0x104696f1	.reloc	;<<C<H<M<
0x10469701	.reloc	=_=f=k=p=
0x1046973b	.reloc	1"1)1F1M1S1c1
0x10469763	.reloc	4"4)4[4b4i4
0x1046978f	.reloc	5,555V5f5
0x104697e3	.reloc	3;3B3I3x3
0x104697fb	.reloc	454<4C4q4x4
0x10469815	.reloc	5&5-5K5R5Y5
0x1046982b	.reloc	>6?Z?a?h?~?
0x10469859	.reloc	0&1N1U1\1r1z1
0x10469899	.reloc	474_4g4t4
0x104698b9	.reloc	8#8S8Z8a8
0x104698dc	.reloc	%0X0_0f0
0x104698f9	.reloc	2=2D2K2v2
0x10469909	.reloc	4/494@4+52595
0x1046992d	.reloc	6=7J7^7t7z7
0x1046994d	.reloc	8(868G8U8t8~8
0x10469973	.reloc	:/;6;=;N=
0x10469993	.reloc	0>1g1n1u1M2T2[2
0x104699b3	.reloc	364C4k4r4y4
0x104699c3	.reloc	535:5A5k5
0x10469a0d	.reloc	:C:J:Q:{:
0x10469a29	.reloc	<#<K<R<Y<
0x10469a65	.reloc	0#090F0T0\0f0l0r0
0x10469a89	.reloc	1(1-1V1[1e1j1
0x10469adf	.reloc	8=9G9N9{9
0x10469b13	.reloc	?G?M?X?o?
0x10469b69	.reloc	4 4'4`4g4n4
0x10469b7f	.reloc	535:5A5x5
0x10469ba9	.reloc	6C7J7Q7`8:9o9
0x10469bd3	.reloc	?E?M?U?~?
0x10469bf1	.reloc	020B0T0\0u0
0x10469c1f	.reloc	4!4W4b4j4o4~4
0x10469c3f	.reloc	5*5/5?5S5
0x10469c59	.reloc	6(6Q6V6^6p6u6
0x10469c6d	.reloc	7&7.7;7C7K7S7\7f7x7
0x10469ca7	.reloc	9"9(999E9[9g9u9}9
0x10469d17	.reloc	>B>c>l>q>w>
0x10469d49	.reloc	0(0I0U0[0b0v0
0x10469d87	.reloc	353>3S3h3}3
0x10469da5	.reloc	44484<4@4D4V4e4z4
0x10469dc7	.reloc	5B5G5W5^5e5t5
0x10469deb	.reloc	6"6/6E6S6Y6a6m6u6}6
0x10469e15	.reloc	8c9j9o9t9
0x10469e35	.reloc	:%;,;1;6;
0x10469e55	.reloc	>&>->[>p>w>~>
0x10469f2b	.reloc	292A2Q2c2l2
0x10469f49	.reloc	3.373a3h3o3
0x10469fa1	.reloc	9c:h:#;d;
0x10469fd5	.reloc	>&>,><>o>
0x10469ffd	.reloc	0)050=0I0Z0p0}0
0x1046a01d	.reloc	1Z1a1f1k1
0x1046a05b	.reloc	8$838P8X8
0x1046a085	.reloc	; ;';6;A;V;^;t;
0x1046a0a3	.reloc	=!=-=4=;=n=u=|=
0x1046a0b9	.reloc	=->7>C>J>Q>
0x1046a0cd	.reloc	?+?T?^?e?
0x1046a0fd	.reloc	1F2M2T2B3
0x1046a133	.reloc	6!6(6_6f6m6
0x1046a19d	.reloc	<B<L<a<n<v<
0x1046a1f3	.reloc	1%1*1/1g1
0x1046a203	.reloc	1-24292>2
0x1046a225	.reloc	3J4Q4V4[4
0x1046a26b	.reloc	9+:2:9:q:x:
0x1046a281	.reloc	:?;K;R;Y;
0x1046a299	.reloc	=A=H=O=e=u=
0x1046a2e7	.reloc	1T1Z1e1u1
0x1046a303	.reloc	2=4D4K4k4r4y4
0x1046a359	.reloc	;>;[;k;q;v;{;
0x1046a3a5	.reloc	0*0:0K0a0i0u0
0x1046a3f5	.reloc	555S5f5t5
0x1046a457	.reloc	>5>S>Z>a>
0x1046a4a9	.reloc	2@2G2N2|2
0x1046a4e1	.reloc	4-555=5D5K5R5
0x1046a4ef	.reloc	5*646;6b6l6s6
0x1046a501	.reloc	6I7o7v7{7
0x1046a537	.reloc	:6:H:Y:f:
0x1046a555	.reloc	;C<J<Q<~<
0x1046a58b	.reloc	>(?/?6?j?q?x?
0x1046a5d5	.reloc	3&4;4X4d4
0x1046a5ef	.reloc	4+5R5X5b5o5
0x1046a605	.reloc	61767-858=8I8P8W8
0x1046a623	.reloc	9):0:7:d:k:r:
0x1046a64d	.reloc	<2=9=@=S=n=u=|=
0x1046a669	.reloc	>/>6>=>l>s>z>
0x1046a681	.reloc	>#?*?1?c?j?q?
0x1046a6a7	.reloc	0&0T0[0b0
0x1046a6bd	.reloc	041<1D1K1U1\1
0x1046a6dd	.reloc	272Q2X2_2
0x1046a70f	.reloc	4:4A4H4v4}4
0x1046a729	.reloc	52595@5W5_5
0x1046a741	.reloc	6;6B6I6p6x6
0x1046a759	.reloc	7 7Q7X7_7
0x1046a771	.reloc	8#8Q8X8_8
0x1046a7a3	.reloc	:7:>:E:s:z:
0x1046a7c1	.reloc	;4<9<m<2=
0x1046a7d3	.reloc	>">V>]>d>
0x1046a7eb	.reloc	? ?U?\?c?
0x1046a83d	.reloc	2K2R2\2c2
0x1046a887	.reloc	5;5B5I5|5
0x1046a8c5	.reloc	:!:(:/:e:
0x1046a8e5	.reloc	<$<5<B<h<
0x1046a90d	.reloc	071<1X1]1
0x1046a923	.reloc	2R3.464>4E4O4V4
0x1046a95b	.reloc	6:6A6H6x6
0x1046a973	.reloc	7-747;7i7p7w7
0x1046a98d	.reloc	8#8*8W8^8e8
0x1046a9b5	.reloc	:1:;:B:W:
0x1046a9d1	.reloc	;&;-;_;f;m;
0x1046a9e9	.reloc	<%<,<[<b<i<
0x1046aa01	.reloc	="=)=[=b=i=
0x1046aa77	.reloc	617f7k7U8Z8
0x1046aa8b	.reloc	9&9Y9`9g9
0x1046aa9f	.reloc	9 :':.:c:j:q:
0x1046aab9	.reloc	;&;-;`;g;n;
0x1046aad1	.reloc	<"<)<W<^<e<
0x1046ab13	.reloc	?$?X?_?f?
0x1046ab31	.reloc	0#0*0\0c0j0
0x1046ab4b	.reloc	1&1Y1`1g1
0x1046ab63	.reloc	2#2Q2X2_2
0x1046abad	.reloc	6A7Q7c7x7
0x1046abe9	.reloc	;&<-<4<g<n<u<
0x1046abff	.reloc	=$=.=5=l=s=z=
0x1046ac4c	.reloc	!0(0/0_0f0m0
0x1046ac63	.reloc	0*11181o1v1}1
0x1046ac89	.reloc	3$3+3=3w3~3
0x1046ac9d	.reloc	40494@4G4Y4i4w4
0x1046ad09	.reloc	>(>C>J>Q>
0x1046ad73	.reloc	1"2'2R2Z2e2l2v2}2
0x1046ad91	.reloc	20373>3[3u3|3
0x1046adab	.reloc	42494@4q4x4
0x1046adc3	.reloc	52595@5n5u5|5
0x1046addb	.reloc	5$6+626I6f6m6t6
0x1046adf5	.reloc	6"7)707C7^7e7l7
0x1046ae11	.reloc	7)80878f8m8t8
0x1046ae29	.reloc	8)90979r9y9
0x1046ae41	.reloc	9*:1:8:o:v:}:
0x1046ae6d	.reloc	;$<+<2<\<
0x1046ae7d	.reloc	<Z=b=j=y=
0x1046aeab	.reloc	0"0,0e0j0
0x1046aee3	.reloc	3#3*3X3_3f3
0x1046aefb	.reloc	4%4,4[4b4i4
0x1046af13	.reloc	5"5)5^5e5l5
0x1046af2d	.reloc	6&6W6^6e6
0x1046af71	.reloc	;%;<;G;T;];c;
0x1046afbd	.reloc	0 0K0_0l0|0
0x1046afcf	.reloc	081?1D1I1
0x1046b00d	.reloc	777>7E7s7z7
0x1046b025	.reloc	8;8B8I8x8
0x1046b03d	.reloc	989?9F9{9
0x1046b055	.reloc	:8:?:F:w:~:
0x1046b0d1	.reloc	3*343;3i3|3
0x1046b10d	.reloc	8'9.959m9t9{9
0x1046b125	.reloc	9-:4:;:o:v:}:
0x1046b13d	.reloc	:-;4;;;k;r;y;
0x1046b155	.reloc	;!<(</<a<h<o<
0x1046b183	.reloc	>%>T>[>b>
0x1046b199	.reloc	?#?*?\?c?j?
0x1046b1b8	.reloc	!0(0/0k0r0y0
0x1046b1cf	.reloc	0(1/161i1p1w1
0x1046b1e9	.reloc	2#2*2^2e2l2
0x1046b1f9	.reloc	343;3B3q3
0x1046b25f	.reloc	8:8A8H8u8|8
0x1046b2a9	.reloc	=)=:=q=w=
0x1046b2dd	.reloc	0 0'0Y0`0g0
0x1046b303	.reloc	3 3*313U3_3f3
0x1046b337	.reloc	5#5X5_5f5
0x1046b34d	.reloc	6&6-6p6w6~6
0x1046b363	.reloc	6/767=7z7
0x1046b39d	.reloc	9.:F:k:s:
0x1046b3ab	.reloc	;7;?;S;Y;t;
0x1046b3c3	.reloc	;%<-<3<L<
0x1046b419	.reloc	2>2N2^2z2
0x1046b429	.reloc	3(4/464l4s4z4
0x1046b44b	.reloc	6;6B6I6v6~6
0x1046b461	.reloc	6'7/777>7H7O7~7
0x1046b491	.reloc	8'9.959r9y9
0x1046b4d9	.reloc	;2<9<@<w<~<
0x1046b503	.reloc	=)>0>7>s>z>
0x1046b539	.reloc	0!0(0b0i0p0
0x1046b557	.reloc	11282?2Q2q2
0x1046b56d	.reloc	2l3s3z304
0x1046b631	.reloc	='=/=6=@=G=~=
0x1046b64f	.reloc	>4>Q>X>_>
0x1046b663	.reloc	> ?'?.?e?l?s?
0x1046b685	.reloc	080?0F0v0}0
0x1046b69d	.reloc	1A1H1O1i1
0x1046b6c7	.reloc	4/5g5o5w5
0x1046b727	.reloc	:';.;5;T;\;
0x1046b73f	.reloc	<,<3<:<m<N=U=\=
0x1046b7e5	.reloc	4)50575Q5n5u5|5
0x1046b805	.reloc	7$808U8s8{8
0x1046b811	.reloc	8G9o9v9}9
0x1046b83f	.reloc	;=;D;K;};
0x1046b873	.reloc	>%>>>_>o>
0x1046b887	.reloc	?K?R?Y?l?
0x1046b8ab	.reloc	0 0R0Y0`0
0x1046b8f7	.reloc	3f3n3v3}3
0x1046b911	.reloc	4D4K4R4r4
0x1046b943	.reloc	6C6J6Q6z6
0x1046b95b	.reloc	72797@7W7v7}7
0x1046b9ab	.reloc	;&;A;H;O;
0x1046b9df	.reloc	=:=A=H=w=~=
0x1046b9f7	.reloc	=+>2>9>f>m>t>
0x1046ba11	.reloc	?"?,?3?d?k?r?
0x1046ba35	.reloc	0%0,030e0l0s0
0x1046ba4f	.reloc	1%1,1\1c1j1
0x1046ba69	.reloc	2!2Q2X2_2
0x1046ba95	.reloc	3;4B4I4v4}4
0x1046badd	.reloc	<V<c<l<L=U=]=
0x1046bb0b	.reloc	?7???N?T?Z?{?
0x1046bb33	.reloc	0*080B0G0g0o0w0
0x1046bb73	.reloc	30353D3Y3
0x1046bbf5	.reloc	5H5R5Y5v5}5
0x1046bc43	.reloc	:A:X:^:c:i:n:w:|:
0x1046bc6f	.reloc	;%;/;5;?;O;e;p;
0x1046bc9d	.reloc	<*<6<W<b<y<
0x1046bcb3	.reloc	=-=2=9=M=R=Y=`=g=n=u={=
0x1046bce7	.reloc	>&>->2>7>=>D>d>h>l>p>t>x>|>
0x1046bd31	.reloc	1/1=1K1a1g1q1
0x1046bd59	.reloc	3#303@3^3}3
0x1046bd7f	.reloc	415A5_5~5
0x1046bdbf	.reloc	7l:p:t:x:|:
0x1046be19	.reloc	; ;$;(;,;0;4;8;<;@;D;H;L;P;T;X;\;`;d;h;l;p;t;x;|;
0x1046be99	.reloc	< <$<(<,<0<4<8<<<@<
0x1046bedb	.reloc	2"222B2R2b2r2
0x1046befb	.reloc	3"323B3R3
0x1046bf11	.reloc	4"424B4R4
0x1046bf9b	.reloc	526B6R6b6r6
0x1046bfb5	.reloc	7"727B7R7b7
0x1046bfe3	.reloc	;";B;R;b;r;
0x1046c001	.reloc	<"<2<B<R<b<r<
0x1046c021	.reloc	="=2=B=R=b=r=
0x1046c04f	.reloc	?!?(?9?B?Z?a?h?~?
0x1046c07d	.reloc	0#0E0L0S0o0
0x1046c0bd	.reloc	535:5E5`5f5
0x1046c0d7	.reloc	6!606?6N6]6m6Y7`7g7
0x1046c15f	.reloc	9!9(9O9Y9`9
0x1046c1cf	.reloc	0!0R0\0c0s0
0x1046c1eb	.reloc	333:3A3b3j3
0x1046c1fd	.reloc	3>4E4L4S4Z4a4
0x1046c227	.reloc	6.757<7Q7[7b738=8D8~8
0x1046c249	.reloc	9#9_9f9m90:7:>:
0x1046c29d	.reloc	>U?l?s?z?
0x1046c2c7	.reloc	0D1K1R1g1q1x1
0x1046c305	.reloc	505:5A5a5k5r5E6O6V6|6
0x1046c357	.reloc	:A;H;O;V;`;g;
0x1046c36f	.reloc	;2<9<@<v<}<
0x1046c39d	.reloc	>%>\>c>j>
0x1046c3b1	.reloc	>+?2?9?o?v?}?
0x1046c401	.reloc	2<3C3J3Q3X3_3
0x1046c417	.reloc	4 5'5.5d5k5r5
0x1046c43b	.reloc	677>7E7{7
0x1046c46d	.reloc	;Q;X;_;1<8<?<g<
0x1046c485	.reloc	=(=F=M=T=
0x1046c4a1	.reloc	>C?M?T?x?
0x1046c4dd	.reloc	2'2,262@2
0x1046c4e9	.reloc	3"3'3d334:4A4
0x1046c4f7	.reloc	4R5Y5^5c5
0x1046c537	.reloc	: :-:3:A:I:N:W:\:f:p:
0x1046c59d	.reloc	0.0>0P0W0^0
0x1046c5f7	.reloc	5 6'6.6r6y6
0x1046c63b	.reloc	;7;A;H;u;
0x1046c691	.reloc	1!1`1g1n1
0x1046c6a5	.reloc	3P3W3^3x3
0x1046c6b3	.reloc	3E4S4Z4a4h4o4
0x1046c6cd	.reloc	4*51565;5c5v5}5
0x1046c6e5	.reloc	52696@6^6e6l6
0x1046c6ff	.reloc	8>8S8Z8_8d8
0x1046c743	.reloc	=/=S=Z=a=
0x1046c75b	.reloc	>I>S>Z>z>
0x1046c76f	.reloc	>$?+?2?q?x?
0x1046c784	.reloc	[0b0g0l0
0x1046c7a1	.reloc	1 1<1F1M1
0x1046c7cf	.reloc	3,464=4]4g4n4
0x1046c7fd	.reloc	6=6G6N6m6w6~6
0x1046c81d	.reloc	7^7h7m7r7
0x1046c841	.reloc	:":):I:P:W:g:
0x1046c855	.reloc	:N;X;];b;
0x1046c8a8	.reloc	B0L0S0s0}0
0x1046c8bb	.reloc	131[1e1l1
0x1046c8e5	.reloc	3'4.454f4
0x1046c905	.reloc	6"6)6F6P6W6
0x1046c91f	.reloc	6+7C7J7O7T7e7r7
0x1046c95d	.reloc	<J<Q<X<r<
0x1046c97d	.reloc	> >'>`>g>n>
0x1046c9ad	.reloc	1"1,131\1`1d1h152<2C2v2}2
0x1046ca3f	.reloc	;;;F;P;W;
0x1046ca65	.reloc	=!=e=l=s=
0x1046caad	.reloc	0%1,131p1w1~1
0x1046cb07	.reloc	4"5)505E5
0x1046cb27	.reloc	7%8,838H8
0x1046cb67	.reloc	=#=*=c=j=q=
0x1046cb8f	.reloc	>#?*?1?h?o?v?
0x1046cbe1	.reloc	2&3\3c3j3
0x1046cbf5	.reloc	4%4,4e4l4s4
0x1046cc2b	.reloc	8&8-8c8j8q8
0x1046cc65	.reloc	;J<Q<X<{<
0x1046cc97	.reloc	> ?'?.?h?o?v?
0x1046cccb	.reloc	0%1,131l1s1z1
0x1046ccfb	.reloc	404\4c4j4
0x1046cd1d	.reloc	5 6'6.6e6q6
0x1046cd45	.reloc	7)8_8f8m8
0x1046cd57	.reloc	8!9(9/9h9o9v9
0x1046cd8d	.reloc	<+=2=9=l=s=z=
0x1046cdd1	.reloc	061=1D1g1
0x1046ce19	.reloc	7.757<7[7b7i7
0x1046ce31	.reloc	8$8(8,808m8
0x1046ce47	.reloc	9!999C9J9
0x1046ce7b	.reloc	;!;(;3;G;T;m;w;~;
0x1046ce97	.reloc	<I<P<W<^<e<l<
0x1046cef3	.reloc	0#1G1o1y1
0x1046cf29	.reloc	4 4'4.4P4Z4a4~4
0x1046cf61	.reloc	797@7G7~7
0x1046cf79	.reloc	8#8F8P8W8
0x1046cfa3	.reloc	;#;j;q;x;
0x1046d03f	.reloc	3)40474s4z4
0x1046d055	.reloc	5$5c5j5q5
0x1046d069	.reloc	536:6A6v6}6
0x1046d07f	.reloc	7&7]7d7k7
0x1046d0a3	.reloc	8@9J9Q9i9s9z9
0x1046d0d3	.reloc	;,;3;=;G;Q;X;c;w;
0x1046d137	.reloc	0 0*000z0
0x1046d16d	.reloc	2"2:2D2K2
0x1046d17d	.reloc	283B3H3'41484P4W4^4
0x1046d1bb	.reloc	6$7+727i7p7w7
0x1046d1d1	.reloc	8&8-8B8L8S8v8
0x1046d21d	.reloc	<1=8=?=v=}=
0x1046d25c	.reloc	 0i0p0w0
0x1046d289	.reloc	393@3G3|3
0x1046d2c7	.reloc	6"6)6c6j6q6
0x1046d2ef	.reloc	7$8+828g8n8u8
0x1046d321	.reloc	;,<Y=`=g=
0x1046d32b	.reloc	=0>7>>>z>
0x1046d350	.reloc	,0i0p0w0
0x1046d359	.reloc	0%1,131U1\1c1
0x1046d381	.reloc	262M2Y2j2}2
0x1046d3a1	.reloc	3&363H3O3V3g3~3
0x1046d3c5	.reloc	4 404B4I4P4a4x4
0x1046d3e1	.reloc	5$5+5<5S5^5p5
0x1046d405	.reloc	6,6<6N6U6\6m6
0x1046d4b5	.reloc	1U1\1c1G2Q2X2
0x1046d4cb	.reloc	3%3:3_3f3m3
0x1046d4e1	.reloc	364=4D4{4
0x1046d507	.reloc	6%6,6c6j6q6
0x1046d51d	.reloc	7-7e7l7s7
0x1046d5b5	.reloc	2$3+323j3q3x3
0x1046d5c9	.reloc	3H6O6V6|6
0x1046d60b	.reloc	9"9)9F9P9W9t9~9
0x1046d627	.reloc	98:B:I:c:m:t:
0x1046d677	.reloc	>">)>g>n>u>
0x1046d687	.reloc	>&?-?4?i?p?w?
0x1046d6a9	.reloc	0P0W0^0s1
0x1046d6c9	.reloc	3&383P3W3^3o3q4
0x1046d727	.reloc	:#:A:H:M:R:
0x1046d73f	.reloc	;.;L;Z;l;
0x1046d74f	.reloc	;[<e<j<o<
0x1046d7b5	.reloc	171>1E1w1~1
0x1046d7d5	.reloc	2.353<3]3
0x1046d7e9	.reloc	4O4V4]4q4{4
0x1046d837	.reloc	8/969=9n9x9
0x1046d857	.reloc	;$;+;b;i;p;
0x1046d905	.reloc	6!7(7/7Z7l7?8F8M8
0x1046d921	.reloc	80979>9O9g9n9u9
0x1046d95f	.reloc	<><L<Z<h<v<
0x1046d9a3	.reloc	0@0G0N0-141;1
0x1046d9c1	.reloc	273A3H3]3{3
0x1046da13	.reloc	8/969=9~9
0x1046da4d	.reloc	<M=W=\=a=p=z=
0x1046da87	.reloc	1#1*1d1k1r1
0x1046dab3	.reloc	3%3b3i3p3
0x1046dadd	.reloc	5 5Z5a5h5
0x1046daf1	.reloc	5,636:6x6
0x1046db97	.reloc	1*2F2M2T2
0x1046dba5	.reloc	253[3b3i3
0x1046dbb3	.reloc	4!4>4H4O4
0x1046dc5b	.reloc	6k6r6y6D7K7R7%8,838
0x1046dc79	.reloc	9 91989?9F9M9
0x1046dcad	.reloc	;C;M;T;o;y;
0x1046dce9	.reloc	= >'>.>h>o>v>
0x1046dd1f	.reloc	1 1W1^1e1
0x1046ddfd	.reloc	0M1W1^1x1
0x1046de09	.reloc	12292@2y2
0x1046de37	.reloc	5 5'5a5h5o5
0x1046de5d	.reloc	7!7]7d7k7
0x1046deb9	.reloc	?#?*?i?s?z?
0x1046dee1	.reloc	2 2'2A2K2R2
0x1046df35	.reloc	7!7(7u7|7
0x1046df59	.reloc	8-949;9V9`9g9
0x1046df93	.reloc	< <W<^<e<
0x1046df9f	.reloc	= ='=a=h=o=
0x1046dfb5	.reloc	=#>*>1>g>
0x1046e005	.reloc	2#2f2m2t2
0x1046e05f	.reloc	8!8(8k8r8y8
0x1046e071	.reloc	9 9'9g9n9u9
0x1046e097	.reloc	; ;_;f;m;
0x1046e0a7	.reloc	<"<)<n<u<|<
0x1046e195	.reloc	:P;Z;_;d;
0x1046e1cd	.reloc	=4>;>B>~>
0x1046e215	.reloc	3%3*3/3U3
0x1046e243	.reloc	8)808l8s8z8
0x1046e259	.reloc	8#9*919i9p9w9
0x1046e2bd	.reloc	?!?(?g?n?u?
0x1046e2ed	.reloc	041;1B1|1
0x1046e2ff	.reloc	1.252<2v2}2
0x1046e30d	.reloc	283?3F3}3
0x1046e325	.reloc	364=4D4z4
0x1046e46f	.reloc	7 7b7i7p7
0x1046e491	.reloc	9!:+:2:u:|:
0x1046e4a5	.reloc	;&;-;r;y;
0x1046e4c7	.reloc	=D=K=R=?>I>P>j>t>{>*?1?8?t?{?
0x1046e539	.reloc	838=8D8|8
0x1046e569	.reloc	:+;2;9;y;
0x1046e5af	.reloc	?%?,?B?S?]?d?
0x1046e5ff	.reloc	3&3-3g3n3u3
0x1046e615	.reloc	3/464=4X4_4f4
0x1046e66d	.reloc	9"9h9o9v9
0x1046e74b	.reloc	7*81888g8n8u8|8
0x1046e81f	.reloc	8J8T8[8q8{8
0x1046e83f	.reloc	;";);f;m;t;
0x1046e87f	.reloc	>6?=?D?z?
0x1046e8a7	.reloc	0,131:1t1{1
0x1046e8c1	.reloc	2#2-242i2p2w2
0x1046e8d7	.reloc	3!3Z3a3h3
0x1046e90f	.reloc	6!6_6f6m6
0x1046e91f	.reloc	6'7.757<7C7J7
0x1046e99f	.reloc	?1?;?B?w?~?
0x1046e9bc	.reloc	+02090v0}0
0x1046ea03	.reloc	3!4(4/4x4
0x1046ea3b	.reloc	6(7/767y7
0x1046ea7d	.reloc	;";^;e;l;
0x1046ea93	.reloc	=)=0=J=T=[=
0x1046eae1	.reloc	2-373>3z3
0x1046eb03	.reloc	6%6?6I6P6
0x1046eb35	.reloc	8,939:9w9~9
0x1046eb91	.reloc	=0>7>>>x>
0x1046ebbd	.reloc	0$0+0C0J0Q0
0x1046ebe7	.reloc	1$2+222x2
0x1046ec3f	.reloc	8!8[8b8i8
0x1046ec4f	.reloc	9)939:9v9}9
0x1046ecbf	.reloc	?>?E?L?{?
0x1046ecef	.reloc	1%1,1n1u1|1
0x1046ed5d	.reloc	8#8*8P8Z8a8
0x1046eda3	.reloc	<-=4=;=l=
0x1046edb1	.reloc	=>>E>L>c>m>t>
0x1046edc3	.reloc	>2?9?@?W?a?h?
0x1046ee8b	.reloc	:<;F;K;P;
0x1046ef11	.reloc	3;4B4I4d4n4u4
0x1046ef25	.reloc	5 5'5]5d5k5
0x1046f025	.reloc	4%4b4i4p4
0x1046f033	.reloc	495@5G5s5z5
0x1046f117	.reloc	3)40474p4w4~4
0x1046f149	.reloc	6.757<7S7]7d7
0x1046f15b	.reloc	7"8)808G8Q8X8v8
0x1046f221	.reloc	3;4E4J4O4
0x1046f24d	.reloc	7A8K8R8{8
0x1046f29d	.reloc	<9=@=G=b=l=s=
0x1046f2b1	.reloc	>$>+>a>h>o>
0x1046f333	.reloc	4"5)505~5
0x1046f3bf	.reloc	=)>0>7>c>j>q>x>
0x1046f477	.reloc	9):1:7:>:b:i:p:
0x1046f48b	.reloc	:!;+;2;$<+<2<k<r<y<
0x1046f51f	.reloc	4!4k5u5|5
0x1046f531	.reloc	6!676A6H6
0x1046f53b	.reloc	7!7(7`7j7q7
0x1046f55f	.reloc	9.989?9h9r9y9
0x1046f579	.reloc	;!;(;c;j;q;
0x1046f589	.reloc	;"<)<0<h<o<v<
0x1046f59b	.reloc	=D=K=R=b=z=
0x1046f607	.reloc	2"2\2c2j2
0x1046f61d	.reloc	3$3+3l3s3z3
0x1046f62f	.reloc	474>4E4L4S4Z4
0x1046f643	.reloc	5$5+5n5u5|5
0x1046f6a3	.reloc	;%<S<Z<a<
0x1046f6d3	.reloc	>/?6?=?X?b?i?
0x1046f6f1	.reloc	0"0)0l0s0z0
0x1046f737	.reloc	3$4+424|4
0x1046f7d9	.reloc	0D0N0U0@1G1N1
0x1046f843	.reloc	7(7/7F7P7W7
0x1046f875	.reloc	;);0;F;P;W;.<5<<<
0x1046f8d7	.reloc	1%1/161r1y1
0x1046f925	.reloc	5!5g5n5u5
0x1046f9a1	.reloc	=7=>=E={=
0x1046fa19	.reloc	2 3'3.3{3
0x1046fa2d	.reloc	4B4I4P4W4^4e4
0x1046fa43	.reloc	5"5a5h5o5
0x1046fa75	.reloc	9):1:7:>:_:f:m:
0x1046faad	.reloc	=4>;>B>`>g>n>
0x1046fad8	.reloc	 0'0.0E0O0V0
0x1046faeb	.reloc	1!1(1?1I1P1n1x1
0x1046fb21	.reloc	4/595@5v5
0x1046fb3f	.reloc	7?7I7P7y7
0x1046fb57	.reloc	8(9/969t9{9
0x1046fb7b	.reloc	;O;V;];m;
0x1046fbe0	.reloc	"0)000_0f0m0t0{0
0x1046fc05	.reloc	2#2*2p2w2~2
0x1046fc39	.reloc	5%6,636m6t6{6
0x1046fc4f	.reloc	7%7[7b7i7
0x1046fc5f	.reloc	768=8D8_8i8p8
0x1046fc73	.reloc	9 9'9a9h9o9
0x1046fccd	.reloc	=#>*>1>8>?>F>
0x1046fcff	.reloc	0%0d0k0r0
0x1046fd2f	.reloc	6"6J6Q6X6
0x1046fd4b	.reloc	7N7_7f7m7
0x1046fd77	.reloc	9!:(:/:P:z:
0x1046fd8d	.reloc	;$;+;@;J;Q;
0x1046fdc1	.reloc	>D>K>R>h>y>
0x1046fdd9	.reloc	?#?O?V?]?d?k?r?
0x1046fdf9	.reloc	0 0'0c0j0q0
0x1046fe0d	.reloc	1!1]1d1k1
0x1046fe1b	.reloc	1,232:2v2}2
0x1046fe55	.reloc	5!6(6/6h6o6v6
0x1046fe81	.reloc	8T8[8b8i8p8w859X9
0x1046fe95	.reloc	9=:D:K:\:
0x1046feb1	.reloc	;(;9;C;J;
0x1046fec9	.reloc	<&<-<4<;<
0x1046fefb	.reloc	>#?*?1?m?t?{?
0x1046ff19	.reloc	0$0m0t0{0
0x1046ff43	.reloc	3%3c3j3q3
0x1046ff6b	.reloc	5X5_5f5m5t5{5:6]6
0x1046ff81	.reloc	7$7+7C7M7T7
0x1046ffb5	.reloc	:C:J:Q:g:x:
0x1046ffc9	.reloc	:';.;5;d;k;r;y;
0x1046ffef	.reloc	=#=*=m=t={=
0x10470073	.reloc	4!5(5/5h5o5v5
0x1047009f	.reloc	7N7U7\7c7j7q7/8R8
0x104700b3	.reloc	859<9C9T9}9
0x104700cf	.reloc	: :1:;:B:w:~:
0x10470191	.reloc	565=5D5Z5k5u5|5
0x10470245	.reloc	0"0)0`0g0n0
0x1047027f	.reloc	3)40474r4y4
0x10470291	.reloc	4.555<5s5z5
0x1047029f	.reloc	5)60676r6y6
0x1047032f	.reloc	0"0Y0`0g0
0x10470357	.reloc	3"3)3r3y3
0x10470367	.reloc	3%4,434w4~4
0x104703e7	.reloc	=,>3>:>q>x>
0x10470449	.reloc	3)40474u4|4
0x1047045b	.reloc	41585?5v5}5
0x10470487	.reloc	7*81888o8v8}8
0x10470495	.reloc	9#9*9s9z9
0x104704a5	.reloc	9!:(:/:x:
0x104704ed	.reloc	0!0(0_0f0m0U1\1c1
0x10470553	.reloc	7S7Z7a7.858<8
0x10470583	.reloc	;4<;<B<y<
0x1047059f	.reloc	>#>l>s>z>
0x104705e3	.reloc	2"2)2`2g2n2
0x1047064d	.reloc	9+:2:9:t:{:
0x104707bd	.reloc	2,333:3y3
0x1047084f	.reloc	> >A>H>O>
0x10470871	.reloc	0"0,030L0S0o0y0
0x1047088f	.reloc	1D1K1R1Y1c1j1
0x104708a7	.reloc	282?2F2}2
0x104708e9	.reloc	41585?5u5|5
0x10470901	.reloc	6M6T6[6u6
0x10470911	.reloc	6+72797@7J7Q7m7
0x10470945	.reloc	:$:4:N:X:_:
0x1047095f	.reloc	:D;K;R;b;|;
0x10470995	.reloc	=%=/=:=N=[=t=~=
0x104709ef	.reloc	121:1i1p1w1
0x104709ff	.reloc	21282?2F2M2T2
0x10470a37	.reloc	4*51585w5~5
0x10470a93	.reloc	9):i:s:z:
0x10470acb	.reloc	=<>C>J>n>
0x10470af0	.reloc	[0b0i0}0
0x10470b0f	.reloc	1N2U2\2v2
0x10470b65	.reloc	7$8+828g8n8u8
0x10470baf	.reloc	<<=C=J=n=
0x10470bcb	.reloc	>[?b?i?}?
0x10470bf3	.reloc	0N1U1\1v1
0x10470c41	.reloc	6&70777a7~7
0x10470c8d	.reloc	:":):`:g:n:
0x10470ca3	.reloc	:0;7;>;u;|;
0x10470cd1	.reloc	=$=Z=a=h=
0x10470ce5	.reloc	=1>B>L>S>
0x10470cf5	.reloc	>$?+?2?p?
0x10470d08	.reloc	8081V1]1d1y1
0x10470d27	.reloc	273>3E3~3
0x10470d4f	.reloc	5&5k5u5|5
0x10470d65	.reloc	636=6D6a6
0x10470d79	.reloc	7!7+727r8|8
0x10470d85	.reloc	8`9j9o9t9
0x10470e3f	.reloc	4%4/464L4S4Z4h4u4
0x10470e95	.reloc	8E8O8V8q9{9
0x10470ea9	.reloc	:":):R:\:c:
0x10470ef3	.reloc	242;2B2j2q2x2
0x10470f2f	.reloc	4)50575z5
0x10470f73	.reloc	8/969=9w9~9
0x10470f95	.reloc	:*;1;8;z;
0x10470fa9	.reloc	<"<)<`<g<n<
0x1047100d	.reloc	0.151<1{1
0x10471031	.reloc	2*3f3m3t3
0x10471043	.reloc	4 4Z4a4h4
0x10471063	.reloc	6!6c6j6q6
0x1047108b	.reloc	7,838:8a8k8r8
0x104710b3	.reloc	98:?:F:q:x:
0x104710cb	.reloc	:>;E;L;x;
0x1047113f	.reloc	1"1)1_1f1m1
0x104711ef	.reloc	;%;d;k;r;
0x1047124b	.reloc	0$0[0b0i0
0x10471261	.reloc	1H1O1V1}1
0x10471279	.reloc	2'2U2\2c2
0x1047128f	.reloc	343;3B3{3
0x104712a7	.reloc	4B4I4P4W4^4e4
0x104712cb	.reloc	5&6-646s6z6
0x10471321	.reloc	:*;1;8;r;y;
0x104713ab	.reloc	2"2)2k2r2y2
0x104713bb	.reloc	20373>3}3
0x10471413	.reloc	738:8A8t8{8
0x10471445	.reloc	:!:D:N:U:
0x10471460	.reloc	"0,030X0v0
0x104714c5	.reloc	7!7(7@7{7
0x104714d9	.reloc	7!8(8/8g8n8u8
0x104714f1	.reloc	979>9E9}9
0x10471517	.reloc	:.;5;<;Z;s;
0x10471537	.reloc	> >Y>`>g>a?
0x10471597	.reloc	4#5*515K5
0x1047164b	.reloc	2;2E2L2d2n2u2
0x10471663	.reloc	2!3(3/3k3r3y3
0x1047167b	.reloc	4E4L4S4q4y4
0x10471691	.reloc	4 5'5.5L5T5
0x104716a3	.reloc	5,6;6B6I6P6W6
0x104716d1	.reloc	:#:*:B:I:P:h:o:v:
0x1047170b	.reloc	;"<)<0<D<K<R<
0x1047171f	.reloc	<(=/=6===G=N=
0x10471739	.reloc	>">)>`>g>n>
0x1047174f	.reloc	>/?6?=?u?|?
0x10471787	.reloc	1!1W1^1e1
0x104717d9	.reloc	4,535:5q5x5
0x1047181d	.reloc	8#8*8a8h8o8
0x1047189c	.reloc	60=0D0k0u0|0
0x104718c1	.reloc	1<2C2J2z2
0x104718d7	.reloc	3#3Y3`3g3
0x10471901	.reloc	6#6*6o6v6{6
0x10471917	.reloc	8'9.959k9r9y9x:Y;`;g;
0x1047195d	.reloc	>'?.?5?Q?
0x104719c7	.reloc	:Y:c:j:+;
0x10471a3f	.reloc	1%1Q1X1_1f1p1w1
0x10471a71	.reloc	2E3L3S3u3
0x10471aa5	.reloc	6F6M6T6z6
0x10471abf	.reloc	7#7*7N7X7_7
0x10471ad9	.reloc	9B9I9N9S9p9}9
0x10471ae7	.reloc	9v:Q;[;b;
0x10471afd	.reloc	<!<(<b<l<q<v<
0x10471b17	.reloc	=2=<=C=R=m=w=~=
0x10471b6d	.reloc	0,131:1q1x1
0x10471baf	.reloc	5"5c5j5q5
0x10471bfb	.reloc	9@:G:N:]:u:|:
0x10471c4b	.reloc	>-?4?;?u?|?
0x10471c91	.reloc	2%3=3D3K3\3|3
0x10471ca7	.reloc	3"4g4n4u4
0x10471cb5	.reloc	5 5'5I5L6
0x10471d5f	.reloc	8!9+929f9w9~9
0x10471d7d	.reloc	:$:>:E:L:
0x10471da5	.reloc	<:=A=H=O=V=]=
0x10471de7	.reloc	3#3;3B3G3L3
0x10471dff	.reloc	4(4/4N4X4_4
0x10471e13	.reloc	5K5R5Y5n5u5
0x10471e2f	.reloc	6,6>6E6L6|6
0x10471e77	.reloc	<5=?=F=r=
0x10471ee5	.reloc	7!787B7I7
0x10471f23	.reloc	<e=l=s=*>S>a>x>
0x10471f49	.reloc	0-1@1N1g1q1x1H2[2i2)3:3H3
0x10471ff8	.reloc	$0.03080
0x10472001	.reloc	1 1'1c1j1q1
0x1047205f	.reloc	=F=P=W=y>
0x1047207d	.reloc	0!1+121P1Z1a1
0x1047208f	.reloc	2!212A2Q2a2q2
0x104720af	.reloc	3!313A3Q3a3q3
0x104720c9	.reloc	334:4@4P4
0x104720d5	.reloc	5#5*5L5S5Y5
0x10472131	.reloc	>.?5?<?M?n?u?|?
0x10472151	.reloc	0P0Z0_0d0
0x10472165	.reloc	1 1L1S1X1]1z1
0x10472181	.reloc	6;6P6b6z6
0x10472191	.reloc	647X8b8i8
0x104721ab	.reloc	;.;a;h;o;
0x104721f5	.reloc	0#0*0h0o0v0
0x10472211	.reloc	1#2*212o2v2}2@3
0x1047225d	.reloc	<!<^<e<l<
0x104722b5	.reloc	0#0*0g0n0u0
0x104722c7	.reloc	1%1,1D1t1{1
0x104722f3	.reloc	2-343;3r3y3
0x1047232f	.reloc	546;6B6a6h6o6
0x10472347	.reloc	7O7V7]7|7
0x104723a1	.reloc	2 2`2E3x3
0x104723f3	.reloc	;&;-;g;n;u;
0x1047240d	.reloc	=9=o=v=}=
0x1047241b	.reloc	=$>.>5>n>x>
0x1047248b	.reloc	9%9,9=9e9l9s9
0x104724b7	.reloc	;%;,;f;m;t;
0x10472529	.reloc	0"0)0c0j0q0
0x1047253f	.reloc	1T1[1b1v1}1
0x10472601	.reloc	5!5(5b5l5s5
0x1047261d	.reloc	647>7E7{7
0x10472689	.reloc	0"1)101p1w1~1
0x1047269b	.reloc	1O2V2]2i3x3
0x104726ab	.reloc	3 4{4K5Z5
0x104726df	.reloc	>*>[>b>i>
0x10472745	.reloc	4!5(5/5k5r5y5J6
0x104727e3	.reloc	<-=,>6>=>
0x10472869	.reloc	7S8Z8a8r8
0x10472877	.reloc	8&9-949|9
0x104728bd	.reloc	2K3[3e3l3
0x104728ed	.reloc	:8<B<I<~<
0x10472983	.reloc	8T8[8b8s8
0x10472a67	.reloc	?T?[?b?s?
0x10472b49	.reloc	4E5L5S5d5
0x10472c2f	.reloc	:T:[:`:e:
0x10472c47	.reloc	<L<S<X<]<
0x10472c9f	.reloc	2#2*2W2a2h2
0x10472cb7	.reloc	2&40464J4T4[4n4x4~4
0x10472ce9	.reloc	5<6C6M6T6
0x10472cfd	.reloc	767@7G7a7k7r7
0x10472d1f	.reloc	9!9(9L9V9]9o9
0x10472d43	.reloc	<*<5<A<K<
0x10472d75	.reloc	0Z0a0h0y0
0x10472d89	.reloc	121^1e1l1}1
0x10472db1	.reloc	3Y4c4j4;5F5i5
0x10472e0f	.reloc	<'=.=5=m=t={=
0x10472e51	.reloc	2"2Y2`2g2
0x10472e5b	.reloc	2'3.353]3
0x10472e95	.reloc	9/:6:=:t:{:
0x10472eab	.reloc	;$;9;h;o;v;
0x10472f03	.reloc	1O2Y2^2c2
0x10472f13	.reloc	4)434:4g5
0x10472fcd	.reloc	0!0'070V0
0x10473001	.reloc	6-6_6i6p6
0x1047300f	.reloc	6P7W7^7o7
0x10473043	.reloc	:0:l:s:z:
0x10473055	.reloc	;$;[;b;i;
0x10473071	.reloc	=#=9=C=J=v=
0x104730b3	.reloc	1 1-131A1I1N1S1]1b1l1v1
0x104730dd	.reloc	3'31383V3`3g3
0x10473139	.reloc	8;9h9r9y9
0x1047319d	.reloc	1!1[1b1i1
0x104731b7	.reloc	373>3E3|3
0x104731f3	.reloc	7Q9c9m9t9
0x104731ff	.reloc	9S:]:';6;
0x1047325f	.reloc	4#5*515q5x5
0x10473277	.reloc	6"676c6j6q6
0x104732a3	.reloc	8'9.959g9n9u9
0x104732d5	.reloc	1&1b1i1p1
0x10473307	.reloc	334:4A4}4
0x10473313	.reloc	4R5K6U6Z6_6
0x1047332b	.reloc	7O7Y7`7p7
0x10473335	.reloc	7(82898V8]8c8s8
0x1047339f	.reloc	>(>9>@>G>N>U>d>u>|>
0x104733d1	.reloc	?)?0?7?>?E?T?e?l?s?z?
0x1047340b	.reloc	0 0'0.050
0x1047341b	.reloc	0A1F1K1Q1U1l1p1v1z1
0x1047348f	.reloc	>9>p>w>|>
0x104734b1	.reloc	0D1K1P1U1
0x104734db	.reloc	495@5E5J5y5
0x104734f3	.reloc	6m6t6y6~6
0x1047350b	.reloc	7@8G8L8Q8m8
0x10473529	.reloc	:):0:Q:{:
0x10473533	.reloc	;';-;Z;a;h;x;
0x1047355f	.reloc	>4?Y?`?g?
0x10473578	.reloc	"0N0U0\0x0
0x10473583	.reloc	0*141;1z1
0x104735ab	.reloc	2?3I3\3d3s3~3
0x104735db	.reloc	5"515<5F5h5
0x10473615	.reloc	>%?/?6?]?g?n?
0x1047362c	.reloc	(0/060q0x0
0x10473653	.reloc	21282?2j2q2x2
0x10473679	.reloc	3(4/464m4t4{4
0x1047368b	.reloc	4:5A5H5`5
0x104736e9	.reloc	90:7:>:~:
0x1047375d	.reloc	1"1-171A1L1j1
0x10473777	.reloc	142;2K2S2b2m2w2
0x104737d5	.reloc	1 1'1V1`1f1
0x104737e5	.reloc	1@2J2e2t2
0x104737ff	.reloc	3#3E3O3o3
0x10473817	.reloc	4#4:4J4i4s4
0x10473831	.reloc	5 5;5U5}5
0x1047383f	.reloc	7+858<8M8s:
0x104738b5	.reloc	243;3B3y3
0x104738c9	.reloc	444;4B4x4
0x104738db	.reloc	5"5n5u5|5
0x10473929	.reloc	;1<;<@<E<
0x10473964	.reloc	Q0[0b0v0
0x1047398d	.reloc	2&30353:3
0x104739b9	.reloc	6*74797>7
0x10473a19	.reloc	=->7>>>v>
0x10473a61	.reloc	1!101A1K1
0x10473a79	.reloc	1!2+252@2W2f2q2{2
0x10473a99	.reloc	283?3F3Q3k3x3
0x10473ac5	.reloc	9E9O9V9}9
0x10473b33	.reloc	7%8/868]8g8n8
0x10473b47	.reloc	9#:*:1:w:
0x10473b97	.reloc	?(?/?6?G?W?i?p?w?
0x10473bc1	.reloc	0$0+0<0e0l0s0
0x10473bd9	.reloc	1@1G1N1_1o1
0x10473bf7	.reloc	2*242;2`2j2q2
0x10473c39	.reloc	4#5-545n5u5|5
0x10473c6b	.reloc	6+757;7g7q7w7
0x10473c83	.reloc	8$818<8F8Z8}8
0x10473ca1	.reloc	9'959<9C9J9U9
0x10473cbd	.reloc	96:=:H:O:i:v:
0x10473d4d	.reloc	4'414?4]4k4{4
0x10473d63	.reloc	4B5O5Z5a5h5}5
0x10473d7b	.reloc	6%6D6T6n6
0x10473d93	.reloc	7!787`7T8d8
0x10473dbf	.reloc	9/:6:=:U:
0x10473dcf	.reloc	: ;8;B;I;
0x10473e11	.reloc	4.888?8e8o8v8
0x10473e2f	.reloc	:U;\;c;S<Z<a<
0x10473e43	.reloc	=!>+>2>I>S>Z>o>y>
0x10473e7d	.reloc	0E1L1S1Z1a1h1
0x10473e99	.reloc	3.484=4B4Q4[4b4
0x10473ed3	.reloc	708:8A8s8}8
0x10473ee7	.reloc	9 9'9v9}9
0x10473ef9	.reloc	9,:<:U:\:c:t:
0x10473f15	.reloc	:&;-;4;J;Q;X;i;
0x10473f2f	.reloc	;(</<6<p<w<~<
0x10473f59	.reloc	=(>G>g>q>x>
0x10473f8f	.reloc	0!1`1g1n1
0x10473fd5	.reloc	777>7D7T7
0x1047401d	.reloc	=7>A>H>Z>~>
0x10474071	.reloc	2,2<2V2p2z2
0x1047408b	.reloc	3+3A3O3o3
0x104740a5	.reloc	4$4.4V4o4
0x104740eb	.reloc	?5???F?m?w?~?
0x10474104	.reloc	60=0D0|0
0x1047412f	.reloc	2$3.353P3~3
0x10474149	.reloc	4&4;4Q4e4
0x10474163	.reloc	5-5<5Q5i5
0x1047417b	.reloc	6*6B6R6e6o6
0x10474193	.reloc	8 9N9y9m:u;=<G<N<`<
0x104741c5	.reloc	1$1+1R1\1c1
0x104741d1	.reloc	1&2-242l2s2z2
0x104742f1	.reloc	5 5-585K5U5q5
0x1047430b	.reloc	556?6V6e6p6z6
0x1047432f	.reloc	9"9)9:9G;
0x10474377	.reloc	0!0(0/060=0L0]0d0k0r0y0
0x104743ad	.reloc	1&1-191G1N1U1\1f1
0x104743e9	.reloc	6#6*6Y6c6j6
0x104744c3	.reloc	1.282?2z2
0x104744f9	.reloc	4'51585r5|5
0x10474523	.reloc	797n7u7|7
0x10474549	.reloc	8$9+929i9p9w9
0x10474577	.reloc	<-<o=v=}=
0x1047459d	.reloc	?A?R?Y?`?
0x104745b5	.reloc	0<0L0^0e0l0}0
0x104745cf	.reloc	0)10171l1s1z1
0x104745fd	.reloc	253<3C3z3
0x10474629	.reloc	5 5'5_5f5m5
0x1047463b	.reloc	6(6X6_6f6M7T7[7
0x1047465d	.reloc	7*81888o8v8}8
0x10474675	.reloc	9?9F9M9b9
0x104746b5	.reloc	;$<+<2<i<p<w<
0x104746c9	.reloc	=F=M=T=)>0>7>G?N?U?
0x104746f1	.reloc	0S0Z0a0Y1`1g1
0x1047471b	.reloc	2B3I3T3b3p3
0x1047473f	.reloc	4#5*515j5q5x5
0x10474769	.reloc	9(:0:=:C:Q:Y:^:c:j:o:y:
0x104747c7	.reloc	> >'>b>i>p>
0x104747dd	.reloc	?#?]?d?k?
0x1047485f	.reloc	7$7c7j7q7
0x1047487b	.reloc	9&9-9v9}9
0x104748dc	.reloc	D0U0\0c0j0q0
0x10474913	.reloc	253<3C3z3
0x10474945	.reloc	6%7O7V7]7
0x10474959	.reloc	:&:d:k:r:
0x10474967	.reloc	;";h;o;v;
0x10474983	.reloc	=:=i=r={=R>
0x104749d7	.reloc	2#3*313g3n3u3
0x104749f9	.reloc	4)50575Y5
0x10474a0d	.reloc	6D6K6R6l6
0x10474a67	.reloc	;#;-;4;I;P;W;
0x10474a81	.reloc	;#<U<\<c<v<
0x10474a93	.reloc	=!=;=B=I=]=q=
0x10474ad0	.reloc	<0J0o0v0}0
0x10474b03	.reloc	2%2,2L2u2|2
0x10474b47	.reloc	5-595J5]5o5v5}5
0x10474b69	.reloc	6(6/666G6^6i6{6
0x10474b8d	.reloc	7"7)707A7X7d7
0x10474bab	.reloc	838>8P8c8u8|8
0x10474bcd	.reloc	9.959<9M9d9p9
0x10474be3	.reloc	:&:3:::S:`:g:n:{:
0x10474bfd	.reloc	;';1;<;L;Y;c;};
0x10474c1f	.reloc	<(</<D<K<d<k<r<|<
0x10474c41	.reloc	=*=R=Y=`=t={=
0x10474c5b	.reloc	=">)>0>\>c>j>
0x10474cc5	.reloc	4 4'4f4m4t4
0x10474cd1	.reloc	5%5,5@5l5s5z5
0x10474ce3	.reloc	5"6)606E6q6x6
0x10474d09	.reloc	8$8Z8a8h8
0x10474d8b	.reloc	2,2d2k2r2
0x10474dcd	.reloc	6/767;7@7
0x10474e03	.reloc	<-<E<M<l<
0x10474e61	.reloc	070A0H0b0l0s0
0x10474e7d	.reloc	1#1(1-1K1U1\1
0x10474ec5	.reloc	4E5L5S5j5q5x5
0x10474f15	.reloc	9)9d9k9r9
0x10474f2d	.reloc	; ;_;f;m;
0x10474f3b	.reloc	;-<4<;<z<
0x10474f59	.reloc	=/>6>=>}>
0x10474fad	.reloc	3"3,333o3v3}3
0x10474fe9	.reloc	8A8H8O8r8
0x1047500f	.reloc	:9:@:G:~:
0x1047501b	.reloc	:D;U;\;c;j;q;
0x10475041	.reloc	;S<]<b<g<
0x1047509f	.reloc	6&6+606?6I6P6
0x104750b1	.reloc	6I7M:T:Y:^:P;
0x10475113	.reloc	1%1,121B1
0x1047513f	.reloc	3U3_4f4k4p4
0x1047515f	.reloc	5+62676<6
0x1047516f	.reloc	6/7:7D7I7N7
0x104751a1	.reloc	;3<:<A<e<W=
0x104751d0	.reloc	(000=0C0Q0Y0^0c0j0o0y0
0x104751e9	.reloc	2%2,232:2A2P2a2h2o2v2}2
0x1047521d	.reloc	3#3*313@3Q3X3_3f3m3
0x10475237	.reloc	6q788B8I8e8
0x10475243	.reloc	8[9b9g9l9
0x1047526f	.reloc	< <=<G<N<k<u<|<
0x1047530d	.reloc	;7<><E<~<
0x1047531b	.reloc	<K=R=Y=`=g=n=
0x1047536b	.reloc	374>4E4~4
0x10475379	.reloc	4K5R5Y5`5g5n5
0x104753bf	.reloc	;7<><E<~<
0x104753cd	.reloc	<K=R=Y=`=g=n=
0x1047541b	.reloc	374>4E4~4
0x10475429	.reloc	4K5R5Y5`5g5n5
0x1047547d	.reloc	>8>@>M>S>a>i>n>s>z>
0x104754b4	.reloc	#0-040u0|0
0x104754cd	.reloc	1%1,1m1t1{1
0x1047550d	.reloc	3!4(4/4e4l4s4
0x10475525	.reloc	435:5A5x5
0x1047553d	.reloc	6$6]6d6k6
0x10475547	.reloc	6'7O8V8]8
0x10475579	.reloc	:/;6;=;w;
0x104755df	.reloc	3;3B3I3`3
0x1047560b	.reloc	7.888?8}8
0x1047565d	.reloc	>?>F>M>^>
0x1047566d	.reloc	>0?7?>?x?
0x10475684	.reloc	/060=0s0z0
0x104756db	.reloc	7$7+7m7t7{7%8,838i8p8w8
0x1047570b	.reloc	:$;+;2;k;r;y;
0x1047572d	.reloc	=9=@=G=\=
0x10475741	.reloc	=>>E>L>l>
0x1047577f	.reloc	0X1_1f1m1t1{1
0x1047579f	.reloc	4Q5[5`5e5
0x104757c3	.reloc	7/868=8v8}8
0x104757d1	.reloc	8:9A9H9O9V9
0x104757e3	.reloc	;0<7<<<A<
0x104757fb	.reloc	=G>Q>X>k>
0x10475809	.reloc	?:?B?H?O?i?s?z?
0x10475827	.reloc	0.050<0v0}0
0x1047588d	.reloc	9#9*91989?9c9q9x9
0x104758bd	.reloc	:%:,:3:::A:R:Z:p:t:y:
0x104758ed	.reloc	< <+<5<P<~<
0x10475909	.reloc	=$=/=6===H=R=
0x10475929	.reloc	>:>D>[>n>
0x1047594c	.reloc	20<0C0q0{0
0x10475973	.reloc	182B2U2]2l2w2
0x10475a23	.reloc	0%0U0_0f0
0x10475a31	.reloc	0N1X1_1v1
0x10475a4b	.reloc	2)232P2a2z2
0x10475a63	.reloc	3!3+3F3X3n3
0x10475a7d	.reloc	4:4D4K4]4z4
0x10475aab	.reloc	9!:(:/:h:o:v:
0x10475abb	.reloc	;;;B;I;P;W;^;
0x10475ad9	.reloc	=N>X>_>v>
0x10475af3	.reloc	?)?3?P?a?z?
0x10475b15	.reloc	0!0+0F0X0n0
0x10475b2f	.reloc	1:1D1K1]1z1
0x10475b85	.reloc	:B:I:P:h;r;y;
0x10475ba1	.reloc	<F<P<d<l<{<
0x10475bbb	.reloc	=L=V=f=q=
0x10475bd1	.reloc	>.>H>O>Y>~>
0x10475bf1	.reloc	0$0+0k0r0y0
0x10475c27	.reloc	2#3-343m3w3~3@4J4Q4
0x10475c69	.reloc	;1<8<?<F<P<W<
0x10475ca5	.reloc	>9?@?G?}?
0x10475cc5	.reloc	0,0k0r0y0
0x10475ce9	.reloc	353L3a3q3
0x10475cff	.reloc	4$444?4I4o4~4
0x10475d1b	.reloc	5+5=5^5f5y5
0x10475d35	.reloc	6)6;7E7L7z7
0x10475d59	.reloc	819k9r9y9
0x10475d89	.reloc	<#=-===I=P=[=e=l=
0x10475da7	.reloc	>Q>^>m>w>
0x10475dbf	.reloc	? ?*?u?|?
0x10475de3	.reloc	0,0:0L0V0
0x10475df3	.reloc	2s3w445>5E5y5
0x10475e0b	.reloc	6!6(6_6f6m6
0x10475e39	.reloc	;&;-;g;n;u;E<O<
0x10475e53	.reloc	=5=K=b=y=
0x10475e6d	.reloc	>@>^>i>p>{>
0x10475e85	.reloc	?]?d?t?|?
0x10475ea7	.reloc	0)040>0K1
0x10475ed7	.reloc	4O4V4]4w4
0x10475f0d	.reloc	9%9;9R9i9x9
0x10475f25	.reloc	9):;:N:Y:`:
0x10475f3d	.reloc	;I;P;`;h;w;
0x10475f91	.reloc	0M0T0[0r0
0x10475fe5	.reloc	7'7.7@7m7
0x1047600d	.reloc	9&:-:4:n:u:|:
0x1047605b	.reloc	> ?'?.?n?u?|?
0x10476091	.reloc	4%4c4j4q4
0x104760a3	.reloc	5 5'5.5?5O5a5h5o5
0x104760ed	.reloc	:%:,:e:l:s:
0x1047615b	.reloc	9 9)9n9u9|9
0x1047616f	.reloc	:O;V;[;`;
0x10476181	.reloc	<N<U<Z<_<
0x1047619f	.reloc	?Z?a?h?o?y?
0x104761d3	.reloc	0#1*111i1p1w1
0x104761eb	.reloc	282?2F2}2
0x10476215	.reloc	3$4+424n4u4|4
0x10476249	.reloc	6u788@8M8S8a8i8n8s8z8
0x104762a1	.reloc	>$?.?5?Q?X?^?n?
0x104762cd	.reloc	2S2f2p2w2
0x104762df	.reloc	40474>4O4t4{4
0x104762f7	.reloc	4 5'5.5e5l5s5
0x1047634b	.reloc	9!9%9*9O9r9
0x1047635d	.reloc	:';.;3;8;
0x10476391	.reloc	><>F>M>]>
0x1047639b	.reloc	>E?S?Z?a?h?o?
0x104763f5	.reloc	3%4,434j4q4x4
0x1047640d	.reloc	585?5F5}5
0x10476467	.reloc	<S<Z<a<<=C=J=
0x1047647f	.reloc	>C>J>Q>,?3?:?t?{?
0x104764ff	.reloc	4"5)505g5n5u5
0x10476517	.reloc	556<6C6z6
0x1047664b	.reloc	<!<(</<A<F<K<Q<U<m<q<x<|<
0x10476671	.reloc	<5=?=F=\=c=h=m=
0x104766e3	.reloc	2.353<3U3e3w3~3
0x104767a9	.reloc	1$1Z1a1h1
0x104767dd	.reloc	5;6B6I6a6h6o6
0x10476801	.reloc	8%8,838:8p8w8~8
0x10476827	.reloc	909@9M9j9y9
0x10476841	.reloc	:%:J:Q:W:g:
0x10476865	.reloc	=8=c=j=q=
0x104768b3	.reloc	3+353<3_3f3m3
0x104768c9	.reloc	3(4h4o4v4}4
0x104768d9	.reloc	5]5$6+626i6p6w6
0x104768f1	.reloc	7"7V7]7d7
0x10476943	.reloc	;,<3<:<s<z<
0x1047697f	.reloc	?#?*?H?P?
0x10476998	.reloc	%0,030:0A0H0
0x104769e5	.reloc	41585?5a5|5
0x10476a23	.reloc	8-949;9u9|9
0x10476a71	.reloc	="=)=L=S=Z=x=
0x10476a87	.reloc	>U>\>c>j>q>x>
0x10476aa4	.reloc	#0*010h0o0v0
0x10476ab7	.reloc	1 1'1f1m1t1
0x10476add	.reloc	3%3a3h3o3
0x10476b73	.reloc	=L=]=g=n=
0x10476b97	.reloc	?$?a?n?x?
0x10476bc1	.reloc	1X1`1m1s1
0x10476bd9	.reloc	152<2C2o2v2}2
0x10476bfd	.reloc	3-343A3H3k3
0x10476c2b	.reloc	41585?5v5}5
0x10476c59	.reloc	7%7]7d7k7
0x10476c89	.reloc	9#9Z9a9h9
0x10476c9d	.reloc	9):0:7:n:u:|:
0x10476d57	.reloc	6F7M7T7i7s7z7
0x10476df9	.reloc	12292@2v2}2
0x10476ee1	.reloc	7#7*7K7S7~7
0x10476f11	.reloc	9'9.9O9W9
0x10476f2b	.reloc	:D:K:R:X;_;f;
0x10476f3f	.reloc	<%<,<c<j<q<
0x10476f99	.reloc	2!2(2/2M2W2^2u2
0x10476fff	.reloc	7!7(7m7t7{7
0x10477025	.reloc	:(;/;6;y;
0x1047703b	.reloc	<!<[<b<i<
0x1047707c	.reloc	 0'0.0h0
0x104770ab	.reloc	3!3(3/363=3L3]3d3k3r3y3
0x10477111	.reloc	:#:-:H:P:
0x1047711f	.reloc	:(;0;=;C;Q;Y;^;c;j;o;y;
0x1047713b	.reloc	;U<8=B=I=f=m=s=
0x1047715f	.reloc	>">)>8>I>P>W>^>e>t>
0x104771eb	.reloc	5(52595z5
0x10477203	.reloc	6#6A6K6R6
0x1047721d	.reloc	7(72797i7p7w7
0x10477235	.reloc	8.888?8o8v8}8
0x1047725b	.reloc	:~:Z;d;k;~;
0x10477293	.reloc	?(?/?I?S?Z?p?w?
0x104772b9	.reloc	0Q0X0b0i0
0x104772db	.reloc	181G1Q1X1
0x104772e9	.reloc	283?3F3c3m3t3
0x10477321	.reloc	6;7C7e7u7
0x10477337	.reloc	8-848;8T8\8f8m8t8
0x1047735f	.reloc	9 9*949q9
0x10477377	.reloc	:%:k:r:y:
0x104773b5	.reloc	<%=,=3=j=q=x=
0x104773e1	.reloc	>&?-?4?;?E?L?
0x10477405	.reloc	0$0+0e0l0s0
0x10477445	.reloc	2$3+323h3o3v3
0x1047748b	.reloc	6#6*6g6n6u6
0x104774b7	.reloc	8#8c8j8q8
0x104774d9	.reloc	;,;3;:;A;K;R;d;
0x1047750b	.reloc	<2=9=@=w=~=
0x10477535	.reloc	>"?)?0?v?}?
0x10477569	.reloc	151<1C1~1
0x1047759f	.reloc	4&5-545D5o5
0x104775eb	.reloc	:::A:H:D;r;|;
0x1047760f	.reloc	<&<-<:<A<j<q<
0x10477653	.reloc	?.?5?<?v?}?
0x10477693	.reloc	2#2-222<2F2h2p2}2
0x104776dd	.reloc	748?8I8S8Z8
0x104776ed	.reloc	8 9*919|;
0x1047770d	.reloc	=)=3=:=}=
0x10477735	.reloc	>/?6?=?W?a?h?
0x10477787	.reloc	4_8f8m8|8
0x104777b3	.reloc	:E:L:S:h:o:v:
0x104777d3	.reloc	=1>8>?>~>
0x104777e5	.reloc	>3?:?A?W?
0x10477801	.reloc	0D0d0k0r0
0x10477849	.reloc	4"4)484I4P4W4^4e4t4
0x1047787d	.reloc	5T5e5l5s5z5
0x104778a5	.reloc	6 6'6.656l6
0x104778dd	.reloc	9!909A9H9O9V9]9`:g:n:
0x104778f3	.reloc	<8=@=M=S=a=i=n=w=|=
0x1047790d	.reloc	>P>a>h>o>
0x10477927	.reloc	?"?)?0?f?m?t?
0x10477948	.reloc	*01080I0
0x104779a5	.reloc	7*81888q8x8
0x104779bb	.reloc	9%9,9<9M9
0x104779dd	.reloc	:';1;8;N;U;_;f;
0x10477a09	.reloc	<,=3=:=f=m=t={=
0x10477a47	.reloc	0#0a0h0o0
0x10477a73	.reloc	2*31383w3~3
0x10477ad5	.reloc	:1;8;?;w;~;
0x10477b35	.reloc	0#0*0H0P0
0x10477b45	.reloc	0%1,131:1A1H1
0x10477b6f	.reloc	3(4/464r4y4
0x10477b93	.reloc	5#6*616S6n6x6
0x10477bd3	.reloc	:&:-:g:n:u:
0x10477c48	.reloc	+0<0F0M0s0z0
0x10477c6d	.reloc	1>2Z2t2?3F3M3
0x10477c99	.reloc	5!5(5b5i5p5
0x10477cc3	.reloc	7:7B7v7}7
0x10477cd1	.reloc	8!8(8/868=8
0x10477cfb	.reloc	;!;(;d;k;r;
0x10477d2f	.reloc	= >'>.>J>
0x10477d75	.reloc	3X3_3f31484?4
0x10477da1	.reloc	7%7A8H8O8P9W9^9
0x10477dbb	.reloc	:!:<:Q:[:b:
0x10477e29	.reloc	0M1T1[1y1
0x10477e3b	.reloc	2 2'2^2e2l2
0x10477ebd	.reloc	>S>Z>a>h>r>y>
0x10477ef3	.reloc	0$0^0e0l0
0x10477f07	.reloc	0-141;1r1y1
0x10477f39	.reloc	3_3f3m3t3~3
0x10477f63	.reloc	4"5)505j5q5x5
0x10477f7b	.reloc	696@6G6~6
0x10477fad	.reloc	8/8P8Z8a8
0x10477fc1	.reloc	8$9+929H9\9f9m9
0x10477fdd	.reloc	:&:-:e:l:s:
0x10477ff3	.reloc	:4;;;B;y;
0x1047801f	.reloc	=!=(=_=f=m=
0x10478035	.reloc	=->4>;>o>v>}>
0x10478081	.reloc	5!5+525v5}5
0x104780db	.reloc	:#;*;1;p;w;~;
0x10478103	.reloc	<.=B=L=S=n=
0x10478117	.reloc	>2>9>@>u>
0x1047813c	.reloc	N0_0i0p0
0x1047815b	.reloc	2!2(2l2s2z2
0x10478197	.reloc	6L6S6Z6a6h6o6
0x104781af	.reloc	8'8.8r8y8
0x104781cf	.reloc	9,:3:::A:H:O:
0x104781e7	.reloc	<'<.<O=V=]=
0x10478201	.reloc	>!>]>d>k>
0x10478230	.reloc	%0,030n0u0|0
0x1047827f	.reloc	6:6A6H6p6w6~6
0x10478295	.reloc	7 7_7f7m7
0x104782e7	.reloc	<&<-<<<M<T<[<b<i<x<
0x1047831b	.reloc	=)=7=>=E=L=V=h=y=
0x1047834d	.reloc	>->4>;>B>I>X>i>p>w>~>
0x1047837f	.reloc	?$?+?2?9?
0x104783e7	.reloc	;+;2;9;M;
0x104783f5	.reloc	;\<c<j<0=7=>=
0x10478411	.reloc	?0?L?k?u?|?
0x1047849f	.reloc	<$<$=B=L=S=s=}=
0x104784f3	.reloc	262@2G2m2w2~253?3F3l3v3}3
0x10478531	.reloc	6%6,6f6m6t6
0x10478555	.reloc	:B:L:S:]:d:
0x10478591	.reloc	=%>/>6>@>G>
0x104785a5	.reloc	?!?(?2?9?s?
0x104785c5	.reloc	0-1f1m1t1{1
0x104785fb	.reloc	4/464=4D4K4R4
0x10478653	.reloc	9?9F9M9r9z9
0x10478665	.reloc	:N:U:\:c:j:q:
0x104786af	.reloc	>$?+?2?N?
0x104786c7	.reloc	0.080?0b0l0s0
0x104786f7	.reloc	5(5c5a6l6}6
0x1047871b	.reloc	7.858<8F8M8_8
0x1047873f	.reloc	:):::D:K:n:
0x104787c7	.reloc	3(3T3[3b3
0x104787e9	.reloc	4 5'5.5f5m5t5
0x10478815	.reloc	7"7,737|7
0x1047883f	.reloc	8$9+929l9s9z9
0x104788c5	.reloc	1&1-171>1r1|1
0x104788df	.reloc	2 2X2_2f2m2w2~2
0x104788f7	.reloc	4D5K5R5n5
0x10478927	.reloc	7!7)7.737=7B7L7V7
0x10478941	.reloc	7(888C8M8T8
0x10478965	.reloc	080?0F0\0f0q0x0
0x1047898d	.reloc	1,1K1R1_1f1
0x104789a1	.reloc	2 2<2I2V2i2s2
0x10478a2d	.reloc	=U=\=c=j=q=x=!>d>
0x10478a79	.reloc	3H4O4V4]4d4k4
0x10478ac5	.reloc	;6;A;f;m;t;
0x10478b2f	.reloc	1@2J2Q2y2
0x10478b3d	.reloc	2:3D3K3a3k3r3
0x10478b5b	.reloc	4 4$4(4,4044484c4v4
0x10478bbd	.reloc	8+92999s9
0x10478bcb	.reloc	: :*:1:r:y:
0x10478bed	.reloc	;7<><E<L<S<Z<
0x10478c17	.reloc	?"?\?c?j?
0x10478c34	.reloc	.050<0s0z0
0x10478c61	.reloc	2 2W2^2e2
0x10478c75	.reloc	2(3/363m3t3{3
0x10478c99	.reloc	4(5E5k5y5
0x10478cd7	.reloc	9&9Z9a9h9o9y9
0x10478d09	.reloc	<I=P=W=}=
0x10478d39	.reloc	0(02090}0
0x10478e2f	.reloc	5D6Z6g6t6{6
0x10478e69	.reloc	8"8)888I8P8W8^8e8t8
0x10478e9d	.reloc	9(999@9G9N9U9d9u9|9
0x10478ecf	.reloc	:):0:7:>:E:T:e:l:s:z:
0x10478ef5	.reloc	;);9;F;_;i;y;
0x10478f1b	.reloc	=#=*=/=9=C=s=
0x10478f5b	.reloc	0,131:1w1~1
0x10478f6f	.reloc	2$2+2c2m2s2
0x10478f87	.reloc	3&3-3e3o3u3
0x10478f9d	.reloc	3i4r4v4|4
0x10478fb5	.reloc	536:6A6z6
0x10479003	.reloc	=,=3=:=e=l=s=
0x1047901f	.reloc	=.>5><>{>
0x1047906d	.reloc	1(1/161Z1
0x10479099	.reloc	20373>3{3
0x104790c3	.reloc	4@5G5N5a5h5o5
0x104790db	.reloc	5I6P6W6j6q6x6
0x10479133	.reloc	: :':^:e:l:
0x10479149	.reloc	:0;7;>;x;
0x1047915d	.reloc	;(</<6<K<R<c<y<
0x10479179	.reloc	= ='=^=e=l=
0x104791f3	.reloc	1F2M2T2i2
0x10479225	.reloc	5/666=6w6~6
0x1047925d	.reloc	95:<:C:X:
0x104792c0	.reloc	30M0V0_051
0x1047934f	.reloc	:&;-;4;h;o;v;
0x10479369	.reloc	;/<6<=<s<z<
0x10479391	.reloc	=Q>X>_>v>}>
0x104793a5	.reloc	?$?+?_?f?m?
0x104793d7	.reloc	0E1O1T1Y1
0x104793eb	.reloc	12292@2y2
0x10479425	.reloc	5L5S5Z5}5
0x10479439	.reloc	6D6K6R6Y6`6g6
0x10479493	.reloc	;7<><E<~<
0x104794af	.reloc	>%>,>d>k>r>
0x104794e4	.reloc	)00070L0q0x0
0x104794fd	.reloc	1+12191w1~1
0x10479523	.reloc	3L4V4]4u4
0x1047952f	.reloc	485B5I5a5k5r5$656<6C6J6Q6`6q6x6
0x1047956b	.reloc	7!7&7+71757N7R7X7\7e7i7p7t7z7
0x1047959f	.reloc	959<9C9T9
0x104795b7	.reloc	9F:M:R:W:|:
0x104795d9	.reloc	;"<)<0<e<l<s<
0x10479611	.reloc	1(2/262b2i2p2
0x1047962d	.reloc	5f5/666;6@6T6x6
0x10479657	.reloc	7"7<8C8J8^8e8l8
0x10479679	.reloc	:":8:B:I:
0x1047969b	.reloc	=!=(=d=k=r=B>I>P>
0x104796bb	.reloc	?"?c?j?q?
0x104796eb	.reloc	0N1X1_1.252:2?2
0x1047971f	.reloc	5I5S5Y5i5
0x10479729	.reloc	5N6X6_6w6
0x1047978b	.reloc	<'=.=5=l=s=z=
0x10479815	.reloc	8D9U9\9c9j9q9
0x1047986f	.reloc	=F=M=T=h=r=y=
0x10479889	.reloc	>)>0>o>v>}>
0x1047989f	.reloc	>,?E?q?x?
0x104798e5	.reloc	2,20262:2A2E2L2P2U2
0x10479925	.reloc	5#5-545J5Q5_5
0x10479943	.reloc	6"676D6Z6d6n6x6
0x10479959	.reloc	6'787?7F7
0x104799a1	.reloc	<4=f=m=t=
0x104799b1	.reloc	=0>7>>>w>~>
0x104799c5	.reloc	?=?b?i?p?
0x10479a39	.reloc	6F7M7R7W7
0x10479a51	.reloc	8[8b8g8l8
0x10479a65	.reloc	94:V:]:d:
0x10479acf	.reloc	131n1u1|1
0x10479b2b	.reloc	6+656<6t6{6
0x10479b4b	.reloc	7"8)808g8n8u8
0x10479ba7	.reloc	=!=(=E=}=
0x10479be0	.reloc	$0+020w0~0
0x10479bf3	.reloc	1"1)1q1x1
0x10479c2b	.reloc	545E5L5S5Z5a5p5
0x10479c8f	.reloc	9 9'9.9P9]9d9k9
0x10479cc9	.reloc	;0;7;>;j;q;x;
0x10479ce7	.reloc	<N=U=\=p=
0x10479cfb	.reloc	=R>Y>`>u>
0x10479d63	.reloc	606d6k6r6
0x10479d83	.reloc	7!8(828p8w8~8
0x10479da5	.reloc	:R:Y:`:1;R;j;
0x10479ddd	.reloc	0H0P0]0c0q0y0~0
0x10479e1d	.reloc	393a3k3r3
0x10479e35	.reloc	4"4)4e4l4s4
0x10479e41	.reloc	4H5O5V5m5t5{5
0x10479e6b	.reloc	8#8*8>8E8L8
0x10479ec7	.reloc	=.=@=G=N=
0x10479ee1	.reloc	>!>6>@>e>l>s>
0x10479ef9	.reloc	?8???F?W?
0x10479f37	.reloc	1"1)1A1G1K1P1
0x10479f49	.reloc	1&2@2Z2y2
0x10479f79	.reloc	6,838:8K8w8~8
0x10479fed	.reloc	?1?`?g?n?
0x1047a008	.reloc	V0]0d0|0
0x1047a0ab	.reloc	>#>G>s>}>
0x1047a0f5	.reloc	1>1E1L1e1
0x1047a125	.reloc	3B4I4P4g4n4u4
0x1047a167	.reloc	80878>8m8
0x1047a18d	.reloc	9%:/:4:9:P:p:
0x1047a1a5	.reloc	;;;B;I;Z;|;
0x1047a1c7	.reloc	=G=l=s=y=
0x1047a1d5	.reloc	=*>1>8>U>z>
0x1047a1e9	.reloc	>-?4?;?M?
0x1047a219	.reloc	0-141;1w1~1
0x1047a22b	.reloc	1#2*212d2
0x1047a247	.reloc	374b4i4v4
0x1047a295	.reloc	809U9_9f9
0x1047a30f	.reloc	0#0b0i0p0
0x1047a345	.reloc	3)3N3U3\3
0x1047a36b	.reloc	7#7*717@7Q7X7_7f7m7|7
0x1047a39d	.reloc	8!858b8q8
0x1047a3ab	.reloc	899I9[9b9i9
0x1047a3d9	.reloc	;5;<;C;v;};
0x1047a3f3	.reloc	;)<0<7<n<u<|<L=S=Z=
0x1047a40f	.reloc	>L>S>Z>m>t>{>
0x1047a439	.reloc	0<0U0e0w0~0
0x1047a49f	.reloc	7#8*818h8o8v8
0x1047a4cb	.reloc	;J;Q;X;};
0x1047a50f	.reloc	0&0_0f0m0
0x1047a519	.reloc	0%131:1A1H1O1a1f1k1q1u1
0x1047a545	.reloc	2C3M3R3W3
0x1047a56d	.reloc	7G8N8U8x8
0x1047a59b	.reloc	;!;^;e;l;
0x1047a5d7	.reloc	2(2/2r2y2
0x1047a5ff	.reloc	4&4J4T4Y4^4
0x1047a647	.reloc	9 9/9D9g9r9
0x1047a667	.reloc	:::D:K:n:x:
0x1047a68d	.reloc	<#<*<I<S<Z<
0x1047a6a9	.reloc	=M=l=v=}=
0x1047a6fd	.reloc	3 3'3>3r3y3
0x1047a711	.reloc	4 4'4i4p4w4
0x1047a723	.reloc	51686?6}6
0x1047a739	.reloc	7!7[7b7i7
0x1047a761	.reloc	:C:`:j:q:
0x1047a783	.reloc	<(<2<9<e<}<
0x1047a7a7	.reloc	=!>m>H?z?
0x1047a7c5	.reloc	2!2(2u2|2
0x1047a819	.reloc	7!7(7^7e7x7
0x1047a841	.reloc	:#;*;1;D;K;R;c;
0x1047a86b	.reloc	=&>R>Y>`>v>
0x1047a90f	.reloc	6"6)6c6j6q6
0x1047a91f	.reloc	677>7E7~7
0x1047a94f	.reloc	:H:O:V:X;
0x1047a95f	.reloc	=6=@=G=x=
0x1047a97f	.reloc	>4?>?E?X?_?e?u?
0x1047aa17	.reloc	:#:*:/:9:C:$;+;2;
0x1047aa2d	.reloc	;O<V<]<\=m=
0x1047aa7d	.reloc	1&1b1i1p1M2W2^2
0x1047aae3	.reloc	7"8)808J9Q9X9r9y9
0x1047aafd	.reloc	:#:3:E:L:S:
0x1047ab5f	.reloc	>'?.?5?{?
0x1047ab78	.reloc	.0e0l0s0
0x1047abc7	.reloc	6%6,6F6M6T6
0x1047abe3	.reloc	7V7]7d7z7
0x1047ac47	.reloc	=!=(=?=F=M=
0x1047ac5f	.reloc	=,>Y>c>j>
0x1047acc5	.reloc	3)40474v4}4
0x1047ad0d	.reloc	7*81888t8{8
0x1047ad1f	.reloc	8&9-949b9l9s9
0x1047ad31	.reloc	9):0:7:s:z:
0x1047ad43	.reloc	:+;2;9;z;
0x1047ad65	.reloc	=%=,=3=:=A=
0x1047ad8c	.reloc	/090>0C0R0\0c0
0x1047adb1	.reloc	2;2B2I2q2
0x1047ade3	.reloc	:G:Q:X:k:
0x1047adfb	.reloc	;!;(;/;6;=;L;];d;k;r;y;
0x1047ae39	.reloc	=!=c=j=q=
0x1047ae4d	.reloc	=6>=>D>{>
0x1047ae81	.reloc	0!0(0_0f0m0
0x1047ae97	.reloc	0-141;1t1{1
0x1047aef9	.reloc	91:@:G:N:U:\:
0x1047af07	.reloc	;x<7=$>3>:>A>H>O>
0x1047af3d	.reloc	3r5L6S6Z6a6h6o6$7G7r7
0x1047af57	.reloc	8#8*81888
0x1047af8d	.reloc	;I=o>v>}>
0x1047affd	.reloc	8)90979L9q9x9
0x1047b05c	.reloc	:0D0K0h0r0y0
0x1047b0a5	.reloc	;3<B<I<P<W<^<
0x1047b0cf	.reloc	0%0,030:0
0x1047b0ff	.reloc	738B8I8P8W8^8
0x1047b111	.reloc	;%;,;3;:;A;P;a;h;o;v;};
0x1047b173	.reloc	>G?W?w?~?
0x1047b193	.reloc	0!0a0h0o0
0x1047b1a9	.reloc	1$1P1W1^1v1
0x1047b25d	.reloc	5-676>6v6
0x1047b27f	.reloc	7#8]8d8k8r8y8
0x1047b2b5	.reloc	="=:=i=p=w=
0x1047b323	.reloc	7+82898z8
0x1047b3a8	.reloc	*01080c0m0t0
0x1047b3bb	.reloc	031:1A1z1
0x1047b3cb	.reloc	2>2E2L2S2Z2a2
0x1047b429	.reloc	<$<+<h<o<v<
0x1047b485	.reloc	4.555<5u5|5
0x1047b493	.reloc	5,666=6t6{6
0x1047b4a9	.reloc	7&7-7f7m7t7
0x1047b4b5	.reloc	738:8A8H8O8V8
0x1047b4d3	.reloc	<1=8=?=l=v=}=
0x1047b4e1	.reloc	=!>(>/>h>o>v>
0x1047b4f1	.reloc	?)?0?g?n?u?
0x1047b50f	.reloc	0 0Y0`0g0
0x1047b519	.reloc	0&1-141;1B1I1
0x1047b53f	.reloc	4 5'5.5j5
0x1047b54b	.reloc	5%6/64696
0x1047b599	.reloc	:);0;7;v;};
0x1047b5db	.reloc	0&070\0c0j0
0x1047b5ff	.reloc	1^2e2l2s2z2
0x1047b631	.reloc	:X;`;m;s;
0x1047b653	.reloc	<G=Q=X=k=
0x1047b6ad	.reloc	1#242;2B2a2
0x1047b6e7	.reloc	6L6S6Z6s6
0x1047b71b	.reloc	8!8(8/8A8F8K8Q8U8m8q8x8|8
0x1047b76b	.reloc	= =1=8=?=F=M=
0x1047b787	.reloc	? ?T?^?e?
0x1047b7e5	.reloc	4(52595x5
0x1047b811	.reloc	8%8,8k8r8y8
0x1047b821	.reloc	8!9&9+919L9P9V9Z9a9e9l9p9u9}9
0x1047b871	.reloc	=#=*=/=9=C=h=p=}=
0x1047b8d5	.reloc	3#3*3A3X3o3v3}3
0x1047b91b	.reloc	8X9`9m9s9
0x1047b947	.reloc	:):3:X:`:m:s:
0x1047b991	.reloc	>2?<?C?[?
0x1047b9ac	.reloc	@0N0U0\0c0j0}0
0x1047b9d3	.reloc	1"1)10171u1
0x1047ba2f	.reloc	8 8'8E8L8S8
0x1047ba67	.reloc	=#=*=/=9=C=h=p=}=
0x1047ba97	.reloc	>#>*>/>9>C>
0x1047baa7	.reloc	?*?1?8?I?a?h?m?r?
0x1047bac8	.reloc	c0j0o0t0
0x1047baef	.reloc	394@4E4J4
0x1047bb15	.reloc	7$7b7i7n7s7
0x1047bb53	.reloc	;-;;;B;I;P;W;
0x1047bb79	.reloc	<-<4<;<B<I<X<i<p<w<~<
0x1047bb93	.reloc	<(=/=6=N=U=\={=
0x1047bbb3	.reloc	>-?E?L?S?q?x?
0x1047bbd4	.reloc	%0,030O0
0x1047bbe5	.reloc	1#1*11181?1
0x1047bc5f	.reloc	:&:-:<:M:T:[:b:i:
0x1047bc75	.reloc	;";);A;H;O;k; <'<.<B<c<j<q<
0x1047bce9	.reloc	4+454<4W4
0x1047bcf9	.reloc	545I5S5Z5r5
0x1047bd41	.reloc	:S:j:t:{:
0x1047bd4b	.reloc	:&;-;4;;;B;I;
0x1047bd65	.reloc	=+>2>9>@>J>Q>
0x1047bdad	.reloc	1-141;1B1L1S1
0x1047bdc5	.reloc	1#2*212k2r2y2
0x1047be07	.reloc	4 5'5.5d5k5r5
0x1047be37	.reloc	7'8.858l8s8z8
0x1047be47	.reloc	8.959<9C9M9T9
0x1047be9f	.reloc	>(?/?6?=?G?N?
0x1047bec4	.reloc	&000h0o0v0}0
0x1047bef3	.reloc	3r4z4H5P5]5c5q5y5~5
0x1047bf2d	.reloc	;$<+<2<9<@<G<
0x1047bf59	.reloc	>!?R?i?z?
0x1047bf9d	.reloc	4,434:4b4
0x1047bff1	.reloc	:+;W;j;t;{;
0x1047c035	.reloc	0@1G1N142E2L2S2Z2a2p2
0x1047c06b	.reloc	3$353<3C3J3Q3`3q3x3
0x1047c09d	.reloc	4%4,434:4A4P4a4h4o4v4}4
0x1047c0d1	.reloc	5#5*515@5P5W5^5e5l5|5
0x1047c0f3	.reloc	6H6O6V6n6u6|6
0x1047c119	.reloc	899@9G9}9
0x1047c153	.reloc	=#=*=o=v=}=
0x1047c163	.reloc	=2>9>@>g>x>
0x1047c1a9	.reloc	2(3/363K3Z3
0x1047c1bf	.reloc	4R4Y4`4z4
0x1047c1d3	.reloc	5R5Y5`5q5
0x1047c227	.reloc	;-;4;;;B;I;X;i;p;w;~;
0x1047c25b	.reloc	<%<,<6<H<Y<`<g<n<u<
0x1047c28f	.reloc	?I?P?Z?a?w?
0x1047c2cb	.reloc	2 2Y2`2g2
0x1047c381	.reloc	< ='=.=e=l=s=
0x1047c399	.reloc	=4>;>B>y>
0x1047c3e3	.reloc	0:1A1H1t1{1
0x1047c403	.reloc	2%2,2q2x2
0x1047c415	.reloc	2%3,333l3s3z3
0x1047c423	.reloc	30474>4u4|4
0x1047c437	.reloc	5-545;5L5t5{5
0x1047c487	.reloc	:+;2;9;s;z;
0x1047c4b5	.reloc	= >5>?>F>i>p>w>
0x1047c4e4	.reloc	#0N0d0/161=1t1{1
0x1047c539	.reloc	546;6B6~6
0x1047c5b7	.reloc	?7?>?E?|?
0x1047c60b	.reloc	6,737:7A7K7R7
0x1047c623	.reloc	7!8(8/8f8m8t8
0x1047c63b	.reloc	869=9D9{9
0x1047c667	.reloc	; ;';];d;k;
0x1047c67b	.reloc	< <'<?<U<\<c<
0x1047c697	.reloc	=H=P=]=c=q=y=~=
0x1047c6b7	.reloc	>A>H>O>a>i>q>
0x1047c729	.reloc	9!9(9l9s9z9
0x1047c749	.reloc	:8;?;F;M;T;[;
0x1047c765	.reloc	=Q=X=_=f=m=t=
0x1047c781	.reloc	>$?+?2?9?@?G?
0x1047c7cf	.reloc	4$5+525i5p5w5
0x1047c811	.reloc	8$9(9,909
0x1047c825	.reloc	9R:Y:`:A;H;O;
0x1047c853	.reloc	>%>\>c>j>
0x1047c870	.reloc	D0U0\0c0j0q0
0x1047c89d	.reloc	1%141E1L1S1Z1a1p1
0x1047c8cf	.reloc	2$252<2C2J2Q2`2q2x2
0x1047c909	.reloc	4"5)505a5 6,6
0x1047c941	.reloc	;!;(;/;N;h;o;v;
0x1047c967	.reloc	=&=d=k=r=
0x1047c99c	.reloc	U0f0p0w0
0x1047c9a5	.reloc	0M1i1p1w1
0x1047c9d3	.reloc	31484?4U4{4
0x1047c9e3	.reloc	4:5A5H5O5Y5`5
0x1047ca0f	.reloc	6r7z7H8P8]8c8q8y8~8
0x1047ca85	.reloc	0"0B0M0W0^0
0x1047caa3	.reloc	1:2O2Y2`2
0x1047cac3	.reloc	4%4,4p4w4~4
0x1047cae9	.reloc	7!7(7/767=7L7]7d7k7r7y7
0x1047cb1f	.reloc	8&8-898G8N8U8\8f8x8
0x1047cb53	.reloc	9!:+:2:9:N:\:i:t:
0x1047cbb1	.reloc	>6?=?D?~?
0x1047cbe3	.reloc	0"1)101g1n1u1
0x1047cbfb	.reloc	162=2D2{2
0x1047cc61	.reloc	8%9,939W9x9
0x1047cc73	.reloc	9.:5:<:s:z:
0x1047cc85	.reloc	;";a;h;o;
0x1047ccc1	.reloc	?D?N?h?y?
0x1047ccf7	.reloc	4 4-434A4I4N4S4]4b4l4v4n6
0x1047cd29	.reloc	8/8=8G8N8
0x1047cd61	.reloc	<-<@<J<Q<
0x1047cd7d	.reloc	=G>]>g>n>
0x1047cda7	.reloc	0%0,0p0w0~0
0x1047cdbf	.reloc	1:2m2t2{2
0x1047cde1	.reloc	5#5*515@5Q5X5_5f5m5|5
0x1047ce15	.reloc	6!606A6H6O6V6]697x7
0x1047ce3d	.reloc	9 9i9p9w9~9
0x1047ce53	.reloc	;V;n;u;|;
0x1047ce5f	.reloc	<&<+<0<M<T<[<l<
0x1047ce98	.reloc	.151<1u1|1
0x1047ceb1	.reloc	3&30373v3}3
0x1047cee3	.reloc	5;6E6L6z6
0x1047cf0f	.reloc	8W8-949;9
0x1047cf75	.reloc	>(>2>9>s>
0x1047cf9d	.reloc	0)000P0Z0a0
0x1047cfad	.reloc	0<1F1M1p1z1
0x1047cfeb	.reloc	5)535:5t5
0x1047d055	.reloc	=!=`=g=n=
0x1047d069	.reloc	=@>c>j>q>
0x1047d0ef	.reloc	61=B=L=S=g=p=
0x1047d125	.reloc	060N0k0.181?1
0x1047d157	.reloc	3#3*313@3Q3X3_3f3m3|3
0x1047d18b	.reloc	4!404A4H4O4V4]4i4w4~4
0x1047d1bd	.reloc	6N7U7\7z7
0x1047d1d1	.reloc	8 8'8a8k8
0x1047d1ef	.reloc	:!:):.:7:<:F:P:s:
0x1047d203	.reloc	; <6<<<d<k<r<
0x1047d219	.reloc	< ='=.=d=k=r=
0x1047d25d	.reloc	1I2S2Z2w2'3K3R3Y3u3
0x1047d29b	.reloc	5&6-646)70777
0x1047d2b5	.reloc	8+92999o9v9}9
0x1047d2fd	.reloc	<1=8=?=x=
0x1047d327	.reloc	>H?P?]?c?q?y?~?
0x1047d35b	.reloc	0)030G1Q1X1k1
0x1047d36b	.reloc	2!2(2W2a2
0x1047d393	.reloc	5"555=5N5
0x1047d3ab	.reloc	6 6]6d6k6
0x1047d3bf	.reloc	6/767=7t7{7
0x1047d3d1	.reloc	7/868h8t8
0x1047d3f1	.reloc	99:@:G:~:
0x1047d445	.reloc	>!>(>/>S>a>h>o>v>}>
0x1047d47f	.reloc	12191C1J1d1n1u1
0x1047d4bf	.reloc	3?4I4P4l4v4}4
0x1047d519	.reloc	:+;3;S;c;m;t;
0x1047d55d	.reloc	>#>Z>a>h>
0x1047d58d	.reloc	0&0-0g0n0u0
0x1047d5b5	.reloc	1%2,232j2q2x2
0x1047d5e1	.reloc	4"4)4`4g4n4
0x1047d5f7	.reloc	4.555<5s5z5
0x1047d621	.reloc	6!7(7/7g7n7u7
0x1047d663	.reloc	9*:1:8:u:|:
0x1047d6a5	.reloc	>(>/>>>c>m>t>
0x1047d6bb	.reloc	?#?*?4?;?
0x1047d6db	.reloc	0 0Z0a0h0
0x1047d6ef	.reloc	00171>1x1
0x1047d719	.reloc	2"3)303f3m3t3
0x1047d759	.reloc	6.757<7L7}7
0x1047d7a5	.reloc	<6<=<D<v=
0x1047d7c5	.reloc	>#>*>1>>>E>n>u>
0x1047d7f9	.reloc	02090@0w0~0
0x1047d815	.reloc	1$1+1b1i1p1
0x1047d83f	.reloc	3!3)3.333=3B3L3V3x3
0x1047d87d	.reloc	6&6j6Z7w7
0x1047d8eb	.reloc	343;3B3|3
0x1047d925	.reloc	7-747;7B7I7
0x1047d973	.reloc	;7<><E<L<V<]<
0x1047d98b	.reloc	<+=2=9=p=w=~=
0x1047d9d8	.reloc	%0,030i0p0w0
0x1047d9f1	.reloc	1L1o1v1}1
0x1047da0b	.reloc	2"2,262T2i3|3
0x1047da37	.reloc	4)50575k5r5y5
0x1047da7d	.reloc	8H9O9V9k9r9y9
0x1047daa3	.reloc	::;A;H;Z;
0x1047db0d	.reloc	0R0Y0c0m0w0
0x1047db39	.reloc	1#212g2n2u2|2
0x1047db51	.reloc	3 3'3a3h3o3
0x1047db91	.reloc	5#6*616h6o6v6
0x1047dbd9	.reloc	9$9[9b9i9
0x1047dbed	.reloc	9.:5:<:s:z:
0x1047dc2b	.reloc	<?=F=M=e=
0x1047dc57	.reloc	?)?3?=?G?Q?[?h?
0x1047dc7b	.reloc	0!0Z0a0h0~0
0x1047dc99	.reloc	2!2+252?2O2~3
0x1047dcdf	.reloc	7&7]7d7k7
0x1047dcf3	.reloc	70878>8u8|8
0x1047dd21	.reloc	: :6:G:Q:X:
0x1047dd4f	.reloc	;(</<6<m<t<{<
0x1047ddb3	.reloc	0 0^0t0~0
0x1047ddc5	.reloc	0,1C1]1d1k1
0x1047ddd7	.reloc	1)20272g2
0x1047dde7	.reloc	3 3'3H3f3m3t3
0x1047de25	.reloc	6$6+626u6|6
0x1047de57	.reloc	8#8*818@8Q8X8_8f8m8|8
0x1047de8b	.reloc	9!909A9H9O9V9]9q9
0x1047dec1	.reloc	<!<Z<a<h<
0x1047df1f	.reloc	191@1G1N1U1\1t1~1
0x1047df41	.reloc	2!2U2\2c2
0x1047df7d	.reloc	6&6l6s6z6
0x1047df9f	.reloc	8T9Z:a:h:
0x1047dfbb	.reloc	<#=X=`=m=s=
0x1047dfd5	.reloc	=.???I?P?
0x1047e003	.reloc	1R1Y1`1g1n1u1
0x1047e017	.reloc	2K3X3`3z3
0x1047e027	.reloc	3+42494@4G4N4
0x1047e04f	.reloc	7S7X7]7b7
0x1047e061	.reloc	8[8b8i8~8
0x1047e07b	.reloc	9%9,9P9Z9a9(:/:6:
0x1047e0bf	.reloc	<0=7=>=r=y=
0x1047e0f5	.reloc	?,?=?D?K?R?Y?h?y?
0x1047e11c	.reloc	80?0F0^0e0l0
0x1047e129	.reloc	0#1*111j1q1x1
0x1047e15d	.reloc	4'5.555a5h5o5v5}5
0x1047e181	.reloc	616;6B6U6v6
0x1047e1bd	.reloc	9+:2:9:q:x:
0x1047e1e9	.reloc	; <'<.<5<<<C<
0x1047e237	.reloc	1!1)1.131:1?1I1S1
0x1047e253	.reloc	2"2)20272
0x1047e25f	.reloc	313L3o3}3
0x1047e2a3	.reloc	7;8B8I8P8W8^8
0x1047e2dd	.reloc	<'<1<8<y<
0x1047e2f5	.reloc	<7=>=E=y=
0x1047e31d	.reloc	?%?,?`?g?n?
0x1047e33d	.reloc	0 01080?0F0M0\0m0t0{0
0x1047e363	.reloc	0)1h1o1v1
0x1047e38b	.reloc	4N4o4v4}4
0x1047e39d	.reloc	51585?5]5d5k5
0x1047e3c9	.reloc	70777>7E7L7S7
0x1047e3e3	.reloc	8.858<8^8f8
0x1047e3f5	.reloc	879>9E9L9S9Z9
0x1047e41f	.reloc	;4<;<B<y<
0x1047e431	.reloc	=D=K=R=a=
0x1047e477	.reloc	0)10171n1u1|1
0x1047e49f	.reloc	3/3@3J3Q3
0x1047e4f7	.reloc	9F9d98:?:F:|:
0x1047e581	.reloc	3$4+424v4}4
0x1047e597	.reloc	5"5e5l5s5
0x1047e5af	.reloc	6(7/767s7z7
0x1047e5df	.reloc	9,9=9D9K9R9Y9h9y9
0x1047e611	.reloc	:':.:5:<:F:X:i:p:w:~:
0x1047e631	.reloc	;#;1;9;>;C;J;O;Y;c;
0x1047e663	.reloc	=)=0=7=>=E=T=e=l=s=z=
0x1047e695	.reloc	> >'>.>5>
0x1047e6b9	.reloc	1I2P2U2Z2
0x1047e6e5	.reloc	6 6-636A6I6N6S6Z6_6i6s6
0x1047e73b	.reloc	;><E<J<O<
0x1047e74b	.reloc	<Q=X=]=b=
0x1047e75b	.reloc	>1?8?=?B?q?
0x1047e7df	.reloc	7 7'7.757c7q7x7
0x1047e823	.reloc	:X<`<m<s<
0x1047e83d	.reloc	= =*=1=L=S=]=b=g=
0x1047e851	.reloc	=E>c>q>x>
0x1047e879	.reloc	?%?,?3?:?A?P?a?h?o?v?}?
0x1047e8b5	.reloc	0#0*010@0Q0X0_0f0m0|0
0x1047e8e9	.reloc	1!101A1H1O1V1]1l1}1
0x1047e91b	.reloc	2 21282?2F2M2\2m2t2{2
0x1047e94d	.reloc	3!3(3/363=3L3\3c3j3q3x3
0x1047e983	.reloc	4&4-4<4M4T4[4b4i4x4
0x1047e9b7	.reloc	5)575A5K5R5Y5
0x1047e9d1	.reloc	7 7-737A7I7N7S7Z7_7i7s7
0x1047e9eb	.reloc	7E8c8q8x8
0x1047ea13	.reloc	9%9,939:9A9P9a9h9o9v9}9
0x1047ea47	.reloc	:#:*:1:@:Q:X:_:f:m:|:
0x1047ea7b	.reloc	;!;0;A;H;O;V;];l;};
0x1047eaad	.reloc	< <1<8<?<F<M<\<m<t<{<
0x1047ead3	.reloc	=(=5=P=W=]=
0x1047eae7	.reloc	=!>9>C>J>
0x1047eafb	.reloc	?Q?h?o?v?
0x1047eb10	.reloc	a0h0m0r0
0x1047eb29	.reloc	1E2O2T2Y2
0x1047eb41	.reloc	344>4E4b4
0x1047eb4f	.reloc	5,6T6\6b6i6
0x1047eb75	.reloc	:#:*:^:e:l:
0x1047eb9f	.reloc	;+<2<9<g<n<u<
0x1047ebb3	.reloc	=!=(=P=Z=a=
0x1047ebed	.reloc	0$0+0g0n0u0
0x1047ec1d	.reloc	1(2/262m2t2{2
0x1047ec5f	.reloc	4!5(5/5f5m5t5
0x1047ec77	.reloc	566=6D6z6
0x1047ec87	.reloc	6G7i7p7w7
0x1047eca3	.reloc	72898@8^8f8
0x1047ecd3	.reloc	9%:2:<:F:P:
0x1047ece9	.reloc	;5;=;g;n;u;
0x1047ed07	.reloc	</=6==={=
0x1047ed1d	.reloc	=(>I>P>W>
0x1047ed4d	.reloc	0"0)000:0A0
0x1047ed7b	.reloc	1$2+222i2p2w2
0x1047ed93	.reloc	383?3F3|3
0x1047eddd	.reloc	8#81888?8F8M8\8m8t8{8
0x1047ee07	.reloc	9!9N9U9\9
0x1047ee49	.reloc	4(505=5C5Q5Y5^5c5j5o5y5
0x1047ee79	.reloc	636A6H6O6V6]6l6}6
0x1047eea9	.reloc	7D7U7\7c7j7q7
0x1047eecd	.reloc	7 8.858<8C8J8h8p8}8
0x1047eeff	.reloc	9#9*9/999C9h9p9}9
0x1047ef2f	.reloc	:#:*:/:9:C:h:p:}:
0x1047ef5f	.reloc	;#;*;/;9;C;h;p;};
0x1047ef8f	.reloc	<#<*</<9<C<h<p<}<
0x1047efbf	.reloc	=#=*=/=9=C=h=p=}=
0x1047efef	.reloc	>#>*>/>9>C>h>p>}>
0x1047f01f	.reloc	?#?*?/?9?C?s?
0x1047f059	.reloc	3+32393]3d3k3z3
0x1047f08f	.reloc	575>5E5Y5`5g5
0x1047f0d1	.reloc	8#8*818Q8X8_8t8{8
0x1047f10d	.reloc	:":):0:g:n:u:
0x1047f125	.reloc	;3;:;A;a;h;o;
0x1047f145	.reloc	< <'<;<B<I<
0x1047f161	.reloc	=$=+=2=R=Y=`=u=|=
0x1047f197	.reloc	>"?)?0?W?i?s?x?}?
0x1047f1c1	.reloc	0_1i1p1w1
0x1047f1f1	.reloc	354<4C4b4l4s4
0x1047f223	.reloc	:A:P:Z:a:
0x1047f239	.reloc	;&;-;e;x;
0x1047f25d	.reloc	=B=L=S=s=}=
0x1047f295	.reloc	0#0K0R0Y0
0x1047f2a9	.reloc	01181?1z1
0x1047f2d1	.reloc	3-444;4r4y4
0x1047f353	.reloc	1b2l2q2v2
0x1047f361	.reloc	4(4/464m4w4~4
0x1047f387	.reloc	6&6F6l6s6z6
0x1047f3af	.reloc	9<:C:J:Q:X:_:
0x1047f449	.reloc	4%5,535o5v5}5
0x1047f4bd	.reloc	<#=*=1=g=
0x1047f50b	.reloc	031=1u1|1
0x1047f557	.reloc	42595@5z5
0x1047f5d1	.reloc	<,=3=:=x=
0x1047f5f5	.reloc	>#?k?u?|?
0x1047f61f	.reloc	1%1,1c1j1q1
0x1047f639	.reloc	3"3)3w3~3
0x1047f64d	.reloc	4%4\4c4j4
0x1047f66b	.reloc	656?6F6o6y6
0x1047f68d	.reloc	:(:/:^:h:o:
0x1047f69b	.reloc	:!;(;/;6;@;G;~;
0x1047f6c9	.reloc	<)=0=7=|=
0x1047f6dd	.reloc	=:>!?7?]?{?
0x1047f701	.reloc	041;1B1w1~1
0x1047f787	.reloc	8)90979t9{9
0x1047f82b	.reloc	3/494@4t4~4
0x1047f83d	.reloc	40575>5u5|5
0x1047f851	.reloc	6,737:7p7
0x1047f86f	.reloc	8&9-949k9r9y9
0x1047f8bf	.reloc	011;1B1\1`1d1h1
0x1047f8dd	.reloc	363=3D3X3u3|3
0x1047f91d	.reloc	758?8F8k8u8|8
0x1047f92f	.reloc	8 9*919g9
0x1047f93d	.reloc	:J:Q:X:i:y:
0x1047f963	.reloc	<&<m<t<{<
0x1047f9b1	.reloc	0!0(0/0f0m0t0
0x1047f9f5	.reloc	4 4'4?5F5K5P5
0x1047fa13	.reloc	9":,:3:C:4;
0x1047fa83	.reloc	31484?4{4
0x1047faa9	.reloc	6"6)6b6i6p6
0x1047fabb	.reloc	7#7*7f7m7t7
0x1047facd	.reloc	8"8)8a8h8o8
0x1047fb5b	.reloc	0,090@0Z0{0
0x1047fb7d	.reloc	1'1.1D1K1U1b1i1s1
0x1047fb9b	.reloc	2$2.2Y2u2
0x1047fbb1	.reloc	2[3b3i3p3z3
0x1047fbc1	.reloc	3'5.555q5x5
0x1047fbe5	.reloc	7&7m7t7{7
0x1047fc05	.reloc	9"9^9e9l9
0x1047fc11	.reloc	:!:(:a:h:o:
0x1047fc25	.reloc	;%;^;e;l;
0x1047fc5d	.reloc	1"1?1Q1^1k1~1
0x1047fc7d	.reloc	2%2=2G2Q2[2k2u2|2
0x1047fcf9	.reloc	<*=1=8=q=x=
0x1047fd0d	.reloc	=5><>C>z>
0x1047fd1f	.reloc	>1?8???W?
0x1047fd63	.reloc	2/3?3_3f3m3
0x1047fd7d	.reloc	4-4=4O4V4]4q4
0x1047fd97	.reloc	5 5.5;5}5
0x1047fdb3	.reloc	6 626m6}6
0x1047fe05	.reloc	9*:1:8:I:n:u:|:
0x1047fe45	.reloc	>1?8???v?}?
0x1047fe71	.reloc	1!1J1Q1X1
0x1047fe85	.reloc	7=7D7K7u7
0x1047fe95	.reloc	7!8L8S8Z8
0x1047fef1	.reloc	???F?M?T?^?e?
0x1047ff19	.reloc	0O0V0]0r0y0
0x1047ff7d	.reloc	5#5-575>5
0x1047ffa1	.reloc	8)8?8F8S8Z8
0x1047ffb9	.reloc	:":h:o:v:
0x1047ffc7	.reloc	:L;S;Z;y;
0x1047ffdb	.reloc	<(<A<K<[<e<l<v<
0x1047fffb	.reloc	>#>>>H>O>m>w>~>
0x10480033	.reloc	1*141;1H1R1l1
0x10480051	.reloc	202S2i2w2z3
0x10480065	.reloc	4#4*444;4\4
0x10480099	.reloc	9-9>9N9[9w9
0x104800b3	.reloc	:+:6:F:S:Z:g:z:
0x10480119	.reloc	3%3M3]3o3v3}3
0x10480137	.reloc	4'454E4U4g4n4u4
0x10480159	.reloc	5$5+525C5V5g5~5
0x1048017d	.reloc	6+6;6K6]6d6k6|6
0x1048019f	.reloc	7!7(797I7[7b7i7z7
0x104801cf	.reloc	9/:6:=:v:}:
0x104801e1	.reloc	:);0;7;p;w;~;
0x104801f3	.reloc	; <'<.<g<n<u<
0x10480237	.reloc	1!1&151?1F1
0x10480269	.reloc	7(7/7L7S7Y7i7
0x1048028b	.reloc	92:9:@:p:w:~:
0x104802d7	.reloc	1!1(1X1_1f1
0x10480303	.reloc	4%4,4=4f4m4t4
0x10480391	.reloc	>)?G?W?i?p?w?
0x104803bb	.reloc	01080?0V0]0d0
0x104803df	.reloc	1%1,1N1X1l1{1
0x104803ff	.reloc	2+22292J2b2m2
0x10480423	.reloc	3(393L3^3e3l3}3
0x10480447	.reloc	4&474O4[4l4
0x10480469	.reloc	5&595K5R5Y5j5z5
0x104804d1	.reloc	9]:d:k:H=O=V=
0x104804e5	.reloc	==>G>N>z>
0x104804f1	.reloc	>;?E?L?a?k?r?
0x1048054d	.reloc	6S6b6i6p6
0x10480567	.reloc	6S7b7i7p7
0x10480587	.reloc	:':.:,<3<:<K<[<m<t<{<
0x104805b7	.reloc	>*><>C>J>z>
0x104805e5	.reloc	0&0-0=1D1K1
0x104805fd	.reloc	3$3+3i3p3w3
0x10480679	.reloc	=W=^=e=|=
0x10480693	.reloc	>'>.>E>O>V>
0x104806a9	.reloc	>7?>?E?z?
0x104806db	.reloc	1,161=1x1
0x104806ef	.reloc	2&2-2d2k2r2
0x10480749	.reloc	6#7*717h7o7v7
0x104807a9	.reloc	<U<\<c<w<~<
0x104807bb	.reloc	<W=^=e=|=
0x104807d1	.reloc	>%>b>i>p>
0x104807f0	.reloc	2090@0V0`0g0
0x10480801	.reloc	0\1f1m1}1
0x10480815	.reloc	2!2.2F2S2f2
0x1048082b	.reloc	3C3J3Q3i3
0x10480835	.reloc	4 4'4>4H4N4j4t4{4
0x10480873	.reloc	7(8/868r8y8
0x10480885	.reloc	9:9A9H9_9f9m9
0x104808c7	.reloc	<b<k<u<|<
0x104808df	.reloc	=M=T=[=s=
0x1048090b	.reloc	?"?)?0?G?
0x10480995	.reloc	595C5J5a5
0x104809df	.reloc	8,969=9Q9X9_9
0x104809f9	.reloc	:":):=:D:K:
0x10480a15	.reloc	:4;>;E;h;o;v;
0x10480a2d	.reloc	;8<A<K<R<
0x10480a65	.reloc	>3?=?D?_?i?p?
0x10480aed	.reloc	5e6l6s6)70777
0x10480afb	.reloc	7%8D8K8R8x8
0x10480b0f	.reloc	9!9G9Q9X9
0x10480b27	.reloc	:(:/:N:X:_:v:
0x10480b69	.reloc	= ='=L=V=]={=
0x10480b8b	.reloc	>R>j>q>v>{>
0x10480bc1	.reloc	1!141>1E1a1k1r1
0x10480bf3	.reloc	3L4T4Z4a4
0x10480bfd	.reloc	4C5[5e5l5
0x10480c5f	.reloc	><?D?J?Q?
0x10480c74	.reloc	F0a0k0r0
0x10480cdb	.reloc	:$:::D:K:z:
0x10480cf9	.reloc	<$=.=5=}=
0x10480d1d	.reloc	>/?6?;?@?
0x10480d5b	.reloc	3(4/464~4
0x10480d6d	.reloc	4%5,535E5y5
0x10480d87	.reloc	6 7'7.7j7q7x7
0x10480da9	.reloc	9$9[9b9i9
0x10480db7	.reloc	9":X:_:f:
0x10480e19	.reloc	0+0Z0a0h0
0x10480e87	.reloc	5&6-646k6r6y6
0x10480e9d	.reloc	7 7$7(7`7
0x10480eab	.reloc	748;8B8y8
0x10480ecf	.reloc	:F:N:T:[:t:{:
0x10480ee5	.reloc	;,;6;=;z;
0x10480ef7	.reloc	;.<5<<<u<|<
0x10480f13	.reloc	=P=W=^=e=l=s=
0x10480f6f	.reloc	1#2G2o2y2
0x10480fad	.reloc	5?6I6P677A7H7`7g7n7
0x10480feb	.reloc	94:;:B:y:
0x10480fff	.reloc	:,;6;=;R;\;c;
0x1048101b	.reloc	=#=L=V=]=
0x104810cb	.reloc	6+72797~7
0x10481109	.reloc	:&:-:l:s:z:
0x10481131	.reloc	;'<.<5<l<s<z<
0x10481180	.reloc	-040;0l0
0x10481247	.reloc	0l172>2E2~2
0x104812f1	.reloc	=&>->4>u>
0x10481325	.reloc	0&1-141n1u1|1
0x10481339	.reloc	1#2V2]2d2
0x104813bb	.reloc	;U;c;j;q;
0x104813db	.reloc	=$=Y=`=g=
0x104813e9	.reloc	==>D>K>w>
0x1048145b	.reloc	5$6+626i6p6w6
0x1048149b	.reloc	9":):0:l:s:z:
0x104814c3	.reloc	===f=m=t=
0x104814d3	.reloc	>#>*>]>g>n>
0x104814e1	.reloc	>&?.?4?;?T?[?e?l?
0x1048152d	.reloc	10272>2E2L2S2
0x10481545	.reloc	384a4h4o4
0x1048156b	.reloc	5*61686g6q6x6
0x10481583	.reloc	7'7O7Y7`7u7
0x104815b7	.reloc	9":Y:`:g:
0x104815c7	.reloc	<!<(<@<G<N<p<z<
0x104815eb	.reloc	=&>->4>{>
0x10481601	.reloc	?"?Y?`?g?
0x10481621	.reloc	020<0C0f0p0w0
0x1048166b	.reloc	5%5,5c5j5q5
0x104816ab	.reloc	8!9(9/9n9u9|9
0x104816cb	.reloc	:%;,;3;p;w;~;
0x10481707	.reloc	=">)>0>o>v>}>
0x1048173c	.reloc	30:0A0x0
0x104817bd	.reloc	:$;+;2;o;v;};
0x104817d3	.reloc	<#<b<i<p<
0x104817ef	.reloc	=L>S>Z>2?
0x10481808	.reloc	!0(0/0t0
0x10481823	.reloc	1L2S2Z2Q3X3_3
0x1048185f	.reloc	7'71787g7q7x7
0x10481877	.reloc	8 9'9.9d9k9r9
0x104818c7	.reloc	<3=:=A={=
0x104818d9	.reloc	= >'>.>m>t>{>
0x10481901	.reloc	0&0-0F0`0
0x10481915	.reloc	1,13191`1
0x10481923	.reloc	172>2E2~2
0x104819d3	.reloc	=W=^=e=z=
0x104819e5	.reloc	>->]>d>k>|>
0x10481a1b	.reloc	0!0J0T0[0
0x10481a41	.reloc	2,232:2q2x2
0x10481a75	.reloc	5/5X5_5f5
0x10481ac9	.reloc	:<;C;J;z;
0x10481b23	.reloc	1/191@1t1~1
0x10481b43	.reloc	3)303O3Y3`3
0x10481b67	.reloc	4B5b5l5s5
0x10481b99	.reloc	7$8+828Y8c8j8
0x10481bc1	.reloc	:!:K:R:X:h:
0x10481bd3	.reloc	; ;';K;R;X;h;
0x10481bf1	.reloc	<"=,=3=d=n=u=
0x10481c05	.reloc	>;>B>H>X>
0x10481c0f	.reloc	>8?@?M?S?a?i?n?s?z?
0x10481c4b	.reloc	1"1)181I1P1W1^1e1
0x10481c69	.reloc	3 3'3.3d3k3r3
0x10481c87	.reloc	4+42494@4G4N4
0x10481cab	.reloc	5"5)505L5S5Z5y5
0x10481ccf	.reloc	616U6d6o6~6
0x10481cfb	.reloc	7#8u8C:J:Q:
0x10481d2f	.reloc	<$<5<<<C<J<Q<`<q<x<
0x10481d61	.reloc	="=,=3=:=A=P=a=h=o=v=}=
0x10481d95	.reloc	>#>*>1>@>Q>X>_>f>m>|>
0x10481dd1	.reloc	0!0Q0L1V1]1x1
0x10481df5	.reloc	2(202=2C2Q2Y2^2c2j2o2y2
0x10481e13	.reloc	405>5E5L5S5Z5
0x10481e41	.reloc	7&80878^8h8o8
0x10481e91	.reloc	>$>5><>C>J>Q>`>q>x>
0x10481ec3	.reloc	?"?,?3?:?A?P?a?h?o?v?}?
0x10481ee9	.reloc	0"0)000E0M0b0m0
0x10481f03	.reloc	0 131:1A1h1p1}1
0x10481f2b	.reloc	3!3(3/363=3L3]3d3k3r3y3
0x10481f61	.reloc	4&4-4<4M4T4[4b4i4
0x10481f91	.reloc	5C6Q6X6_6f6m6|6
0x10481fb5	.reloc	6S7]7b7g7
0x10481fcb	.reloc	9!:+:2:j:t:{:
0x10481fdf	.reloc	:%;/;6;U;_;f;
0x1048200d	.reloc	>8>?>E>U>
0x1048201d	.reloc	>)?3?8?=?
0x1048206d	.reloc	4#4*4N4U4\4k4
0x104820fd	.reloc	=_=i=n=s=
0x10482157	.reloc	2$2+2r2y2
0x104821b1	.reloc	6*71787t7{7
0x104821ed	.reloc	;e;l;s;-<
0x10482219	.reloc	>!?<?F?M?
0x10482237	.reloc	0 0M0W0^0
0x1048225d	.reloc	1#2-242{2
0x10482287	.reloc	3N4X4_4t4
0x104822ad	.reloc	6#6g6n6u6
0x104822d3	.reloc	71888?8]8g8n8
0x1048232f	.reloc	>C?M?R?W?
0x104823c1	.reloc	:8;b;i;p;
0x104823d3	.reloc	;;<B<I<l<
0x10482425	.reloc	3 3^3h3o3
0x10482445	.reloc	4$4+4J4Q4V4~4
0x1048248d	.reloc	8$8.858l8
0x104824ad	.reloc	:#:*:/:9:C:s:
0x104824e3	.reloc	=%=,=3=:=A=P=a=h=o=v=}=
0x10482519	.reloc	0Q0e0l0s0z0
0x1048255f	.reloc	<X=_=d=i=
0x10482578	.reloc	!1+121O1
0x104825af	.reloc	5A6K6R6o6b8
0x104825c1	.reloc	8(909=9C9Q9Y9^9c9j9o9y9
0x104825f1	.reloc	:(:0:=:C:Q:Y:^:c:j:o:y:
0x10482621	.reloc	;(;0;=;C;Q;Y;^;c;j;o;y;
0x10482651	.reloc	<(<0<=<C<Q<Y<^<c<j<o<y<
0x10482681	.reloc	=(=0===C=Q=Y=^=c=j=o=y=
0x104826b1	.reloc	>(>0>=>C>Q>Y>^>c>j>o>y>
0x104826fc	.reloc	80B0I0f0m0s0
0x10482727	.reloc	262=2C2S2
0x10482747	.reloc	6$6+62696H6Y6`6g6n6u6
0x10482775	.reloc	7)70777>7E7p7~7
0x1048279f	.reloc	8#8*8=8K8R8Y8`8g8
0x104827c7	.reloc	8#91989?9F9M9\9m9t9{9
0x104827f7	.reloc	:,:=:D:K:R:Y:h:y:
0x10482827	.reloc	;0;>;E;L;S;Z;m;{;
0x10482853	.reloc	<"<)<8<I<P<W<^<e<t<
0x10482883	.reloc	=&=-=<=M=T=[=b=i=x=
0x104828b7	.reloc	>,>=>D>K>R>Y>h>y>
0x104828e9	.reloc	?-?4?;?B?I?X?i?p?w?~?
0x1048291d	.reloc	0"0)080I0P0W0^0e0
0x10482949	.reloc	1 1'1.151
0x1048297b	.reloc	3!3(393`3g3n3
0x104829b9	.reloc	696@6E6J6I7P7W7
0x104829ed	.reloc	:H;R;Y;p;z;
0x10482a0b	.reloc	<*<4<;<P<W<^<
0x10482a1f	.reloc	<==D=I=N=~=
0x10482a2f	.reloc	=4>>>E>~>
0x10482a47	.reloc	>A?K?R?~?
0x10482a6d	.reloc	022<2B2X2b2i2
0x10482ab3	.reloc	6*6<6C6J6[6
0x10482af1	.reloc	;3;:;A;U;_;o;
0x10482b0d	.reloc	<2<8<A<a=h=o=
0x10482b5f	.reloc	3P3Z3a394
0x10482b6d	.reloc	555?6F6M6o6
0x10482bb9	.reloc	=G>N>U>m>
0x10482bef	.reloc	061k1J2w2~2
0x10482c83	.reloc	0"0:0g0n0u0
0x10482c95	.reloc	0(1.1g1n1u1
0x10482cb7	.reloc	42494@4_4i4p4
0x10482cdf	.reloc	6):3:::O:Y:`:u:
0x10482cf3	.reloc	; ;';H;R;Y;
0x10482d09	.reloc	;&<-<4<X<b<i<
0x10482d1b	.reloc	<$=+=0=5=o=v={=
0x10482d2d	.reloc	>%>,>I>S>Z>
0x10482d65	.reloc	0;1E1L1h1r1y1
0x10482d83	.reloc	3$3+3<3L3^3e3l3
0x10482dc3	.reloc	6 7*717P7Z7_7d7
0x10482dd7	.reloc	8R8\8a8f8
0x10482de1	.reloc	9 9&9<9F9M9
0x10482e05	.reloc	;0;:;A;s;};
0x10482e3d	.reloc	>(>:>A>H>Y>d>x>
0x10482e5c	.reloc	C0M0T0o0v0}0
0x10482e73	.reloc	1 1C1M1T1
0x10482e83	.reloc	1=2G2N2e2o2v2
0x10482ea1	.reloc	3!3+323X3b3i3
0x10482eb9	.reloc	3W4a4f4k4
0x10482f05	.reloc	9F9M9S9c9
0x10482f19	.reloc	;D;K;R;c;
0x10482f55	.reloc	? ?'?C?M?T?{?
0x10482f74	.reloc	,030:0Y0c0j0
0x10482f8d	.reloc	1%1/161z1
0x10482fb1	.reloc	2 3*313T3[3b3
0x10482fd1	.reloc	4'4.4K4U4\4
0x10482fef	.reloc	5$5+5N5U5\5y5
0x10483011	.reloc	747f7m7t7
0x10483027	.reloc	9'9M9T9[9
0x1048305b	.reloc	<N<U<\<z<
0x1048307d	.reloc	=(>E?O?V?v?
0x104830af	.reloc	0&1-141b1v1
0x104830bb	.reloc	1i2)3A3s3
0x104830d1	.reloc	3=4G4L4Q4
0x104830e5	.reloc	5!5(5/5S5Z5_5t5z5
0x10483107	.reloc	6'616\6f6
0x10483167	.reloc	=%=+===U=h=}=
0x10483197	.reloc	>#>1>B>S>a>i>
0x104831a7	.reloc	>C?I?O?U?[?a?g?m?s?y?
0x104831f1	.reloc	3'3-33393?3E3K3`3u3|3
0x10483233	.reloc	5+535@5M5R5X5*797Q7o7t7
0x1048324f	.reloc	8H9l9+:W:d:
0x10483267	.reloc	:2;<;J;e;};
0x10483281	.reloc	=->6>>>z>
0x1048329d	.reloc	?.?5?M?S?g?|?
0x104832d9	.reloc	0+04090?0I0S0c0s0
0x104832fd	.reloc	172F2O2\2r2
0x10483319	.reloc	3!3&393M3R3e3x3~3
0x1048335d	.reloc	4 4&4,42484>4D4J4P4V4\4b4h4n4t4~4
0x104834cd	.reloc	91:A:O:U:a:l:
0x104834e9	.reloc	;!;2;=;k;q;{;
0x10483509	.reloc	<(<1<7<A<R<\<
0x10483525	.reloc	<#=3===G=b=l=
0x10483547	.reloc	>1>A>Q>a>q>
0x1048356b	.reloc	?$?)?/?F?R?c?l?
0x104835a5	.reloc	5-54595>5Q5a5h5o5
0x104835e1	.reloc	4 4$4(4,4044484<4@4D4H4L4P4T4X4\4`4d4h4l4p4t4x4|4
0x10483647	.reloc	5T:X:l:p:t:
0x104836c1	.reloc	8l9p9t9x9|9
0x1048374f	.reloc	5 5$5(5D5H5L5P5T5X5\5`5d5h5l5p5t5x5|5
0x10483794	.reloc	 1$1(1,1014181X3\3`3d3h3l3L5P5T5X5\5`5d5h5l5p5t5x5|5
0x1048380d	.reloc	6 6$6(6,6
0x10483851	.reloc	9 9$9(9,9094989<9@9D9H9L9P9T9X9
0x10483891	.reloc	: :$:(:,:0:4:8:<:@:D:H:L:P:T:X:\:`:d:h:l:p:t:x:|:
0x104838cb	.reloc	; ;$;(;,;0;4;8;<;@;D;H;L;P;T;X;\;`;d;h;l;p;t;x;|;
0x10483945	.reloc	<T=X=\=`=d=h=l=p=t=x=|=
0x1048396d	.reloc	=0>4>8><>@>D>H>L>P>T>X>\>`>d>
0x10483994	.reloc	\1`1d1t>x>|>
0x104839c8	.reloc	@4D4H4L4P4T4X4\4`4d4h4l4p4t4x4|4
0x10483a1f	.reloc	<P<T<X<\<`<d<h<l<p<
0x10483a8f	.reloc	2 2$2(2,2024282<2@2D2H2L2P2T2X2\2`2d2h2l2p2t2x2|2
0x10483afc	.reloc	034383<3@3D3
0x10483b13	.reloc	8 8$8,8084888<8@8D8H8
0x10483b64	.reloc	D6H6L6P6T6X6\6`6d6h6l6p6t6x6|6
0x10483bbb	.reloc	;@<D<H<L<P<T<
0x10483bd1	.reloc	? ?$?(?,?0?4?8?
0x10483bf0	.reloc	h1l1p1t1x1|1
0x10483c4b	.reloc	2 2$2(2,2024282<2@2D2H2L2P2T2X2\2`2d2h2l2p2t2x2|2
0x10483ccb	.reloc	3 3$3(3,3034383<3@3D3H3L3P3T3X3\3`3d3h3l3p3t3x3|3
0x10483d0f	.reloc	3T4X4\4`4d4h4l4p4t4x4|4
0x10483daf	.reloc	0 0$0(0,0004080<0@0D0D=H=L=\>`>d>
0x10483df9	.reloc	? ?$?(?,?0?4?8?<?@?D?H?L?P?T?X?\?`?d?h?l?
0x10483e43	.reloc	2d3h3l3p3t3x3
0x10483ebb	.reloc	: :$:(:,:0:4:8:<:@:D:H:L:P:T:X:\:`:d:h:l:p:t:x:|:
0x10483f1f	.reloc	0 0$0(0,0004080<0@0D0H0L0P0T0X0\0`0d0h0l0p0t0x0|0
0x10483f5d	.reloc	0l2p2t2x2|2
0x10483f7b	.reloc	3,3034383<3@3D3H3L3P3T3X3\3`3d3h3l3p3h5l5p5t5x5|5
0x10483fc7	.reloc	5 7$7(7,70747
0x10483fdd	.reloc	8T8X8\8`8d8h8l8p8t8x8|8
0x10484051	.reloc	7 7$7(7,7074787<7@7
0x10484069	.reloc	94:8:<:@:D:H:L:P:T:X:\:`:x:|:
0x10484113	.reloc	= =$=(=,=0=4=8=<=@=D=H=L=P=T=X=\=
0x10484153	.reloc	? ?$?(?,?0?4?8?<?@?D?H?L?P?T?X?\?`?d?h?l?p?t?x?|?
0x104841a1	.reloc	1$2(2,2024282<2@2D2H2L2P2T2X2\2`2d2h2l2p2t2x2|2
0x104841f5	.reloc	2h3l3p3$4(4,4044484<4@4D4H4L4P4T4X4\4`4d4h4l4p4t4x4|4
0x10484255	.reloc	4H6L6P6T6
0x104842a7	.reloc	8 8$8(8,808
0x104842b5	.reloc	: :L:P:T:
0x104842d7	.reloc	< <$<(<,<0<4<8<<<@<D<H<L<P<T<X<\<`<d<h<l<p<t<x<|<
0x1048435b	.reloc	? ?$?(?,?
0x10484381	.reloc	2 2$2(2,2024282<2@2D2H2L2P2T2X2\2`2d2h2l2p2t2x2|2
0x104843bd	.reloc	2P5T5X5\5`5d5h5l5p5t5x5|5
0x10484419	.reloc	6 6$6(6,60646
0x1048448d	.reloc	: ;$;(;,;0;4;8;<;@;D;H;L;P;T;X;\;`;d;h;l;p;t;x;|;
0x10484529	.reloc	=0>4>8><>@>D>H>L>
0x10484553	.reloc	0 0$0(0,0004080<0@0D0H0L0P0T0p2t2x2|2
0x1048458f	.reloc	2044484<4@4D4H4L4P4T4X4\4`4d4h4l4p4t4x4|4
0x104845d5	.reloc	6 6$6(6,6064686<6@6D6H6L6P6T6X6\6`6t7x7|7
0x1048463c	.reloc	D5H5L5P5T5X5\5`5d5h5l5p5
0x1048469d	.reloc	>$>(>8><>D>\>l>p>
0x104846cd	.reloc	? ?$?,?D?T?X?`?x?
0x10484703	.reloc	0 0$0(0,00080P0`0d0t0x0|0
0x1048473b	.reloc	1 1(1@1P1T1d1h1l1t1
0x1048476b	.reloc	2(282<2L2P2T2\2t2x2
0x1048479b	.reloc	3 3(3@3D3\3l3p3t3|3
0x104847c3	.reloc	4$4(4,4044484<4@4D4H4L4T4l4p4
0x10484807	.reloc	5,505@5D5H5P5h5x5|5
0x1048483d	.reloc	6(6,6<6@6D6L6d6t6x6
0x1048486b	.reloc	7 787H7L7\7`7d7h7p7
0x10484899	.reloc	8,8<8@8D8H8P8h8l8
0x104848c5	.reloc	9(989<9L9P9T9X9`9x9
0x104848f9	.reloc	:$:<:L:P:`:d:h:l:p:t:|:
0x10484931	.reloc	; ;$;,;D;T;X;h;l;p;t;|;
0x10484967	.reloc	<4<D<H<X<\<`<h<
0x10484991	.reloc	=$=(=,=4=L=\=`=p=t=x=|=
0x104849c3	.reloc	>$><>@>X>h>l>p>t>x>
0x104849ef	.reloc	?$?4?8?H?L?P?X?p?
0x10484a29	.reloc	0$0<0L0P0`0d0h0l0t0
0x10484a55	.reloc	1(1,1<1@1D1H1L1T1l1|1
0x10484a89	.reloc	2 2024282<2@2D2L2d2t2x2|2
0x10484ac1	.reloc	3 3$3(3,30383P3`3d3t3x3|3
0x10484af9	.reloc	44484P4`4d4t4x4|4
0x10484b2d	.reloc	54585P5`5d5l5
0x10484b5d	.reloc	6,6<6@6H6`6p6t6
0x10484b8f	.reloc	7 7074787<7@7D7L7d7t7x7
0x10484bc1	.reloc	8 8$8(808H8X8\8l8p8t8x8
0x10484bf1	.reloc	9(9,949L9\9`9p9t9
0x10484c1f	.reloc	9$9H9h9p9x9
0x10484c43	.reloc	:4:<:H:p:
0x10484c5b	.reloc	;,;4;<;D;H;L;T;h;p;
0x10484c8d	.reloc	<<<P<X<`<h<l<t<|<
0x10484cc9	.reloc	> >@>L>l>x>
0x10484ce3	.reloc	?,?4?@?d?
0x10484d0f	.reloc	0,040<0@0D0H0P0d0l0
0x10484d3f	.reloc	1,181X1d1
0x10484d5b	.reloc	2 2(2<2D2X2h2x2
0x10484d77	.reloc	3(3L3X3`3
0x10484d93	.reloc	484@4L4l4t4
0x10484db1	.reloc	5<5H5h5t5
0x10484dc9	.reloc	6(60686D6d6p6
0x10484de5	.reloc	7$7,747<7D7L7X7x7
0x10484e09	.reloc	8$8,848@8`8h8p8|8
0x10484e33	.reloc	9(9<9D9\9h9p9
0x10484e57	.reloc	: :(:0:<:\:d:l:t:|:
0x10484e7b	.reloc	; ;(;0;8;@;H;P;X;`;h;p;x;
0x10484ea9	.reloc	<4<X<d<l<
0x10484ecb	.reloc	=,=8=X=`=l=
0x10484eeb	.reloc	> >@>H>`>h>p>x>
0x10484f13	.reloc	?$?,?4?<?D?L?T?\?d?l?t?|?
0x10484f5b	.reloc	0$0,040<0D0L0T0`0
0x10484f7b	.reloc	1 1@1H1P1X1d1
0x10484f99	.reloc	2$2H2h2p2x2
0x10484fc9	.reloc	3 3(30383@3H3P3X3`3h3t3
0x10484ffb	.reloc	4 4(40484@4H4P4X4`4h4p4x4
0x1048502d	.reloc	5 5(50585@5H5P5X5`5h5p5x5
0x10485067	.reloc	6$6,646<6H6h6x6
0x10485087	.reloc	7(7H7T7x7
0x104850a9	.reloc	8 8@8H8P8\8
0x104850cd	.reloc	989@9L9l9x9
0x104850e7	.reloc	:,:8:X:`:l:
0x10485103	.reloc	;<;D;L;X;|;
0x10485121	.reloc	<,<4<<<D<L<X<x<
0x1048514b	.reloc	= =(=0=8=@=H=T=t=x=
0x1048516b	.reloc	>$><>@>H>P>X>\>
0x104851a3	.reloc	=$=,=0=4=8=@=H=L=P=T=\=d=h=l=
